name	source	ensembl_gene	ensembl_source
ENSP00000006015	Ensembl:149301[2];Ensembl:149301[2>0]	ENSG00000005073	CURATED:104[0];HGNC.Current:12148[1];HGNC.Current:12148[1>0];Ensembl.HGNC:149325[3>0]
ENSP00000020945	Ensembl:38680[2];Ensembl:38680[2>0]	ENSG00000019549	CURATED:223[0];HGNC.Current:36262[1];HGNC.Current:36262[1>0];Ensembl.HGNC:38704[3>0]
ENSP00000040584	Ensembl:235067[2];Ensembl:235067[2>0]	ENSG00000037965	CURATED:116[0];HGNC.Current:12173[1];HGNC.Current:12173[1>0];Ensembl.HGNC:235091[3>0]
ENSP00000177694	Ensembl:123874[2];Ensembl:123874[2>0]	ENSG00000073861	CURATED:247[0];HGNC.Current:38465[1];HGNC.Current:38465[1>0];Ensembl.HGNC:123898[3>0]
ENSP00000201031	Ensembl:13931[2];Ensembl:13931[2>0]	ENSG00000087510	CURATED:257[0];HGNC.Current:38710[1];HGNC.Current:38710[1>0];Ensembl.HGNC:13931[3>0]
ENSP00000206513	Ensembl:171101[2];Ensembl:171101[2>0]	ENSG00000092067	CURATED:21[0];HGNC.Current:4284[1];HGNC.Current:4284[1>0];Ensembl.HGNC:171124[3>0]
ENSP00000216037	Ensembl:102301[2];Ensembl:102301[2>0]	ENSG00000100219	CURATED:268[0];HGNC.Current:42573[1];HGNC.Current:42573[1>0];Ensembl.HGNC:102325[3>0]
ENSP00000222305	Ensembl:206856[2];Ensembl:206856[2>0]	ENSG00000105698	CURATED:266[0];HGNC.Current:41753[1];HGNC.Current:41753[1>0];Ensembl.HGNC:206880[3>0]
ENSP00000222584	Ensembl:22698[2];Ensembl:22698[2>0]	ENSG00000105866	CURATED:235[0];HGNC.Current:37163[1];HGNC.Current:37163[1>0];Ensembl.HGNC:22722[3>0]
ENSP00000222726	Ensembl:149202[2];Ensembl:149202[2>0]	ENSG00000106004	CURATED:107[0];HGNC.Current:12142[1];HGNC.Current:12142[1>0];Ensembl.HGNC:149226[3>0]
ENSP00000222761	Ensembl:149466[2];Ensembl:149466[2>0]	ENSG00000106038	CURATED:55[0];HGNC.Current:8385[1];HGNC.Current:8385[1>0];Ensembl.HGNC:149490[3>0]
ENSP00000223791	Ensembl:148730[2];Ensembl:148730[2>0]	ENSG00000106948	CURATED:2[0];HGNC.Current:787[1];HGNC.Current:787[1>0];Ensembl.HGNC:148750[3>0]
ENSP00000225648	Ensembl:245096[2];Ensembl:245096[2>0]	ENSG00000108511	CURATED:113[0];HGNC.Current:12161[1];HGNC.Current:12161[1>0];Ensembl.HGNC:245120[3>0]
ENSP00000226067	Ensembl:252311[2];Ensembl:252311[2>0]	ENSG00000108924	CURATED:97[0];HGNC.Current:11726[1];HGNC.Current:11726[1>0];Ensembl.HGNC:252335[3>0]
ENSP00000226574	Ensembl:162858[2];Ensembl:162858[2>0]	ENSG00000109320	CURATED:184[0];HGNC.Current:22673[1];HGNC.Current:22673[1>0];Ensembl.HGNC:162880[3>0]
ENSP00000227163	Ensembl:255459[2];Ensembl:255459[2>0]	ENSG00000066336	CURATED:239[0];HGNC.Current:37337[1];HGNC.Current:37337[1>0];Ensembl.HGNC:255480[3>0]
ENSP00000228741	Ensembl:56329[2];Ensembl:56329[2>0]	ENSG00000111145	CURATED:44[0];HGNC.Current:7827[1];HGNC.Current:7827[1>0];Ensembl.HGNC:56353[3>0]
ENSP00000229307	Ensembl:35271[2];Ensembl:35271[2>0]	ENSG00000111704	CURATED:178[0];HGNC.Current:22193[1];HGNC.Current:22193[1>0];Ensembl.HGNC:35294[3>0]
ENSP00000229685	Ensembl.Proteins:218968[0];Ensembl.Proteins:218976[0>2];Ensembl:159226[2];Ensembl:159226[2>0]	ENSG00000206289	CURATED:218[0];HGNC.Current:34480[1];HGNC.Current:34480[1>0];Ensembl.HGNC:159249[3>0]
ENSP00000230658	Ensembl:146804[2];Ensembl:146804[2>0]	ENSG00000016082	CURATED:135[0];HGNC.Current:13543[1];HGNC.Current:13543[1>0];Ensembl.HGNC:146828[3>0]
ENSP00000231121	Ensembl:178432[2];Ensembl:178432[2>0]	ENSG00000113196	CURATED:88[0];HGNC.Current:11351[1];HGNC.Current:11351[1>0];Ensembl.HGNC:178456[3>0]
ENSP00000231656	Ensembl:232957[2];Ensembl:232957[2>0]	ENSG00000113722	CURATED:15[0];HGNC.Current:4222[1];HGNC.Current:4222[1>0];Ensembl.HGNC:232981[3>0]
ENSP00000232424	Ensembl:262333[2];Ensembl:262333[2>0]	ENSG00000114315	CURATED:90[0];HGNC.Current:11563[1];HGNC.Current:11563[1>0];Ensembl.HGNC:262356[3>0]
ENSP00000234091	Ensembl:220767[2];Ensembl:220767[2>0]	ENSG00000115738	CURATED:122[0];HGNC.Current:12531[1];HGNC.Current:12531[1>0];Ensembl.HGNC:220791[3>0]
ENSP00000234170	Ensembl:111800[2];Ensembl:111800[2>0]	ENSG00000115816	CURATED:22[0];HGNC.Current:4286[1];HGNC.Current:4286[1>0];Ensembl.HGNC:111824[3>0]
ENSP00000236995	Ensembl:246968[2];Ensembl:246968[2>0]	ENSG00000118260	CURATED:24[0];HGNC.Current:5501[1];HGNC.Current:5501[1>0];Ensembl.HGNC:246988[3>0]
ENSP00000238558	Ensembl:76948[2];Ensembl:76948[2>0]	ENSG00000133937	CURATED:86[0];HGNC.Current:10922[1];HGNC.Current:10922[1>0];Ensembl.HGNC:76972[3>0]
ENSP00000239007	Ensembl:73451[2];Ensembl:73451[2>0]	ENSG00000119950	CURATED:174[0];HGNC.Current:21940[1];HGNC.Current:21940[1>0];Ensembl.HGNC:73472[3>0]
ENSP00000239151	Ensembl:245095[2];Ensembl:245095[2>0]	ENSG00000120075	CURATED:112[0];HGNC.Current:12160[1];HGNC.Current:12160[1>0];Ensembl.HGNC:245119[3>0]
ENSP00000239243	Ensembl:180946[2];Ensembl:180946[2>0]	ENSG00000120149	CURATED:172[0];HGNC.Current:21209[1];HGNC.Current:21209[1>0];Ensembl.HGNC:180970[3>0]
ENSP00000239882	Ensembl:2740[2];Ensembl:2740[2>0]	ENSG00000120690	CURATED:42[0];HGNC.Current:7810[1];HGNC.Current:7810[1>0];Ensembl.HGNC:2739[3>0]
ENSP00000239938	Ensembl:222409[2];Ensembl:222409[2>0]	ENSG00000120738	CURATED:40[0];HGNC.Current:7619[1];HGNC.Current:7619[1>0];Ensembl.HGNC:222433[3>0]
ENSP00000240055	Ensembl:170302[2];Ensembl:170302[2>0]	ENSG00000120837	CURATED:185[0];HGNC.Current:22690[1];HGNC.Current:22690[1>0];Ensembl.HGNC:170326[3>0]
ENSP00000240335	Ensembl:255700[2];Ensembl:255700[2>0]	ENSG00000121075	CURATED:249[0];HGNC.Current:38455[1];HGNC.Current:38455[1>0];Ensembl.HGNC:255722[3>0]
ENSP00000241001	Ensembl:216539[2];Ensembl:216539[2>0]	ENSG00000007372	CURATED:198[0];HGNC.Current:24887[1];HGNC.Current:24887[1>0];Ensembl.HGNC:216546[3>0]
ENSP00000242057	Ensembl:22299[2];Ensembl:22299[2>0]	ENSG00000106546	CURATED:1[0];HGNC.Current:702[1];HGNC.Current:702[1>0];Ensembl.HGNC:22321[3>0]
ENSP00000242159	Ensembl:149239[2];Ensembl:149239[2>0]	ENSG00000122592	CURATED:108[0];HGNC.Current:12144[1];HGNC.Current:12144[1>0];Ensembl.HGNC:149263[3>0]
ENSP00000242261	Ensembl:22370[2];Ensembl:22370[2>0]	ENSG00000122691	CURATED:264[0];HGNC.Current:41286[1];HGNC.Current:41286[1>0];Ensembl.HGNC:22392[3>0]
ENSP00000242480	Ensembl:114563[2];Ensembl:114563[2>0]	ENSG00000122877	CURATED:41[0];HGNC.Current:7620[1];HGNC.Current:7620[1>0];Ensembl.HGNC:114586[3>0]
ENSP00000244050	Ensembl:145693[2];Ensembl:145693[2>0]	ENSG00000124216	CURATED:222[0];HGNC.Current:36260[1];HGNC.Current:36260[1>0];Ensembl.HGNC:145717[3>0]
ENSP00000244745	Ensembl:20660[2];Ensembl:20660[2>0]	ENSG00000124766	CURATED:230[0];HGNC.Current:37136[1];HGNC.Current:37136[1>0];Ensembl.HGNC:20684[3>0]
ENSP00000245414	Ensembl:223186[2];Ensembl:223186[2>0]	ENSG00000125347	CURATED:128[0];HGNC.Current:13494[1];HGNC.Current:13494[1>0];Ensembl.HGNC:223200[3>0]
ENSP00000245479	Ensembl:72389[2];Ensembl:72389[2>0]	ENSG00000125398	CURATED:233[0];HGNC.Current:37143[1];HGNC.Current:37143[1>0];Ensembl.HGNC:72413[3>0]
ENSP00000245919	Ensembl:236697[2];Ensembl:236697[2>0]	ENSG00000125740	CURATED:58[0];HGNC.Current:9415[1];HGNC.Current:9415[1>0];Ensembl.HGNC:236716[3>0]
ENSP00000246080	Ensembl:63643[2];Ensembl:63643[2>0]	ENSG00000125878	CURATED:252[0];HGNC.Current:38519[1];HGNC.Current:38519[1>0];Ensembl.HGNC:63667[3>0]
ENSP00000248071	Ensembl:243617[2];Ensembl:243617[2>0]	ENSG00000127528	CURATED:142[0];HGNC.Current:14121[1];HGNC.Current:14121[1>0];Ensembl.HGNC:243641[3>0]
ENSP00000249440	Ensembl:211180[2];Ensembl:211180[2>0]	ENSG00000128652	CURATED:118[0];HGNC.Current:12183[1];HGNC.Current:12183[1>0];Ensembl.HGNC:211200[3>0]
ENSP00000249499	Ensembl:211039[2];Ensembl:211039[2>0]	ENSG00000128709	CURATED:120[0];HGNC.Current:12186[1];HGNC.Current:12186[1>0];Ensembl.HGNC:211063[3>0]
ENSP00000250448	Ensembl:169852[2];Ensembl:169852[2>0]	ENSG00000129514	CURATED:60[0];HGNC.Current:9420[1];HGNC.Current:9420[1>0];Ensembl.HGNC:169876[3>0]
ENSP00000252445	Ensembl:208700[2];Ensembl:208700[2>0]	ENSG00000130165	CURATED:42[0];HGNC.Current:7810[1];HGNC.Current:7894[8>1];HGNC.Current:7894[1];HGNC.Current:7894[1>0];Ensembl.HGNC:208723[3>0]
ENSP00000252818	Ensembl:92014[2];Ensembl:92014[2>0]	ENSG00000130522	CURATED:138[0];HGNC.Current:13717[1];HGNC.Current:13717[1>0];Ensembl.HGNC:92038[3>0]
ENSP00000252997	Ensembl:16452[2];Ensembl:16452[2>0]	ENSG00000130700	CURATED:80[0];HGNC.Current:10073[1];HGNC.Current:10073[1>0];Ensembl.HGNC:16452[3>0]
ENSP00000254066	Ensembl:42582[2];Ensembl:42582[2>0]	ENSG00000131759	CURATED:206[0];HGNC.Current:27801[1];HGNC.Current:27801[1>0];Ensembl.HGNC:42605[3>0]
ENSP00000257566	Ensembl:101394[2];Ensembl:101394[2>0]	ENSG00000135111	CURATED:248[0];HGNC.Current:38453[1];HGNC.Current:38453[1>0];Ensembl.HGNC:101417[3>0]
ENSP00000257567	Ensembl:101393[2];Ensembl:101393[2>0]	ENSG00000135111	CURATED:248[0];HGNC.Current:38453[1];HGNC.Current:38453[1>0];Ensembl.HGNC:101417[3>0]
ENSP00000257818	Ensembl:238363[2];Ensembl:238363[2>0]	ENSG00000135363	CURATED:153[0];HGNC.Current:17420[1];HGNC.Current:17420[1>0];Ensembl.HGNC:238384[3>0]
ENSP00000258387	Ensembl:125882[2];Ensembl:125882[2>0]	ENSG00000135903	CURATED:196[0];HGNC.Current:24884[1];HGNC.Current:24884[1>0];Ensembl.HGNC:125892[3>0]
ENSP00000259008	Ensembl:174515[2];Ensembl:174515[2>0]	ENSG00000136492	CURATED:10[0];HGNC.Current:2206[1];HGNC.Current:2696[8>1];HGNC.Current:2696[1];HGNC.Current:2696[1>0];Ensembl.HGNC:174538[3>0]
ENSP00000259523	Ensembl:181798[2];Ensembl:181798[2>0]	ENSG00000136997	CURATED:177[0];HGNC.Current:21961[1];HGNC.Current:21961[1>0];Ensembl.HGNC:181822[3>0]
ENSP00000259945	Ensembl.Proteins:240496[0];Ensembl.Proteins:240505[0>2];Ensembl:159225[2];Ensembl:159225[2>0]	ENSG00000206289	CURATED:218[0];HGNC.Current:34480[1];HGNC.Current:34480[1>0];Ensembl.HGNC:159249[3>0]
ENSP00000260653	Ensembl:269974[2];Ensembl:269974[2>0]	ENSG00000138083	CURATED:221[0];HGNC.Current:35457[1];HGNC.Current:35457[1>0];Ensembl.HGNC:270022[3>0]
ENSP00000261438	Ensembl:22211[2];Ensembl:22211[2>0]	ENSG00000109787	CURATED:143[0];HGNC.Current:14127[1];HGNC.Current:14127[1>0];Ensembl.HGNC:22235[3>0]
ENSP00000261523	Ensembl:40516[2];Ensembl:40516[2>0]	ENSG00000069667	CURATED:211[0];HGNC.Current:32134[1];HGNC.Current:32134[1>0];Ensembl.HGNC:40538[3>0]
ENSP00000262041	Ensembl:13963[2];Ensembl:13963[2>0]	ENSG00000106511	CURATED:167[0];HGNC.Current:18418[1];HGNC.Current:18418[1>0];Ensembl.HGNC:13963[3>0]
ENSP00000262426	Ensembl:44332[2];Ensembl:44332[2>0]	ENSG00000103241	CURATED:66[0];HGNC.Current:9443[1];HGNC.Current:9443[1>0];Ensembl.HGNC:44356[3>0]
ENSP00000262904	Ensembl:153762[2];Ensembl:153762[2>0]	ENSG00000112242	CURATED:34[0];HGNC.Current:7366[1];HGNC.Current:7366[1>0];Ensembl.HGNC:153786[3>0]
ENSP00000262965	Ensembl:224234[2];Ensembl:224234[2>0]	ENSG00000071564	CURATED:253[0];HGNC.Current:38508[1];HGNC.Current:38508[1>0];Ensembl.HGNC:224257[3>0]
ENSP00000263620	Ensembl:19528[2];Ensembl:19528[2>0]	ENSG00000116017	CURATED:6[0];HGNC.Current:1542[1];HGNC.Current:1542[1>0];Ensembl.HGNC:19551[3>0]
ENSP00000263734	Ensembl:52388[2];Ensembl:52388[2>0]	ENSG00000116016	CURATED:48[0];HGNC.Current:8043[1];HGNC.Current:8043[1>0];Ensembl.HGNC:52410[3>0]
ENSP00000264001	Ensembl:121253[2];Ensembl:121253[2>0]	ENSG00000217555	CURATED:23[0];HGNC.Current:4824[1];HGNC.Current:4824[1>0];Ensembl.HGNC:121272[3>0]
ENSP00000264003	Ensembl:121250[2];Ensembl:121250[2>0]	ENSG00000217555	CURATED:23[0];HGNC.Current:4824[1];HGNC.Current:4824[1>0];Ensembl.HGNC:121272[3>0]
ENSP00000264008	Ensembl:77890[2];Ensembl:77890[2>0]	ENSG00000072736	CURATED:180[0];HGNC.Current:22654[1];HGNC.Current:22654[1>0];Ensembl.HGNC:77902[3>0]
ENSP00000264444	Ensembl:208711[2];Ensembl:208711[2>0]	ENSG00000059728	CURATED:173[0];HGNC.Current:21937[1];HGNC.Current:21937[1>0];Ensembl.HGNC:208732[3>0]
ENSP00000264657	Ensembl:265663[2];Ensembl:265663[2>0]	ENSG00000168610	CURATED:242[0];HGNC.Current:37779[1];HGNC.Current:37779[1>0];Ensembl.HGNC:265687[3>0]
ENSP00000264716	Ensembl:254852[2];Ensembl:254852[2>0]	ENSG00000075426	CURATED:59[0];HGNC.Current:9418[1];HGNC.Current:9418[1>0];Ensembl.HGNC:254874[3>0]
ENSP00000264824	Ensembl:98471[2];Ensembl:98471[2>0]	ENSG00000104903	CURATED:157[0];HGNC.Current:17792[1];HGNC.Current:17792[1>0];Ensembl.HGNC:98495[3>0]
ENSP00000264834	Ensembl:176452[2];Ensembl:176452[2>0]	ENSG00000105610	CURATED:139[0];HGNC.Current:14120[1];HGNC.Current:14120[1>0];Ensembl.HGNC:176476[3>0]
ENSP00000265165	Ensembl:114284[2];Ensembl:114284[2>0]	ENSG00000138795	CURATED:150[0];HGNC.Current:14850[1];HGNC.Current:14850[1>0];Ensembl.HGNC:114307[3>0]
ENSP00000265340	Ensembl:248347[2];Ensembl:248347[2>0]	ENSG00000069011	CURATED:200[0];HGNC.Current:25825[1];HGNC.Current:25825[1>0];Ensembl.HGNC:248371[3>0]
ENSP00000265372	Ensembl:166920[2];Ensembl:166920[2>0]	ENSG00000095794	CURATED:25[0];HGNC.Current:5517[1];HGNC.Current:5517[1>0];Ensembl.HGNC:166924[3>0]
ENSP00000265440	Ensembl:64083[2];Ensembl:64083[2>0]	ENSG00000105967	CURATED:260[0];HGNC.Current:38728[1];HGNC.Current:38728[1>0];Ensembl.HGNC:64107[3>0]
ENSP00000266427	Ensembl:20773[2];Ensembl:20773[2>0]	ENSG00000139083	CURATED:54[0];HGNC.Current:8363[1];HGNC.Current:8363[1>0];Ensembl.HGNC:20793[3>0]
ENSP00000268489	Ensembl:42896[2];Ensembl:42896[2>0]	ENSG00000140836	CURATED:273[0];HGNC.Current:42949[1];HGNC.Current:42949[1>0];Ensembl.HGNC:42920[3>0]
ENSP00000268638	Ensembl:190636[2];Ensembl:190636[2>0]	ENSG00000140968	CURATED:131[0];HGNC.Current:13506[1];HGNC.Current:13506[1>0];Ensembl.HGNC:190659[3>0]
ENSP00000269216	Ensembl:21635[2];Ensembl:21635[2>0]	ENSG00000141448	CURATED:81[0];HGNC.Current:10074[1];HGNC.Current:10074[1>0];Ensembl.HGNC:21659[3>0]
ENSP00000270632	Ensembl:169871[2];Ensembl:169871[2>0]	ENSG00000269404	CURATED:240[0];HGNC.Current:37338[1];HGNC.Current:37338[1>0];Ensembl.HGNC:169888[3>0]
ENSP00000270812	Ensembl:276692[2];Ensembl:276692[2>0]	ENSG00000142684	CURATED:276[0];HGNC.Current:43496[1];HGNC.Current:43496[1>0];Ensembl.HGNC:276739[3>0]
ENSP00000271064	Ensembl:175565[2];Ensembl:175565[2>0]	ENSG00000142910	CURATED:5[0];HGNC.Current:1429[1];HGNC.Current:38928[8>1];HGNC.Current:38928[1];HGNC.Current:38928[1>0];Ensembl.HGNC:175588[3>0]
ENSP00000271411	Ensembl:87837[2];Ensembl:87837[2>0]	ENSG00000143190	CURATED:201[0];HGNC.Current:26330[1];HGNC.Current:26330[1>0];Ensembl.HGNC:87858[3>0]
ENSP00000271555	Ensembl:243335[2];Ensembl:243335[2>0]	ENSG00000116604	CURATED:163[0];HGNC.Current:18382[1];HGNC.Current:18382[1>0];Ensembl.HGNC:243358[3>0]
ENSP00000272369	Ensembl:274436[2];Ensembl:274436[2>0]	ENSG00000143995	CURATED:164[0];HGNC.Current:18399[1];HGNC.Current:18399[1>0];Ensembl.HGNC:274483[3>0]
ENSP00000272937	Ensembl:120568[2];Ensembl:120568[2>0]	ENSG00000144485	CURATED:93[0];HGNC.Current:11568[1];HGNC.Current:11568[1>0];Ensembl.HGNC:120592[3>0]
ENSP00000277945	Ensembl:152754[2];Ensembl:152754[2>0]	ENSG00000148737	CURATED:254[0];HGNC.Current:38510[1];HGNC.Current:38516[10>1];HGNC.Current:38516[1];HGNC.Current:38516[1>0];Ensembl.HGNC:152776[3>0]
ENSP00000279386	Ensembl:168333[2];Ensembl:168333[2>0]	ENSG00000149922	CURATED:251[0];HGNC.Current:38458[1];HGNC.Current:38458[1>0];Ensembl.HGNC:168356[3>0]
ENSP00000279873	Ensembl:81862[2];Ensembl:81862[2>0]	ENSG00000150347	CURATED:8[0];HGNC.Current:1549[1];HGNC.Current:1549[1>0];Ensembl.HGNC:81884[3>0]
ENSP00000280435	Ensembl:178584[2];Ensembl:178584[2>0]	ENSG00000127152	CURATED:13[0];HGNC.Current:2343[1];HGNC.Current:2343[1>0];Ensembl.HGNC:178608[3>0]
ENSP00000281428	Ensembl:228539[2];Ensembl:228539[2>0]	ENSG00000151702	CURATED:56[0];HGNC.Current:9325[1];HGNC.Current:9325[1>0];Ensembl.HGNC:228559[3>0]
ENSP00000282111	Ensembl:54885[2];Ensembl:54885[2>0]	ENSG00000152284	CURATED:253[0];HGNC.Current:38508[1];HGNC.Current:38514[10>1];HGNC.Current:38514[1];HGNC.Current:38514[1>0];Ensembl.HGNC:54909[3>0]
ENSP00000282388	Ensembl:267244[2];Ensembl:267244[2>0]	ENSG00000152518	CURATED:274[0];HGNC.Current:42963[1];HGNC.Current:42963[1>0];Ensembl.HGNC:267292[3>0]
ENSP00000282549	Ensembl:59106[2];Ensembl:59106[2>0]	ENSG00000115507	CURATED:193[0];HGNC.Current:24602[1];HGNC.Current:24602[1>0];Ensembl.HGNC:59128[3>0]
ENSP00000282728	Ensembl:22336[2];Ensembl:22336[2>0]	ENSG00000152804	CURATED:96[0];HGNC.Current:11595[1];HGNC.Current:11595[1>0];Ensembl.HGNC:22360[3>0]
ENSP00000283921	Ensembl:169654[2];Ensembl:169654[2>0]	ENSG00000253293	CURATED:103[0];HGNC.Current:12146[1];HGNC.Current:12146[1>0];Ensembl.HGNC:169678[3>0]
ENSP00000285407	Ensembl:107926[2];Ensembl:107926[2>0]	ENSG00000155090	CURATED:140[0];HGNC.Current:14142[1];HGNC.Current:14142[1>0];Ensembl.HGNC:107950[3>0]
ENSP00000286639	Ensembl:78219[2];Ensembl:78219[2>0]	ENSG00000156127	CURATED:11[0];HGNC.Current:2257[1];HGNC.Current:2257[1>0];Ensembl.HGNC:78242[3>0]
ENSP00000286800	Ensembl:2715[2];Ensembl:2715[2>0]	ENSG00000156273	CURATED:10[0];HGNC.Current:2206[1];HGNC.Current:2206[1>0];Ensembl.HGNC:2711[3>0]
ENSP00000288245	Ensembl:193452[2];Ensembl:193452[2>0]	ENSG00000137309	CURATED:99[0];HGNC.Current:11744[1];HGNC.Current:11744[1>0];Ensembl.HGNC:193473[3>0]
ENSP00000288319	Ensembl:15740[2];Ensembl:15740[2>0]	ENSG00000157554	CURATED:49[0];HGNC.Current:8145[1];HGNC.Current:8145[1>0];Ensembl.HGNC:15734[3>0]
ENSP00000289703	Ensembl:277726[2];Ensembl:277726[2>0]	ENSG00000158711	CURATED:45[0];HGNC.Current:7828[1];HGNC.Current:7828[1>0];Ensembl.HGNC:277771[3>0]
ENSP00000290771	Ensembl:121249[2];Ensembl:121249[2>0]	ENSG00000217555	CURATED:23[0];HGNC.Current:4824[1];HGNC.Current:4824[1>0];Ensembl.HGNC:121272[3>0]
ENSP00000291577	Ensembl:25015[2];Ensembl:25015[2>0]	ENSG00000160221	CURATED:90[0];HGNC.Current:11563[1];HGNC.Current:10083[8>1];HGNC.Current:10083[1];HGNC.Current:10083[1>0];Ensembl.HGNC:25032[3>0]
ENSP00000294339	Ensembl:255229[2];Ensembl:255229[2>0]	ENSG00000162367	CURATED:246[0];HGNC.Current:38264[1];HGNC.Current:38264[1>0];Ensembl.HGNC:255251[3>0]
ENSP00000294702	Ensembl:265068[2];Ensembl:265068[2>0]	ENSG00000162676	CURATED:83[0];HGNC.Current:10204[1];HGNC.Current:10204[1>0];Ensembl.HGNC:265092[3>0]
ENSP00000294816	Ensembl:95854[2];Ensembl:95854[2>0]	ENSG00000162761	CURATED:155[0];HGNC.Current:17432[1];HGNC.Current:17432[1>0];Ensembl.HGNC:95877[3>0]
ENSP00000294904	Ensembl:228355[2];Ensembl:228355[2>0]	ENSG00000153250	CURATED:209[0];HGNC.Current:27978[1];HGNC.Current:27978[1>0];Ensembl.HGNC:228378[3>0]
ENSP00000295206	Ensembl:64296[2];Ensembl:64296[2>0]	ENSG00000163064	CURATED:46[0];HGNC.Current:7952[1];HGNC.Current:7952[1>0];Ensembl.HGNC:64320[3>0]
ENSP00000295600	Ensembl:257993[2];Ensembl:257993[2>0]	ENSG00000187098	CURATED:169[0];HGNC.Current:20644[1];HGNC.Current:20644[1>0];Ensembl.HGNC:258015[3>0]
ENSP00000295743	Ensembl:242242[2];Ensembl:242242[2>0]	ENSG00000163508	CURATED:47[0];HGNC.Current:8038[1];HGNC.Current:8038[1>0];Ensembl.HGNC:242266[3>0]
ENSP00000295809	Ensembl:260290[2];Ensembl:260290[2>0]	ENSG00000163565	CURATED:124[0];HGNC.Current:12568[1];HGNC.Current:12568[1>0];Ensembl.HGNC:260310[3>0]
ENSP00000295934	Ensembl:46714[2];Ensembl:46714[2>0]	ENSG00000163666	CURATED:95[0];HGNC.Current:11570[1];HGNC.Current:11570[1>0];Ensembl.HGNC:46737[3>0]
ENSP00000296839	Ensembl:18311[2];Ensembl:18311[2>0]	ENSG00000164379	CURATED:75[0];HGNC.Current:9486[1];HGNC.Current:9486[1>0];Ensembl.HGNC:18335[3>0]
ENSP00000296946	Ensembl:79814[2];Ensembl:79814[2>0]	ENSG00000164458	CURATED:245[0];HGNC.Current:38471[10];HGNC.Current:38471[10>1];HGNC.Current:38471[1];HGNC.Current:38471[1>0];Ensembl.HGNC:79837[3>0]
ENSP00000297316	Ensembl:181937[2];Ensembl:181937[2>0]	ENSG00000164736	CURATED:226[0];HGNC.Current:37151[1];HGNC.Current:37151[1>0];Ensembl.HGNC:181961[3>0]
ENSP00000298692	Ensembl:152765[2];Ensembl:152765[2>0]	ENSG00000148737	CURATED:254[0];HGNC.Current:38510[1];HGNC.Current:38516[10>1];HGNC.Current:38516[1];HGNC.Current:38516[1>0];Ensembl.HGNC:152776[3>0]
ENSP00000300057	Ensembl:145211[2];Ensembl:145211[2>0]	ENSG00000166823	CURATED:168[0];HGNC.Current:18430[1];HGNC.Current:18430[1>0];Ensembl.HGNC:145235[3>0]
ENSP00000300305	Ensembl:38953[2];Ensembl:38953[2>0]	ENSG00000159216	CURATED:214[0];HGNC.Current:34448[1];HGNC.Current:34448[1>0];Ensembl.HGNC:38975[3>0]
ENSP00000300659	Ensembl:77886[2];Ensembl:77886[2>0]	ENSG00000072736	CURATED:180[0];HGNC.Current:22654[1];HGNC.Current:22654[1>0];Ensembl.HGNC:77902[3>0]
ENSP00000301921	Ensembl:195476[2];Ensembl:195476[2>0]	ENSG00000171056	CURATED:232[0];HGNC.Current:37141[1];HGNC.Current:37141[1>0];Ensembl.HGNC:195500[3>0]
ENSP00000302251	Ensembl:260333[2];Ensembl:260333[2>0]	ENSG00000168505	CURATED:82[0];HGNC.Current:10102[1];HGNC.Current:10102[1>0];Ensembl.HGNC:260357[3>0]
ENSP00000302456	Ensembl:98826[2];Ensembl:98826[2>0]	ENSG00000169926	CURATED:141[0];HGNC.Current:14146[1];HGNC.Current:14146[1>0];Ensembl.HGNC:98850[3>0]
ENSP00000302501	Ensembl:236780[2];Ensembl:236780[2>0]	ENSG00000169554	CURATED:272[0];HGNC.Current:42926[1];HGNC.Current:42926[1>0];Ensembl.HGNC:236783[3>0]
ENSP00000302548	Ensembl:211052[2];Ensembl:211052[2>0]	ENSG00000170166	CURATED:119[0];HGNC.Current:12184[1];HGNC.Current:12184[1>0];Ensembl.HGNC:211076[3>0]
ENSP00000302836	Ensembl:235063[2];Ensembl:235063[2>0]	ENSG00000180806	CURATED:117[0];HGNC.Current:12174[1];HGNC.Current:12174[1>0];Ensembl.HGNC:235085[3>0]
ENSP00000303315	Ensembl:120369[2];Ensembl:120369[2>0]	ENSG00000171223	CURATED:137[0];HGNC.Current:13716[1];HGNC.Current:13716[1>0];Ensembl.HGNC:120393[3>0]
ENSP00000303769	Ensembl:148727[2];Ensembl:148727[2>0]	ENSG00000106948	CURATED:2[0];HGNC.Current:787[1];HGNC.Current:787[1>0];Ensembl.HGNC:148750[3>0]
ENSP00000303875	Ensembl.Proteins:24894[2];Ensembl.Proteins:439195[0>2];Ensembl:126999[2];Ensembl:126999[2>0]	ENSG00000227322	CURATED:218[0];HGNC.Current:34480[1];HGNC.Current:34480[1>0];Ensembl.HGNC:127023[3>0]
ENSP00000303875	Ensembl.Proteins:24894[2];Ensembl.Proteins:439193[0>2];Ensembl:141854[2];Ensembl:141854[2>0]	ENSG00000228333	CURATED:218[0];HGNC.Current:34480[1];HGNC.Current:34480[1>0];Ensembl.HGNC:141878[3>0]
ENSP00000303875	Ensembl.Proteins:24894[2];Ensembl.Proteins:439191[0>2];Ensembl:111111[2];Ensembl:111111[2>0]	ENSG00000231321	CURATED:218[0];HGNC.Current:34480[1];HGNC.Current:34480[1>0];Ensembl.HGNC:111135[3>0]
ENSP00000303875	Ensembl.Proteins:24894[2];Ensembl.Proteins:439190[0>2];Ensembl:154370[2];Ensembl:154370[2>0]	ENSG00000235712	CURATED:218[0];HGNC.Current:34480[1];HGNC.Current:34480[1>0];Ensembl.HGNC:154394[3>0]
ENSP00000305422	Ensembl:67096[2];Ensembl:67096[2>0]	ENSG00000172216	CURATED:19[0];HGNC.Current:4281[1];HGNC.Current:4281[1>0];Ensembl.HGNC:67120[3>0]
ENSP00000305906	Ensembl:84447[2];Ensembl:84447[2>0]	ENSG00000171794	CURATED:267[0];HGNC.Current:41914[1];HGNC.Current:41914[1>0];Ensembl.HGNC:84471[3>0]
ENSP00000306245	Ensembl:13428[2];Ensembl:13428[2>0]	ENSG00000170345	CURATED:57[0];HGNC.Current:9414[1];HGNC.Current:9414[1>0];Ensembl.HGNC:13428[3>0]
ENSP00000306522	Ensembl:275214[2];Ensembl:275214[2>0]	ENSG00000171735	CURATED:14[0];HGNC.Current:3339[1];HGNC.Current:3339[1>0];Ensembl.HGNC:275261[3>0]
ENSP00000306894	Ensembl:86191[2];Ensembl:86191[2>0]	ENSG00000244405	CURATED:53[0];HGNC.Current:8361[1];HGNC.Current:8361[1>0];Ensembl.HGNC:86215[3>0]
ENSP00000307006	Ensembl:215157[2];Ensembl:215157[2>0]	ENSG00000170561	CURATED:132[0];HGNC.Current:13518[1];HGNC.Current:13518[1>0];Ensembl.HGNC:215180[3>0]
ENSP00000308051	Ensembl:273459[2];Ensembl:273459[2>0]	ENSG00000020633	CURATED:216[0];HGNC.Current:34454[1];HGNC.Current:34454[1>0];Ensembl.HGNC:273507[3>0]
ENSP00000308227	Ensembl:193451[2];Ensembl:193451[2>0]	ENSG00000137309	CURATED:99[0];HGNC.Current:11744[1];HGNC.Current:11744[1>0];Ensembl.HGNC:193473[3>0]
ENSP00000308862	Ensembl:81864[2];Ensembl:81864[2>0]	ENSG00000150347	CURATED:8[0];HGNC.Current:1549[1];HGNC.Current:1549[1>0];Ensembl.HGNC:81884[3>0]
ENSP00000309222	Ensembl:148734[2];Ensembl:148734[2>0]	ENSG00000106948	CURATED:2[0];HGNC.Current:787[1];HGNC.Current:787[1>0];Ensembl.HGNC:148750[3>0]
ENSP00000309336	Ensembl:241418[2];Ensembl:241418[2>0]	ENSG00000172789	CURATED:115[0];HGNC.Current:12171[1];HGNC.Current:12171[1>0];Ensembl.HGNC:241442[3>0]
ENSP00000309439	Ensembl:245115[2];Ensembl:245115[2>0]	ENSG00000170689	CURATED:114[0];HGNC.Current:12164[1];HGNC.Current:12164[1>0];Ensembl.HGNC:245139[3>0]
ENSP00000309570	Ensembl:265084[2];Ensembl:265084[2>0]	ENSG00000118263	CURATED:147[0];HGNC.Current:14135[1];HGNC.Current:14135[1>0];Ensembl.HGNC:265108[3>0]
ENSP00000309653	Ensembl:238090[2];Ensembl:238090[2>0]	ENSG00000174332	CURATED:85[0];HGNC.Current:10350[1];HGNC.Current:10350[1>0];Ensembl.HGNC:238114[3>0]
ENSP00000309753	Ensembl:40515[2];Ensembl:40515[2>0]	ENSG00000069667	CURATED:211[0];HGNC.Current:32134[1];HGNC.Current:32134[1>0];Ensembl.HGNC:40538[3>0]
ENSP00000309913	Ensembl:105671[2];Ensembl:105671[2>0]	ENSG00000089225	CURATED:250[0];HGNC.Current:38456[1];HGNC.Current:38456[1>0];Ensembl.HGNC:105693[3>0]
ENSP00000310301	Ensembl:217087[2];Ensembl:217087[2>0]	ENSG00000172845	CURATED:234[0];HGNC.Current:37161[1];HGNC.Current:37161[1>0];Ensembl.HGNC:217108[3>0]
ENSP00000311768	Ensembl:26747[2];Ensembl:26747[2>0]	ENSG00000120963	CURATED:277[0];HGNC.Current:43605[1];HGNC.Current:43605[1>0];Ensembl.HGNC:26769[3>0]
ENSP00000311816	Ensembl:75615[2];Ensembl:75615[2>0]	ENSG00000084093	CURATED:210[0];HGNC.Current:28171[1];HGNC.Current:28171[1>0];Ensembl.HGNC:75638[3>0]
ENSP00000312436	Ensembl:162822[2];Ensembl:162822[2>0]	ENSG00000123405	CURATED:181[0];HGNC.Current:22656[1];HGNC.Current:22656[1>0];Ensembl.HGNC:162846[3>0]
ENSP00000312987	Ensembl:124302[2];Ensembl:124302[2>0]	ENSG00000101076	CURATED:100[0];HGNC.Current:11954[1];HGNC.Current:11954[1>0];Ensembl.HGNC:124322[3>0]
ENSP00000314774	Ensembl:83405[2];Ensembl:83405[2>0]	ENSG00000179111	CURATED:94[0];HGNC.Current:11569[1];HGNC.Current:11569[1>0];Ensembl.HGNC:83428[3>0]
ENSP00000315180	Ensembl:124298[2];Ensembl:124298[2>0]	ENSG00000101076	CURATED:100[0];HGNC.Current:11954[1];HGNC.Current:11954[1>0];Ensembl.HGNC:124322[3>0]
ENSP00000315198	Ensembl:214486[2];Ensembl:214486[2>0]	ENSG00000171476	CURATED:101[0];HGNC.Current:12128[1];HGNC.Current:12128[1>0];Ensembl.HGNC:214506[3>0]
ENSP00000315417	Ensembl:51204[2];Ensembl:51204[2>0]	ENSG00000180318	CURATED:3[0];HGNC.Current:936[1];HGNC.Current:936[1>0];Ensembl.HGNC:51228[3>0]
ENSP00000315559	Ensembl:129388[2];Ensembl:129388[2>0]	ENSG00000176046	CURATED:191[0];HGNC.Current:23426[1];HGNC.Current:23426[1>0];Ensembl.HGNC:129412[3>0]
ENSP00000316250	Ensembl:167858[2];Ensembl:167858[2>0]	ENSG00000176842	CURATED:134[0];HGNC.Current:13524[1];HGNC.Current:13524[1>0];Ensembl.HGNC:167880[3>0]
ENSP00000316516	Ensembl:103490[2];Ensembl:103490[2>0]	ENSG00000137203	CURATED:256[0];HGNC.Current:38706[1];HGNC.Current:38706[1>0];Ensembl.HGNC:103510[3>0]
ENSP00000318676	Ensembl:64084[2];Ensembl:64084[2>0]	ENSG00000105967	CURATED:260[0];HGNC.Current:38728[1];HGNC.Current:38728[1>0];Ensembl.HGNC:64107[3>0]
ENSP00000318721	Ensembl:201836[2];Ensembl:201836[2>0]	ENSG00000114861	CURATED:73[0];HGNC.Current:9478[1];HGNC.Current:9478[1>0];Ensembl.HGNC:201807[3>0]
ENSP00000318902	Ensembl:201783[2];Ensembl:201783[2>0]	ENSG00000114861	CURATED:73[0];HGNC.Current:9478[1];HGNC.Current:9478[1>0];Ensembl.HGNC:201807[3>0]
ENSP00000319233	Ensembl:135837[2];Ensembl:135837[2>0]	ENSG00000140332	CURATED:261[0];HGNC.Current:38963[1];HGNC.Current:38963[1>0];Ensembl.HGNC:135860[3>0]
ENSP00000319248	Ensembl:92720[2];Ensembl:92720[2>0]	ENSG00000148516	CURATED:271[0];HGNC.Current:42924[1];HGNC.Current:42924[1>0];Ensembl.HGNC:92740[3>0]
ENSP00000321684	Ensembl:249622[2];Ensembl:249622[2>0]	ENSG00000005102	CURATED:166[0];HGNC.Current:18417[1];HGNC.Current:18417[1>0];Ensembl.HGNC:249646[3>0]
ENSP00000322898	Ensembl:261446[2];Ensembl:261446[2>0]	ENSG00000164330	CURATED:36[0];HGNC.Current:7389[1];HGNC.Current:7389[1>0];Ensembl.HGNC:261467[3>0]
ENSP00000323588	Ensembl:69945[2];Ensembl:69945[2>0]	ENSG00000181449	CURATED:228[0];HGNC.Current:37133[1];HGNC.Current:37133[1>0];Ensembl.HGNC:69969[3>0]
ENSP00000323880	Ensembl:119749[2];Ensembl:119749[2>0]	ENSG00000129654	CURATED:68[0];HGNC.Current:9452[1];HGNC.Current:9452[1>0];Ensembl.HGNC:119773[3>0]
ENSP00000324246	Ensembl:258005[2];Ensembl:258005[2>0]	ENSG00000187098	CURATED:169[0];HGNC.Current:20644[1];HGNC.Current:20644[1>0];Ensembl.HGNC:258015[3>0]
ENSP00000324443	Ensembl:258002[2];Ensembl:258002[2>0]	ENSG00000187098	CURATED:169[0];HGNC.Current:20644[1];HGNC.Current:20644[1>0];Ensembl.HGNC:258015[3>0]
ENSP00000324578	Ensembl:241991[2];Ensembl:241991[2>0]	ENSG00000134954	CURATED:50[0];HGNC.Current:8351[1];HGNC.Current:8351[1>0];Ensembl.HGNC:242014[3>0]
ENSP00000324884	Ensembl:153271[2];Ensembl:153271[2>0]	ENSG00000105997	CURATED:105[0];HGNC.Current:12140[1];HGNC.Current:12140[1>0];Ensembl.HGNC:153294[3>0]
ENSP00000324948	Ensembl:188541[2];Ensembl:188541[2>0]	ENSG00000110693	CURATED:231[0];HGNC.Current:37140[1];HGNC.Current:37140[1>0];Ensembl.HGNC:188565[3>0]
ENSP00000325819	Ensembl:251560[2];Ensembl:251560[2>0]	ENSG00000175745	CURATED:189[0];HGNC.Current:23166[1];HGNC.Current:23166[1>0];Ensembl.HGNC:251584[3>0]
ENSP00000326296	Ensembl:176601[2];Ensembl:176601[2>0]	ENSG00000134138	CURATED:165[0];HGNC.Current:18402[1];HGNC.Current:18402[1>0];Ensembl.HGNC:176618[3>0]
ENSP00000326630	Ensembl:185195[2];Ensembl:185195[2>0]	ENSG00000179588	CURATED:275[0];HGNC.Current:42980[1];HGNC.Current:42980[1>0];Ensembl.HGNC:185219[3>0]
ENSP00000327025	Ensembl:267662[2];Ensembl:267662[2>0]	ENSG00000143365	CURATED:213[0];HGNC.Current:32139[1];HGNC.Current:32139[1>0];Ensembl.HGNC:267709[3>0]
ENSP00000327048	Ensembl:34641[2];Ensembl:34641[2>0]	ENSG00000178573	CURATED:158[0];HGNC.Current:17873[1];HGNC.Current:17873[1>0];Ensembl.HGNC:34664[3>0]
ENSP00000327758	Ensembl:186008[2];Ensembl:186008[2>0]	ENSG00000183072	CURATED:187[0];HGNC.Current:22811[1];HGNC.Current:22811[1>0];Ensembl.HGNC:186032[3>0]
ENSP00000328928	Ensembl:245083[2];Ensembl:245083[2>0]	ENSG00000182742	CURATED:111[0];HGNC.Current:12159[1];HGNC.Current:12159[1>0];Ensembl.HGNC:245107[3>0]
ENSP00000329411	Ensembl:231981[2];Ensembl:231981[2>0]	ENSG00000185507	CURATED:130[0];HGNC.Current:13505[1];HGNC.Current:13505[1>0];Ensembl.HGNC:231997[3>0]
ENSP00000330218	Ensembl:4791[2];Ensembl:4791[2>0]	ENSG00000182968	CURATED:225[0];HGNC.Current:37131[1];HGNC.Current:37131[1>0];Ensembl.HGNC:4791[3>0]
ENSP00000330341	Ensembl:214837[2];Ensembl:214837[2>0]	ENSG00000184557	CURATED:224[0];HGNC.Current:37079[1];HGNC.Current:37079[1>0];Ensembl.HGNC:214861[3>0]
ENSP00000331152	Ensembl:73448[2];Ensembl:73448[2>0]	ENSG00000119950	CURATED:174[0];HGNC.Current:21940[1];HGNC.Current:21940[1>0];Ensembl.HGNC:73472[3>0]
ENSP00000331324	Ensembl:77892[2];Ensembl:77892[2>0]	ENSG00000072736	CURATED:180[0];HGNC.Current:22654[1];HGNC.Current:22654[1>0];Ensembl.HGNC:77902[3>0]
ENSP00000331608	Ensembl:215373[2];Ensembl:215373[2>0]	ENSG00000177508	CURATED:133[0];HGNC.Current:13520[1];HGNC.Current:13520[1>0];Ensembl.HGNC:215397[3>0]
ENSP00000331614	Ensembl:188323[2];Ensembl:188323[2>0]	ENSG00000185811	CURATED:125[0];HGNC.Current:13181[1];HGNC.Current:13181[1>0];Ensembl.HGNC:188341[3>0]
ENSP00000331803	Ensembl:231975[2];Ensembl:231975[2>0]	ENSG00000185507	CURATED:130[0];HGNC.Current:13505[1];HGNC.Current:13505[1>0];Ensembl.HGNC:231997[3>0]
ENSP00000332293	Ensembl:223521[2];Ensembl:223521[2>0]	ENSG00000183734	CURATED:9[0];HGNC.Current:1749[1];HGNC.Current:1749[1>0];Ensembl.HGNC:223545[3>0]
ENSP00000332296	Ensembl:215589[2];Ensembl:215589[2>0]	ENSG00000077092	CURATED:207[0];HGNC.Current:27803[1];HGNC.Current:27803[1>0];Ensembl.HGNC:215599[3>0]
ENSP00000333560	Ensembl:201795[2];Ensembl:201795[2>0]	ENSG00000114861	CURATED:73[0];HGNC.Current:9478[1];HGNC.Current:9478[1>0];Ensembl.HGNC:201807[3>0]
ENSP00000334458	Ensembl:116988[2];Ensembl:116988[2>0]	ENSG00000136574	CURATED:79[0];HGNC.Current:10072[1];HGNC.Current:10072[1>0];Ensembl.HGNC:117007[3>0]
ENSP00000335087	Ensembl:40514[2];Ensembl:40514[2>0]	ENSG00000069667	CURATED:211[0];HGNC.Current:32134[1];HGNC.Current:32134[1>0];Ensembl.HGNC:40538[3>0]
ENSP00000335306	Ensembl:220968[2];Ensembl:220968[2>0]	ENSG00000121570	CURATED:33[0];HGNC.Current:7060[1];HGNC.Current:7060[1>0];Ensembl.HGNC:220992[3>0]
ENSP00000337138	Ensembl:166922[2];Ensembl:166922[2>0]	ENSG00000095794	CURATED:25[0];HGNC.Current:5517[1];HGNC.Current:5517[1>0];Ensembl.HGNC:166924[3>0]
ENSP00000337202	Ensembl:175880[2];Ensembl:175880[2>0]	ENSG00000068305	CURATED:161[0];HGNC.Current:18376[1];HGNC.Current:18376[1>0];Ensembl.HGNC:175896[3>0]
ENSP00000337330	Ensembl:214490[2];Ensembl:214490[2>0]	ENSG00000171476	CURATED:101[0];HGNC.Current:12128[1];HGNC.Current:12128[1>0];Ensembl.HGNC:214506[3>0]
ENSP00000337723	Ensembl:105670[2];Ensembl:105670[2>0]	ENSG00000089225	CURATED:250[0];HGNC.Current:38456[1];HGNC.Current:38456[1>0];Ensembl.HGNC:105693[3>0]
ENSP00000338157	Ensembl:163476[2];Ensembl:163476[2>0]	ENSG00000109906	CURATED:269[0];HGNC.Current:42806[1];HGNC.Current:42806[1>0];Ensembl.HGNC:163499[3>0]
ENSP00000338767	Ensembl:125870[2];Ensembl:125870[2>0]	ENSG00000135903	CURATED:196[0];HGNC.Current:24884[1];HGNC.Current:24884[1>0];Ensembl.HGNC:125892[3>0]
ENSP00000338774	Ensembl:53914[2];Ensembl:53914[2>0]	ENSG00000119866	CURATED:12[0];HGNC.Current:2342[1];HGNC.Current:2342[1>0];Ensembl.HGNC:53924[3>0]
ENSP00000338806	Ensembl:201316[2];Ensembl:201316[2>0]	ENSG00000102908	CURATED:179[0];HGNC.Current:22649[1];HGNC.Current:22649[1>0];Ensembl.HGNC:201339[3>0]
ENSP00000339250	Ensembl:29207[2];Ensembl:29207[2>0]	ENSG00000187569	CURATED:32[0];HGNC.Current:7047[1];HGNC.Current:7047[1>0];Ensembl.HGNC:29231[3>0]
ENSP00000339369	Ensembl:190082[2];Ensembl:190082[2>0]	ENSG00000028277	CURATED:202[0];HGNC.Current:26332[1];HGNC.Current:26332[1>0];Ensembl.HGNC:190104[3>0]
ENSP00000339438	Ensembl:169671[2];Ensembl:169671[2>0]	ENSG00000124496	CURATED:263[0];HGNC.Current:40191[1];HGNC.Current:40191[1>0];Ensembl.HGNC:169689[3>0]
ENSP00000339527	Ensembl:51481[2];Ensembl:51481[2>0]	ENSG00000118689	CURATED:71[0];HGNC.Current:9473[1];HGNC.Current:9473[1>0];Ensembl.HGNC:51505[3>0]
ENSP00000339549	Ensembl:176598[2];Ensembl:176598[2>0]	ENSG00000134138	CURATED:165[0];HGNC.Current:18402[1];HGNC.Current:18402[1>0];Ensembl.HGNC:176618[3>0]
ENSP00000339627	Ensembl:228537[2];Ensembl:228537[2>0]	ENSG00000151702	CURATED:56[0];HGNC.Current:9325[1];HGNC.Current:9325[1>0];Ensembl.HGNC:228559[3>0]
ENSP00000339992	Ensembl:222914[2];Ensembl:222914[2>0]	ENSG00000118513	CURATED:175[0];HGNC.Current:21951[1];HGNC.Current:21951[1>0];Ensembl.HGNC:222938[3>0]
ENSP00000340080	Ensembl:188326[2];Ensembl:188326[2>0]	ENSG00000185811	CURATED:125[0];HGNC.Current:13181[1];HGNC.Current:13181[1>0];Ensembl.HGNC:188341[3>0]
ENSP00000340226	Ensembl:95853[2];Ensembl:95853[2>0]	ENSG00000162761	CURATED:155[0];HGNC.Current:17432[1];HGNC.Current:17432[1>0];Ensembl.HGNC:95877[3>0]
ENSP00000340347	Ensembl:256940[2];Ensembl:256940[2>0]	ENSG00000081059	CURATED:255[0];HGNC.Current:38513[1];HGNC.Current:38513[1>0];Ensembl.HGNC:256964[3>0]
ENSP00000340633	Ensembl:206857[2];Ensembl:206857[2>0]	ENSG00000105698	CURATED:266[0];HGNC.Current:41753[1];HGNC.Current:41753[1>0];Ensembl.HGNC:206880[3>0]
ENSP00000340690	Ensembl:38951[2];Ensembl:38951[2>0]	ENSG00000159216	CURATED:214[0];HGNC.Current:34448[1];HGNC.Current:34448[1>0];Ensembl.HGNC:38975[3>0]
ENSP00000340799	Ensembl:259013[2];Ensembl:259013[2>0]	ENSG00000189120	CURATED:237[0];HGNC.Current:37165[1];HGNC.Current:37165[1>0];Ensembl.HGNC:259036[3>0]
ENSP00000340874	Ensembl:259532[2];Ensembl:259532[2>0]	ENSG00000081189	CURATED:162[0];HGNC.Current:18379[1];HGNC.Current:18379[1>0];Ensembl.HGNC:259555[3>0]
ENSP00000341024	Ensembl:237585[2];Ensembl:237585[2>0]	ENSG00000182568	CURATED:220[0];HGNC.Current:34631[1];HGNC.Current:34631[1>0];Ensembl.HGNC:237609[3>0]
ENSP00000341050	Ensembl:222916[2];Ensembl:222916[2>0]	ENSG00000118513	CURATED:175[0];HGNC.Current:21951[1];HGNC.Current:21951[1>0];Ensembl.HGNC:222938[3>0]
ENSP00000341208	Ensembl:157886[2];Ensembl:157886[2>0]	ENSG00000126561	CURATED:244[0];HGNC.Current:37782[1];HGNC.Current:37782[1>0];Ensembl.HGNC:157910[3>0]
ENSP00000341400	Ensembl:176595[2];Ensembl:176595[2>0]	ENSG00000134138	CURATED:165[0];HGNC.Current:18402[1];HGNC.Current:18402[1>0];Ensembl.HGNC:176618[3>0]
ENSP00000341455	Ensembl:269885[2];Ensembl:269885[2>0]	ENSG00000185630	CURATED:199[0];HGNC.Current:24905[1];HGNC.Current:24905[1>0];Ensembl.HGNC:269930[3>0]
ENSP00000341619	Ensembl:148999[2];Ensembl:148999[2>0]	ENSG00000107485	CURATED:78[0];HGNC.Current:10070[1];HGNC.Current:10070[1>0];Ensembl.HGNC:149020[3>0]
ENSP00000341815	Ensembl:12468[2];Ensembl:12468[2>0]	ENSG00000203883	CURATED:227[0];HGNC.Current:37152[1];HGNC.Current:37152[1>0];Ensembl.HGNC:12468[3>0]
ENSP00000341875	Ensembl:166933[2];Ensembl:166933[2>0]	ENSG00000095794	CURATED:25[0];HGNC.Current:5517[1];HGNC.Current:5517[1>0];Ensembl.HGNC:166924[3>0]
ENSP00000342092	Ensembl:125874[2];Ensembl:125874[2>0]	ENSG00000135903	CURATED:196[0];HGNC.Current:24884[1];HGNC.Current:24884[1>0];Ensembl.HGNC:125892[3>0]
ENSP00000342209	Ensembl:51787[2];Ensembl:51787[2>0]	ENSG00000184481	CURATED:72[0];HGNC.Current:9475[1];HGNC.Current:9475[1>0];Ensembl.HGNC:51809[3>0]
ENSP00000342485	Ensembl.Proteins:62828[2];Ensembl.Proteins:586361[0>2];Ensembl:188328[2];Ensembl:188328[2>0]	ENSG00000185811	CURATED:125[0];HGNC.Current:13181[1];HGNC.Current:13181[1>0];Ensembl.HGNC:188341[3>0]
ENSP00000342750	Ensembl.Proteins:63093[2];Ensembl.Proteins:586362[0>2];Ensembl:188321[2];Ensembl:188321[2>0]	ENSG00000185811	CURATED:125[0];HGNC.Current:13181[1];HGNC.Current:13181[1>0];Ensembl.HGNC:188341[3>0]
ENSP00000342876	Ensembl:273913[2];Ensembl:273913[2>0]	ENSG00000030419	CURATED:126[0];HGNC.Current:13182[1];HGNC.Current:13182[1>0];Ensembl.HGNC:273958[3>0]
ENSP00000343052	Ensembl:125876[2];Ensembl:125876[2>0]	ENSG00000135903	CURATED:196[0];HGNC.Current:24884[1];HGNC.Current:24884[1>0];Ensembl.HGNC:125892[3>0]
ENSP00000343126	Ensembl:110515[2];Ensembl:110515[2>0]	ENSG00000179361	CURATED:7[0];HGNC.Current:1543[1];HGNC.Current:1543[1>0];Ensembl.HGNC:110538[3>0]
ENSP00000343155	Ensembl:102304[2];Ensembl:102304[2>0]	ENSG00000100219	CURATED:268[0];HGNC.Current:42573[1];HGNC.Current:42573[1>0];Ensembl.HGNC:102325[3>0]
ENSP00000343477	Ensembl:273460[2];Ensembl:273460[2>0]	ENSG00000020633	CURATED:216[0];HGNC.Current:34454[1];HGNC.Current:34454[1>0];Ensembl.HGNC:273507[3>0]
ENSP00000343619	Ensembl:149243[2];Ensembl:149243[2>0]	ENSG00000078399	CURATED:109[0];HGNC.Current:12145[1];HGNC.Current:12145[1>0];Ensembl.HGNC:149267[3>0]
ENSP00000343633	Ensembl:229684[2];Ensembl:229684[2>0]	ENSG00000170802	CURATED:69[0];HGNC.Current:9464[1];HGNC.Current:9464[1>0];Ensembl.HGNC:229707[3>0]
ENSP00000343698	Ensembl:48981[2];Ensembl:48981[2>0]	ENSG00000172819	CURATED:208[0];HGNC.Current:27805[1];HGNC.Current:27805[1>0];Ensembl.HGNC:49004[3>0]
ENSP00000343819	Ensembl:116867[2];Ensembl:116867[2>0]	ENSG00000165588	CURATED:194[0];HGNC.Current:24603[1];HGNC.Current:24603[1>0];Ensembl.HGNC:116891[3>0]
ENSP00000344365	Ensembl:166945[2];Ensembl:166945[2>0]	ENSG00000095794	CURATED:25[0];HGNC.Current:5517[1];HGNC.Current:5517[1>0];Ensembl.HGNC:166924[3>0]
ENSP00000344456	Ensembl:263327[2];Ensembl:263327[2>0]	ENSG00000168036	CURATED:26[0];HGNC.Current:5816[1];HGNC.Current:5816[1>0];Ensembl.HGNC:263315[3>0]
ENSP00000344782	Ensembl:87522[2];Ensembl:87522[2>0]	ENSG00000165702	CURATED:84[0];HGNC.Current:10205[1];HGNC.Current:10205[1>0];Ensembl.HGNC:87544[3>0]
ENSP00000344823	Ensembl:152759[2];Ensembl:152759[2>0]	ENSG00000148737	CURATED:254[0];HGNC.Current:38510[1];HGNC.Current:38516[10>1];HGNC.Current:38516[1];HGNC.Current:38516[1>0];Ensembl.HGNC:152776[3>0]
ENSP00000344901	Ensembl:25014[2];Ensembl:25014[2>0]	ENSG00000160221	CURATED:90[0];HGNC.Current:11563[1];HGNC.Current:10083[8>1];HGNC.Current:10083[1];HGNC.Current:10083[1>0];Ensembl.HGNC:25032[3>0]
ENSP00000345384	Ensembl:166925[2];Ensembl:166925[2>0]	ENSG00000095794	CURATED:25[0];HGNC.Current:5517[1];HGNC.Current:5517[1>0];Ensembl.HGNC:166924[3>0]
ENSP00000345640	Ensembl:152764[2];Ensembl:152764[2>0]	ENSG00000148737	CURATED:254[0];HGNC.Current:38510[1];HGNC.Current:38516[10>1];HGNC.Current:38516[1];HGNC.Current:38516[1>0];Ensembl.HGNC:152776[3>0]
ENSP00000345681	Ensembl:257241[2];Ensembl:257241[2>0]	ENSG00000179348	CURATED:77[0];HGNC.Current:10068[1];HGNC.Current:10068[1>0];Ensembl.HGNC:257262[3>0]
ENSP00000346285	Ensembl:169672[2];Ensembl:169672[2>0]	ENSG00000124496	CURATED:263[0];HGNC.Current:40191[1];HGNC.Current:40191[1>0];Ensembl.HGNC:169689[3>0]
ENSP00000346389	Ensembl:175873[2];Ensembl:175873[2>0]	ENSG00000068305	CURATED:161[0];HGNC.Current:18376[1];HGNC.Current:18376[1>0];Ensembl.HGNC:175896[3>0]
ENSP00000346420	Ensembl:201317[2];Ensembl:201317[2>0]	ENSG00000102908	CURATED:179[0];HGNC.Current:22649[1];HGNC.Current:22649[1>0];Ensembl.HGNC:201339[3>0]
ENSP00000346440	Ensembl:12536[2];Ensembl:12536[2>0]	ENSG00000196628	CURATED:254[0];HGNC.Current:38510[1];HGNC.Current:38510[1>0];Ensembl.HGNC:12536[3>0]
ENSP00000346582	Ensembl:22369[2];Ensembl:22369[2>0]	ENSG00000122691	CURATED:264[0];HGNC.Current:41286[1];HGNC.Current:41286[1>0];Ensembl.HGNC:22392[3>0]
ENSP00000346804	Ensembl:166917[2];Ensembl:166917[2>0]	ENSG00000095794	CURATED:25[0];HGNC.Current:5517[1];HGNC.Current:5517[1>0];Ensembl.HGNC:166924[3>0]
ENSP00000347175	Ensembl.Proteins:67303[2];Ensembl.Proteins:393846[0>2];Ensembl:152760[2];Ensembl:152760[2>0]	ENSG00000148737	CURATED:254[0];HGNC.Current:38510[1];HGNC.Current:38516[10>1];HGNC.Current:38516[1];HGNC.Current:38516[1>0];Ensembl.HGNC:152776[3>0]
ENSP00000347385	Ensembl:174202[2];Ensembl:174202[2>0]	ENSG00000075891	CURATED:195[0];HGNC.Current:24883[1];HGNC.Current:24883[1>0];Ensembl.HGNC:174222[3>0]
ENSP00000347413	Ensembl.Proteins:67501[2];Ensembl.Proteins:394300[0>2];Ensembl:216530[2];Ensembl:216530[2>0]	ENSG00000007372	CURATED:198[0];HGNC.Current:24887[1];HGNC.Current:24887[1>0];Ensembl.HGNC:216546[3>0]
ENSP00000347463	Ensembl:94312[2];Ensembl:94312[2>0]	ENSG00000108001	CURATED:38[0];HGNC.Current:7391[1];HGNC.Current:7391[1>0];Ensembl.HGNC:94333[3>0]
ENSP00000347684	Ensembl:20343[2];Ensembl:20343[2>0]	ENSG00000136944	CURATED:156[0];HGNC.Current:17435[1];HGNC.Current:17435[1>0];Ensembl.HGNC:20365[3>0]
ENSP00000347715	Ensembl.Proteins:67745[2];Ensembl.Proteins:394817[0>2];Ensembl:148503[2];Ensembl:148503[2>0]	ENSG00000109381	CURATED:43[0];HGNC.Current:7811[1];HGNC.Current:7811[1>0];Ensembl.HGNC:148522[3>0]
ENSP00000347851	Ensembl:149083[2];Ensembl:149083[2>0]	ENSG00000105991	CURATED:102[0];HGNC.Current:12138[1];HGNC.Current:12138[1>0];Ensembl.HGNC:149106[3>0]
ENSP00000347949	Ensembl:152758[2];Ensembl:152758[2>0]	ENSG00000148737	CURATED:254[0];HGNC.Current:38510[1];HGNC.Current:38516[10>1];HGNC.Current:38516[1];HGNC.Current:38516[1>0];Ensembl.HGNC:152776[3>0]
ENSP00000348201	Ensembl.Proteins:68129[2];Ensembl.Proteins:395660[0>2];Ensembl:148503[2];Ensembl:148503[2>0]	ENSG00000109381	CURATED:43[0];HGNC.Current:7811[1];HGNC.Current:7811[1>0];Ensembl.HGNC:148522[3>0]
ENSP00000348274	Ensembl:152752[2];Ensembl:152752[2>0]	ENSG00000148737	CURATED:254[0];HGNC.Current:38510[1];HGNC.Current:38516[10>1];HGNC.Current:38516[1];HGNC.Current:38516[1>0];Ensembl.HGNC:152776[3>0]
ENSP00000348374	Ensembl:12539[2];Ensembl:12539[2>0]	ENSG00000196628	CURATED:254[0];HGNC.Current:38510[1];HGNC.Current:38510[1>0];Ensembl.HGNC:12536[3>0]
ENSP00000349152	Ensembl.Proteins:68863[2];Ensembl.Proteins:397403[0>2];Ensembl:148503[2];Ensembl:148503[2>0]	ENSG00000109381	CURATED:43[0];HGNC.Current:7811[1];HGNC.Current:7811[1>0];Ensembl.HGNC:148522[3>0]
ENSP00000349164	Ensembl:267661[2];Ensembl:267661[2>0]	ENSG00000143365	CURATED:213[0];HGNC.Current:32139[1];HGNC.Current:32139[1>0];Ensembl.HGNC:267709[3>0]
ENSP00000349300	Ensembl:53901[2];Ensembl:53901[2>0]	ENSG00000119866	CURATED:12[0];HGNC.Current:2342[1];HGNC.Current:2342[1>0];Ensembl.HGNC:53924[3>0]
ENSP00000349387	Ensembl:166941[2];Ensembl:166941[2>0]	ENSG00000095794	CURATED:25[0];HGNC.Current:5517[1];HGNC.Current:5517[1>0];Ensembl.HGNC:166924[3>0]
ENSP00000349446	Ensembl:210970[2];Ensembl:210970[2>0]	ENSG00000118520	CURATED:5[0];HGNC.Current:1429[1];HGNC.Current:1429[1>0];Ensembl.HGNC:210990[3>0]
ENSP00000349723	Ensembl:178585[2];Ensembl:178585[2>0]	ENSG00000127152	CURATED:13[0];HGNC.Current:2343[1];HGNC.Current:2343[1>0];Ensembl.HGNC:178608[3>0]
ENSP00000349803	Ensembl:244814[2];Ensembl:244814[2>0]	ENSG00000181722	CURATED:270[0];HGNC.Current:42809[1];HGNC.Current:42809[1>0];Ensembl.HGNC:244837[3>0]
ENSP00000350369	Ensembl:143978[2];Ensembl:143978[2>0]	ENSG00000197063	CURATED:160[0];HGNC.Current:17880[1];HGNC.Current:17880[1>0];Ensembl.HGNC:144002[3>0]
ENSP00000350681	Ensembl:277725[2];Ensembl:277725[2>0]	ENSG00000158711	CURATED:45[0];HGNC.Current:7828[1];HGNC.Current:7828[1>0];Ensembl.HGNC:277771[3>0]
ENSP00000350731	Ensembl.Proteins:70126[2];Ensembl.Proteins:400146[0>2];Ensembl:159225[2];Ensembl:159225[2>0]	ENSG00000206289	CURATED:218[0];HGNC.Current:34480[1];HGNC.Current:34480[1>0];Ensembl.HGNC:159249[3>0]
ENSP00000350844	Ensembl:12927[2];Ensembl:12927[2>0]	ENSG00000196092	CURATED:197[0];HGNC.Current:24886[1];HGNC.Current:24886[1>0];Ensembl.HGNC:12927[3>0]
ENSP00000351123	Ensembl:38957[2];Ensembl:38957[2>0]	ENSG00000159216	CURATED:214[0];HGNC.Current:34448[1];HGNC.Current:34448[1>0];Ensembl.HGNC:38975[3>0]
ENSP00000351255	Ensembl:272575[2];Ensembl:272575[2>0]	ENSG00000138378	CURATED:243[0];HGNC.Current:37780[1];HGNC.Current:37780[1>0];Ensembl.HGNC:272621[3>0]
ENSP00000351307	Ensembl:53909[2];Ensembl:53909[2>0]	ENSG00000119866	CURATED:12[0];HGNC.Current:2342[1];HGNC.Current:2342[1>0];Ensembl.HGNC:53924[3>0]
ENSP00000351458	Ensembl:148502[2];Ensembl:148502[2>0]	ENSG00000109381	CURATED:43[0];HGNC.Current:7811[1];HGNC.Current:7811[1>0];Ensembl.HGNC:148522[3>0]
ENSP00000352123	Ensembl:188325[2];Ensembl:188325[2>0]	ENSG00000185811	CURATED:125[0];HGNC.Current:13181[1];HGNC.Current:13181[1>0];Ensembl.HGNC:188341[3>0]
ENSP00000352514	Ensembl:25865[2];Ensembl:25865[2>0]	ENSG00000124813	CURATED:215[0];HGNC.Current:34452[1];HGNC.Current:34452[1>0];Ensembl.HGNC:25880[3>0]
ENSP00000352565	Ensembl:71593[2];Ensembl:71593[2>0]	ENSG00000164107	CURATED:89[0];HGNC.Current:11352[1];HGNC.Current:11352[1>0];Ensembl.HGNC:71616[3>0]
ENSP00000352648	Ensembl:53902[2];Ensembl:53902[2>0]	ENSG00000119866	CURATED:12[0];HGNC.Current:2342[1];HGNC.Current:2342[1>0];Ensembl.HGNC:53924[3>0]
ENSP00000352740	Ensembl:260294[2];Ensembl:260294[2>0]	ENSG00000163565	CURATED:124[0];HGNC.Current:12568[1];HGNC.Current:12568[1>0];Ensembl.HGNC:260310[3>0]
ENSP00000352900	Ensembl:88916[2];Ensembl:88916[2>0]	ENSG00000143171	CURATED:219[0];HGNC.Current:34481[1];HGNC.Current:34481[1>0];Ensembl.HGNC:88940[3>0]
ENSP00000353151	Ensembl:221858[2];Ensembl:221858[2>0]	ENSG00000197576	CURATED:106[0];HGNC.Current:12141[1];HGNC.Current:12141[1>0];Ensembl.HGNC:221881[3>0]
ENSP00000353344	Ensembl:2798[2];Ensembl:2798[2>0]	ENSG00000157557	CURATED:51[0];HGNC.Current:8353[1];HGNC.Current:8353[1>0];Ensembl.HGNC:2798[3>0]
ENSP00000353437	Ensembl.Proteins:72268[2];Ensembl.Proteins:404926[0>2];Ensembl:148503[2];Ensembl:148503[2>0]	ENSG00000109381	CURATED:43[0];HGNC.Current:7811[1];HGNC.Current:7811[1>0];Ensembl.HGNC:148522[3>0]
ENSP00000353803	Ensembl:243336[2];Ensembl:243336[2>0]	ENSG00000116604	CURATED:163[0];HGNC.Current:18382[1];HGNC.Current:18382[1>0];Ensembl.HGNC:243358[3>0]
ENSP00000354194	Ensembl:2801[2];Ensembl:2801[2>0]	ENSG00000157557	CURATED:51[0];HGNC.Current:8353[1];HGNC.Current:8353[1>0];Ensembl.HGNC:2798[3>0]
ENSP00000354394	Ensembl:256502[2];Ensembl:256502[2>0]	ENSG00000115415	CURATED:241[0];HGNC.Current:37777[1];HGNC.Current:37777[1>0];Ensembl.HGNC:256520[3>0]
ENSP00000354482	Ensembl:161505[2];Ensembl:161505[2>0]	ENSG00000164651	CURATED:238[0];HGNC.Current:37167[1];HGNC.Current:37167[1>0];Ensembl.HGNC:161528[3>0]
ENSP00000354593	Ensembl:166927[2];Ensembl:166927[2>0]	ENSG00000095794	CURATED:25[0];HGNC.Current:5517[1];HGNC.Current:5517[1>0];Ensembl.HGNC:166924[3>0]
ENSP00000354606	Ensembl:73450[2];Ensembl:73450[2>0]	ENSG00000119950	CURATED:174[0];HGNC.Current:21940[1];HGNC.Current:21940[1>0];Ensembl.HGNC:73472[3>0]
ENSP00000354842	Ensembl:45837[2];Ensembl:45837[2>0]	ENSG00000198846	CURATED:262[0];HGNC.Current:39612[1];HGNC.Current:39612[1>0];Ensembl.HGNC:45861[3>0]
ENSP00000355011	Ensembl:87048[2];Ensembl:87048[2>0]	ENSG00000143621	CURATED:127[0];HGNC.Current:13290[1];HGNC.Current:13290[1>0];Ensembl.HGNC:87072[3>0]
ENSP00000355069	Ensembl:174207[2];Ensembl:174207[2>0]	ENSG00000075891	CURATED:195[0];HGNC.Current:24883[1];HGNC.Current:24883[1>0];Ensembl.HGNC:174222[3>0]
ENSP00000355140	Ensembl:244920[2];Ensembl:244920[2>0]	ENSG00000120094	CURATED:110[0];HGNC.Current:12156[1];HGNC.Current:12156[1>0];Ensembl.HGNC:244944[3>0]
ENSP00000355417	Ensembl:121251[2];Ensembl:121251[2>0]	ENSG00000217555	CURATED:23[0];HGNC.Current:4824[1];HGNC.Current:4824[1>0];Ensembl.HGNC:121272[3>0]
ENSP00000355631	Ensembl:59104[2];Ensembl:59104[2>0]	ENSG00000115507	CURATED:193[0];HGNC.Current:24602[1];HGNC.Current:24602[1>0];Ensembl.HGNC:59128[3>0]
ENSP00000355775	Ensembl:176184[2];Ensembl:176184[2>0]	ENSG00000185155	CURATED:170[0];HGNC.Current:20651[1];HGNC.Current:20651[1>0];Ensembl.HGNC:176207[3>0]
ENSP00000355836	Ensembl:79815[2];Ensembl:79815[2>0]	ENSG00000164458	CURATED:245[0];HGNC.Current:38471[10];HGNC.Current:38471[10>1];HGNC.Current:38471[1];HGNC.Current:38471[1>0];Ensembl.HGNC:79837[3>0]
ENSP00000355841	Ensembl:79813[2];Ensembl:79813[2>0]	ENSG00000164458	CURATED:245[0];HGNC.Current:38471[10];HGNC.Current:38471[10>1];HGNC.Current:38471[1];HGNC.Current:38471[1>0];Ensembl.HGNC:79837[3>0]
ENSP00000355870	Ensembl:182278[2];Ensembl:182278[2>0]	ENSG00000136630	CURATED:98[0];HGNC.Current:11731[1];HGNC.Current:11731[1>0];Ensembl.HGNC:182301[3>0]
ENSP00000356786	Ensembl:222917[2];Ensembl:222917[2>0]	ENSG00000118513	CURATED:175[0];HGNC.Current:21951[1];HGNC.Current:21951[1>0];Ensembl.HGNC:222938[3>0]
ENSP00000356788	Ensembl:222922[2];Ensembl:222922[2>0]	ENSG00000118513	CURATED:175[0];HGNC.Current:21951[1];HGNC.Current:21951[1>0];Ensembl.HGNC:222938[3>0]
ENSP00000356836	Ensembl:87845[2];Ensembl:87845[2>0]	ENSG00000143190	CURATED:201[0];HGNC.Current:26330[1];HGNC.Current:26330[1>0];Ensembl.HGNC:87858[3>0]
ENSP00000356840	Ensembl:87834[2];Ensembl:87834[2>0]	ENSG00000143190	CURATED:201[0];HGNC.Current:26330[1];HGNC.Current:26330[1>0];Ensembl.HGNC:87858[3>0]
ENSP00000356868	Ensembl:95856[2];Ensembl:95856[2>0]	ENSG00000162761	CURATED:155[0];HGNC.Current:17432[1];HGNC.Current:17432[1>0];Ensembl.HGNC:95877[3>0]
ENSP00000356872	Ensembl:269888[2];Ensembl:269888[2>0]	ENSG00000185630	CURATED:199[0];HGNC.Current:24905[1];HGNC.Current:24905[1>0];Ensembl.HGNC:269930[3>0]
ENSP00000357066	Ensembl:210972[2];Ensembl:210972[2>0]	ENSG00000118520	CURATED:5[0];HGNC.Current:1429[1];HGNC.Current:1429[1>0];Ensembl.HGNC:210990[3>0]
ENSP00000357113	Ensembl:260289[2];Ensembl:260289[2>0]	ENSG00000163565	CURATED:124[0];HGNC.Current:12568[1];HGNC.Current:12568[1>0];Ensembl.HGNC:260310[3>0]
ENSP00000357114	Ensembl:260291[2];Ensembl:260291[2>0]	ENSG00000163565	CURATED:124[0];HGNC.Current:12568[1];HGNC.Current:12568[1>0];Ensembl.HGNC:260310[3>0]
ENSP00000357637	Ensembl:94310[2];Ensembl:94310[2>0]	ENSG00000108001	CURATED:38[0];HGNC.Current:7391[1];HGNC.Current:7391[1>0];Ensembl.HGNC:94333[3>0]
ENSP00000357670	Ensembl:87051[2];Ensembl:87051[2>0]	ENSG00000143621	CURATED:127[0];HGNC.Current:13290[1];HGNC.Current:13290[1>0];Ensembl.HGNC:87072[3>0]
ENSP00000357673	Ensembl:87050[2];Ensembl:87050[2>0]	ENSG00000143621	CURATED:127[0];HGNC.Current:13290[1];HGNC.Current:13290[1>0];Ensembl.HGNC:87072[3>0]
ENSP00000358085	Ensembl:28288[2];Ensembl:28288[2>0]	ENSG00000057657	CURATED:204[0];HGNC.Current:26725[1];HGNC.Current:26725[1>0];Ensembl.HGNC:28303[3>0]
ENSP00000358087	Ensembl:28281[2];Ensembl:28281[2>0]	ENSG00000057657	CURATED:204[0];HGNC.Current:26725[1];HGNC.Current:26725[1>0];Ensembl.HGNC:28303[3>0]
ENSP00000358092	Ensembl:28282[2];Ensembl:28282[2>0]	ENSG00000057657	CURATED:204[0];HGNC.Current:26725[1];HGNC.Current:26725[1>0];Ensembl.HGNC:28303[3>0]
ENSP00000358393	Ensembl:152778[2];Ensembl:152778[2>0]	ENSG00000148737	CURATED:254[0];HGNC.Current:38510[1];HGNC.Current:38516[10>1];HGNC.Current:38516[1];HGNC.Current:38516[1>0];Ensembl.HGNC:152776[3>0]
ENSP00000358396	Ensembl:152767[2];Ensembl:152767[2>0]	ENSG00000148737	CURATED:254[0];HGNC.Current:38510[1];HGNC.Current:38516[10>1];HGNC.Current:38516[1];HGNC.Current:38516[1>0];Ensembl.HGNC:152776[3>0]
ENSP00000358402	Ensembl:152760[2];Ensembl:152760[2>0]	ENSG00000148737	CURATED:254[0];HGNC.Current:38510[1];HGNC.Current:38516[10>1];HGNC.Current:38516[1];HGNC.Current:38516[1>0];Ensembl.HGNC:152776[3>0]
ENSP00000358404	Ensembl:152757[2];Ensembl:152757[2>0]	ENSG00000148737	CURATED:254[0];HGNC.Current:38510[1];HGNC.Current:38516[10>1];HGNC.Current:38516[1];HGNC.Current:38516[1>0];Ensembl.HGNC:152776[3>0]
ENSP00000358625	Ensembl:73482[2];Ensembl:73482[2>0]	ENSG00000119950	CURATED:174[0];HGNC.Current:21940[1];HGNC.Current:21940[1>0];Ensembl.HGNC:73472[3>0]
ENSP00000359319	Ensembl:174204[2];Ensembl:174204[2>0]	ENSG00000075891	CURATED:195[0];HGNC.Current:24883[1];HGNC.Current:24883[1>0];Ensembl.HGNC:174222[3>0]
ENSP00000359357	Ensembl:265070[2];Ensembl:265070[2>0]	ENSG00000162676	CURATED:83[0];HGNC.Current:10204[1];HGNC.Current:10204[1>0];Ensembl.HGNC:265092[3>0]
ENSP00000359567	Ensembl:46975[2];Ensembl:46975[2>0]	ENSG00000134595	CURATED:229[0];HGNC.Current:37135[1];HGNC.Current:37135[1>0];Ensembl.HGNC:46999[3>0]
ENSP00000359573	Ensembl:61587[2];Ensembl:61587[2>0]	ENSG00000143013	CURATED:154[0];HGNC.Current:17422[1];HGNC.Current:17422[1>0];Ensembl.HGNC:61609[3>0]
ENSP00000359575	Ensembl:61585[2];Ensembl:61585[2>0]	ENSG00000143013	CURATED:154[0];HGNC.Current:17422[1];HGNC.Current:17422[1>0];Ensembl.HGNC:61609[3>0]
ENSP00000360157	Ensembl:267510[2];Ensembl:267510[2>0]	ENSG00000187140	CURATED:65[0];HGNC.Current:9433[1];HGNC.Current:9433[1>0];Ensembl.HGNC:267558[3>0]
ENSP00000360226	Ensembl:270142[2];Ensembl:270142[2>0]	ENSG00000162599	CURATED:183[0];HGNC.Current:22664[1];HGNC.Current:22664[1>0];Ensembl.HGNC:270168[3>0]
ENSP00000360227	Ensembl:270141[2];Ensembl:270141[2>0]	ENSG00000162599	CURATED:183[0];HGNC.Current:22664[1];HGNC.Current:22664[1>0];Ensembl.HGNC:270168[3>0]
ENSP00000360229	Ensembl:270137[2];Ensembl:270137[2>0]	ENSG00000162599	CURATED:183[0];HGNC.Current:22664[1];HGNC.Current:22664[1>0];Ensembl.HGNC:270168[3>0]
ENSP00000360231	Ensembl:270127[2];Ensembl:270127[2>0]	ENSG00000162599	CURATED:183[0];HGNC.Current:22664[1];HGNC.Current:22664[1>0];Ensembl.HGNC:270168[3>0]
ENSP00000360233	Ensembl:270120[2];Ensembl:270120[2>0]	ENSG00000162599	CURATED:183[0];HGNC.Current:22664[1];HGNC.Current:22664[1>0];Ensembl.HGNC:270168[3>0]
ENSP00000360266	Ensembl:275211[2];Ensembl:275211[2>0]	ENSG00000177606	CURATED:136[0];HGNC.Current:13714[1];HGNC.Current:13714[1>0];Ensembl.HGNC:275258[3>0]
ENSP00000360486	Ensembl:25867[2];Ensembl:25867[2>0]	ENSG00000124813	CURATED:215[0];HGNC.Current:34452[1];HGNC.Current:34452[1>0];Ensembl.HGNC:25880[3>0]
ENSP00000360491	Ensembl:25860[2];Ensembl:25860[2>0]	ENSG00000124813	CURATED:215[0];HGNC.Current:34452[1];HGNC.Current:34452[1>0];Ensembl.HGNC:25880[3>0]
ENSP00000360493	Ensembl:25859[2];Ensembl:25859[2>0]	ENSG00000124813	CURATED:215[0];HGNC.Current:34452[1];HGNC.Current:34452[1>0];Ensembl.HGNC:25880[3>0]
ENSP00000360762	Ensembl:54365[2];Ensembl:54365[2>0]	ENSG00000148677	CURATED:4[0];HGNC.Current:1049[1];HGNC.Current:1049[1>0];Ensembl.HGNC:54389[3>0]
ENSP00000360951	Ensembl:255227[2];Ensembl:255227[2>0]	ENSG00000162367	CURATED:246[0];HGNC.Current:38264[1];HGNC.Current:38264[1>0];Ensembl.HGNC:255251[3>0]
ENSP00000361195	Ensembl:87525[2];Ensembl:87525[2>0]	ENSG00000165702	CURATED:84[0];HGNC.Current:10205[1];HGNC.Current:10205[1>0];Ensembl.HGNC:87544[3>0]
ENSP00000361196	Ensembl:87526[2];Ensembl:87526[2>0]	ENSG00000165702	CURATED:84[0];HGNC.Current:10205[1];HGNC.Current:10205[1>0];Ensembl.HGNC:87544[3>0]
ENSP00000361547	Ensembl:28084[2];Ensembl:28084[2>0]	ENSG00000167157	CURATED:205[0];HGNC.Current:27024[1];HGNC.Current:27024[1>0];Ensembl.HGNC:28108[3>0]
ENSP00000362008	Ensembl:169669[2];Ensembl:169669[2>0]	ENSG00000124496	CURATED:263[0];HGNC.Current:40191[1];HGNC.Current:40191[1>0];Ensembl.HGNC:169689[3>0]
ENSP00000362011	Ensembl:124303[2];Ensembl:124303[2>0]	ENSG00000101076	CURATED:100[0];HGNC.Current:11954[1];HGNC.Current:11954[1>0];Ensembl.HGNC:124322[3>0]
ENSP00000362013	Ensembl:169668[2];Ensembl:169668[2>0]	ENSG00000124496	CURATED:263[0];HGNC.Current:40191[1];HGNC.Current:40191[1>0];Ensembl.HGNC:169689[3>0]
ENSP00000362103	Ensembl:275379[2];Ensembl:275379[2>0]	ENSG00000185668	CURATED:203[0];HGNC.Current:26335[1];HGNC.Current:26335[1>0];Ensembl.HGNC:275427[3>0]
ENSP00000362410	Ensembl:42068[2];Ensembl:42068[2>0]	ENSG00000204103	CURATED:159[0];HGNC.Current:17878[1];HGNC.Current:17878[1>0];Ensembl.HGNC:42092[3>0]
ENSP00000362573	Ensembl:20342[2];Ensembl:20342[2>0]	ENSG00000136944	CURATED:156[0];HGNC.Current:17435[1];HGNC.Current:17435[1>0];Ensembl.HGNC:20365[3>0]
ENSP00000362613	Ensembl:162320[2];Ensembl:162320[2>0]	ENSG00000131264	CURATED:17[0];HGNC.Current:4224[1];HGNC.Current:4224[1>0];Ensembl.HGNC:162344[3>0]
ENSP00000362717	Ensembl:123570[2];Ensembl:123570[2>0]	ENSG00000106689	CURATED:152[0];HGNC.Current:14928[1];HGNC.Current:14928[1>0];Ensembl.HGNC:123593[3>0]
ENSP00000363188	Ensembl:148731[2];Ensembl:148731[2>0]	ENSG00000106948	CURATED:2[0];HGNC.Current:787[1];HGNC.Current:787[1>0];Ensembl.HGNC:148750[3>0]
ENSP00000363192	Ensembl:148728[2];Ensembl:148728[2>0]	ENSG00000106948	CURATED:2[0];HGNC.Current:787[1];HGNC.Current:787[1>0];Ensembl.HGNC:148750[3>0]
ENSP00000363201	Ensembl:148726[2];Ensembl:148726[2>0]	ENSG00000106948	CURATED:2[0];HGNC.Current:787[1];HGNC.Current:787[1>0];Ensembl.HGNC:148750[3>0]
ENSP00000363230	Ensembl:193456[2];Ensembl:193456[2>0]	ENSG00000137309	CURATED:99[0];HGNC.Current:11744[1];HGNC.Current:11744[1>0];Ensembl.HGNC:193473[3>0]
ENSP00000363377	Ensembl:51785[2];Ensembl:51785[2>0]	ENSG00000184481	CURATED:72[0];HGNC.Current:9475[1];HGNC.Current:9475[1>0];Ensembl.HGNC:51809[3>0]
ENSP00000363384	Ensembl:276691[2];Ensembl:276691[2>0]	ENSG00000142684	CURATED:276[0];HGNC.Current:43496[1];HGNC.Current:43496[1>0];Ensembl.HGNC:276739[3>0]
ENSP00000363439	Ensembl:273915[2];Ensembl:273915[2>0]	ENSG00000030419	CURATED:126[0];HGNC.Current:13182[1];HGNC.Current:13182[1>0];Ensembl.HGNC:273958[3>0]
ENSP00000363446	Ensembl:273917[2];Ensembl:273917[2>0]	ENSG00000030419	CURATED:126[0];HGNC.Current:13182[1];HGNC.Current:13182[1>0];Ensembl.HGNC:273958[3>0]
ENSP00000363689	Ensembl:117001[2];Ensembl:117001[2>0]	ENSG00000117318	CURATED:123[0];HGNC.Current:12534[1];HGNC.Current:12534[1>0];Ensembl.HGNC:117025[3>0]
ENSP00000363804	Ensembl:28006[2];Ensembl:28006[2>0]	ENSG00000136826	CURATED:144[0];HGNC.Current:14131[1];HGNC.Current:14131[1>0];Ensembl.HGNC:28028[3>0]
ENSP00000363812	Ensembl:132801[2];Ensembl:132801[2>0]	ENSG00000204231	CURATED:218[0];HGNC.Current:34480[1];HGNC.Current:34480[1>0];Ensembl.HGNC:132824[3>0]
ENSP00000363813	Ensembl.Proteins:82438[2];Ensembl.Proteins:423383[0>2];Ensembl:126999[2];Ensembl:126999[2>0]	ENSG00000227322	CURATED:218[0];HGNC.Current:34480[1];HGNC.Current:34480[1>0];Ensembl.HGNC:127023[3>0]
ENSP00000363813	Ensembl.Proteins:82438[2];Ensembl.Proteins:423381[0>2];Ensembl:141854[2];Ensembl:141854[2>0]	ENSG00000228333	CURATED:218[0];HGNC.Current:34480[1];HGNC.Current:34480[1>0];Ensembl.HGNC:141878[3>0]
ENSP00000363813	Ensembl.Proteins:82438[2];Ensembl.Proteins:423380[0>2];Ensembl:111111[2];Ensembl:111111[2>0]	ENSG00000231321	CURATED:218[0];HGNC.Current:34480[1];HGNC.Current:34480[1>0];Ensembl.HGNC:111135[3>0]
ENSP00000363813	Ensembl.Proteins:82438[2];Ensembl.Proteins:423379[0>2];Ensembl:154370[2];Ensembl:154370[2>0]	ENSG00000235712	CURATED:218[0];HGNC.Current:34480[1];HGNC.Current:34480[1>0];Ensembl.HGNC:154394[3>0]
ENSP00000363817	Ensembl:132800[2];Ensembl:132800[2>0]	ENSG00000204231	CURATED:218[0];HGNC.Current:34480[1];HGNC.Current:34480[1>0];Ensembl.HGNC:132824[3>0]
ENSP00000363853	Ensembl:166901[2];Ensembl:166901[2>0]	ENSG00000095794	CURATED:25[0];HGNC.Current:5517[1];HGNC.Current:5517[1>0];Ensembl.HGNC:166924[3>0]
ENSP00000363858	Ensembl:166906[2];Ensembl:166906[2>0]	ENSG00000095794	CURATED:25[0];HGNC.Current:5517[1];HGNC.Current:5517[1>0];Ensembl.HGNC:166924[3>0]
ENSP00000363866	Ensembl:166923[2];Ensembl:166923[2>0]	ENSG00000095794	CURATED:25[0];HGNC.Current:5517[1];HGNC.Current:5517[1>0];Ensembl.HGNC:166924[3>0]
ENSP00000364063	Ensembl:17100[2];Ensembl:17100[2>0]	ENSG00000102349	CURATED:148[0];HGNC.Current:14138[1];HGNC.Current:14138[1>0];Ensembl.HGNC:17096[3>0]
ENSP00000364430	Ensembl:251289[2];Ensembl:251289[2>0]	ENSG00000204335	CURATED:236[0];HGNC.Current:37164[1];HGNC.Current:37164[1>0];Ensembl.HGNC:251313[3>0]
ENSP00000364519	Ensembl:18408[2];Ensembl:18408[2>0]	ENSG00000198176	CURATED:258[0];HGNC.Current:38720[1];HGNC.Current:38720[1>0];Ensembl.HGNC:18429[3>0]
ENSP00000365273	Ensembl:27779[2];Ensembl:27779[2>0]	ENSG00000125968	CURATED:121[0];HGNC.Current:12530[1];HGNC.Current:12530[1>0];Ensembl.HGNC:27803[3>0]
ENSP00000365280	Ensembl:27780[2];Ensembl:27780[2>0]	ENSG00000125968	CURATED:121[0];HGNC.Current:12530[1];HGNC.Current:12530[1>0];Ensembl.HGNC:27803[3>0]
ENSP00000365372	Ensembl:148464[2];Ensembl:148464[2>0]	ENSG00000049768	CURATED:74[0];HGNC.Current:9483[1];HGNC.Current:9483[1>0];Ensembl.HGNC:148487[3>0]
ENSP00000365380	Ensembl:148463[2];Ensembl:148463[2>0]	ENSG00000049768	CURATED:74[0];HGNC.Current:9483[1];HGNC.Current:9483[1>0];Ensembl.HGNC:148487[3>0]
ENSP00000365853	Ensembl:136400[2];Ensembl:136400[2>0]	ENSG00000102145	CURATED:76[0];HGNC.Current:10067[1];HGNC.Current:10067[1>0];Ensembl.HGNC:136420[3>0]
ENSP00000365858	Ensembl:136401[2];Ensembl:136401[2>0]	ENSG00000102145	CURATED:76[0];HGNC.Current:10067[1];HGNC.Current:10067[1>0];Ensembl.HGNC:136420[3>0]
ENSP00000366093	Ensembl:31631[2];Ensembl:31631[2>0]	ENSG00000198963	CURATED:212[0];HGNC.Current:32137[1];HGNC.Current:32137[1>0];Ensembl.HGNC:31655[3>0]
ENSP00000366319	Ensembl:107517[2];Ensembl:107517[2>0]	ENSG00000125798	CURATED:61[0];HGNC.Current:9421[1];HGNC.Current:9421[1>0];Ensembl.HGNC:107540[3>0]
ENSP00000366330	Ensembl:106430[2];Ensembl:106430[2>0]	ENSG00000119138	CURATED:149[0];HGNC.Current:14140[1];HGNC.Current:14140[1>0];Ensembl.HGNC:106454[3>0]
ENSP00000366915	Ensembl:2994[2];Ensembl:2994[2>0]	ENSG00000102554	CURATED:23[0];HGNC.Current:4824[1];HGNC.Current:14133[8>1];HGNC.Current:14133[1];HGNC.Current:14133[1>0];Ensembl.HGNC:2993[3>0]
ENSP00000367071	Ensembl:12932[2];Ensembl:12932[2>0]	ENSG00000196092	CURATED:197[0];HGNC.Current:24886[1];HGNC.Current:24886[1>0];Ensembl.HGNC:12927[3>0]
ENSP00000367078	Ensembl:12940[2];Ensembl:12940[2>0]	ENSG00000196092	CURATED:197[0];HGNC.Current:24886[1];HGNC.Current:24886[1>0];Ensembl.HGNC:12927[3>0]
ENSP00000367083	Ensembl:12928[2];Ensembl:12928[2>0]	ENSG00000196092	CURATED:197[0];HGNC.Current:24886[1];HGNC.Current:24886[1>0];Ensembl.HGNC:12927[3>0]
ENSP00000367084	Ensembl:12931[2];Ensembl:12931[2>0]	ENSG00000196092	CURATED:197[0];HGNC.Current:24886[1];HGNC.Current:24886[1>0];Ensembl.HGNC:12927[3>0]
ENSP00000367130	Ensembl:274045[2];Ensembl:274045[2>0]	ENSG00000173673	CURATED:91[0];HGNC.Current:11565[1];HGNC.Current:11565[1>0];Ensembl.HGNC:274092[3>0]
ENSP00000367207	Ensembl:181803[2];Ensembl:181803[2>0]	ENSG00000136997	CURATED:177[0];HGNC.Current:21961[1];HGNC.Current:21961[1>0];Ensembl.HGNC:181822[3>0]
ENSP00000367714	Ensembl:39951[2];Ensembl:39951[2>0]	ENSG00000197921	CURATED:92[0];HGNC.Current:11567[1];HGNC.Current:11567[1>0];Ensembl.HGNC:39975[3>0]
ENSP00000367799	Ensembl:255457[2];Ensembl:255457[2>0]	ENSG00000066336	CURATED:239[0];HGNC.Current:37337[1];HGNC.Current:37337[1>0];Ensembl.HGNC:255480[3>0]
ENSP00000367822	Ensembl:256947[2];Ensembl:256947[2>0]	ENSG00000081059	CURATED:255[0];HGNC.Current:38513[1];HGNC.Current:38513[1>0];Ensembl.HGNC:256964[3>0]
ENSP00000368309	Ensembl:200525[2];Ensembl:200525[2>0]	ENSG00000105672	CURATED:52[0];HGNC.Current:8357[1];HGNC.Current:8357[1>0];Ensembl.HGNC:200549[3>0]
ENSP00000368312	Ensembl:200526[2];Ensembl:200526[2>0]	ENSG00000105672	CURATED:52[0];HGNC.Current:8357[1];HGNC.Current:8357[1>0];Ensembl.HGNC:200549[3>0]
ENSP00000368401	Ensembl:216534[2];Ensembl:216534[2>0]	ENSG00000007372	CURATED:198[0];HGNC.Current:24887[1];HGNC.Current:24887[1>0];Ensembl.HGNC:216546[3>0]
ENSP00000368403	Ensembl:216529[2];Ensembl:216529[2>0]	ENSG00000007372	CURATED:198[0];HGNC.Current:24887[1];HGNC.Current:24887[1>0];Ensembl.HGNC:216546[3>0]
ENSP00000368406	Ensembl:216556[2];Ensembl:216556[2>0]	ENSG00000007372	CURATED:198[0];HGNC.Current:24887[1];HGNC.Current:24887[1>0];Ensembl.HGNC:216546[3>0]
ENSP00000368410	Ensembl:216574[2];Ensembl:216574[2>0]	ENSG00000007372	CURATED:198[0];HGNC.Current:24887[1];HGNC.Current:24887[1>0];Ensembl.HGNC:216546[3>0]
ENSP00000368418	Ensembl:216561[2];Ensembl:216561[2>0]	ENSG00000007372	CURATED:198[0];HGNC.Current:24887[1];HGNC.Current:24887[1>0];Ensembl.HGNC:216546[3>0]
ENSP00000368424	Ensembl:216530[2];Ensembl:216530[2>0]	ENSG00000007372	CURATED:198[0];HGNC.Current:24887[1];HGNC.Current:24887[1>0];Ensembl.HGNC:216546[3>0]
ENSP00000368427	Ensembl:216528[2];Ensembl:216528[2>0]	ENSG00000007372	CURATED:198[0];HGNC.Current:24887[1];HGNC.Current:24887[1>0];Ensembl.HGNC:216546[3>0]
ENSP00000368429	Ensembl:206859[2];Ensembl:206859[2>0]	ENSG00000105698	CURATED:266[0];HGNC.Current:41753[1];HGNC.Current:41753[1>0];Ensembl.HGNC:206880[3>0]
ENSP00000368632	Ensembl:148998[2];Ensembl:148998[2>0]	ENSG00000107485	CURATED:78[0];HGNC.Current:10070[1];HGNC.Current:10070[1>0];Ensembl.HGNC:149020[3>0]
ENSP00000368686	Ensembl:111861[2];Ensembl:111861[2>0]	ENSG00000205250	CURATED:35[0];HGNC.Current:7370[1];HGNC.Current:7370[1>0];Ensembl.HGNC:111885[3>0]
ENSP00000368867	Ensembl:148503[2];Ensembl:148503[2>0]	ENSG00000109381	CURATED:43[0];HGNC.Current:7811[1];HGNC.Current:7811[1>0];Ensembl.HGNC:148522[3>0]
ENSP00000368868	Ensembl:148501[2];Ensembl:148501[2>0]	ENSG00000109381	CURATED:43[0];HGNC.Current:7811[1];HGNC.Current:7811[1>0];Ensembl.HGNC:148522[3>0]
ENSP00000368880	Ensembl:4000[2];Ensembl:4000[2>0]	ENSG00000150907	CURATED:70[0];HGNC.Current:9471[1];HGNC.Current:9471[1>0];Ensembl.HGNC:4000[3>0]
ENSP00000368928	Ensembl:103487[2];Ensembl:103487[2>0]	ENSG00000137203	CURATED:256[0];HGNC.Current:38706[1];HGNC.Current:38706[1>0];Ensembl.HGNC:103510[3>0]
ENSP00000368933	Ensembl:103488[2];Ensembl:103488[2>0]	ENSG00000137203	CURATED:256[0];HGNC.Current:38706[1];HGNC.Current:38706[1>0];Ensembl.HGNC:103510[3>0]
ENSP00000368939	Ensembl:254851[2];Ensembl:254851[2>0]	ENSG00000075426	CURATED:59[0];HGNC.Current:9418[1];HGNC.Current:9418[1>0];Ensembl.HGNC:254874[3>0]
ENSP00000369284	Ensembl:114283[2];Ensembl:114283[2>0]	ENSG00000138795	CURATED:150[0];HGNC.Current:14850[1];HGNC.Current:14850[1>0];Ensembl.HGNC:114307[3>0]
ENSP00000370022	Ensembl:116699[2];Ensembl:116699[2>0]	ENSG00000088881	CURATED:39[0];HGNC.Current:7393[1];HGNC.Current:7393[1>0];Ensembl.HGNC:116723[3>0]
ENSP00000370029	Ensembl:261448[2];Ensembl:261448[2>0]	ENSG00000164330	CURATED:36[0];HGNC.Current:7389[1];HGNC.Current:7389[1>0];Ensembl.HGNC:261467[3>0]
ENSP00000370343	Ensembl:172638[2];Ensembl:172638[2>0]	ENSG00000137265	CURATED:129[0];HGNC.Current:13501[1];HGNC.Current:13501[1>0];Ensembl.HGNC:172659[3>0]
ENSP00000370408	Ensembl:44327[2];Ensembl:44327[2>0]	ENSG00000165556	CURATED:16[0];HGNC.Current:4223[1];HGNC.Current:4223[1>0];Ensembl.HGNC:44351[3>0]
ENSP00000370532	Ensembl:56351[2];Ensembl:56351[2>0]	ENSG00000122034	CURATED:87[0];HGNC.Current:11034[1];HGNC.Current:11034[1>0];Ensembl.HGNC:56375[3>0]
ENSP00000370654	Ensembl:214485[2];Ensembl:214485[2>0]	ENSG00000171476	CURATED:101[0];HGNC.Current:12128[1];HGNC.Current:12128[1>0];Ensembl.HGNC:214506[3>0]
ENSP00000370659	Ensembl:214492[2];Ensembl:214492[2>0]	ENSG00000171476	CURATED:101[0];HGNC.Current:12128[1];HGNC.Current:12128[1>0];Ensembl.HGNC:214506[3>0]
ENSP00000371785	Ensembl:13596[2];Ensembl:13596[2>0]	ENSG00000184221	CURATED:192[0];HGNC.Current:23585[1];HGNC.Current:23585[1>0];Ensembl.HGNC:13596[3>0]
ENSP00000372056	Ensembl:215156[2];Ensembl:215156[2>0]	ENSG00000170561	CURATED:132[0];HGNC.Current:13518[1];HGNC.Current:13518[1>0];Ensembl.HGNC:215180[3>0]
ENSP00000372170	Ensembl:13236[2];Ensembl:13236[2>0]	ENSG00000163132	CURATED:171[0];HGNC.Current:21208[1];HGNC.Current:21208[1>0];Ensembl.HGNC:13236[3>0]
ENSP00000372563	Ensembl.Proteins:91188[2];Ensembl.Proteins:439180[0>2];Ensembl:126999[2];Ensembl:126999[2>0]	ENSG00000227322	CURATED:218[0];HGNC.Current:34480[1];HGNC.Current:34480[1>0];Ensembl.HGNC:127023[3>0]
ENSP00000372563	Ensembl.Proteins:91188[2];Ensembl.Proteins:439178[0>2];Ensembl:141854[2];Ensembl:141854[2>0]	ENSG00000228333	CURATED:218[0];HGNC.Current:34480[1];HGNC.Current:34480[1>0];Ensembl.HGNC:141878[3>0]
ENSP00000372563	Ensembl.Proteins:91188[2];Ensembl.Proteins:439176[0>2];Ensembl:111111[2];Ensembl:111111[2>0]	ENSG00000231321	CURATED:218[0];HGNC.Current:34480[1];HGNC.Current:34480[1>0];Ensembl.HGNC:111135[3>0]
ENSP00000372563	Ensembl.Proteins:91188[2];Ensembl.Proteins:439175[0>2];Ensembl:154370[2];Ensembl:154370[2>0]	ENSG00000235712	CURATED:218[0];HGNC.Current:34480[1];HGNC.Current:34480[1>0];Ensembl.HGNC:154394[3>0]
ENSP00000372564	Ensembl.Proteins:91189[2];Ensembl.Proteins:439195[0>2];Ensembl:126999[2];Ensembl:126999[2>0]	ENSG00000227322	CURATED:218[0];HGNC.Current:34480[1];HGNC.Current:34480[1>0];Ensembl.HGNC:127023[3>0]
ENSP00000372564	Ensembl.Proteins:91189[2];Ensembl.Proteins:439193[0>2];Ensembl:141854[2];Ensembl:141854[2>0]	ENSG00000228333	CURATED:218[0];HGNC.Current:34480[1];HGNC.Current:34480[1>0];Ensembl.HGNC:141878[3>0]
ENSP00000372564	Ensembl.Proteins:91189[2];Ensembl.Proteins:439191[0>2];Ensembl:111111[2];Ensembl:111111[2>0]	ENSG00000231321	CURATED:218[0];HGNC.Current:34480[1];HGNC.Current:34480[1>0];Ensembl.HGNC:111135[3>0]
ENSP00000372564	Ensembl.Proteins:91189[2];Ensembl.Proteins:439190[0>2];Ensembl:154370[2];Ensembl:154370[2>0]	ENSG00000235712	CURATED:218[0];HGNC.Current:34480[1];HGNC.Current:34480[1>0];Ensembl.HGNC:154394[3>0]
ENSP00000372703	Ensembl:159226[2];Ensembl:159226[2>0]	ENSG00000206289	CURATED:218[0];HGNC.Current:34480[1];HGNC.Current:34480[1>0];Ensembl.HGNC:159249[3>0]
ENSP00000372704	Ensembl:159225[2];Ensembl:159225[2>0]	ENSG00000206289	CURATED:218[0];HGNC.Current:34480[1];HGNC.Current:34480[1>0];Ensembl.HGNC:159249[3>0]
ENSP00000373282	Ensembl:215580[2];Ensembl:215580[2>0]	ENSG00000077092	CURATED:207[0];HGNC.Current:27803[1];HGNC.Current:27803[1>0];Ensembl.HGNC:215599[3>0]
ENSP00000373923	Ensembl:265700[2];Ensembl:265700[2>0]	ENSG00000168610	CURATED:242[0];HGNC.Current:37779[1];HGNC.Current:37779[1>0];Ensembl.HGNC:265687[3>0]
ENSP00000373992	Ensembl:190081[2];Ensembl:190081[2>0]	ENSG00000028277	CURATED:202[0];HGNC.Current:26332[1];HGNC.Current:26332[1>0];Ensembl.HGNC:190104[3>0]
ENSP00000374340	Ensembl:25016[2];Ensembl:25016[2>0]	ENSG00000160221	CURATED:90[0];HGNC.Current:11563[1];HGNC.Current:10083[8>1];HGNC.Current:10083[1];HGNC.Current:10083[1>0];Ensembl.HGNC:25032[3>0]
ENSP00000375921	Ensembl:125868[2];Ensembl:125868[2>0]	ENSG00000135903	CURATED:196[0];HGNC.Current:24884[1];HGNC.Current:24884[1>0];Ensembl.HGNC:125892[3>0]
ENSP00000375922	Ensembl:125869[2];Ensembl:125869[2>0]	ENSG00000135903	CURATED:196[0];HGNC.Current:24884[1];HGNC.Current:24884[1>0];Ensembl.HGNC:125892[3>0]
ENSP00000376134	Ensembl:272573[2];Ensembl:272573[2>0]	ENSG00000138378	CURATED:243[0];HGNC.Current:37780[1];HGNC.Current:37780[1>0];Ensembl.HGNC:272621[3>0]
ENSP00000376136	Ensembl:256525[2];Ensembl:256525[2>0]	ENSG00000115415	CURATED:241[0];HGNC.Current:37777[1];HGNC.Current:37777[1>0];Ensembl.HGNC:256520[3>0]
ENSP00000376137	Ensembl:256529[2];Ensembl:256529[2>0]	ENSG00000115415	CURATED:241[0];HGNC.Current:37777[1];HGNC.Current:37777[1>0];Ensembl.HGNC:256520[3>0]
ENSP00000376173	Ensembl:143979[2];Ensembl:143979[2>0]	ENSG00000197063	CURATED:160[0];HGNC.Current:17880[1];HGNC.Current:17880[1>0];Ensembl.HGNC:144002[3>0]
ENSP00000376436	Ensembl:241992[2];Ensembl:241992[2>0]	ENSG00000134954	CURATED:50[0];HGNC.Current:8351[1];HGNC.Current:8351[1>0];Ensembl.HGNC:242014[3>0]
ENSP00000376601	Ensembl:236785[2];Ensembl:236785[2>0]	ENSG00000169554	CURATED:272[0];HGNC.Current:42926[1];HGNC.Current:42926[1>0];Ensembl.HGNC:236783[3>0]
ENSP00000376721	Ensembl:163485[2];Ensembl:163485[2>0]	ENSG00000109906	CURATED:269[0];HGNC.Current:42806[1];HGNC.Current:42806[1>0];Ensembl.HGNC:163499[3>0]
ENSP00000376842	Ensembl:73453[2];Ensembl:73453[2>0]	ENSG00000119950	CURATED:174[0];HGNC.Current:21940[1];HGNC.Current:21940[1>0];Ensembl.HGNC:73472[3>0]
ENSP00000377019	Ensembl:34642[2];Ensembl:34642[2>0]	ENSG00000178573	CURATED:158[0];HGNC.Current:17873[1];HGNC.Current:17873[1>0];Ensembl.HGNC:34664[3>0]
ENSP00000377125	Ensembl:64086[2];Ensembl:64086[2>0]	ENSG00000105967	CURATED:260[0];HGNC.Current:38728[1];HGNC.Current:38728[1>0];Ensembl.HGNC:64107[3>0]
ENSP00000377271	Ensembl:249624[2];Ensembl:249624[2>0]	ENSG00000005102	CURATED:166[0];HGNC.Current:18417[1];HGNC.Current:18417[1>0];Ensembl.HGNC:249646[3>0]
ENSP00000377343	Ensembl:201324[2];Ensembl:201324[2>0]	ENSG00000102908	CURATED:179[0];HGNC.Current:22649[1];HGNC.Current:22649[1>0];Ensembl.HGNC:201339[3>0]
ENSP00000377375	Ensembl.Proteins:95848[2];Ensembl.Proteins:588540[0>2];Ensembl:244815[2];Ensembl:244815[2>0]	ENSG00000181722	CURATED:270[0];HGNC.Current:42809[1];HGNC.Current:42809[1>0];Ensembl.HGNC:244837[3>0]
ENSP00000377643	Ensembl:42587[2];Ensembl:42587[2>0]	ENSG00000131759	CURATED:206[0];HGNC.Current:27801[1];HGNC.Current:27801[1>0];Ensembl.HGNC:42605[3>0]
ENSP00000377648	Ensembl:42586[2];Ensembl:42586[2>0]	ENSG00000131759	CURATED:206[0];HGNC.Current:27801[1];HGNC.Current:27801[1>0];Ensembl.HGNC:42605[3>0]
ENSP00000377649	Ensembl:42583[2];Ensembl:42583[2>0]	ENSG00000131759	CURATED:206[0];HGNC.Current:27801[1];HGNC.Current:27801[1>0];Ensembl.HGNC:42605[3>0]
ENSP00000377721	Ensembl:47538[2];Ensembl:47538[2>0]	ENSG00000185551	CURATED:190[0];HGNC.Current:23168[1];HGNC.Current:23168[1>0];Ensembl.HGNC:47561[3>0]
ENSP00000377726	Ensembl:47541[2];Ensembl:47541[2>0]	ENSG00000185551	CURATED:190[0];HGNC.Current:23168[1];HGNC.Current:23168[1>0];Ensembl.HGNC:47561[3>0]
ENSP00000377782	Ensembl:148499[2];Ensembl:148499[2>0]	ENSG00000109381	CURATED:43[0];HGNC.Current:7811[1];HGNC.Current:7811[1>0];Ensembl.HGNC:148522[3>0]
ENSP00000377880	Ensembl:258006[2];Ensembl:258006[2>0]	ENSG00000187098	CURATED:169[0];HGNC.Current:20644[1];HGNC.Current:20644[1>0];Ensembl.HGNC:258015[3>0]
ENSP00000377947	Ensembl:48997[2];Ensembl:48997[2>0]	ENSG00000172819	CURATED:208[0];HGNC.Current:27805[1];HGNC.Current:27805[1>0];Ensembl.HGNC:49004[3>0]
ENSP00000378132	Ensembl:167856[2];Ensembl:167856[2>0]	ENSG00000176842	CURATED:134[0];HGNC.Current:13524[1];HGNC.Current:13524[1>0];Ensembl.HGNC:167880[3>0]
ENSP00000378297	Ensembl:162857[2];Ensembl:162857[2>0]	ENSG00000109320	CURATED:184[0];HGNC.Current:22673[1];HGNC.Current:22673[1>0];Ensembl.HGNC:162880[3>0]
ENSP00000378469	Ensembl:256950[2];Ensembl:256950[2>0]	ENSG00000081059	CURATED:255[0];HGNC.Current:38513[1];HGNC.Current:38513[1>0];Ensembl.HGNC:256964[3>0]
ENSP00000378472	Ensembl:256941[2];Ensembl:256941[2>0]	ENSG00000081059	CURATED:255[0];HGNC.Current:38513[1];HGNC.Current:38513[1>0];Ensembl.HGNC:256964[3>0]
ENSP00000378607	Ensembl.Proteins:97080[2];Ensembl.Proteins:450732[0>2];Ensembl:126999[2];Ensembl:126999[2>0]	ENSG00000227322	CURATED:218[0];HGNC.Current:34480[1];HGNC.Current:34480[1>0];Ensembl.HGNC:127023[3>0]
ENSP00000378607	Ensembl.Proteins:97080[2];Ensembl.Proteins:450730[0>2];Ensembl:141854[2];Ensembl:141854[2>0]	ENSG00000228333	CURATED:218[0];HGNC.Current:34480[1];HGNC.Current:34480[1>0];Ensembl.HGNC:141878[3>0]
ENSP00000378607	Ensembl.Proteins:97080[2];Ensembl.Proteins:450728[0>2];Ensembl:111111[2];Ensembl:111111[2>0]	ENSG00000231321	CURATED:218[0];HGNC.Current:34480[1];HGNC.Current:34480[1>0];Ensembl.HGNC:111135[3>0]
ENSP00000378607	Ensembl.Proteins:97080[2];Ensembl.Proteins:450727[0>2];Ensembl:154370[2];Ensembl:154370[2>0]	ENSG00000235712	CURATED:218[0];HGNC.Current:34480[1];HGNC.Current:34480[1>0];Ensembl.HGNC:154394[3>0]
ENSP00000378650	Ensembl:168332[2];Ensembl:168332[2>0]	ENSG00000149922	CURATED:251[0];HGNC.Current:38458[1];HGNC.Current:38458[1>0];Ensembl.HGNC:168356[3>0]
ENSP00000378813	Ensembl:224245[2];Ensembl:224245[2>0]	ENSG00000071564	CURATED:253[0];HGNC.Current:38508[1];HGNC.Current:38508[1>0];Ensembl.HGNC:224257[3>0]
ENSP00000379003	Ensembl:129390[2];Ensembl:129390[2>0]	ENSG00000176046	CURATED:191[0];HGNC.Current:23426[1];HGNC.Current:23426[1>0];Ensembl.HGNC:129412[3>0]
ENSP00000379175	Ensembl:238362[2];Ensembl:238362[2>0]	ENSG00000135363	CURATED:153[0];HGNC.Current:17420[1];HGNC.Current:17420[1>0];Ensembl.HGNC:238384[3>0]
ENSP00000379222	Ensembl:107927[2];Ensembl:107927[2>0]	ENSG00000155090	CURATED:140[0];HGNC.Current:14142[1];HGNC.Current:14142[1>0];Ensembl.HGNC:107950[3>0]
ENSP00000379225	Ensembl:166929[2];Ensembl:166929[2>0]	ENSG00000095794	CURATED:25[0];HGNC.Current:5517[1];HGNC.Current:5517[1>0];Ensembl.HGNC:166924[3>0]
ENSP00000379486	Ensembl:263305[2];Ensembl:263305[2>0]	ENSG00000168036	CURATED:26[0];HGNC.Current:5816[1];HGNC.Current:5816[1>0];Ensembl.HGNC:263315[3>0]
ENSP00000379488	Ensembl:263301[2];Ensembl:263301[2>0]	ENSG00000168036	CURATED:26[0];HGNC.Current:5816[1];HGNC.Current:5816[1>0];Ensembl.HGNC:263315[3>0]
ENSP00000379507	Ensembl:31632[2];Ensembl:31632[2>0]	ENSG00000198963	CURATED:212[0];HGNC.Current:32137[1];HGNC.Current:32137[1>0];Ensembl.HGNC:31655[3>0]
ENSP00000379585	Ensembl:220769[2];Ensembl:220769[2>0]	ENSG00000115738	CURATED:122[0];HGNC.Current:12531[1];HGNC.Current:12531[1>0];Ensembl.HGNC:220791[3>0]
ENSP00000379633	Ensembl:169655[2];Ensembl:169655[2>0]	ENSG00000253293	CURATED:103[0];HGNC.Current:12146[1];HGNC.Current:12146[1>0];Ensembl.HGNC:169678[3>0]
ENSP00000379634	Ensembl:149246[2];Ensembl:149246[2>0]	ENSG00000078399	CURATED:109[0];HGNC.Current:12145[1];HGNC.Current:12145[1>0];Ensembl.HGNC:149267[3>0]
ENSP00000379640	Ensembl:153270[2];Ensembl:153270[2>0]	ENSG00000105997	CURATED:105[0];HGNC.Current:12140[1];HGNC.Current:12140[1>0];Ensembl.HGNC:153294[3>0]
ENSP00000379644	Ensembl:188558[2];Ensembl:188558[2>0]	ENSG00000110693	CURATED:231[0];HGNC.Current:37140[1];HGNC.Current:37140[1>0];Ensembl.HGNC:188565[3>0]
ENSP00000379658	Ensembl:20769[2];Ensembl:20769[2>0]	ENSG00000139083	CURATED:54[0];HGNC.Current:8363[1];HGNC.Current:8363[1>0];Ensembl.HGNC:20793[3>0]
ENSP00000380034	Ensembl:38682[2];Ensembl:38682[2>0]	ENSG00000019549	CURATED:223[0];HGNC.Current:36262[1];HGNC.Current:36262[1>0];Ensembl.HGNC:38704[3>0]
ENSP00000380252	Ensembl:260801[2];Ensembl:260801[2>0]	ENSG00000116044	CURATED:182[0];HGNC.Current:22659[1];HGNC.Current:22659[1>0];Ensembl.HGNC:260805[3>0]
ENSP00000380253	Ensembl:260791[2];Ensembl:260791[2>0]	ENSG00000116044	CURATED:182[0];HGNC.Current:22659[1];HGNC.Current:22659[1>0];Ensembl.HGNC:260805[3>0]
ENSP00000380697	Ensembl:231974[2];Ensembl:231974[2>0]	ENSG00000185507	CURATED:130[0];HGNC.Current:13505[1];HGNC.Current:13505[1>0];Ensembl.HGNC:231997[3>0]
ENSP00000380700	Ensembl:231978[2];Ensembl:231978[2>0]	ENSG00000185507	CURATED:130[0];HGNC.Current:13505[1];HGNC.Current:13505[1>0];Ensembl.HGNC:231997[3>0]
ENSP00000380745	Ensembl:176613[2];Ensembl:176613[2>0]	ENSG00000134138	CURATED:165[0];HGNC.Current:18402[1];HGNC.Current:18402[1>0];Ensembl.HGNC:176618[3>0]
ENSP00000380749	Ensembl:176597[2];Ensembl:176597[2>0]	ENSG00000134138	CURATED:165[0];HGNC.Current:18402[1];HGNC.Current:18402[1>0];Ensembl.HGNC:176618[3>0]
ENSP00000381382	Ensembl:12574[2];Ensembl:12574[2>0]	ENSG00000196628	CURATED:254[0];HGNC.Current:38510[1];HGNC.Current:38510[1>0];Ensembl.HGNC:12536[3>0]
ENSP00000381486	Ensembl:272030[2];Ensembl:272030[2>0]	ENSG00000214513	CURATED:188[0];HGNC.Current:22989[1];HGNC.Current:22989[1>0];Ensembl.HGNC:272078[3>0]
ENSP00000381518	Ensembl:274441[2];Ensembl:274441[2>0]	ENSG00000143995	CURATED:164[0];HGNC.Current:18399[1];HGNC.Current:18399[1>0];Ensembl.HGNC:274483[3>0]
ENSP00000381871	Ensembl:15736[2];Ensembl:15736[2>0]	ENSG00000157554	CURATED:49[0];HGNC.Current:8145[1];HGNC.Current:8145[1>0];Ensembl.HGNC:15734[3>0]
ENSP00000381877	Ensembl:15734[2];Ensembl:15734[2>0]	ENSG00000157554	CURATED:49[0];HGNC.Current:8145[1];HGNC.Current:8145[1>0];Ensembl.HGNC:15734[3>0]
ENSP00000381879	Ensembl:15735[2];Ensembl:15735[2>0]	ENSG00000157554	CURATED:49[0];HGNC.Current:8145[1];HGNC.Current:8145[1>0];Ensembl.HGNC:15734[3>0]
ENSP00000381881	Ensembl:15739[2];Ensembl:15739[2>0]	ENSG00000157554	CURATED:49[0];HGNC.Current:8145[1];HGNC.Current:8145[1>0];Ensembl.HGNC:15734[3>0]
ENSP00000381882	Ensembl:15737[2];Ensembl:15737[2>0]	ENSG00000157554	CURATED:49[0];HGNC.Current:8145[1];HGNC.Current:8145[1>0];Ensembl.HGNC:15734[3>0]
ENSP00000381891	Ensembl:15742[2];Ensembl:15742[2>0]	ENSG00000157554	CURATED:49[0];HGNC.Current:8145[1];HGNC.Current:8145[1>0];Ensembl.HGNC:15734[3>0]
ENSP00000382182	Ensembl:38959[2];Ensembl:38959[2>0]	ENSG00000159216	CURATED:214[0];HGNC.Current:34448[1];HGNC.Current:34448[1>0];Ensembl.HGNC:38975[3>0]
ENSP00000382184	Ensembl:38955[2];Ensembl:38955[2>0]	ENSG00000159216	CURATED:214[0];HGNC.Current:34448[1];HGNC.Current:34448[1>0];Ensembl.HGNC:38975[3>0]
ENSP00000382800	Ensembl:273461[2];Ensembl:273461[2>0]	ENSG00000020633	CURATED:216[0];HGNC.Current:34454[1];HGNC.Current:34454[1>0];Ensembl.HGNC:273507[3>0]
ENSP00000382805	Ensembl:2716[2];Ensembl:2716[2>0]	ENSG00000156273	CURATED:10[0];HGNC.Current:2206[1];HGNC.Current:2206[1>0];Ensembl.HGNC:2711[3>0]
ENSP00000384135	Ensembl:2743[2];Ensembl:2743[2>0]	ENSG00000120690	CURATED:42[0];HGNC.Current:7810[1];HGNC.Current:7810[1>0];Ensembl.HGNC:2739[3>0]
ENSP00000384152	Ensembl:105669[2];Ensembl:105669[2>0]	ENSG00000089225	CURATED:250[0];HGNC.Current:38456[1];HGNC.Current:38456[1>0];Ensembl.HGNC:105693[3>0]
ENSP00000384295	Ensembl:102305[2];Ensembl:102305[2>0]	ENSG00000100219	CURATED:268[0];HGNC.Current:42573[1];HGNC.Current:42573[1>0];Ensembl.HGNC:102325[3>0]
ENSP00000384406	Ensembl:223188[2];Ensembl:223188[2>0]	ENSG00000125347	CURATED:128[0];HGNC.Current:13494[1];HGNC.Current:13494[1>0];Ensembl.HGNC:223200[3>0]
ENSP00000384523	Ensembl:270136[2];Ensembl:270136[2>0]	ENSG00000162599	CURATED:183[0];HGNC.Current:22664[1];HGNC.Current:22664[1>0];Ensembl.HGNC:270168[3>0]
ENSP00000384524	Ensembl:200527[2];Ensembl:200527[2>0]	ENSG00000105672	CURATED:52[0];HGNC.Current:8357[1];HGNC.Current:8357[1>0];Ensembl.HGNC:200549[3>0]
ENSP00000384680	Ensembl:270123[2];Ensembl:270123[2>0]	ENSG00000162599	CURATED:183[0];HGNC.Current:22664[1];HGNC.Current:22664[1>0];Ensembl.HGNC:270168[3>0]
ENSP00000384943	Ensembl:265703[2];Ensembl:265703[2>0]	ENSG00000168610	CURATED:242[0];HGNC.Current:37779[1];HGNC.Current:37779[1>0];Ensembl.HGNC:265687[3>0]
ENSP00000385162	Ensembl:102302[2];Ensembl:102302[2>0]	ENSG00000100219	CURATED:268[0];HGNC.Current:42573[1];HGNC.Current:42573[1>0];Ensembl.HGNC:102325[3>0]
ENSP00000385369	Ensembl:200529[2];Ensembl:200529[2>0]	ENSG00000105672	CURATED:52[0];HGNC.Current:8357[1];HGNC.Current:8357[1>0];Ensembl.HGNC:200549[3>0]
ENSP00000385465	Ensembl:220768[2];Ensembl:220768[2>0]	ENSG00000115738	CURATED:122[0];HGNC.Current:12531[1];HGNC.Current:12531[1>0];Ensembl.HGNC:220791[3>0]
ENSP00000385604	Ensembl:263295[2];Ensembl:263295[2>0]	ENSG00000168036	CURATED:26[0];HGNC.Current:5816[1];HGNC.Current:5816[1>0];Ensembl.HGNC:263315[3>0]
ENSP00000385693	Ensembl:193453[2];Ensembl:193453[2>0]	ENSG00000137309	CURATED:99[0];HGNC.Current:11744[1];HGNC.Current:11744[1>0];Ensembl.HGNC:193473[3>0]
ENSP00000385782	Ensembl:59108[2];Ensembl:59108[2>0]	ENSG00000115507	CURATED:193[0];HGNC.Current:24602[1];HGNC.Current:24602[1>0];Ensembl.HGNC:59128[3>0]
ENSP00000385824	Ensembl:51482[2];Ensembl:51482[2>0]	ENSG00000118689	CURATED:71[0];HGNC.Current:9473[1];HGNC.Current:9473[1>0];Ensembl.HGNC:51505[3>0]
ENSP00000386145	Ensembl:18410[2];Ensembl:18410[2>0]	ENSG00000198176	CURATED:258[0];HGNC.Current:38720[1];HGNC.Current:38720[1>0];Ensembl.HGNC:18429[3>0]
ENSP00000386165	Ensembl:151033[2];Ensembl:151033[2>0]	ENSG00000221869	CURATED:20[0];HGNC.Current:4283[1];HGNC.Current:4283[1>0];Ensembl.HGNC:151057[3>0]
ENSP00000386178	Ensembl:10325[2];Ensembl:10325[2>0]	ENSG00000221818	CURATED:37[0];HGNC.Current:7390[1];HGNC.Current:7390[1>0];Ensembl.HGNC:10324[3>0]
ENSP00000386185	Ensembl:116869[2];Ensembl:116869[2>0]	ENSG00000165588	CURATED:194[0];HGNC.Current:24603[1];HGNC.Current:24603[1>0];Ensembl.HGNC:116891[3>0]
ENSP00000386244	Ensembl:256520[2];Ensembl:256520[2>0]	ENSG00000115415	CURATED:241[0];HGNC.Current:37777[1];HGNC.Current:37777[1>0];Ensembl.HGNC:256520[3>0]
ENSP00000386288	Ensembl:272585[2];Ensembl:272585[2>0]	ENSG00000138378	CURATED:243[0];HGNC.Current:37780[1];HGNC.Current:37780[1>0];Ensembl.HGNC:272621[3>0]
ENSP00000386347	Ensembl:228357[2];Ensembl:228357[2>0]	ENSG00000153250	CURATED:209[0];HGNC.Current:27978[1];HGNC.Current:27978[1>0];Ensembl.HGNC:228378[3>0]
ENSP00000386498	Ensembl:211179[2];Ensembl:211179[2>0]	ENSG00000128652	CURATED:118[0];HGNC.Current:12183[1];HGNC.Current:12183[1>0];Ensembl.HGNC:211200[3>0]
ENSP00000386523	Ensembl:208710[2];Ensembl:208710[2>0]	ENSG00000059728	CURATED:173[0];HGNC.Current:21937[1];HGNC.Current:21937[1>0];Ensembl.HGNC:208732[3>0]
ENSP00000386571	Ensembl:228358[2];Ensembl:228358[2>0]	ENSG00000153250	CURATED:209[0];HGNC.Current:27978[1];HGNC.Current:27978[1>0];Ensembl.HGNC:228378[3>0]
ENSP00000386750	Ensembl:125875[2];Ensembl:125875[2>0]	ENSG00000135903	CURATED:196[0];HGNC.Current:24884[1];HGNC.Current:24884[1>0];Ensembl.HGNC:125892[3>0]
ENSP00000386817	Ensembl:125881[2];Ensembl:125881[2>0]	ENSG00000135903	CURATED:196[0];HGNC.Current:24884[1];HGNC.Current:24884[1>0];Ensembl.HGNC:125892[3>0]
ENSP00000386854	Ensembl:236771[2];Ensembl:236771[2>0]	ENSG00000169554	CURATED:272[0];HGNC.Current:42926[1];HGNC.Current:42926[1>0];Ensembl.HGNC:236783[3>0]
ENSP00000387008	Ensembl:120573[2];Ensembl:120573[2>0]	ENSG00000144485	CURATED:93[0];HGNC.Current:11568[1];HGNC.Current:11568[1>0];Ensembl.HGNC:120592[3>0]
ENSP00000387107	Ensembl:120574[2];Ensembl:120574[2>0]	ENSG00000144485	CURATED:93[0];HGNC.Current:11568[1];HGNC.Current:11568[1>0];Ensembl.HGNC:120592[3>0]
ENSP00000387155	Ensembl:120570[2];Ensembl:120570[2>0]	ENSG00000144485	CURATED:93[0];HGNC.Current:11568[1];HGNC.Current:11568[1>0];Ensembl.HGNC:120592[3>0]
ENSP00000387215	Ensembl:120569[2];Ensembl:120569[2>0]	ENSG00000144485	CURATED:93[0];HGNC.Current:11568[1];HGNC.Current:11568[1>0];Ensembl.HGNC:120592[3>0]
ENSP00000387256	Ensembl:236788[2];Ensembl:236788[2>0]	ENSG00000169554	CURATED:272[0];HGNC.Current:42926[1];HGNC.Current:42926[1>0];Ensembl.HGNC:236783[3>0]
ENSP00000387280	Ensembl:228361[2];Ensembl:228361[2>0]	ENSG00000153250	CURATED:209[0];HGNC.Current:27978[1];HGNC.Current:27978[1>0];Ensembl.HGNC:228378[3>0]
ENSP00000387343	Ensembl:120571[2];Ensembl:120571[2>0]	ENSG00000144485	CURATED:93[0];HGNC.Current:11568[1];HGNC.Current:11568[1>0];Ensembl.HGNC:120592[3>0]
ENSP00000387419	Ensembl:178586[2];Ensembl:178586[2>0]	ENSG00000127152	CURATED:13[0];HGNC.Current:2343[1];HGNC.Current:2343[1>0];Ensembl.HGNC:178608[3>0]
ENSP00000387455	Ensembl:263297[2];Ensembl:263297[2>0]	ENSG00000168036	CURATED:26[0];HGNC.Current:5816[1];HGNC.Current:5816[1>0];Ensembl.HGNC:263315[3>0]
ENSP00000387510	Ensembl:265085[2];Ensembl:265085[2>0]	ENSG00000118263	CURATED:147[0];HGNC.Current:14135[1];HGNC.Current:14135[1>0];Ensembl.HGNC:265108[3>0]
ENSP00000387543	Ensembl:94309[2];Ensembl:94309[2>0]	ENSG00000108001	CURATED:38[0];HGNC.Current:7391[1];HGNC.Current:7391[1>0];Ensembl.HGNC:94333[3>0]
ENSP00000387634	Ensembl:114565[2];Ensembl:114565[2>0]	ENSG00000122877	CURATED:41[0];HGNC.Current:7620[1];HGNC.Current:7620[1>0];Ensembl.HGNC:114586[3>0]
ENSP00000387650	Ensembl:64091[2];Ensembl:64091[2>0]	ENSG00000105967	CURATED:260[0];HGNC.Current:38728[1];HGNC.Current:38728[1>0];Ensembl.HGNC:64107[3>0]
ENSP00000387699	Ensembl:246965[2];Ensembl:246965[2>0]	ENSG00000118260	CURATED:24[0];HGNC.Current:5501[1];HGNC.Current:5501[1>0];Ensembl.HGNC:246988[3>0]
ENSP00000387806	Ensembl:56354[2];Ensembl:56354[2>0]	ENSG00000122034	CURATED:87[0];HGNC.Current:11034[1];HGNC.Current:11034[1>0];Ensembl.HGNC:56375[3>0]
ENSP00000388132	Ensembl:216551[2];Ensembl:216551[2>0]	ENSG00000007372	CURATED:198[0];HGNC.Current:24887[1];HGNC.Current:24887[1>0];Ensembl.HGNC:216546[3>0]
ENSP00000388189	Ensembl:38961[2];Ensembl:38961[2>0]	ENSG00000159216	CURATED:214[0];HGNC.Current:34448[1];HGNC.Current:34448[1>0];Ensembl.HGNC:38975[3>0]
ENSP00000388240	Ensembl:256498[2];Ensembl:256498[2>0]	ENSG00000115415	CURATED:241[0];HGNC.Current:37777[1];HGNC.Current:37777[1>0];Ensembl.HGNC:256520[3>0]
ENSP00000388478	Ensembl:188324[2];Ensembl:188324[2>0]	ENSG00000185811	CURATED:125[0];HGNC.Current:13181[1];HGNC.Current:13181[1>0];Ensembl.HGNC:188341[3>0]
ENSP00000388486	Ensembl:229683[2];Ensembl:229683[2>0]	ENSG00000170802	CURATED:69[0];HGNC.Current:9464[1];HGNC.Current:9464[1>0];Ensembl.HGNC:229707[3>0]
ENSP00000388510	Ensembl:48980[2];Ensembl:48980[2>0]	ENSG00000172819	CURATED:208[0];HGNC.Current:27805[1];HGNC.Current:27805[1>0];Ensembl.HGNC:49004[3>0]
ENSP00000388620	Ensembl:242243[2];Ensembl:242243[2>0]	ENSG00000163508	CURATED:47[0];HGNC.Current:8038[1];HGNC.Current:8038[1>0];Ensembl.HGNC:242266[3>0]
ENSP00000388737	Ensembl:86201[2];Ensembl:86201[2>0]	ENSG00000244405	CURATED:53[0];HGNC.Current:8361[1];HGNC.Current:8361[1>0];Ensembl.HGNC:86215[3>0]
ENSP00000388772	Ensembl:256514[2];Ensembl:256514[2>0]	ENSG00000115415	CURATED:241[0];HGNC.Current:37777[1];HGNC.Current:37777[1>0];Ensembl.HGNC:256520[3>0]
ENSP00000388984	Ensembl:54887[2];Ensembl:54887[2>0]	ENSG00000152284	CURATED:253[0];HGNC.Current:38508[1];HGNC.Current:38514[10>1];HGNC.Current:38514[1];HGNC.Current:38514[1>0];Ensembl.HGNC:54909[3>0]
ENSP00000389016	Ensembl:228366[2];Ensembl:228366[2>0]	ENSG00000153250	CURATED:209[0];HGNC.Current:27978[1];HGNC.Current:27978[1>0];Ensembl.HGNC:228378[3>0]
ENSP00000389514	Ensembl:127004[2];Ensembl:127004[2>0]	ENSG00000227322	CURATED:218[0];HGNC.Current:34480[1];HGNC.Current:34480[1>0];Ensembl.HGNC:127023[3>0]
ENSP00000389548	Ensembl:273919[2];Ensembl:273919[2>0]	ENSG00000030419	CURATED:126[0];HGNC.Current:13182[1];HGNC.Current:13182[1>0];Ensembl.HGNC:273958[3>0]
ENSP00000389610	Ensembl:259533[2];Ensembl:259533[2>0]	ENSG00000081189	CURATED:162[0];HGNC.Current:18379[1];HGNC.Current:18379[1>0];Ensembl.HGNC:259555[3>0]
ENSP00000389655	Ensembl:56353[2];Ensembl:56353[2>0]	ENSG00000122034	CURATED:87[0];HGNC.Current:11034[1];HGNC.Current:11034[1>0];Ensembl.HGNC:56375[3>0]
ENSP00000389707	Ensembl:86198[2];Ensembl:86198[2>0]	ENSG00000244405	CURATED:53[0];HGNC.Current:8361[1];HGNC.Current:8361[1>0];Ensembl.HGNC:86215[3>0]
ENSP00000389853	Ensembl:47540[2];Ensembl:47540[2>0]	ENSG00000185551	CURATED:190[0];HGNC.Current:23168[1];HGNC.Current:23168[1>0];Ensembl.HGNC:47561[3>0]
ENSP00000389870	Ensembl:74591[2];Ensembl:74591[2>0]	ENSG00000064195	CURATED:28[0];HGNC.Current:6740[1];HGNC.Current:6740[1>0];Ensembl.HGNC:74615[3>0]
ENSP00000389993	Ensembl:42584[2];Ensembl:42584[2>0]	ENSG00000131759	CURATED:206[0];HGNC.Current:27801[1];HGNC.Current:27801[1>0];Ensembl.HGNC:42605[3>0]
ENSP00000390045	Ensembl:273923[2];Ensembl:273923[2>0]	ENSG00000030419	CURATED:126[0];HGNC.Current:13182[1];HGNC.Current:13182[1>0];Ensembl.HGNC:273958[3>0]
ENSP00000390460	Ensembl:222951[2];Ensembl:222951[2>0]	ENSG00000118513	CURATED:175[0];HGNC.Current:21951[1];HGNC.Current:21951[1>0];Ensembl.HGNC:222938[3>0]
ENSP00000390529	Ensembl:237593[2];Ensembl:237593[2>0]	ENSG00000182568	CURATED:220[0];HGNC.Current:34631[1];HGNC.Current:34631[1>0];Ensembl.HGNC:237609[3>0]
ENSP00000390817	Ensembl:22700[2];Ensembl:22700[2>0]	ENSG00000105866	CURATED:235[0];HGNC.Current:37163[1];HGNC.Current:37163[1>0];Ensembl.HGNC:22722[3>0]
ENSP00000390857	Ensembl:13932[2];Ensembl:13932[2>0]	ENSG00000087510	CURATED:257[0];HGNC.Current:38710[1];HGNC.Current:38710[1>0];Ensembl.HGNC:13931[3>0]
ENSP00000390870	Ensembl:120576[2];Ensembl:120576[2>0]	ENSG00000144485	CURATED:93[0];HGNC.Current:11568[1];HGNC.Current:11568[1>0];Ensembl.HGNC:120592[3>0]
ENSP00000391125	Ensembl:246975[2];Ensembl:246975[2>0]	ENSG00000118260	CURATED:24[0];HGNC.Current:5501[1];HGNC.Current:5501[1>0];Ensembl.HGNC:246988[3>0]
ENSP00000391344	Ensembl:237606[2];Ensembl:237606[2>0]	ENSG00000182568	CURATED:220[0];HGNC.Current:34631[1];HGNC.Current:34631[1>0];Ensembl.HGNC:237609[3>0]
ENSP00000391391	Ensembl:215594[2];Ensembl:215594[2>0]	ENSG00000077092	CURATED:207[0];HGNC.Current:27803[1];HGNC.Current:27803[1>0];Ensembl.HGNC:215599[3>0]
ENSP00000391612	Ensembl:92732[2];Ensembl:92732[2>0]	ENSG00000148516	CURATED:271[0];HGNC.Current:42924[1];HGNC.Current:42924[1>0];Ensembl.HGNC:92740[3>0]
ENSP00000391803	Ensembl:258000[2];Ensembl:258000[2>0]	ENSG00000187098	CURATED:169[0];HGNC.Current:20644[1];HGNC.Current:20644[1>0];Ensembl.HGNC:258015[3>0]
ENSP00000391877	Ensembl:169864[2];Ensembl:169864[2>0]	ENSG00000269404	CURATED:240[0];HGNC.Current:37338[1];HGNC.Current:37338[1>0];Ensembl.HGNC:169888[3>0]
ENSP00000391881	Ensembl:111802[2];Ensembl:111802[2>0]	ENSG00000115816	CURATED:22[0];HGNC.Current:4286[1];HGNC.Current:4286[1>0];Ensembl.HGNC:111824[3>0]
ENSP00000392015	Ensembl:265096[2];Ensembl:265096[2>0]	ENSG00000118263	CURATED:147[0];HGNC.Current:14135[1];HGNC.Current:14135[1>0];Ensembl.HGNC:265108[3>0]
ENSP00000392202	Ensembl:2720[2];Ensembl:2720[2>0]	ENSG00000156273	CURATED:10[0];HGNC.Current:2206[1];HGNC.Current:2206[1>0];Ensembl.HGNC:2711[3>0]
ENSP00000392428	Ensembl:246970[2];Ensembl:246970[2>0]	ENSG00000118260	CURATED:24[0];HGNC.Current:5501[1];HGNC.Current:5501[1>0];Ensembl.HGNC:246988[3>0]
ENSP00000392455	Ensembl:223210[2];Ensembl:223210[2>0]	ENSG00000125347	CURATED:128[0];HGNC.Current:13494[1];HGNC.Current:13494[1>0];Ensembl.HGNC:223200[3>0]
ENSP00000392596	Ensembl:120575[2];Ensembl:120575[2>0]	ENSG00000144485	CURATED:93[0];HGNC.Current:11568[1];HGNC.Current:11568[1>0];Ensembl.HGNC:120592[3>0]
ENSP00000392615	Ensembl:211177[2];Ensembl:211177[2>0]	ENSG00000128652	CURATED:118[0];HGNC.Current:12183[1];HGNC.Current:12183[1>0];Ensembl.HGNC:211200[3>0]
ENSP00000392937	Ensembl:159229[2];Ensembl:159229[2>0]	ENSG00000206289	CURATED:218[0];HGNC.Current:34480[1];HGNC.Current:34480[1>0];Ensembl.HGNC:159249[3>0]
ENSP00000392962	Ensembl.Proteins:111435[2];Ensembl.Proteins:468208[0>2];Ensembl:45837[2];Ensembl:45837[2>0]	ENSG00000198846	CURATED:262[0];HGNC.Current:39612[1];HGNC.Current:39612[1>0];Ensembl.HGNC:45861[3>0]
ENSP00000393268	Ensembl:265091[2];Ensembl:265091[2>0]	ENSG00000118263	CURATED:147[0];HGNC.Current:14135[1];HGNC.Current:14135[1>0];Ensembl.HGNC:265108[3>0]
ENSP00000393286	Ensembl:154370[2];Ensembl:154370[2>0]	ENSG00000235712	CURATED:218[0];HGNC.Current:34480[1];HGNC.Current:34480[1>0];Ensembl.HGNC:154394[3>0]
ENSP00000393538	Ensembl:166913[2];Ensembl:166913[2>0]	ENSG00000095794	CURATED:25[0];HGNC.Current:5517[1];HGNC.Current:5517[1>0];Ensembl.HGNC:166924[3>0]
ENSP00000393623	Ensembl:22699[2];Ensembl:22699[2>0]	ENSG00000105866	CURATED:235[0];HGNC.Current:37163[1];HGNC.Current:37163[1>0];Ensembl.HGNC:22722[3>0]
ENSP00000393870	Ensembl:111111[2];Ensembl:111111[2>0]	ENSG00000231321	CURATED:218[0];HGNC.Current:34480[1];HGNC.Current:34480[1>0];Ensembl.HGNC:111135[3>0]
ENSP00000394512	Ensembl:256527[2];Ensembl:256527[2>0]	ENSG00000115415	CURATED:241[0];HGNC.Current:37777[1];HGNC.Current:37777[1>0];Ensembl.HGNC:256520[3>0]
ENSP00000394520	Ensembl:237607[2];Ensembl:237607[2>0]	ENSG00000182568	CURATED:220[0];HGNC.Current:34631[1];HGNC.Current:34631[1>0];Ensembl.HGNC:237609[3>0]
ENSP00000394694	Ensembl:15748[2];Ensembl:15748[2>0]	ENSG00000157554	CURATED:49[0];HGNC.Current:8145[1];HGNC.Current:8145[1>0];Ensembl.HGNC:15734[3>0]
ENSP00000394717	Ensembl:135854[2];Ensembl:135854[2>0]	ENSG00000140332	CURATED:261[0];HGNC.Current:38963[1];HGNC.Current:38963[1>0];Ensembl.HGNC:135860[3>0]
ENSP00000394777	Ensembl:236770[2];Ensembl:236770[2>0]	ENSG00000169554	CURATED:272[0];HGNC.Current:42926[1];HGNC.Current:42926[1>0];Ensembl.HGNC:236783[3>0]
ENSP00000394978	Ensembl:123571[2];Ensembl:123571[2>0]	ENSG00000106689	CURATED:152[0];HGNC.Current:14928[1];HGNC.Current:14928[1>0];Ensembl.HGNC:123593[3>0]
ENSP00000395137	Ensembl:175564[2];Ensembl:175564[2>0]	ENSG00000142910	CURATED:5[0];HGNC.Current:1429[1];HGNC.Current:38928[8>1];HGNC.Current:38928[1];HGNC.Current:38928[1>0];Ensembl.HGNC:175588[3>0]
ENSP00000395203	Ensembl:273910[2];Ensembl:273910[2>0]	ENSG00000030419	CURATED:126[0];HGNC.Current:13182[1];HGNC.Current:13182[1>0];Ensembl.HGNC:273958[3>0]
ENSP00000395378	Ensembl:186009[2];Ensembl:186009[2>0]	ENSG00000183072	CURATED:187[0];HGNC.Current:22811[1];HGNC.Current:22811[1>0];Ensembl.HGNC:186032[3>0]
ENSP00000395496	Ensembl:236783[2];Ensembl:236783[2>0]	ENSG00000169554	CURATED:272[0];HGNC.Current:42926[1];HGNC.Current:42926[1>0];Ensembl.HGNC:236783[3>0]
ENSP00000395566	Ensembl:28283[2];Ensembl:28283[2>0]	ENSG00000057657	CURATED:204[0];HGNC.Current:26725[1];HGNC.Current:26725[1>0];Ensembl.HGNC:28303[3>0]
ENSP00000396216	Ensembl:124300[2];Ensembl:124300[2>0]	ENSG00000101076	CURATED:100[0];HGNC.Current:11954[1];HGNC.Current:11954[1>0];Ensembl.HGNC:124322[3>0]
ENSP00000396219	Ensembl:259538[2];Ensembl:259538[2>0]	ENSG00000081189	CURATED:162[0];HGNC.Current:18379[1];HGNC.Current:18379[1>0];Ensembl.HGNC:259555[3>0]
ENSP00000396253	Ensembl:273920[2];Ensembl:273920[2>0]	ENSG00000030419	CURATED:126[0];HGNC.Current:13182[1];HGNC.Current:13182[1>0];Ensembl.HGNC:273958[3>0]
ENSP00000396259	Ensembl:174205[2];Ensembl:174205[2>0]	ENSG00000075891	CURATED:195[0];HGNC.Current:24883[1];HGNC.Current:24883[1>0];Ensembl.HGNC:174222[3>0]
ENSP00000396268	Ensembl:15741[2];Ensembl:15741[2>0]	ENSG00000157554	CURATED:49[0];HGNC.Current:8145[1];HGNC.Current:8145[1>0];Ensembl.HGNC:15734[3>0]
ENSP00000396275	Ensembl:214491[2];Ensembl:214491[2>0]	ENSG00000171476	CURATED:101[0];HGNC.Current:12128[1];HGNC.Current:12128[1>0];Ensembl.HGNC:214506[3>0]
ENSP00000396318	Ensembl:223208[2];Ensembl:223208[2>0]	ENSG00000125347	CURATED:128[0];HGNC.Current:13494[1];HGNC.Current:13494[1>0];Ensembl.HGNC:223200[3>0]
ENSP00000396363	Ensembl:224238[2];Ensembl:224238[2>0]	ENSG00000071564	CURATED:253[0];HGNC.Current:38508[1];HGNC.Current:38508[1>0];Ensembl.HGNC:224257[3>0]
ENSP00000396415	Ensembl:148466[2];Ensembl:148466[2>0]	ENSG00000049768	CURATED:74[0];HGNC.Current:9483[1];HGNC.Current:9483[1>0];Ensembl.HGNC:148487[3>0]
ENSP00000396497	Ensembl:254853[2];Ensembl:254853[2>0]	ENSG00000075426	CURATED:59[0];HGNC.Current:9418[1];HGNC.Current:9418[1>0];Ensembl.HGNC:254874[3>0]
ENSP00000396554	Ensembl:188331[2];Ensembl:188331[2>0]	ENSG00000185811	CURATED:125[0];HGNC.Current:13181[1];HGNC.Current:13181[1>0];Ensembl.HGNC:188341[3>0]
ENSP00000396655	Ensembl:25011[2];Ensembl:25011[2>0]	ENSG00000160221	CURATED:90[0];HGNC.Current:11563[1];HGNC.Current:10083[8>1];HGNC.Current:10083[1];HGNC.Current:10083[1>0];Ensembl.HGNC:25032[3>0]
ENSP00000397185	Ensembl:162823[2];Ensembl:162823[2>0]	ENSG00000123405	CURATED:181[0];HGNC.Current:22656[1];HGNC.Current:22656[1>0];Ensembl.HGNC:162846[3>0]
ENSP00000397245	Ensembl:265095[2];Ensembl:265095[2>0]	ENSG00000118263	CURATED:147[0];HGNC.Current:14135[1];HGNC.Current:14135[1>0];Ensembl.HGNC:265108[3>0]
ENSP00000397384	Ensembl:216590[2];Ensembl:216590[2>0]	ENSG00000007372	CURATED:198[0];HGNC.Current:24887[1];HGNC.Current:24887[1>0];Ensembl.HGNC:216546[3>0]
ENSP00000397418	Ensembl:274444[2];Ensembl:274444[2>0]	ENSG00000143995	CURATED:164[0];HGNC.Current:18399[1];HGNC.Current:18399[1>0];Ensembl.HGNC:274483[3>0]
ENSP00000398072	Ensembl:237594[2];Ensembl:237594[2>0]	ENSG00000182568	CURATED:220[0];HGNC.Current:34631[1];HGNC.Current:34631[1>0];Ensembl.HGNC:237609[3>0]
ENSP00000398572	Ensembl:265092[2];Ensembl:265092[2>0]	ENSG00000118263	CURATED:147[0];HGNC.Current:14135[1];HGNC.Current:14135[1>0];Ensembl.HGNC:265108[3>0]
ENSP00000398639	Ensembl:258003[2];Ensembl:258003[2>0]	ENSG00000187098	CURATED:169[0];HGNC.Current:20644[1];HGNC.Current:20644[1>0];Ensembl.HGNC:258015[3>0]
ENSP00000398652	Ensembl:174203[2];Ensembl:174203[2>0]	ENSG00000075891	CURATED:195[0];HGNC.Current:24883[1];HGNC.Current:24883[1>0];Ensembl.HGNC:174222[3>0]
ENSP00000398840	Ensembl:215588[2];Ensembl:215588[2>0]	ENSG00000077092	CURATED:207[0];HGNC.Current:27803[1];HGNC.Current:27803[1>0];Ensembl.HGNC:215599[3>0]
ENSP00000398981	Ensembl:73449[2];Ensembl:73449[2>0]	ENSG00000119950	CURATED:174[0];HGNC.Current:21940[1];HGNC.Current:21940[1>0];Ensembl.HGNC:73472[3>0]
ENSP00000399451	Ensembl:236798[2];Ensembl:236798[2>0]	ENSG00000169554	CURATED:272[0];HGNC.Current:42926[1];HGNC.Current:42926[1>0];Ensembl.HGNC:236783[3>0]
ENSP00000399460	Ensembl:175884[2];Ensembl:175884[2>0]	ENSG00000068305	CURATED:161[0];HGNC.Current:18376[1];HGNC.Current:18376[1>0];Ensembl.HGNC:175896[3>0]
ENSP00000399518	Ensembl:237586[2];Ensembl:237586[2>0]	ENSG00000182568	CURATED:220[0];HGNC.Current:34631[1];HGNC.Current:34631[1>0];Ensembl.HGNC:237609[3>0]
ENSP00000399707	Ensembl:86194[2];Ensembl:86194[2>0]	ENSG00000244405	CURATED:53[0];HGNC.Current:8361[1];HGNC.Current:8361[1>0];Ensembl.HGNC:86215[3>0]
ENSP00000399708	Ensembl:237587[2];Ensembl:237587[2>0]	ENSG00000182568	CURATED:220[0];HGNC.Current:34631[1];HGNC.Current:34631[1>0];Ensembl.HGNC:237609[3>0]
ENSP00000399719	Ensembl:265071[2];Ensembl:265071[2>0]	ENSG00000162676	CURATED:83[0];HGNC.Current:10204[1];HGNC.Current:10204[1>0];Ensembl.HGNC:265092[3>0]
ENSP00000399772	Ensembl:28286[2];Ensembl:28286[2>0]	ENSG00000057657	CURATED:204[0];HGNC.Current:26725[1];HGNC.Current:26725[1>0];Ensembl.HGNC:28303[3>0]
ENSP00000399888	Ensembl:193450[2];Ensembl:193450[2>0]	ENSG00000137309	CURATED:99[0];HGNC.Current:11744[1];HGNC.Current:11744[1>0];Ensembl.HGNC:193473[3>0]
ENSP00000399985	Ensembl:228541[2];Ensembl:228541[2>0]	ENSG00000151702	CURATED:56[0];HGNC.Current:9325[1];HGNC.Current:9325[1>0];Ensembl.HGNC:228559[3>0]
ENSP00000400044	Ensembl:25020[2];Ensembl:25020[2>0]	ENSG00000160221	CURATED:90[0];HGNC.Current:11563[1];HGNC.Current:10083[8>1];HGNC.Current:10083[1];HGNC.Current:10083[1>0];Ensembl.HGNC:25032[3>0]
ENSP00000400073	Ensembl:260812[2];Ensembl:260812[2>0]	ENSG00000116044	CURATED:182[0];HGNC.Current:22659[1];HGNC.Current:22659[1>0];Ensembl.HGNC:260805[3>0]
ENSP00000400104	Ensembl:141854[2];Ensembl:141854[2>0]	ENSG00000228333	CURATED:218[0];HGNC.Current:34480[1];HGNC.Current:34480[1>0];Ensembl.HGNC:141878[3>0]
ENSP00000400259	Ensembl:257243[2];Ensembl:257243[2>0]	ENSG00000179348	CURATED:77[0];HGNC.Current:10068[1];HGNC.Current:10068[1>0];Ensembl.HGNC:257262[3>0]
ENSP00000400341	Ensembl:107516[2];Ensembl:107516[2>0]	ENSG00000125798	CURATED:61[0];HGNC.Current:9421[1];HGNC.Current:9421[1>0];Ensembl.HGNC:107540[3>0]
ENSP00000400508	Ensembl:263292[2];Ensembl:263292[2>0]	ENSG00000168036	CURATED:26[0];HGNC.Current:5816[1];HGNC.Current:5816[1>0];Ensembl.HGNC:263315[3>0]
ENSP00000400576	Ensembl:2718[2];Ensembl:2718[2>0]	ENSG00000156273	CURATED:10[0];HGNC.Current:2206[1];HGNC.Current:2206[1>0];Ensembl.HGNC:2711[3>0]
ENSP00000400993	Ensembl:236796[2];Ensembl:236796[2>0]	ENSG00000169554	CURATED:272[0];HGNC.Current:42926[1];HGNC.Current:42926[1>0];Ensembl.HGNC:236783[3>0]
ENSP00000401217	Ensembl:87840[2];Ensembl:87840[2>0]	ENSG00000143190	CURATED:201[0];HGNC.Current:26330[1];HGNC.Current:26330[1>0];Ensembl.HGNC:87858[3>0]
ENSP00000401273	Ensembl:2802[2];Ensembl:2802[2>0]	ENSG00000157557	CURATED:51[0];HGNC.Current:8353[1];HGNC.Current:8353[1>0];Ensembl.HGNC:2798[3>0]
ENSP00000401389	Ensembl:18411[2];Ensembl:18411[2>0]	ENSG00000198176	CURATED:258[0];HGNC.Current:38720[1];HGNC.Current:38720[1>0];Ensembl.HGNC:18429[3>0]
ENSP00000401599	Ensembl:263345[2];Ensembl:263345[2>0]	ENSG00000168036	CURATED:26[0];HGNC.Current:5816[1];HGNC.Current:5816[1>0];Ensembl.HGNC:263315[3>0]
ENSP00000401674	Ensembl:47537[2];Ensembl:47537[2>0]	ENSG00000185551	CURATED:190[0];HGNC.Current:23168[1];HGNC.Current:23168[1>0];Ensembl.HGNC:47561[3>0]
ENSP00000401797	Ensembl:120572[2];Ensembl:120572[2>0]	ENSG00000144485	CURATED:93[0];HGNC.Current:11568[1];HGNC.Current:11568[1>0];Ensembl.HGNC:120592[3>0]
ENSP00000401803	Ensembl:246977[2];Ensembl:246977[2>0]	ENSG00000118260	CURATED:24[0];HGNC.Current:5501[1];HGNC.Current:5501[1>0];Ensembl.HGNC:246988[3>0]
ENSP00000401967	Ensembl:238361[2];Ensembl:238361[2>0]	ENSG00000135363	CURATED:153[0];HGNC.Current:17420[1];HGNC.Current:17420[1>0];Ensembl.HGNC:238384[3>0]
ENSP00000402132	Ensembl:273922[2];Ensembl:273922[2>0]	ENSG00000030419	CURATED:126[0];HGNC.Current:13182[1];HGNC.Current:13182[1>0];Ensembl.HGNC:273958[3>0]
ENSP00000402496	Ensembl:252312[2];Ensembl:252312[2>0]	ENSG00000108924	CURATED:97[0];HGNC.Current:11726[1];HGNC.Current:11726[1>0];Ensembl.HGNC:252335[3>0]
ENSP00000402506	Ensembl:141855[2];Ensembl:141855[2>0]	ENSG00000228333	CURATED:218[0];HGNC.Current:34480[1];HGNC.Current:34480[1>0];Ensembl.HGNC:141878[3>0]
ENSP00000402548	Ensembl:256533[2];Ensembl:256533[2>0]	ENSG00000115415	CURATED:241[0];HGNC.Current:37777[1];HGNC.Current:37777[1>0];Ensembl.HGNC:256520[3>0]
ENSP00000402590	Ensembl:126999[2];Ensembl:126999[2>0]	ENSG00000227322	CURATED:218[0];HGNC.Current:34480[1];HGNC.Current:34480[1>0];Ensembl.HGNC:127023[3>0]
ENSP00000402971	Ensembl:40517[2];Ensembl:40517[2>0]	ENSG00000069667	CURATED:211[0];HGNC.Current:32134[1];HGNC.Current:32134[1>0];Ensembl.HGNC:40538[3>0]
ENSP00000402982	Ensembl:237599[2];Ensembl:237599[2>0]	ENSG00000182568	CURATED:220[0];HGNC.Current:34631[1];HGNC.Current:34631[1>0];Ensembl.HGNC:237609[3>0]
ENSP00000403238	Ensembl:272574[2];Ensembl:272574[2>0]	ENSG00000138378	CURATED:243[0];HGNC.Current:37780[1];HGNC.Current:37780[1>0];Ensembl.HGNC:272621[3>0]
ENSP00000403387	Ensembl:222924[2];Ensembl:222924[2>0]	ENSG00000118513	CURATED:175[0];HGNC.Current:21951[1];HGNC.Current:21951[1>0];Ensembl.HGNC:222938[3>0]
ENSP00000403678	Ensembl:246967[2];Ensembl:246967[2>0]	ENSG00000118260	CURATED:24[0];HGNC.Current:5501[1];HGNC.Current:5501[1>0];Ensembl.HGNC:246988[3>0]
ENSP00000403938	Ensembl:166919[2];Ensembl:166919[2>0]	ENSG00000095794	CURATED:25[0];HGNC.Current:5517[1];HGNC.Current:5517[1>0];Ensembl.HGNC:166924[3>0]
ENSP00000404100	Ensembl:216524[2];Ensembl:216524[2>0]	ENSG00000007372	CURATED:198[0];HGNC.Current:24887[1];HGNC.Current:24887[1>0];Ensembl.HGNC:216546[3>0]
ENSP00000404185	Ensembl:176614[2];Ensembl:176614[2>0]	ENSG00000134138	CURATED:165[0];HGNC.Current:18402[1];HGNC.Current:18402[1>0];Ensembl.HGNC:176618[3>0]
ENSP00000404325	Ensembl:260295[2];Ensembl:260295[2>0]	ENSG00000163565	CURATED:124[0];HGNC.Current:12568[1];HGNC.Current:12568[1>0];Ensembl.HGNC:260310[3>0]
ENSP00000404356	Ensembl:216579[2];Ensembl:216579[2>0]	ENSG00000007372	CURATED:198[0];HGNC.Current:24887[1];HGNC.Current:24887[1>0];Ensembl.HGNC:216546[3>0]
ENSP00000404571	Ensembl:87838[2];Ensembl:87838[2>0]	ENSG00000143190	CURATED:201[0];HGNC.Current:26330[1];HGNC.Current:26330[1>0];Ensembl.HGNC:87858[3>0]
ENSP00000404687	Ensembl:12935[2];Ensembl:12935[2>0]	ENSG00000196092	CURATED:197[0];HGNC.Current:24886[1];HGNC.Current:24886[1>0];Ensembl.HGNC:12927[3>0]
ENSP00000404890	Ensembl:246971[2];Ensembl:246971[2>0]	ENSG00000118260	CURATED:24[0];HGNC.Current:5501[1];HGNC.Current:5501[1>0];Ensembl.HGNC:246988[3>0]
ENSP00000404922	Ensembl:28008[2];Ensembl:28008[2>0]	ENSG00000136826	CURATED:144[0];HGNC.Current:14131[1];HGNC.Current:14131[1>0];Ensembl.HGNC:28028[3>0]
ENSP00000405003	Ensembl:116700[2];Ensembl:116700[2>0]	ENSG00000088881	CURATED:39[0];HGNC.Current:7393[1];HGNC.Current:7393[1>0];Ensembl.HGNC:116723[3>0]
ENSP00000405157	Ensembl:86200[2];Ensembl:86200[2>0]	ENSG00000244405	CURATED:53[0];HGNC.Current:8361[1];HGNC.Current:8361[1>0];Ensembl.HGNC:86215[3>0]
ENSP00000405158	Ensembl:38963[2];Ensembl:38963[2>0]	ENSG00000159216	CURATED:214[0];HGNC.Current:34448[1];HGNC.Current:34448[1>0];Ensembl.HGNC:38975[3>0]
ENSP00000405176	Ensembl:271445[2];Ensembl:271445[2>0]	ENSG00000233608	CURATED:265[0];HGNC.Current:41287[1];HGNC.Current:41287[1>0];Ensembl.HGNC:271493[3>0]
ENSP00000405539	Ensembl:246964[2];Ensembl:246964[2>0]	ENSG00000118260	CURATED:24[0];HGNC.Current:5501[1];HGNC.Current:5501[1>0];Ensembl.HGNC:246988[3>0]
ENSP00000405655	Ensembl:223207[2];Ensembl:223207[2>0]	ENSG00000125347	CURATED:128[0];HGNC.Current:13494[1];HGNC.Current:13494[1>0];Ensembl.HGNC:223200[3>0]
ENSP00000405711	Ensembl:246974[2];Ensembl:246974[2>0]	ENSG00000118260	CURATED:24[0];HGNC.Current:5501[1];HGNC.Current:5501[1>0];Ensembl.HGNC:246988[3>0]
ENSP00000405713	Ensembl:25019[2];Ensembl:25019[2>0]	ENSG00000160221	CURATED:90[0];HGNC.Current:11563[1];HGNC.Current:10083[8>1];HGNC.Current:10083[1];HGNC.Current:10083[1>0];Ensembl.HGNC:25032[3>0]
ENSP00000405890	Ensembl:269883[2];Ensembl:269883[2>0]	ENSG00000185630	CURATED:199[0];HGNC.Current:24905[1];HGNC.Current:24905[1>0];Ensembl.HGNC:269930[3>0]
ENSP00000405958	Ensembl:92725[2];Ensembl:92725[2>0]	ENSG00000148516	CURATED:271[0];HGNC.Current:42924[1];HGNC.Current:42924[1>0];Ensembl.HGNC:92740[3>0]
ENSP00000406137	Ensembl:52387[2];Ensembl:52387[2>0]	ENSG00000116016	CURATED:48[0];HGNC.Current:8043[1];HGNC.Current:8043[1>0];Ensembl.HGNC:52410[3>0]
ENSP00000406140	Ensembl:217088[2];Ensembl:217088[2>0]	ENSG00000172845	CURATED:234[0];HGNC.Current:37161[1];HGNC.Current:37161[1>0];Ensembl.HGNC:217108[3>0]
ENSP00000406176	Ensembl:114291[2];Ensembl:114291[2>0]	ENSG00000138795	CURATED:150[0];HGNC.Current:14850[1];HGNC.Current:14850[1>0];Ensembl.HGNC:114307[3>0]
ENSP00000406246	Ensembl:154374[2];Ensembl:154374[2>0]	ENSG00000235712	CURATED:218[0];HGNC.Current:34480[1];HGNC.Current:34480[1>0];Ensembl.HGNC:154394[3>0]
ENSP00000406406	Ensembl:260287[2];Ensembl:260287[2>0]	ENSG00000163565	CURATED:124[0];HGNC.Current:12568[1];HGNC.Current:12568[1>0];Ensembl.HGNC:260310[3>0]
ENSP00000406727	Ensembl:237602[2];Ensembl:237602[2>0]	ENSG00000182568	CURATED:220[0];HGNC.Current:34631[1];HGNC.Current:34631[1>0];Ensembl.HGNC:237609[3>0]
ENSP00000406783	Ensembl:273921[2];Ensembl:273921[2>0]	ENSG00000030419	CURATED:126[0];HGNC.Current:13182[1];HGNC.Current:13182[1>0];Ensembl.HGNC:273958[3>0]
ENSP00000407052	Ensembl:260288[2];Ensembl:260288[2>0]	ENSG00000163565	CURATED:124[0];HGNC.Current:12568[1];HGNC.Current:12568[1>0];Ensembl.HGNC:260310[3>0]
ENSP00000407207	Ensembl:236692[2];Ensembl:236692[2>0]	ENSG00000125740	CURATED:58[0];HGNC.Current:9415[1];HGNC.Current:9415[1>0];Ensembl.HGNC:236716[3>0]
ENSP00000407227	Ensembl:246966[2];Ensembl:246966[2>0]	ENSG00000118260	CURATED:24[0];HGNC.Current:5501[1];HGNC.Current:5501[1>0];Ensembl.HGNC:246988[3>0]
ENSP00000407620	Ensembl:257997[2];Ensembl:257997[2>0]	ENSG00000187098	CURATED:169[0];HGNC.Current:20644[1];HGNC.Current:20644[1>0];Ensembl.HGNC:258015[3>0]
ENSP00000407711	Ensembl:73480[2];Ensembl:73480[2>0]	ENSG00000119950	CURATED:174[0];HGNC.Current:21940[1];HGNC.Current:21940[1>0];Ensembl.HGNC:73472[3>0]
ENSP00000408248	Ensembl:182279[2];Ensembl:182279[2>0]	ENSG00000136630	CURATED:98[0];HGNC.Current:11731[1];HGNC.Current:11731[1>0];Ensembl.HGNC:182301[3>0]
ENSP00000408605	Ensembl:2719[2];Ensembl:2719[2>0]	ENSG00000156273	CURATED:10[0];HGNC.Current:2206[1];HGNC.Current:2206[1>0];Ensembl.HGNC:2711[3>0]
ENSP00000408792	Ensembl:161504[2];Ensembl:161504[2>0]	ENSG00000164651	CURATED:238[0];HGNC.Current:37167[1];HGNC.Current:37167[1>0];Ensembl.HGNC:161528[3>0]
ENSP00000408871	Ensembl:237603[2];Ensembl:237603[2>0]	ENSG00000182568	CURATED:220[0];HGNC.Current:34631[1];HGNC.Current:34631[1>0];Ensembl.HGNC:237609[3>0]
ENSP00000409175	Ensembl:56352[2];Ensembl:56352[2>0]	ENSG00000122034	CURATED:87[0];HGNC.Current:11034[1];HGNC.Current:11034[1>0];Ensembl.HGNC:56375[3>0]
ENSP00000409302	Ensembl:263342[2];Ensembl:263342[2>0]	ENSG00000168036	CURATED:26[0];HGNC.Current:5816[1];HGNC.Current:5816[1>0];Ensembl.HGNC:263315[3>0]
ENSP00000409447	Ensembl:12555[2];Ensembl:12555[2>0]	ENSG00000196628	CURATED:254[0];HGNC.Current:38510[1];HGNC.Current:38510[1>0];Ensembl.HGNC:12536[3>0]
ENSP00000409588	Ensembl:188336[2];Ensembl:188336[2>0]	ENSG00000185811	CURATED:125[0];HGNC.Current:13181[1];HGNC.Current:13181[1>0];Ensembl.HGNC:188341[3>0]
ENSP00000410433	Ensembl:111115[2];Ensembl:111115[2>0]	ENSG00000231321	CURATED:218[0];HGNC.Current:34480[1];HGNC.Current:34480[1>0];Ensembl.HGNC:111135[3>0]
ENSP00000410447	Ensembl:273911[2];Ensembl:273911[2>0]	ENSG00000030419	CURATED:126[0];HGNC.Current:13182[1];HGNC.Current:13182[1>0];Ensembl.HGNC:273958[3>0]
ENSP00000410468	Ensembl:154371[2];Ensembl:154371[2>0]	ENSG00000235712	CURATED:218[0];HGNC.Current:34480[1];HGNC.Current:34480[1>0];Ensembl.HGNC:154394[3>0]
ENSP00000410672	Ensembl:208708[2];Ensembl:208708[2>0]	ENSG00000059728	CURATED:173[0];HGNC.Current:21937[1];HGNC.Current:21937[1>0];Ensembl.HGNC:208732[3>0]
ENSP00000410825	Ensembl:222915[2];Ensembl:222915[2>0]	ENSG00000118513	CURATED:175[0];HGNC.Current:21951[1];HGNC.Current:21951[1>0];Ensembl.HGNC:222938[3>0]
ENSP00000410911	Ensembl:124304[2];Ensembl:124304[2>0]	ENSG00000101076	CURATED:100[0];HGNC.Current:11954[1];HGNC.Current:11954[1>0];Ensembl.HGNC:124322[3>0]
ENSP00000411086	Ensembl:2806[2];Ensembl:2806[2>0]	ENSG00000157557	CURATED:51[0];HGNC.Current:8353[1];HGNC.Current:8353[1>0];Ensembl.HGNC:2798[3>0]
ENSP00000411226	Ensembl:263308[2];Ensembl:263308[2>0]	ENSG00000168036	CURATED:26[0];HGNC.Current:5816[1];HGNC.Current:5816[1>0];Ensembl.HGNC:263315[3>0]
ENSP00000411238	Ensembl:111112[2];Ensembl:111112[2>0]	ENSG00000231321	CURATED:218[0];HGNC.Current:34480[1];HGNC.Current:34480[1>0];Ensembl.HGNC:111135[3>0]
ENSP00000411389	Ensembl:257998[2];Ensembl:257998[2>0]	ENSG00000187098	CURATED:169[0];HGNC.Current:20644[1];HGNC.Current:20644[1>0];Ensembl.HGNC:258015[3>0]
ENSP00000411398	Ensembl:256535[2];Ensembl:256535[2>0]	ENSG00000115415	CURATED:241[0];HGNC.Current:37777[1];HGNC.Current:37777[1>0];Ensembl.HGNC:256520[3>0]
ENSP00000411444	Ensembl:273916[2];Ensembl:273916[2>0]	ENSG00000030419	CURATED:126[0];HGNC.Current:13182[1];HGNC.Current:13182[1>0];Ensembl.HGNC:273958[3>0]
ENSP00000411575	Ensembl:260798[2];Ensembl:260798[2>0]	ENSG00000116044	CURATED:182[0];HGNC.Current:22659[1];HGNC.Current:22659[1>0];Ensembl.HGNC:260805[3>0]
ENSP00000411729	Ensembl:141858[2];Ensembl:141858[2>0]	ENSG00000228333	CURATED:218[0];HGNC.Current:34480[1];HGNC.Current:34480[1>0];Ensembl.HGNC:141878[3>0]
ENSP00000412016	Ensembl:246976[2];Ensembl:246976[2>0]	ENSG00000118260	CURATED:24[0];HGNC.Current:5501[1];HGNC.Current:5501[1>0];Ensembl.HGNC:246988[3>0]
ENSP00000412111	Ensembl:124305[2];Ensembl:124305[2>0]	ENSG00000101076	CURATED:100[0];HGNC.Current:11954[1];HGNC.Current:11954[1>0];Ensembl.HGNC:124322[3>0]
ENSP00000412171	Ensembl:86199[2];Ensembl:86199[2>0]	ENSG00000244405	CURATED:53[0];HGNC.Current:8361[1];HGNC.Current:8361[1>0];Ensembl.HGNC:86215[3>0]
ENSP00000412188	Ensembl:12939[2];Ensembl:12939[2>0]	ENSG00000196092	CURATED:197[0];HGNC.Current:24886[1];HGNC.Current:24886[1>0];Ensembl.HGNC:12927[3>0]
ENSP00000412191	Ensembl:260799[2];Ensembl:260799[2>0]	ENSG00000116044	CURATED:182[0];HGNC.Current:22659[1];HGNC.Current:22659[1>0];Ensembl.HGNC:260805[3>0]
ENSP00000412219	Ensembl:263299[2];Ensembl:263299[2>0]	ENSG00000168036	CURATED:26[0];HGNC.Current:5816[1];HGNC.Current:5816[1>0];Ensembl.HGNC:263315[3>0]
ENSP00000412397	Ensembl:272577[2];Ensembl:272577[2>0]	ENSG00000138378	CURATED:243[0];HGNC.Current:37780[1];HGNC.Current:37780[1>0];Ensembl.HGNC:272621[3>0]
ENSP00000412869	Ensembl:273912[2];Ensembl:273912[2>0]	ENSG00000030419	CURATED:126[0];HGNC.Current:13182[1];HGNC.Current:13182[1>0];Ensembl.HGNC:273958[3>0]
ENSP00000412950	Ensembl:265097[2];Ensembl:265097[2>0]	ENSG00000118263	CURATED:147[0];HGNC.Current:14135[1];HGNC.Current:14135[1>0];Ensembl.HGNC:265108[3>0]
ENSP00000413011	Ensembl:222943[2];Ensembl:222943[2>0]	ENSG00000118513	CURATED:175[0];HGNC.Current:21951[1];HGNC.Current:21951[1>0];Ensembl.HGNC:222938[3>0]
ENSP00000413025	Ensembl:188330[2];Ensembl:188330[2>0]	ENSG00000185811	CURATED:125[0];HGNC.Current:13181[1];HGNC.Current:13181[1>0];Ensembl.HGNC:188341[3>0]
ENSP00000413126	Ensembl:201315[2];Ensembl:201315[2>0]	ENSG00000102908	CURATED:179[0];HGNC.Current:22649[1];HGNC.Current:22649[1>0];Ensembl.HGNC:201339[3>0]
ENSP00000413590	Ensembl:265086[2];Ensembl:265086[2>0]	ENSG00000118263	CURATED:147[0];HGNC.Current:14135[1];HGNC.Current:14135[1>0];Ensembl.HGNC:265108[3>0]
ENSP00000413665	Ensembl:217089[2];Ensembl:217089[2>0]	ENSG00000172845	CURATED:234[0];HGNC.Current:37161[1];HGNC.Current:37161[1>0];Ensembl.HGNC:217108[3>0]
ENSP00000413680	Ensembl:273918[2];Ensembl:273918[2>0]	ENSG00000030419	CURATED:126[0];HGNC.Current:13182[1];HGNC.Current:13182[1>0];Ensembl.HGNC:273958[3>0]
ENSP00000413755	Ensembl:86192[2];Ensembl:86192[2>0]	ENSG00000244405	CURATED:53[0];HGNC.Current:8361[1];HGNC.Current:8361[1>0];Ensembl.HGNC:86215[3>0]
ENSP00000414150	Ensembl:15738[2];Ensembl:15738[2>0]	ENSG00000157554	CURATED:49[0];HGNC.Current:8145[1];HGNC.Current:8145[1>0];Ensembl.HGNC:15734[3>0]
ENSP00000414177	Ensembl:236693[2];Ensembl:236693[2>0]	ENSG00000125740	CURATED:58[0];HGNC.Current:9415[1];HGNC.Current:9415[1>0];Ensembl.HGNC:236716[3>0]
ENSP00000414322	Ensembl:272576[2];Ensembl:272576[2>0]	ENSG00000138378	CURATED:243[0];HGNC.Current:37780[1];HGNC.Current:37780[1>0];Ensembl.HGNC:272621[3>0]
ENSP00000414660	Ensembl:87846[2];Ensembl:87846[2>0]	ENSG00000143190	CURATED:201[0];HGNC.Current:26330[1];HGNC.Current:26330[1>0];Ensembl.HGNC:87858[3>0]
ENSP00000414840	Ensembl:13597[2];Ensembl:13597[2>0]	ENSG00000184221	CURATED:192[0];HGNC.Current:23585[1];HGNC.Current:23585[1>0];Ensembl.HGNC:13596[3>0]
ENSP00000415057	Ensembl:135850[2];Ensembl:135850[2>0]	ENSG00000140332	CURATED:261[0];HGNC.Current:38963[1];HGNC.Current:38963[1>0];Ensembl.HGNC:135860[3>0]
ENSP00000415199	Ensembl:127000[2];Ensembl:127000[2>0]	ENSG00000227322	CURATED:218[0];HGNC.Current:34480[1];HGNC.Current:34480[1>0];Ensembl.HGNC:127023[3>0]
ENSP00000415961	Ensembl:92724[2];Ensembl:92724[2>0]	ENSG00000148516	CURATED:271[0];HGNC.Current:42924[1];HGNC.Current:42924[1>0];Ensembl.HGNC:92740[3>0]
ENSP00000415993	Ensembl:87848[2];Ensembl:87848[2>0]	ENSG00000143190	CURATED:201[0];HGNC.Current:26330[1];HGNC.Current:26330[1>0];Ensembl.HGNC:87858[3>0]
ENSP00000416019	Ensembl:256536[2];Ensembl:256536[2>0]	ENSG00000115415	CURATED:241[0];HGNC.Current:37777[1];HGNC.Current:37777[1>0];Ensembl.HGNC:256520[3>0]
ENSP00000416308	Ensembl:260790[2];Ensembl:260790[2>0]	ENSG00000116044	CURATED:182[0];HGNC.Current:22659[1];HGNC.Current:22659[1>0];Ensembl.HGNC:260805[3>0]
ENSP00000416569	Ensembl:2721[2];Ensembl:2721[2>0]	ENSG00000156273	CURATED:10[0];HGNC.Current:2206[1];HGNC.Current:2206[1>0];Ensembl.HGNC:2711[3>0]
ENSP00000416678	Ensembl:121254[2];Ensembl:121254[2>0]	ENSG00000217555	CURATED:23[0];HGNC.Current:4824[1];HGNC.Current:4824[1>0];Ensembl.HGNC:121272[3>0]
ENSP00000416986	Ensembl:22368[2];Ensembl:22368[2>0]	ENSG00000122691	CURATED:264[0];HGNC.Current:41286[1];HGNC.Current:41286[1>0];Ensembl.HGNC:22392[3>0]
ENSP00000417058	Ensembl:166908[2];Ensembl:166908[2>0]	ENSG00000095794	CURATED:25[0];HGNC.Current:5517[1];HGNC.Current:5517[1>0];Ensembl.HGNC:166924[3>0]
ENSP00000417074	Ensembl:257239[2];Ensembl:257239[2>0]	ENSG00000179348	CURATED:77[0];HGNC.Current:10068[1];HGNC.Current:10068[1>0];Ensembl.HGNC:257262[3>0]
ENSP00000417108	Ensembl:121910[2];Ensembl:121910[2>0]	ENSG00000114126	CURATED:259[0];HGNC.Current:38724[1];HGNC.Current:38724[1>0];Ensembl.HGNC:121918[3>0]
ENSP00000417130	Ensembl:166935[2];Ensembl:166935[2>0]	ENSG00000095794	CURATED:25[0];HGNC.Current:5517[1];HGNC.Current:5517[1>0];Ensembl.HGNC:166924[3>0]
ENSP00000417165	Ensembl:166930[2];Ensembl:166930[2>0]	ENSG00000095794	CURATED:25[0];HGNC.Current:5517[1];HGNC.Current:5517[1>0];Ensembl.HGNC:166924[3>0]
ENSP00000417220	Ensembl:121904[2];Ensembl:121904[2>0]	ENSG00000114126	CURATED:259[0];HGNC.Current:38724[1];HGNC.Current:38724[1>0];Ensembl.HGNC:121918[3>0]
ENSP00000417303	Ensembl:17098[2];Ensembl:17098[2>0]	ENSG00000102349	CURATED:148[0];HGNC.Current:14138[1];HGNC.Current:14138[1>0];Ensembl.HGNC:17096[3>0]
ENSP00000417307	Ensembl:244820[2];Ensembl:244820[2>0]	ENSG00000181722	CURATED:270[0];HGNC.Current:42809[1];HGNC.Current:42809[1>0];Ensembl.HGNC:244837[3>0]
ENSP00000417327	Ensembl:166946[2];Ensembl:166946[2>0]	ENSG00000095794	CURATED:25[0];HGNC.Current:5517[1];HGNC.Current:5517[1>0];Ensembl.HGNC:166924[3>0]
ENSP00000417384	Ensembl:121900[2];Ensembl:121900[2>0]	ENSG00000114126	CURATED:259[0];HGNC.Current:38724[1];HGNC.Current:38724[1>0];Ensembl.HGNC:121918[3>0]
ENSP00000417399	Ensembl:166931[2];Ensembl:166931[2>0]	ENSG00000095794	CURATED:25[0];HGNC.Current:5517[1];HGNC.Current:5517[1>0];Ensembl.HGNC:166924[3>0]
ENSP00000417432	Ensembl:64087[2];Ensembl:64087[2>0]	ENSG00000105967	CURATED:260[0];HGNC.Current:38728[1];HGNC.Current:38728[1>0];Ensembl.HGNC:64107[3>0]
ENSP00000417460	Ensembl:166940[2];Ensembl:166940[2>0]	ENSG00000095794	CURATED:25[0];HGNC.Current:5517[1];HGNC.Current:5517[1>0];Ensembl.HGNC:166924[3>0]
ENSP00000417495	Ensembl:103493[2];Ensembl:103493[2>0]	ENSG00000137203	CURATED:256[0];HGNC.Current:38706[1];HGNC.Current:38706[1>0];Ensembl.HGNC:103510[3>0]
ENSP00000417562	Ensembl:166943[2];Ensembl:166943[2>0]	ENSG00000095794	CURATED:25[0];HGNC.Current:5517[1];HGNC.Current:5517[1>0];Ensembl.HGNC:166924[3>0]
ENSP00000417585	Ensembl:121899[2];Ensembl:121899[2>0]	ENSG00000114126	CURATED:259[0];HGNC.Current:38724[1];HGNC.Current:38724[1>0];Ensembl.HGNC:121918[3>0]
ENSP00000417710	Ensembl:47529[2];Ensembl:47529[2>0]	ENSG00000163530	CURATED:31[0];HGNC.Current:7042[1];HGNC.Current:7042[1>0];Ensembl.HGNC:47553[3>0]
ENSP00000417726	Ensembl:121902[2];Ensembl:121902[2>0]	ENSG00000114126	CURATED:259[0];HGNC.Current:38724[1];HGNC.Current:38724[1>0];Ensembl.HGNC:121918[3>0]
ENSP00000417735	Ensembl:103486[2];Ensembl:103486[2>0]	ENSG00000137203	CURATED:256[0];HGNC.Current:38706[1];HGNC.Current:38706[1>0];Ensembl.HGNC:103510[3>0]
ENSP00000417807	Ensembl:166938[2];Ensembl:166938[2>0]	ENSG00000095794	CURATED:25[0];HGNC.Current:5517[1];HGNC.Current:5517[1>0];Ensembl.HGNC:166924[3>0]
ENSP00000417857	Ensembl:201803[2];Ensembl:201803[2>0]	ENSG00000114861	CURATED:73[0];HGNC.Current:9478[1];HGNC.Current:9478[1>0];Ensembl.HGNC:201807[3>0]
ENSP00000417941	Ensembl:201824[2];Ensembl:201824[2>0]	ENSG00000114861	CURATED:73[0];HGNC.Current:9478[1];HGNC.Current:9478[1>0];Ensembl.HGNC:201807[3>0]
ENSP00000418092	Ensembl:244817[2];Ensembl:244817[2>0]	ENSG00000181722	CURATED:270[0];HGNC.Current:42809[1];HGNC.Current:42809[1>0];Ensembl.HGNC:244837[3>0]
ENSP00000418102	Ensembl:201800[2];Ensembl:201800[2>0]	ENSG00000114861	CURATED:73[0];HGNC.Current:9478[1];HGNC.Current:9478[1>0];Ensembl.HGNC:201807[3>0]
ENSP00000418122	Ensembl:121903[2];Ensembl:121903[2>0]	ENSG00000114126	CURATED:259[0];HGNC.Current:38724[1];HGNC.Current:38724[1>0];Ensembl.HGNC:121918[3>0]
ENSP00000418132	Ensembl:257244[2];Ensembl:257244[2>0]	ENSG00000179348	CURATED:77[0];HGNC.Current:10068[1];HGNC.Current:10068[1>0];Ensembl.HGNC:257262[3>0]
ENSP00000418225	Ensembl:201793[2];Ensembl:201793[2>0]	ENSG00000114861	CURATED:73[0];HGNC.Current:9478[1];HGNC.Current:9478[1>0];Ensembl.HGNC:201807[3>0]
ENSP00000418313	Ensembl:220974[2];Ensembl:220974[2>0]	ENSG00000121570	CURATED:33[0];HGNC.Current:7060[1];HGNC.Current:7060[1>0];Ensembl.HGNC:220992[3>0]
ENSP00000418336	Ensembl:166932[2];Ensembl:166932[2>0]	ENSG00000095794	CURATED:25[0];HGNC.Current:5517[1];HGNC.Current:5517[1>0];Ensembl.HGNC:166924[3>0]
ENSP00000418391	Ensembl:103503[2];Ensembl:103503[2>0]	ENSG00000137203	CURATED:256[0];HGNC.Current:38706[1];HGNC.Current:38706[1>0];Ensembl.HGNC:103510[3>0]
ENSP00000418450	Ensembl:166926[2];Ensembl:166926[2>0]	ENSG00000095794	CURATED:25[0];HGNC.Current:5517[1];HGNC.Current:5517[1>0];Ensembl.HGNC:166924[3>0]
ENSP00000418524	Ensembl:201786[2];Ensembl:201786[2>0]	ENSG00000114861	CURATED:73[0];HGNC.Current:9478[1];HGNC.Current:9478[1>0];Ensembl.HGNC:201807[3>0]
ENSP00000418541	Ensembl:103492[2];Ensembl:103492[2>0]	ENSG00000137203	CURATED:256[0];HGNC.Current:38706[1];HGNC.Current:38706[1>0];Ensembl.HGNC:103510[3>0]
ENSP00000418590	Ensembl:121898[2];Ensembl:121898[2>0]	ENSG00000114126	CURATED:259[0];HGNC.Current:38724[1];HGNC.Current:38724[1>0];Ensembl.HGNC:121918[3>0]
ENSP00000418784	Ensembl:201827[2];Ensembl:201827[2>0]	ENSG00000114861	CURATED:73[0];HGNC.Current:9478[1];HGNC.Current:9478[1>0];Ensembl.HGNC:201807[3>0]
ENSP00000418798	Ensembl:166921[2];Ensembl:166921[2>0]	ENSG00000095794	CURATED:25[0];HGNC.Current:5517[1];HGNC.Current:5517[1>0];Ensembl.HGNC:166924[3>0]
ENSP00000418845	Ensembl:257999[2];Ensembl:257999[2>0]	ENSG00000187098	CURATED:169[0];HGNC.Current:20644[1];HGNC.Current:20644[1>0];Ensembl.HGNC:258015[3>0]
ENSP00000418883	Ensembl:201815[2];Ensembl:201815[2>0]	ENSG00000114861	CURATED:73[0];HGNC.Current:9478[1];HGNC.Current:9478[1>0];Ensembl.HGNC:201807[3>0]
ENSP00000418918	Ensembl:46715[2];Ensembl:46715[2>0]	ENSG00000163666	CURATED:95[0];HGNC.Current:11570[1];HGNC.Current:11570[1>0];Ensembl.HGNC:46737[3>0]
ENSP00000418971	Ensembl:121896[2];Ensembl:121896[2>0]	ENSG00000114126	CURATED:259[0];HGNC.Current:38724[1];HGNC.Current:38724[1>0];Ensembl.HGNC:121918[3>0]
ENSP00000419018	Ensembl:166900[2];Ensembl:166900[2>0]	ENSG00000095794	CURATED:25[0];HGNC.Current:5517[1];HGNC.Current:5517[1>0];Ensembl.HGNC:166924[3>0]
ENSP00000419036	Ensembl:121897[2];Ensembl:121897[2>0]	ENSG00000114126	CURATED:259[0];HGNC.Current:38724[1];HGNC.Current:38724[1>0];Ensembl.HGNC:121918[3>0]
ENSP00000419075	Ensembl:166942[2];Ensembl:166942[2>0]	ENSG00000095794	CURATED:25[0];HGNC.Current:5517[1];HGNC.Current:5517[1>0];Ensembl.HGNC:166924[3>0]
ENSP00000419079	Ensembl:9729[2];Ensembl:9729[2>0]	ENSG00000067082	CURATED:146[0];HGNC.Current:14134[1];HGNC.Current:14134[1>0];Ensembl.HGNC:9725[3>0]
ENSP00000419153	Ensembl:244819[2];Ensembl:244819[2>0]	ENSG00000181722	CURATED:270[0];HGNC.Current:42809[1];HGNC.Current:42809[1>0];Ensembl.HGNC:244837[3>0]
ENSP00000419266	Ensembl:149467[2];Ensembl:149467[2>0]	ENSG00000106038	CURATED:55[0];HGNC.Current:8385[1];HGNC.Current:8385[1>0];Ensembl.HGNC:149490[3>0]
ENSP00000419393	Ensembl:201788[2];Ensembl:201788[2>0]	ENSG00000114861	CURATED:73[0];HGNC.Current:9478[1];HGNC.Current:9478[1>0];Ensembl.HGNC:201807[3>0]
ENSP00000419480	Ensembl:244826[2];Ensembl:244826[2>0]	ENSG00000181722	CURATED:270[0];HGNC.Current:42809[1];HGNC.Current:42809[1>0];Ensembl.HGNC:244837[3>0]
ENSP00000419507	Ensembl:121901[2];Ensembl:121901[2>0]	ENSG00000114126	CURATED:259[0];HGNC.Current:38724[1];HGNC.Current:38724[1>0];Ensembl.HGNC:121918[3>0]
ENSP00000419532	Ensembl:257249[2];Ensembl:257249[2>0]	ENSG00000179348	CURATED:77[0];HGNC.Current:10068[1];HGNC.Current:10068[1>0];Ensembl.HGNC:257262[3>0]
ENSP00000419540	Ensembl:121913[2];Ensembl:121913[2>0]	ENSG00000114126	CURATED:259[0];HGNC.Current:38724[1];HGNC.Current:38724[1>0];Ensembl.HGNC:121918[3>0]
ENSP00000419615	Ensembl:46716[2];Ensembl:46716[2>0]	ENSG00000163666	CURATED:95[0];HGNC.Current:11570[1];HGNC.Current:11570[1>0];Ensembl.HGNC:46737[3>0]
ENSP00000419684	Ensembl:166937[2];Ensembl:166937[2>0]	ENSG00000095794	CURATED:25[0];HGNC.Current:5517[1];HGNC.Current:5517[1>0];Ensembl.HGNC:166924[3>0]
ENSP00000419692	Ensembl:28881[2];Ensembl:28881[2>0]	ENSG00000186350	CURATED:217[0];HGNC.Current:34479[1];HGNC.Current:34479[1>0];Ensembl.HGNC:28904[3>0]
ENSP00000419696	Ensembl:103495[2];Ensembl:103495[2>0]	ENSG00000137203	CURATED:256[0];HGNC.Current:38706[1];HGNC.Current:38706[1>0];Ensembl.HGNC:103510[3>0]
ENSP00000419785	Ensembl:270140[2];Ensembl:270140[2>0]	ENSG00000162599	CURATED:183[0];HGNC.Current:22664[1];HGNC.Current:22664[1>0];Ensembl.HGNC:270168[3>0]
ENSP00000419810	Ensembl:166944[2];Ensembl:166944[2>0]	ENSG00000095794	CURATED:25[0];HGNC.Current:5517[1];HGNC.Current:5517[1>0];Ensembl.HGNC:166924[3>0]
ENSP00000419823	Ensembl:103491[2];Ensembl:103491[2>0]	ENSG00000137203	CURATED:256[0];HGNC.Current:38706[1];HGNC.Current:38706[1>0];Ensembl.HGNC:103510[3>0]
ENSP00000419902	Ensembl:244818[2];Ensembl:244818[2>0]	ENSG00000181722	CURATED:270[0];HGNC.Current:42809[1];HGNC.Current:42809[1>0];Ensembl.HGNC:244837[3>0]
ENSP00000419923	Ensembl:9726[2];Ensembl:9726[2>0]	ENSG00000067082	CURATED:146[0];HGNC.Current:14134[1];HGNC.Current:14134[1>0];Ensembl.HGNC:9725[3>0]
ENSP00000419924	Ensembl:166918[2];Ensembl:166918[2>0]	ENSG00000095794	CURATED:25[0];HGNC.Current:5517[1];HGNC.Current:5517[1>0];Ensembl.HGNC:166924[3>0]
ENSP00000419961	Ensembl:103497[2];Ensembl:103497[2>0]	ENSG00000137203	CURATED:256[0];HGNC.Current:38706[1];HGNC.Current:38706[1>0];Ensembl.HGNC:103510[3>0]
ENSP00000420009	Ensembl:245097[2];Ensembl:245097[2>0]	ENSG00000108511	CURATED:113[0];HGNC.Current:12161[1];HGNC.Current:12161[1>0];Ensembl.HGNC:245120[3>0]
ENSP00000420324	Ensembl:244816[2];Ensembl:244816[2>0]	ENSG00000181722	CURATED:270[0];HGNC.Current:42809[1];HGNC.Current:42809[1>0];Ensembl.HGNC:244837[3>0]
ENSP00000420437	Ensembl:166915[2];Ensembl:166915[2>0]	ENSG00000095794	CURATED:25[0];HGNC.Current:5517[1];HGNC.Current:5517[1>0];Ensembl.HGNC:166924[3>0]
ENSP00000420453	Ensembl:166911[2];Ensembl:166911[2>0]	ENSG00000095794	CURATED:25[0];HGNC.Current:5517[1];HGNC.Current:5517[1>0];Ensembl.HGNC:166924[3>0]
ENSP00000420456	Ensembl:121908[2];Ensembl:121908[2>0]	ENSG00000114126	CURATED:259[0];HGNC.Current:38724[1];HGNC.Current:38724[1>0];Ensembl.HGNC:121918[3>0]
ENSP00000420511	Ensembl:166924[2];Ensembl:166924[2>0]	ENSG00000095794	CURATED:25[0];HGNC.Current:5517[1];HGNC.Current:5517[1>0];Ensembl.HGNC:166924[3>0]
ENSP00000420568	Ensembl:103489[2];Ensembl:103489[2>0]	ENSG00000137203	CURATED:256[0];HGNC.Current:38706[1];HGNC.Current:38706[1>0];Ensembl.HGNC:103510[3>0]
ENSP00000420581	Ensembl:220971[2];Ensembl:220971[2>0]	ENSG00000121570	CURATED:33[0];HGNC.Current:7060[1];HGNC.Current:7060[1>0];Ensembl.HGNC:220992[3>0]
ENSP00000420599	Ensembl:121895[2];Ensembl:121895[2>0]	ENSG00000114126	CURATED:259[0];HGNC.Current:38724[1];HGNC.Current:38724[1>0];Ensembl.HGNC:121918[3>0]
ENSP00000420616	Ensembl:121894[2];Ensembl:121894[2>0]	ENSG00000114126	CURATED:259[0];HGNC.Current:38724[1];HGNC.Current:38724[1>0];Ensembl.HGNC:121918[3>0]
ENSP00000420657	Ensembl:121912[2];Ensembl:121912[2>0]	ENSG00000114126	CURATED:259[0];HGNC.Current:38724[1];HGNC.Current:38724[1>0];Ensembl.HGNC:121918[3>0]
ENSP00000420681	Ensembl:166939[2];Ensembl:166939[2>0]	ENSG00000095794	CURATED:25[0];HGNC.Current:5517[1];HGNC.Current:5517[1>0];Ensembl.HGNC:166924[3>0]
ENSP00000420684	Ensembl:244823[2];Ensembl:244823[2>0]	ENSG00000181722	CURATED:270[0];HGNC.Current:42809[1];HGNC.Current:42809[1>0];Ensembl.HGNC:244837[3>0]
ENSP00000420736	Ensembl:201806[2];Ensembl:201806[2>0]	ENSG00000114861	CURATED:73[0];HGNC.Current:9478[1];HGNC.Current:9478[1>0];Ensembl.HGNC:201807[3>0]
ENSP00000421252	Ensembl:22212[2];Ensembl:22212[2>0]	ENSG00000109787	CURATED:143[0];HGNC.Current:14127[1];HGNC.Current:14127[1>0];Ensembl.HGNC:22235[3>0]
ENSP00000421278	Ensembl:148509[2];Ensembl:148509[2>0]	ENSG00000109381	CURATED:43[0];HGNC.Current:7811[1];HGNC.Current:7811[1>0];Ensembl.HGNC:148522[3>0]
ENSP00000421925	Ensembl:259531[2];Ensembl:259531[2>0]	ENSG00000081189	CURATED:162[0];HGNC.Current:18379[1];HGNC.Current:18379[1>0];Ensembl.HGNC:259555[3>0]
ENSP00000422175	Ensembl:214494[2];Ensembl:214494[2>0]	ENSG00000171476	CURATED:101[0];HGNC.Current:12128[1];HGNC.Current:12128[1>0];Ensembl.HGNC:214506[3>0]
ENSP00000422334	Ensembl:114296[2];Ensembl:114296[2>0]	ENSG00000138795	CURATED:150[0];HGNC.Current:14850[1];HGNC.Current:14850[1>0];Ensembl.HGNC:114307[3>0]
ENSP00000422390	Ensembl:259541[2];Ensembl:259541[2>0]	ENSG00000081189	CURATED:162[0];HGNC.Current:18379[1];HGNC.Current:18379[1>0];Ensembl.HGNC:259555[3>0]
ENSP00000422676	Ensembl:146805[2];Ensembl:146805[2>0]	ENSG00000016082	CURATED:135[0];HGNC.Current:13543[1];HGNC.Current:13543[1>0];Ensembl.HGNC:146828[3>0]
ENSP00000422801	Ensembl:114300[2];Ensembl:114300[2>0]	ENSG00000138795	CURATED:150[0];HGNC.Current:14850[1];HGNC.Current:14850[1>0];Ensembl.HGNC:114307[3>0]
ENSP00000422840	Ensembl:114295[2];Ensembl:114295[2>0]	ENSG00000138795	CURATED:150[0];HGNC.Current:14850[1];HGNC.Current:14850[1>0];Ensembl.HGNC:114307[3>0]
ENSP00000422908	Ensembl:248351[2];Ensembl:248351[2>0]	ENSG00000069011	CURATED:200[0];HGNC.Current:25825[1];HGNC.Current:25825[1>0];Ensembl.HGNC:248371[3>0]
ENSP00000423597	Ensembl:259549[2];Ensembl:259549[2>0]	ENSG00000081189	CURATED:162[0];HGNC.Current:18379[1];HGNC.Current:18379[1>0];Ensembl.HGNC:259555[3>0]
ENSP00000423624	Ensembl:248352[2];Ensembl:248352[2>0]	ENSG00000069011	CURATED:200[0];HGNC.Current:25825[1];HGNC.Current:25825[1>0];Ensembl.HGNC:248371[3>0]
ENSP00000423656	Ensembl:259558[2];Ensembl:259558[2>0]	ENSG00000081189	CURATED:162[0];HGNC.Current:18379[1];HGNC.Current:18379[1>0];Ensembl.HGNC:259555[3>0]
ENSP00000423826	Ensembl:259557[2];Ensembl:259557[2>0]	ENSG00000081189	CURATED:162[0];HGNC.Current:18379[1];HGNC.Current:18379[1>0];Ensembl.HGNC:259555[3>0]
ENSP00000423861	Ensembl:235062[2];Ensembl:235062[2>0]	ENSG00000180806	CURATED:117[0];HGNC.Current:12174[1];HGNC.Current:12174[1>0];Ensembl.HGNC:235085[3>0]
ENSP00000423877	Ensembl:162866[2];Ensembl:162866[2>0]	ENSG00000109320	CURATED:184[0];HGNC.Current:22673[1];HGNC.Current:22673[1>0];Ensembl.HGNC:162880[3>0]
ENSP00000424101	Ensembl:214483[2];Ensembl:214483[2>0]	ENSG00000171476	CURATED:101[0];HGNC.Current:12128[1];HGNC.Current:12128[1>0];Ensembl.HGNC:214506[3>0]
ENSP00000424331	Ensembl:259562[2];Ensembl:259562[2>0]	ENSG00000081189	CURATED:162[0];HGNC.Current:18379[1];HGNC.Current:18379[1>0];Ensembl.HGNC:259555[3>0]
ENSP00000424606	Ensembl:259544[2];Ensembl:259544[2>0]	ENSG00000081189	CURATED:162[0];HGNC.Current:18379[1];HGNC.Current:18379[1>0];Ensembl.HGNC:259555[3>0]
ENSP00000424790	Ensembl:162864[2];Ensembl:162864[2>0]	ENSG00000109320	CURATED:184[0];HGNC.Current:22673[1];HGNC.Current:22673[1>0];Ensembl.HGNC:162880[3>0]
ENSP00000425636	Ensembl:259542[2];Ensembl:259542[2>0]	ENSG00000081189	CURATED:162[0];HGNC.Current:18379[1];HGNC.Current:18379[1>0];Ensembl.HGNC:259555[3>0]
ENSP00000426087	Ensembl:148505[2];Ensembl:148505[2>0]	ENSG00000109381	CURATED:43[0];HGNC.Current:7811[1];HGNC.Current:7811[1>0];Ensembl.HGNC:148522[3>0]
ENSP00000426147	Ensembl:162856[2];Ensembl:162856[2>0]	ENSG00000109320	CURATED:184[0];HGNC.Current:22673[1];HGNC.Current:22673[1>0];Ensembl.HGNC:162880[3>0]
ENSP00000426442	Ensembl:259564[2];Ensembl:259564[2>0]	ENSG00000081189	CURATED:162[0];HGNC.Current:18379[1];HGNC.Current:18379[1>0];Ensembl.HGNC:259555[3>0]
ENSP00000426465	Ensembl:259568[2];Ensembl:259568[2>0]	ENSG00000081189	CURATED:162[0];HGNC.Current:18379[1];HGNC.Current:18379[1>0];Ensembl.HGNC:259555[3>0]
ENSP00000426665	Ensembl:259540[2];Ensembl:259540[2>0]	ENSG00000081189	CURATED:162[0];HGNC.Current:18379[1];HGNC.Current:18379[1>0];Ensembl.HGNC:259555[3>0]
ENSP00000426997	Ensembl:148504[2];Ensembl:148504[2>0]	ENSG00000109381	CURATED:43[0];HGNC.Current:7811[1];HGNC.Current:7811[1>0];Ensembl.HGNC:148522[3>0]
ENSP00000427084	Ensembl:71592[2];Ensembl:71592[2>0]	ENSG00000164107	CURATED:89[0];HGNC.Current:11352[1];HGNC.Current:11352[1>0];Ensembl.HGNC:71616[3>0]
ENSP00000427163	Ensembl:259563[2];Ensembl:259563[2>0]	ENSG00000081189	CURATED:162[0];HGNC.Current:18379[1];HGNC.Current:18379[1>0];Ensembl.HGNC:259555[3>0]
ENSP00000427286	Ensembl:259561[2];Ensembl:259561[2>0]	ENSG00000081189	CURATED:162[0];HGNC.Current:18379[1];HGNC.Current:18379[1>0];Ensembl.HGNC:259555[3>0]
ENSP00000427309	Ensembl:259574[2];Ensembl:259574[2>0]	ENSG00000081189	CURATED:162[0];HGNC.Current:18379[1];HGNC.Current:18379[1>0];Ensembl.HGNC:259555[3>0]
ENSP00000427365	Ensembl:114302[2];Ensembl:114302[2>0]	ENSG00000138795	CURATED:150[0];HGNC.Current:14850[1];HGNC.Current:14850[1>0];Ensembl.HGNC:114307[3>0]
ENSP00000427425	Ensembl:180947[2];Ensembl:180947[2>0]	ENSG00000120149	CURATED:172[0];HGNC.Current:21209[1];HGNC.Current:21209[1>0];Ensembl.HGNC:180970[3>0]
ENSP00000427459	Ensembl:114299[2];Ensembl:114299[2>0]	ENSG00000138795	CURATED:150[0];HGNC.Current:14850[1];HGNC.Current:14850[1>0];Ensembl.HGNC:114307[3>0]
ENSP00000427514	Ensembl:226639[2];Ensembl:226639[2>0]	ENSG00000245848	CURATED:18[0];HGNC.Current:4279[1];HGNC.Current:4279[1>0];Ensembl.HGNC:226663[3>0]
ENSP00000427542	Ensembl:248348[2];Ensembl:248348[2>0]	ENSG00000069011	CURATED:200[0];HGNC.Current:25825[1];HGNC.Current:25825[1>0];Ensembl.HGNC:248371[3>0]
ENSP00000427758	Ensembl:256952[2];Ensembl:256952[2>0]	ENSG00000081059	CURATED:255[0];HGNC.Current:38513[1];HGNC.Current:38513[1>0];Ensembl.HGNC:256964[3>0]
ENSP00000427761	Ensembl:26745[2];Ensembl:26745[2>0]	ENSG00000120963	CURATED:277[0];HGNC.Current:43605[1];HGNC.Current:43605[1>0];Ensembl.HGNC:26769[3>0]
ENSP00000427782	Ensembl:256945[2];Ensembl:256945[2>0]	ENSG00000081059	CURATED:255[0];HGNC.Current:38513[1];HGNC.Current:38513[1>0];Ensembl.HGNC:256964[3>0]
ENSP00000427803	Ensembl:26751[2];Ensembl:26751[2>0]	ENSG00000120963	CURATED:277[0];HGNC.Current:43605[1];HGNC.Current:43605[1>0];Ensembl.HGNC:26769[3>0]
ENSP00000427870	Ensembl:256946[2];Ensembl:256946[2>0]	ENSG00000081059	CURATED:255[0];HGNC.Current:38513[1];HGNC.Current:38513[1>0];Ensembl.HGNC:256964[3>0]
ENSP00000427906	Ensembl:186010[2];Ensembl:186010[2>0]	ENSG00000183072	CURATED:187[0];HGNC.Current:22811[1];HGNC.Current:22811[1>0];Ensembl.HGNC:186032[3>0]
ENSP00000427968	Ensembl:256962[2];Ensembl:256962[2>0]	ENSG00000081059	CURATED:255[0];HGNC.Current:38513[1];HGNC.Current:38513[1>0];Ensembl.HGNC:256964[3>0]
ENSP00000428011	Ensembl:114057[2];Ensembl:114057[2>0]	ENSG00000185697	CURATED:176[0];HGNC.Current:21954[1];HGNC.Current:21954[1>0];Ensembl.HGNC:114079[3>0]
ENSP00000428020	Ensembl:261449[2];Ensembl:261449[2>0]	ENSG00000164330	CURATED:36[0];HGNC.Current:7389[1];HGNC.Current:7389[1>0];Ensembl.HGNC:261467[3>0]
ENSP00000428227	Ensembl:26750[2];Ensembl:26750[2>0]	ENSG00000120963	CURATED:277[0];HGNC.Current:43605[1];HGNC.Current:43605[1>0];Ensembl.HGNC:26769[3>0]
ENSP00000428265	Ensembl:114056[2];Ensembl:114056[2>0]	ENSG00000185697	CURATED:176[0];HGNC.Current:21954[1];HGNC.Current:21954[1>0];Ensembl.HGNC:114079[3>0]
ENSP00000428480	Ensembl:66728[2];Ensembl:66728[2>0]	ENSG00000006377	CURATED:30[0];HGNC.Current:6743[1];HGNC.Current:6743[1>0];Ensembl.HGNC:66752[3>0]
ENSP00000428563	Ensembl:149241[2];Ensembl:149241[2>0]	ENSG00000122592	CURATED:108[0];HGNC.Current:12144[1];HGNC.Current:12144[1>0];Ensembl.HGNC:149263[3>0]
ENSP00000428670	Ensembl:12942[2];Ensembl:12942[2>0]	ENSG00000196092	CURATED:197[0];HGNC.Current:24886[1];HGNC.Current:24886[1>0];Ensembl.HGNC:12927[3>0]
ENSP00000428696	Ensembl:26755[2];Ensembl:26755[2>0]	ENSG00000120963	CURATED:277[0];HGNC.Current:43605[1];HGNC.Current:43605[1>0];Ensembl.HGNC:26769[3>0]
ENSP00000428952	Ensembl:148467[2];Ensembl:148467[2>0]	ENSG00000049768	CURATED:74[0];HGNC.Current:9483[1];HGNC.Current:9483[1>0];Ensembl.HGNC:148487[3>0]
ENSP00000428985	Ensembl:26753[2];Ensembl:26753[2>0]	ENSG00000120963	CURATED:277[0];HGNC.Current:43605[1];HGNC.Current:43605[1>0];Ensembl.HGNC:26769[3>0]
ENSP00000429178	Ensembl:256961[2];Ensembl:256961[2>0]	ENSG00000081059	CURATED:255[0];HGNC.Current:38513[1];HGNC.Current:38513[1>0];Ensembl.HGNC:256964[3>0]
ENSP00000429197	Ensembl:12937[2];Ensembl:12937[2>0]	ENSG00000196092	CURATED:197[0];HGNC.Current:24886[1];HGNC.Current:24886[1>0];Ensembl.HGNC:12927[3>0]
ENSP00000429260	Ensembl:26758[2];Ensembl:26758[2>0]	ENSG00000120963	CURATED:277[0];HGNC.Current:43605[1];HGNC.Current:43605[1>0];Ensembl.HGNC:26769[3>0]
ENSP00000429291	Ensembl:12933[2];Ensembl:12933[2>0]	ENSG00000196092	CURATED:197[0];HGNC.Current:24886[1];HGNC.Current:24886[1>0];Ensembl.HGNC:12927[3>0]
ENSP00000429359	Ensembl:12936[2];Ensembl:12936[2>0]	ENSG00000196092	CURATED:197[0];HGNC.Current:24886[1];HGNC.Current:24886[1>0];Ensembl.HGNC:12927[3>0]
ENSP00000429404	Ensembl:12941[2];Ensembl:12941[2>0]	ENSG00000196092	CURATED:197[0];HGNC.Current:24886[1];HGNC.Current:24886[1>0];Ensembl.HGNC:12927[3>0]
ENSP00000429426	Ensembl:153273[2];Ensembl:153273[2>0]	ENSG00000105997	CURATED:105[0];HGNC.Current:12140[1];HGNC.Current:12140[1>0];Ensembl.HGNC:153294[3>0]
ENSP00000429441	Ensembl:181800[2];Ensembl:181800[2>0]	ENSG00000136997	CURATED:177[0];HGNC.Current:21961[1];HGNC.Current:21961[1>0];Ensembl.HGNC:181822[3>0]
ENSP00000429547	Ensembl:256948[2];Ensembl:256948[2>0]	ENSG00000081059	CURATED:255[0];HGNC.Current:38513[1];HGNC.Current:38513[1>0];Ensembl.HGNC:256964[3>0]
ENSP00000429633	Ensembl:114055[2];Ensembl:114055[2>0]	ENSG00000185697	CURATED:176[0];HGNC.Current:21954[1];HGNC.Current:21954[1>0];Ensembl.HGNC:114079[3>0]
ENSP00000429637	Ensembl:12929[2];Ensembl:12929[2>0]	ENSG00000196092	CURATED:197[0];HGNC.Current:24886[1];HGNC.Current:24886[1>0];Ensembl.HGNC:12927[3>0]
ENSP00000429645	Ensembl:26748[2];Ensembl:26748[2>0]	ENSG00000120963	CURATED:277[0];HGNC.Current:43605[1];HGNC.Current:43605[1>0];Ensembl.HGNC:26769[3>0]
ENSP00000429696	Ensembl:256955[2];Ensembl:256955[2>0]	ENSG00000081059	CURATED:255[0];HGNC.Current:38513[1];HGNC.Current:38513[1>0];Ensembl.HGNC:256964[3>0]
ENSP00000429817	Ensembl:256954[2];Ensembl:256954[2>0]	ENSG00000081059	CURATED:255[0];HGNC.Current:38513[1];HGNC.Current:38513[1>0];Ensembl.HGNC:256964[3>0]
ENSP00000429905	Ensembl:186011[2];Ensembl:186011[2>0]	ENSG00000183072	CURATED:187[0];HGNC.Current:22811[1];HGNC.Current:22811[1>0];Ensembl.HGNC:186032[3>0]
ENSP00000429935	Ensembl:256963[2];Ensembl:256963[2>0]	ENSG00000081059	CURATED:255[0];HGNC.Current:38513[1];HGNC.Current:38513[1>0];Ensembl.HGNC:256964[3>0]
ENSP00000429946	Ensembl:256944[2];Ensembl:256944[2>0]	ENSG00000081059	CURATED:255[0];HGNC.Current:38513[1];HGNC.Current:38513[1>0];Ensembl.HGNC:256964[3>0]
ENSP00000430090	Ensembl:26759[2];Ensembl:26759[2>0]	ENSG00000120963	CURATED:277[0];HGNC.Current:43605[1];HGNC.Current:43605[1>0];Ensembl.HGNC:26769[3>0]
ENSP00000430165	Ensembl:26754[2];Ensembl:26754[2>0]	ENSG00000120963	CURATED:277[0];HGNC.Current:43605[1];HGNC.Current:43605[1>0];Ensembl.HGNC:26769[3>0]
ENSP00000430179	Ensembl:256949[2];Ensembl:256949[2>0]	ENSG00000081059	CURATED:255[0];HGNC.Current:38513[1];HGNC.Current:38513[1>0];Ensembl.HGNC:256964[3>0]
ENSP00000430235	Ensembl:181804[2];Ensembl:181804[2>0]	ENSG00000136997	CURATED:177[0];HGNC.Current:21961[1];HGNC.Current:21961[1>0];Ensembl.HGNC:181822[3>0]
ENSP00000430241	Ensembl:10324[2];Ensembl:10324[2>0]	ENSG00000221818	CURATED:37[0];HGNC.Current:7390[1];HGNC.Current:7390[1>0];Ensembl.HGNC:10324[3>0]
ENSP00000430566	Ensembl:153274[2];Ensembl:153274[2>0]	ENSG00000105997	CURATED:105[0];HGNC.Current:12140[1];HGNC.Current:12140[1>0];Ensembl.HGNC:153294[3>0]
ENSP00000430617	Ensembl:256942[2];Ensembl:256942[2>0]	ENSG00000081059	CURATED:255[0];HGNC.Current:38513[1];HGNC.Current:38513[1>0];Ensembl.HGNC:256964[3>0]
ENSP00000430773	Ensembl:12934[2];Ensembl:12934[2>0]	ENSG00000196092	CURATED:197[0];HGNC.Current:24886[1];HGNC.Current:24886[1>0];Ensembl.HGNC:12927[3>0]
ENSP00000430823	Ensembl:26752[2];Ensembl:26752[2>0]	ENSG00000120963	CURATED:277[0];HGNC.Current:43605[1];HGNC.Current:43605[1>0];Ensembl.HGNC:26769[3>0]
ENSP00000430845	Ensembl:26756[2];Ensembl:26756[2>0]	ENSG00000120963	CURATED:277[0];HGNC.Current:43605[1];HGNC.Current:43605[1>0];Ensembl.HGNC:26769[3>0]
ENSP00000431038	Ensembl:12938[2];Ensembl:12938[2>0]	ENSG00000196092	CURATED:197[0];HGNC.Current:24886[1];HGNC.Current:24886[1>0];Ensembl.HGNC:12927[3>0]
ENSP00000431059	Ensembl:26746[2];Ensembl:26746[2>0]	ENSG00000120963	CURATED:277[0];HGNC.Current:43605[1];HGNC.Current:43605[1>0];Ensembl.HGNC:26769[3>0]
ENSP00000431095	Ensembl:256951[2];Ensembl:256951[2>0]	ENSG00000081059	CURATED:255[0];HGNC.Current:38513[1];HGNC.Current:38513[1>0];Ensembl.HGNC:256964[3>0]
ENSP00000431270	Ensembl:121248[2];Ensembl:121248[2>0]	ENSG00000217555	CURATED:23[0];HGNC.Current:4824[1];HGNC.Current:4824[1>0];Ensembl.HGNC:121272[3>0]
ENSP00000431353	Ensembl:159227[2];Ensembl:159227[2>0]	ENSG00000206289	CURATED:218[0];HGNC.Current:34480[1];HGNC.Current:34480[1>0];Ensembl.HGNC:159249[3>0]
ENSP00000431369	Ensembl:132802[2];Ensembl:132802[2>0]	ENSG00000204231	CURATED:218[0];HGNC.Current:34480[1];HGNC.Current:34480[1>0];Ensembl.HGNC:132824[3>0]
ENSP00000431585	Ensembl:216563[2];Ensembl:216563[2>0]	ENSG00000007372	CURATED:198[0];HGNC.Current:24887[1];HGNC.Current:24887[1>0];Ensembl.HGNC:216546[3>0]
ENSP00000431603	Ensembl:190084[2];Ensembl:190084[2>0]	ENSG00000028277	CURATED:202[0];HGNC.Current:26332[1];HGNC.Current:26332[1>0];Ensembl.HGNC:190104[3>0]
ENSP00000431911	Ensembl:17099[2];Ensembl:17099[2>0]	ENSG00000102349	CURATED:148[0];HGNC.Current:14138[1];HGNC.Current:14138[1>0];Ensembl.HGNC:17096[3>0]
ENSP00000432042	Ensembl:222952[2];Ensembl:222952[2>0]	ENSG00000118513	CURATED:175[0];HGNC.Current:21951[1];HGNC.Current:21951[1>0];Ensembl.HGNC:222938[3>0]
ENSP00000432134	Ensembl:188542[2];Ensembl:188542[2>0]	ENSG00000110693	CURATED:231[0];HGNC.Current:37140[1];HGNC.Current:37140[1>0];Ensembl.HGNC:188565[3>0]
ENSP00000432168	Ensembl:222937[2];Ensembl:222937[2>0]	ENSG00000118513	CURATED:175[0];HGNC.Current:21951[1];HGNC.Current:21951[1>0];Ensembl.HGNC:222938[3>0]
ENSP00000432577	Ensembl:188549[2];Ensembl:188549[2>0]	ENSG00000110693	CURATED:231[0];HGNC.Current:37140[1];HGNC.Current:37140[1>0];Ensembl.HGNC:188565[3>0]
ENSP00000432596	Ensembl:188553[2];Ensembl:188553[2>0]	ENSG00000110693	CURATED:231[0];HGNC.Current:37140[1];HGNC.Current:37140[1>0];Ensembl.HGNC:188565[3>0]
ENSP00000432690	Ensembl:141856[2];Ensembl:141856[2>0]	ENSG00000228333	CURATED:218[0];HGNC.Current:34480[1];HGNC.Current:34480[1>0];Ensembl.HGNC:141878[3>0]
ENSP00000432811	Ensembl:222938[2];Ensembl:222938[2>0]	ENSG00000118513	CURATED:175[0];HGNC.Current:21951[1];HGNC.Current:21951[1>0];Ensembl.HGNC:222938[3>0]
ENSP00000432851	Ensembl:222941[2];Ensembl:222941[2>0]	ENSG00000118513	CURATED:175[0];HGNC.Current:21951[1];HGNC.Current:21951[1>0];Ensembl.HGNC:222938[3>0]
ENSP00000432877	Ensembl:222932[2];Ensembl:222932[2>0]	ENSG00000118513	CURATED:175[0];HGNC.Current:21951[1];HGNC.Current:21951[1>0];Ensembl.HGNC:222938[3>0]
ENSP00000432948	Ensembl:222928[2];Ensembl:222928[2>0]	ENSG00000118513	CURATED:175[0];HGNC.Current:21951[1];HGNC.Current:21951[1>0];Ensembl.HGNC:222938[3>0]
ENSP00000432950	Ensembl:228542[2];Ensembl:228542[2>0]	ENSG00000151702	CURATED:56[0];HGNC.Current:9325[1];HGNC.Current:9325[1>0];Ensembl.HGNC:228559[3>0]
ENSP00000433227	Ensembl:222923[2];Ensembl:222923[2>0]	ENSG00000118513	CURATED:175[0];HGNC.Current:21951[1];HGNC.Current:21951[1>0];Ensembl.HGNC:222938[3>0]
ENSP00000433233	Ensembl:188544[2];Ensembl:188544[2>0]	ENSG00000110693	CURATED:231[0];HGNC.Current:37140[1];HGNC.Current:37140[1>0];Ensembl.HGNC:188565[3>0]
ENSP00000433265	Ensembl:111113[2];Ensembl:111113[2>0]	ENSG00000231321	CURATED:218[0];HGNC.Current:34480[1];HGNC.Current:34480[1>0];Ensembl.HGNC:111135[3>0]
ENSP00000433292	Ensembl:105672[2];Ensembl:105672[2>0]	ENSG00000089225	CURATED:250[0];HGNC.Current:38456[1];HGNC.Current:38456[1>0];Ensembl.HGNC:105693[3>0]
ENSP00000433458	Ensembl:222946[2];Ensembl:222946[2>0]	ENSG00000118513	CURATED:175[0];HGNC.Current:21951[1];HGNC.Current:21951[1>0];Ensembl.HGNC:222938[3>0]
ENSP00000433487	Ensembl:258007[2];Ensembl:258007[2>0]	ENSG00000187098	CURATED:169[0];HGNC.Current:20644[1];HGNC.Current:20644[1>0];Ensembl.HGNC:258015[3>0]
ENSP00000433488	Ensembl:228540[2];Ensembl:228540[2>0]	ENSG00000151702	CURATED:56[0];HGNC.Current:9325[1];HGNC.Current:9325[1>0];Ensembl.HGNC:228559[3>0]
ENSP00000433500	Ensembl:241993[2];Ensembl:241993[2>0]	ENSG00000134954	CURATED:50[0];HGNC.Current:8351[1];HGNC.Current:8351[1>0];Ensembl.HGNC:242014[3>0]
ENSP00000433745	Ensembl:222927[2];Ensembl:222927[2>0]	ENSG00000118513	CURATED:175[0];HGNC.Current:21951[1];HGNC.Current:21951[1>0];Ensembl.HGNC:222938[3>0]
ENSP00000433844	Ensembl:222935[2];Ensembl:222935[2>0]	ENSG00000118513	CURATED:175[0];HGNC.Current:21951[1];HGNC.Current:21951[1>0];Ensembl.HGNC:222938[3>0]
ENSP00000433903	Ensembl:231977[2];Ensembl:231977[2>0]	ENSG00000185507	CURATED:130[0];HGNC.Current:13505[1];HGNC.Current:13505[1>0];Ensembl.HGNC:231997[3>0]
ENSP00000434009	Ensembl:231976[2];Ensembl:231976[2>0]	ENSG00000185507	CURATED:130[0];HGNC.Current:13505[1];HGNC.Current:13505[1>0];Ensembl.HGNC:231997[3>0]
ENSP00000434208	Ensembl:127001[2];Ensembl:127001[2>0]	ENSG00000227322	CURATED:218[0];HGNC.Current:34480[1];HGNC.Current:34480[1>0];Ensembl.HGNC:127023[3>0]
ENSP00000434420	Ensembl:222942[2];Ensembl:222942[2>0]	ENSG00000118513	CURATED:175[0];HGNC.Current:21951[1];HGNC.Current:21951[1>0];Ensembl.HGNC:222938[3>0]
ENSP00000434455	Ensembl:188543[2];Ensembl:188543[2>0]	ENSG00000110693	CURATED:231[0];HGNC.Current:37140[1];HGNC.Current:37140[1>0];Ensembl.HGNC:188565[3>0]
ENSP00000434607	Ensembl:231979[2];Ensembl:231979[2>0]	ENSG00000185507	CURATED:130[0];HGNC.Current:13505[1];HGNC.Current:13505[1>0];Ensembl.HGNC:231997[3>0]
ENSP00000434639	Ensembl:222920[2];Ensembl:222920[2>0]	ENSG00000118513	CURATED:175[0];HGNC.Current:21951[1];HGNC.Current:21951[1>0];Ensembl.HGNC:222938[3>0]
ENSP00000434675	Ensembl:222926[2];Ensembl:222926[2>0]	ENSG00000118513	CURATED:175[0];HGNC.Current:21951[1];HGNC.Current:21951[1>0];Ensembl.HGNC:222938[3>0]
ENSP00000434723	Ensembl:222934[2];Ensembl:222934[2>0]	ENSG00000118513	CURATED:175[0];HGNC.Current:21951[1];HGNC.Current:21951[1>0];Ensembl.HGNC:222938[3>0]
ENSP00000434795	Ensembl:222929[2];Ensembl:222929[2>0]	ENSG00000118513	CURATED:175[0];HGNC.Current:21951[1];HGNC.Current:21951[1>0];Ensembl.HGNC:222938[3>0]
ENSP00000434816	Ensembl:222931[2];Ensembl:222931[2>0]	ENSG00000118513	CURATED:175[0];HGNC.Current:21951[1];HGNC.Current:21951[1>0];Ensembl.HGNC:222938[3>0]
ENSP00000434892	Ensembl:188552[2];Ensembl:188552[2>0]	ENSG00000110693	CURATED:231[0];HGNC.Current:37140[1];HGNC.Current:37140[1>0];Ensembl.HGNC:188565[3>0]
ENSP00000434917	Ensembl:222945[2];Ensembl:222945[2>0]	ENSG00000118513	CURATED:175[0];HGNC.Current:21951[1];HGNC.Current:21951[1>0];Ensembl.HGNC:222938[3>0]
ENSP00000435043	Ensembl:116983[2];Ensembl:116983[2>0]	ENSG00000136574	CURATED:79[0];HGNC.Current:10072[1];HGNC.Current:10072[1>0];Ensembl.HGNC:117007[3>0]
ENSP00000435055	Ensembl:222940[2];Ensembl:222940[2>0]	ENSG00000118513	CURATED:175[0];HGNC.Current:21951[1];HGNC.Current:21951[1>0];Ensembl.HGNC:222938[3>0]
ENSP00000435288	Ensembl:35273[2];Ensembl:35273[2>0]	ENSG00000111704	CURATED:178[0];HGNC.Current:22193[1];HGNC.Current:22193[1>0];Ensembl.HGNC:35294[3>0]
ENSP00000435293	Ensembl:222949[2];Ensembl:222949[2>0]	ENSG00000118513	CURATED:175[0];HGNC.Current:21951[1];HGNC.Current:21951[1>0];Ensembl.HGNC:222938[3>0]
ENSP00000435347	Ensembl:116986[2];Ensembl:116986[2>0]	ENSG00000136574	CURATED:79[0];HGNC.Current:10072[1];HGNC.Current:10072[1>0];Ensembl.HGNC:117007[3>0]
ENSP00000435434	Ensembl:127002[2];Ensembl:127002[2>0]	ENSG00000227322	CURATED:218[0];HGNC.Current:34480[1];HGNC.Current:34480[1>0];Ensembl.HGNC:127023[3>0]
ENSP00000435471	Ensembl:154372[2];Ensembl:154372[2>0]	ENSG00000235712	CURATED:218[0];HGNC.Current:34480[1];HGNC.Current:34480[1>0];Ensembl.HGNC:154394[3>0]
ENSP00000435497	Ensembl:222933[2];Ensembl:222933[2>0]	ENSG00000118513	CURATED:175[0];HGNC.Current:21951[1];HGNC.Current:21951[1>0];Ensembl.HGNC:222938[3>0]
ENSP00000435578	Ensembl:222944[2];Ensembl:222944[2>0]	ENSG00000118513	CURATED:175[0];HGNC.Current:21951[1];HGNC.Current:21951[1>0];Ensembl.HGNC:222938[3>0]
ENSP00000435595	Ensembl:222948[2];Ensembl:222948[2>0]	ENSG00000118513	CURATED:175[0];HGNC.Current:21951[1];HGNC.Current:21951[1>0];Ensembl.HGNC:222938[3>0]
ENSP00000435666	Ensembl:241994[2];Ensembl:241994[2>0]	ENSG00000134954	CURATED:50[0];HGNC.Current:8351[1];HGNC.Current:8351[1>0];Ensembl.HGNC:242014[3>0]
ENSP00000435694	Ensembl:152779[2];Ensembl:152779[2>0]	ENSG00000148737	CURATED:254[0];HGNC.Current:38510[1];HGNC.Current:38516[10>1];HGNC.Current:38516[1];HGNC.Current:38516[1>0];Ensembl.HGNC:152776[3>0]
ENSP00000435712	Ensembl:116987[2];Ensembl:116987[2>0]	ENSG00000136574	CURATED:79[0];HGNC.Current:10072[1];HGNC.Current:10072[1>0];Ensembl.HGNC:117007[3>0]
ENSP00000435909	Ensembl:258009[2];Ensembl:258009[2>0]	ENSG00000187098	CURATED:169[0];HGNC.Current:20644[1];HGNC.Current:20644[1>0];Ensembl.HGNC:258015[3>0]
ENSP00000435938	Ensembl:222925[2];Ensembl:222925[2>0]	ENSG00000118513	CURATED:175[0];HGNC.Current:21951[1];HGNC.Current:21951[1>0];Ensembl.HGNC:222938[3>0]
ENSP00000436094	Ensembl:172641[2];Ensembl:172641[2>0]	ENSG00000137265	CURATED:129[0];HGNC.Current:13501[1];HGNC.Current:13501[1>0];Ensembl.HGNC:172659[3>0]
ENSP00000436100	Ensembl:190087[2];Ensembl:190087[2>0]	ENSG00000028277	CURATED:202[0];HGNC.Current:26332[1];HGNC.Current:26332[1>0];Ensembl.HGNC:190104[3>0]
ENSP00000436170	Ensembl:188548[2];Ensembl:188548[2>0]	ENSG00000110693	CURATED:231[0];HGNC.Current:37140[1];HGNC.Current:37140[1>0];Ensembl.HGNC:188565[3>0]
ENSP00000436385	Ensembl:222930[2];Ensembl:222930[2>0]	ENSG00000118513	CURATED:175[0];HGNC.Current:21951[1];HGNC.Current:21951[1>0];Ensembl.HGNC:222938[3>0]
ENSP00000436466	Ensembl:22300[2];Ensembl:22300[2>0]	ENSG00000106546	CURATED:1[0];HGNC.Current:702[1];HGNC.Current:702[1>0];Ensembl.HGNC:22321[3>0]
ENSP00000436602	Ensembl:222918[2];Ensembl:222918[2>0]	ENSG00000118513	CURATED:175[0];HGNC.Current:21951[1];HGNC.Current:21951[1>0];Ensembl.HGNC:222938[3>0]
ENSP00000436605	Ensembl:222939[2];Ensembl:222939[2>0]	ENSG00000118513	CURATED:175[0];HGNC.Current:21951[1];HGNC.Current:21951[1>0];Ensembl.HGNC:222938[3>0]
ENSP00000436696	Ensembl:231982[2];Ensembl:231982[2>0]	ENSG00000185507	CURATED:130[0];HGNC.Current:13505[1];HGNC.Current:13505[1>0];Ensembl.HGNC:231997[3>0]
ENSP00000436925	Ensembl:222936[2];Ensembl:222936[2>0]	ENSG00000118513	CURATED:175[0];HGNC.Current:21951[1];HGNC.Current:21951[1>0];Ensembl.HGNC:222938[3>0]
ENSP00000436930	Ensembl:20341[2];Ensembl:20341[2>0]	ENSG00000136944	CURATED:156[0];HGNC.Current:17435[1];HGNC.Current:17435[1>0];Ensembl.HGNC:20365[3>0]
ENSP00000436988	Ensembl:190090[2];Ensembl:190090[2>0]	ENSG00000028277	CURATED:202[0];HGNC.Current:26332[1];HGNC.Current:26332[1>0];Ensembl.HGNC:190104[3>0]
ENSP00000437081	Ensembl:222919[2];Ensembl:222919[2>0]	ENSG00000118513	CURATED:175[0];HGNC.Current:21951[1];HGNC.Current:21951[1>0];Ensembl.HGNC:222938[3>0]
ENSP00000437224	Ensembl:190085[2];Ensembl:190085[2>0]	ENSG00000028277	CURATED:202[0];HGNC.Current:26332[1];HGNC.Current:26332[1>0];Ensembl.HGNC:190104[3>0]
ENSP00000437264	Ensembl:222947[2];Ensembl:222947[2>0]	ENSG00000118513	CURATED:175[0];HGNC.Current:21951[1];HGNC.Current:21951[1>0];Ensembl.HGNC:222938[3>0]
ENSP00000437716	Ensembl:163481[2];Ensembl:163481[2>0]	ENSG00000109906	CURATED:269[0];HGNC.Current:42806[1];HGNC.Current:42806[1>0];Ensembl.HGNC:163499[3>0]
ENSP00000437909	Ensembl:10327[2];Ensembl:10327[2>0]	ENSG00000221818	CURATED:37[0];HGNC.Current:7390[1];HGNC.Current:7390[1>0];Ensembl.HGNC:10324[3>0]
ENSP00000438209	Ensembl:259012[2];Ensembl:259012[2>0]	ENSG00000189120	CURATED:237[0];HGNC.Current:37165[1];HGNC.Current:37165[1>0];Ensembl.HGNC:259036[3>0]
ENSP00000438450	Ensembl:18409[2];Ensembl:18409[2>0]	ENSG00000198176	CURATED:258[0];HGNC.Current:38720[1];HGNC.Current:38720[1>0];Ensembl.HGNC:18429[3>0]
ENSP00000438703	Ensembl:256504[2];Ensembl:256504[2>0]	ENSG00000115415	CURATED:241[0];HGNC.Current:37777[1];HGNC.Current:37777[1>0];Ensembl.HGNC:256520[3>0]
ENSP00000438846	Ensembl:255461[2];Ensembl:255461[2>0]	ENSG00000066336	CURATED:239[0];HGNC.Current:37337[1];HGNC.Current:37337[1>0];Ensembl.HGNC:255480[3>0]
ENSP00000438926	Ensembl:42897[2];Ensembl:42897[2>0]	ENSG00000140836	CURATED:273[0];HGNC.Current:42949[1];HGNC.Current:42949[1>0];Ensembl.HGNC:42920[3>0]
ENSP00000439120	Ensembl:162824[2];Ensembl:162824[2>0]	ENSG00000123405	CURATED:181[0];HGNC.Current:22656[1];HGNC.Current:22656[1>0];Ensembl.HGNC:162846[3>0]
ENSP00000439656	Ensembl:12556[2];Ensembl:12556[2>0]	ENSG00000196628	CURATED:254[0];HGNC.Current:38510[1];HGNC.Current:38510[1>0];Ensembl.HGNC:12536[3>0]
ENSP00000439689	Ensembl:169667[2];Ensembl:169667[2>0]	ENSG00000124496	CURATED:263[0];HGNC.Current:40191[1];HGNC.Current:40191[1>0];Ensembl.HGNC:169689[3>0]
ENSP00000439782	Ensembl:121917[2];Ensembl:121917[2>0]	ENSG00000114126	CURATED:259[0];HGNC.Current:38724[1];HGNC.Current:38724[1>0];Ensembl.HGNC:121918[3>0]
ENSP00000439827	Ensembl:12562[2];Ensembl:12562[2>0]	ENSG00000196628	CURATED:254[0];HGNC.Current:38510[1];HGNC.Current:38510[1>0];Ensembl.HGNC:12536[3>0]
ENSP00000439943	Ensembl:269904[2];Ensembl:269904[2>0]	ENSG00000185630	CURATED:199[0];HGNC.Current:24905[1];HGNC.Current:24905[1>0];Ensembl.HGNC:269930[3>0]
ENSP00000440407	Ensembl:2997[2];Ensembl:2997[2>0]	ENSG00000102554	CURATED:23[0];HGNC.Current:4824[1];HGNC.Current:14133[8>1];HGNC.Current:14133[1];HGNC.Current:14133[1>0];Ensembl.HGNC:2993[3>0]
ENSP00000440547	Ensembl:152761[2];Ensembl:152761[2>0]	ENSG00000148737	CURATED:254[0];HGNC.Current:38510[1];HGNC.Current:38516[10>1];HGNC.Current:38516[1];HGNC.Current:38516[1>0];Ensembl.HGNC:152776[3>0]
ENSP00000440571	Ensembl:274442[2];Ensembl:274442[2>0]	ENSG00000143995	CURATED:164[0];HGNC.Current:18399[1];HGNC.Current:18399[1>0];Ensembl.HGNC:274483[3>0]
ENSP00000440731	Ensembl:12558[2];Ensembl:12558[2>0]	ENSG00000196628	CURATED:254[0];HGNC.Current:38510[1];HGNC.Current:38510[1>0];Ensembl.HGNC:12536[3>0]
ENSP00000440911	Ensembl:19531[2];Ensembl:19531[2>0]	ENSG00000116017	CURATED:6[0];HGNC.Current:1542[1];HGNC.Current:1542[1>0];Ensembl.HGNC:19551[3>0]
ENSP00000441285	Ensembl:87843[2];Ensembl:87843[2>0]	ENSG00000143190	CURATED:201[0];HGNC.Current:26330[1];HGNC.Current:26330[1>0];Ensembl.HGNC:87858[3>0]
ENSP00000441430	Ensembl:241990[2];Ensembl:241990[2>0]	ENSG00000134954	CURATED:50[0];HGNC.Current:8351[1];HGNC.Current:8351[1>0];Ensembl.HGNC:242014[3>0]
ENSP00000441463	Ensembl:20772[2];Ensembl:20772[2>0]	ENSG00000139083	CURATED:54[0];HGNC.Current:8363[1];HGNC.Current:8363[1>0];Ensembl.HGNC:20793[3>0]
ENSP00000441562	Ensembl:12563[2];Ensembl:12563[2>0]	ENSG00000196628	CURATED:254[0];HGNC.Current:38510[1];HGNC.Current:38510[1>0];Ensembl.HGNC:12536[3>0]
ENSP00000442268	Ensembl:13432[2];Ensembl:13432[2>0]	ENSG00000170345	CURATED:57[0];HGNC.Current:9414[1];HGNC.Current:9414[1>0];Ensembl.HGNC:13428[3>0]
ENSP00000442439	Ensembl:176183[2];Ensembl:176183[2>0]	ENSG00000185155	CURATED:170[0];HGNC.Current:20651[1];HGNC.Current:20651[1>0];Ensembl.HGNC:176207[3>0]
ENSP00000443107	Ensembl:157888[2];Ensembl:157888[2>0]	ENSG00000126561	CURATED:244[0];HGNC.Current:37782[1];HGNC.Current:37782[1>0];Ensembl.HGNC:157910[3>0]
ENSP00000443418	Ensembl:153763[2];Ensembl:153763[2>0]	ENSG00000112242	CURATED:34[0];HGNC.Current:7366[1];HGNC.Current:7366[1>0];Ensembl.HGNC:153786[3>0]
ENSP00000443626	Ensembl:152755[2];Ensembl:152755[2>0]	ENSG00000148737	CURATED:254[0];HGNC.Current:38510[1];HGNC.Current:38516[10>1];HGNC.Current:38516[1];HGNC.Current:38516[1>0];Ensembl.HGNC:152776[3>0]
ENSP00000443792	Ensembl:236778[2];Ensembl:236778[2>0]	ENSG00000169554	CURATED:272[0];HGNC.Current:42926[1];HGNC.Current:42926[1>0];Ensembl.HGNC:236783[3>0]
ENSP00000443865	Ensembl:255460[2];Ensembl:255460[2>0]	ENSG00000066336	CURATED:239[0];HGNC.Current:37337[1];HGNC.Current:37337[1>0];Ensembl.HGNC:255480[3>0]
ENSP00000443935	Ensembl:208709[2];Ensembl:208709[2>0]	ENSG00000059728	CURATED:173[0];HGNC.Current:21937[1];HGNC.Current:21937[1>0];Ensembl.HGNC:208732[3>0]
ENSP00000444335	Ensembl:48982[2];Ensembl:48982[2>0]	ENSG00000172819	CURATED:208[0];HGNC.Current:27805[1];HGNC.Current:27805[1>0];Ensembl.HGNC:49004[3>0]
ENSP00000444434	Ensembl:35270[2];Ensembl:35270[2>0]	ENSG00000111704	CURATED:178[0];HGNC.Current:22193[1];HGNC.Current:22193[1>0];Ensembl.HGNC:35294[3>0]
ENSP00000444891	Ensembl:92726[2];Ensembl:92726[2>0]	ENSG00000148516	CURATED:271[0];HGNC.Current:42924[1];HGNC.Current:42924[1>0];Ensembl.HGNC:92740[3>0]
ENSP00000445047	Ensembl:163489[2];Ensembl:163489[2>0]	ENSG00000109906	CURATED:269[0];HGNC.Current:42806[1];HGNC.Current:42806[1>0];Ensembl.HGNC:163499[3>0]
ENSP00000445202	Ensembl:12557[2];Ensembl:12557[2>0]	ENSG00000196628	CURATED:254[0];HGNC.Current:38510[1];HGNC.Current:38510[1>0];Ensembl.HGNC:12536[3>0]
ENSP00000445301	Ensembl:9731[2];Ensembl:9731[2>0]	ENSG00000067082	CURATED:146[0];HGNC.Current:14134[1];HGNC.Current:14134[1>0];Ensembl.HGNC:9725[3>0]
ENSP00000445392	Ensembl:175571[2];Ensembl:175571[2>0]	ENSG00000142910	CURATED:5[0];HGNC.Current:1429[1];HGNC.Current:38928[8>1];HGNC.Current:38928[1];HGNC.Current:38928[1>0];Ensembl.HGNC:175588[3>0]
ENSP00000445670	Ensembl:77888[2];Ensembl:77888[2>0]	ENSG00000072736	CURATED:180[0];HGNC.Current:22654[1];HGNC.Current:22654[1>0];Ensembl.HGNC:77902[3>0]
ENSP00000446172	Ensembl:152756[2];Ensembl:152756[2>0]	ENSG00000148737	CURATED:254[0];HGNC.Current:38510[1];HGNC.Current:38516[10>1];HGNC.Current:38516[1];HGNC.Current:38516[1>0];Ensembl.HGNC:152776[3>0]
ENSP00000446205	Ensembl:83404[2];Ensembl:83404[2>0]	ENSG00000179111	CURATED:94[0];HGNC.Current:11569[1];HGNC.Current:11569[1>0];Ensembl.HGNC:83428[3>0]
ENSP00000446238	Ensembl.Proteins:164709[2];Ensembl.Proteins:587568[0>2];Ensembl:152762[2];Ensembl:152762[2>0]	ENSG00000148737	CURATED:254[0];HGNC.Current:38510[1];HGNC.Current:38516[10>1];HGNC.Current:38516[1];HGNC.Current:38516[1>0];Ensembl.HGNC:152776[3>0]
ENSP00000446316	Ensembl:51483[2];Ensembl:51483[2>0]	ENSG00000118689	CURATED:71[0];HGNC.Current:9473[1];HGNC.Current:9473[1>0];Ensembl.HGNC:51505[3>0]
ENSP00000446806	Ensembl:56330[2];Ensembl:56330[2>0]	ENSG00000111145	CURATED:44[0];HGNC.Current:7827[1];HGNC.Current:7827[1>0];Ensembl.HGNC:56353[3>0]
ENSP00000446929	Ensembl:162826[2];Ensembl:162826[2>0]	ENSG00000123405	CURATED:181[0];HGNC.Current:22656[1];HGNC.Current:22656[1>0];Ensembl.HGNC:162846[3>0]
ENSP00000447332	Ensembl:2711[2];Ensembl:2711[2>0]	ENSG00000156273	CURATED:10[0];HGNC.Current:2206[1];HGNC.Current:2206[1>0];Ensembl.HGNC:2711[3>0]
ENSP00000447486	Ensembl:170304[2];Ensembl:170304[2>0]	ENSG00000120837	CURATED:185[0];HGNC.Current:22690[1];HGNC.Current:22690[1>0];Ensembl.HGNC:170326[3>0]
ENSP00000447558	Ensembl:162825[2];Ensembl:162825[2>0]	ENSG00000123405	CURATED:181[0];HGNC.Current:22656[1];HGNC.Current:22656[1>0];Ensembl.HGNC:162846[3>0]
ENSP00000447857	Ensembl:56332[2];Ensembl:56332[2>0]	ENSG00000111145	CURATED:44[0];HGNC.Current:7827[1];HGNC.Current:7827[1>0];Ensembl.HGNC:56353[3>0]
ENSP00000447953	Ensembl:22339[2];Ensembl:22339[2>0]	ENSG00000152804	CURATED:96[0];HGNC.Current:11595[1];HGNC.Current:11595[1>0];Ensembl.HGNC:22360[3>0]
ENSP00000448015	Ensembl:221859[2];Ensembl:221859[2>0]	ENSG00000197576	CURATED:106[0];HGNC.Current:12141[1];HGNC.Current:12141[1>0];Ensembl.HGNC:221881[3>0]
ENSP00000448250	Ensembl:170303[2];Ensembl:170303[2>0]	ENSG00000120837	CURATED:185[0];HGNC.Current:22690[1];HGNC.Current:22690[1>0];Ensembl.HGNC:170326[3>0]
ENSP00000448663	Ensembl:2713[2];Ensembl:2713[2>0]	ENSG00000156273	CURATED:10[0];HGNC.Current:2206[1];HGNC.Current:2206[1>0];Ensembl.HGNC:2711[3>0]
ENSP00000448747	Ensembl:260334[2];Ensembl:260334[2>0]	ENSG00000168505	CURATED:82[0];HGNC.Current:10102[1];HGNC.Current:10102[1>0];Ensembl.HGNC:260357[3>0]
ENSP00000448962	Ensembl:149302[2];Ensembl:149302[2>0]	ENSG00000005073	CURATED:104[0];HGNC.Current:12148[1];HGNC.Current:12148[1>0];Ensembl.HGNC:149325[3>0]
ENSP00000448982	Ensembl:2717[2];Ensembl:2717[2>0]	ENSG00000156273	CURATED:10[0];HGNC.Current:2206[1];HGNC.Current:2206[1>0];Ensembl.HGNC:2711[3>0]
ENSP00000449049	Ensembl:249623[2];Ensembl:249623[2>0]	ENSG00000005102	CURATED:166[0];HGNC.Current:18417[1];HGNC.Current:18417[1>0];Ensembl.HGNC:249646[3>0]
ENSP00000449316	Ensembl:2712[2];Ensembl:2712[2>0]	ENSG00000156273	CURATED:10[0];HGNC.Current:2206[1];HGNC.Current:2206[1>0];Ensembl.HGNC:2711[3>0]
ENSP00000449383	Ensembl:2714[2];Ensembl:2714[2>0]	ENSG00000156273	CURATED:10[0];HGNC.Current:2206[1];HGNC.Current:2206[1>0];Ensembl.HGNC:2711[3>0]
ENSP00000449420	Ensembl:56333[2];Ensembl:56333[2>0]	ENSG00000111145	CURATED:44[0];HGNC.Current:7827[1];HGNC.Current:7827[1>0];Ensembl.HGNC:56353[3>0]
ENSP00000449430	Ensembl:56331[2];Ensembl:56331[2>0]	ENSG00000111145	CURATED:44[0];HGNC.Current:7827[1];HGNC.Current:7827[1>0];Ensembl.HGNC:56353[3>0]
ENSP00000449482	Ensembl:40519[2];Ensembl:40519[2>0]	ENSG00000069667	CURATED:211[0];HGNC.Current:32134[1];HGNC.Current:32134[1>0];Ensembl.HGNC:40538[3>0]
ENSP00000449976	Ensembl:74592[2];Ensembl:74592[2>0]	ENSG00000064195	CURATED:28[0];HGNC.Current:6740[1];HGNC.Current:6740[1>0];Ensembl.HGNC:74615[3>0]
ENSP00000450017	Ensembl:22338[2];Ensembl:22338[2>0]	ENSG00000152804	CURATED:96[0];HGNC.Current:11595[1];HGNC.Current:11595[1>0];Ensembl.HGNC:22360[3>0]
ENSP00000450468	Ensembl:116878[2];Ensembl:116878[2>0]	ENSG00000165588	CURATED:194[0];HGNC.Current:24603[1];HGNC.Current:24603[1>0];Ensembl.HGNC:116891[3>0]
ENSP00000450486	Ensembl:78220[2];Ensembl:78220[2>0]	ENSG00000156127	CURATED:11[0];HGNC.Current:2257[1];HGNC.Current:2257[1>0];Ensembl.HGNC:78242[3>0]
ENSP00000450519	Ensembl:13429[2];Ensembl:13429[2>0]	ENSG00000170345	CURATED:57[0];HGNC.Current:9414[1];HGNC.Current:9414[1>0];Ensembl.HGNC:13428[3>0]
ENSP00000450527	Ensembl:214482[2];Ensembl:214482[2>0]	ENSG00000171476	CURATED:101[0];HGNC.Current:12128[1];HGNC.Current:12128[1>0];Ensembl.HGNC:214506[3>0]
ENSP00000450530	Ensembl:275223[2];Ensembl:275223[2>0]	ENSG00000171735	CURATED:14[0];HGNC.Current:3339[1];HGNC.Current:3339[1>0];Ensembl.HGNC:275261[3>0]
ENSP00000450886	Ensembl:13437[2];Ensembl:13437[2>0]	ENSG00000170345	CURATED:57[0];HGNC.Current:9414[1];HGNC.Current:9414[1>0];Ensembl.HGNC:13428[3>0]
ENSP00000451208	Ensembl:148469[2];Ensembl:148469[2>0]	ENSG00000049768	CURATED:74[0];HGNC.Current:9483[1];HGNC.Current:9483[1>0];Ensembl.HGNC:148487[3>0]
ENSP00000451272	Ensembl:116876[2];Ensembl:116876[2>0]	ENSG00000165588	CURATED:194[0];HGNC.Current:24603[1];HGNC.Current:24603[1>0];Ensembl.HGNC:116891[3>0]
ENSP00000451357	Ensembl:116874[2];Ensembl:116874[2>0]	ENSG00000165588	CURATED:194[0];HGNC.Current:24603[1];HGNC.Current:24603[1>0];Ensembl.HGNC:116891[3>0]
ENSP00000451388	Ensembl:275217[2];Ensembl:275217[2>0]	ENSG00000171735	CURATED:14[0];HGNC.Current:3339[1];HGNC.Current:3339[1>0];Ensembl.HGNC:275261[3>0]
ENSP00000451443	Ensembl:275228[2];Ensembl:275228[2>0]	ENSG00000171735	CURATED:14[0];HGNC.Current:3339[1];HGNC.Current:3339[1>0];Ensembl.HGNC:275261[3>0]
ENSP00000451510	Ensembl:275218[2];Ensembl:275218[2>0]	ENSG00000171735	CURATED:14[0];HGNC.Current:3339[1];HGNC.Current:3339[1>0];Ensembl.HGNC:275261[3>0]
ENSP00000451635	Ensembl:66730[2];Ensembl:66730[2>0]	ENSG00000006377	CURATED:30[0];HGNC.Current:6743[1];HGNC.Current:6743[1>0];Ensembl.HGNC:66752[3>0]
ENSP00000451704	Ensembl:169854[2];Ensembl:169854[2>0]	ENSG00000129514	CURATED:60[0];HGNC.Current:9420[1];HGNC.Current:9420[1>0];Ensembl.HGNC:169876[3>0]
ENSP00000451720	Ensembl:275237[2];Ensembl:275237[2>0]	ENSG00000171735	CURATED:14[0];HGNC.Current:3339[1];HGNC.Current:3339[1>0];Ensembl.HGNC:275261[3>0]
ENSP00000451786	Ensembl:13436[2];Ensembl:13436[2>0]	ENSG00000170345	CURATED:57[0];HGNC.Current:9414[1];HGNC.Current:9414[1>0];Ensembl.HGNC:13428[3>0]
ENSP00000451794	Ensembl:214489[2];Ensembl:214489[2>0]	ENSG00000171476	CURATED:101[0];HGNC.Current:12128[1];HGNC.Current:12128[1>0];Ensembl.HGNC:214506[3>0]
ENSP00000451945	Ensembl:41972[2];Ensembl:41972[2>0]	ENSG00000229544	CURATED:186[0];HGNC.Current:22804[1];HGNC.Current:22804[1>0];Ensembl.HGNC:41996[3>0]
ENSP00000452003	Ensembl:214488[2];Ensembl:214488[2>0]	ENSG00000171476	CURATED:101[0];HGNC.Current:12128[1];HGNC.Current:12128[1>0];Ensembl.HGNC:214506[3>0]
ENSP00000452024	Ensembl:275246[2];Ensembl:275246[2>0]	ENSG00000171735	CURATED:14[0];HGNC.Current:3339[1];HGNC.Current:3339[1>0];Ensembl.HGNC:275261[3>0]
ENSP00000452098	Ensembl:214487[2];Ensembl:214487[2>0]	ENSG00000171476	CURATED:101[0];HGNC.Current:12128[1];HGNC.Current:12128[1>0];Ensembl.HGNC:214506[3>0]
ENSP00000452184	Ensembl:275226[2];Ensembl:275226[2>0]	ENSG00000171735	CURATED:14[0];HGNC.Current:3339[1];HGNC.Current:3339[1>0];Ensembl.HGNC:275261[3>0]
ENSP00000452319	Ensembl:275224[2];Ensembl:275224[2>0]	ENSG00000171735	CURATED:14[0];HGNC.Current:3339[1];HGNC.Current:3339[1>0];Ensembl.HGNC:275261[3>0]
ENSP00000452336	Ensembl:116875[2];Ensembl:116875[2>0]	ENSG00000165588	CURATED:194[0];HGNC.Current:24603[1];HGNC.Current:24603[1>0];Ensembl.HGNC:116891[3>0]
ENSP00000452340	Ensembl:214484[2];Ensembl:214484[2>0]	ENSG00000171476	CURATED:101[0];HGNC.Current:12128[1];HGNC.Current:12128[1>0];Ensembl.HGNC:214506[3>0]
ENSP00000452386	Ensembl:13433[2];Ensembl:13433[2>0]	ENSG00000170345	CURATED:57[0];HGNC.Current:9414[1];HGNC.Current:9414[1>0];Ensembl.HGNC:13428[3>0]
ENSP00000452440	Ensembl:13435[2];Ensembl:13435[2>0]	ENSG00000170345	CURATED:57[0];HGNC.Current:9414[1];HGNC.Current:9414[1>0];Ensembl.HGNC:13428[3>0]
ENSP00000452443	Ensembl:13431[2];Ensembl:13431[2>0]	ENSG00000170345	CURATED:57[0];HGNC.Current:9414[1];HGNC.Current:9414[1>0];Ensembl.HGNC:13428[3>0]
ENSP00000452489	Ensembl:174209[2];Ensembl:174209[2>0]	ENSG00000075891	CURATED:195[0];HGNC.Current:24883[1];HGNC.Current:24883[1>0];Ensembl.HGNC:174222[3>0]
ENSP00000452505	Ensembl:275222[2];Ensembl:275222[2>0]	ENSG00000171735	CURATED:14[0];HGNC.Current:3339[1];HGNC.Current:3339[1>0];Ensembl.HGNC:275261[3>0]
ENSP00000452590	Ensembl:13434[2];Ensembl:13434[2>0]	ENSG00000170345	CURATED:57[0];HGNC.Current:9414[1];HGNC.Current:9414[1>0];Ensembl.HGNC:13428[3>0]
ENSP00000452609	Ensembl:98828[2];Ensembl:98828[2>0]	ENSG00000169926	CURATED:141[0];HGNC.Current:14146[1];HGNC.Current:14146[1>0];Ensembl.HGNC:98850[3>0]
ENSP00000452693	Ensembl:176612[2];Ensembl:176612[2>0]	ENSG00000134138	CURATED:165[0];HGNC.Current:18402[1];HGNC.Current:18402[1>0];Ensembl.HGNC:176618[3>0]
ENSP00000452727	Ensembl:269896[2];Ensembl:269896[2>0]	ENSG00000185630	CURATED:199[0];HGNC.Current:24905[1];HGNC.Current:24905[1>0];Ensembl.HGNC:269930[3>0]
ENSP00000452770	Ensembl:176630[2];Ensembl:176630[2>0]	ENSG00000134138	CURATED:165[0];HGNC.Current:18402[1];HGNC.Current:18402[1>0];Ensembl.HGNC:176618[3>0]
ENSP00000452787	Ensembl:92722[2];Ensembl:92722[2>0]	ENSG00000148516	CURATED:271[0];HGNC.Current:42924[1];HGNC.Current:42924[1>0];Ensembl.HGNC:92740[3>0]
ENSP00000452803	Ensembl:135838[2];Ensembl:135838[2>0]	ENSG00000140332	CURATED:261[0];HGNC.Current:38963[1];HGNC.Current:38963[1>0];Ensembl.HGNC:135860[3>0]
ENSP00000452804	Ensembl:269892[2];Ensembl:269892[2>0]	ENSG00000185630	CURATED:199[0];HGNC.Current:24905[1];HGNC.Current:24905[1>0];Ensembl.HGNC:269930[3>0]
ENSP00000452809	Ensembl:135857[2];Ensembl:135857[2>0]	ENSG00000140332	CURATED:261[0];HGNC.Current:38963[1];HGNC.Current:38963[1>0];Ensembl.HGNC:135860[3>0]
ENSP00000452867	Ensembl:98829[2];Ensembl:98829[2>0]	ENSG00000169926	CURATED:141[0];HGNC.Current:14146[1];HGNC.Current:14146[1>0];Ensembl.HGNC:98850[3>0]
ENSP00000452871	Ensembl:135836[2];Ensembl:135836[2>0]	ENSG00000140332	CURATED:261[0];HGNC.Current:38963[1];HGNC.Current:38963[1>0];Ensembl.HGNC:135860[3>0]
ENSP00000452874	Ensembl:176629[2];Ensembl:176629[2>0]	ENSG00000134138	CURATED:165[0];HGNC.Current:18402[1];HGNC.Current:18402[1>0];Ensembl.HGNC:176618[3>0]
ENSP00000452881	Ensembl:135849[2];Ensembl:135849[2>0]	ENSG00000140332	CURATED:261[0];HGNC.Current:38963[1];HGNC.Current:38963[1>0];Ensembl.HGNC:135860[3>0]
ENSP00000452930	Ensembl:190086[2];Ensembl:190086[2>0]	ENSG00000028277	CURATED:202[0];HGNC.Current:26332[1];HGNC.Current:26332[1>0];Ensembl.HGNC:190104[3>0]
ENSP00000452933	Ensembl:135844[2];Ensembl:135844[2>0]	ENSG00000140332	CURATED:261[0];HGNC.Current:38963[1];HGNC.Current:38963[1>0];Ensembl.HGNC:135860[3>0]
ENSP00000452989	Ensembl:175888[2];Ensembl:175888[2>0]	ENSG00000068305	CURATED:161[0];HGNC.Current:18376[1];HGNC.Current:18376[1>0];Ensembl.HGNC:175896[3>0]
ENSP00000453081	Ensembl:135842[2];Ensembl:135842[2>0]	ENSG00000140332	CURATED:261[0];HGNC.Current:38963[1];HGNC.Current:38963[1>0];Ensembl.HGNC:135860[3>0]
ENSP00000453083	Ensembl:135845[2];Ensembl:135845[2>0]	ENSG00000140332	CURATED:261[0];HGNC.Current:38963[1];HGNC.Current:38963[1>0];Ensembl.HGNC:135860[3>0]
ENSP00000453094	Ensembl:87839[2];Ensembl:87839[2>0]	ENSG00000143190	CURATED:201[0];HGNC.Current:26330[1];HGNC.Current:26330[1>0];Ensembl.HGNC:87858[3>0]
ENSP00000453095	Ensembl:175881[2];Ensembl:175881[2>0]	ENSG00000068305	CURATED:161[0];HGNC.Current:18376[1];HGNC.Current:18376[1>0];Ensembl.HGNC:175896[3>0]
ENSP00000453107	Ensembl:135852[2];Ensembl:135852[2>0]	ENSG00000140332	CURATED:261[0];HGNC.Current:38963[1];HGNC.Current:38963[1>0];Ensembl.HGNC:135860[3>0]
ENSP00000453163	Ensembl:269898[2];Ensembl:269898[2>0]	ENSG00000185630	CURATED:199[0];HGNC.Current:24905[1];HGNC.Current:24905[1>0];Ensembl.HGNC:269930[3>0]
ENSP00000453188	Ensembl:269889[2];Ensembl:269889[2>0]	ENSG00000185630	CURATED:199[0];HGNC.Current:24905[1];HGNC.Current:24905[1>0];Ensembl.HGNC:269930[3>0]
ENSP00000453219	Ensembl:135839[2];Ensembl:135839[2>0]	ENSG00000140332	CURATED:261[0];HGNC.Current:38963[1];HGNC.Current:38963[1>0];Ensembl.HGNC:135860[3>0]
ENSP00000453255	Ensembl:190089[2];Ensembl:190089[2>0]	ENSG00000028277	CURATED:202[0];HGNC.Current:26332[1];HGNC.Current:26332[1>0];Ensembl.HGNC:190104[3>0]
ENSP00000453262	Ensembl:269903[2];Ensembl:269903[2>0]	ENSG00000185630	CURATED:199[0];HGNC.Current:24905[1];HGNC.Current:24905[1>0];Ensembl.HGNC:269930[3>0]
ENSP00000453322	Ensembl:40521[2];Ensembl:40521[2>0]	ENSG00000069667	CURATED:211[0];HGNC.Current:32134[1];HGNC.Current:32134[1>0];Ensembl.HGNC:40538[3>0]
ENSP00000453331	Ensembl:269902[2];Ensembl:269902[2>0]	ENSG00000185630	CURATED:199[0];HGNC.Current:24905[1];HGNC.Current:24905[1>0];Ensembl.HGNC:269930[3>0]
ENSP00000453373	Ensembl:135846[2];Ensembl:135846[2>0]	ENSG00000140332	CURATED:261[0];HGNC.Current:38963[1];HGNC.Current:38963[1>0];Ensembl.HGNC:135860[3>0]
ENSP00000453390	Ensembl:176608[2];Ensembl:176608[2>0]	ENSG00000134138	CURATED:165[0];HGNC.Current:18402[1];HGNC.Current:18402[1>0];Ensembl.HGNC:176618[3>0]
ENSP00000453435	Ensembl:135853[2];Ensembl:135853[2>0]	ENSG00000140332	CURATED:261[0];HGNC.Current:38963[1];HGNC.Current:38963[1>0];Ensembl.HGNC:135860[3>0]
ENSP00000453441	Ensembl:175879[2];Ensembl:175879[2>0]	ENSG00000068305	CURATED:161[0];HGNC.Current:18376[1];HGNC.Current:18376[1>0];Ensembl.HGNC:175896[3>0]
ENSP00000453448	Ensembl:123569[2];Ensembl:123569[2>0]	ENSG00000106689	CURATED:152[0];HGNC.Current:14928[1];HGNC.Current:14928[1>0];Ensembl.HGNC:123593[3>0]
ENSP00000453478	Ensembl:175872[2];Ensembl:175872[2>0]	ENSG00000068305	CURATED:161[0];HGNC.Current:18376[1];HGNC.Current:18376[1>0];Ensembl.HGNC:175896[3>0]
ENSP00000453481	Ensembl:176609[2];Ensembl:176609[2>0]	ENSG00000134138	CURATED:165[0];HGNC.Current:18402[1];HGNC.Current:18402[1>0];Ensembl.HGNC:176618[3>0]
ENSP00000453497	Ensembl:176622[2];Ensembl:176622[2>0]	ENSG00000134138	CURATED:165[0];HGNC.Current:18402[1];HGNC.Current:18402[1>0];Ensembl.HGNC:176618[3>0]
ENSP00000453512	Ensembl:79816[2];Ensembl:79816[2>0]	ENSG00000164458	CURATED:245[0];HGNC.Current:38471[10];HGNC.Current:38471[10>1];HGNC.Current:38471[1];HGNC.Current:38471[1>0];Ensembl.HGNC:79837[3>0]
ENSP00000453559	Ensembl:92728[2];Ensembl:92728[2>0]	ENSG00000148516	CURATED:271[0];HGNC.Current:42924[1];HGNC.Current:42924[1>0];Ensembl.HGNC:92740[3>0]
ENSP00000453660	Ensembl:167857[2];Ensembl:167857[2>0]	ENSG00000176842	CURATED:134[0];HGNC.Current:13524[1];HGNC.Current:13524[1>0];Ensembl.HGNC:167880[3>0]
ENSP00000453760	Ensembl:135843[2];Ensembl:135843[2>0]	ENSG00000140332	CURATED:261[0];HGNC.Current:38963[1];HGNC.Current:38963[1>0];Ensembl.HGNC:135860[3>0]
ENSP00000453793	Ensembl:176594[2];Ensembl:176594[2>0]	ENSG00000134138	CURATED:165[0];HGNC.Current:18402[1];HGNC.Current:18402[1>0];Ensembl.HGNC:176618[3>0]
ENSP00000453908	Ensembl:237604[2];Ensembl:237604[2>0]	ENSG00000182568	CURATED:220[0];HGNC.Current:34631[1];HGNC.Current:34631[1>0];Ensembl.HGNC:237609[3>0]
ENSP00000453970	Ensembl:92723[2];Ensembl:92723[2>0]	ENSG00000148516	CURATED:271[0];HGNC.Current:42924[1];HGNC.Current:42924[1>0];Ensembl.HGNC:92740[3>0]
ENSP00000453995	Ensembl:190088[2];Ensembl:190088[2>0]	ENSG00000028277	CURATED:202[0];HGNC.Current:26332[1];HGNC.Current:26332[1>0];Ensembl.HGNC:190104[3>0]
ENSP00000454023	Ensembl:175883[2];Ensembl:175883[2>0]	ENSG00000068305	CURATED:161[0];HGNC.Current:18376[1];HGNC.Current:18376[1>0];Ensembl.HGNC:175896[3>0]
ENSP00000454029	Ensembl:135851[2];Ensembl:135851[2>0]	ENSG00000140332	CURATED:261[0];HGNC.Current:38963[1];HGNC.Current:38963[1>0];Ensembl.HGNC:135860[3>0]
ENSP00000454120	Ensembl:175875[2];Ensembl:175875[2>0]	ENSG00000068305	CURATED:161[0];HGNC.Current:18376[1];HGNC.Current:18376[1>0];Ensembl.HGNC:175896[3>0]
ENSP00000454141	Ensembl:135841[2];Ensembl:135841[2>0]	ENSG00000140332	CURATED:261[0];HGNC.Current:38963[1];HGNC.Current:38963[1>0];Ensembl.HGNC:135860[3>0]
ENSP00000454157	Ensembl:236779[2];Ensembl:236779[2>0]	ENSG00000169554	CURATED:272[0];HGNC.Current:42926[1];HGNC.Current:42926[1>0];Ensembl.HGNC:236783[3>0]
ENSP00000454179	Ensembl:190083[2];Ensembl:190083[2>0]	ENSG00000028277	CURATED:202[0];HGNC.Current:26332[1];HGNC.Current:26332[1>0];Ensembl.HGNC:190104[3>0]
ENSP00000454209	Ensembl:274437[2];Ensembl:274437[2>0]	ENSG00000143995	CURATED:164[0];HGNC.Current:18399[1];HGNC.Current:18399[1>0];Ensembl.HGNC:274483[3>0]
ENSP00000454328	Ensembl:12613[2];Ensembl:12613[2>0]	ENSG00000196628	CURATED:254[0];HGNC.Current:38510[1];HGNC.Current:38510[1>0];Ensembl.HGNC:12536[3>0]
ENSP00000454352	Ensembl:12618[2];Ensembl:12618[2>0]	ENSG00000196628	CURATED:254[0];HGNC.Current:38510[1];HGNC.Current:38510[1>0];Ensembl.HGNC:12536[3>0]
ENSP00000454366	Ensembl:12569[2];Ensembl:12569[2>0]	ENSG00000196628	CURATED:254[0];HGNC.Current:38510[1];HGNC.Current:38510[1>0];Ensembl.HGNC:12536[3>0]
ENSP00000454385	Ensembl:48990[2];Ensembl:48990[2>0]	ENSG00000172819	CURATED:208[0];HGNC.Current:27805[1];HGNC.Current:27805[1>0];Ensembl.HGNC:49004[3>0]
ENSP00000454417	Ensembl:48988[2];Ensembl:48988[2>0]	ENSG00000172819	CURATED:208[0];HGNC.Current:27805[1];HGNC.Current:27805[1>0];Ensembl.HGNC:49004[3>0]
ENSP00000454441	Ensembl:12628[2];Ensembl:12628[2>0]	ENSG00000196628	CURATED:254[0];HGNC.Current:38510[1];HGNC.Current:38510[1>0];Ensembl.HGNC:12536[3>0]
ENSP00000454451	Ensembl:77887[2];Ensembl:77887[2>0]	ENSG00000072736	CURATED:180[0];HGNC.Current:22654[1];HGNC.Current:22654[1>0];Ensembl.HGNC:77902[3>0]
ENSP00000454477	Ensembl:111864[2];Ensembl:111864[2>0]	ENSG00000205250	CURATED:35[0];HGNC.Current:7370[1];HGNC.Current:7370[1>0];Ensembl.HGNC:111885[3>0]
ENSP00000454584	Ensembl:12603[2];Ensembl:12603[2>0]	ENSG00000196628	CURATED:254[0];HGNC.Current:38510[1];HGNC.Current:38510[1>0];Ensembl.HGNC:12536[3>0]
ENSP00000454604	Ensembl:48989[2];Ensembl:48989[2>0]	ENSG00000172819	CURATED:208[0];HGNC.Current:27805[1];HGNC.Current:27805[1>0];Ensembl.HGNC:49004[3>0]
ENSP00000454647	Ensembl:12575[2];Ensembl:12575[2>0]	ENSG00000196628	CURATED:254[0];HGNC.Current:38510[1];HGNC.Current:38510[1>0];Ensembl.HGNC:12536[3>0]
ENSP00000454866	Ensembl:12617[2];Ensembl:12617[2>0]	ENSG00000196628	CURATED:254[0];HGNC.Current:38510[1];HGNC.Current:38510[1>0];Ensembl.HGNC:12536[3>0]
ENSP00000455048	Ensembl:190638[2];Ensembl:190638[2>0]	ENSG00000140968	CURATED:131[0];HGNC.Current:13506[1];HGNC.Current:13506[1>0];Ensembl.HGNC:190659[3>0]
ENSP00000455071	Ensembl:12591[2];Ensembl:12591[2>0]	ENSG00000196628	CURATED:254[0];HGNC.Current:38510[1];HGNC.Current:38510[1>0];Ensembl.HGNC:12536[3>0]
ENSP00000455097	Ensembl:34640[2];Ensembl:34640[2>0]	ENSG00000178573	CURATED:158[0];HGNC.Current:17873[1];HGNC.Current:17873[1>0];Ensembl.HGNC:34664[3>0]
ENSP00000455113	Ensembl:77885[2];Ensembl:77885[2>0]	ENSG00000072736	CURATED:180[0];HGNC.Current:22654[1];HGNC.Current:22654[1>0];Ensembl.HGNC:77902[3>0]
ENSP00000455115	Ensembl:201320[2];Ensembl:201320[2>0]	ENSG00000102908	CURATED:179[0];HGNC.Current:22649[1];HGNC.Current:22649[1>0];Ensembl.HGNC:201339[3>0]
ENSP00000455135	Ensembl:12554[2];Ensembl:12554[2>0]	ENSG00000196628	CURATED:254[0];HGNC.Current:38510[1];HGNC.Current:38510[1>0];Ensembl.HGNC:12536[3>0]
ENSP00000455163	Ensembl:12611[2];Ensembl:12611[2>0]	ENSG00000196628	CURATED:254[0];HGNC.Current:38510[1];HGNC.Current:38510[1>0];Ensembl.HGNC:12536[3>0]
ENSP00000455179	Ensembl:12565[2];Ensembl:12565[2>0]	ENSG00000196628	CURATED:254[0];HGNC.Current:38510[1];HGNC.Current:38510[1>0];Ensembl.HGNC:12536[3>0]
ENSP00000455261	Ensembl:12568[2];Ensembl:12568[2>0]	ENSG00000196628	CURATED:254[0];HGNC.Current:38510[1];HGNC.Current:38510[1>0];Ensembl.HGNC:12536[3>0]
ENSP00000455304	Ensembl:12592[2];Ensembl:12592[2>0]	ENSG00000196628	CURATED:254[0];HGNC.Current:38510[1];HGNC.Current:38510[1>0];Ensembl.HGNC:12536[3>0]
ENSP00000455346	Ensembl:12560[2];Ensembl:12560[2>0]	ENSG00000196628	CURATED:254[0];HGNC.Current:38510[1];HGNC.Current:38510[1>0];Ensembl.HGNC:12536[3>0]
ENSP00000455418	Ensembl:12570[2];Ensembl:12570[2>0]	ENSG00000196628	CURATED:254[0];HGNC.Current:38510[1];HGNC.Current:38510[1>0];Ensembl.HGNC:12536[3>0]
ENSP00000455450	Ensembl:12616[2];Ensembl:12616[2>0]	ENSG00000196628	CURATED:254[0];HGNC.Current:38510[1];HGNC.Current:38510[1>0];Ensembl.HGNC:12536[3>0]
ENSP00000455452	Ensembl:190652[2];Ensembl:190652[2>0]	ENSG00000140968	CURATED:131[0];HGNC.Current:13506[1];HGNC.Current:13506[1>0];Ensembl.HGNC:190659[3>0]
ENSP00000455628	Ensembl:201326[2];Ensembl:201326[2>0]	ENSG00000102908	CURATED:179[0];HGNC.Current:22649[1];HGNC.Current:22649[1>0];Ensembl.HGNC:201339[3>0]
ENSP00000455668	Ensembl:110517[2];Ensembl:110517[2>0]	ENSG00000179361	CURATED:7[0];HGNC.Current:1543[1];HGNC.Current:1543[1>0];Ensembl.HGNC:110538[3>0]
ENSP00000455760	Ensembl:190651[2];Ensembl:190651[2>0]	ENSG00000140968	CURATED:131[0];HGNC.Current:13506[1];HGNC.Current:13506[1>0];Ensembl.HGNC:190659[3>0]
ENSP00000455763	Ensembl:12551[2];Ensembl:12551[2>0]	ENSG00000196628	CURATED:254[0];HGNC.Current:38510[1];HGNC.Current:38510[1>0];Ensembl.HGNC:12536[3>0]
ENSP00000455784	Ensembl:190644[2];Ensembl:190644[2>0]	ENSG00000140968	CURATED:131[0];HGNC.Current:13506[1];HGNC.Current:13506[1>0];Ensembl.HGNC:190659[3>0]
ENSP00000455816	Ensembl:190637[2];Ensembl:190637[2>0]	ENSG00000140968	CURATED:131[0];HGNC.Current:13506[1];HGNC.Current:13506[1>0];Ensembl.HGNC:190659[3>0]
ENSP00000455984	Ensembl:12572[2];Ensembl:12572[2>0]	ENSG00000196628	CURATED:254[0];HGNC.Current:38510[1];HGNC.Current:38510[1>0];Ensembl.HGNC:12536[3>0]
ENSP00000456094	Ensembl:260296[2];Ensembl:260296[2>0]	ENSG00000163565	CURATED:124[0];HGNC.Current:12568[1];HGNC.Current:12568[1>0];Ensembl.HGNC:260310[3>0]
ENSP00000456120	Ensembl:77894[2];Ensembl:77894[2>0]	ENSG00000072736	CURATED:180[0];HGNC.Current:22654[1];HGNC.Current:22654[1>0];Ensembl.HGNC:77902[3>0]
ENSP00000456125	Ensembl:12571[2];Ensembl:12571[2>0]	ENSG00000196628	CURATED:254[0];HGNC.Current:38510[1];HGNC.Current:38510[1>0];Ensembl.HGNC:12536[3>0]
ENSP00000456129	Ensembl:260297[2];Ensembl:260297[2>0]	ENSG00000163565	CURATED:124[0];HGNC.Current:12568[1];HGNC.Current:12568[1>0];Ensembl.HGNC:260310[3>0]
ENSP00000456153	Ensembl.Proteins:174624[2];Ensembl.Proteins:500839[0>2];Ensembl:16452[2];Ensembl:16452[2>0]	ENSG00000130700	CURATED:80[0];HGNC.Current:10073[1];HGNC.Current:10073[1>0];Ensembl.HGNC:16452[3>0]
ENSP00000456178	Ensembl:135858[2];Ensembl:135858[2>0]	ENSG00000140332	CURATED:261[0];HGNC.Current:38963[1];HGNC.Current:38963[1>0];Ensembl.HGNC:135860[3>0]
ENSP00000456220	Ensembl:12587[2];Ensembl:12587[2>0]	ENSG00000196628	CURATED:254[0];HGNC.Current:38510[1];HGNC.Current:38510[1>0];Ensembl.HGNC:12536[3>0]
ENSP00000456307	Ensembl:77889[2];Ensembl:77889[2>0]	ENSG00000072736	CURATED:180[0];HGNC.Current:22654[1];HGNC.Current:22654[1>0];Ensembl.HGNC:77902[3>0]
ENSP00000456379	Ensembl:77893[2];Ensembl:77893[2>0]	ENSG00000072736	CURATED:180[0];HGNC.Current:22654[1];HGNC.Current:22654[1>0];Ensembl.HGNC:77902[3>0]
ENSP00000456395	Ensembl:190650[2];Ensembl:190650[2>0]	ENSG00000140968	CURATED:131[0];HGNC.Current:13506[1];HGNC.Current:13506[1>0];Ensembl.HGNC:190659[3>0]
ENSP00000456597	Ensembl:129389[2];Ensembl:129389[2>0]	ENSG00000176046	CURATED:191[0];HGNC.Current:23426[1];HGNC.Current:23426[1>0];Ensembl.HGNC:129412[3>0]
ENSP00000456802	Ensembl:12601[2];Ensembl:12601[2>0]	ENSG00000196628	CURATED:254[0];HGNC.Current:38510[1];HGNC.Current:38510[1>0];Ensembl.HGNC:12536[3>0]
ENSP00000456983	Ensembl:12589[2];Ensembl:12589[2>0]	ENSG00000196628	CURATED:254[0];HGNC.Current:38510[1];HGNC.Current:38510[1>0];Ensembl.HGNC:12536[3>0]
ENSP00000456992	Ensembl:190645[2];Ensembl:190645[2>0]	ENSG00000140968	CURATED:131[0];HGNC.Current:13506[1];HGNC.Current:13506[1>0];Ensembl.HGNC:190659[3>0]
ENSP00000457082	Ensembl:12624[2];Ensembl:12624[2>0]	ENSG00000196628	CURATED:254[0];HGNC.Current:38510[1];HGNC.Current:38510[1>0];Ensembl.HGNC:12536[3>0]
ENSP00000457112	Ensembl:47539[2];Ensembl:47539[2>0]	ENSG00000185551	CURATED:190[0];HGNC.Current:23168[1];HGNC.Current:23168[1>0];Ensembl.HGNC:47561[3>0]
ENSP00000457113	Ensembl:12610[2];Ensembl:12610[2>0]	ENSG00000196628	CURATED:254[0];HGNC.Current:38510[1];HGNC.Current:38510[1>0];Ensembl.HGNC:12536[3>0]
ENSP00000457239	Ensembl:111866[2];Ensembl:111866[2>0]	ENSG00000205250	CURATED:35[0];HGNC.Current:7370[1];HGNC.Current:7370[1>0];Ensembl.HGNC:111885[3>0]
ENSP00000457245	Ensembl:12597[2];Ensembl:12597[2>0]	ENSG00000196628	CURATED:254[0];HGNC.Current:38510[1];HGNC.Current:38510[1>0];Ensembl.HGNC:12536[3>0]
ENSP00000457263	Ensembl:12573[2];Ensembl:12573[2>0]	ENSG00000196628	CURATED:254[0];HGNC.Current:38510[1];HGNC.Current:38510[1>0];Ensembl.HGNC:12536[3>0]
ENSP00000457392	Ensembl:12595[2];Ensembl:12595[2>0]	ENSG00000196628	CURATED:254[0];HGNC.Current:38510[1];HGNC.Current:38510[1>0];Ensembl.HGNC:12536[3>0]
ENSP00000457441	Ensembl:77899[2];Ensembl:77899[2>0]	ENSG00000072736	CURATED:180[0];HGNC.Current:22654[1];HGNC.Current:22654[1>0];Ensembl.HGNC:77902[3>0]
ENSP00000457593	Ensembl:201323[2];Ensembl:201323[2>0]	ENSG00000102908	CURATED:179[0];HGNC.Current:22649[1];HGNC.Current:22649[1>0];Ensembl.HGNC:201339[3>0]
ENSP00000457649	Ensembl:12552[2];Ensembl:12552[2>0]	ENSG00000196628	CURATED:254[0];HGNC.Current:38510[1];HGNC.Current:38510[1>0];Ensembl.HGNC:12536[3>0]
ENSP00000457747	Ensembl:12612[2];Ensembl:12612[2>0]	ENSG00000196628	CURATED:254[0];HGNC.Current:38510[1];HGNC.Current:38510[1>0];Ensembl.HGNC:12536[3>0]
ENSP00000457765	Ensembl:12566[2];Ensembl:12566[2>0]	ENSG00000196628	CURATED:254[0];HGNC.Current:38510[1];HGNC.Current:38510[1>0];Ensembl.HGNC:12536[3>0]
ENSP00000458047	Ensembl:190643[2];Ensembl:190643[2>0]	ENSG00000140968	CURATED:131[0];HGNC.Current:13506[1];HGNC.Current:13506[1>0];Ensembl.HGNC:190659[3>0]
ENSP00000458082	Ensembl:111865[2];Ensembl:111865[2>0]	ENSG00000205250	CURATED:35[0];HGNC.Current:7370[1];HGNC.Current:7370[1>0];Ensembl.HGNC:111885[3>0]
ENSP00000458084	Ensembl:260286[2];Ensembl:260286[2>0]	ENSG00000163565	CURATED:124[0];HGNC.Current:12568[1];HGNC.Current:12568[1>0];Ensembl.HGNC:260310[3>0]
ENSP00000458122	Ensembl:12600[2];Ensembl:12600[2>0]	ENSG00000196628	CURATED:254[0];HGNC.Current:38510[1];HGNC.Current:38510[1>0];Ensembl.HGNC:12536[3>0]
ENSP00000458178	Ensembl:25861[2];Ensembl:25861[2>0]	ENSG00000124813	CURATED:215[0];HGNC.Current:34452[1];HGNC.Current:34452[1>0];Ensembl.HGNC:25880[3>0]
ENSP00000458706	Ensembl:111872[2];Ensembl:111872[2>0]	ENSG00000205250	CURATED:35[0];HGNC.Current:7370[1];HGNC.Current:7370[1>0];Ensembl.HGNC:111885[3>0]
ENSP00000459066	Ensembl:244921[2];Ensembl:244921[2>0]	ENSG00000120094	CURATED:110[0];HGNC.Current:12156[1];HGNC.Current:12156[1>0];Ensembl.HGNC:244944[3>0]
ENSP00000459634	Ensembl:143980[2];Ensembl:143980[2>0]	ENSG00000197063	CURATED:160[0];HGNC.Current:17880[1];HGNC.Current:17880[1>0];Ensembl.HGNC:144002[3>0]
ENSP00000460188	Ensembl:25863[2];Ensembl:25863[2>0]	ENSG00000124813	CURATED:215[0];HGNC.Current:34452[1];HGNC.Current:34452[1>0];Ensembl.HGNC:25880[3>0]
ENSP00000460265	Ensembl:252315[2];Ensembl:252315[2>0]	ENSG00000108924	CURATED:97[0];HGNC.Current:11726[1];HGNC.Current:11726[1>0];Ensembl.HGNC:252335[3>0]
ENSP00000460296	Ensembl:252313[2];Ensembl:252313[2>0]	ENSG00000108924	CURATED:97[0];HGNC.Current:11726[1];HGNC.Current:11726[1>0];Ensembl.HGNC:252335[3>0]
ENSP00000460425	Ensembl:168334[2];Ensembl:168334[2>0]	ENSG00000149922	CURATED:251[0];HGNC.Current:38458[1];HGNC.Current:38458[1>0];Ensembl.HGNC:168356[3>0]
ENSP00000460533	Ensembl:77884[2];Ensembl:77884[2>0]	ENSG00000072736	CURATED:180[0];HGNC.Current:22654[1];HGNC.Current:22654[1>0];Ensembl.HGNC:77902[3>0]
ENSP00000460572	Ensembl:252314[2];Ensembl:252314[2>0]	ENSG00000108924	CURATED:97[0];HGNC.Current:11726[1];HGNC.Current:11726[1>0];Ensembl.HGNC:252335[3>0]
ENSP00000461223	Ensembl:168335[2];Ensembl:168335[2>0]	ENSG00000149922	CURATED:251[0];HGNC.Current:38458[1];HGNC.Current:38458[1>0];Ensembl.HGNC:168356[3>0]
ENSP00000461357	Ensembl:25856[2];Ensembl:25856[2>0]	ENSG00000124813	CURATED:215[0];HGNC.Current:34452[1];HGNC.Current:34452[1>0];Ensembl.HGNC:25880[3>0]
ENSP00000461455	Ensembl:252316[2];Ensembl:252316[2>0]	ENSG00000108924	CURATED:97[0];HGNC.Current:11726[1];HGNC.Current:11726[1>0];Ensembl.HGNC:252335[3>0]
ENSP00000462061	Ensembl:201329[2];Ensembl:201329[2>0]	ENSG00000102908	CURATED:179[0];HGNC.Current:22649[1];HGNC.Current:22649[1>0];Ensembl.HGNC:201339[3>0]
ENSP00000462274	Ensembl:174537[2];Ensembl:174537[2>0]	ENSG00000136492	CURATED:10[0];HGNC.Current:2206[1];HGNC.Current:2696[8>1];HGNC.Current:2696[1];HGNC.Current:2696[1>0];Ensembl.HGNC:174538[3>0]
ENSP00000462313	Ensembl:21636[2];Ensembl:21636[2>0]	ENSG00000141448	CURATED:81[0];HGNC.Current:10074[1];HGNC.Current:10074[1>0];Ensembl.HGNC:21659[3>0]
ENSP00000462491	Ensembl:83406[2];Ensembl:83406[2>0]	ENSG00000179111	CURATED:94[0];HGNC.Current:11569[1];HGNC.Current:11569[1>0];Ensembl.HGNC:83428[3>0]
ENSP00000462514	Ensembl:42589[2];Ensembl:42589[2>0]	ENSG00000131759	CURATED:206[0];HGNC.Current:27801[1];HGNC.Current:27801[1>0];Ensembl.HGNC:42605[3>0]
ENSP00000463214	Ensembl:201325[2];Ensembl:201325[2>0]	ENSG00000102908	CURATED:179[0];HGNC.Current:22649[1];HGNC.Current:22649[1>0];Ensembl.HGNC:201339[3>0]
ENSP00000463272	Ensembl:174531[2];Ensembl:174531[2>0]	ENSG00000136492	CURATED:10[0];HGNC.Current:2206[1];HGNC.Current:2696[8>1];HGNC.Current:2696[1];HGNC.Current:2696[1>0];Ensembl.HGNC:174538[3>0]
ENSP00000463759	Ensembl:149468[2];Ensembl:149468[2>0]	ENSG00000106038	CURATED:55[0];HGNC.Current:8385[1];HGNC.Current:8385[1>0];Ensembl.HGNC:149490[3>0]
ENSP00000463827	Ensembl:174533[2];Ensembl:174533[2>0]	ENSG00000136492	CURATED:10[0];HGNC.Current:2206[1];HGNC.Current:2696[8>1];HGNC.Current:2696[1];HGNC.Current:2696[1>0];Ensembl.HGNC:174538[3>0]
ENSP00000463991	Ensembl:215374[2];Ensembl:215374[2>0]	ENSG00000177508	CURATED:133[0];HGNC.Current:13520[1];HGNC.Current:13520[1>0];Ensembl.HGNC:215397[3>0]
ENSP00000464287	Ensembl:42581[2];Ensembl:42581[2>0]	ENSG00000131759	CURATED:206[0];HGNC.Current:27801[1];HGNC.Current:27801[1>0];Ensembl.HGNC:42605[3>0]
ENSP00000464654	Ensembl:174527[2];Ensembl:174527[2>0]	ENSG00000136492	CURATED:10[0];HGNC.Current:2206[1];HGNC.Current:2696[8>1];HGNC.Current:2696[1];HGNC.Current:2696[1>0];Ensembl.HGNC:174538[3>0]
ENSP00000464727	Ensembl:214838[2];Ensembl:214838[2>0]	ENSG00000184557	CURATED:224[0];HGNC.Current:37079[1];HGNC.Current:37079[1>0];Ensembl.HGNC:214861[3>0]
ENSP00000464730	Ensembl:157891[2];Ensembl:157891[2>0]	ENSG00000126561	CURATED:244[0];HGNC.Current:37782[1];HGNC.Current:37782[1>0];Ensembl.HGNC:157910[3>0]
ENSP00000464920	Ensembl:260803[2];Ensembl:260803[2>0]	ENSG00000116044	CURATED:182[0];HGNC.Current:22659[1];HGNC.Current:22659[1>0];Ensembl.HGNC:260805[3>0]
ENSP00000464969	Ensembl:19530[2];Ensembl:19530[2>0]	ENSG00000116017	CURATED:6[0];HGNC.Current:1542[1];HGNC.Current:1542[1>0];Ensembl.HGNC:19551[3>0]
ENSP00000465035	Ensembl:243618[2];Ensembl:243618[2>0]	ENSG00000127528	CURATED:142[0];HGNC.Current:14121[1];HGNC.Current:14121[1>0];Ensembl.HGNC:243641[3>0]
ENSP00000465068	Ensembl:236696[2];Ensembl:236696[2>0]	ENSG00000125740	CURATED:58[0];HGNC.Current:9415[1];HGNC.Current:9415[1>0];Ensembl.HGNC:236716[3>0]
ENSP00000465251	Ensembl:224233[2];Ensembl:224233[2>0]	ENSG00000071564	CURATED:253[0];HGNC.Current:38508[1];HGNC.Current:38508[1>0];Ensembl.HGNC:224257[3>0]
ENSP00000465437	Ensembl:157895[2];Ensembl:157895[2>0]	ENSG00000126561	CURATED:244[0];HGNC.Current:37782[1];HGNC.Current:37782[1>0];Ensembl.HGNC:157910[3>0]
ENSP00000465481	Ensembl:224246[2];Ensembl:224246[2>0]	ENSG00000071564	CURATED:253[0];HGNC.Current:38508[1];HGNC.Current:38508[1>0];Ensembl.HGNC:224257[3>0]
ENSP00000465510	Ensembl:224240[2];Ensembl:224240[2>0]	ENSG00000071564	CURATED:253[0];HGNC.Current:38508[1];HGNC.Current:38508[1>0];Ensembl.HGNC:224257[3>0]
ENSP00000465528	Ensembl:236702[2];Ensembl:236702[2>0]	ENSG00000125740	CURATED:58[0];HGNC.Current:9415[1];HGNC.Current:9415[1>0];Ensembl.HGNC:236716[3>0]
ENSP00000465549	Ensembl:224236[2];Ensembl:224236[2>0]	ENSG00000071564	CURATED:253[0];HGNC.Current:38508[1];HGNC.Current:38508[1>0];Ensembl.HGNC:224257[3>0]
ENSP00000465552	Ensembl:236698[2];Ensembl:236698[2>0]	ENSG00000125740	CURATED:58[0];HGNC.Current:9415[1];HGNC.Current:9415[1>0];Ensembl.HGNC:236716[3>0]
ENSP00000465765	Ensembl:208701[2];Ensembl:208701[2>0]	ENSG00000130165	CURATED:42[0];HGNC.Current:7810[1];HGNC.Current:7894[8>1];HGNC.Current:7894[1];HGNC.Current:7894[1>0];Ensembl.HGNC:208723[3>0]
ENSP00000466052	Ensembl:224252[2];Ensembl:224252[2>0]	ENSG00000071564	CURATED:253[0];HGNC.Current:38508[1];HGNC.Current:38508[1>0];Ensembl.HGNC:224257[3>0]
ENSP00000466530	Ensembl:236695[2];Ensembl:236695[2>0]	ENSG00000125740	CURATED:58[0];HGNC.Current:9415[1];HGNC.Current:9415[1>0];Ensembl.HGNC:236716[3>0]
ENSP00000466565	Ensembl:224242[2];Ensembl:224242[2>0]	ENSG00000071564	CURATED:253[0];HGNC.Current:38508[1];HGNC.Current:38508[1>0];Ensembl.HGNC:224257[3>0]
ENSP00000466665	Ensembl:208706[2];Ensembl:208706[2>0]	ENSG00000130165	CURATED:42[0];HGNC.Current:7810[1];HGNC.Current:7894[8>1];HGNC.Current:7894[1];HGNC.Current:7894[1>0];Ensembl.HGNC:208723[3>0]
ENSP00000466732	Ensembl:208702[2];Ensembl:208702[2>0]	ENSG00000130165	CURATED:42[0];HGNC.Current:7810[1];HGNC.Current:7894[8>1];HGNC.Current:7894[1];HGNC.Current:7894[1>0];Ensembl.HGNC:208723[3>0]
ENSP00000466952	Ensembl:224243[2];Ensembl:224243[2>0]	ENSG00000071564	CURATED:253[0];HGNC.Current:38508[1];HGNC.Current:38508[1>0];Ensembl.HGNC:224257[3>0]
ENSP00000466954	Ensembl:224253[2];Ensembl:224253[2>0]	ENSG00000071564	CURATED:253[0];HGNC.Current:38508[1];HGNC.Current:38508[1>0];Ensembl.HGNC:224257[3>0]
ENSP00000467000	Ensembl:265697[2];Ensembl:265697[2>0]	ENSG00000168610	CURATED:242[0];HGNC.Current:37779[1];HGNC.Current:37779[1>0];Ensembl.HGNC:265687[3>0]
ENSP00000467264	Ensembl:208705[2];Ensembl:208705[2>0]	ENSG00000130165	CURATED:42[0];HGNC.Current:7810[1];HGNC.Current:7894[8>1];HGNC.Current:7894[1];HGNC.Current:7894[1>0];Ensembl.HGNC:208723[3>0]
ENSP00000467330	Ensembl:208703[2];Ensembl:208703[2>0]	ENSG00000130165	CURATED:42[0];HGNC.Current:7810[1];HGNC.Current:7894[8>1];HGNC.Current:7894[1];HGNC.Current:7894[1>0];Ensembl.HGNC:208723[3>0]
ENSP00000467388	Ensembl:224250[2];Ensembl:224250[2>0]	ENSG00000071564	CURATED:253[0];HGNC.Current:38508[1];HGNC.Current:38508[1>0];Ensembl.HGNC:224257[3>0]
ENSP00000467401	Ensembl:260804[2];Ensembl:260804[2>0]	ENSG00000116044	CURATED:182[0];HGNC.Current:22659[1];HGNC.Current:22659[1>0];Ensembl.HGNC:260805[3>0]
ENSP00000467497	Ensembl:236694[2];Ensembl:236694[2>0]	ENSG00000125740	CURATED:58[0];HGNC.Current:9415[1];HGNC.Current:9415[1>0];Ensembl.HGNC:236716[3>0]
ENSP00000467508	Ensembl:224239[2];Ensembl:224239[2>0]	ENSG00000071564	CURATED:253[0];HGNC.Current:38508[1];HGNC.Current:38508[1>0];Ensembl.HGNC:224257[3>0]
ENSP00000467588	Ensembl:255698[2];Ensembl:255698[2>0]	ENSG00000121075	CURATED:249[0];HGNC.Current:38455[1];HGNC.Current:38455[1>0];Ensembl.HGNC:255722[3>0]
ENSP00000467664	Ensembl:208699[2];Ensembl:208699[2>0]	ENSG00000130165	CURATED:42[0];HGNC.Current:7810[1];HGNC.Current:7894[8>1];HGNC.Current:7894[1];HGNC.Current:7894[1>0];Ensembl.HGNC:208723[3>0]
ENSP00000467914	Ensembl:208704[2];Ensembl:208704[2>0]	ENSG00000130165	CURATED:42[0];HGNC.Current:7810[1];HGNC.Current:7894[8>1];HGNC.Current:7894[1];HGNC.Current:7894[1>0];Ensembl.HGNC:208723[3>0]
ENSP00000467972	Ensembl:224248[2];Ensembl:224248[2>0]	ENSG00000071564	CURATED:253[0];HGNC.Current:38508[1];HGNC.Current:38508[1>0];Ensembl.HGNC:224257[3>0]
ENSP00000467985	Ensembl:265701[2];Ensembl:265701[2>0]	ENSG00000168610	CURATED:242[0];HGNC.Current:37779[1];HGNC.Current:37779[1>0];Ensembl.HGNC:265687[3>0]
ENSP00000468089	Ensembl:260839[2];Ensembl:260839[2>0]	ENSG00000116044	CURATED:182[0];HGNC.Current:22659[1];HGNC.Current:22659[1>0];Ensembl.HGNC:260805[3>0]
ENSP00000468122	Ensembl:98472[2];Ensembl:98472[2>0]	ENSG00000104903	CURATED:157[0];HGNC.Current:17792[1];HGNC.Current:17792[1>0];Ensembl.HGNC:98495[3>0]
ENSP00000468207	Ensembl:236701[2];Ensembl:236701[2>0]	ENSG00000125740	CURATED:58[0];HGNC.Current:9415[1];HGNC.Current:9415[1>0];Ensembl.HGNC:236716[3>0]
ENSP00000468277	Ensembl:12609[2];Ensembl:12609[2>0]	ENSG00000196628	CURATED:254[0];HGNC.Current:38510[1];HGNC.Current:38510[1>0];Ensembl.HGNC:12536[3>0]
ENSP00000468453	Ensembl:200528[2];Ensembl:200528[2>0]	ENSG00000105672	CURATED:52[0];HGNC.Current:8357[1];HGNC.Current:8357[1>0];Ensembl.HGNC:200549[3>0]
ENSP00000468481	Ensembl:224237[2];Ensembl:224237[2>0]	ENSG00000071564	CURATED:253[0];HGNC.Current:38508[1];HGNC.Current:38508[1>0];Ensembl.HGNC:224257[3>0]
ENSP00000468482	Ensembl:236699[2];Ensembl:236699[2>0]	ENSG00000125740	CURATED:58[0];HGNC.Current:9415[1];HGNC.Current:9415[1>0];Ensembl.HGNC:236716[3>0]
ENSP00000468487	Ensembl:224235[2];Ensembl:224235[2>0]	ENSG00000071564	CURATED:253[0];HGNC.Current:38508[1];HGNC.Current:38508[1>0];Ensembl.HGNC:224257[3>0]
ENSP00000468729	Ensembl:12582[2];Ensembl:12582[2>0]	ENSG00000196628	CURATED:254[0];HGNC.Current:38510[1];HGNC.Current:38510[1>0];Ensembl.HGNC:12536[3>0]
ENSP00000468749	Ensembl:157887[2];Ensembl:157887[2>0]	ENSG00000126561	CURATED:244[0];HGNC.Current:37782[1];HGNC.Current:37782[1>0];Ensembl.HGNC:157910[3>0]
ENSP00000469023	Ensembl:169868[2];Ensembl:169868[2>0]	ENSG00000269404	CURATED:240[0];HGNC.Current:37338[1];HGNC.Current:37338[1>0];Ensembl.HGNC:169888[3>0]
ENSP00000469059	Ensembl.Proteins:187530[2];Ensembl.Proteins:510578[0>2];Ensembl:136401[2];Ensembl:136401[2>0]	ENSG00000102145	CURATED:76[0];HGNC.Current:10067[1];HGNC.Current:10067[1>0];Ensembl.HGNC:136420[3>0]
ENSP00000469364	Ensembl:206866[2];Ensembl:206866[2>0]	ENSG00000105698	CURATED:266[0];HGNC.Current:41753[1];HGNC.Current:41753[1>0];Ensembl.HGNC:206880[3>0]
ENSP00000469585	Ensembl:206862[2];Ensembl:206862[2>0]	ENSG00000105698	CURATED:266[0];HGNC.Current:41753[1];HGNC.Current:41753[1>0];Ensembl.HGNC:206880[3>0]
ENSP00000469715	Ensembl.Proteins:188186[2];Ensembl.Proteins:511685[0>2];Ensembl:148467[2];Ensembl:148467[2>0]	ENSG00000049768	CURATED:74[0];HGNC.Current:9483[1];HGNC.Current:9483[1>0];Ensembl.HGNC:148487[3>0]
ENSP00000470081	Ensembl:206868[2];Ensembl:206868[2>0]	ENSG00000105698	CURATED:266[0];HGNC.Current:41753[1];HGNC.Current:41753[1>0];Ensembl.HGNC:206880[3>0]
ENSP00000470277	Ensembl:206867[2];Ensembl:206867[2>0]	ENSG00000105698	CURATED:266[0];HGNC.Current:41753[1];HGNC.Current:41753[1>0];Ensembl.HGNC:206880[3>0]
ENSP00000470432	Ensembl.Proteins:188903[2];Ensembl.Proteins:512911[0>2];Ensembl:148464[2];Ensembl:148464[2>0]	ENSG00000049768	CURATED:74[0];HGNC.Current:9483[1];HGNC.Current:9483[1>0];Ensembl.HGNC:148487[3>0]
ENSP00000470454	Ensembl.Proteins:188925[2];Ensembl.Proteins:512962[0>2];Ensembl:148463[2];Ensembl:148463[2>0]	ENSG00000049768	CURATED:74[0];HGNC.Current:9483[1];HGNC.Current:9483[1>0];Ensembl.HGNC:148487[3>0]
ENSP00000470673	Ensembl:2722[2];Ensembl:2722[2>0]	ENSG00000156273	CURATED:10[0];HGNC.Current:2206[1];HGNC.Current:2206[1>0];Ensembl.HGNC:2711[3>0]
ENSP00000470812	Ensembl.Proteins:189283[2];Ensembl.Proteins:513459[0>2];Ensembl:28881[2];Ensembl:28881[2>0]	ENSG00000186350	CURATED:217[0];HGNC.Current:34479[1];HGNC.Current:34479[1>0];Ensembl.HGNC:28904[3>0]
ENSP00000470970	Ensembl:169869[2];Ensembl:169869[2>0]	ENSG00000269404	CURATED:240[0];HGNC.Current:37338[1];HGNC.Current:37338[1>0];Ensembl.HGNC:169888[3>0]
ENSP00000471099	Ensembl:206858[2];Ensembl:206858[2>0]	ENSG00000105698	CURATED:266[0];HGNC.Current:41753[1];HGNC.Current:41753[1>0];Ensembl.HGNC:206880[3>0]
ENSP00000471366	Ensembl.Proteins:189837[2];Ensembl.Proteins:514349[0>2];Ensembl:148469[2];Ensembl:148469[2>0]	ENSG00000049768	CURATED:74[0];HGNC.Current:9483[1];HGNC.Current:9483[1>0];Ensembl.HGNC:148487[3>0]
ENSP00000471511	Ensembl:206861[2];Ensembl:206861[2>0]	ENSG00000105698	CURATED:266[0];HGNC.Current:41753[1];HGNC.Current:41753[1>0];Ensembl.HGNC:206880[3>0]
ENSP00000471775	Ensembl:206865[2];Ensembl:206865[2>0]	ENSG00000105698	CURATED:266[0];HGNC.Current:41753[1];HGNC.Current:41753[1>0];Ensembl.HGNC:206880[3>0]
ENSP00000471890	Ensembl:190091[2];Ensembl:190091[2>0]	ENSG00000028277	CURATED:202[0];HGNC.Current:26332[1];HGNC.Current:26332[1>0];Ensembl.HGNC:190104[3>0]
ENSP00000471921	Ensembl:169865[2];Ensembl:169865[2>0]	ENSG00000269404	CURATED:240[0];HGNC.Current:37338[1];HGNC.Current:37338[1>0];Ensembl.HGNC:169888[3>0]
ENSP00000472626	Ensembl:169870[2];Ensembl:169870[2>0]	ENSG00000269404	CURATED:240[0];HGNC.Current:37338[1];HGNC.Current:37338[1>0];Ensembl.HGNC:169888[3>0]
ENSP00000472792	Ensembl.Proteins:191263[2];Ensembl.Proteins:516602[0>2];Ensembl:148466[2];Ensembl:148466[2>0]	ENSG00000049768	CURATED:74[0];HGNC.Current:9483[1];HGNC.Current:9483[1>0];Ensembl.HGNC:148487[3>0]
ENSP00000472899	Ensembl.Proteins:191370[2];Ensembl.Proteins:516789[0>2];Ensembl:136400[2];Ensembl:136400[2>0]	ENSG00000102145	CURATED:76[0];HGNC.Current:10067[1];HGNC.Current:10067[1>0];Ensembl.HGNC:136420[3>0]
ENSP00000473436	Ensembl:121909[2];Ensembl:121909[2>0]	ENSG00000114126	CURATED:259[0];HGNC.Current:38724[1];HGNC.Current:38724[1>0];Ensembl.HGNC:121918[3>0]
ENSP00000473519	Ensembl:166914[2];Ensembl:166914[2>0]	ENSG00000095794	CURATED:25[0];HGNC.Current:5517[1];HGNC.Current:5517[1>0];Ensembl.HGNC:166924[3>0]
ENSP00000473598	Ensembl:116985[2];Ensembl:116985[2>0]	ENSG00000136574	CURATED:79[0];HGNC.Current:10072[1];HGNC.Current:10072[1>0];Ensembl.HGNC:117007[3>0]
ENSP00000473661	Ensembl:223213[2];Ensembl:223213[2>0]	ENSG00000125347	CURATED:128[0];HGNC.Current:13494[1];HGNC.Current:13494[1>0];Ensembl.HGNC:223200[3>0]
ENSP00000473671	Ensembl:116984[2];Ensembl:116984[2>0]	ENSG00000136574	CURATED:79[0];HGNC.Current:10072[1];HGNC.Current:10072[1>0];Ensembl.HGNC:117007[3>0]
ENSP00000473830	Ensembl:270144[2];Ensembl:270144[2>0]	ENSG00000162599	CURATED:183[0];HGNC.Current:22664[1];HGNC.Current:22664[1>0];Ensembl.HGNC:270168[3>0]
ENSP00000473998	Ensembl:269884[2];Ensembl:269884[2>0]	ENSG00000185630	CURATED:199[0];HGNC.Current:24905[1];HGNC.Current:24905[1>0];Ensembl.HGNC:269930[3>0]
ENSP00000474461	Ensembl:270122[2];Ensembl:270122[2>0]	ENSG00000162599	CURATED:183[0];HGNC.Current:22664[1];HGNC.Current:22664[1>0];Ensembl.HGNC:270168[3>0]
ENSP00000474462	Ensembl:270149[2];Ensembl:270149[2>0]	ENSG00000162599	CURATED:183[0];HGNC.Current:22664[1];HGNC.Current:22664[1>0];Ensembl.HGNC:270168[3>0]
ENSP00000474486	Ensembl:116877[2];Ensembl:116877[2>0]	ENSG00000165588	CURATED:194[0];HGNC.Current:24603[1];HGNC.Current:24603[1>0];Ensembl.HGNC:116891[3>0]
ENSP00000474806	Ensembl:270139[2];Ensembl:270139[2>0]	ENSG00000162599	CURATED:183[0];HGNC.Current:22664[1];HGNC.Current:22664[1>0];Ensembl.HGNC:270168[3>0]
ENSP00000474817	Ensembl:270150[2];Ensembl:270150[2>0]	ENSG00000162599	CURATED:183[0];HGNC.Current:22664[1];HGNC.Current:22664[1>0];Ensembl.HGNC:270168[3>0]
ENSP00000475008	Ensembl:63589[2];Ensembl:63589[2>0]	ENSG00000105880	CURATED:29[0];HGNC.Current:6742[1];HGNC.Current:6742[1>0];Ensembl.HGNC:63611[3>0]
ENSP00000475089	Ensembl:200530[2];Ensembl:200530[2>0]	ENSG00000105672	CURATED:52[0];HGNC.Current:8357[1];HGNC.Current:8357[1>0];Ensembl.HGNC:200549[3>0]
ENSP00000475153	Ensembl:92015[2];Ensembl:92015[2>0]	ENSG00000130522	CURATED:138[0];HGNC.Current:13717[1];HGNC.Current:13717[1>0];Ensembl.HGNC:92038[3>0]
ENSP00000475161	Ensembl:274439[2];Ensembl:274439[2>0]	ENSG00000143995	CURATED:164[0];HGNC.Current:18399[1];HGNC.Current:18399[1>0];Ensembl.HGNC:274483[3>0]
ENSP00000475267	Ensembl:236787[2];Ensembl:236787[2>0]	ENSG00000169554	CURATED:272[0];HGNC.Current:42926[1];HGNC.Current:42926[1>0];Ensembl.HGNC:236783[3>0]
ENSP00000475329	Ensembl:236804[2];Ensembl:236804[2>0]	ENSG00000169554	CURATED:272[0];HGNC.Current:42926[1];HGNC.Current:42926[1>0];Ensembl.HGNC:236783[3>0]
ENSP00000475400	Ensembl:236808[2];Ensembl:236808[2>0]	ENSG00000169554	CURATED:272[0];HGNC.Current:42926[1];HGNC.Current:42926[1>0];Ensembl.HGNC:236783[3>0]
ENSP00000475502	Ensembl:236803[2];Ensembl:236803[2>0]	ENSG00000169554	CURATED:272[0];HGNC.Current:42926[1];HGNC.Current:42926[1>0];Ensembl.HGNC:236783[3>0]
ENSP00000475553	Ensembl:236772[2];Ensembl:236772[2>0]	ENSG00000169554	CURATED:272[0];HGNC.Current:42926[1];HGNC.Current:42926[1>0];Ensembl.HGNC:236783[3>0]
ENSP00000475660	Ensembl:176627[2];Ensembl:176627[2>0]	ENSG00000134138	CURATED:165[0];HGNC.Current:18402[1];HGNC.Current:18402[1>0];Ensembl.HGNC:176618[3>0]
ENSP00000475664	Ensembl:190092[2];Ensembl:190092[2>0]	ENSG00000028277	CURATED:202[0];HGNC.Current:26332[1];HGNC.Current:26332[1>0];Ensembl.HGNC:190104[3>0]
ENSP00000475899	Ensembl:176624[2];Ensembl:176624[2>0]	ENSG00000134138	CURATED:165[0];HGNC.Current:18402[1];HGNC.Current:18402[1>0];Ensembl.HGNC:176618[3>0]
ENSP00000476062	Ensembl:190093[2];Ensembl:190093[2>0]	ENSG00000028277	CURATED:202[0];HGNC.Current:26332[1];HGNC.Current:26332[1>0];Ensembl.HGNC:190104[3>0]
ENSP00000476200	Ensembl:123572[2];Ensembl:123572[2>0]	ENSG00000106689	CURATED:152[0];HGNC.Current:14928[1];HGNC.Current:14928[1>0];Ensembl.HGNC:123593[3>0]
ENSP00000476310	Ensembl:124301[2];Ensembl:124301[2>0]	ENSG00000101076	CURATED:100[0];HGNC.Current:11954[1];HGNC.Current:11954[1>0];Ensembl.HGNC:124322[3>0]
ENSP00000476428	Ensembl:228538[2];Ensembl:228538[2>0]	ENSG00000151702	CURATED:56[0];HGNC.Current:9325[1];HGNC.Current:9325[1>0];Ensembl.HGNC:228559[3>0]
ENSP00000476609	Ensembl:124299[2];Ensembl:124299[2>0]	ENSG00000101076	CURATED:100[0];HGNC.Current:11954[1];HGNC.Current:11954[1>0];Ensembl.HGNC:124322[3>0]
ENSP00000476649	Ensembl:241996[2];Ensembl:241996[2>0]	ENSG00000134954	CURATED:50[0];HGNC.Current:8351[1];HGNC.Current:8351[1>0];Ensembl.HGNC:242014[3>0]
ENSP00000476788	Ensembl:243334[2];Ensembl:243334[2>0]	ENSG00000116604	CURATED:163[0];HGNC.Current:18382[1];HGNC.Current:18382[1>0];Ensembl.HGNC:243358[3>0]
ENSP00000477020	Ensembl:206860[2];Ensembl:206860[2>0]	ENSG00000105698	CURATED:266[0];HGNC.Current:41753[1];HGNC.Current:41753[1>0];Ensembl.HGNC:206880[3>0]
ENSP00000477023	Ensembl:116702[2];Ensembl:116702[2>0]	ENSG00000088881	CURATED:39[0];HGNC.Current:7393[1];HGNC.Current:7393[1>0];Ensembl.HGNC:116723[3>0]
ENSP00000477067	Ensembl:38954[2];Ensembl:38954[2>0]	ENSG00000159216	CURATED:214[0];HGNC.Current:34448[1];HGNC.Current:34448[1>0];Ensembl.HGNC:38975[3>0]
ENSP00000477072	Ensembl:38962[2];Ensembl:38962[2>0]	ENSG00000159216	CURATED:214[0];HGNC.Current:34448[1];HGNC.Current:34448[1>0];Ensembl.HGNC:38975[3>0]
ENSP00000477124	Ensembl:243339[2];Ensembl:243339[2>0]	ENSG00000116604	CURATED:163[0];HGNC.Current:18382[1];HGNC.Current:18382[1>0];Ensembl.HGNC:243358[3>0]
ENSP00000477262	Ensembl:228535[2];Ensembl:228535[2>0]	ENSG00000151702	CURATED:56[0];HGNC.Current:9325[1];HGNC.Current:9325[1>0];Ensembl.HGNC:228559[3>0]
ENSP00000477413	Ensembl:243337[2];Ensembl:243337[2>0]	ENSG00000116604	CURATED:163[0];HGNC.Current:18382[1];HGNC.Current:18382[1>0];Ensembl.HGNC:243358[3>0]
ENSP00000477829	Ensembl:140175[2];Ensembl:140175[2>0]	ENSG00000273706	CURATED:151[0];HGNC.Current:14926[1];HGNC.Current:14926[1>0];Ensembl.HGNC:140197[3>0]
ENSP00000477878	Ensembl:110514[2];Ensembl:110514[2>0]	ENSG00000179361	CURATED:7[0];HGNC.Current:1543[1];HGNC.Current:1543[1>0];Ensembl.HGNC:110538[3>0]
ENSP00000477898	Ensembl:222921[2];Ensembl:222921[2>0]	ENSG00000118513	CURATED:175[0];HGNC.Current:21951[1];HGNC.Current:21951[1>0];Ensembl.HGNC:222938[3>0]
ENSP00000478368	Ensembl:188327[2];Ensembl:188327[2>0]	ENSG00000185811	CURATED:125[0];HGNC.Current:13181[1];HGNC.Current:13181[1>0];Ensembl.HGNC:188341[3>0]
ENSP00000478549	Ensembl:12537[2];Ensembl:12537[2>0]	ENSG00000196628	CURATED:254[0];HGNC.Current:38510[1];HGNC.Current:38510[1>0];Ensembl.HGNC:12536[3>0]
ENSP00000478887	Ensembl:181806[2];Ensembl:181806[2>0]	ENSG00000136997	CURATED:177[0];HGNC.Current:21961[1];HGNC.Current:21961[1>0];Ensembl.HGNC:181822[3>0]
ENSP00000479151	Ensembl:75621[2];Ensembl:75621[2>0]	ENSG00000084093	CURATED:210[0];HGNC.Current:28171[1];HGNC.Current:28171[1>0];Ensembl.HGNC:75638[3>0]
ENSP00000479166	Ensembl:221857[2];Ensembl:221857[2>0]	ENSG00000197576	CURATED:106[0];HGNC.Current:12141[1];HGNC.Current:12141[1>0];Ensembl.HGNC:221881[3>0]
ENSP00000479277	Ensembl:32142[2];Ensembl:32142[2>0]	ENSG00000276561	CURATED:130[0];HGNC.Current:13505[1];HGNC.Current:13505[1>0];Ensembl.HGNC:32151[3>0]
ENSP00000479615	Ensembl:32141[2];Ensembl:32141[2>0]	ENSG00000276561	CURATED:130[0];HGNC.Current:13505[1];HGNC.Current:13505[1>0];Ensembl.HGNC:32151[3>0]
ENSP00000480026	Ensembl:216522[2];Ensembl:216522[2>0]	ENSG00000007372	CURATED:198[0];HGNC.Current:24887[1];HGNC.Current:24887[1>0];Ensembl.HGNC:216546[3>0]
ENSP00000480358	Ensembl:32129[2];Ensembl:32129[2>0]	ENSG00000276561	CURATED:130[0];HGNC.Current:13505[1];HGNC.Current:13505[1>0];Ensembl.HGNC:32151[3>0]
ENSP00000480412	Ensembl:185199[2];Ensembl:185199[2>0]	ENSG00000179588	CURATED:275[0];HGNC.Current:42980[1];HGNC.Current:42980[1>0];Ensembl.HGNC:185219[3>0]
ENSP00000480887	Ensembl:223200[2];Ensembl:223200[2>0]	ENSG00000125347	CURATED:128[0];HGNC.Current:13494[1];HGNC.Current:13494[1>0];Ensembl.HGNC:223200[3>0]
ENSP00000481286	Ensembl:258008[2];Ensembl:258008[2>0]	ENSG00000187098	CURATED:169[0];HGNC.Current:20644[1];HGNC.Current:20644[1>0];Ensembl.HGNC:258015[3>0]
ENSP00000481331	Ensembl:124313[2];Ensembl:124313[2>0]	ENSG00000101076	CURATED:100[0];HGNC.Current:11954[1];HGNC.Current:11954[1>0];Ensembl.HGNC:124322[3>0]
ENSP00000481494	Ensembl:43036[2];Ensembl:43036[2>0]	ENSG00000275746	CURATED:141[0];HGNC.Current:14146[1];HGNC.Current:14146[1>0];Ensembl.HGNC:43059[3>0]
ENSP00000481496	Ensembl:140178[2];Ensembl:140178[2>0]	ENSG00000273706	CURATED:151[0];HGNC.Current:14926[1];HGNC.Current:14926[1>0];Ensembl.HGNC:140197[3>0]
ENSP00000481517	Ensembl:251562[2];Ensembl:251562[2>0]	ENSG00000175745	CURATED:189[0];HGNC.Current:23166[1];HGNC.Current:23166[1>0];Ensembl.HGNC:251584[3>0]
ENSP00000481551	Ensembl.Proteins:200020[2];Ensembl.Proteins:587526[0>2];Ensembl:36318[2];Ensembl:36318[2>0]	ENSG00000276644	CURATED:27[0];HGNC.Current:6166[1];HGNC.Current:6166[1>0];Ensembl.HGNC:36339[3>0]
ENSP00000481581	Ensembl:211558[2];Ensembl:211558[2>0]	ENSG00000251493	CURATED:64[0];HGNC.Current:9429[1];HGNC.Current:9429[1>0];Ensembl.HGNC:211581[3>0]
ENSP00000481650	Ensembl:75616[2];Ensembl:75616[2>0]	ENSG00000084093	CURATED:210[0];HGNC.Current:28171[1];HGNC.Current:28171[1>0];Ensembl.HGNC:75638[3>0]
ENSP00000482150	Ensembl:75082[2];Ensembl:75082[2>0]	ENSG00000273529	CURATED:92[0];HGNC.Current:11567[1];HGNC.Current:11567[1>0];Ensembl.HGNC:75106[3>0]
ENSP00000482245	Ensembl:36315[2];Ensembl:36315[2>0]	ENSG00000276644	CURATED:27[0];HGNC.Current:6166[1];HGNC.Current:6166[1>0];Ensembl.HGNC:36339[3>0]
ENSP00000482268	Ensembl:116989[2];Ensembl:116989[2>0]	ENSG00000136574	CURATED:79[0];HGNC.Current:10072[1];HGNC.Current:10072[1>0];Ensembl.HGNC:117007[3>0]
ENSP00000482458	Ensembl:88919[2];Ensembl:88919[2>0]	ENSG00000143171	CURATED:219[0];HGNC.Current:34481[1];HGNC.Current:34481[1>0];Ensembl.HGNC:88940[3>0]
ENSP00000482493	Ensembl.Proteins:200962[2];Ensembl.Proteins:587525[0>2];Ensembl:36317[2];Ensembl:36317[2>0]	ENSG00000276644	CURATED:27[0];HGNC.Current:6166[1];HGNC.Current:6166[1>0];Ensembl.HGNC:36339[3>0]
ENSP00000482581	Ensembl:271446[2];Ensembl:271446[2>0]	ENSG00000233608	CURATED:265[0];HGNC.Current:41287[1];HGNC.Current:41287[1>0];Ensembl.HGNC:271493[3>0]
ENSP00000482796	Ensembl:185197[2];Ensembl:185197[2>0]	ENSG00000179588	CURATED:275[0];HGNC.Current:42980[1];HGNC.Current:42980[1>0];Ensembl.HGNC:185219[3>0]
ENSP00000482797	Ensembl:36316[2];Ensembl:36316[2>0]	ENSG00000276644	CURATED:27[0];HGNC.Current:6166[1];HGNC.Current:6166[1>0];Ensembl.HGNC:36339[3>0]
ENSP00000482847	Ensembl:201791[2];Ensembl:201791[2>0]	ENSG00000114861	CURATED:73[0];HGNC.Current:9478[1];HGNC.Current:9478[1>0];Ensembl.HGNC:201807[3>0]
ENSP00000482909	Ensembl:87052[2];Ensembl:87052[2>0]	ENSG00000143621	CURATED:127[0];HGNC.Current:13290[1];HGNC.Current:13290[1>0];Ensembl.HGNC:87072[3>0]
ENSP00000483563	Ensembl.Proteins:202032[2];Ensembl.Proteins:586687[0>2];Ensembl:269900[2];Ensembl:269900[2>0]	ENSG00000185630	CURATED:199[0];HGNC.Current:24905[1];HGNC.Current:24905[1>0];Ensembl.HGNC:269930[3>0]
ENSP00000483628	Ensembl:277723[2];Ensembl:277723[2>0]	ENSG00000158711	CURATED:45[0];HGNC.Current:7828[1];HGNC.Current:7828[1>0];Ensembl.HGNC:277771[3>0]
ENSP00000483629	Ensembl:28009[2];Ensembl:28009[2>0]	ENSG00000136826	CURATED:144[0];HGNC.Current:14131[1];HGNC.Current:14131[1>0];Ensembl.HGNC:28028[3>0]
ENSP00000484058	Ensembl:75619[2];Ensembl:75619[2>0]	ENSG00000084093	CURATED:210[0];HGNC.Current:28171[1];HGNC.Current:28171[1>0];Ensembl.HGNC:75638[3>0]
ENSP00000484216	Ensembl:185198[2];Ensembl:185198[2>0]	ENSG00000179588	CURATED:275[0];HGNC.Current:42980[1];HGNC.Current:42980[1>0];Ensembl.HGNC:185219[3>0]
ENSP00000484411	Ensembl:153272[2];Ensembl:153272[2>0]	ENSG00000105997	CURATED:105[0];HGNC.Current:12140[1];HGNC.Current:12140[1>0];Ensembl.HGNC:153294[3>0]
ENSP00000484449	Ensembl:60493[2];Ensembl:60493[2>0]	ENSG00000274577	CURATED:151[0];HGNC.Current:14926[1];HGNC.Current:14926[1>0];Ensembl.HGNC:60516[3>0]
ENSP00000484836	Ensembl:75622[2];Ensembl:75622[2>0]	ENSG00000084093	CURATED:210[0];HGNC.Current:28171[1];HGNC.Current:28171[1>0];Ensembl.HGNC:75638[3>0]
ENSP00000484904	Ensembl:43035[2];Ensembl:43035[2>0]	ENSG00000275746	CURATED:141[0];HGNC.Current:14146[1];HGNC.Current:14146[1>0];Ensembl.HGNC:43059[3>0]
ENSP00000484946	Ensembl:277727[2];Ensembl:277727[2>0]	ENSG00000158711	CURATED:45[0];HGNC.Current:7828[1];HGNC.Current:7828[1>0];Ensembl.HGNC:277771[3>0]
ENSP00000484955	Ensembl:40527[2];Ensembl:40527[2>0]	ENSG00000069667	CURATED:211[0];HGNC.Current:32134[1];HGNC.Current:32134[1>0];Ensembl.HGNC:40538[3>0]
ENSP00000484963	Ensembl:201826[2];Ensembl:201826[2>0]	ENSG00000114861	CURATED:73[0];HGNC.Current:9478[1];HGNC.Current:9478[1>0];Ensembl.HGNC:201807[3>0]
ENSP00000485692	Ensembl:269886[2];Ensembl:269886[2>0]	ENSG00000185630	CURATED:199[0];HGNC.Current:24905[1];HGNC.Current:24905[1>0];Ensembl.HGNC:269930[3>0]
ENSP00000485755	Ensembl:12583[2];Ensembl:12583[2>0]	ENSG00000196628	CURATED:254[0];HGNC.Current:38510[1];HGNC.Current:38510[1>0];Ensembl.HGNC:12536[3>0]
ENSP00000485863	Ensembl:25866[2];Ensembl:25866[2>0]	ENSG00000124813	CURATED:215[0];HGNC.Current:34452[1];HGNC.Current:34452[1>0];Ensembl.HGNC:25880[3>0]
ENSP00000485972	Ensembl:259560[2];Ensembl:259560[2>0]	ENSG00000081189	CURATED:162[0];HGNC.Current:18379[1];HGNC.Current:18379[1>0];Ensembl.HGNC:259555[3>0]
ENSP00000486072	Ensembl:12576[2];Ensembl:12576[2>0]	ENSG00000196628	CURATED:254[0];HGNC.Current:38510[1];HGNC.Current:38510[1>0];Ensembl.HGNC:12536[3>0]
ENSP00000486111	Ensembl:12607[2];Ensembl:12607[2>0]	ENSG00000196628	CURATED:254[0];HGNC.Current:38510[1];HGNC.Current:38510[1>0];Ensembl.HGNC:12536[3>0]
ENSP00000486112	Ensembl:238091[2];Ensembl:238091[2>0]	ENSG00000174332	CURATED:85[0];HGNC.Current:10350[1];HGNC.Current:10350[1>0];Ensembl.HGNC:238114[3>0]
ENSP00000486148	Ensembl:12581[2];Ensembl:12581[2>0]	ENSG00000196628	CURATED:254[0];HGNC.Current:38510[1];HGNC.Current:38510[1>0];Ensembl.HGNC:12536[3>0]
ENSP00000486215	Ensembl:12594[2];Ensembl:12594[2>0]	ENSG00000196628	CURATED:254[0];HGNC.Current:38510[1];HGNC.Current:38510[1>0];Ensembl.HGNC:12536[3>0]
ENSP00000486228	Ensembl:190096[2];Ensembl:190096[2>0]	ENSG00000028277	CURATED:202[0];HGNC.Current:26332[1];HGNC.Current:26332[1>0];Ensembl.HGNC:190104[3>0]
ENSP00000486240	Ensembl:236805[2];Ensembl:236805[2>0]	ENSG00000169554	CURATED:272[0];HGNC.Current:42926[1];HGNC.Current:42926[1>0];Ensembl.HGNC:236783[3>0]
ENSP00000486341	Ensembl:236801[2];Ensembl:236801[2>0]	ENSG00000169554	CURATED:272[0];HGNC.Current:42926[1];HGNC.Current:42926[1>0];Ensembl.HGNC:236783[3>0]
ENSP00000486346	Ensembl:236799[2];Ensembl:236799[2>0]	ENSG00000169554	CURATED:272[0];HGNC.Current:42926[1];HGNC.Current:42926[1>0];Ensembl.HGNC:236783[3>0]
ENSP00000486405	Ensembl:12593[2];Ensembl:12593[2>0]	ENSG00000196628	CURATED:254[0];HGNC.Current:38510[1];HGNC.Current:38510[1>0];Ensembl.HGNC:12536[3>0]
ENSP00000486490	Ensembl:259548[2];Ensembl:259548[2>0]	ENSG00000081189	CURATED:162[0];HGNC.Current:18379[1];HGNC.Current:18379[1>0];Ensembl.HGNC:259555[3>0]
ENSP00000486554	Ensembl:259545[2];Ensembl:259545[2>0]	ENSG00000081189	CURATED:162[0];HGNC.Current:18379[1];HGNC.Current:18379[1>0];Ensembl.HGNC:259555[3>0]
ENSP00000486610	Ensembl:201318[2];Ensembl:201318[2>0]	ENSG00000102908	CURATED:179[0];HGNC.Current:22649[1];HGNC.Current:22649[1>0];Ensembl.HGNC:201339[3>0]
ENSP00000486670	Ensembl:12553[2];Ensembl:12553[2>0]	ENSG00000196628	CURATED:254[0];HGNC.Current:38510[1];HGNC.Current:38510[1>0];Ensembl.HGNC:12536[3>0]
ENSP00000486891	Ensembl:152753[2];Ensembl:152753[2>0]	ENSG00000148737	CURATED:254[0];HGNC.Current:38510[1];HGNC.Current:38516[10>1];HGNC.Current:38516[1];HGNC.Current:38516[1>0];Ensembl.HGNC:152776[3>0]
ENSP00000486909	Ensembl:12585[2];Ensembl:12585[2>0]	ENSG00000196628	CURATED:254[0];HGNC.Current:38510[1];HGNC.Current:38510[1>0];Ensembl.HGNC:12536[3>0]
ENSP00000486912	Ensembl:2741[2];Ensembl:2741[2>0]	ENSG00000120690	CURATED:42[0];HGNC.Current:7810[1];HGNC.Current:7810[1>0];Ensembl.HGNC:2739[3>0]
ENSP00000486932	Ensembl:259551[2];Ensembl:259551[2>0]	ENSG00000081189	CURATED:162[0];HGNC.Current:18379[1];HGNC.Current:18379[1>0];Ensembl.HGNC:259555[3>0]
ENSP00000486974	Ensembl:12590[2];Ensembl:12590[2>0]	ENSG00000196628	CURATED:254[0];HGNC.Current:38510[1];HGNC.Current:38510[1>0];Ensembl.HGNC:12536[3>0]
ENSP00000487010	Ensembl:12580[2];Ensembl:12580[2>0]	ENSG00000196628	CURATED:254[0];HGNC.Current:38510[1];HGNC.Current:38510[1>0];Ensembl.HGNC:12536[3>0]
ENSP00000487112	Ensembl:242244[2];Ensembl:242244[2>0]	ENSG00000163508	CURATED:47[0];HGNC.Current:8038[1];HGNC.Current:8038[1>0];Ensembl.HGNC:242266[3>0]
ENSP00000487134	Ensembl:12622[2];Ensembl:12622[2>0]	ENSG00000196628	CURATED:254[0];HGNC.Current:38510[1];HGNC.Current:38510[1>0];Ensembl.HGNC:12536[3>0]
ENSP00000487150	Ensembl:12614[2];Ensembl:12614[2>0]	ENSG00000196628	CURATED:254[0];HGNC.Current:38510[1];HGNC.Current:38510[1>0];Ensembl.HGNC:12536[3>0]
ENSP00000487157	Ensembl:259550[2];Ensembl:259550[2>0]	ENSG00000081189	CURATED:162[0];HGNC.Current:18379[1];HGNC.Current:18379[1>0];Ensembl.HGNC:259555[3>0]
ENSP00000487171	Ensembl:12604[2];Ensembl:12604[2>0]	ENSG00000196628	CURATED:254[0];HGNC.Current:38510[1];HGNC.Current:38510[1>0];Ensembl.HGNC:12536[3>0]
ENSP00000487174	Ensembl:236768[2];Ensembl:236768[2>0]	ENSG00000169554	CURATED:272[0];HGNC.Current:42926[1];HGNC.Current:42926[1>0];Ensembl.HGNC:236783[3>0]
ENSP00000487184	Ensembl:259553[2];Ensembl:259553[2>0]	ENSG00000081189	CURATED:162[0];HGNC.Current:18379[1];HGNC.Current:18379[1>0];Ensembl.HGNC:259555[3>0]
ENSP00000487218	Ensembl:12578[2];Ensembl:12578[2>0]	ENSG00000196628	CURATED:254[0];HGNC.Current:38510[1];HGNC.Current:38510[1>0];Ensembl.HGNC:12536[3>0]
ENSP00000487240	Ensembl:2739[2];Ensembl:2739[2>0]	ENSG00000120690	CURATED:42[0];HGNC.Current:7810[1];HGNC.Current:7810[1>0];Ensembl.HGNC:2739[3>0]
ENSP00000487261	Ensembl:236790[2];Ensembl:236790[2>0]	ENSG00000169554	CURATED:272[0];HGNC.Current:42926[1];HGNC.Current:42926[1>0];Ensembl.HGNC:236783[3>0]
ENSP00000487311	Ensembl:259554[2];Ensembl:259554[2>0]	ENSG00000081189	CURATED:162[0];HGNC.Current:18379[1];HGNC.Current:18379[1>0];Ensembl.HGNC:259555[3>0]
ENSP00000487413	Ensembl:12596[2];Ensembl:12596[2>0]	ENSG00000196628	CURATED:254[0];HGNC.Current:38510[1];HGNC.Current:38510[1>0];Ensembl.HGNC:12536[3>0]
ENSP00000487415	Ensembl:12605[2];Ensembl:12605[2>0]	ENSG00000196628	CURATED:254[0];HGNC.Current:38510[1];HGNC.Current:38510[1>0];Ensembl.HGNC:12536[3>0]
ENSP00000487419	Ensembl:12599[2];Ensembl:12599[2>0]	ENSG00000196628	CURATED:254[0];HGNC.Current:38510[1];HGNC.Current:38510[1>0];Ensembl.HGNC:12536[3>0]
ENSP00000487430	Ensembl:259537[2];Ensembl:259537[2>0]	ENSG00000081189	CURATED:162[0];HGNC.Current:18379[1];HGNC.Current:18379[1>0];Ensembl.HGNC:259555[3>0]
ENSP00000487437	Ensembl:259552[2];Ensembl:259552[2>0]	ENSG00000081189	CURATED:162[0];HGNC.Current:18379[1];HGNC.Current:18379[1>0];Ensembl.HGNC:259555[3>0]
ENSP00000487476	Ensembl:236789[2];Ensembl:236789[2>0]	ENSG00000169554	CURATED:272[0];HGNC.Current:42926[1];HGNC.Current:42926[1>0];Ensembl.HGNC:236783[3>0]
ENSP00000487505	Ensembl:12561[2];Ensembl:12561[2>0]	ENSG00000196628	CURATED:254[0];HGNC.Current:38510[1];HGNC.Current:38510[1>0];Ensembl.HGNC:12536[3>0]
ENSP00000487507	Ensembl:152763[2];Ensembl:152763[2>0]	ENSG00000148737	CURATED:254[0];HGNC.Current:38510[1];HGNC.Current:38516[10>1];HGNC.Current:38516[1];HGNC.Current:38516[1>0];Ensembl.HGNC:152776[3>0]
ENSP00000487538	Ensembl:259539[2];Ensembl:259539[2>0]	ENSG00000081189	CURATED:162[0];HGNC.Current:18379[1];HGNC.Current:18379[1>0];Ensembl.HGNC:259555[3>0]
ENSP00000487557	Ensembl:12621[2];Ensembl:12621[2>0]	ENSG00000196628	CURATED:254[0];HGNC.Current:38510[1];HGNC.Current:38510[1>0];Ensembl.HGNC:12536[3>0]
ENSP00000487844	Ensembl:53922[2];Ensembl:53922[2>0]	ENSG00000119866	CURATED:12[0];HGNC.Current:2342[1];HGNC.Current:2342[1>0];Ensembl.HGNC:53924[3>0]
ENSP00000487875	Ensembl:32135[2];Ensembl:32135[2>0]	ENSG00000276561	CURATED:130[0];HGNC.Current:13505[1];HGNC.Current:13505[1>0];Ensembl.HGNC:32151[3>0]
ENSP00000488039	Ensembl:32134[2];Ensembl:32134[2>0]	ENSG00000276561	CURATED:130[0];HGNC.Current:13505[1];HGNC.Current:13505[1>0];Ensembl.HGNC:32151[3>0]
ENSP00000488248	Ensembl:60496[2];Ensembl:60496[2>0]	ENSG00000274577	CURATED:151[0];HGNC.Current:14926[1];HGNC.Current:14926[1>0];Ensembl.HGNC:60516[3>0]
ENSP00000488372	Ensembl:32127[2];Ensembl:32127[2>0]	ENSG00000276561	CURATED:130[0];HGNC.Current:13505[1];HGNC.Current:13505[1>0];Ensembl.HGNC:32151[3>0]
ENSP00000488390	Ensembl:53903[2];Ensembl:53903[2>0]	ENSG00000119866	CURATED:12[0];HGNC.Current:2342[1];HGNC.Current:2342[1>0];Ensembl.HGNC:53924[3>0]
ENSP00000488581	Ensembl:32132[2];Ensembl:32132[2>0]	ENSG00000276561	CURATED:130[0];HGNC.Current:13505[1];HGNC.Current:13505[1>0];Ensembl.HGNC:32151[3>0]
ENSP00000488591	Ensembl:32130[2];Ensembl:32130[2>0]	ENSG00000276561	CURATED:130[0];HGNC.Current:13505[1];HGNC.Current:13505[1>0];Ensembl.HGNC:32151[3>0]
ENSP00000488636	Ensembl:53905[2];Ensembl:53905[2>0]	ENSG00000119866	CURATED:12[0];HGNC.Current:2342[1];HGNC.Current:2342[1>0];Ensembl.HGNC:53924[3>0]
ENSP00000488666	Ensembl:32128[2];Ensembl:32128[2>0]	ENSG00000276561	CURATED:130[0];HGNC.Current:13505[1];HGNC.Current:13505[1>0];Ensembl.HGNC:32151[3>0]
ENSP00000488886	Ensembl:53910[2];Ensembl:53910[2>0]	ENSG00000119866	CURATED:12[0];HGNC.Current:2342[1];HGNC.Current:2342[1>0];Ensembl.HGNC:53924[3>0]
ENSP00000489102	Ensembl:77337[2];Ensembl:77337[2>0]	ENSG00000283060	CURATED:123[0];HGNC.Current:12534[1];HGNC.Current:12534[1>0];Ensembl.HGNC:77361[3>0]
ENSP00000489586	Ensembl:2742[2];Ensembl:2742[2>0]	ENSG00000120690	CURATED:42[0];HGNC.Current:7810[1];HGNC.Current:7810[1>0];Ensembl.HGNC:2739[3>0]
ENSP00000489646	Ensembl:87527[2];Ensembl:87527[2>0]	ENSG00000165702	CURATED:84[0];HGNC.Current:10205[1];HGNC.Current:10205[1>0];Ensembl.HGNC:87544[3>0]
ENSP00000489701	Ensembl:236781[2];Ensembl:236781[2>0]	ENSG00000169554	CURATED:272[0];HGNC.Current:42926[1];HGNC.Current:42926[1>0];Ensembl.HGNC:236783[3>0]
ENSP00000489783	Ensembl:12550[2];Ensembl:12550[2>0]	ENSG00000196628	CURATED:254[0];HGNC.Current:38510[1];HGNC.Current:38510[1>0];Ensembl.HGNC:12536[3>0]
ENSP00000489865	Ensembl:259565[2];Ensembl:259565[2>0]	ENSG00000081189	CURATED:162[0];HGNC.Current:18379[1];HGNC.Current:18379[1>0];Ensembl.HGNC:259555[3>0]
ENSP00000490004	Ensembl:152780[2];Ensembl:152780[2>0]	ENSG00000148737	CURATED:254[0];HGNC.Current:38510[1];HGNC.Current:38516[10>1];HGNC.Current:38516[1];HGNC.Current:38516[1>0];Ensembl.HGNC:152776[3>0]
ENSP00000490006	Ensembl:12540[2];Ensembl:12540[2>0]	ENSG00000196628	CURATED:254[0];HGNC.Current:38510[1];HGNC.Current:38510[1>0];Ensembl.HGNC:12536[3>0]
ENSP00000490141	Ensembl:236763[2];Ensembl:236763[2>0]	ENSG00000169554	CURATED:272[0];HGNC.Current:42926[1];HGNC.Current:42926[1>0];Ensembl.HGNC:236783[3>0]
ENSP00000490154	Ensembl:114564[2];Ensembl:114564[2>0]	ENSG00000122877	CURATED:41[0];HGNC.Current:7620[1];HGNC.Current:7620[1>0];Ensembl.HGNC:114586[3>0]
ENSP00000490175	Ensembl:236773[2];Ensembl:236773[2>0]	ENSG00000169554	CURATED:272[0];HGNC.Current:42926[1];HGNC.Current:42926[1>0];Ensembl.HGNC:236783[3>0]
ENSP00000490234	Ensembl:12548[2];Ensembl:12548[2>0]	ENSG00000196628	CURATED:254[0];HGNC.Current:38510[1];HGNC.Current:38510[1>0];Ensembl.HGNC:12536[3>0]
ENSP00000490241	Ensembl:259543[2];Ensembl:259543[2>0]	ENSG00000081189	CURATED:162[0];HGNC.Current:18379[1];HGNC.Current:18379[1>0];Ensembl.HGNC:259555[3>0]
ENSP00000490243	Ensembl:190098[2];Ensembl:190098[2>0]	ENSG00000028277	CURATED:202[0];HGNC.Current:26332[1];HGNC.Current:26332[1>0];Ensembl.HGNC:190104[3>0]
ENSP00000490260	Ensembl.Proteins:532520[2];Ensembl.Proteins:587571[0>2];Ensembl:152768[2];Ensembl:152768[2>0]	ENSG00000148737	CURATED:254[0];HGNC.Current:38510[1];HGNC.Current:38516[10>1];HGNC.Current:38516[1];HGNC.Current:38516[1>0];Ensembl.HGNC:152776[3>0]
ENSP00000490293	Ensembl:236784[2];Ensembl:236784[2>0]	ENSG00000169554	CURATED:272[0];HGNC.Current:42926[1];HGNC.Current:42926[1>0];Ensembl.HGNC:236783[3>0]
ENSP00000490303	Ensembl:87524[2];Ensembl:87524[2>0]	ENSG00000165702	CURATED:84[0];HGNC.Current:10205[1];HGNC.Current:10205[1>0];Ensembl.HGNC:87544[3>0]
ENSP00000490317	Ensembl:236769[2];Ensembl:236769[2>0]	ENSG00000169554	CURATED:272[0];HGNC.Current:42926[1];HGNC.Current:42926[1>0];Ensembl.HGNC:236783[3>0]
ENSP00000490329	Ensembl:12542[2];Ensembl:12542[2>0]	ENSG00000196628	CURATED:254[0];HGNC.Current:38510[1];HGNC.Current:38510[1>0];Ensembl.HGNC:12536[3>0]
ENSP00000490354	Ensembl:259535[2];Ensembl:259535[2>0]	ENSG00000081189	CURATED:162[0];HGNC.Current:18379[1];HGNC.Current:18379[1>0];Ensembl.HGNC:259555[3>0]
ENSP00000490407	Ensembl:190097[2];Ensembl:190097[2>0]	ENSG00000028277	CURATED:202[0];HGNC.Current:26332[1];HGNC.Current:26332[1>0];Ensembl.HGNC:190104[3>0]
ENSP00000490451	Ensembl:12549[2];Ensembl:12549[2>0]	ENSG00000196628	CURATED:254[0];HGNC.Current:38510[1];HGNC.Current:38510[1>0];Ensembl.HGNC:12536[3>0]
ENSP00000490473	Ensembl:259547[2];Ensembl:259547[2>0]	ENSG00000081189	CURATED:162[0];HGNC.Current:18379[1];HGNC.Current:18379[1>0];Ensembl.HGNC:259555[3>0]
ENSP00000490478	Ensembl:152772[2];Ensembl:152772[2>0]	ENSG00000148737	CURATED:254[0];HGNC.Current:38510[1];HGNC.Current:38516[10>1];HGNC.Current:38516[1];HGNC.Current:38516[1>0];Ensembl.HGNC:152776[3>0]
ENSP00000490508	Ensembl:236762[2];Ensembl:236762[2>0]	ENSG00000169554	CURATED:272[0];HGNC.Current:42926[1];HGNC.Current:42926[1>0];Ensembl.HGNC:236783[3>0]
ENSP00000490525	Ensembl:259573[2];Ensembl:259573[2>0]	ENSG00000081189	CURATED:162[0];HGNC.Current:18379[1];HGNC.Current:18379[1>0];Ensembl.HGNC:259555[3>0]
ENSP00000490625	Ensembl:12547[2];Ensembl:12547[2>0]	ENSG00000196628	CURATED:254[0];HGNC.Current:38510[1];HGNC.Current:38510[1>0];Ensembl.HGNC:12536[3>0]
ENSP00000490630	Ensembl:259536[2];Ensembl:259536[2>0]	ENSG00000081189	CURATED:162[0];HGNC.Current:18379[1];HGNC.Current:18379[1>0];Ensembl.HGNC:259555[3>0]
ENSP00000490673	Ensembl:236760[2];Ensembl:236760[2>0]	ENSG00000169554	CURATED:272[0];HGNC.Current:42926[1];HGNC.Current:42926[1>0];Ensembl.HGNC:236783[3>0]
ENSP00000490723	Ensembl:236761[2];Ensembl:236761[2>0]	ENSG00000169554	CURATED:272[0];HGNC.Current:42926[1];HGNC.Current:42926[1>0];Ensembl.HGNC:236783[3>0]
ENSP00000490776	Ensembl:236774[2];Ensembl:236774[2>0]	ENSG00000169554	CURATED:272[0];HGNC.Current:42926[1];HGNC.Current:42926[1>0];Ensembl.HGNC:236783[3>0]
ENSP00000490832	Ensembl:12541[2];Ensembl:12541[2>0]	ENSG00000196628	CURATED:254[0];HGNC.Current:38510[1];HGNC.Current:38510[1>0];Ensembl.HGNC:12536[3>0]
ENSP00000490838	Ensembl:190099[2];Ensembl:190099[2>0]	ENSG00000028277	CURATED:202[0];HGNC.Current:26332[1];HGNC.Current:26332[1>0];Ensembl.HGNC:190104[3>0]
ENSP00000490851	Ensembl:236806[2];Ensembl:236806[2>0]	ENSG00000169554	CURATED:272[0];HGNC.Current:42926[1];HGNC.Current:42926[1>0];Ensembl.HGNC:236783[3>0]
ENSP00000490872	Ensembl:236766[2];Ensembl:236766[2>0]	ENSG00000169554	CURATED:272[0];HGNC.Current:42926[1];HGNC.Current:42926[1>0];Ensembl.HGNC:236783[3>0]
ENSP00000490883	Ensembl:12544[2];Ensembl:12544[2>0]	ENSG00000196628	CURATED:254[0];HGNC.Current:38510[1];HGNC.Current:38510[1>0];Ensembl.HGNC:12536[3>0]
ENSP00000490934	Ensembl:236767[2];Ensembl:236767[2>0]	ENSG00000169554	CURATED:272[0];HGNC.Current:42926[1];HGNC.Current:42926[1>0];Ensembl.HGNC:236783[3>0]
ENSP00000490963	Ensembl:216531[2];Ensembl:216531[2>0]	ENSG00000007372	CURATED:198[0];HGNC.Current:24887[1];HGNC.Current:24887[1>0];Ensembl.HGNC:216546[3>0]
ENSP00000490969	Ensembl:75614[2];Ensembl:75614[2>0]	ENSG00000084093	CURATED:210[0];HGNC.Current:28171[1];HGNC.Current:28171[1>0];Ensembl.HGNC:75638[3>0]
ENSP00000490971	Ensembl:216541[2];Ensembl:216541[2>0]	ENSG00000007372	CURATED:198[0];HGNC.Current:24887[1];HGNC.Current:24887[1>0];Ensembl.HGNC:216546[3>0]
ENSP00000491065	Ensembl:216564[2];Ensembl:216564[2>0]	ENSG00000007372	CURATED:198[0];HGNC.Current:24887[1];HGNC.Current:24887[1>0];Ensembl.HGNC:216546[3>0]
ENSP00000491210	Ensembl:216575[2];Ensembl:216575[2>0]	ENSG00000007372	CURATED:198[0];HGNC.Current:24887[1];HGNC.Current:24887[1>0];Ensembl.HGNC:216546[3>0]
ENSP00000491214	Ensembl:216553[2];Ensembl:216553[2>0]	ENSG00000007372	CURATED:198[0];HGNC.Current:24887[1];HGNC.Current:24887[1>0];Ensembl.HGNC:216546[3>0]
ENSP00000491229	Ensembl:216581[2];Ensembl:216581[2>0]	ENSG00000007372	CURATED:198[0];HGNC.Current:24887[1];HGNC.Current:24887[1>0];Ensembl.HGNC:216546[3>0]
ENSP00000491267	Ensembl:216572[2];Ensembl:216572[2>0]	ENSG00000007372	CURATED:198[0];HGNC.Current:24887[1];HGNC.Current:24887[1>0];Ensembl.HGNC:216546[3>0]
ENSP00000491280	Ensembl:216568[2];Ensembl:216568[2>0]	ENSG00000007372	CURATED:198[0];HGNC.Current:24887[1];HGNC.Current:24887[1>0];Ensembl.HGNC:216546[3>0]
ENSP00000491295	Ensembl:216527[2];Ensembl:216527[2>0]	ENSG00000007372	CURATED:198[0];HGNC.Current:24887[1];HGNC.Current:24887[1>0];Ensembl.HGNC:216546[3>0]
ENSP00000491324	Ensembl:216552[2];Ensembl:216552[2>0]	ENSG00000007372	CURATED:198[0];HGNC.Current:24887[1];HGNC.Current:24887[1>0];Ensembl.HGNC:216546[3>0]
ENSP00000491365	Ensembl:216560[2];Ensembl:216560[2>0]	ENSG00000007372	CURATED:198[0];HGNC.Current:24887[1];HGNC.Current:24887[1>0];Ensembl.HGNC:216546[3>0]
ENSP00000491492	Ensembl:216587[2];Ensembl:216587[2>0]	ENSG00000007372	CURATED:198[0];HGNC.Current:24887[1];HGNC.Current:24887[1>0];Ensembl.HGNC:216546[3>0]
ENSP00000491517	Ensembl:216578[2];Ensembl:216578[2>0]	ENSG00000007372	CURATED:198[0];HGNC.Current:24887[1];HGNC.Current:24887[1>0];Ensembl.HGNC:216546[3>0]
ENSP00000491679	Ensembl:216584[2];Ensembl:216584[2>0]	ENSG00000007372	CURATED:198[0];HGNC.Current:24887[1];HGNC.Current:24887[1>0];Ensembl.HGNC:216546[3>0]
ENSP00000491779	Ensembl:216582[2];Ensembl:216582[2>0]	ENSG00000007372	CURATED:198[0];HGNC.Current:24887[1];HGNC.Current:24887[1>0];Ensembl.HGNC:216546[3>0]
ENSP00000491862	Ensembl:216557[2];Ensembl:216557[2>0]	ENSG00000007372	CURATED:198[0];HGNC.Current:24887[1];HGNC.Current:24887[1>0];Ensembl.HGNC:216546[3>0]
ENSP00000491872	Ensembl:216536[2];Ensembl:216536[2>0]	ENSG00000007372	CURATED:198[0];HGNC.Current:24887[1];HGNC.Current:24887[1>0];Ensembl.HGNC:216546[3>0]
ENSP00000491904	Ensembl:216567[2];Ensembl:216567[2>0]	ENSG00000007372	CURATED:198[0];HGNC.Current:24887[1];HGNC.Current:24887[1>0];Ensembl.HGNC:216546[3>0]
ENSP00000491944	Ensembl:216542[2];Ensembl:216542[2>0]	ENSG00000007372	CURATED:198[0];HGNC.Current:24887[1];HGNC.Current:24887[1>0];Ensembl.HGNC:216546[3>0]
ENSP00000491948	Ensembl:216537[2];Ensembl:216537[2>0]	ENSG00000007372	CURATED:198[0];HGNC.Current:24887[1];HGNC.Current:24887[1>0];Ensembl.HGNC:216546[3>0]
ENSP00000492006	Ensembl:75618[2];Ensembl:75618[2>0]	ENSG00000084093	CURATED:210[0];HGNC.Current:28171[1];HGNC.Current:28171[1>0];Ensembl.HGNC:75638[3>0]
ENSP00000492024	Ensembl:216532[2];Ensembl:216532[2>0]	ENSG00000007372	CURATED:198[0];HGNC.Current:24887[1];HGNC.Current:24887[1>0];Ensembl.HGNC:216546[3>0]
ENSP00000492081	Ensembl:216580[2];Ensembl:216580[2>0]	ENSG00000007372	CURATED:198[0];HGNC.Current:24887[1];HGNC.Current:24887[1>0];Ensembl.HGNC:216546[3>0]
ENSP00000492111	Ensembl:216594[2];Ensembl:216594[2>0]	ENSG00000007372	CURATED:198[0];HGNC.Current:24887[1];HGNC.Current:24887[1>0];Ensembl.HGNC:216546[3>0]
ENSP00000492126	Ensembl:17101[2];Ensembl:17101[2>0]	ENSG00000102349	CURATED:148[0];HGNC.Current:14138[1];HGNC.Current:14138[1>0];Ensembl.HGNC:17096[3>0]
ENSP00000492129	Ensembl:216588[2];Ensembl:216588[2>0]	ENSG00000007372	CURATED:198[0];HGNC.Current:24887[1];HGNC.Current:24887[1>0];Ensembl.HGNC:216546[3>0]
ENSP00000492166	Ensembl:216543[2];Ensembl:216543[2>0]	ENSG00000007372	CURATED:198[0];HGNC.Current:24887[1];HGNC.Current:24887[1>0];Ensembl.HGNC:216546[3>0]
ENSP00000492177	Ensembl:216565[2];Ensembl:216565[2>0]	ENSG00000007372	CURATED:198[0];HGNC.Current:24887[1];HGNC.Current:24887[1>0];Ensembl.HGNC:216546[3>0]
ENSP00000492181	Ensembl:216546[2];Ensembl:216546[2>0]	ENSG00000007372	CURATED:198[0];HGNC.Current:24887[1];HGNC.Current:24887[1>0];Ensembl.HGNC:216546[3>0]
ENSP00000492205	Ensembl:216544[2];Ensembl:216544[2>0]	ENSG00000007372	CURATED:198[0];HGNC.Current:24887[1];HGNC.Current:24887[1>0];Ensembl.HGNC:216546[3>0]
ENSP00000492315	Ensembl:216526[2];Ensembl:216526[2>0]	ENSG00000007372	CURATED:198[0];HGNC.Current:24887[1];HGNC.Current:24887[1>0];Ensembl.HGNC:216546[3>0]
ENSP00000492316	Ensembl:216533[2];Ensembl:216533[2>0]	ENSG00000007372	CURATED:198[0];HGNC.Current:24887[1];HGNC.Current:24887[1>0];Ensembl.HGNC:216546[3>0]
ENSP00000492395	Ensembl:267667[2];Ensembl:267667[2>0]	ENSG00000143365	CURATED:213[0];HGNC.Current:32139[1];HGNC.Current:32139[1>0];Ensembl.HGNC:267709[3>0]
ENSP00000492397	Ensembl:216554[2];Ensembl:216554[2>0]	ENSG00000007372	CURATED:198[0];HGNC.Current:24887[1];HGNC.Current:24887[1>0];Ensembl.HGNC:216546[3>0]
ENSP00000492409	Ensembl:216589[2];Ensembl:216589[2>0]	ENSG00000007372	CURATED:198[0];HGNC.Current:24887[1];HGNC.Current:24887[1>0];Ensembl.HGNC:216546[3>0]
ENSP00000492437	Ensembl:216571[2];Ensembl:216571[2>0]	ENSG00000007372	CURATED:198[0];HGNC.Current:24887[1];HGNC.Current:24887[1>0];Ensembl.HGNC:216546[3>0]
ENSP00000492476	Ensembl:216535[2];Ensembl:216535[2>0]	ENSG00000007372	CURATED:198[0];HGNC.Current:24887[1];HGNC.Current:24887[1>0];Ensembl.HGNC:216546[3>0]
ENSP00000492572	Ensembl:236759[2];Ensembl:236759[2>0]	ENSG00000169554	CURATED:272[0];HGNC.Current:42926[1];HGNC.Current:42926[1>0];Ensembl.HGNC:236783[3>0]
ENSP00000492587	Ensembl:216550[2];Ensembl:216550[2>0]	ENSG00000007372	CURATED:198[0];HGNC.Current:24887[1];HGNC.Current:24887[1>0];Ensembl.HGNC:216546[3>0]
ENSP00000492658	Ensembl:216523[2];Ensembl:216523[2>0]	ENSG00000007372	CURATED:198[0];HGNC.Current:24887[1];HGNC.Current:24887[1>0];Ensembl.HGNC:216546[3>0]
ENSP00000492756	Ensembl:216545[2];Ensembl:216545[2>0]	ENSG00000007372	CURATED:198[0];HGNC.Current:24887[1];HGNC.Current:24887[1>0];Ensembl.HGNC:216546[3>0]
ENSP00000492769	Ensembl:216538[2];Ensembl:216538[2>0]	ENSG00000007372	CURATED:198[0];HGNC.Current:24887[1];HGNC.Current:24887[1>0];Ensembl.HGNC:216546[3>0]
ENSP00000492802	Ensembl:216569[2];Ensembl:216569[2>0]	ENSG00000007372	CURATED:198[0];HGNC.Current:24887[1];HGNC.Current:24887[1>0];Ensembl.HGNC:216546[3>0]
ENSP00000492808	Ensembl:216577[2];Ensembl:216577[2>0]	ENSG00000007372	CURATED:198[0];HGNC.Current:24887[1];HGNC.Current:24887[1>0];Ensembl.HGNC:216546[3>0]
ENSP00000492813	Ensembl:75620[2];Ensembl:75620[2>0]	ENSG00000084093	CURATED:210[0];HGNC.Current:28171[1];HGNC.Current:28171[1>0];Ensembl.HGNC:75638[3>0]
ENSP00000492822	Ensembl:216548[2];Ensembl:216548[2>0]	ENSG00000007372	CURATED:198[0];HGNC.Current:24887[1];HGNC.Current:24887[1>0];Ensembl.HGNC:216546[3>0]
ENSP00000493139	Ensembl:181799[2];Ensembl:181799[2>0]	ENSG00000136997	CURATED:177[0];HGNC.Current:21961[1];HGNC.Current:21961[1>0];Ensembl.HGNC:181822[3>0]
ENSP00000493145	Ensembl:181802[2];Ensembl:181802[2>0]	ENSG00000136997	CURATED:177[0];HGNC.Current:21961[1];HGNC.Current:21961[1>0];Ensembl.HGNC:181822[3>0]
ENSP00000493252	Ensembl:42898[2];Ensembl:42898[2>0]	ENSG00000140836	CURATED:273[0];HGNC.Current:42949[1];HGNC.Current:42949[1>0];Ensembl.HGNC:42920[3>0]
ENSP00000493484	Ensembl:53906[2];Ensembl:53906[2>0]	ENSG00000119866	CURATED:12[0];HGNC.Current:2342[1];HGNC.Current:2342[1>0];Ensembl.HGNC:53924[3>0]
ENSP00000493486	Ensembl:148997[2];Ensembl:148997[2>0]	ENSG00000107485	CURATED:78[0];HGNC.Current:10070[1];HGNC.Current:10070[1>0];Ensembl.HGNC:149020[3>0]
ENSP00000493533	Ensembl:263315[2];Ensembl:263315[2>0]	ENSG00000168036	CURATED:26[0];HGNC.Current:5816[1];HGNC.Current:5816[1>0];Ensembl.HGNC:263315[3>0]
ENSP00000493583	Ensembl:263338[2];Ensembl:263338[2>0]	ENSG00000168036	CURATED:26[0];HGNC.Current:5816[1];HGNC.Current:5816[1>0];Ensembl.HGNC:263315[3>0]
ENSP00000493610	Ensembl:263314[2];Ensembl:263314[2>0]	ENSG00000168036	CURATED:26[0];HGNC.Current:5816[1];HGNC.Current:5816[1>0];Ensembl.HGNC:263315[3>0]
ENSP00000493647	Ensembl:32058[2];Ensembl:32058[2>0]	ENSG00000285109	CURATED:79[0];HGNC.Current:10072[1];HGNC.Current:10072[1>0];Ensembl.HGNC:32079[3>0]
ENSP00000493696	Ensembl:188322[2];Ensembl:188322[2>0]	ENSG00000185811	CURATED:125[0];HGNC.Current:13181[1];HGNC.Current:13181[1>0];Ensembl.HGNC:188341[3>0]
ENSP00000493887	Ensembl:53921[2];Ensembl:53921[2>0]	ENSG00000119866	CURATED:12[0];HGNC.Current:2342[1];HGNC.Current:2342[1>0];Ensembl.HGNC:53924[3>0]
ENSP00000493906	Ensembl:23496[2];Ensembl:23496[2>0]	ENSG00000054598	CURATED:62[0];HGNC.Current:9425[1];HGNC.Current:9425[1>0];Ensembl.HGNC:23520[3>0]
ENSP00000494014	Ensembl:53925[2];Ensembl:53925[2>0]	ENSG00000119866	CURATED:12[0];HGNC.Current:2342[1];HGNC.Current:2342[1>0];Ensembl.HGNC:53924[3>0]
ENSP00000494053	Ensembl:263337[2];Ensembl:263337[2>0]	ENSG00000168036	CURATED:26[0];HGNC.Current:5816[1];HGNC.Current:5816[1>0];Ensembl.HGNC:263315[3>0]
ENSP00000494055	Ensembl:188319[2];Ensembl:188319[2>0]	ENSG00000185811	CURATED:125[0];HGNC.Current:13181[1];HGNC.Current:13181[1>0];Ensembl.HGNC:188341[3>0]
ENSP00000494090	Ensembl:32060[2];Ensembl:32060[2>0]	ENSG00000285109	CURATED:79[0];HGNC.Current:10072[1];HGNC.Current:10072[1>0];Ensembl.HGNC:32079[3>0]
ENSP00000494105	Ensembl:257996[2];Ensembl:257996[2>0]	ENSG00000187098	CURATED:169[0];HGNC.Current:20644[1];HGNC.Current:20644[1>0];Ensembl.HGNC:258015[3>0]
ENSP00000494180	Ensembl:188332[2];Ensembl:188332[2>0]	ENSG00000185811	CURATED:125[0];HGNC.Current:13181[1];HGNC.Current:13181[1>0];Ensembl.HGNC:188341[3>0]
ENSP00000494260	Ensembl:149082[2];Ensembl:149082[2>0]	ENSG00000105991	CURATED:102[0];HGNC.Current:12138[1];HGNC.Current:12138[1>0];Ensembl.HGNC:149106[3>0]
ENSP00000494263	Ensembl:263323[2];Ensembl:263323[2>0]	ENSG00000168036	CURATED:26[0];HGNC.Current:5816[1];HGNC.Current:5816[1>0];Ensembl.HGNC:263315[3>0]
ENSP00000494284	Ensembl:148996[2];Ensembl:148996[2>0]	ENSG00000107485	CURATED:78[0];HGNC.Current:10070[1];HGNC.Current:10070[1>0];Ensembl.HGNC:149020[3>0]
ENSP00000494347	Ensembl:25008[2];Ensembl:25008[2>0]	ENSG00000160221	CURATED:90[0];HGNC.Current:11563[1];HGNC.Current:10083[8>1];HGNC.Current:10083[1];HGNC.Current:10083[1>0];Ensembl.HGNC:25032[3>0]
ENSP00000494380	Ensembl:12538[2];Ensembl:12538[2>0]	ENSG00000196628	CURATED:254[0];HGNC.Current:38510[1];HGNC.Current:38510[1>0];Ensembl.HGNC:12536[3>0]
ENSP00000494397	Ensembl:53924[2];Ensembl:53924[2>0]	ENSG00000119866	CURATED:12[0];HGNC.Current:2342[1];HGNC.Current:2342[1>0];Ensembl.HGNC:53924[3>0]
ENSP00000494411	Ensembl:263291[2];Ensembl:263291[2>0]	ENSG00000168036	CURATED:26[0];HGNC.Current:5816[1];HGNC.Current:5816[1>0];Ensembl.HGNC:263315[3>0]
ENSP00000494412	Ensembl:81860[2];Ensembl:81860[2>0]	ENSG00000150347	CURATED:8[0];HGNC.Current:1549[1];HGNC.Current:1549[1>0];Ensembl.HGNC:81884[3>0]
ENSP00000494422	Ensembl:263303[2];Ensembl:263303[2>0]	ENSG00000168036	CURATED:26[0];HGNC.Current:5816[1];HGNC.Current:5816[1>0];Ensembl.HGNC:263315[3>0]
ENSP00000494427	Ensembl:32062[2];Ensembl:32062[2>0]	ENSG00000285109	CURATED:79[0];HGNC.Current:10072[1];HGNC.Current:10072[1>0];Ensembl.HGNC:32079[3>0]
ENSP00000494467	Ensembl:263335[2];Ensembl:263335[2>0]	ENSG00000168036	CURATED:26[0];HGNC.Current:5816[1];HGNC.Current:5816[1>0];Ensembl.HGNC:263315[3>0]
ENSP00000494491	Ensembl:32056[2];Ensembl:32056[2>0]	ENSG00000285109	CURATED:79[0];HGNC.Current:10072[1];HGNC.Current:10072[1>0];Ensembl.HGNC:32079[3>0]
ENSP00000494654	Ensembl:263322[2];Ensembl:263322[2>0]	ENSG00000168036	CURATED:26[0];HGNC.Current:5816[1];HGNC.Current:5816[1>0];Ensembl.HGNC:263315[3>0]
ENSP00000494677	Ensembl:263341[2];Ensembl:263341[2>0]	ENSG00000168036	CURATED:26[0];HGNC.Current:5816[1];HGNC.Current:5816[1>0];Ensembl.HGNC:263315[3>0]
ENSP00000494780	Ensembl:263339[2];Ensembl:263339[2>0]	ENSG00000168036	CURATED:26[0];HGNC.Current:5816[1];HGNC.Current:5816[1>0];Ensembl.HGNC:263315[3>0]
ENSP00000494820	Ensembl:236775[2];Ensembl:236775[2>0]	ENSG00000169554	CURATED:272[0];HGNC.Current:42926[1];HGNC.Current:42926[1>0];Ensembl.HGNC:236783[3>0]
ENSP00000494845	Ensembl:263307[2];Ensembl:263307[2>0]	ENSG00000168036	CURATED:26[0];HGNC.Current:5816[1];HGNC.Current:5816[1>0];Ensembl.HGNC:263315[3>0]
ENSP00000494849	Ensembl:263309[2];Ensembl:263309[2>0]	ENSG00000168036	CURATED:26[0];HGNC.Current:5816[1];HGNC.Current:5816[1>0];Ensembl.HGNC:263315[3>0]
ENSP00000494853	Ensembl:25017[2];Ensembl:25017[2>0]	ENSG00000160221	CURATED:90[0];HGNC.Current:11563[1];HGNC.Current:10083[8>1];HGNC.Current:10083[1];HGNC.Current:10083[1>0];Ensembl.HGNC:25032[3>0]
ENSP00000494914	Ensembl:263336[2];Ensembl:263336[2>0]	ENSG00000168036	CURATED:26[0];HGNC.Current:5816[1];HGNC.Current:5816[1>0];Ensembl.HGNC:263315[3>0]
ENSP00000494996	Ensembl:53916[2];Ensembl:53916[2>0]	ENSG00000119866	CURATED:12[0];HGNC.Current:2342[1];HGNC.Current:2342[1>0];Ensembl.HGNC:53924[3>0]
ENSP00000495029	Ensembl:32320[2];Ensembl:32320[2>0]	ENSG00000285438	CURATED:232[0];HGNC.Current:37141[1];HGNC.Current:37141[1>0];Ensembl.HGNC:32344[3>0]
ENSP00000495076	Ensembl:263343[2];Ensembl:263343[2>0]	ENSG00000168036	CURATED:26[0];HGNC.Current:5816[1];HGNC.Current:5816[1>0];Ensembl.HGNC:263315[3>0]
ENSP00000495109	Ensembl:216525[2];Ensembl:216525[2>0]	ENSG00000007372	CURATED:198[0];HGNC.Current:24887[1];HGNC.Current:24887[1>0];Ensembl.HGNC:216546[3>0]
ENSP00000495153	Ensembl:272583[2];Ensembl:272583[2>0]	ENSG00000138378	CURATED:243[0];HGNC.Current:37780[1];HGNC.Current:37780[1>0];Ensembl.HGNC:272621[3>0]
ENSP00000495161	Ensembl:263312[2];Ensembl:263312[2>0]	ENSG00000168036	CURATED:26[0];HGNC.Current:5816[1];HGNC.Current:5816[1>0];Ensembl.HGNC:263315[3>0]
ENSP00000495244	Ensembl:263296[2];Ensembl:263296[2>0]	ENSG00000168036	CURATED:26[0];HGNC.Current:5816[1];HGNC.Current:5816[1>0];Ensembl.HGNC:263315[3>0]
ENSP00000495286	Ensembl:263310[2];Ensembl:263310[2>0]	ENSG00000168036	CURATED:26[0];HGNC.Current:5816[1];HGNC.Current:5816[1>0];Ensembl.HGNC:263315[3>0]
ENSP00000495287	Ensembl:263313[2];Ensembl:263313[2>0]	ENSG00000168036	CURATED:26[0];HGNC.Current:5816[1];HGNC.Current:5816[1>0];Ensembl.HGNC:263315[3>0]
ENSP00000495305	Ensembl:25009[2];Ensembl:25009[2>0]	ENSG00000160221	CURATED:90[0];HGNC.Current:11563[1];HGNC.Current:10083[8>1];HGNC.Current:10083[1];HGNC.Current:10083[1>0];Ensembl.HGNC:25032[3>0]
ENSP00000495360	Ensembl:263344[2];Ensembl:263344[2>0]	ENSG00000168036	CURATED:26[0];HGNC.Current:5816[1];HGNC.Current:5816[1>0];Ensembl.HGNC:263315[3>0]
ENSP00000495426	Ensembl:263330[2];Ensembl:263330[2>0]	ENSG00000168036	CURATED:26[0];HGNC.Current:5816[1];HGNC.Current:5816[1>0];Ensembl.HGNC:263315[3>0]
ENSP00000495450	Ensembl:263306[2];Ensembl:263306[2>0]	ENSG00000168036	CURATED:26[0];HGNC.Current:5816[1];HGNC.Current:5816[1>0];Ensembl.HGNC:263315[3>0]
ENSP00000495497	Ensembl:25858[2];Ensembl:25858[2>0]	ENSG00000124813	CURATED:215[0];HGNC.Current:34452[1];HGNC.Current:34452[1>0];Ensembl.HGNC:25880[3>0]
ENSP00000495511	Ensembl:32055[2];Ensembl:32055[2>0]	ENSG00000285109	CURATED:79[0];HGNC.Current:10072[1];HGNC.Current:10072[1>0];Ensembl.HGNC:32079[3>0]
ENSP00000495552	Ensembl:263352[2];Ensembl:263352[2>0]	ENSG00000168036	CURATED:26[0];HGNC.Current:5816[1];HGNC.Current:5816[1>0];Ensembl.HGNC:263315[3>0]
ENSP00000495714	Ensembl:255701[2];Ensembl:255701[2>0]	ENSG00000121075	CURATED:249[0];HGNC.Current:38455[1];HGNC.Current:38455[1>0];Ensembl.HGNC:255722[3>0]
ENSP00000495719	Ensembl:263324[2];Ensembl:263324[2>0]	ENSG00000168036	CURATED:26[0];HGNC.Current:5816[1];HGNC.Current:5816[1>0];Ensembl.HGNC:263315[3>0]
ENSP00000495740	Ensembl:251561[2];Ensembl:251561[2>0]	ENSG00000175745	CURATED:189[0];HGNC.Current:23166[1];HGNC.Current:23166[1>0];Ensembl.HGNC:251584[3>0]
ENSP00000495759	Ensembl:53900[2];Ensembl:53900[2>0]	ENSG00000119866	CURATED:12[0];HGNC.Current:2342[1];HGNC.Current:2342[1>0];Ensembl.HGNC:53924[3>0]
ENSP00000495794	Ensembl:263304[2];Ensembl:263304[2>0]	ENSG00000168036	CURATED:26[0];HGNC.Current:5816[1];HGNC.Current:5816[1>0];Ensembl.HGNC:263315[3>0]
ENSP00000495862	Ensembl:53908[2];Ensembl:53908[2>0]	ENSG00000119866	CURATED:12[0];HGNC.Current:2342[1];HGNC.Current:2342[1>0];Ensembl.HGNC:53924[3>0]
ENSP00000495986	Ensembl:255699[2];Ensembl:255699[2>0]	ENSG00000121075	CURATED:249[0];HGNC.Current:38455[1];HGNC.Current:38455[1>0];Ensembl.HGNC:255722[3>0]
ENSP00000495987	Ensembl:22298[2];Ensembl:22298[2>0]	ENSG00000106546	CURATED:1[0];HGNC.Current:702[1];HGNC.Current:702[1>0];Ensembl.HGNC:22321[3>0]
ENSP00000495992	Ensembl:263333[2];Ensembl:263333[2>0]	ENSG00000168036	CURATED:26[0];HGNC.Current:5816[1];HGNC.Current:5816[1>0];Ensembl.HGNC:263315[3>0]
ENSP00000496020	Ensembl:263316[2];Ensembl:263316[2>0]	ENSG00000168036	CURATED:26[0];HGNC.Current:5816[1];HGNC.Current:5816[1>0];Ensembl.HGNC:263315[3>0]
ENSP00000496021	Ensembl:263334[2];Ensembl:263334[2>0]	ENSG00000168036	CURATED:26[0];HGNC.Current:5816[1];HGNC.Current:5816[1>0];Ensembl.HGNC:263315[3>0]
ENSP00000496067	Ensembl:263294[2];Ensembl:263294[2>0]	ENSG00000168036	CURATED:26[0];HGNC.Current:5816[1];HGNC.Current:5816[1>0];Ensembl.HGNC:263315[3>0]
ENSP00000496168	Ensembl:53913[2];Ensembl:53913[2>0]	ENSG00000119866	CURATED:12[0];HGNC.Current:2342[1];HGNC.Current:2342[1>0];Ensembl.HGNC:53924[3>0]
ENSP00000496180	Ensembl:263293[2];Ensembl:263293[2>0]	ENSG00000168036	CURATED:26[0];HGNC.Current:5816[1];HGNC.Current:5816[1>0];Ensembl.HGNC:263315[3>0]
ENSP00000496295	Ensembl:263300[2];Ensembl:263300[2>0]	ENSG00000168036	CURATED:26[0];HGNC.Current:5816[1];HGNC.Current:5816[1>0];Ensembl.HGNC:263315[3>0]
ENSP00000496304	Ensembl:53923[2];Ensembl:53923[2>0]	ENSG00000119866	CURATED:12[0];HGNC.Current:2342[1];HGNC.Current:2342[1>0];Ensembl.HGNC:53924[3>0]
ENSP00000496385	Ensembl:263298[2];Ensembl:263298[2>0]	ENSG00000168036	CURATED:26[0];HGNC.Current:5816[1];HGNC.Current:5816[1>0];Ensembl.HGNC:263315[3>0]
ENSP00000496386	Ensembl:32059[2];Ensembl:32059[2>0]	ENSG00000285109	CURATED:79[0];HGNC.Current:10072[1];HGNC.Current:10072[1>0];Ensembl.HGNC:32079[3>0]
ENSP00000496415	Ensembl:20605[2];Ensembl:20605[2>0]	ENSG00000137273	CURATED:67[0];HGNC.Current:9444[1];HGNC.Current:9444[1>0];Ensembl.HGNC:20629[3>0]
ENSP00000496511	Ensembl:263331[2];Ensembl:263331[2>0]	ENSG00000168036	CURATED:26[0];HGNC.Current:5816[1];HGNC.Current:5816[1>0];Ensembl.HGNC:263315[3>0]
ENSP00000496517	Ensembl:25864[2];Ensembl:25864[2>0]	ENSG00000124813	CURATED:215[0];HGNC.Current:34452[1];HGNC.Current:34452[1>0];Ensembl.HGNC:25880[3>0]
ENSP00000496575	Ensembl:32061[2];Ensembl:32061[2>0]	ENSG00000285109	CURATED:79[0];HGNC.Current:10072[1];HGNC.Current:10072[1>0];Ensembl.HGNC:32079[3>0]
ENSP00000496584	Ensembl:263328[2];Ensembl:263328[2>0]	ENSG00000168036	CURATED:26[0];HGNC.Current:5816[1];HGNC.Current:5816[1>0];Ensembl.HGNC:263315[3>0]
ENSP00000496588	Ensembl:53904[2];Ensembl:53904[2>0]	ENSG00000119866	CURATED:12[0];HGNC.Current:2342[1];HGNC.Current:2342[1>0];Ensembl.HGNC:53924[3>0]
ENSP00000496649	Ensembl:263321[2];Ensembl:263321[2>0]	ENSG00000168036	CURATED:26[0];HGNC.Current:5816[1];HGNC.Current:5816[1>0];Ensembl.HGNC:263315[3>0]
ENSP00000496655	Ensembl:188318[2];Ensembl:188318[2>0]	ENSG00000185811	CURATED:125[0];HGNC.Current:13181[1];HGNC.Current:13181[1>0];Ensembl.HGNC:188341[3>0]
ENSP00000496736	Ensembl:53919[2];Ensembl:53919[2>0]	ENSG00000119866	CURATED:12[0];HGNC.Current:2342[1];HGNC.Current:2342[1>0];Ensembl.HGNC:53924[3>0]
ENSP00000496810	Ensembl:201808[2];Ensembl:201808[2>0]	ENSG00000114861	CURATED:73[0];HGNC.Current:9478[1];HGNC.Current:9478[1>0];Ensembl.HGNC:201807[3>0]
ENSP00000496841	Ensembl:201799[2];Ensembl:201799[2>0]	ENSG00000114861	CURATED:73[0];HGNC.Current:9478[1];HGNC.Current:9478[1>0];Ensembl.HGNC:201807[3>0]
ENSP00000496852	Ensembl:201841[2];Ensembl:201841[2>0]	ENSG00000114861	CURATED:73[0];HGNC.Current:9478[1];HGNC.Current:9478[1>0];Ensembl.HGNC:201807[3>0]
ENSP00000496932	Ensembl:201787[2];Ensembl:201787[2>0]	ENSG00000114861	CURATED:73[0];HGNC.Current:9478[1];HGNC.Current:9478[1>0];Ensembl.HGNC:201807[3>0]
ENSP00000496957	Ensembl:22702[2];Ensembl:22702[2>0]	ENSG00000105866	CURATED:235[0];HGNC.Current:37163[1];HGNC.Current:37163[1>0];Ensembl.HGNC:22722[3>0]
ENSP00000496968	Ensembl:201814[2];Ensembl:201814[2>0]	ENSG00000114861	CURATED:73[0];HGNC.Current:9478[1];HGNC.Current:9478[1>0];Ensembl.HGNC:201807[3>0]
ENSP00000496990	Ensembl:201807[2];Ensembl:201807[2>0]	ENSG00000114861	CURATED:73[0];HGNC.Current:9478[1];HGNC.Current:9478[1>0];Ensembl.HGNC:201807[3>0]
ENSP00000497073	Ensembl:28884[2];Ensembl:28884[2>0]	ENSG00000186350	CURATED:217[0];HGNC.Current:34479[1];HGNC.Current:34479[1>0];Ensembl.HGNC:28904[3>0]
ENSP00000497077	Ensembl:201796[2];Ensembl:201796[2>0]	ENSG00000114861	CURATED:73[0];HGNC.Current:9478[1];HGNC.Current:9478[1>0];Ensembl.HGNC:201807[3>0]
ENSP00000497096	Ensembl:201810[2];Ensembl:201810[2>0]	ENSG00000114861	CURATED:73[0];HGNC.Current:9478[1];HGNC.Current:9478[1>0];Ensembl.HGNC:201807[3>0]
ENSP00000497138	Ensembl:201831[2];Ensembl:201831[2>0]	ENSG00000114861	CURATED:73[0];HGNC.Current:9478[1];HGNC.Current:9478[1>0];Ensembl.HGNC:201807[3>0]
ENSP00000497181	Ensembl:201822[2];Ensembl:201822[2>0]	ENSG00000114861	CURATED:73[0];HGNC.Current:9478[1];HGNC.Current:9478[1>0];Ensembl.HGNC:201807[3>0]
ENSP00000497234	Ensembl:231987[2];Ensembl:231987[2>0]	ENSG00000185507	CURATED:130[0];HGNC.Current:13505[1];HGNC.Current:13505[1>0];Ensembl.HGNC:231997[3>0]
ENSP00000497237	Ensembl:201817[2];Ensembl:201817[2>0]	ENSG00000114861	CURATED:73[0];HGNC.Current:9478[1];HGNC.Current:9478[1>0];Ensembl.HGNC:201807[3>0]
ENSP00000497344	Ensembl:201811[2];Ensembl:201811[2>0]	ENSG00000114861	CURATED:73[0];HGNC.Current:9478[1];HGNC.Current:9478[1>0];Ensembl.HGNC:201807[3>0]
ENSP00000497369	Ensembl:201784[2];Ensembl:201784[2>0]	ENSG00000114861	CURATED:73[0];HGNC.Current:9478[1];HGNC.Current:9478[1>0];Ensembl.HGNC:201807[3>0]
ENSP00000497417	Ensembl:201832[2];Ensembl:201832[2>0]	ENSG00000114861	CURATED:73[0];HGNC.Current:9478[1];HGNC.Current:9478[1>0];Ensembl.HGNC:201807[3>0]
ENSP00000497421	Ensembl:231988[2];Ensembl:231988[2>0]	ENSG00000185507	CURATED:130[0];HGNC.Current:13505[1];HGNC.Current:13505[1>0];Ensembl.HGNC:231997[3>0]
ENSP00000497430	Ensembl:201789[2];Ensembl:201789[2>0]	ENSG00000114861	CURATED:73[0];HGNC.Current:9478[1];HGNC.Current:9478[1>0];Ensembl.HGNC:201807[3>0]
ENSP00000497435	Ensembl:201813[2];Ensembl:201813[2>0]	ENSG00000114861	CURATED:73[0];HGNC.Current:9478[1];HGNC.Current:9478[1>0];Ensembl.HGNC:201807[3>0]
ENSP00000497454	Ensembl:201816[2];Ensembl:201816[2>0]	ENSG00000114861	CURATED:73[0];HGNC.Current:9478[1];HGNC.Current:9478[1>0];Ensembl.HGNC:201807[3>0]
ENSP00000497563	Ensembl:201801[2];Ensembl:201801[2>0]	ENSG00000114861	CURATED:73[0];HGNC.Current:9478[1];HGNC.Current:9478[1>0];Ensembl.HGNC:201807[3>0]
ENSP00000497567	Ensembl:201802[2];Ensembl:201802[2>0]	ENSG00000114861	CURATED:73[0];HGNC.Current:9478[1];HGNC.Current:9478[1>0];Ensembl.HGNC:201807[3>0]
ENSP00000497693	Ensembl:201805[2];Ensembl:201805[2>0]	ENSG00000114861	CURATED:73[0];HGNC.Current:9478[1];HGNC.Current:9478[1>0];Ensembl.HGNC:201807[3>0]
ENSP00000497710	Ensembl:201825[2];Ensembl:201825[2>0]	ENSG00000114861	CURATED:73[0];HGNC.Current:9478[1];HGNC.Current:9478[1>0];Ensembl.HGNC:201807[3>0]
ENSP00000497759	Ensembl:36325[2];Ensembl:36325[2>0]	ENSG00000176692	CURATED:63[0];HGNC.Current:9426[1];HGNC.Current:9426[1>0];Ensembl.HGNC:36349[3>0]
ENSP00000497888	Ensembl:231973[2];Ensembl:231973[2>0]	ENSG00000185507	CURATED:130[0];HGNC.Current:13505[1];HGNC.Current:13505[1>0];Ensembl.HGNC:231997[3>0]
ENSP00000497976	Ensembl:201809[2];Ensembl:201809[2>0]	ENSG00000114861	CURATED:73[0];HGNC.Current:9478[1];HGNC.Current:9478[1>0];Ensembl.HGNC:201807[3>0]
ENSP00000497992	Ensembl:201840[2];Ensembl:201840[2>0]	ENSG00000114861	CURATED:73[0];HGNC.Current:9478[1];HGNC.Current:9478[1>0];Ensembl.HGNC:201807[3>0]
ENSP00000498015	Ensembl:201804[2];Ensembl:201804[2>0]	ENSG00000114861	CURATED:73[0];HGNC.Current:9478[1];HGNC.Current:9478[1>0];Ensembl.HGNC:201807[3>0]
ENSP00000498029	Ensembl:28284[2];Ensembl:28284[2>0]	ENSG00000057657	CURATED:204[0];HGNC.Current:26725[1];HGNC.Current:26725[1>0];Ensembl.HGNC:28303[3>0]
ENSP00000498063	Ensembl:201839[2];Ensembl:201839[2>0]	ENSG00000114861	CURATED:73[0];HGNC.Current:9478[1];HGNC.Current:9478[1>0];Ensembl.HGNC:201807[3>0]
ENSP00000498110	Ensembl:201794[2];Ensembl:201794[2>0]	ENSG00000114861	CURATED:73[0];HGNC.Current:9478[1];HGNC.Current:9478[1>0];Ensembl.HGNC:201807[3>0]
ENSP00000498116	Ensembl:63587[2];Ensembl:63587[2>0]	ENSG00000105880	CURATED:29[0];HGNC.Current:6742[1];HGNC.Current:6742[1>0];Ensembl.HGNC:63611[3>0]
ENSP00000498174	Ensembl:201821[2];Ensembl:201821[2>0]	ENSG00000114861	CURATED:73[0];HGNC.Current:9478[1];HGNC.Current:9478[1>0];Ensembl.HGNC:201807[3>0]
ENSP00000498190	Ensembl:46713[2];Ensembl:46713[2>0]	ENSG00000163666	CURATED:95[0];HGNC.Current:11570[1];HGNC.Current:11570[1>0];Ensembl.HGNC:46737[3>0]
ENSP00000498214	Ensembl:73471[2];Ensembl:73471[2>0]	ENSG00000119950	CURATED:174[0];HGNC.Current:21940[1];HGNC.Current:21940[1>0];Ensembl.HGNC:73472[3>0]
ENSP00000498220	Ensembl:73454[2];Ensembl:73454[2>0]	ENSG00000119950	CURATED:174[0];HGNC.Current:21940[1];HGNC.Current:21940[1>0];Ensembl.HGNC:73472[3>0]
ENSP00000498236	Ensembl:148470[2];Ensembl:148470[2>0]	ENSG00000049768	CURATED:74[0];HGNC.Current:9483[1];HGNC.Current:9483[1>0];Ensembl.HGNC:148487[3>0]
ENSP00000498238	Ensembl:73479[2];Ensembl:73479[2>0]	ENSG00000119950	CURATED:174[0];HGNC.Current:21940[1];HGNC.Current:21940[1>0];Ensembl.HGNC:73472[3>0]
ENSP00000498306	Ensembl:73478[2];Ensembl:73478[2>0]	ENSG00000119950	CURATED:174[0];HGNC.Current:21940[1];HGNC.Current:21940[1>0];Ensembl.HGNC:73472[3>0]
ENSP00000498326	Ensembl:201319[2];Ensembl:201319[2>0]	ENSG00000102908	CURATED:179[0];HGNC.Current:22649[1];HGNC.Current:22649[1>0];Ensembl.HGNC:201339[3>0]
ENSP00000498390	Ensembl:73474[2];Ensembl:73474[2>0]	ENSG00000119950	CURATED:174[0];HGNC.Current:21940[1];HGNC.Current:21940[1>0];Ensembl.HGNC:73472[3>0]
ENSP00000498392	Ensembl:217091[2];Ensembl:217091[2>0]	ENSG00000172845	CURATED:234[0];HGNC.Current:37161[1];HGNC.Current:37161[1>0];Ensembl.HGNC:217108[3>0]
ENSP00000498396	Ensembl:73465[2];Ensembl:73465[2>0]	ENSG00000119950	CURATED:174[0];HGNC.Current:21940[1];HGNC.Current:21940[1>0];Ensembl.HGNC:73472[3>0]
ENSP00000498409	Ensembl:73457[2];Ensembl:73457[2>0]	ENSG00000119950	CURATED:174[0];HGNC.Current:21940[1];HGNC.Current:21940[1>0];Ensembl.HGNC:73472[3>0]
ENSP00000498443	Ensembl:12930[2];Ensembl:12930[2>0]	ENSG00000196092	CURATED:197[0];HGNC.Current:24886[1];HGNC.Current:24886[1>0];Ensembl.HGNC:12927[3>0]
ENSP00000498454	Ensembl:148465[2];Ensembl:148465[2>0]	ENSG00000049768	CURATED:74[0];HGNC.Current:9483[1];HGNC.Current:9483[1>0];Ensembl.HGNC:148487[3>0]
ENSP00000498472	Ensembl:73461[2];Ensembl:73461[2>0]	ENSG00000119950	CURATED:174[0];HGNC.Current:21940[1];HGNC.Current:21940[1>0];Ensembl.HGNC:73472[3>0]
ENSP00000498474	Ensembl:73473[2];Ensembl:73473[2>0]	ENSG00000119950	CURATED:174[0];HGNC.Current:21940[1];HGNC.Current:21940[1>0];Ensembl.HGNC:73472[3>0]
ENSP00000498536	Ensembl:73458[2];Ensembl:73458[2>0]	ENSG00000119950	CURATED:174[0];HGNC.Current:21940[1];HGNC.Current:21940[1>0];Ensembl.HGNC:73472[3>0]
ENSP00000498547	Ensembl:73466[2];Ensembl:73466[2>0]	ENSG00000119950	CURATED:174[0];HGNC.Current:21940[1];HGNC.Current:21940[1>0];Ensembl.HGNC:73472[3>0]
ENSP00000498548	Ensembl:267666[2];Ensembl:267666[2>0]	ENSG00000143365	CURATED:213[0];HGNC.Current:32139[1];HGNC.Current:32139[1>0];Ensembl.HGNC:267709[3>0]
ENSP00000498550	Ensembl:136397[2];Ensembl:136397[2>0]	ENSG00000102145	CURATED:76[0];HGNC.Current:10067[1];HGNC.Current:10067[1>0];Ensembl.HGNC:136420[3>0]
ENSP00000498554	Ensembl:73456[2];Ensembl:73456[2>0]	ENSG00000119950	CURATED:174[0];HGNC.Current:21940[1];HGNC.Current:21940[1>0];Ensembl.HGNC:73472[3>0]
ENSP00000498565	Ensembl:73452[2];Ensembl:73452[2>0]	ENSG00000119950	CURATED:174[0];HGNC.Current:21940[1];HGNC.Current:21940[1>0];Ensembl.HGNC:73472[3>0]
ENSP00000498573	Ensembl:73460[2];Ensembl:73460[2>0]	ENSG00000119950	CURATED:174[0];HGNC.Current:21940[1];HGNC.Current:21940[1>0];Ensembl.HGNC:73472[3>0]
ENSP00000498580	Ensembl:28279[2];Ensembl:28279[2>0]	ENSG00000057657	CURATED:204[0];HGNC.Current:26725[1];HGNC.Current:26725[1>0];Ensembl.HGNC:28303[3>0]
ENSP00000498637	Ensembl:73481[2];Ensembl:73481[2>0]	ENSG00000119950	CURATED:174[0];HGNC.Current:21940[1];HGNC.Current:21940[1>0];Ensembl.HGNC:73472[3>0]
ENSP00000498691	Ensembl:267663[2];Ensembl:267663[2>0]	ENSG00000143365	CURATED:213[0];HGNC.Current:32139[1];HGNC.Current:32139[1>0];Ensembl.HGNC:267709[3>0]
ENSP00000498716	Ensembl:28280[2];Ensembl:28280[2>0]	ENSG00000057657	CURATED:204[0];HGNC.Current:26725[1];HGNC.Current:26725[1>0];Ensembl.HGNC:28303[3>0]
ENSP00000498726	Ensembl:73476[2];Ensembl:73476[2>0]	ENSG00000119950	CURATED:174[0];HGNC.Current:21940[1];HGNC.Current:21940[1>0];Ensembl.HGNC:73472[3>0]
ENSP00000498764	Ensembl:73462[2];Ensembl:73462[2>0]	ENSG00000119950	CURATED:174[0];HGNC.Current:21940[1];HGNC.Current:21940[1>0];Ensembl.HGNC:73472[3>0]
ENSP00000498794	Ensembl:217085[2];Ensembl:217085[2>0]	ENSG00000172845	CURATED:234[0];HGNC.Current:37161[1];HGNC.Current:37161[1>0];Ensembl.HGNC:217108[3>0]
ENSP00000498873	Ensembl:73463[2];Ensembl:73463[2>0]	ENSG00000119950	CURATED:174[0];HGNC.Current:21940[1];HGNC.Current:21940[1>0];Ensembl.HGNC:73472[3>0]
ENSP00000498900	Ensembl:73468[2];Ensembl:73468[2>0]	ENSG00000119950	CURATED:174[0];HGNC.Current:21940[1];HGNC.Current:21940[1>0];Ensembl.HGNC:73472[3>0]
ENSP00000498904	Ensembl:162868[2];Ensembl:162868[2>0]	ENSG00000109320	CURATED:184[0];HGNC.Current:22673[1];HGNC.Current:22673[1>0];Ensembl.HGNC:162880[3>0]
ENSP00000498911	Ensembl:73467[2];Ensembl:73467[2>0]	ENSG00000119950	CURATED:174[0];HGNC.Current:21940[1];HGNC.Current:21940[1>0];Ensembl.HGNC:73472[3>0]
ENSP00000498925	Ensembl:267665[2];Ensembl:267665[2>0]	ENSG00000143365	CURATED:213[0];HGNC.Current:32139[1];HGNC.Current:32139[1>0];Ensembl.HGNC:267709[3>0]
ENSP00000498928	Ensembl:73477[2];Ensembl:73477[2>0]	ENSG00000119950	CURATED:174[0];HGNC.Current:21940[1];HGNC.Current:21940[1>0];Ensembl.HGNC:73472[3>0]
ENSP00000498951	Ensembl:73484[2];Ensembl:73484[2>0]	ENSG00000119950	CURATED:174[0];HGNC.Current:21940[1];HGNC.Current:21940[1>0];Ensembl.HGNC:73472[3>0]
ENSP00000498971	Ensembl:73470[2];Ensembl:73470[2>0]	ENSG00000119950	CURATED:174[0];HGNC.Current:21940[1];HGNC.Current:21940[1>0];Ensembl.HGNC:73472[3>0]
ENSP00000499031	Ensembl:162859[2];Ensembl:162859[2>0]	ENSG00000109320	CURATED:184[0];HGNC.Current:22673[1];HGNC.Current:22673[1>0];Ensembl.HGNC:162880[3>0]
ENSP00000499057	Ensembl:217084[2];Ensembl:217084[2>0]	ENSG00000172845	CURATED:234[0];HGNC.Current:37161[1];HGNC.Current:37161[1>0];Ensembl.HGNC:217108[3>0]
ENSP00000499087	Ensembl:73472[2];Ensembl:73472[2>0]	ENSG00000119950	CURATED:174[0];HGNC.Current:21940[1];HGNC.Current:21940[1>0];Ensembl.HGNC:73472[3>0]
ENSP00000499105	Ensembl:181808[2];Ensembl:181808[2>0]	ENSG00000136997	CURATED:177[0];HGNC.Current:21961[1];HGNC.Current:21961[1>0];Ensembl.HGNC:181822[3>0]
ENSP00000499128	Ensembl:73464[2];Ensembl:73464[2>0]	ENSG00000119950	CURATED:174[0];HGNC.Current:21940[1];HGNC.Current:21940[1>0];Ensembl.HGNC:73472[3>0]
ENSP00000499130	Ensembl:73455[2];Ensembl:73455[2>0]	ENSG00000119950	CURATED:174[0];HGNC.Current:21940[1];HGNC.Current:21940[1>0];Ensembl.HGNC:73472[3>0]
ENSP00000499134	Ensembl:73483[2];Ensembl:73483[2>0]	ENSG00000119950	CURATED:174[0];HGNC.Current:21940[1];HGNC.Current:21940[1>0];Ensembl.HGNC:73472[3>0]
ENSP00000499158	Ensembl:73469[2];Ensembl:73469[2>0]	ENSG00000119950	CURATED:174[0];HGNC.Current:21940[1];HGNC.Current:21940[1>0];Ensembl.HGNC:73472[3>0]
ENSP00000499161	Ensembl:73475[2];Ensembl:73475[2>0]	ENSG00000119950	CURATED:174[0];HGNC.Current:21940[1];HGNC.Current:21940[1>0];Ensembl.HGNC:73472[3>0]
ENSP00000499182	Ensembl:181801[2];Ensembl:181801[2>0]	ENSG00000136997	CURATED:177[0];HGNC.Current:21961[1];HGNC.Current:21961[1>0];Ensembl.HGNC:181822[3>0]
ENSP00000499183	Ensembl:224244[2];Ensembl:224244[2>0]	ENSG00000071564	CURATED:253[0];HGNC.Current:38508[1];HGNC.Current:38508[1>0];Ensembl.HGNC:224257[3>0]
ENSP00000499209	Ensembl:73459[2];Ensembl:73459[2>0]	ENSG00000119950	CURATED:174[0];HGNC.Current:21940[1];HGNC.Current:21940[1>0];Ensembl.HGNC:73472[3>0]
ENSP00000499226	Ensembl:2805[2];Ensembl:2805[2>0]	ENSG00000157557	CURATED:51[0];HGNC.Current:8353[1];HGNC.Current:8353[1>0];Ensembl.HGNC:2798[3>0]
ENSP00000499306	Ensembl:270121[2];Ensembl:270121[2>0]	ENSG00000162599	CURATED:183[0];HGNC.Current:22664[1];HGNC.Current:22664[1>0];Ensembl.HGNC:270168[3>0]
ENSP00000499312	Ensembl:270134[2];Ensembl:270134[2>0]	ENSG00000162599	CURATED:183[0];HGNC.Current:22664[1];HGNC.Current:22664[1>0];Ensembl.HGNC:270168[3>0]
ENSP00000499315	Ensembl:2804[2];Ensembl:2804[2>0]	ENSG00000157557	CURATED:51[0];HGNC.Current:8353[1];HGNC.Current:8353[1>0];Ensembl.HGNC:2798[3>0]
ENSP00000499326	Ensembl:270148[2];Ensembl:270148[2>0]	ENSG00000162599	CURATED:183[0];HGNC.Current:22664[1];HGNC.Current:22664[1>0];Ensembl.HGNC:270168[3>0]
ENSP00000499538	Ensembl:2799[2];Ensembl:2799[2>0]	ENSG00000157557	CURATED:51[0];HGNC.Current:8353[1];HGNC.Current:8353[1>0];Ensembl.HGNC:2798[3>0]
ENSP00000499540	Ensembl:2800[2];Ensembl:2800[2>0]	ENSG00000157557	CURATED:51[0];HGNC.Current:8353[1];HGNC.Current:8353[1>0];Ensembl.HGNC:2798[3>0]
ENSP00000499597	Ensembl:270145[2];Ensembl:270145[2>0]	ENSG00000162599	CURATED:183[0];HGNC.Current:22664[1];HGNC.Current:22664[1>0];Ensembl.HGNC:270168[3>0]
ENSP00000499651	Ensembl:270129[2];Ensembl:270129[2>0]	ENSG00000162599	CURATED:183[0];HGNC.Current:22664[1];HGNC.Current:22664[1>0];Ensembl.HGNC:270168[3>0]
ENSP00000499693	Ensembl:270146[2];Ensembl:270146[2>0]	ENSG00000162599	CURATED:183[0];HGNC.Current:22664[1];HGNC.Current:22664[1>0];Ensembl.HGNC:270168[3>0]
ENSP00000499729	Ensembl:270131[2];Ensembl:270131[2>0]	ENSG00000162599	CURATED:183[0];HGNC.Current:22664[1];HGNC.Current:22664[1>0];Ensembl.HGNC:270168[3>0]
ENSP00000499737	Ensembl:188557[2];Ensembl:188557[2>0]	ENSG00000110693	CURATED:231[0];HGNC.Current:37140[1];HGNC.Current:37140[1>0];Ensembl.HGNC:188565[3>0]
ENSP00000499775	Ensembl:2803[2];Ensembl:2803[2>0]	ENSG00000157557	CURATED:51[0];HGNC.Current:8353[1];HGNC.Current:8353[1>0];Ensembl.HGNC:2798[3>0]
ENSP00000499826	Ensembl:210968[2];Ensembl:210968[2>0]	ENSG00000118520	CURATED:5[0];HGNC.Current:1429[1];HGNC.Current:1429[1>0];Ensembl.HGNC:210990[3>0]
ENSP00000499885	Ensembl:210967[2];Ensembl:210967[2>0]	ENSG00000118520	CURATED:5[0];HGNC.Current:1429[1];HGNC.Current:1429[1>0];Ensembl.HGNC:210990[3>0]
ENSP00000500061	Ensembl:116873[2];Ensembl:116873[2>0]	ENSG00000165588	CURATED:194[0];HGNC.Current:24603[1];HGNC.Current:24603[1>0];Ensembl.HGNC:116891[3>0]
ENSP00000500115	Ensembl:116868[2];Ensembl:116868[2>0]	ENSG00000165588	CURATED:194[0];HGNC.Current:24603[1];HGNC.Current:24603[1>0];Ensembl.HGNC:116891[3>0]
ENSP00000500160	Ensembl:210973[2];Ensembl:210973[2>0]	ENSG00000118520	CURATED:5[0];HGNC.Current:1429[1];HGNC.Current:1429[1>0];Ensembl.HGNC:210990[3>0]
ENSP00000500402	Ensembl:28883[2];Ensembl:28883[2>0]	ENSG00000186350	CURATED:217[0];HGNC.Current:34479[1];HGNC.Current:34479[1>0];Ensembl.HGNC:28904[3>0]
ENSP00000500440	Ensembl:26821[2];Ensembl:26821[2>0]	ENSG00000288335	CURATED:265[0];HGNC.Current:41287[1];HGNC.Current:41287[1>0];Ensembl.HGNC:26844[3>0]
ENSP00000500595	Ensembl:116872[2];Ensembl:116872[2>0]	ENSG00000165588	CURATED:194[0];HGNC.Current:24603[1];HGNC.Current:24603[1>0];Ensembl.HGNC:116891[3>0]
ENSP00000500609	Ensembl:26820[2];Ensembl:26820[2>0]	ENSG00000288335	CURATED:265[0];HGNC.Current:41287[1];HGNC.Current:41287[1>0];Ensembl.HGNC:26844[3>0]
ENSP00000500744	Ensembl:116871[2];Ensembl:116871[2>0]	ENSG00000165588	CURATED:194[0];HGNC.Current:24603[1];HGNC.Current:24603[1>0];Ensembl.HGNC:116891[3>0]
ENSP00000500958	Ensembl:149247[2];Ensembl:149247[2>0]	ENSG00000078399	CURATED:109[0];HGNC.Current:12145[1];HGNC.Current:12145[1>0];Ensembl.HGNC:149267[3>0]
ENSP00000500982	Ensembl:256517[2];Ensembl:256517[2>0]	ENSG00000115415	CURATED:241[0];HGNC.Current:37777[1];HGNC.Current:37777[1>0];Ensembl.HGNC:256520[3>0]
ENSP00000501006	Ensembl:193449[2];Ensembl:193449[2>0]	ENSG00000137309	CURATED:99[0];HGNC.Current:11744[1];HGNC.Current:11744[1>0];Ensembl.HGNC:193473[3>0]
ENSP00000501040	Ensembl:256519[2];Ensembl:256519[2>0]	ENSG00000115415	CURATED:241[0];HGNC.Current:37777[1];HGNC.Current:37777[1>0];Ensembl.HGNC:256520[3>0]
ENSP00000501115	Ensembl:256523[2];Ensembl:256523[2>0]	ENSG00000115415	CURATED:241[0];HGNC.Current:37777[1];HGNC.Current:37777[1>0];Ensembl.HGNC:256520[3>0]
ENSP00000501120	Ensembl:256524[2];Ensembl:256524[2>0]	ENSG00000115415	CURATED:241[0];HGNC.Current:37777[1];HGNC.Current:37777[1>0];Ensembl.HGNC:256520[3>0]
ENSP00000501127	Ensembl:256496[2];Ensembl:256496[2>0]	ENSG00000115415	CURATED:241[0];HGNC.Current:37777[1];HGNC.Current:37777[1>0];Ensembl.HGNC:256520[3>0]
ENSP00000501145	Ensembl:256518[2];Ensembl:256518[2>0]	ENSG00000115415	CURATED:241[0];HGNC.Current:37777[1];HGNC.Current:37777[1>0];Ensembl.HGNC:256520[3>0]
ENSP00000501159	Ensembl:256528[2];Ensembl:256528[2>0]	ENSG00000115415	CURATED:241[0];HGNC.Current:37777[1];HGNC.Current:37777[1>0];Ensembl.HGNC:256520[3>0]
ENSP00000501164	Ensembl:256521[2];Ensembl:256521[2>0]	ENSG00000115415	CURATED:241[0];HGNC.Current:37777[1];HGNC.Current:37777[1>0];Ensembl.HGNC:256520[3>0]
ENSP00000501185	Ensembl:256497[2];Ensembl:256497[2>0]	ENSG00000115415	CURATED:241[0];HGNC.Current:37777[1];HGNC.Current:37777[1>0];Ensembl.HGNC:256520[3>0]
ENSP00000501196	Ensembl:256515[2];Ensembl:256515[2>0]	ENSG00000115415	CURATED:241[0];HGNC.Current:37777[1];HGNC.Current:37777[1>0];Ensembl.HGNC:256520[3>0]
ENSP00000501225	Ensembl:256526[2];Ensembl:256526[2>0]	ENSG00000115415	CURATED:241[0];HGNC.Current:37777[1];HGNC.Current:37777[1>0];Ensembl.HGNC:256520[3>0]
ENSP00000501229	Ensembl:149248[2];Ensembl:149248[2>0]	ENSG00000078399	CURATED:109[0];HGNC.Current:12145[1];HGNC.Current:12145[1>0];Ensembl.HGNC:149267[3>0]
ENSP00000501286	Ensembl:256513[2];Ensembl:256513[2>0]	ENSG00000115415	CURATED:241[0];HGNC.Current:37777[1];HGNC.Current:37777[1>0];Ensembl.HGNC:256520[3>0]
ENSP00000501289	Ensembl:256511[2];Ensembl:256511[2>0]	ENSG00000115415	CURATED:241[0];HGNC.Current:37777[1];HGNC.Current:37777[1>0];Ensembl.HGNC:256520[3>0]
ENSP00000501336	Ensembl:116701[2];Ensembl:116701[2>0]	ENSG00000088881	CURATED:39[0];HGNC.Current:7393[1];HGNC.Current:7393[1>0];Ensembl.HGNC:116723[3>0]
ENSP00000501409	Ensembl:116703[2];Ensembl:116703[2>0]	ENSG00000088881	CURATED:39[0];HGNC.Current:7393[1];HGNC.Current:7393[1>0];Ensembl.HGNC:116723[3>0]
ENSP00000501430	Ensembl:116704[2];Ensembl:116704[2>0]	ENSG00000088881	CURATED:39[0];HGNC.Current:7393[1];HGNC.Current:7393[1>0];Ensembl.HGNC:116723[3>0]
ENSP00000501561	Ensembl:244813[2];Ensembl:244813[2>0]	ENSG00000181722	CURATED:270[0];HGNC.Current:42809[1];HGNC.Current:42809[1>0];Ensembl.HGNC:244837[3>0]
ENSP00000501649	Ensembl:75617[2];Ensembl:75617[2>0]	ENSG00000084093	CURATED:210[0];HGNC.Current:28171[1];HGNC.Current:28171[1>0];Ensembl.HGNC:75638[3>0]
ENSP00000501758	Ensembl:12564[2];Ensembl:12564[2>0]	ENSG00000196628	CURATED:254[0];HGNC.Current:38510[1];HGNC.Current:38510[1>0];Ensembl.HGNC:12536[3>0]
ENSP00000501943	Ensembl:38952[2];Ensembl:38952[2>0]	ENSG00000159216	CURATED:214[0];HGNC.Current:34448[1];HGNC.Current:34448[1>0];Ensembl.HGNC:38975[3>0]
ENSP00000502213	Ensembl:12567[2];Ensembl:12567[2>0]	ENSG00000196628	CURATED:254[0];HGNC.Current:38510[1];HGNC.Current:38510[1>0];Ensembl.HGNC:12536[3>0]
ENSP00000502313	Ensembl:75623[2];Ensembl:75623[2>0]	ENSG00000084093	CURATED:210[0];HGNC.Current:28171[1];HGNC.Current:28171[1>0];Ensembl.HGNC:75638[3>0]
ENSP00000502467	Ensembl:236776[2];Ensembl:236776[2>0]	ENSG00000169554	CURATED:272[0];HGNC.Current:42926[1];HGNC.Current:42926[1>0];Ensembl.HGNC:236783[3>0]
ENSP00000502480	Ensembl:244821[2];Ensembl:244821[2>0]	ENSG00000181722	CURATED:270[0];HGNC.Current:42809[1];HGNC.Current:42809[1>0];Ensembl.HGNC:244837[3>0]
ENSP00000502488	Ensembl:75624[2];Ensembl:75624[2>0]	ENSG00000084093	CURATED:210[0];HGNC.Current:28171[1];HGNC.Current:28171[1>0];Ensembl.HGNC:75638[3>0]
ENSP00000502874	Ensembl:265695[2];Ensembl:265695[2>0]	ENSG00000168610	CURATED:242[0];HGNC.Current:37779[1];HGNC.Current:37779[1>0];Ensembl.HGNC:265687[3>0]
ENSP00000503059	Ensembl:265698[2];Ensembl:265698[2>0]	ENSG00000168610	CURATED:242[0];HGNC.Current:37779[1];HGNC.Current:37779[1>0];Ensembl.HGNC:265687[3>0]
ENSP00000503102	Ensembl:265666[2];Ensembl:265666[2>0]	ENSG00000168610	CURATED:242[0];HGNC.Current:37779[1];HGNC.Current:37779[1>0];Ensembl.HGNC:265687[3>0]
ENSP00000503105	Ensembl:265671[2];Ensembl:265671[2>0]	ENSG00000168610	CURATED:242[0];HGNC.Current:37779[1];HGNC.Current:37779[1>0];Ensembl.HGNC:265687[3>0]
ENSP00000503132	Ensembl:275210[2];Ensembl:275210[2>0]	ENSG00000177606	CURATED:136[0];HGNC.Current:13714[1];HGNC.Current:13714[1>0];Ensembl.HGNC:275258[3>0]
ENSP00000503181	Ensembl:265664[2];Ensembl:265664[2>0]	ENSG00000168610	CURATED:242[0];HGNC.Current:37779[1];HGNC.Current:37779[1>0];Ensembl.HGNC:265687[3>0]
ENSP00000503237	Ensembl:265680[2];Ensembl:265680[2>0]	ENSG00000168610	CURATED:242[0];HGNC.Current:37779[1];HGNC.Current:37779[1>0];Ensembl.HGNC:265687[3>0]
ENSP00000503262	Ensembl:157896[2];Ensembl:157896[2>0]	ENSG00000126561	CURATED:244[0];HGNC.Current:37782[1];HGNC.Current:37782[1>0];Ensembl.HGNC:157910[3>0]
ENSP00000503304	Ensembl:157893[2];Ensembl:157893[2>0]	ENSG00000126561	CURATED:244[0];HGNC.Current:37782[1];HGNC.Current:37782[1>0];Ensembl.HGNC:157910[3>0]
ENSP00000503308	Ensembl:265676[2];Ensembl:265676[2>0]	ENSG00000168610	CURATED:242[0];HGNC.Current:37779[1];HGNC.Current:37779[1>0];Ensembl.HGNC:265687[3>0]
ENSP00000503332	Ensembl:265688[2];Ensembl:265688[2>0]	ENSG00000168610	CURATED:242[0];HGNC.Current:37779[1];HGNC.Current:37779[1>0];Ensembl.HGNC:265687[3>0]
ENSP00000503333	Ensembl:265686[2];Ensembl:265686[2>0]	ENSG00000168610	CURATED:242[0];HGNC.Current:37779[1];HGNC.Current:37779[1>0];Ensembl.HGNC:265687[3>0]
ENSP00000503484	Ensembl:157889[2];Ensembl:157889[2>0]	ENSG00000126561	CURATED:244[0];HGNC.Current:37782[1];HGNC.Current:37782[1>0];Ensembl.HGNC:157910[3>0]
ENSP00000503559	Ensembl:265685[2];Ensembl:265685[2>0]	ENSG00000168610	CURATED:242[0];HGNC.Current:37779[1];HGNC.Current:37779[1>0];Ensembl.HGNC:265687[3>0]
ENSP00000503574	Ensembl:265678[2];Ensembl:265678[2>0]	ENSG00000168610	CURATED:242[0];HGNC.Current:37779[1];HGNC.Current:37779[1>0];Ensembl.HGNC:265687[3>0]
ENSP00000503599	Ensembl:265669[2];Ensembl:265669[2>0]	ENSG00000168610	CURATED:242[0];HGNC.Current:37779[1];HGNC.Current:37779[1>0];Ensembl.HGNC:265687[3>0]
ENSP00000503634	Ensembl:265689[2];Ensembl:265689[2>0]	ENSG00000168610	CURATED:242[0];HGNC.Current:37779[1];HGNC.Current:37779[1>0];Ensembl.HGNC:265687[3>0]
ENSP00000503662	Ensembl:265681[2];Ensembl:265681[2>0]	ENSG00000168610	CURATED:242[0];HGNC.Current:37779[1];HGNC.Current:37779[1>0];Ensembl.HGNC:265687[3>0]
ENSP00000503742	Ensembl:265694[2];Ensembl:265694[2>0]	ENSG00000168610	CURATED:242[0];HGNC.Current:37779[1];HGNC.Current:37779[1>0];Ensembl.HGNC:265687[3>0]
ENSP00000503799	Ensembl:265670[2];Ensembl:265670[2>0]	ENSG00000168610	CURATED:242[0];HGNC.Current:37779[1];HGNC.Current:37779[1>0];Ensembl.HGNC:265687[3>0]
ENSP00000503872	Ensembl:265679[2];Ensembl:265679[2>0]	ENSG00000168610	CURATED:242[0];HGNC.Current:37779[1];HGNC.Current:37779[1>0];Ensembl.HGNC:265687[3>0]
ENSP00000503912	Ensembl:265683[2];Ensembl:265683[2>0]	ENSG00000168610	CURATED:242[0];HGNC.Current:37779[1];HGNC.Current:37779[1>0];Ensembl.HGNC:265687[3>0]
ENSP00000504062	Ensembl:265672[2];Ensembl:265672[2>0]	ENSG00000168610	CURATED:242[0];HGNC.Current:37779[1];HGNC.Current:37779[1>0];Ensembl.HGNC:265687[3>0]
ENSP00000504081	Ensembl:265699[2];Ensembl:265699[2>0]	ENSG00000168610	CURATED:242[0];HGNC.Current:37779[1];HGNC.Current:37779[1>0];Ensembl.HGNC:265687[3>0]
ENSP00000504182	Ensembl:265684[2];Ensembl:265684[2>0]	ENSG00000168610	CURATED:242[0];HGNC.Current:37779[1];HGNC.Current:37779[1>0];Ensembl.HGNC:265687[3>0]
ENSP00000504184	Ensembl:265665[2];Ensembl:265665[2>0]	ENSG00000168610	CURATED:242[0];HGNC.Current:37779[1];HGNC.Current:37779[1>0];Ensembl.HGNC:265687[3>0]
ENSP00000504255	Ensembl:265682[2];Ensembl:265682[2>0]	ENSG00000168610	CURATED:242[0];HGNC.Current:37779[1];HGNC.Current:37779[1>0];Ensembl.HGNC:265687[3>0]
ENSP00000504324	Ensembl:265696[2];Ensembl:265696[2>0]	ENSG00000168610	CURATED:242[0];HGNC.Current:37779[1];HGNC.Current:37779[1>0];Ensembl.HGNC:265687[3>0]
ENSP00000504350	Ensembl:265677[2];Ensembl:265677[2>0]	ENSG00000168610	CURATED:242[0];HGNC.Current:37779[1];HGNC.Current:37779[1>0];Ensembl.HGNC:265687[3>0]
ENSP00000504435	Ensembl:265675[2];Ensembl:265675[2>0]	ENSG00000168610	CURATED:242[0];HGNC.Current:37779[1];HGNC.Current:37779[1>0];Ensembl.HGNC:265687[3>0]
ENSP00000504449	Ensembl:157894[2];Ensembl:157894[2>0]	ENSG00000126561	CURATED:244[0];HGNC.Current:37782[1];HGNC.Current:37782[1>0];Ensembl.HGNC:157910[3>0]
ENSP00000504609	Ensembl:265673[2];Ensembl:265673[2>0]	ENSG00000168610	CURATED:242[0];HGNC.Current:37779[1];HGNC.Current:37779[1>0];Ensembl.HGNC:265687[3>0]
ENSP00000504715	Ensembl:265687[2];Ensembl:265687[2>0]	ENSG00000168610	CURATED:242[0];HGNC.Current:37779[1];HGNC.Current:37779[1>0];Ensembl.HGNC:265687[3>0]
ENSP00000504833	Ensembl:157890[2];Ensembl:157890[2>0]	ENSG00000126561	CURATED:244[0];HGNC.Current:37782[1];HGNC.Current:37782[1>0];Ensembl.HGNC:157910[3>0]
ENSP00000504877	Ensembl:223199[2];Ensembl:223199[2>0]	ENSG00000125347	CURATED:128[0];HGNC.Current:13494[1];HGNC.Current:13494[1>0];Ensembl.HGNC:223200[3>0]
ENSP00000505066	Ensembl:223215[2];Ensembl:223215[2>0]	ENSG00000125347	CURATED:128[0];HGNC.Current:13494[1];HGNC.Current:13494[1>0];Ensembl.HGNC:223200[3>0]
ENSP00000505153	Ensembl:223203[2];Ensembl:223203[2>0]	ENSG00000125347	CURATED:128[0];HGNC.Current:13494[1];HGNC.Current:13494[1>0];Ensembl.HGNC:223200[3>0]
ENSP00000505242	Ensembl:223191[2];Ensembl:223191[2>0]	ENSG00000125347	CURATED:128[0];HGNC.Current:13494[1];HGNC.Current:13494[1>0];Ensembl.HGNC:223200[3>0]
ENSP00000505257	Ensembl:223196[2];Ensembl:223196[2>0]	ENSG00000125347	CURATED:128[0];HGNC.Current:13494[1];HGNC.Current:13494[1>0];Ensembl.HGNC:223200[3>0]
ENSP00000505448	Ensembl:223219[2];Ensembl:223219[2>0]	ENSG00000125347	CURATED:128[0];HGNC.Current:13494[1];HGNC.Current:13494[1>0];Ensembl.HGNC:223200[3>0]
ENSP00000505720	Ensembl:223194[2];Ensembl:223194[2>0]	ENSG00000125347	CURATED:128[0];HGNC.Current:13494[1];HGNC.Current:13494[1>0];Ensembl.HGNC:223200[3>0]
ENSP00000505766	Ensembl:223176[2];Ensembl:223176[2>0]	ENSG00000125347	CURATED:128[0];HGNC.Current:13494[1];HGNC.Current:13494[1>0];Ensembl.HGNC:223200[3>0]
ENSP00000505791	Ensembl:223205[2];Ensembl:223205[2>0]	ENSG00000125347	CURATED:128[0];HGNC.Current:13494[1];HGNC.Current:13494[1>0];Ensembl.HGNC:223200[3>0]
ENSP00000505853	Ensembl:223192[2];Ensembl:223192[2>0]	ENSG00000125347	CURATED:128[0];HGNC.Current:13494[1];HGNC.Current:13494[1>0];Ensembl.HGNC:223200[3>0]
ENSP00000505900	Ensembl:223198[2];Ensembl:223198[2>0]	ENSG00000125347	CURATED:128[0];HGNC.Current:13494[1];HGNC.Current:13494[1>0];Ensembl.HGNC:223200[3>0]
ENSP00000506023	Ensembl:223195[2];Ensembl:223195[2>0]	ENSG00000125347	CURATED:128[0];HGNC.Current:13494[1];HGNC.Current:13494[1>0];Ensembl.HGNC:223200[3>0]
ENSP00000506034	Ensembl:223190[2];Ensembl:223190[2>0]	ENSG00000125347	CURATED:128[0];HGNC.Current:13494[1];HGNC.Current:13494[1>0];Ensembl.HGNC:223200[3>0]
ENSP00000506041	Ensembl:174199[2];Ensembl:174199[2>0]	ENSG00000075891	CURATED:195[0];HGNC.Current:24883[1];HGNC.Current:24883[1>0];Ensembl.HGNC:174222[3>0]
ENSP00000506119	Ensembl:81861[2];Ensembl:81861[2>0]	ENSG00000150347	CURATED:8[0];HGNC.Current:1549[1];HGNC.Current:1549[1>0];Ensembl.HGNC:81884[3>0]
ENSP00000506148	Ensembl:223189[2];Ensembl:223189[2>0]	ENSG00000125347	CURATED:128[0];HGNC.Current:13494[1];HGNC.Current:13494[1>0];Ensembl.HGNC:223200[3>0]
ENSP00000506176	Ensembl:223216[2];Ensembl:223216[2>0]	ENSG00000125347	CURATED:128[0];HGNC.Current:13494[1];HGNC.Current:13494[1>0];Ensembl.HGNC:223200[3>0]
ENSP00000506263	Ensembl:223209[2];Ensembl:223209[2>0]	ENSG00000125347	CURATED:128[0];HGNC.Current:13494[1];HGNC.Current:13494[1>0];Ensembl.HGNC:223200[3>0]
ENSP00000506317	Ensembl:223206[2];Ensembl:223206[2>0]	ENSG00000125347	CURATED:128[0];HGNC.Current:13494[1];HGNC.Current:13494[1>0];Ensembl.HGNC:223200[3>0]
ENSP00000506322	Ensembl:223202[2];Ensembl:223202[2>0]	ENSG00000125347	CURATED:128[0];HGNC.Current:13494[1];HGNC.Current:13494[1>0];Ensembl.HGNC:223200[3>0]
ENSP00000506401	Ensembl:223218[2];Ensembl:223218[2>0]	ENSG00000125347	CURATED:128[0];HGNC.Current:13494[1];HGNC.Current:13494[1>0];Ensembl.HGNC:223200[3>0]
ENSP00000506545	Ensembl:223197[2];Ensembl:223197[2>0]	ENSG00000125347	CURATED:128[0];HGNC.Current:13494[1];HGNC.Current:13494[1>0];Ensembl.HGNC:223200[3>0]
ENSP00000506552	Ensembl:223193[2];Ensembl:223193[2>0]	ENSG00000125347	CURATED:128[0];HGNC.Current:13494[1];HGNC.Current:13494[1>0];Ensembl.HGNC:223200[3>0]
ENSP00000506572	Ensembl:223220[2];Ensembl:223220[2>0]	ENSG00000125347	CURATED:128[0];HGNC.Current:13494[1];HGNC.Current:13494[1>0];Ensembl.HGNC:223200[3>0]
ENSP00000506781	Ensembl:174539[2];Ensembl:174539[2>0]	ENSG00000136492	CURATED:10[0];HGNC.Current:2206[1];HGNC.Current:2696[8>1];HGNC.Current:2696[1];HGNC.Current:2696[1>0];Ensembl.HGNC:174538[3>0]
ENSP00000506794	Ensembl:163475[2];Ensembl:163475[2>0]	ENSG00000109906	CURATED:269[0];HGNC.Current:42806[1];HGNC.Current:42806[1>0];Ensembl.HGNC:163499[3>0]
ENSP00000506894	Ensembl:163486[2];Ensembl:163486[2>0]	ENSG00000109906	CURATED:269[0];HGNC.Current:42806[1];HGNC.Current:42806[1>0];Ensembl.HGNC:163499[3>0]
ENSP00000506914	Ensembl:124306[2];Ensembl:124306[2>0]	ENSG00000101076	CURATED:100[0];HGNC.Current:11954[1];HGNC.Current:11954[1>0];Ensembl.HGNC:124322[3>0]
ENSP00000506924	Ensembl:163487[2];Ensembl:163487[2>0]	ENSG00000109906	CURATED:269[0];HGNC.Current:42806[1];HGNC.Current:42806[1>0];Ensembl.HGNC:163499[3>0]
ENSP00000506943	Ensembl:174517[2];Ensembl:174517[2>0]	ENSG00000136492	CURATED:10[0];HGNC.Current:2206[1];HGNC.Current:2696[8>1];HGNC.Current:2696[1];HGNC.Current:2696[1>0];Ensembl.HGNC:174538[3>0]
ENSP00000506953	Ensembl:163488[2];Ensembl:163488[2>0]	ENSG00000109906	CURATED:269[0];HGNC.Current:42806[1];HGNC.Current:42806[1>0];Ensembl.HGNC:163499[3>0]
ENSP00000506995	Ensembl:163479[2];Ensembl:163479[2>0]	ENSG00000109906	CURATED:269[0];HGNC.Current:42806[1];HGNC.Current:42806[1>0];Ensembl.HGNC:163499[3>0]
ENSP00000507075	Ensembl:174522[2];Ensembl:174522[2>0]	ENSG00000136492	CURATED:10[0];HGNC.Current:2206[1];HGNC.Current:2696[8>1];HGNC.Current:2696[1];HGNC.Current:2696[1>0];Ensembl.HGNC:174538[3>0]
ENSP00000507129	Ensembl:211178[2];Ensembl:211178[2>0]	ENSG00000128652	CURATED:118[0];HGNC.Current:12183[1];HGNC.Current:12183[1>0];Ensembl.HGNC:211200[3>0]
ENSP00000507189	Ensembl:124307[2];Ensembl:124307[2>0]	ENSG00000101076	CURATED:100[0];HGNC.Current:11954[1];HGNC.Current:11954[1>0];Ensembl.HGNC:124322[3>0]
ENSP00000507191	Ensembl:174530[2];Ensembl:174530[2>0]	ENSG00000136492	CURATED:10[0];HGNC.Current:2206[1];HGNC.Current:2696[8>1];HGNC.Current:2696[1];HGNC.Current:2696[1>0];Ensembl.HGNC:174538[3>0]
ENSP00000507219	Ensembl:163478[2];Ensembl:163478[2>0]	ENSG00000109906	CURATED:269[0];HGNC.Current:42806[1];HGNC.Current:42806[1>0];Ensembl.HGNC:163499[3>0]
ENSP00000507346	Ensembl:124314[2];Ensembl:124314[2>0]	ENSG00000101076	CURATED:100[0];HGNC.Current:11954[1];HGNC.Current:11954[1>0];Ensembl.HGNC:124322[3>0]
ENSP00000507350	Ensembl:163477[2];Ensembl:163477[2>0]	ENSG00000109906	CURATED:269[0];HGNC.Current:42806[1];HGNC.Current:42806[1>0];Ensembl.HGNC:163499[3>0]
ENSP00000507389	Ensembl:124308[2];Ensembl:124308[2>0]	ENSG00000101076	CURATED:100[0];HGNC.Current:11954[1];HGNC.Current:11954[1>0];Ensembl.HGNC:124322[3>0]
ENSP00000507450	Ensembl:174538[2];Ensembl:174538[2>0]	ENSG00000136492	CURATED:10[0];HGNC.Current:2206[1];HGNC.Current:2696[8>1];HGNC.Current:2696[1];HGNC.Current:2696[1>0];Ensembl.HGNC:174538[3>0]
ENSP00000507529	Ensembl:124310[2];Ensembl:124310[2>0]	ENSG00000101076	CURATED:100[0];HGNC.Current:11954[1];HGNC.Current:11954[1>0];Ensembl.HGNC:124322[3>0]
ENSP00000507545	Ensembl:188559[2];Ensembl:188559[2>0]	ENSG00000110693	CURATED:231[0];HGNC.Current:37140[1];HGNC.Current:37140[1>0];Ensembl.HGNC:188565[3>0]
ENSP00000507555	Ensembl:124309[2];Ensembl:124309[2>0]	ENSG00000101076	CURATED:100[0];HGNC.Current:11954[1];HGNC.Current:11954[1>0];Ensembl.HGNC:124322[3>0]
ENSP00000507646	Ensembl:174520[2];Ensembl:174520[2>0]	ENSG00000136492	CURATED:10[0];HGNC.Current:2206[1];HGNC.Current:2696[8>1];HGNC.Current:2696[1];HGNC.Current:2696[1>0];Ensembl.HGNC:174538[3>0]
ENSP00000507660	Ensembl:174514[2];Ensembl:174514[2>0]	ENSG00000136492	CURATED:10[0];HGNC.Current:2206[1];HGNC.Current:2696[8>1];HGNC.Current:2696[1];HGNC.Current:2696[1>0];Ensembl.HGNC:174538[3>0]
ENSP00000507691	Ensembl:174524[2];Ensembl:174524[2>0]	ENSG00000136492	CURATED:10[0];HGNC.Current:2206[1];HGNC.Current:2696[8>1];HGNC.Current:2696[1];HGNC.Current:2696[1>0];Ensembl.HGNC:174538[3>0]
ENSP00000507726	Ensembl:148471[2];Ensembl:148471[2>0]	ENSG00000049768	CURATED:74[0];HGNC.Current:9483[1];HGNC.Current:9483[1>0];Ensembl.HGNC:148487[3>0]
ENSP00000507786	Ensembl:174518[2];Ensembl:174518[2>0]	ENSG00000136492	CURATED:10[0];HGNC.Current:2206[1];HGNC.Current:2696[8>1];HGNC.Current:2696[1];HGNC.Current:2696[1>0];Ensembl.HGNC:174538[3>0]
ENSP00000507788	Ensembl:163482[2];Ensembl:163482[2>0]	ENSG00000109906	CURATED:269[0];HGNC.Current:42806[1];HGNC.Current:42806[1>0];Ensembl.HGNC:163499[3>0]
ENSP00000507964	Ensembl:174536[2];Ensembl:174536[2>0]	ENSG00000136492	CURATED:10[0];HGNC.Current:2206[1];HGNC.Current:2696[8>1];HGNC.Current:2696[1];HGNC.Current:2696[1>0];Ensembl.HGNC:174538[3>0]
ENSP00000508044	Ensembl:174526[2];Ensembl:174526[2>0]	ENSG00000136492	CURATED:10[0];HGNC.Current:2206[1];HGNC.Current:2696[8>1];HGNC.Current:2696[1];HGNC.Current:2696[1>0];Ensembl.HGNC:174538[3>0]
ENSP00000508184	Ensembl:174532[2];Ensembl:174532[2>0]	ENSG00000136492	CURATED:10[0];HGNC.Current:2206[1];HGNC.Current:2696[8>1];HGNC.Current:2696[1];HGNC.Current:2696[1>0];Ensembl.HGNC:174538[3>0]
ENSP00000508303	Ensembl:174516[2];Ensembl:174516[2>0]	ENSG00000136492	CURATED:10[0];HGNC.Current:2206[1];HGNC.Current:2696[8>1];HGNC.Current:2696[1];HGNC.Current:2696[1>0];Ensembl.HGNC:174538[3>0]
ENSP00000508326	Ensembl:174535[2];Ensembl:174535[2>0]	ENSG00000136492	CURATED:10[0];HGNC.Current:2206[1];HGNC.Current:2696[8>1];HGNC.Current:2696[1];HGNC.Current:2696[1>0];Ensembl.HGNC:174538[3>0]
ENSP00000508351	Ensembl:163484[2];Ensembl:163484[2>0]	ENSG00000109906	CURATED:269[0];HGNC.Current:42806[1];HGNC.Current:42806[1>0];Ensembl.HGNC:163499[3>0]
ENSP00000508421	Ensembl:215584[2];Ensembl:215584[2>0]	ENSG00000077092	CURATED:207[0];HGNC.Current:27803[1];HGNC.Current:27803[1>0];Ensembl.HGNC:215599[3>0]
ENSP00000508434	Ensembl:236777[2];Ensembl:236777[2>0]	ENSG00000169554	CURATED:272[0];HGNC.Current:42926[1];HGNC.Current:42926[1>0];Ensembl.HGNC:236783[3>0]
ENSP00000508498	Ensembl:215591[2];Ensembl:215591[2>0]	ENSG00000077092	CURATED:207[0];HGNC.Current:27803[1];HGNC.Current:27803[1>0];Ensembl.HGNC:215599[3>0]
ENSP00000508527	Ensembl:215577[2];Ensembl:215577[2>0]	ENSG00000077092	CURATED:207[0];HGNC.Current:27803[1];HGNC.Current:27803[1>0];Ensembl.HGNC:215599[3>0]
ENSP00000508588	Ensembl:215576[2];Ensembl:215576[2>0]	ENSG00000077092	CURATED:207[0];HGNC.Current:27803[1];HGNC.Current:27803[1>0];Ensembl.HGNC:215599[3>0]
ENSP00000508747	Ensembl:175877[2];Ensembl:175877[2>0]	ENSG00000068305	CURATED:161[0];HGNC.Current:18376[1];HGNC.Current:18376[1>0];Ensembl.HGNC:175896[3>0]
ENSP00000508755	Ensembl:215592[2];Ensembl:215592[2>0]	ENSG00000077092	CURATED:207[0];HGNC.Current:27803[1];HGNC.Current:27803[1>0];Ensembl.HGNC:215599[3>0]
ENSP00000508765	Ensembl:215587[2];Ensembl:215587[2>0]	ENSG00000077092	CURATED:207[0];HGNC.Current:27803[1];HGNC.Current:27803[1>0];Ensembl.HGNC:215599[3>0]
ENSP00000508798	Ensembl:116870[2];Ensembl:116870[2>0]	ENSG00000165588	CURATED:194[0];HGNC.Current:24603[1];HGNC.Current:24603[1>0];Ensembl.HGNC:116891[3>0]
ENSP00000509137	Ensembl:175887[2];Ensembl:175887[2>0]	ENSG00000068305	CURATED:161[0];HGNC.Current:18376[1];HGNC.Current:18376[1>0];Ensembl.HGNC:175896[3>0]
ENSP00000509358	Ensembl:258004[2];Ensembl:258004[2>0]	ENSG00000187098	CURATED:169[0];HGNC.Current:20644[1];HGNC.Current:20644[1>0];Ensembl.HGNC:258015[3>0]
ENSP00000509489	Ensembl:166903[2];Ensembl:166903[2>0]	ENSG00000095794	CURATED:25[0];HGNC.Current:5517[1];HGNC.Current:5517[1>0];Ensembl.HGNC:166924[3>0]
ENSP00000509537	Ensembl:175886[2];Ensembl:175886[2>0]	ENSG00000068305	CURATED:161[0];HGNC.Current:18376[1];HGNC.Current:18376[1>0];Ensembl.HGNC:175896[3>0]
ENSP00000509681	Ensembl:215586[2];Ensembl:215586[2>0]	ENSG00000077092	CURATED:207[0];HGNC.Current:27803[1];HGNC.Current:27803[1>0];Ensembl.HGNC:215599[3>0]
ENSP00000509700	Ensembl:175885[2];Ensembl:175885[2>0]	ENSG00000068305	CURATED:161[0];HGNC.Current:18376[1];HGNC.Current:18376[1>0];Ensembl.HGNC:175896[3>0]
ENSP00000509775	Ensembl:114566[2];Ensembl:114566[2>0]	ENSG00000122877	CURATED:41[0];HGNC.Current:7620[1];HGNC.Current:7620[1>0];Ensembl.HGNC:114586[3>0]
ENSP00000509830	Ensembl:114567[2];Ensembl:114567[2>0]	ENSG00000122877	CURATED:41[0];HGNC.Current:7620[1];HGNC.Current:7620[1>0];Ensembl.HGNC:114586[3>0]
ENSP00000509845	Ensembl:257992[2];Ensembl:257992[2>0]	ENSG00000187098	CURATED:169[0];HGNC.Current:20644[1];HGNC.Current:20644[1>0];Ensembl.HGNC:258015[3>0]
ENSP00000509972	Ensembl:190080[2];Ensembl:190080[2>0]	ENSG00000028277	CURATED:202[0];HGNC.Current:26332[1];HGNC.Current:26332[1>0];Ensembl.HGNC:190104[3>0]
ENSP00000510044	Ensembl:215583[2];Ensembl:215583[2>0]	ENSG00000077092	CURATED:207[0];HGNC.Current:27803[1];HGNC.Current:27803[1>0];Ensembl.HGNC:215599[3>0]
ENSP00000510073	Ensembl:215595[2];Ensembl:215595[2>0]	ENSG00000077092	CURATED:207[0];HGNC.Current:27803[1];HGNC.Current:27803[1>0];Ensembl.HGNC:215599[3>0]
ENSP00000510098	Ensembl:148500[2];Ensembl:148500[2>0]	ENSG00000109381	CURATED:43[0];HGNC.Current:7811[1];HGNC.Current:7811[1>0];Ensembl.HGNC:148522[3>0]
ENSP00000510200	Ensembl:215597[2];Ensembl:215597[2>0]	ENSG00000077092	CURATED:207[0];HGNC.Current:27803[1];HGNC.Current:27803[1>0];Ensembl.HGNC:215599[3>0]
ENSP00000510225	Ensembl:257991[2];Ensembl:257991[2>0]	ENSG00000187098	CURATED:169[0];HGNC.Current:20644[1];HGNC.Current:20644[1>0];Ensembl.HGNC:258015[3>0]
ENSP00000510306	Ensembl:114568[2];Ensembl:114568[2>0]	ENSG00000122877	CURATED:41[0];HGNC.Current:7620[1];HGNC.Current:7620[1>0];Ensembl.HGNC:114586[3>0]
ENSP00000510313	Ensembl:215575[2];Ensembl:215575[2>0]	ENSG00000077092	CURATED:207[0];HGNC.Current:27803[1];HGNC.Current:27803[1>0];Ensembl.HGNC:215599[3>0]
ENSP00000510405	Ensembl:215596[2];Ensembl:215596[2>0]	ENSG00000077092	CURATED:207[0];HGNC.Current:27803[1];HGNC.Current:27803[1>0];Ensembl.HGNC:215599[3>0]
ENSP00000510520	Ensembl:215585[2];Ensembl:215585[2>0]	ENSG00000077092	CURATED:207[0];HGNC.Current:27803[1];HGNC.Current:27803[1>0];Ensembl.HGNC:215599[3>0]
ENSP00000510539	Ensembl:215579[2];Ensembl:215579[2>0]	ENSG00000077092	CURATED:207[0];HGNC.Current:27803[1];HGNC.Current:27803[1>0];Ensembl.HGNC:215599[3>0]
ENSP00000510546	Ensembl:166912[2];Ensembl:166912[2>0]	ENSG00000095794	CURATED:25[0];HGNC.Current:5517[1];HGNC.Current:5517[1>0];Ensembl.HGNC:166924[3>0]
ENSP00000510647	Ensembl:215590[2];Ensembl:215590[2>0]	ENSG00000077092	CURATED:207[0];HGNC.Current:27803[1];HGNC.Current:27803[1>0];Ensembl.HGNC:215599[3>0]
ENSP00000510650	Ensembl:215581[2];Ensembl:215581[2>0]	ENSG00000077092	CURATED:207[0];HGNC.Current:27803[1];HGNC.Current:27803[1>0];Ensembl.HGNC:215599[3>0]
ENSP00000510655	Ensembl:255228[2];Ensembl:255228[2>0]	ENSG00000162367	CURATED:246[0];HGNC.Current:38264[1];HGNC.Current:38264[1>0];Ensembl.HGNC:255251[3>0]
ENSP00000512280	Ensembl:169670[2];Ensembl:169670[2>0]	ENSG00000124496	CURATED:263[0];HGNC.Current:40191[1];HGNC.Current:40191[1>0];Ensembl.HGNC:169689[3>0]
ENSP00000512292	Ensembl:169666[2];Ensembl:169666[2>0]	ENSG00000124496	CURATED:263[0];HGNC.Current:40191[1];HGNC.Current:40191[1>0];Ensembl.HGNC:169689[3>0]
ENSP00000512293	Ensembl:169665[2];Ensembl:169665[2>0]	ENSG00000124496	CURATED:263[0];HGNC.Current:40191[1];HGNC.Current:40191[1>0];Ensembl.HGNC:169689[3>0]
ENSP00000512637	Ensembl:136396[2];Ensembl:136396[2>0]	ENSG00000102145	CURATED:76[0];HGNC.Current:10067[1];HGNC.Current:10067[1>0];Ensembl.HGNC:136420[3>0]
ENSP00000512638	Ensembl:136398[2];Ensembl:136398[2>0]	ENSG00000102145	CURATED:76[0];HGNC.Current:10067[1];HGNC.Current:10067[1>0];Ensembl.HGNC:136420[3>0]
ENSP00000512639	Ensembl:136399[2];Ensembl:136399[2>0]	ENSG00000102145	CURATED:76[0];HGNC.Current:10067[1];HGNC.Current:10067[1>0];Ensembl.HGNC:136420[3>0]
ENSP00000512647	Ensembl:257240[2];Ensembl:257240[2>0]	ENSG00000179348	CURATED:77[0];HGNC.Current:10068[1];HGNC.Current:10068[1>0];Ensembl.HGNC:257262[3>0]
ENSP00000512781	Ensembl:257245[2];Ensembl:257245[2>0]	ENSG00000179348	CURATED:77[0];HGNC.Current:10068[1];HGNC.Current:10068[1>0];Ensembl.HGNC:257262[3>0]
ENSP00000512782	Ensembl:257246[2];Ensembl:257246[2>0]	ENSG00000179348	CURATED:77[0];HGNC.Current:10068[1];HGNC.Current:10068[1>0];Ensembl.HGNC:257262[3>0]
ENSP00000512783	Ensembl:257248[2];Ensembl:257248[2>0]	ENSG00000179348	CURATED:77[0];HGNC.Current:10068[1];HGNC.Current:10068[1>0];Ensembl.HGNC:257262[3>0]
ENSP00000512787	Ensembl:257247[2];Ensembl:257247[2>0]	ENSG00000179348	CURATED:77[0];HGNC.Current:10068[1];HGNC.Current:10068[1>0];Ensembl.HGNC:257262[3>0]
ENSP00000512792	Ensembl:265069[2];Ensembl:265069[2>0]	ENSG00000162676	CURATED:83[0];HGNC.Current:10204[1];HGNC.Current:10204[1>0];Ensembl.HGNC:265092[3>0]
ENSP00000512793	Ensembl:265073[2];Ensembl:265073[2>0]	ENSG00000162676	CURATED:83[0];HGNC.Current:10204[1];HGNC.Current:10204[1>0];Ensembl.HGNC:265092[3>0]
ENSP00000512794	Ensembl:265074[2];Ensembl:265074[2>0]	ENSG00000162676	CURATED:83[0];HGNC.Current:10204[1];HGNC.Current:10204[1>0];Ensembl.HGNC:265092[3>0]
ENSP00000512795	Ensembl:265075[2];Ensembl:265075[2>0]	ENSG00000162676	CURATED:83[0];HGNC.Current:10204[1];HGNC.Current:10204[1>0];Ensembl.HGNC:265092[3>0]
ENSP00000512796	Ensembl:257238[2];Ensembl:257238[2>0]	ENSG00000179348	CURATED:77[0];HGNC.Current:10068[1];HGNC.Current:10068[1>0];Ensembl.HGNC:257262[3>0]
ENSP00000512940	Ensembl:172635[2];Ensembl:172635[2>0]	ENSG00000137265	CURATED:129[0];HGNC.Current:13501[1];HGNC.Current:13501[1>0];Ensembl.HGNC:172659[3>0]
ENSP00000512941	Ensembl:172637[2];Ensembl:172637[2>0]	ENSG00000137265	CURATED:129[0];HGNC.Current:13501[1];HGNC.Current:13501[1>0];Ensembl.HGNC:172659[3>0]
ENSP00000512942	Ensembl:172639[2];Ensembl:172639[2>0]	ENSG00000137265	CURATED:129[0];HGNC.Current:13501[1];HGNC.Current:13501[1>0];Ensembl.HGNC:172659[3>0]
ENSP00000512951	Ensembl:190635[2];Ensembl:190635[2>0]	ENSG00000140968	CURATED:131[0];HGNC.Current:13506[1];HGNC.Current:13506[1>0];Ensembl.HGNC:190659[3>0]
ENSP00000512952	Ensembl:190639[2];Ensembl:190639[2>0]	ENSG00000140968	CURATED:131[0];HGNC.Current:13506[1];HGNC.Current:13506[1>0];Ensembl.HGNC:190659[3>0]
ENSP00000512953	Ensembl:190642[2];Ensembl:190642[2>0]	ENSG00000140968	CURATED:131[0];HGNC.Current:13506[1];HGNC.Current:13506[1>0];Ensembl.HGNC:190659[3>0]
ENSP00000513017	Ensembl:228536[2];Ensembl:228536[2>0]	ENSG00000151702	CURATED:56[0];HGNC.Current:9325[1];HGNC.Current:9325[1>0];Ensembl.HGNC:228559[3>0]
ENSP00000513443	Ensembl:162861[2];Ensembl:162861[2>0]	ENSG00000109320	CURATED:184[0];HGNC.Current:22673[1];HGNC.Current:22673[1>0];Ensembl.HGNC:162880[3>0]
ENSP00000513447	Ensembl:267664[2];Ensembl:267664[2>0]	ENSG00000143365	CURATED:213[0];HGNC.Current:32139[1];HGNC.Current:32139[1>0];Ensembl.HGNC:267709[3>0]
ENSP00000513582	Ensembl:256499[2];Ensembl:256499[2>0]	ENSG00000115415	CURATED:241[0];HGNC.Current:37777[1];HGNC.Current:37777[1>0];Ensembl.HGNC:256520[3>0]
ENSP00000513583	Ensembl:256500[2];Ensembl:256500[2>0]	ENSG00000115415	CURATED:241[0];HGNC.Current:37777[1];HGNC.Current:37777[1>0];Ensembl.HGNC:256520[3>0]
ENSP00000513584	Ensembl:256505[2];Ensembl:256505[2>0]	ENSG00000115415	CURATED:241[0];HGNC.Current:37777[1];HGNC.Current:37777[1>0];Ensembl.HGNC:256520[3>0]
ENSP00000513585	Ensembl:256506[2];Ensembl:256506[2>0]	ENSG00000115415	CURATED:241[0];HGNC.Current:37777[1];HGNC.Current:37777[1>0];Ensembl.HGNC:256520[3>0]
ENSP00000513586	Ensembl:256507[2];Ensembl:256507[2>0]	ENSG00000115415	CURATED:241[0];HGNC.Current:37777[1];HGNC.Current:37777[1>0];Ensembl.HGNC:256520[3>0]
ENSP00000513587	Ensembl:256510[2];Ensembl:256510[2>0]	ENSG00000115415	CURATED:241[0];HGNC.Current:37777[1];HGNC.Current:37777[1>0];Ensembl.HGNC:256520[3>0]
ENSP00000513804	Ensembl:188317[2];Ensembl:188317[2>0]	ENSG00000185811	CURATED:125[0];HGNC.Current:13181[1];HGNC.Current:13181[1>0];Ensembl.HGNC:188341[3>0]
ENSP00000513805	Ensembl:188321[2];Ensembl:188321[2>0]	ENSG00000185811	CURATED:125[0];HGNC.Current:13181[1];HGNC.Current:13181[1>0];Ensembl.HGNC:188341[3>0]
ENSP00000513806	Ensembl:188328[2];Ensembl:188328[2>0]	ENSG00000185811	CURATED:125[0];HGNC.Current:13181[1];HGNC.Current:13181[1>0];Ensembl.HGNC:188341[3>0]
ENSP00000514214	Ensembl:260785[2];Ensembl:260785[2>0]	ENSG00000116044	CURATED:182[0];HGNC.Current:22659[1];HGNC.Current:22659[1>0];Ensembl.HGNC:260805[3>0]
ENSP00000514217	Ensembl:260802[2];Ensembl:260802[2>0]	ENSG00000116044	CURATED:182[0];HGNC.Current:22659[1];HGNC.Current:22659[1>0];Ensembl.HGNC:260805[3>0]
ENSP00000514218	Ensembl:260806[2];Ensembl:260806[2>0]	ENSG00000116044	CURATED:182[0];HGNC.Current:22659[1];HGNC.Current:22659[1>0];Ensembl.HGNC:260805[3>0]
ENSP00000514245	Ensembl:260792[2];Ensembl:260792[2>0]	ENSG00000116044	CURATED:182[0];HGNC.Current:22659[1];HGNC.Current:22659[1>0];Ensembl.HGNC:260805[3>0]
ENSP00000514246	Ensembl:260793[2];Ensembl:260793[2>0]	ENSG00000116044	CURATED:182[0];HGNC.Current:22659[1];HGNC.Current:22659[1>0];Ensembl.HGNC:260805[3>0]
ENSP00000514276	Ensembl:260781[2];Ensembl:260781[2>0]	ENSG00000116044	CURATED:182[0];HGNC.Current:22659[1];HGNC.Current:22659[1>0];Ensembl.HGNC:260805[3>0]
ENSP00000514277	Ensembl:260782[2];Ensembl:260782[2>0]	ENSG00000116044	CURATED:182[0];HGNC.Current:22659[1];HGNC.Current:22659[1>0];Ensembl.HGNC:260805[3>0]
ENSP00000514278	Ensembl:260797[2];Ensembl:260797[2>0]	ENSG00000116044	CURATED:182[0];HGNC.Current:22659[1];HGNC.Current:22659[1>0];Ensembl.HGNC:260805[3>0]
ENSP00000514279	Ensembl:260815[2];Ensembl:260815[2>0]	ENSG00000116044	CURATED:182[0];HGNC.Current:22659[1];HGNC.Current:22659[1>0];Ensembl.HGNC:260805[3>0]
ENSP00000514280	Ensembl:260800[2];Ensembl:260800[2>0]	ENSG00000116044	CURATED:182[0];HGNC.Current:22659[1];HGNC.Current:22659[1>0];Ensembl.HGNC:260805[3>0]
ENSP00000514281	Ensembl:260807[2];Ensembl:260807[2>0]	ENSG00000116044	CURATED:182[0];HGNC.Current:22659[1];HGNC.Current:22659[1>0];Ensembl.HGNC:260805[3>0]
ENSP00000514282	Ensembl:260830[2];Ensembl:260830[2>0]	ENSG00000116044	CURATED:182[0];HGNC.Current:22659[1];HGNC.Current:22659[1>0];Ensembl.HGNC:260805[3>0]
ENSP00000514283	Ensembl:260832[2];Ensembl:260832[2>0]	ENSG00000116044	CURATED:182[0];HGNC.Current:22659[1];HGNC.Current:22659[1>0];Ensembl.HGNC:260805[3>0]
ENSP00000514284	Ensembl:260838[2];Ensembl:260838[2>0]	ENSG00000116044	CURATED:182[0];HGNC.Current:22659[1];HGNC.Current:22659[1>0];Ensembl.HGNC:260805[3>0]
ENSP00000514285	Ensembl:260814[2];Ensembl:260814[2>0]	ENSG00000116044	CURATED:182[0];HGNC.Current:22659[1];HGNC.Current:22659[1>0];Ensembl.HGNC:260805[3>0]
ENSP00000514286	Ensembl:260828[2];Ensembl:260828[2>0]	ENSG00000116044	CURATED:182[0];HGNC.Current:22659[1];HGNC.Current:22659[1>0];Ensembl.HGNC:260805[3>0]
ENSP00000514287	Ensembl:260842[2];Ensembl:260842[2>0]	ENSG00000116044	CURATED:182[0];HGNC.Current:22659[1];HGNC.Current:22659[1>0];Ensembl.HGNC:260805[3>0]
ENSP00000514288	Ensembl:260843[2];Ensembl:260843[2>0]	ENSG00000116044	CURATED:182[0];HGNC.Current:22659[1];HGNC.Current:22659[1>0];Ensembl.HGNC:260805[3>0]
ENSP00000514302	Ensembl:260789[2];Ensembl:260789[2>0]	ENSG00000116044	CURATED:182[0];HGNC.Current:22659[1];HGNC.Current:22659[1>0];Ensembl.HGNC:260805[3>0]
ENSP00000514303	Ensembl:260794[2];Ensembl:260794[2>0]	ENSG00000116044	CURATED:182[0];HGNC.Current:22659[1];HGNC.Current:22659[1>0];Ensembl.HGNC:260805[3>0]
ENSP00000514304	Ensembl:260808[2];Ensembl:260808[2>0]	ENSG00000116044	CURATED:182[0];HGNC.Current:22659[1];HGNC.Current:22659[1>0];Ensembl.HGNC:260805[3>0]
ENSP00000514305	Ensembl:260823[2];Ensembl:260823[2>0]	ENSG00000116044	CURATED:182[0];HGNC.Current:22659[1];HGNC.Current:22659[1>0];Ensembl.HGNC:260805[3>0]
ENSP00000514317	Ensembl:260784[2];Ensembl:260784[2>0]	ENSG00000116044	CURATED:182[0];HGNC.Current:22659[1];HGNC.Current:22659[1>0];Ensembl.HGNC:260805[3>0]
ENSP00000514318	Ensembl:260811[2];Ensembl:260811[2>0]	ENSG00000116044	CURATED:182[0];HGNC.Current:22659[1];HGNC.Current:22659[1>0];Ensembl.HGNC:260805[3>0]
ENSP00000514319	Ensembl:260816[2];Ensembl:260816[2>0]	ENSG00000116044	CURATED:182[0];HGNC.Current:22659[1];HGNC.Current:22659[1>0];Ensembl.HGNC:260805[3>0]
ENSP00000514320	Ensembl:260818[2];Ensembl:260818[2>0]	ENSG00000116044	CURATED:182[0];HGNC.Current:22659[1];HGNC.Current:22659[1>0];Ensembl.HGNC:260805[3>0]
ENSP00000514321	Ensembl:260819[2];Ensembl:260819[2>0]	ENSG00000116044	CURATED:182[0];HGNC.Current:22659[1];HGNC.Current:22659[1>0];Ensembl.HGNC:260805[3>0]
ENSP00000514322	Ensembl:260824[2];Ensembl:260824[2>0]	ENSG00000116044	CURATED:182[0];HGNC.Current:22659[1];HGNC.Current:22659[1>0];Ensembl.HGNC:260805[3>0]
ENSP00000514323	Ensembl:260826[2];Ensembl:260826[2>0]	ENSG00000116044	CURATED:182[0];HGNC.Current:22659[1];HGNC.Current:22659[1>0];Ensembl.HGNC:260805[3>0]
ENSP00000514324	Ensembl:260831[2];Ensembl:260831[2>0]	ENSG00000116044	CURATED:182[0];HGNC.Current:22659[1];HGNC.Current:22659[1>0];Ensembl.HGNC:260805[3>0]
ENSP00000514325	Ensembl:260837[2];Ensembl:260837[2>0]	ENSG00000116044	CURATED:182[0];HGNC.Current:22659[1];HGNC.Current:22659[1>0];Ensembl.HGNC:260805[3>0]
ENSP00000514326	Ensembl:260840[2];Ensembl:260840[2>0]	ENSG00000116044	CURATED:182[0];HGNC.Current:22659[1];HGNC.Current:22659[1>0];Ensembl.HGNC:260805[3>0]
ENSP00000514327	Ensembl:260841[2];Ensembl:260841[2>0]	ENSG00000116044	CURATED:182[0];HGNC.Current:22659[1];HGNC.Current:22659[1>0];Ensembl.HGNC:260805[3>0]
ENSP00000514365	Ensembl:260786[2];Ensembl:260786[2>0]	ENSG00000116044	CURATED:182[0];HGNC.Current:22659[1];HGNC.Current:22659[1>0];Ensembl.HGNC:260805[3>0]
ENSP00000514366	Ensembl:260788[2];Ensembl:260788[2>0]	ENSG00000116044	CURATED:182[0];HGNC.Current:22659[1];HGNC.Current:22659[1>0];Ensembl.HGNC:260805[3>0]
ENSP00000514367	Ensembl:260809[2];Ensembl:260809[2>0]	ENSG00000116044	CURATED:182[0];HGNC.Current:22659[1];HGNC.Current:22659[1>0];Ensembl.HGNC:260805[3>0]
ENSP00000514368	Ensembl:260810[2];Ensembl:260810[2>0]	ENSG00000116044	CURATED:182[0];HGNC.Current:22659[1];HGNC.Current:22659[1>0];Ensembl.HGNC:260805[3>0]
ENSP00000514369	Ensembl:260813[2];Ensembl:260813[2>0]	ENSG00000116044	CURATED:182[0];HGNC.Current:22659[1];HGNC.Current:22659[1>0];Ensembl.HGNC:260805[3>0]
ENSP00000514370	Ensembl:260821[2];Ensembl:260821[2>0]	ENSG00000116044	CURATED:182[0];HGNC.Current:22659[1];HGNC.Current:22659[1>0];Ensembl.HGNC:260805[3>0]
ENSP00000514371	Ensembl:260833[2];Ensembl:260833[2>0]	ENSG00000116044	CURATED:182[0];HGNC.Current:22659[1];HGNC.Current:22659[1>0];Ensembl.HGNC:260805[3>0]
ENSP00000514372	Ensembl:260834[2];Ensembl:260834[2>0]	ENSG00000116044	CURATED:182[0];HGNC.Current:22659[1];HGNC.Current:22659[1>0];Ensembl.HGNC:260805[3>0]
ENSP00000514373	Ensembl:260836[2];Ensembl:260836[2>0]	ENSG00000116044	CURATED:182[0];HGNC.Current:22659[1];HGNC.Current:22659[1>0];Ensembl.HGNC:260805[3>0]
ENSP00000514384	Ensembl:260783[2];Ensembl:260783[2>0]	ENSG00000116044	CURATED:182[0];HGNC.Current:22659[1];HGNC.Current:22659[1>0];Ensembl.HGNC:260805[3>0]
ENSP00000514385	Ensembl:260787[2];Ensembl:260787[2>0]	ENSG00000116044	CURATED:182[0];HGNC.Current:22659[1];HGNC.Current:22659[1>0];Ensembl.HGNC:260805[3>0]
ENSP00000514386	Ensembl:260805[2];Ensembl:260805[2>0]	ENSG00000116044	CURATED:182[0];HGNC.Current:22659[1];HGNC.Current:22659[1>0];Ensembl.HGNC:260805[3>0]
ENSP00000514387	Ensembl:260835[2];Ensembl:260835[2>0]	ENSG00000116044	CURATED:182[0];HGNC.Current:22659[1];HGNC.Current:22659[1>0];Ensembl.HGNC:260805[3>0]
ENSP00000514643	Ensembl:269890[2];Ensembl:269890[2>0]	ENSG00000185630	CURATED:199[0];HGNC.Current:24905[1];HGNC.Current:24905[1>0];Ensembl.HGNC:269930[3>0]
ENSP00000514644	Ensembl:269900[2];Ensembl:269900[2>0]	ENSG00000185630	CURATED:199[0];HGNC.Current:24905[1];HGNC.Current:24905[1>0];Ensembl.HGNC:269930[3>0]
ENSP00000514645	Ensembl:269901[2];Ensembl:269901[2>0]	ENSG00000185630	CURATED:199[0];HGNC.Current:24905[1];HGNC.Current:24905[1>0];Ensembl.HGNC:269930[3>0]
ENSP00000514646	Ensembl:269905[2];Ensembl:269905[2>0]	ENSG00000185630	CURATED:199[0];HGNC.Current:24905[1];HGNC.Current:24905[1>0];Ensembl.HGNC:269930[3>0]
ENSP00000514679	Ensembl:176607[2];Ensembl:176607[2>0]	ENSG00000134138	CURATED:165[0];HGNC.Current:18402[1];HGNC.Current:18402[1>0];Ensembl.HGNC:176618[3>0]
ENSP00000514680	Ensembl:176610[2];Ensembl:176610[2>0]	ENSG00000134138	CURATED:165[0];HGNC.Current:18402[1];HGNC.Current:18402[1>0];Ensembl.HGNC:176618[3>0]
ENSP00000514715	Ensembl:176600[2];Ensembl:176600[2>0]	ENSG00000134138	CURATED:165[0];HGNC.Current:18402[1];HGNC.Current:18402[1>0];Ensembl.HGNC:176618[3>0]
ENSP00000514716	Ensembl:176606[2];Ensembl:176606[2>0]	ENSG00000134138	CURATED:165[0];HGNC.Current:18402[1];HGNC.Current:18402[1>0];Ensembl.HGNC:176618[3>0]
ENSP00000514720	Ensembl:270125[2];Ensembl:270125[2>0]	ENSG00000162599	CURATED:183[0];HGNC.Current:22664[1];HGNC.Current:22664[1>0];Ensembl.HGNC:270168[3>0]
ENSP00000514721	Ensembl:270130[2];Ensembl:270130[2>0]	ENSG00000162599	CURATED:183[0];HGNC.Current:22664[1];HGNC.Current:22664[1>0];Ensembl.HGNC:270168[3>0]
ENSP00000514722	Ensembl:270133[2];Ensembl:270133[2>0]	ENSG00000162599	CURATED:183[0];HGNC.Current:22664[1];HGNC.Current:22664[1>0];Ensembl.HGNC:270168[3>0]
ENSP00000514723	Ensembl:270135[2];Ensembl:270135[2>0]	ENSG00000162599	CURATED:183[0];HGNC.Current:22664[1];HGNC.Current:22664[1>0];Ensembl.HGNC:270168[3>0]
ENSP00000514724	Ensembl:270147[2];Ensembl:270147[2>0]	ENSG00000162599	CURATED:183[0];HGNC.Current:22664[1];HGNC.Current:22664[1>0];Ensembl.HGNC:270168[3>0]
ENSP00000514739	Ensembl:270128[2];Ensembl:270128[2>0]	ENSG00000162599	CURATED:183[0];HGNC.Current:22664[1];HGNC.Current:22664[1>0];Ensembl.HGNC:270168[3>0]
ENSP00000514740	Ensembl:270132[2];Ensembl:270132[2>0]	ENSG00000162599	CURATED:183[0];HGNC.Current:22664[1];HGNC.Current:22664[1>0];Ensembl.HGNC:270168[3>0]
ENSP00000514743	Ensembl:270138[2];Ensembl:270138[2>0]	ENSG00000162599	CURATED:183[0];HGNC.Current:22664[1];HGNC.Current:22664[1>0];Ensembl.HGNC:270168[3>0]
ENSP00000514845	Ensembl:237588[2];Ensembl:237588[2>0]	ENSG00000182568	CURATED:220[0];HGNC.Current:34631[1];HGNC.Current:34631[1>0];Ensembl.HGNC:237609[3>0]
ENSP00000514846	Ensembl:237589[2];Ensembl:237589[2>0]	ENSG00000182568	CURATED:220[0];HGNC.Current:34631[1];HGNC.Current:34631[1>0];Ensembl.HGNC:237609[3>0]
ENSP00000514847	Ensembl:237590[2];Ensembl:237590[2>0]	ENSG00000182568	CURATED:220[0];HGNC.Current:34631[1];HGNC.Current:34631[1>0];Ensembl.HGNC:237609[3>0]
ENSP00000514848	Ensembl:237591[2];Ensembl:237591[2>0]	ENSG00000182568	CURATED:220[0];HGNC.Current:34631[1];HGNC.Current:34631[1>0];Ensembl.HGNC:237609[3>0]
ENSP00000514862	Ensembl:251563[2];Ensembl:251563[2>0]	ENSG00000175745	CURATED:189[0];HGNC.Current:23166[1];HGNC.Current:23166[1>0];Ensembl.HGNC:251584[3>0]
ENSP00000514863	Ensembl:251564[2];Ensembl:251564[2>0]	ENSG00000175745	CURATED:189[0];HGNC.Current:23166[1];HGNC.Current:23166[1>0];Ensembl.HGNC:251584[3>0]
ENSP00000514864	Ensembl:251565[2];Ensembl:251565[2>0]	ENSG00000175745	CURATED:189[0];HGNC.Current:23166[1];HGNC.Current:23166[1>0];Ensembl.HGNC:251584[3>0]
ENSP00000514978	Ensembl:275216[2];Ensembl:275216[2>0]	ENSG00000171735	CURATED:14[0];HGNC.Current:3339[1];HGNC.Current:3339[1>0];Ensembl.HGNC:275261[3>0]
ENSP00000514979	Ensembl:275220[2];Ensembl:275220[2>0]	ENSG00000171735	CURATED:14[0];HGNC.Current:3339[1];HGNC.Current:3339[1>0];Ensembl.HGNC:275261[3>0]
ENSP00000514980	Ensembl:275221[2];Ensembl:275221[2>0]	ENSG00000171735	CURATED:14[0];HGNC.Current:3339[1];HGNC.Current:3339[1>0];Ensembl.HGNC:275261[3>0]
ENSP00000514981	Ensembl:275225[2];Ensembl:275225[2>0]	ENSG00000171735	CURATED:14[0];HGNC.Current:3339[1];HGNC.Current:3339[1>0];Ensembl.HGNC:275261[3>0]
ENSP00000514982	Ensembl:275227[2];Ensembl:275227[2>0]	ENSG00000171735	CURATED:14[0];HGNC.Current:3339[1];HGNC.Current:3339[1>0];Ensembl.HGNC:275261[3>0]
ENSP00000514983	Ensembl:275233[2];Ensembl:275233[2>0]	ENSG00000171735	CURATED:14[0];HGNC.Current:3339[1];HGNC.Current:3339[1>0];Ensembl.HGNC:275261[3>0]
ENSP00000514992	Ensembl:275219[2];Ensembl:275219[2>0]	ENSG00000171735	CURATED:14[0];HGNC.Current:3339[1];HGNC.Current:3339[1>0];Ensembl.HGNC:275261[3>0]
ENSP00000514993	Ensembl:275234[2];Ensembl:275234[2>0]	ENSG00000171735	CURATED:14[0];HGNC.Current:3339[1];HGNC.Current:3339[1>0];Ensembl.HGNC:275261[3>0]
ENSP00000514994	Ensembl:275235[2];Ensembl:275235[2>0]	ENSG00000171735	CURATED:14[0];HGNC.Current:3339[1];HGNC.Current:3339[1>0];Ensembl.HGNC:275261[3>0]
ENSP00000514995	Ensembl:275236[2];Ensembl:275236[2>0]	ENSG00000171735	CURATED:14[0];HGNC.Current:3339[1];HGNC.Current:3339[1>0];Ensembl.HGNC:275261[3>0]
ENSP00000514996	Ensembl:275241[2];Ensembl:275241[2>0]	ENSG00000171735	CURATED:14[0];HGNC.Current:3339[1];HGNC.Current:3339[1>0];Ensembl.HGNC:275261[3>0]
ENSP00000514997	Ensembl:275242[2];Ensembl:275242[2>0]	ENSG00000171735	CURATED:14[0];HGNC.Current:3339[1];HGNC.Current:3339[1>0];Ensembl.HGNC:275261[3>0]
ENSP00000514998	Ensembl:275243[2];Ensembl:275243[2>0]	ENSG00000171735	CURATED:14[0];HGNC.Current:3339[1];HGNC.Current:3339[1>0];Ensembl.HGNC:275261[3>0]
ENSP00000514999	Ensembl:275247[2];Ensembl:275247[2>0]	ENSG00000171735	CURATED:14[0];HGNC.Current:3339[1];HGNC.Current:3339[1>0];Ensembl.HGNC:275261[3>0]
ENSP00000515000	Ensembl:275248[2];Ensembl:275248[2>0]	ENSG00000171735	CURATED:14[0];HGNC.Current:3339[1];HGNC.Current:3339[1>0];Ensembl.HGNC:275261[3>0]
ENSP00000515407	Ensembl:149000[2];Ensembl:149000[2>0]	ENSG00000107485	CURATED:78[0];HGNC.Current:10070[1];HGNC.Current:10070[1>0];Ensembl.HGNC:149020[3>0]
ENSP00000515426	Ensembl:265089[2];Ensembl:265089[2>0]	ENSG00000118263	CURATED:147[0];HGNC.Current:14135[1];HGNC.Current:14135[1>0];Ensembl.HGNC:265108[3>0]
ENSP00000515454	Ensembl:265088[2];Ensembl:265088[2>0]	ENSG00000118263	CURATED:147[0];HGNC.Current:14135[1];HGNC.Current:14135[1>0];Ensembl.HGNC:265108[3>0]
ENSP00000515455	Ensembl:265090[2];Ensembl:265090[2>0]	ENSG00000118263	CURATED:147[0];HGNC.Current:14135[1];HGNC.Current:14135[1>0];Ensembl.HGNC:265108[3>0]
ENSP00000515456	Ensembl:265094[2];Ensembl:265094[2>0]	ENSG00000118263	CURATED:147[0];HGNC.Current:14135[1];HGNC.Current:14135[1>0];Ensembl.HGNC:265108[3>0]
ENSP00000515486	Ensembl:193454[2];Ensembl:193454[2>0]	ENSG00000137309	CURATED:99[0];HGNC.Current:11744[1];HGNC.Current:11744[1>0];Ensembl.HGNC:193473[3>0]
ENSP00000515487	Ensembl:193457[2];Ensembl:193457[2>0]	ENSG00000137309	CURATED:99[0];HGNC.Current:11744[1];HGNC.Current:11744[1>0];Ensembl.HGNC:193473[3>0]
ENSP00000515869	Ensembl:244815[2];Ensembl:244815[2>0]	ENSG00000181722	CURATED:270[0];HGNC.Current:42809[1];HGNC.Current:42809[1>0];Ensembl.HGNC:244837[3>0]
ENSP00000515870	Ensembl:244825[2];Ensembl:244825[2>0]	ENSG00000181722	CURATED:270[0];HGNC.Current:42809[1];HGNC.Current:42809[1>0];Ensembl.HGNC:244837[3>0]
ENSP00000515891	Ensembl:152762[2];Ensembl:152762[2>0]	ENSG00000148737	CURATED:254[0];HGNC.Current:38510[1];HGNC.Current:38516[10>1];HGNC.Current:38516[1];HGNC.Current:38516[1>0];Ensembl.HGNC:152776[3>0]
ENSP00000515894	Ensembl:152768[2];Ensembl:152768[2>0]	ENSG00000148737	CURATED:254[0];HGNC.Current:38510[1];HGNC.Current:38516[10>1];HGNC.Current:38516[1];HGNC.Current:38516[1>0];Ensembl.HGNC:152776[3>0]
ENSP00000515895	Ensembl:152777[2];Ensembl:152777[2>0]	ENSG00000148737	CURATED:254[0];HGNC.Current:38510[1];HGNC.Current:38516[10>1];HGNC.Current:38516[1];HGNC.Current:38516[1>0];Ensembl.HGNC:152776[3>0]
ENSP00000516067	Ensembl:224241[2];Ensembl:224241[2>0]	ENSG00000071564	CURATED:253[0];HGNC.Current:38508[1];HGNC.Current:38508[1>0];Ensembl.HGNC:224257[3>0]
ENSP00000516195	Ensembl:175882[2];Ensembl:175882[2>0]	ENSG00000068305	CURATED:161[0];HGNC.Current:18376[1];HGNC.Current:18376[1>0];Ensembl.HGNC:175896[3>0]
ENSP00000516320	Ensembl:36317[2];Ensembl:36317[2>0]	ENSG00000276644	CURATED:27[0];HGNC.Current:6166[1];HGNC.Current:6166[1>0];Ensembl.HGNC:36339[3>0]
ENSP00000516321	Ensembl:36318[2];Ensembl:36318[2>0]	ENSG00000276644	CURATED:27[0];HGNC.Current:6166[1];HGNC.Current:6166[1>0];Ensembl.HGNC:36339[3>0]
ENSP00000516434	Ensembl:274044[2];Ensembl:274044[2>0]	ENSG00000173673	CURATED:91[0];HGNC.Current:11565[1];HGNC.Current:11565[1>0];Ensembl.HGNC:274092[3>0]
ENSP00000516729	Ensembl:174198[2];Ensembl:174198[2>0]	ENSG00000075891	CURATED:195[0];HGNC.Current:24883[1];HGNC.Current:24883[1>0];Ensembl.HGNC:174222[3>0]
ENSP00000516730	Ensembl:174201[2];Ensembl:174201[2>0]	ENSG00000075891	CURATED:195[0];HGNC.Current:24883[1];HGNC.Current:24883[1>0];Ensembl.HGNC:174222[3>0]
ENSP00000516742	Ensembl:181807[2];Ensembl:181807[2>0]	ENSG00000136997	CURATED:177[0];HGNC.Current:21961[1];HGNC.Current:21961[1>0];Ensembl.HGNC:181822[3>0]
ENSP00000516743	Ensembl:181809[2];Ensembl:181809[2>0]	ENSG00000136997	CURATED:177[0];HGNC.Current:21961[1];HGNC.Current:21961[1>0];Ensembl.HGNC:181822[3>0]
ENSP00000516744	Ensembl:181810[2];Ensembl:181810[2>0]	ENSG00000136997	CURATED:177[0];HGNC.Current:21961[1];HGNC.Current:21961[1>0];Ensembl.HGNC:181822[3>0]
ENSP00000516745	Ensembl:181811[2];Ensembl:181811[2>0]	ENSG00000136997	CURATED:177[0];HGNC.Current:21961[1];HGNC.Current:21961[1>0];Ensembl.HGNC:181822[3>0]
ENSP00000516755	Ensembl:259534[2];Ensembl:259534[2>0]	ENSG00000081189	CURATED:162[0];HGNC.Current:18379[1];HGNC.Current:18379[1>0];Ensembl.HGNC:259555[3>0]
ENSP00000517291	Ensembl:19915[2];Ensembl:19915[2>0]	ENSG00000291761	CURATED:163[0];HGNC.Current:18382[1];HGNC.Current:18382[1>0];Ensembl.HGNC:19939[3>0]
ENSP00000517292	Ensembl:19916[2];Ensembl:19916[2>0]	ENSG00000291761	CURATED:163[0];HGNC.Current:18382[1];HGNC.Current:18382[1>0];Ensembl.HGNC:19939[3>0]
ENSP00000517293	Ensembl:19917[2];Ensembl:19917[2>0]	ENSG00000291761	CURATED:163[0];HGNC.Current:18382[1];HGNC.Current:18382[1>0];Ensembl.HGNC:19939[3>0]
ENSP00000517294	Ensembl:19918[2];Ensembl:19918[2>0]	ENSG00000291761	CURATED:163[0];HGNC.Current:18382[1];HGNC.Current:18382[1>0];Ensembl.HGNC:19939[3>0]
ENSP00000517295	Ensembl:19920[2];Ensembl:19920[2>0]	ENSG00000291761	CURATED:163[0];HGNC.Current:18382[1];HGNC.Current:18382[1>0];Ensembl.HGNC:19939[3>0]
ENSP00000517899	Ensembl:85153[2];Ensembl:85153[2>0]	ENSG00000292149	CURATED:253[0];HGNC.Current:38508[1];HGNC.Current:38514[10>1];HGNC.Current:38514[1];HGNC.Current:38514[1>0];Ensembl.HGNC:85177[3>0]
ENSP00000517900	Ensembl:85155[2];Ensembl:85155[2>0]	ENSG00000292149	CURATED:253[0];HGNC.Current:38508[1];HGNC.Current:38514[10>1];HGNC.Current:38514[1];HGNC.Current:38514[1>0];Ensembl.HGNC:85177[3>0]
ENSP00000518166	Ensembl:275212[2];Ensembl:275212[2>0]	ENSG00000177606	CURATED:136[0];HGNC.Current:13714[1];HGNC.Current:13714[1>0];Ensembl.HGNC:275258[3>0]
ENSP00000518174	Ensembl:275239[2];Ensembl:275239[2>0]	ENSG00000171735	CURATED:14[0];HGNC.Current:3339[1];HGNC.Current:3339[1>0];Ensembl.HGNC:275261[3>0]
ENSP00000518175	Ensembl:275240[2];Ensembl:275240[2>0]	ENSG00000171735	CURATED:14[0];HGNC.Current:3339[1];HGNC.Current:3339[1>0];Ensembl.HGNC:275261[3>0]
ENSP00000518373	Ensembl:271447[2];Ensembl:271447[2>0]	ENSG00000233608	CURATED:265[0];HGNC.Current:41287[1];HGNC.Current:41287[1>0];Ensembl.HGNC:271493[3>0]
ENSP00000518374	Ensembl:26822[2];Ensembl:26822[2>0]	ENSG00000288335	CURATED:265[0];HGNC.Current:41287[1];HGNC.Current:41287[1>0];Ensembl.HGNC:26844[3>0]
ENSP00000518838	Ensembl:255456[2];Ensembl:255456[2>0]	ENSG00000066336	CURATED:239[0];HGNC.Current:37337[1];HGNC.Current:37337[1>0];Ensembl.HGNC:255480[3>0]
ENSP00000518839	Ensembl:255458[2];Ensembl:255458[2>0]	ENSG00000066336	CURATED:239[0];HGNC.Current:37337[1];HGNC.Current:37337[1>0];Ensembl.HGNC:255480[3>0]
ENSP00000518875	Ensembl.Proteins:591730[2];Ensembl.Proteins:592731[0>2];Ensembl:265667[2];Ensembl:265667[2>0]	ENSG00000168610	CURATED:242[0];HGNC.Current:37779[1];HGNC.Current:37779[1>0];Ensembl.HGNC:265687[3>0]
ENSP00000519566	Ensembl:272578[2];Ensembl:272578[2>0]	ENSG00000138378	CURATED:243[0];HGNC.Current:37780[1];HGNC.Current:37780[1>0];Ensembl.HGNC:272621[3>0]
ENSP00000519567	Ensembl:272579[2];Ensembl:272579[2>0]	ENSG00000138378	CURATED:243[0];HGNC.Current:37780[1];HGNC.Current:37780[1>0];Ensembl.HGNC:272621[3>0]
ENSP00000520349	Ensembl:263302[2];Ensembl:263302[2>0]	ENSG00000168036	CURATED:26[0];HGNC.Current:5816[1];HGNC.Current:5816[1>0];Ensembl.HGNC:263315[3>0]
ENSP00000520350	Ensembl:263311[2];Ensembl:263311[2>0]	ENSG00000168036	CURATED:26[0];HGNC.Current:5816[1];HGNC.Current:5816[1>0];Ensembl.HGNC:263315[3>0]
ENSP00000520351	Ensembl:263318[2];Ensembl:263318[2>0]	ENSG00000168036	CURATED:26[0];HGNC.Current:5816[1];HGNC.Current:5816[1>0];Ensembl.HGNC:263315[3>0]
ENSP00000520352	Ensembl:263319[2];Ensembl:263319[2>0]	ENSG00000168036	CURATED:26[0];HGNC.Current:5816[1];HGNC.Current:5816[1>0];Ensembl.HGNC:263315[3>0]
ENSP00000520353	Ensembl:263325[2];Ensembl:263325[2>0]	ENSG00000168036	CURATED:26[0];HGNC.Current:5816[1];HGNC.Current:5816[1>0];Ensembl.HGNC:263315[3>0]
ENSP00000520354	Ensembl:263326[2];Ensembl:263326[2>0]	ENSG00000168036	CURATED:26[0];HGNC.Current:5816[1];HGNC.Current:5816[1>0];Ensembl.HGNC:263315[3>0]
ENSP00000520356	Ensembl:263329[2];Ensembl:263329[2>0]	ENSG00000168036	CURATED:26[0];HGNC.Current:5816[1];HGNC.Current:5816[1>0];Ensembl.HGNC:263315[3>0]
ENSP00000520412	Ensembl:265667[2];Ensembl:265667[2>0]	ENSG00000168610	CURATED:242[0];HGNC.Current:37779[1];HGNC.Current:37779[1>0];Ensembl.HGNC:265687[3>0]
