name	source	ensembl_gene	ensembl_source
12CC4	HGNC.Current:9478[8];HGNC.Current:9478[8>1];HGNC.Current:9478[1];HGNC.Current:9478[1>0];Ensembl.HGNC:201807[3>0]	ENSG00000114861	CURATED:73[0];HGNC.Current:9478[1];HGNC.Current:9478[1>0];Ensembl.HGNC:201807[3>0]
225	HGNC.Current:7619[8];HGNC.Current:7619[8>1];HGNC.Current:7619[1];HGNC.Current:7619[1>0];Ensembl.HGNC:222433[3>0]	ENSG00000120738	CURATED:40[0];HGNC.Current:7619[1];HGNC.Current:7619[1>0];Ensembl.HGNC:222433[3>0]
A-myb	HGNC.Current:21954[8];HGNC.Current:21954[8>1];HGNC.Current:21954[1];HGNC.Current:21954[1>0];Ensembl.HGNC:114079[3>0]	ENSG00000185697	CURATED:176[0];HGNC.Current:21954[1];HGNC.Current:21954[1>0];Ensembl.HGNC:114079[3>0]
ACS3	HGNC.Current:41286[10];HGNC.Withdrawn:33[2>3];Ensembl.HGNC:22392[3>0]	ENSG00000122691	CURATED:264[0];HGNC.Current:41286[1];HGNC.Current:41286[1>0];Ensembl.HGNC:22392[3>0]
AF6q21	HGNC.Current:9473[8];HGNC.Current:9473[8>1];HGNC.Current:9473[1];HGNC.Current:9473[1>0];Ensembl.HGNC:51505[3>0]	ENSG00000118689	CURATED:71[0];HGNC.Current:9473[1];HGNC.Current:9473[1>0];Ensembl.HGNC:51505[3>0]
AFX1	HGNC.Current:9475[8];HGNC.Current:9475[8>1];HGNC.Current:9475[1];HGNC.Current:9475[1>0];Ensembl.HGNC:51809[3>0]	ENSG00000184481	CURATED:72[0];HGNC.Current:9475[1];HGNC.Current:9475[1>0];Ensembl.HGNC:51809[3>0]
AHR	HGNC.Current:702[1];HGNC.Current:702[1>0];Ensembl.HGNC:22321[3>0]	ENSG00000106546	CURATED:1[0];HGNC.Current:702[1];HGNC.Current:702[1>0];Ensembl.HGNC:22321[3>0]
AIID	HGNC.Current:9483[8];HGNC.Current:9483[8>1];HGNC.Current:9483[1];HGNC.Current:9483[1>0];Ensembl.HGNC:148487[3>0]	ENSG00000049768	CURATED:74[0];HGNC.Current:9483[1];HGNC.Current:9483[1>0];Ensembl.HGNC:148487[3>0]
AKNA	HGNC.Current:787[1];HGNC.Current:787[1>0];Ensembl.HGNC:148750[3>0]	ENSG00000106948	CURATED:2[0];HGNC.Current:787[1];HGNC.Current:787[1>0];Ensembl.HGNC:148750[3>0]
ALRP	HGNC.Current:1049[8];HGNC.Current:1049[8>1];HGNC.Current:1049[1];HGNC.Current:1049[1>0];Ensembl.HGNC:54389[3>0]	ENSG00000148677	CURATED:4[0];HGNC.Current:1049[1];HGNC.Current:1049[1>0];Ensembl.HGNC:54389[3>0]
ALX1	HGNC.Current:936[1];HGNC.Current:936[1>0];Ensembl.HGNC:51228[3>0]	ENSG00000180318	CURATED:3[0];HGNC.Current:936[1];HGNC.Current:936[1>0];Ensembl.HGNC:51228[3>0]
AML1	HGNC.Current:34448[10];HGNC.Current:34448[10>1];HGNC.Current:34448[1];HGNC.Current:34448[1>0];Ensembl.HGNC:38975[3>0]	ENSG00000159216	CURATED:214[0];HGNC.Current:34448[1];HGNC.Current:34448[1>0];Ensembl.HGNC:38975[3>0]
AML2	HGNC.Current:34454[8];HGNC.Current:34454[8>1];HGNC.Current:34454[1];HGNC.Current:34454[1>0];Ensembl.HGNC:273507[3>0]	ENSG00000020633	CURATED:216[0];HGNC.Current:34454[1];HGNC.Current:34454[1>0];Ensembl.HGNC:273507[3>0]
AML3	HGNC.Current:34452[8];HGNC.Current:34452[8>1];HGNC.Current:34452[1];HGNC.Current:34452[1>0];Ensembl.HGNC:25880[3>0]	ENSG00000124813	CURATED:215[0];HGNC.Current:34452[1];HGNC.Current:34452[1>0];Ensembl.HGNC:25880[3>0]
AMLCR1	HGNC.Current:34448[8];HGNC.Current:34448[8>1];HGNC.Current:34448[1];HGNC.Current:34448[1>0];Ensembl.HGNC:38975[3>0]	ENSG00000159216	CURATED:214[0];HGNC.Current:34448[1];HGNC.Current:34448[1>0];Ensembl.HGNC:38975[3>0]
AMYB	HGNC.Current:21954[8];HGNC.Current:21954[8>1];HGNC.Current:21954[1];HGNC.Current:21954[1>0];Ensembl.HGNC:114079[3>0]	ENSG00000185697	CURATED:176[0];HGNC.Current:21954[1];HGNC.Current:21954[1>0];Ensembl.HGNC:114079[3>0]
AN	HGNC.Current:3645[8];HGNC.Current:24887[8>1];HGNC.Current:24887[1];HGNC.Current:24887[1>0];Ensembl.HGNC:216546[3>0]	ENSG00000007372	CURATED:198[0];HGNC.Current:24887[1];HGNC.Current:24887[1>0];Ensembl.HGNC:216546[3>0]
AN1	HGNC.Current:24887[10];HGNC.Withdrawn:112[2>3];Ensembl.HGNC:216546[3>0]	ENSG00000007372	CURATED:198[0];HGNC.Current:24887[1];HGNC.Current:24887[1>0];Ensembl.HGNC:216546[3>0]
AN2	HGNC.Current:24887[10];HGNC.Withdrawn:113[2>3];Ensembl.HGNC:216546[3>0]	ENSG00000007372	CURATED:198[0];HGNC.Current:24887[1];HGNC.Current:24887[1>0];Ensembl.HGNC:216546[3>0]
ANF	HGNC.Current:11570[8];HGNC.Current:11570[8>1];HGNC.Current:11570[1];HGNC.Current:11570[1>0];Ensembl.HGNC:46737[3>0]	ENSG00000163666	CURATED:95[0];HGNC.Current:11570[1];HGNC.Current:11570[1>0];Ensembl.HGNC:46737[3>0]
ANKRD1	HGNC.Current:1049[1];HGNC.Current:1049[1>0];Ensembl.HGNC:54389[3>0]	ENSG00000148677	CURATED:4[0];HGNC.Current:1049[1];HGNC.Current:1049[1>0];Ensembl.HGNC:54389[3>0]
AP-1	HGNC.Current:9414[8];HGNC.Current:9415[8>1];HGNC.Current:9415[1];HGNC.Current:9415[1>0];Ensembl.HGNC:236716[3>0]	ENSG00000125740	CURATED:58[0];HGNC.Current:9415[1];HGNC.Current:9415[1>0];Ensembl.HGNC:236716[3>0]
AP-1	HGNC.Current:9414[8];HGNC.Current:13717[8>1];HGNC.Current:13717[1];HGNC.Current:13717[1>0];Ensembl.HGNC:92038[3>0]	ENSG00000130522	CURATED:138[0];HGNC.Current:13717[1];HGNC.Current:13717[1>0];Ensembl.HGNC:92038[3>0]
AP-1	HGNC.Current:9414[8];HGNC.Current:9414[8>1];HGNC.Current:9414[1];HGNC.Current:9414[1>0];Ensembl.HGNC:13428[3>0]	ENSG00000170345	CURATED:57[0];HGNC.Current:9414[1];HGNC.Current:9414[1>0];Ensembl.HGNC:13428[3>0]
AP-1	HGNC.Current:9414[8];HGNC.Current:13714[8>1];HGNC.Current:13714[1];HGNC.Current:13714[1>0];Ensembl.HGNC:275258[3>0]	ENSG00000177606	CURATED:136[0];HGNC.Current:13714[1];HGNC.Current:13714[1>0];Ensembl.HGNC:275258[3>0]
AP-2	HGNC.Current:38706[8];HGNC.Current:38706[8>1];HGNC.Current:38706[1];HGNC.Current:38706[1>0];Ensembl.HGNC:103510[3>0]	ENSG00000137203	CURATED:256[0];HGNC.Current:38706[1];HGNC.Current:38706[1>0];Ensembl.HGNC:103510[3>0]
AP-2alpha	HGNC.Current:38706[8];HGNC.Current:38706[8>1];HGNC.Current:38706[1];HGNC.Current:38706[1>0];Ensembl.HGNC:103510[3>0]	ENSG00000137203	CURATED:256[0];HGNC.Current:38706[1];HGNC.Current:38706[1>0];Ensembl.HGNC:103510[3>0]
AP2	HGNC.Current:11034[8];HGNC.Current:11034[8>1];HGNC.Current:11034[1];HGNC.Current:11034[1>0];Ensembl.HGNC:56375[3>0]	ENSG00000122034	CURATED:87[0];HGNC.Current:11034[1];HGNC.Current:11034[1>0];Ensembl.HGNC:56375[3>0]
AP2-GAMMA	HGNC.Current:38710[8];HGNC.Current:38710[8>1];HGNC.Current:38710[1];HGNC.Current:38710[1>0];Ensembl.HGNC:13931[3>0]	ENSG00000087510	CURATED:257[0];HGNC.Current:38710[1];HGNC.Current:38710[1>0];Ensembl.HGNC:13931[3>0]
AP2TF	HGNC.Current:38706[10];HGNC.Current:38706[10>1];HGNC.Current:38706[1];HGNC.Current:38706[1>0];Ensembl.HGNC:103510[3>0]	ENSG00000137203	CURATED:256[0];HGNC.Current:38706[1];HGNC.Current:38706[1>0];Ensembl.HGNC:103510[3>0]
APRF	HGNC.Current:37779[8];HGNC.Current:37779[8>1];HGNC.Current:37779[1];HGNC.Current:37779[1>0];Ensembl.HGNC:265687[3>0]	ENSG00000168610	CURATED:242[0];HGNC.Current:37779[1];HGNC.Current:37779[1>0];Ensembl.HGNC:265687[3>0]
ARA	HGNC.Current:80[10];HGNC.Current:9425[8>1];HGNC.Current:9425[1];HGNC.Current:9425[1>0];Ensembl.HGNC:23520[3>0]	ENSG00000054598	CURATED:62[0];HGNC.Current:9425[1];HGNC.Current:9425[1>0];Ensembl.HGNC:23520[3>0]
AREB6	HGNC.Current:42924[8];HGNC.Current:42924[8>1];HGNC.Current:42924[1];HGNC.Current:42924[1>0];Ensembl.HGNC:92740[3>0]	ENSG00000148516	CURATED:271[0];HGNC.Current:42924[1];HGNC.Current:42924[1>0];Ensembl.HGNC:92740[3>0]
ARG1	HGNC.Current:1429[1];HGNC.Current:1429[1>0];Ensembl.HGNC:210990[3>0]	ENSG00000118520	CURATED:5[0];HGNC.Current:1429[1];HGNC.Current:1429[1>0];Ensembl.HGNC:210990[3>0]
ARG1	HGNC.Current:1429[1];HGNC.Current:38928[8>1];HGNC.Current:38928[1];HGNC.Current:38928[1>0];Ensembl.HGNC:175588[3>0]	ENSG00000142910	CURATED:5[0];HGNC.Current:1429[1];HGNC.Current:38928[8>1];HGNC.Current:38928[1];HGNC.Current:38928[1>0];Ensembl.HGNC:175588[3>0]
ARID3A	HGNC.Current:1542[1];HGNC.Current:1542[1>0];Ensembl.HGNC:19551[3>0]	ENSG00000116017	CURATED:6[0];HGNC.Current:1542[1];HGNC.Current:1542[1>0];Ensembl.HGNC:19551[3>0]
ARID3B	HGNC.Current:1543[1];HGNC.Current:1543[1>0];Ensembl.HGNC:110538[3>0]	ENSG00000179361	CURATED:7[0];HGNC.Current:1543[1];HGNC.Current:1543[1>0];Ensembl.HGNC:110538[3>0]
ARID5B	HGNC.Current:1549[1];HGNC.Current:1549[1>0];Ensembl.HGNC:81884[3>0]	ENSG00000150347	CURATED:8[0];HGNC.Current:1549[1];HGNC.Current:1549[1>0];Ensembl.HGNC:81884[3>0]
armadillo	HGNC.Current:5816[8];HGNC.Current:5816[8>1];HGNC.Current:5816[1];HGNC.Current:5816[1>0];Ensembl.HGNC:263315[3>0]	ENSG00000168036	CURATED:26[0];HGNC.Current:5816[1];HGNC.Current:5816[1>0];Ensembl.HGNC:263315[3>0]
ARP1	HGNC.Current:23168[10];HGNC.Withdrawn:170[2>3];Ensembl.HGNC:47561[3>0]	ENSG00000185551	CURATED:190[0];HGNC.Current:23168[1];HGNC.Current:23168[1>0];Ensembl.HGNC:47561[3>0]
ASCL2	HGNC.Current:1749[1];HGNC.Current:1749[1>0];Ensembl.HGNC:223545[3>0]	ENSG00000183734	CURATED:9[0];HGNC.Current:1749[1];HGNC.Current:1749[1>0];Ensembl.HGNC:223545[3>0]
ASH2	HGNC.Current:1749[8];HGNC.Current:1749[8>1];HGNC.Current:1749[1];HGNC.Current:1749[1>0];Ensembl.HGNC:223545[3>0]	ENSG00000183734	CURATED:9[0];HGNC.Current:1749[1];HGNC.Current:1749[1>0];Ensembl.HGNC:223545[3>0]
AT225	HGNC.Current:7619[8];HGNC.Current:7619[8>1];HGNC.Current:7619[1];HGNC.Current:7619[1>0];Ensembl.HGNC:222433[3>0]	ENSG00000120738	CURATED:40[0];HGNC.Current:7619[1];HGNC.Current:7619[1>0];Ensembl.HGNC:222433[3>0]
ATBF1	HGNC.Current:42949[10];HGNC.Current:42949[10>1];HGNC.Current:42949[1];HGNC.Current:42949[1>0];Ensembl.HGNC:42920[3>0]	ENSG00000140836	CURATED:273[0];HGNC.Current:42949[1];HGNC.Current:42949[1>0];Ensembl.HGNC:42920[3>0]
B-ATF	HGNC.Current:2257[8];HGNC.Current:2257[8>1];HGNC.Current:2257[1];HGNC.Current:2257[1>0];Ensembl.HGNC:78242[3>0]	ENSG00000156127	CURATED:11[0];HGNC.Current:2257[1];HGNC.Current:2257[1>0];Ensembl.HGNC:78242[3>0]
BACH-1	HGNC.Current:2206[8];HGNC.Current:2696[8>1];HGNC.Current:2696[1];HGNC.Current:2696[1>0];Ensembl.HGNC:174538[3>0]	ENSG00000136492	CURATED:10[0];HGNC.Current:2206[1];HGNC.Current:2696[8>1];HGNC.Current:2696[1];HGNC.Current:2696[1>0];Ensembl.HGNC:174538[3>0]
BACH-1	HGNC.Current:2206[8];HGNC.Current:2206[8>1];HGNC.Current:2206[1];HGNC.Current:2206[1>0];Ensembl.HGNC:2711[3>0]	ENSG00000156273	CURATED:10[0];HGNC.Current:2206[1];HGNC.Current:2206[1>0];Ensembl.HGNC:2711[3>0]
BACH1	HGNC.Current:2206[1];HGNC.Current:2696[8>1];HGNC.Current:2696[1];HGNC.Current:2696[1>0];Ensembl.HGNC:174538[3>0]	ENSG00000136492	CURATED:10[0];HGNC.Current:2206[1];HGNC.Current:2696[8>1];HGNC.Current:2696[1];HGNC.Current:2696[1>0];Ensembl.HGNC:174538[3>0]
BACH1	HGNC.Current:2206[1];HGNC.Current:2206[1>0];Ensembl.HGNC:2711[3>0]	ENSG00000156273	CURATED:10[0];HGNC.Current:2206[1];HGNC.Current:2206[1>0];Ensembl.HGNC:2711[3>0]
BATF	HGNC.Current:2257[1];HGNC.Current:2257[1>0];Ensembl.HGNC:78242[3>0]	ENSG00000156127	CURATED:11[0];HGNC.Current:2257[1];HGNC.Current:2257[1>0];Ensembl.HGNC:78242[3>0]
BATF1	HGNC.Current:2257[8];HGNC.Current:2257[8>1];HGNC.Current:2257[1];HGNC.Current:2257[1>0];Ensembl.HGNC:78242[3>0]	ENSG00000156127	CURATED:11[0];HGNC.Current:2257[1];HGNC.Current:2257[1>0];Ensembl.HGNC:78242[3>0]
bB238F13	HGNC.Current:22804[8];HGNC.Current:22804[8>1];HGNC.Current:22804[1];HGNC.Current:22804[1>0];Ensembl.HGNC:41996[3>0]	ENSG00000229544	CURATED:186[0];HGNC.Current:22804[1];HGNC.Current:22804[1>0];Ensembl.HGNC:41996[3>0]
bB379O24	HGNC.Current:10073[8];HGNC.Current:10073[8>1];HGNC.Current:10073[1];HGNC.Current:10073[1>0];Ensembl.HGNC:16452[3>0]	ENSG00000130700	CURATED:80[0];HGNC.Current:10073[1];HGNC.Current:10073[1>0];Ensembl.HGNC:16452[3>0]
BCAR2	HGNC.Current:40191[10];HGNC.Withdrawn:226[2>3];Ensembl.HGNC:169689[3>0]	ENSG00000124496	CURATED:263[0];HGNC.Current:40191[1];HGNC.Current:40191[1>0];Ensembl.HGNC:169689[3>0]
BCD1	HGNC.Current:14134[10];HGNC.Withdrawn:227[2>3];Ensembl.HGNC:9725[3>0]	ENSG00000067082	CURATED:146[0];HGNC.Current:14134[1];HGNC.Current:14134[1>0];Ensembl.HGNC:9725[3>0]
BCL11A	HGNC.Current:2342[1];HGNC.Current:2342[1>0];Ensembl.HGNC:53924[3>0]	ENSG00000119866	CURATED:12[0];HGNC.Current:2342[1];HGNC.Current:2342[1>0];Ensembl.HGNC:53924[3>0]
BCL11A-L	HGNC.Current:2342[8];HGNC.Current:2342[8>1];HGNC.Current:2342[1];HGNC.Current:2342[1>0];Ensembl.HGNC:53924[3>0]	ENSG00000119866	CURATED:12[0];HGNC.Current:2342[1];HGNC.Current:2342[1>0];Ensembl.HGNC:53924[3>0]
BCL11A-S	HGNC.Current:2342[8];HGNC.Current:2342[8>1];HGNC.Current:2342[1];HGNC.Current:2342[1>0];Ensembl.HGNC:53924[3>0]	ENSG00000119866	CURATED:12[0];HGNC.Current:2342[1];HGNC.Current:2342[1>0];Ensembl.HGNC:53924[3>0]
BCL11A-XL	HGNC.Current:2342[8];HGNC.Current:2342[8>1];HGNC.Current:2342[1];HGNC.Current:2342[1>0];Ensembl.HGNC:53924[3>0]	ENSG00000119866	CURATED:12[0];HGNC.Current:2342[1];HGNC.Current:2342[1>0];Ensembl.HGNC:53924[3>0]
BCL11B	HGNC.Current:2343[1];HGNC.Current:2343[1>0];Ensembl.HGNC:178608[3>0]	ENSG00000127152	CURATED:13[0];HGNC.Current:2343[1];HGNC.Current:2343[1>0];Ensembl.HGNC:178608[3>0]
BDB	HGNC.Current:32133[10];HGNC.Current:32134[8>1];HGNC.Current:32134[1];HGNC.Current:32134[1>0];Ensembl.HGNC:40538[3>0]	ENSG00000069667	CURATED:211[0];HGNC.Current:32134[1];HGNC.Current:32134[1>0];Ensembl.HGNC:40538[3>0]
BDB1	HGNC.Current:32133[10];HGNC.Current:32134[8>1];HGNC.Current:32134[1];HGNC.Current:32134[1>0];Ensembl.HGNC:40538[3>0]	ENSG00000069667	CURATED:211[0];HGNC.Current:32134[1];HGNC.Current:32134[1>0];Ensembl.HGNC:40538[3>0]
BDP	HGNC.Current:1543[8];HGNC.Current:1543[8>1];HGNC.Current:1543[1];HGNC.Current:1543[1>0];Ensembl.HGNC:110538[3>0]	ENSG00000179361	CURATED:7[0];HGNC.Current:1543[1];HGNC.Current:1543[1>0];Ensembl.HGNC:110538[3>0]
beta-catenin	HGNC.Current:5816[8];HGNC.Current:5816[8>1];HGNC.Current:5816[1];HGNC.Current:5816[1>0];Ensembl.HGNC:263315[3>0]	ENSG00000168036	CURATED:26[0];HGNC.Current:5816[1];HGNC.Current:5816[1>0];Ensembl.HGNC:263315[3>0]
BFT	HGNC.Current:25825[10];HGNC.Withdrawn:251[2>3];Ensembl.HGNC:248371[3>0]	ENSG00000069011	CURATED:200[0];HGNC.Current:25825[1];HGNC.Current:25825[1>0];Ensembl.HGNC:248371[3>0]
bHLHa17	HGNC.Current:38264[8];HGNC.Current:38264[8>1];HGNC.Current:38264[1];HGNC.Current:38264[1>0];Ensembl.HGNC:255251[3>0]	ENSG00000162367	CURATED:246[0];HGNC.Current:38264[1];HGNC.Current:38264[1>0];Ensembl.HGNC:255251[3>0]
bHLHa18	HGNC.Current:17792[8];HGNC.Current:17792[8>1];HGNC.Current:17792[1];HGNC.Current:17792[1>0];Ensembl.HGNC:98495[3>0]	ENSG00000104903	CURATED:157[0];HGNC.Current:17792[1];HGNC.Current:17792[1>0];Ensembl.HGNC:98495[3>0]
bHLHa26	HGNC.Current:11352[8];HGNC.Current:11352[8>1];HGNC.Current:11352[1];HGNC.Current:11352[1>0];Ensembl.HGNC:71616[3>0]	ENSG00000164107	CURATED:89[0];HGNC.Current:11352[1];HGNC.Current:11352[1>0];Ensembl.HGNC:71616[3>0]
bHLHa27	HGNC.Current:11351[8];HGNC.Current:11351[8>1];HGNC.Current:11351[1];HGNC.Current:11351[1>0];Ensembl.HGNC:178456[3>0]	ENSG00000113196	CURATED:88[0];HGNC.Current:11351[1];HGNC.Current:11351[1>0];Ensembl.HGNC:178456[3>0]
bHLHa38	HGNC.Current:41286[8];HGNC.Current:41286[8>1];HGNC.Current:41286[1];HGNC.Current:41286[1>0];Ensembl.HGNC:22392[3>0]	ENSG00000122691	CURATED:264[0];HGNC.Current:41286[1];HGNC.Current:41286[1>0];Ensembl.HGNC:22392[3>0]
bHLHa39	HGNC.Current:41287[8];HGNC.Current:41287[8>1];HGNC.Current:41287[1];HGNC.Current:41287[1>0];Ensembl.HGNC:271493[3>0]	ENSG00000233608	CURATED:265[0];HGNC.Current:41287[1];HGNC.Current:41287[1>0];Ensembl.HGNC:271493[3>0]
bHLHa39	HGNC.Current:41287[8];HGNC.Current:41287[8>1];HGNC.Current:41287[1];HGNC.Current:41287[1>0];Ensembl.HGNC:26844[3>0]	ENSG00000288335	CURATED:265[0];HGNC.Current:41287[1];HGNC.Current:41287[1>0];Ensembl.HGNC:26844[3>0]
bHLHa40	HGNC.Current:38519[8];HGNC.Current:38519[8>1];HGNC.Current:38519[1];HGNC.Current:38519[1>0];Ensembl.HGNC:63667[3>0]	ENSG00000125878	CURATED:252[0];HGNC.Current:38519[1];HGNC.Current:38519[1>0];Ensembl.HGNC:63667[3>0]
bHLHa45	HGNC.Current:1749[8];HGNC.Current:1749[8>1];HGNC.Current:1749[1];HGNC.Current:1749[1>0];Ensembl.HGNC:223545[3>0]	ENSG00000183734	CURATED:9[0];HGNC.Current:1749[1];HGNC.Current:1749[1>0];Ensembl.HGNC:223545[3>0]
bHLHb12	HGNC.Current:41753[8];HGNC.Current:41753[8>1];HGNC.Current:41753[1];HGNC.Current:41753[1>0];Ensembl.HGNC:206880[3>0]	ENSG00000105698	CURATED:266[0];HGNC.Current:41753[1];HGNC.Current:41753[1>0];Ensembl.HGNC:206880[3>0]
bHLHb19	HGNC.Current:38510[8];HGNC.Current:38516[10>1];HGNC.Current:38516[1];HGNC.Current:38516[1>0];Ensembl.HGNC:152776[3>0]	ENSG00000148737	CURATED:254[0];HGNC.Current:38510[1];HGNC.Current:38516[10>1];HGNC.Current:38516[1];HGNC.Current:38516[1>0];Ensembl.HGNC:152776[3>0]
bHLHb19	HGNC.Current:38510[8];HGNC.Current:38510[8>1];HGNC.Current:38510[1];HGNC.Current:38510[1>0];Ensembl.HGNC:12536[3>0]	ENSG00000196628	CURATED:254[0];HGNC.Current:38510[1];HGNC.Current:38510[1>0];Ensembl.HGNC:12536[3>0]
bHLHb21	HGNC.Current:38508[8];HGNC.Current:38508[8>1];HGNC.Current:38508[1];HGNC.Current:38508[1>0];Ensembl.HGNC:224257[3>0]	ENSG00000071564	CURATED:253[0];HGNC.Current:38508[1];HGNC.Current:38508[1>0];Ensembl.HGNC:224257[3>0]
bHLHb21	HGNC.Current:38508[8];HGNC.Current:38514[10>1];HGNC.Current:38514[1];HGNC.Current:38514[1>0];Ensembl.HGNC:54909[3>0]	ENSG00000152284	CURATED:253[0];HGNC.Current:38508[1];HGNC.Current:38514[10>1];HGNC.Current:38514[1];HGNC.Current:38514[1>0];Ensembl.HGNC:54909[3>0]
bHLHb21	HGNC.Current:38508[8];HGNC.Current:38514[10>1];HGNC.Current:38514[1];HGNC.Current:38514[1>0];Ensembl.HGNC:85177[3>0]	ENSG00000292149	CURATED:253[0];HGNC.Current:38508[1];HGNC.Current:38514[10>1];HGNC.Current:38514[1];HGNC.Current:38514[1>0];Ensembl.HGNC:85177[3>0]
bHLHb24	HGNC.Current:12530[8];HGNC.Current:12530[8>1];HGNC.Current:12530[1];HGNC.Current:12530[1>0];Ensembl.HGNC:27803[3>0]	ENSG00000125968	CURATED:121[0];HGNC.Current:12530[1];HGNC.Current:12530[1>0];Ensembl.HGNC:27803[3>0]
bHLHb25	HGNC.Current:12534[8];HGNC.Current:12534[8>1];HGNC.Current:12534[1];HGNC.Current:12534[1>0];Ensembl.HGNC:117025[3>0]	ENSG00000117318	CURATED:123[0];HGNC.Current:12534[1];HGNC.Current:12534[1>0];Ensembl.HGNC:117025[3>0]
bHLHb25	HGNC.Current:12534[8];HGNC.Current:12534[8>1];HGNC.Current:12534[1];HGNC.Current:12534[1>0];Ensembl.HGNC:77361[3>0]	ENSG00000283060	CURATED:123[0];HGNC.Current:12534[1];HGNC.Current:12534[1>0];Ensembl.HGNC:77361[3>0]
bHLHb26	HGNC.Current:12531[8];HGNC.Current:12531[8>1];HGNC.Current:12531[1];HGNC.Current:12531[1>0];Ensembl.HGNC:220791[3>0]	ENSG00000115738	CURATED:122[0];HGNC.Current:12531[1];HGNC.Current:12531[1>0];Ensembl.HGNC:220791[3>0]
bHLHb37	HGNC.Current:11569[8];HGNC.Current:11569[8>1];HGNC.Current:11569[1];HGNC.Current:11569[1>0];Ensembl.HGNC:83428[3>0]	ENSG00000179111	CURATED:94[0];HGNC.Current:11569[1];HGNC.Current:11569[1>0];Ensembl.HGNC:83428[3>0]
bHLHb38	HGNC.Current:11567[8];HGNC.Current:11567[8>1];HGNC.Current:11567[1];HGNC.Current:11567[1>0];Ensembl.HGNC:39975[3>0]	ENSG00000197921	CURATED:92[0];HGNC.Current:11567[1];HGNC.Current:11567[1>0];Ensembl.HGNC:39975[3>0]
bHLHb38	HGNC.Current:11567[8];HGNC.Current:11567[8>1];HGNC.Current:11567[1];HGNC.Current:11567[1>0];Ensembl.HGNC:75106[3>0]	ENSG00000273529	CURATED:92[0];HGNC.Current:11567[1];HGNC.Current:11567[1>0];Ensembl.HGNC:75106[3>0]
bHLHb39	HGNC.Current:11563[8];HGNC.Current:11563[8>1];HGNC.Current:11563[1];HGNC.Current:11563[1>0];Ensembl.HGNC:262356[3>0]	ENSG00000114315	CURATED:90[0];HGNC.Current:11563[1];HGNC.Current:11563[1>0];Ensembl.HGNC:262356[3>0]
bHLHb39	HGNC.Current:11563[8];HGNC.Current:10083[8>1];HGNC.Current:10083[1];HGNC.Current:10083[1>0];Ensembl.HGNC:25032[3>0]	ENSG00000160221	CURATED:90[0];HGNC.Current:11563[1];HGNC.Current:10083[8>1];HGNC.Current:10083[1];HGNC.Current:10083[1>0];Ensembl.HGNC:25032[3>0]
bHLHb41	HGNC.Current:11568[8];HGNC.Current:11568[8>1];HGNC.Current:11568[1];HGNC.Current:11568[1>0];Ensembl.HGNC:120592[3>0]	ENSG00000144485	CURATED:93[0];HGNC.Current:11568[1];HGNC.Current:11568[1>0];Ensembl.HGNC:120592[3>0]
bHLHb43	HGNC.Current:11565[8];HGNC.Current:11565[8>1];HGNC.Current:11565[1];HGNC.Current:11565[1>0];Ensembl.HGNC:274092[3>0]	ENSG00000173673	CURATED:91[0];HGNC.Current:11565[1];HGNC.Current:11565[1>0];Ensembl.HGNC:274092[3>0]
BHLHB6	HGNC.Current:23585[8];HGNC.Current:23585[8>1];HGNC.Current:23585[1];HGNC.Current:23585[1>0];Ensembl.HGNC:13596[3>0]	ENSG00000184221	CURATED:192[0];HGNC.Current:23585[1];HGNC.Current:23585[1>0];Ensembl.HGNC:13596[3>0]
bHLHc11	HGNC.Current:21940[8];HGNC.Current:21940[8>1];HGNC.Current:21940[1];HGNC.Current:21940[1>0];Ensembl.HGNC:73472[3>0]	ENSG00000119950	CURATED:174[0];HGNC.Current:21940[1];HGNC.Current:21940[1>0];Ensembl.HGNC:73472[3>0]
bHLHc5	HGNC.Current:18430[8];HGNC.Current:18430[8>1];HGNC.Current:18430[1];HGNC.Current:18430[1>0];Ensembl.HGNC:145235[3>0]	ENSG00000166823	CURATED:168[0];HGNC.Current:18430[1];HGNC.Current:18430[1>0];Ensembl.HGNC:145235[3>0]
bHLHc58	HGNC.Current:21937[8];HGNC.Current:21937[8>1];HGNC.Current:21937[1];HGNC.Current:21937[1>0];Ensembl.HGNC:208732[3>0]	ENSG00000059728	CURATED:173[0];HGNC.Current:21937[1];HGNC.Current:21937[1>0];Ensembl.HGNC:208732[3>0]
bHLHe21	HGNC.Current:23585[8];HGNC.Current:23585[8>1];HGNC.Current:23585[1];HGNC.Current:23585[1>0];Ensembl.HGNC:13596[3>0]	ENSG00000184221	CURATED:192[0];HGNC.Current:23585[1];HGNC.Current:23585[1>0];Ensembl.HGNC:13596[3>0]
bHLHe32	HGNC.Current:20644[8];HGNC.Current:20644[8>1];HGNC.Current:20644[1];HGNC.Current:20644[1>0];Ensembl.HGNC:258015[3>0]	ENSG00000187098	CURATED:169[0];HGNC.Current:20644[1];HGNC.Current:20644[1>0];Ensembl.HGNC:258015[3>0]
bHLHe34	HGNC.Current:38728[8];HGNC.Current:38728[8>1];HGNC.Current:38728[1];HGNC.Current:38728[1>0];Ensembl.HGNC:64107[3>0]	ENSG00000105967	CURATED:260[0];HGNC.Current:38728[1];HGNC.Current:38728[1>0];Ensembl.HGNC:64107[3>0]
bHLHe39	HGNC.Current:21961[8];HGNC.Current:21961[8>1];HGNC.Current:21961[1];HGNC.Current:21961[1>0];Ensembl.HGNC:181822[3>0]	ENSG00000136997	CURATED:177[0];HGNC.Current:21961[1];HGNC.Current:21961[1>0];Ensembl.HGNC:181822[3>0]
bHLHe73	HGNC.Current:8043[8];HGNC.Current:8043[8>1];HGNC.Current:8043[1];HGNC.Current:8043[1>0];Ensembl.HGNC:52410[3>0]	ENSG00000116016	CURATED:48[0];HGNC.Current:8043[1];HGNC.Current:8043[1>0];Ensembl.HGNC:52410[3>0]
bHLHe76	HGNC.Current:702[8];HGNC.Current:702[8>1];HGNC.Current:702[1];HGNC.Current:702[1>0];Ensembl.HGNC:22321[3>0]	ENSG00000106546	CURATED:1[0];HGNC.Current:702[1];HGNC.Current:702[1>0];Ensembl.HGNC:22321[3>0]
BKLF	HGNC.Current:14127[8];HGNC.Current:14127[8>1];HGNC.Current:14127[1];HGNC.Current:14127[1>0];Ensembl.HGNC:22235[3>0]	ENSG00000109787	CURATED:143[0];HGNC.Current:14127[1];HGNC.Current:14127[1>0];Ensembl.HGNC:22235[3>0]
BKLF3	HGNC.Current:14138[8];HGNC.Current:14138[8>1];HGNC.Current:14138[1];HGNC.Current:14138[1>0];Ensembl.HGNC:17096[3>0]	ENSG00000102349	CURATED:148[0];HGNC.Current:14138[1];HGNC.Current:14138[1>0];Ensembl.HGNC:17096[3>0]
Blimp-1	HGNC.Current:26725[8];HGNC.Current:26725[8>1];HGNC.Current:26725[1];HGNC.Current:26725[1>0];Ensembl.HGNC:28303[3>0]	ENSG00000057657	CURATED:204[0];HGNC.Current:26725[1];HGNC.Current:26725[1>0];Ensembl.HGNC:28303[3>0]
BLIMP1	HGNC.Current:26725[10];HGNC.Withdrawn:253[2>3];Ensembl.HGNC:28303[3>0]	ENSG00000057657	CURATED:204[0];HGNC.Current:26725[1];HGNC.Current:26725[1>0];Ensembl.HGNC:28303[3>0]
BPES2	HGNC.Current:41286[8];HGNC.Current:41286[8>1];HGNC.Current:41286[1];HGNC.Current:41286[1>0];Ensembl.HGNC:22392[3>0]	ENSG00000122691	CURATED:264[0];HGNC.Current:41286[1];HGNC.Current:41286[1>0];Ensembl.HGNC:22392[3>0]
BPES3	HGNC.Current:41286[10];HGNC.Withdrawn:3567[2>3];Ensembl.HGNC:22392[3>0]	ENSG00000122691	CURATED:264[0];HGNC.Current:41286[1];HGNC.Current:41286[1>0];Ensembl.HGNC:22392[3>0]
BRF2	HGNC.Current:2684[1];HGNC.Current:42963[10>1];HGNC.Current:42963[1];HGNC.Current:42963[1>0];Ensembl.HGNC:267292[3>0]	ENSG00000152518	CURATED:274[0];HGNC.Current:42963[1];HGNC.Current:42963[1>0];Ensembl.HGNC:267292[3>0]
BRFU	HGNC.Current:2684[8];HGNC.Current:42963[10>1];HGNC.Current:42963[1];HGNC.Current:42963[1>0];Ensembl.HGNC:267292[3>0]	ENSG00000152518	CURATED:274[0];HGNC.Current:42963[1];HGNC.Current:42963[1>0];Ensembl.HGNC:267292[3>0]
BRIGHT	HGNC.Current:1542[8];HGNC.Current:1542[8>1];HGNC.Current:1542[1];HGNC.Current:1542[1>0];Ensembl.HGNC:19551[3>0]	ENSG00000116017	CURATED:6[0];HGNC.Current:1542[1];HGNC.Current:1542[1>0];Ensembl.HGNC:19551[3>0]
BRIP1	HGNC.Current:2696[1];HGNC.Current:2696[1>0];Ensembl.HGNC:174538[3>0]	ENSG00000136492	CURATED:10[0];HGNC.Current:2206[1];HGNC.Current:2696[8>1];HGNC.Current:2696[1];HGNC.Current:2696[1>0];Ensembl.HGNC:174538[3>0]
BSAP	HGNC.Current:24886[8];HGNC.Current:24886[8>1];HGNC.Current:24886[1];HGNC.Current:24886[1>0];Ensembl.HGNC:12927[3>0]	ENSG00000196092	CURATED:197[0];HGNC.Current:24886[1];HGNC.Current:24886[1>0];Ensembl.HGNC:12927[3>0]
BTBD24	HGNC.Current:2206[8];HGNC.Current:2696[8>1];HGNC.Current:2696[1];HGNC.Current:2696[1>0];Ensembl.HGNC:174538[3>0]	ENSG00000136492	CURATED:10[0];HGNC.Current:2206[1];HGNC.Current:2696[8>1];HGNC.Current:2696[1];HGNC.Current:2696[1>0];Ensembl.HGNC:174538[3>0]
BTBD24	HGNC.Current:2206[8];HGNC.Current:2206[8>1];HGNC.Current:2206[1];HGNC.Current:2206[1>0];Ensembl.HGNC:2711[3>0]	ENSG00000156273	CURATED:10[0];HGNC.Current:2206[1];HGNC.Current:2206[1>0];Ensembl.HGNC:2711[3>0]
BTEB1	HGNC.Current:14140[10];HGNC.Current:14140[10>1];HGNC.Current:14140[1];HGNC.Current:14140[1>0];Ensembl.HGNC:106454[3>0]	ENSG00000119138	CURATED:149[0];HGNC.Current:14140[1];HGNC.Current:14140[1>0];Ensembl.HGNC:106454[3>0]
BTEB2	HGNC.Current:14133[10];HGNC.Withdrawn:265[2>3];Ensembl.HGNC:2993[3>0]	ENSG00000102554	CURATED:23[0];HGNC.Current:4824[1];HGNC.Current:14133[8>1];HGNC.Current:14133[1];HGNC.Current:14133[1>0];Ensembl.HGNC:2993[3>0]
BTEB3	HGNC.Current:14146[8];HGNC.Current:14146[8>1];HGNC.Current:14146[1];HGNC.Current:14146[1>0];Ensembl.HGNC:98850[3>0]	ENSG00000169926	CURATED:141[0];HGNC.Current:14146[1];HGNC.Current:14146[1>0];Ensembl.HGNC:98850[3>0]
BTEB3	HGNC.Current:14146[8];HGNC.Current:14146[8>1];HGNC.Current:14146[1];HGNC.Current:14146[1>0];Ensembl.HGNC:43059[3>0]	ENSG00000275746	CURATED:141[0];HGNC.Current:14146[1];HGNC.Current:14146[1>0];Ensembl.HGNC:43059[3>0]
BTEB5	HGNC.Current:14147[8];HGNC.Current:37165[8>1];HGNC.Current:37165[1];HGNC.Current:37165[1>0];Ensembl.HGNC:259036[3>0]	ENSG00000189120	CURATED:237[0];HGNC.Current:37165[1];HGNC.Current:37165[1>0];Ensembl.HGNC:259036[3>0]
BZP	HGNC.Current:42924[8];HGNC.Current:42924[8>1];HGNC.Current:42924[1];HGNC.Current:42924[1>0];Ensembl.HGNC:92740[3>0]	ENSG00000148516	CURATED:271[0];HGNC.Current:42924[1];HGNC.Current:42924[1>0];Ensembl.HGNC:92740[3>0]
C-193	HGNC.Current:1049[8];HGNC.Current:1049[8>1];HGNC.Current:1049[1];HGNC.Current:1049[1>0];Ensembl.HGNC:54389[3>0]	ENSG00000148677	CURATED:4[0];HGNC.Current:1049[1];HGNC.Current:1049[1>0];Ensembl.HGNC:54389[3>0]
c-fos	HGNC.Current:9414[8];HGNC.Current:9414[8>1];HGNC.Current:9414[1];HGNC.Current:9414[1>0];Ensembl.HGNC:13428[3>0]	ENSG00000170345	CURATED:57[0];HGNC.Current:9414[1];HGNC.Current:9414[1>0];Ensembl.HGNC:13428[3>0]
c-Jun	HGNC.Current:13714[8];HGNC.Current:13714[8>1];HGNC.Current:13714[1];HGNC.Current:13714[1>0];Ensembl.HGNC:275258[3>0]	ENSG00000177606	CURATED:136[0];HGNC.Current:13714[1];HGNC.Current:13714[1>0];Ensembl.HGNC:275258[3>0]
c-MAF	HGNC.Current:17873[8];HGNC.Current:17873[8>1];HGNC.Current:17873[1];HGNC.Current:17873[1>0];Ensembl.HGNC:34664[3>0]	ENSG00000178573	CURATED:158[0];HGNC.Current:17873[1];HGNC.Current:17873[1>0];Ensembl.HGNC:34664[3>0]
c-myb	HGNC.Current:21951[8];HGNC.Current:21951[8>1];HGNC.Current:21951[1];HGNC.Current:21951[1>0];Ensembl.HGNC:222938[3>0]	ENSG00000118513	CURATED:175[0];HGNC.Current:21951[1];HGNC.Current:21951[1>0];Ensembl.HGNC:222938[3>0]
c-Myc	HGNC.Current:21961[8];HGNC.Current:21961[8>1];HGNC.Current:21961[1];HGNC.Current:21961[1>0];Ensembl.HGNC:181822[3>0]	ENSG00000136997	CURATED:177[0];HGNC.Current:21961[1];HGNC.Current:21961[1>0];Ensembl.HGNC:181822[3>0]
C/EBP-alpha	HGNC.Current:4279[8];HGNC.Current:4279[8>1];HGNC.Current:4279[1];HGNC.Current:4279[1>0];Ensembl.HGNC:226663[3>0]	ENSG00000245848	CURATED:18[0];HGNC.Current:4279[1];HGNC.Current:4279[1>0];Ensembl.HGNC:226663[3>0]
C/EBP-beta	HGNC.Current:4281[8];HGNC.Current:4281[8>1];HGNC.Current:4281[1];HGNC.Current:4281[1>0];Ensembl.HGNC:67120[3>0]	ENSG00000172216	CURATED:19[0];HGNC.Current:4281[1];HGNC.Current:4281[1>0];Ensembl.HGNC:67120[3>0]
C/EBP-delta	HGNC.Current:4283[8];HGNC.Current:4283[8>1];HGNC.Current:4283[1];HGNC.Current:4283[1>0];Ensembl.HGNC:151057[3>0]	ENSG00000221869	CURATED:20[0];HGNC.Current:4283[1];HGNC.Current:4283[1>0];Ensembl.HGNC:151057[3>0]
C10orf121	HGNC.Current:22804[10];HGNC.Current:22804[10>1];HGNC.Current:22804[1];HGNC.Current:22804[1>0];Ensembl.HGNC:41996[3>0]	ENSG00000229544	CURATED:186[0];HGNC.Current:22804[1];HGNC.Current:22804[1>0];Ensembl.HGNC:41996[3>0]
C16orf47	HGNC.Current:42949[10];HGNC.Withdrawn:4222[2>3];Ensembl.HGNC:42920[3>0]	ENSG00000140836	CURATED:273[0];HGNC.Current:42949[1];HGNC.Current:42949[1>0];Ensembl.HGNC:42920[3>0]
C21orf33	HGNC.Current:10083[10];HGNC.Current:10083[10>1];HGNC.Current:10083[1];HGNC.Current:10083[1>0];Ensembl.HGNC:25032[3>0]	ENSG00000160221	CURATED:90[0];HGNC.Current:11563[1];HGNC.Current:10083[8>1];HGNC.Current:10083[1];HGNC.Current:10083[1>0];Ensembl.HGNC:25032[3>0]
C2orf12	HGNC.Current:27978[10];HGNC.Withdrawn:4135[2>3];Ensembl.HGNC:228378[3>0]	ENSG00000153250	CURATED:209[0];HGNC.Current:27978[1];HGNC.Current:27978[1>0];Ensembl.HGNC:228378[3>0]
C32	HGNC.Current:4824[8];HGNC.Current:14133[8>1];HGNC.Current:14133[1];HGNC.Current:14133[1>0];Ensembl.HGNC:2993[3>0]	ENSG00000102554	CURATED:23[0];HGNC.Current:4824[1];HGNC.Current:14133[8>1];HGNC.Current:14133[1];HGNC.Current:14133[1>0];Ensembl.HGNC:2993[3>0]
C32	HGNC.Current:4824[8];HGNC.Current:4824[8>1];HGNC.Current:4824[1];HGNC.Current:4824[1>0];Ensembl.HGNC:121272[3>0]	ENSG00000217555	CURATED:23[0];HGNC.Current:4824[1];HGNC.Current:4824[1>0];Ensembl.HGNC:121272[3>0]
CAMTA1	HGNC.Current:3339[1];HGNC.Current:3339[1>0];Ensembl.HGNC:275261[3>0]	ENSG00000171735	CURATED:14[0];HGNC.Current:3339[1];HGNC.Current:3339[1>0];Ensembl.HGNC:275261[3>0]
CARP	HGNC.Current:1049[8];HGNC.Current:1049[8>1];HGNC.Current:1049[1];HGNC.Current:1049[1>0];Ensembl.HGNC:54389[3>0]	ENSG00000148677	CURATED:4[0];HGNC.Current:1049[1];HGNC.Current:1049[1>0];Ensembl.HGNC:54389[3>0]
CART1	HGNC.Current:936[10];HGNC.Current:936[10>1];HGNC.Current:936[1];HGNC.Current:936[1>0];Ensembl.HGNC:51228[3>0]	ENSG00000180318	CURATED:3[0];HGNC.Current:936[1];HGNC.Current:936[1>0];Ensembl.HGNC:51228[3>0]
CBF-A	HGNC.Current:22690[8];HGNC.Current:22690[8>1];HGNC.Current:22690[1];HGNC.Current:22690[1>0];Ensembl.HGNC:170326[3>0]	ENSG00000120837	CURATED:185[0];HGNC.Current:22690[1];HGNC.Current:22690[1>0];Ensembl.HGNC:170326[3>0]
CBF2	HGNC.Current:4286[8];HGNC.Current:4286[8>1];HGNC.Current:4286[1];HGNC.Current:4286[1>0];Ensembl.HGNC:111824[3>0]	ENSG00000115816	CURATED:22[0];HGNC.Current:4286[1];HGNC.Current:4286[1>0];Ensembl.HGNC:111824[3>0]
CBFA1	HGNC.Current:34452[10];HGNC.Withdrawn:379[2>3];Ensembl.HGNC:25880[3>0]	ENSG00000124813	CURATED:215[0];HGNC.Current:34452[1];HGNC.Current:34452[1>0];Ensembl.HGNC:25880[3>0]
CBFA2	HGNC.Current:34448[10];HGNC.Withdrawn:380[2>3];Ensembl.HGNC:38975[3>0]	ENSG00000159216	CURATED:214[0];HGNC.Current:34448[1];HGNC.Current:34448[1>0];Ensembl.HGNC:38975[3>0]
CBFA3	HGNC.Current:34454[10];HGNC.Withdrawn:381[2>3];Ensembl.HGNC:273507[3>0]	ENSG00000020633	CURATED:216[0];HGNC.Current:34454[1];HGNC.Current:34454[1>0];Ensembl.HGNC:273507[3>0]
CCD	HGNC.Current:34452[10];HGNC.Current:34452[10>1];HGNC.Current:34452[1];HGNC.Current:34452[1>0];Ensembl.HGNC:25880[3>0]	ENSG00000124813	CURATED:215[0];HGNC.Current:34452[1];HGNC.Current:34452[1>0];Ensembl.HGNC:25880[3>0]
CCD1	HGNC.Current:34452[10];HGNC.Withdrawn:391[2>3];Ensembl.HGNC:25880[3>0]	ENSG00000124813	CURATED:215[0];HGNC.Current:34452[1];HGNC.Current:34452[1>0];Ensembl.HGNC:25880[3>0]
CDX1	HGNC.Current:4222[1];HGNC.Current:4222[1>0];Ensembl.HGNC:232981[3>0]	ENSG00000113722	CURATED:15[0];HGNC.Current:4222[1];HGNC.Current:4222[1>0];Ensembl.HGNC:232981[3>0]
CDX2	HGNC.Current:4223[1];HGNC.Current:4223[1>0];Ensembl.HGNC:44351[3>0]	ENSG00000165556	CURATED:16[0];HGNC.Current:4223[1];HGNC.Current:4223[1>0];Ensembl.HGNC:44351[3>0]
CDX3	HGNC.Current:4223[10];HGNC.Withdrawn:447[2>3];Ensembl.HGNC:44351[3>0]	ENSG00000165556	CURATED:16[0];HGNC.Current:4223[1];HGNC.Current:4223[1>0];Ensembl.HGNC:44351[3>0]
CDX4	HGNC.Current:4224[1];HGNC.Current:4224[1>0];Ensembl.HGNC:162344[3>0]	ENSG00000131264	CURATED:17[0];HGNC.Current:4224[1];HGNC.Current:4224[1>0];Ensembl.HGNC:162344[3>0]
CEBP	HGNC.Current:4279[10];HGNC.Current:4279[10>1];HGNC.Current:4279[1];HGNC.Current:4279[1>0];Ensembl.HGNC:226663[3>0]	ENSG00000245848	CURATED:18[0];HGNC.Current:4279[1];HGNC.Current:4279[1>0];Ensembl.HGNC:226663[3>0]
CEBPA	HGNC.Current:4279[1];HGNC.Current:4279[1>0];Ensembl.HGNC:226663[3>0]	ENSG00000245848	CURATED:18[0];HGNC.Current:4279[1];HGNC.Current:4279[1>0];Ensembl.HGNC:226663[3>0]
CEBPB	HGNC.Current:4281[1];HGNC.Current:4281[1>0];Ensembl.HGNC:67120[3>0]	ENSG00000172216	CURATED:19[0];HGNC.Current:4281[1];HGNC.Current:4281[1>0];Ensembl.HGNC:67120[3>0]
CEBPD	HGNC.Current:4283[1];HGNC.Current:4283[1>0];Ensembl.HGNC:151057[3>0]	ENSG00000221869	CURATED:20[0];HGNC.Current:4283[1];HGNC.Current:4283[1>0];Ensembl.HGNC:151057[3>0]
CEBPE	HGNC.Current:4284[1];HGNC.Current:4284[1>0];Ensembl.HGNC:171124[3>0]	ENSG00000092067	CURATED:21[0];HGNC.Current:4284[1];HGNC.Current:4284[1>0];Ensembl.HGNC:171124[3>0]
CEBPZ	HGNC.Current:4286[1];HGNC.Current:4286[1>0];Ensembl.HGNC:111824[3>0]	ENSG00000115816	CURATED:22[0];HGNC.Current:4286[1];HGNC.Current:4286[1>0];Ensembl.HGNC:111824[3>0]
CELF	HGNC.Current:4283[8];HGNC.Current:4283[8>1];HGNC.Current:4283[1];HGNC.Current:4283[1>0];Ensembl.HGNC:151057[3>0]	ENSG00000221869	CURATED:20[0];HGNC.Current:4283[1];HGNC.Current:4283[1>0];Ensembl.HGNC:151057[3>0]
CIS3	HGNC.Current:37079[8];HGNC.Current:37079[8>1];HGNC.Current:37079[1];HGNC.Current:37079[1>0];Ensembl.HGNC:214861[3>0]	ENSG00000184557	CURATED:224[0];HGNC.Current:37079[1];HGNC.Current:37079[1>0];Ensembl.HGNC:214861[3>0]
Cish3	HGNC.Current:37079[8];HGNC.Current:37079[8>1];HGNC.Current:37079[1];HGNC.Current:37079[1>0];Ensembl.HGNC:214861[3>0]	ENSG00000184557	CURATED:224[0];HGNC.Current:37079[1];HGNC.Current:37079[1>0];Ensembl.HGNC:214861[3>0]
CKLF	HGNC.Current:4824[1];HGNC.Current:14133[8>1];HGNC.Current:14133[1];HGNC.Current:14133[1>0];Ensembl.HGNC:2993[3>0]	ENSG00000102554	CURATED:23[0];HGNC.Current:4824[1];HGNC.Current:14133[8>1];HGNC.Current:14133[1];HGNC.Current:14133[1>0];Ensembl.HGNC:2993[3>0]
CKLF	HGNC.Current:4824[1];HGNC.Current:4824[1>0];Ensembl.HGNC:121272[3>0]	ENSG00000217555	CURATED:23[0];HGNC.Current:4824[1];HGNC.Current:4824[1>0];Ensembl.HGNC:121272[3>0]
CKLF1	HGNC.Current:4824[10];HGNC.Current:14133[8>1];HGNC.Current:14133[1];HGNC.Current:14133[1>0];Ensembl.HGNC:2993[3>0]	ENSG00000102554	CURATED:23[0];HGNC.Current:4824[1];HGNC.Current:14133[8>1];HGNC.Current:14133[1];HGNC.Current:14133[1>0];Ensembl.HGNC:2993[3>0]
CKLF1	HGNC.Current:4824[10];HGNC.Current:4824[10>1];HGNC.Current:4824[1];HGNC.Current:4824[1>0];Ensembl.HGNC:121272[3>0]	ENSG00000217555	CURATED:23[0];HGNC.Current:4824[1];HGNC.Current:4824[1>0];Ensembl.HGNC:121272[3>0]
CKLF3	HGNC.Current:4824[8];HGNC.Current:14133[8>1];HGNC.Current:14133[1];HGNC.Current:14133[1>0];Ensembl.HGNC:2993[3>0]	ENSG00000102554	CURATED:23[0];HGNC.Current:4824[1];HGNC.Current:14133[8>1];HGNC.Current:14133[1];HGNC.Current:14133[1>0];Ensembl.HGNC:2993[3>0]
CKLF3	HGNC.Current:4824[8];HGNC.Current:4824[8>1];HGNC.Current:4824[1];HGNC.Current:4824[1>0];Ensembl.HGNC:121272[3>0]	ENSG00000217555	CURATED:23[0];HGNC.Current:4824[1];HGNC.Current:4824[1>0];Ensembl.HGNC:121272[3>0]
CKLF4	HGNC.Current:4824[8];HGNC.Current:14133[8>1];HGNC.Current:14133[1];HGNC.Current:14133[1>0];Ensembl.HGNC:2993[3>0]	ENSG00000102554	CURATED:23[0];HGNC.Current:4824[1];HGNC.Current:14133[8>1];HGNC.Current:14133[1];HGNC.Current:14133[1>0];Ensembl.HGNC:2993[3>0]
CKLF4	HGNC.Current:4824[8];HGNC.Current:4824[8>1];HGNC.Current:4824[1];HGNC.Current:4824[1>0];Ensembl.HGNC:121272[3>0]	ENSG00000217555	CURATED:23[0];HGNC.Current:4824[1];HGNC.Current:4824[1>0];Ensembl.HGNC:121272[3>0]
CMD1	HGNC.Current:37143[10];HGNC.Withdrawn:528[2>3];Ensembl.HGNC:72413[3>0]	ENSG00000125398	CURATED:233[0];HGNC.Current:37143[1];HGNC.Current:37143[1>0];Ensembl.HGNC:72413[3>0]
CMPD1	HGNC.Current:37143[10];HGNC.Current:37143[10>1];HGNC.Current:37143[1];HGNC.Current:37143[1>0];Ensembl.HGNC:72413[3>0]	ENSG00000125398	CURATED:233[0];HGNC.Current:37143[1];HGNC.Current:37143[1>0];Ensembl.HGNC:72413[3>0]
COE1	HGNC.Current:7389[8];HGNC.Current:7389[8>1];HGNC.Current:7389[1];HGNC.Current:7389[1>0];Ensembl.HGNC:261467[3>0]	ENSG00000164330	CURATED:36[0];HGNC.Current:7389[1];HGNC.Current:7389[1>0];Ensembl.HGNC:261467[3>0]
COE2	HGNC.Current:7390[8];HGNC.Current:7390[8>1];HGNC.Current:7390[1];HGNC.Current:7390[1>0];Ensembl.HGNC:10324[3>0]	ENSG00000221818	CURATED:37[0];HGNC.Current:7390[1];HGNC.Current:7390[1>0];Ensembl.HGNC:10324[3>0]
COE3	HGNC.Current:7391[8];HGNC.Current:7391[8>1];HGNC.Current:7391[1];HGNC.Current:7391[1>0];Ensembl.HGNC:94333[3>0]	ENSG00000108001	CURATED:38[0];HGNC.Current:7391[1];HGNC.Current:7391[1>0];Ensembl.HGNC:94333[3>0]
COE4	HGNC.Current:7393[8];HGNC.Current:7393[8>1];HGNC.Current:7393[1];HGNC.Current:7393[1>0];Ensembl.HGNC:116723[3>0]	ENSG00000088881	CURATED:39[0];HGNC.Current:7393[1];HGNC.Current:7393[1>0];Ensembl.HGNC:116723[3>0]
COM1	HGNC.Current:23426[8];HGNC.Current:23426[8>1];HGNC.Current:23426[1];HGNC.Current:23426[1>0];Ensembl.HGNC:129412[3>0]	ENSG00000176046	CURATED:191[0];HGNC.Current:23426[1];HGNC.Current:23426[1>0];Ensembl.HGNC:129412[3>0]
COPEB	HGNC.Current:14134[10];HGNC.Current:14134[10>1];HGNC.Current:14134[1];HGNC.Current:14134[1>0];Ensembl.HGNC:9725[3>0]	ENSG00000067082	CURATED:146[0];HGNC.Current:14134[1];HGNC.Current:14134[1>0];Ensembl.HGNC:9725[3>0]
COUP-TFI	HGNC.Current:23166[8];HGNC.Current:23166[8>1];HGNC.Current:23166[1];HGNC.Current:23166[1>0];Ensembl.HGNC:251584[3>0]	ENSG00000175745	CURATED:189[0];HGNC.Current:23166[1];HGNC.Current:23166[1>0];Ensembl.HGNC:251584[3>0]
COUP-TFII	HGNC.Current:23168[8];HGNC.Current:23168[8>1];HGNC.Current:23168[1];HGNC.Current:23168[1>0];Ensembl.HGNC:47561[3>0]	ENSG00000185551	CURATED:190[0];HGNC.Current:23168[1];HGNC.Current:23168[1>0];Ensembl.HGNC:47561[3>0]
COUPTF1	HGNC.Current:23166[8];HGNC.Current:23166[8>1];HGNC.Current:23166[1];HGNC.Current:23166[1>0];Ensembl.HGNC:251584[3>0]	ENSG00000175745	CURATED:189[0];HGNC.Current:23166[1];HGNC.Current:23166[1>0];Ensembl.HGNC:251584[3>0]
COUPTF2	HGNC.Current:23168[8];HGNC.Current:23168[8>1];HGNC.Current:23168[1];HGNC.Current:23168[1>0];Ensembl.HGNC:47561[3>0]	ENSG00000185551	CURATED:190[0];HGNC.Current:23168[1];HGNC.Current:23168[1>0];Ensembl.HGNC:47561[3>0]
COUPTFB	HGNC.Current:23168[8];HGNC.Current:23168[8>1];HGNC.Current:23168[1];HGNC.Current:23168[1>0];Ensembl.HGNC:47561[3>0]	ENSG00000185551	CURATED:190[0];HGNC.Current:23168[1];HGNC.Current:23168[1>0];Ensembl.HGNC:47561[3>0]
CPBP	HGNC.Current:14134[8];HGNC.Current:14134[8>1];HGNC.Current:14134[1];HGNC.Current:14134[1>0];Ensembl.HGNC:9725[3>0]	ENSG00000067082	CURATED:146[0];HGNC.Current:14134[1];HGNC.Current:14134[1>0];Ensembl.HGNC:9725[3>0]
CREB1	HGNC.Current:5501[1];HGNC.Current:5501[1>0];Ensembl.HGNC:246988[3>0]	ENSG00000118260	CURATED:24[0];HGNC.Current:5501[1];HGNC.Current:5501[1>0];Ensembl.HGNC:246988[3>0]
CREM	HGNC.Current:5517[1];HGNC.Current:5517[1>0];Ensembl.HGNC:166924[3>0]	ENSG00000095794	CURATED:25[0];HGNC.Current:5517[1];HGNC.Current:5517[1>0];Ensembl.HGNC:166924[3>0]
CRP1	HGNC.Current:4284[8];HGNC.Current:4284[8>1];HGNC.Current:4284[1];HGNC.Current:4284[1>0];Ensembl.HGNC:171124[3>0]	ENSG00000092067	CURATED:21[0];HGNC.Current:4284[1];HGNC.Current:4284[1>0];Ensembl.HGNC:171124[3>0]
CRP2	HGNC.Current:4281[8];HGNC.Current:4281[8>1];HGNC.Current:4281[1];HGNC.Current:4281[1>0];Ensembl.HGNC:67120[3>0]	ENSG00000172216	CURATED:19[0];HGNC.Current:4281[1];HGNC.Current:4281[1>0];Ensembl.HGNC:67120[3>0]
CRP3	HGNC.Current:4283[8];HGNC.Current:4283[8>1];HGNC.Current:4283[1];HGNC.Current:4283[1>0];Ensembl.HGNC:151057[3>0]	ENSG00000221869	CURATED:20[0];HGNC.Current:4283[1];HGNC.Current:4283[1>0];Ensembl.HGNC:151057[3>0]
CRS	HGNC.Current:41286[10];HGNC.Withdrawn:614[2>3];Ensembl.HGNC:22392[3>0]	ENSG00000122691	CURATED:264[0];HGNC.Current:41286[1];HGNC.Current:41286[1>0];Ensembl.HGNC:22392[3>0]
CRS1	HGNC.Current:41286[8];HGNC.Current:41286[8>1];HGNC.Current:41286[1];HGNC.Current:41286[1>0];Ensembl.HGNC:22392[3>0]	ENSG00000122691	CURATED:264[0];HGNC.Current:41286[1];HGNC.Current:41286[1>0];Ensembl.HGNC:22392[3>0]
CRS2	HGNC.Current:21209[8];HGNC.Current:21209[8>1];HGNC.Current:21209[1];HGNC.Current:21209[1>0];Ensembl.HGNC:180970[3>0]	ENSG00000120149	CURATED:172[0];HGNC.Current:21209[1];HGNC.Current:21209[1>0];Ensembl.HGNC:180970[3>0]
CSX	HGNC.Current:22811[10];HGNC.Current:22811[10>1];HGNC.Current:22811[1];HGNC.Current:22811[1>0];Ensembl.HGNC:186032[3>0]	ENSG00000183072	CURATED:187[0];HGNC.Current:22811[1];HGNC.Current:22811[1>0];Ensembl.HGNC:186032[3>0]
CSX1	HGNC.Current:22811[8];HGNC.Current:22811[8>1];HGNC.Current:22811[1];HGNC.Current:22811[1>0];Ensembl.HGNC:186032[3>0]	ENSG00000183072	CURATED:187[0];HGNC.Current:22811[1];HGNC.Current:22811[1>0];Ensembl.HGNC:186032[3>0]
CT100	HGNC.Current:7042[8];HGNC.Current:7042[8>1];HGNC.Current:7042[1];HGNC.Current:7042[1>0];Ensembl.HGNC:47553[3>0]	ENSG00000163530	CURATED:31[0];HGNC.Current:7042[1];HGNC.Current:7042[1>0];Ensembl.HGNC:47553[3>0]
CTF2	HGNC.Current:4286[8];HGNC.Current:4286[8>1];HGNC.Current:4286[1];HGNC.Current:4286[1>0];Ensembl.HGNC:111824[3>0]	ENSG00000115816	CURATED:22[0];HGNC.Current:4286[1];HGNC.Current:4286[1>0];Ensembl.HGNC:111824[3>0]
CTIP-2	HGNC.Current:2343[8];HGNC.Current:2343[8>1];HGNC.Current:2343[1];HGNC.Current:2343[1>0];Ensembl.HGNC:178608[3>0]	ENSG00000127152	CURATED:13[0];HGNC.Current:2343[1];HGNC.Current:2343[1>0];Ensembl.HGNC:178608[3>0]
CTIP1	HGNC.Current:2342[8];HGNC.Current:2342[8>1];HGNC.Current:2342[1];HGNC.Current:2342[1>0];Ensembl.HGNC:53924[3>0]	ENSG00000119866	CURATED:12[0];HGNC.Current:2342[1];HGNC.Current:2342[1>0];Ensembl.HGNC:53924[3>0]
CTIP2	HGNC.Current:2343[8];HGNC.Current:2343[8>1];HGNC.Current:2343[1];HGNC.Current:2343[1>0];Ensembl.HGNC:178608[3>0]	ENSG00000127152	CURATED:13[0];HGNC.Current:2343[1];HGNC.Current:2343[1>0];Ensembl.HGNC:178608[3>0]
CTNNB	HGNC.Current:5816[10];HGNC.Current:5816[10>1];HGNC.Current:5816[1];HGNC.Current:5816[1>0];Ensembl.HGNC:263315[3>0]	ENSG00000168036	CURATED:26[0];HGNC.Current:5816[1];HGNC.Current:5816[1>0];Ensembl.HGNC:263315[3>0]
CTNNB1	HGNC.Current:5816[1];HGNC.Current:5816[1>0];Ensembl.HGNC:263315[3>0]	ENSG00000168036	CURATED:26[0];HGNC.Current:5816[1];HGNC.Current:5816[1>0];Ensembl.HGNC:263315[3>0]
CVARP	HGNC.Current:1049[8];HGNC.Current:1049[8>1];HGNC.Current:1049[1];HGNC.Current:1049[1>0];Ensembl.HGNC:54389[3>0]	ENSG00000148677	CURATED:4[0];HGNC.Current:1049[1];HGNC.Current:1049[1>0];Ensembl.HGNC:54389[3>0]
D11S812E	HGNC.Current:24887[8];HGNC.Current:24887[8>1];HGNC.Current:24887[1];HGNC.Current:24887[1>0];Ensembl.HGNC:216546[3>0]	ENSG00000007372	CURATED:198[0];HGNC.Current:24887[1];HGNC.Current:24887[1>0];Ensembl.HGNC:216546[3>0]
D21S2048E	HGNC.Current:10083[8];HGNC.Current:10083[8>1];HGNC.Current:10083[1];HGNC.Current:10083[1>0];Ensembl.HGNC:25032[3>0]	ENSG00000160221	CURATED:90[0];HGNC.Current:11563[1];HGNC.Current:10083[8>1];HGNC.Current:10083[1];HGNC.Current:10083[1>0];Ensembl.HGNC:25032[3>0]
DACH	HGNC.Current:6166[10];HGNC.Current:6166[10>1];HGNC.Current:6166[1];HGNC.Current:6166[1>0];Ensembl.HGNC:36339[3>0]	ENSG00000276644	CURATED:27[0];HGNC.Current:6166[1];HGNC.Current:6166[1>0];Ensembl.HGNC:36339[3>0]
DACH1	HGNC.Current:6166[1];HGNC.Current:6166[1>0];Ensembl.HGNC:36339[3>0]	ENSG00000276644	CURATED:27[0];HGNC.Current:6166[1];HGNC.Current:6166[1>0];Ensembl.HGNC:36339[3>0]
Dermo-1	HGNC.Current:41287[8];HGNC.Current:41287[8>1];HGNC.Current:41287[1];HGNC.Current:41287[1>0];Ensembl.HGNC:271493[3>0]	ENSG00000233608	CURATED:265[0];HGNC.Current:41287[1];HGNC.Current:41287[1>0];Ensembl.HGNC:271493[3>0]
Dermo-1	HGNC.Current:41287[8];HGNC.Current:41287[8>1];HGNC.Current:41287[1];HGNC.Current:41287[1>0];Ensembl.HGNC:26844[3>0]	ENSG00000288335	CURATED:265[0];HGNC.Current:41287[1];HGNC.Current:41287[1>0];Ensembl.HGNC:26844[3>0]
DERMO1	HGNC.Current:41287[8];HGNC.Current:41287[8>1];HGNC.Current:41287[1];HGNC.Current:41287[1>0];Ensembl.HGNC:271493[3>0]	ENSG00000233608	CURATED:265[0];HGNC.Current:41287[1];HGNC.Current:41287[1>0];Ensembl.HGNC:271493[3>0]
DERMO1	HGNC.Current:41287[8];HGNC.Current:41287[8>1];HGNC.Current:41287[1];HGNC.Current:41287[1>0];Ensembl.HGNC:26844[3>0]	ENSG00000288335	CURATED:265[0];HGNC.Current:41287[1];HGNC.Current:41287[1>0];Ensembl.HGNC:26844[3>0]
DFNA27	HGNC.Current:28171[10];HGNC.Withdrawn:741[2>3];Ensembl.HGNC:75638[3>0]	ENSG00000084093	CURATED:210[0];HGNC.Current:28171[1];HGNC.Current:28171[1>0];Ensembl.HGNC:75638[3>0]
dHand	HGNC.Current:11352[8];HGNC.Current:11352[8>1];HGNC.Current:11352[1];HGNC.Current:11352[1>0];Ensembl.HGNC:71616[3>0]	ENSG00000164107	CURATED:89[0];HGNC.Current:11352[1];HGNC.Current:11352[1>0];Ensembl.HGNC:71616[3>0]
DIETER	HGNC.Current:9483[8];HGNC.Current:9483[8>1];HGNC.Current:9483[1];HGNC.Current:9483[1>0];Ensembl.HGNC:148487[3>0]	ENSG00000049768	CURATED:74[0];HGNC.Current:9483[1];HGNC.Current:9483[1>0];Ensembl.HGNC:148487[3>0]
DILC	HGNC.Current:38720[8];HGNC.Current:38720[8>1];HGNC.Current:38720[1];HGNC.Current:38720[1>0];Ensembl.HGNC:18429[3>0]	ENSG00000198176	CURATED:258[0];HGNC.Current:38720[1];HGNC.Current:38720[1>0];Ensembl.HGNC:18429[3>0]
dJ139D8	HGNC.Current:11064[8];HGNC.Current:40191[8>1];HGNC.Current:40191[1];HGNC.Current:40191[1>0];Ensembl.HGNC:169689[3>0]	ENSG00000124496	CURATED:263[0];HGNC.Current:40191[1];HGNC.Current:40191[1>0];Ensembl.HGNC:169689[3>0]
dJ857M17.1.2	HGNC.Current:12530[8];HGNC.Current:12530[8>1];HGNC.Current:12530[1];HGNC.Current:12530[1>0];Ensembl.HGNC:27803[3>0]	ENSG00000125968	CURATED:121[0];HGNC.Current:12530[1];HGNC.Current:12530[1>0];Ensembl.HGNC:27803[3>0]
DKFZp564H0764	HGNC.Current:27978[8];HGNC.Current:27978[8>1];HGNC.Current:27978[1];HGNC.Current:27978[1>0];Ensembl.HGNC:228378[3>0]	ENSG00000153250	CURATED:209[0];HGNC.Current:27978[1];HGNC.Current:27978[1>0];Ensembl.HGNC:228378[3>0]
DKFZp566F123	HGNC.Current:42809[8];HGNC.Current:42809[8>1];HGNC.Current:42809[1];HGNC.Current:42809[1>0];Ensembl.HGNC:244837[3>0]	ENSG00000181722	CURATED:270[0];HGNC.Current:42809[1];HGNC.Current:42809[1>0];Ensembl.HGNC:244837[3>0]
DKFZp667B0210	HGNC.Current:7391[8];HGNC.Current:7391[8>1];HGNC.Current:7391[1];HGNC.Current:7391[1>0];Ensembl.HGNC:94333[3>0]	ENSG00000108001	CURATED:38[0];HGNC.Current:7391[1];HGNC.Current:7391[1>0];Ensembl.HGNC:94333[3>0]
DKFZp686C0818	HGNC.Current:9415[8];HGNC.Current:9415[8>1];HGNC.Current:9415[1];HGNC.Current:9415[1>0];Ensembl.HGNC:236716[3>0]	ENSG00000125740	CURATED:58[0];HGNC.Current:9415[1];HGNC.Current:9415[1>0];Ensembl.HGNC:236716[3>0]
DLX3	HGNC.Current:6740[1];HGNC.Current:6740[1>0];Ensembl.HGNC:74615[3>0]	ENSG00000064195	CURATED:28[0];HGNC.Current:6740[1];HGNC.Current:6740[1>0];Ensembl.HGNC:74615[3>0]
DLX5	HGNC.Current:6742[1];HGNC.Current:6742[1>0];Ensembl.HGNC:63611[3>0]	ENSG00000105880	CURATED:29[0];HGNC.Current:6742[1];HGNC.Current:6742[1>0];Ensembl.HGNC:63611[3>0]
DLX6	HGNC.Current:6743[1];HGNC.Current:6743[1>0];Ensembl.HGNC:66752[3>0]	ENSG00000006377	CURATED:30[0];HGNC.Current:6743[1];HGNC.Current:6743[1>0];Ensembl.HGNC:66752[3>0]
Dp-1	HGNC.Current:38720[8];HGNC.Current:38720[8>1];HGNC.Current:38720[1];HGNC.Current:38720[1>0];Ensembl.HGNC:18429[3>0]	ENSG00000198176	CURATED:258[0];HGNC.Current:38720[1];HGNC.Current:38720[1>0];Ensembl.HGNC:18429[3>0]
Dp-2	HGNC.Current:38724[8];HGNC.Current:38724[8>1];HGNC.Current:38724[1];HGNC.Current:38724[1>0];Ensembl.HGNC:121918[3>0]	ENSG00000114126	CURATED:259[0];HGNC.Current:38724[1];HGNC.Current:38724[1>0];Ensembl.HGNC:121918[3>0]
DP1	HGNC.Current:27276[8];HGNC.Current:38720[8>1];HGNC.Current:38720[1];HGNC.Current:38720[1>0];Ensembl.HGNC:18429[3>0]	ENSG00000198176	CURATED:258[0];HGNC.Current:38720[1];HGNC.Current:38720[1>0];Ensembl.HGNC:18429[3>0]
DPPA2	HGNC.Current:7042[1];HGNC.Current:7042[1>0];Ensembl.HGNC:47553[3>0]	ENSG00000163530	CURATED:31[0];HGNC.Current:7042[1];HGNC.Current:7042[1>0];Ensembl.HGNC:47553[3>0]
DPPA3	HGNC.Current:7047[1];HGNC.Current:7047[1>0];Ensembl.HGNC:29231[3>0]	ENSG00000187569	CURATED:32[0];HGNC.Current:7047[1];HGNC.Current:7047[1>0];Ensembl.HGNC:29231[3>0]
DPPA4	HGNC.Current:7060[1];HGNC.Current:7060[1>0];Ensembl.HGNC:220992[3>0]	ENSG00000121570	CURATED:33[0];HGNC.Current:7060[1];HGNC.Current:7060[1>0];Ensembl.HGNC:220992[3>0]
DPZF	HGNC.Current:42809[8];HGNC.Current:42809[8>1];HGNC.Current:42809[1];HGNC.Current:42809[1>0];Ensembl.HGNC:244837[3>0]	ENSG00000181722	CURATED:270[0];HGNC.Current:42809[1];HGNC.Current:42809[1>0];Ensembl.HGNC:244837[3>0]
DRIL1	HGNC.Current:1542[10];HGNC.Current:1542[10>1];HGNC.Current:1542[1];HGNC.Current:1542[1>0];Ensembl.HGNC:19551[3>0]	ENSG00000116017	CURATED:6[0];HGNC.Current:1542[1];HGNC.Current:1542[1>0];Ensembl.HGNC:19551[3>0]
DRIL2	HGNC.Current:1543[8];HGNC.Current:1543[8>1];HGNC.Current:1543[1];HGNC.Current:1543[1>0];Ensembl.HGNC:110538[3>0]	ENSG00000179361	CURATED:7[0];HGNC.Current:1543[1];HGNC.Current:1543[1>0];Ensembl.HGNC:110538[3>0]
DRTF1	HGNC.Current:38720[8];HGNC.Current:38720[8>1];HGNC.Current:38720[1];HGNC.Current:38720[1>0];Ensembl.HGNC:18429[3>0]	ENSG00000198176	CURATED:258[0];HGNC.Current:38720[1];HGNC.Current:38720[1>0];Ensembl.HGNC:18429[3>0]
DXS741	HGNC.Current:14138[8];HGNC.Current:14138[8>1];HGNC.Current:14138[1];HGNC.Current:14138[1>0];Ensembl.HGNC:17096[3>0]	ENSG00000102349	CURATED:148[0];HGNC.Current:14138[1];HGNC.Current:14138[1>0];Ensembl.HGNC:17096[3>0]
E2-2	HGNC.Current:38510[8];HGNC.Current:38516[10>1];HGNC.Current:38516[1];HGNC.Current:38516[1>0];Ensembl.HGNC:152776[3>0]	ENSG00000148737	CURATED:254[0];HGNC.Current:38510[1];HGNC.Current:38516[10>1];HGNC.Current:38516[1];HGNC.Current:38516[1>0];Ensembl.HGNC:152776[3>0]
E2-2	HGNC.Current:38510[8];HGNC.Current:38510[8>1];HGNC.Current:38510[1];HGNC.Current:38510[1>0];Ensembl.HGNC:12536[3>0]	ENSG00000196628	CURATED:254[0];HGNC.Current:38510[1];HGNC.Current:38510[1>0];Ensembl.HGNC:12536[3>0]
E2A	HGNC.Current:38508[8];HGNC.Current:38508[8>1];HGNC.Current:38508[1];HGNC.Current:38508[1>0];Ensembl.HGNC:224257[3>0]	ENSG00000071564	CURATED:253[0];HGNC.Current:38508[1];HGNC.Current:38508[1>0];Ensembl.HGNC:224257[3>0]
E2A	HGNC.Current:38508[8];HGNC.Current:38514[10>1];HGNC.Current:38514[1];HGNC.Current:38514[1>0];Ensembl.HGNC:54909[3>0]	ENSG00000152284	CURATED:253[0];HGNC.Current:38508[1];HGNC.Current:38514[10>1];HGNC.Current:38514[1];HGNC.Current:38514[1>0];Ensembl.HGNC:54909[3>0]
E2A	HGNC.Current:38508[8];HGNC.Current:38514[10>1];HGNC.Current:38514[1];HGNC.Current:38514[1>0];Ensembl.HGNC:85177[3>0]	ENSG00000292149	CURATED:253[0];HGNC.Current:38508[1];HGNC.Current:38514[10>1];HGNC.Current:38514[1];HGNC.Current:38514[1>0];Ensembl.HGNC:85177[3>0]
E2F-4	HGNC.Current:7370[8];HGNC.Current:7370[8>1];HGNC.Current:7370[1];HGNC.Current:7370[1>0];Ensembl.HGNC:111885[3>0]	ENSG00000205250	CURATED:35[0];HGNC.Current:7370[1];HGNC.Current:7370[1>0];Ensembl.HGNC:111885[3>0]
E2F3	HGNC.Current:7366[1];HGNC.Current:7366[1>0];Ensembl.HGNC:153786[3>0]	ENSG00000112242	CURATED:34[0];HGNC.Current:7366[1];HGNC.Current:7366[1>0];Ensembl.HGNC:153786[3>0]
E2F4	HGNC.Current:7370[1];HGNC.Current:7370[1>0];Ensembl.HGNC:111885[3>0]	ENSG00000205250	CURATED:35[0];HGNC.Current:7370[1];HGNC.Current:7370[1>0];Ensembl.HGNC:111885[3>0]
E47	HGNC.Current:38508[8];HGNC.Current:38508[8>1];HGNC.Current:38508[1];HGNC.Current:38508[1>0];Ensembl.HGNC:224257[3>0]	ENSG00000071564	CURATED:253[0];HGNC.Current:38508[1];HGNC.Current:38508[1>0];Ensembl.HGNC:224257[3>0]
E47	HGNC.Current:38508[8];HGNC.Current:38514[10>1];HGNC.Current:38514[1];HGNC.Current:38514[1>0];Ensembl.HGNC:54909[3>0]	ENSG00000152284	CURATED:253[0];HGNC.Current:38508[1];HGNC.Current:38514[10>1];HGNC.Current:38514[1];HGNC.Current:38514[1>0];Ensembl.HGNC:54909[3>0]
E47	HGNC.Current:38508[8];HGNC.Current:38514[10>1];HGNC.Current:38514[1];HGNC.Current:38514[1>0];Ensembl.HGNC:85177[3>0]	ENSG00000292149	CURATED:253[0];HGNC.Current:38508[1];HGNC.Current:38514[10>1];HGNC.Current:38514[1];HGNC.Current:38514[1>0];Ensembl.HGNC:85177[3>0]
EAR-3	HGNC.Current:23166[8];HGNC.Current:23166[8>1];HGNC.Current:23166[1];HGNC.Current:23166[1>0];Ensembl.HGNC:251584[3>0]	ENSG00000175745	CURATED:189[0];HGNC.Current:23166[1];HGNC.Current:23166[1>0];Ensembl.HGNC:251584[3>0]
EBF	HGNC.Current:7389[10];HGNC.Current:7389[10>1];HGNC.Current:7389[1];HGNC.Current:7389[1>0];Ensembl.HGNC:261467[3>0]	ENSG00000164330	CURATED:36[0];HGNC.Current:7389[1];HGNC.Current:7389[1>0];Ensembl.HGNC:261467[3>0]
EBF1	HGNC.Current:7389[1];HGNC.Current:7389[1>0];Ensembl.HGNC:261467[3>0]	ENSG00000164330	CURATED:36[0];HGNC.Current:7389[1];HGNC.Current:7389[1>0];Ensembl.HGNC:261467[3>0]
EBF2	HGNC.Current:7390[1];HGNC.Current:7390[1>0];Ensembl.HGNC:10324[3>0]	ENSG00000221818	CURATED:37[0];HGNC.Current:7390[1];HGNC.Current:7390[1>0];Ensembl.HGNC:10324[3>0]
EBF3	HGNC.Current:7391[1];HGNC.Current:7391[1>0];Ensembl.HGNC:94333[3>0]	ENSG00000108001	CURATED:38[0];HGNC.Current:7391[1];HGNC.Current:7391[1>0];Ensembl.HGNC:94333[3>0]
EBF4	HGNC.Current:7393[1];HGNC.Current:7393[1>0];Ensembl.HGNC:116723[3>0]	ENSG00000088881	CURATED:39[0];HGNC.Current:7393[1];HGNC.Current:7393[1>0];Ensembl.HGNC:116723[3>0]
EC2	HGNC.Current:38519[8];HGNC.Current:38519[8>1];HGNC.Current:38519[1];HGNC.Current:38519[1>0];Ensembl.HGNC:63667[3>0]	ENSG00000125878	CURATED:252[0];HGNC.Current:38519[1];HGNC.Current:38519[1>0];Ensembl.HGNC:63667[3>0]
EGR1	HGNC.Current:7619[1];HGNC.Current:7619[1>0];Ensembl.HGNC:222433[3>0]	ENSG00000120738	CURATED:40[0];HGNC.Current:7619[1];HGNC.Current:7619[1>0];Ensembl.HGNC:222433[3>0]
EGR2	HGNC.Current:7620[1];HGNC.Current:7620[1>0];Ensembl.HGNC:114586[3>0]	ENSG00000122877	CURATED:41[0];HGNC.Current:7620[1];HGNC.Current:7620[1>0];Ensembl.HGNC:114586[3>0]
EGRA	HGNC.Current:14142[8];HGNC.Current:14142[8>1];HGNC.Current:14142[1];HGNC.Current:14142[1>0];Ensembl.HGNC:107950[3>0]	ENSG00000155090	CURATED:140[0];HGNC.Current:14142[1];HGNC.Current:14142[1>0];Ensembl.HGNC:107950[3>0]
eHand	HGNC.Current:11351[8];HGNC.Current:11351[8>1];HGNC.Current:11351[1];HGNC.Current:11351[1>0];Ensembl.HGNC:178456[3>0]	ENSG00000113196	CURATED:88[0];HGNC.Current:11351[1];HGNC.Current:11351[1>0];Ensembl.HGNC:178456[3>0]
EKLF	HGNC.Current:14120[8];HGNC.Current:14120[8>1];HGNC.Current:14120[1];HGNC.Current:14120[1>0];Ensembl.HGNC:176476[3>0]	ENSG00000105610	CURATED:139[0];HGNC.Current:14120[1];HGNC.Current:14120[1>0];Ensembl.HGNC:176476[3>0]
ELF1	HGNC.Current:7810[1];HGNC.Current:7810[1>0];Ensembl.HGNC:2739[3>0]	ENSG00000120690	CURATED:42[0];HGNC.Current:7810[1];HGNC.Current:7810[1>0];Ensembl.HGNC:2739[3>0]
ELF1	HGNC.Current:7810[1];HGNC.Current:7894[8>1];HGNC.Current:7894[1];HGNC.Current:7894[1>0];Ensembl.HGNC:208723[3>0]	ENSG00000130165	CURATED:42[0];HGNC.Current:7810[1];HGNC.Current:7894[8>1];HGNC.Current:7894[1];HGNC.Current:7894[1>0];Ensembl.HGNC:208723[3>0]
ELF2	HGNC.Current:7811[1];HGNC.Current:7811[1>0];Ensembl.HGNC:148522[3>0]	ENSG00000109381	CURATED:43[0];HGNC.Current:7811[1];HGNC.Current:7811[1>0];Ensembl.HGNC:148522[3>0]
ELK3	HGNC.Current:7827[1];HGNC.Current:7827[1>0];Ensembl.HGNC:56353[3>0]	ENSG00000111145	CURATED:44[0];HGNC.Current:7827[1];HGNC.Current:7827[1>0];Ensembl.HGNC:56353[3>0]
ELK4	HGNC.Current:7828[1];HGNC.Current:7828[1>0];Ensembl.HGNC:277771[3>0]	ENSG00000158711	CURATED:45[0];HGNC.Current:7828[1];HGNC.Current:7828[1>0];Ensembl.HGNC:277771[3>0]
ELOF1	HGNC.Current:7894[1];HGNC.Current:7894[1>0];Ensembl.HGNC:208723[3>0]	ENSG00000130165	CURATED:42[0];HGNC.Current:7810[1];HGNC.Current:7894[8>1];HGNC.Current:7894[1];HGNC.Current:7894[1>0];Ensembl.HGNC:208723[3>0]
EN1	HGNC.Current:7952[1];HGNC.Current:7952[1>0];Ensembl.HGNC:64320[3>0]	ENSG00000163064	CURATED:46[0];HGNC.Current:7952[1];HGNC.Current:7952[1>0];Ensembl.HGNC:64320[3>0]
EOMES	HGNC.Current:8038[1];HGNC.Current:8038[1>0];Ensembl.HGNC:242266[3>0]	ENSG00000163508	CURATED:47[0];HGNC.Current:8038[1];HGNC.Current:8038[1>0];Ensembl.HGNC:242266[3>0]
EPAS1	HGNC.Current:8043[1];HGNC.Current:8043[1>0];Ensembl.HGNC:52410[3>0]	ENSG00000116016	CURATED:48[0];HGNC.Current:8043[1];HGNC.Current:8043[1>0];Ensembl.HGNC:52410[3>0]
Epfn	HGNC.Current:37165[8];HGNC.Current:37165[8>1];HGNC.Current:37165[1];HGNC.Current:37165[1>0];Ensembl.HGNC:259036[3>0]	ENSG00000189120	CURATED:237[0];HGNC.Current:37165[1];HGNC.Current:37165[1>0];Ensembl.HGNC:259036[3>0]
ER71	HGNC.Current:8357[8];HGNC.Current:8357[8>1];HGNC.Current:8357[1];HGNC.Current:8357[1>0];Ensembl.HGNC:200549[3>0]	ENSG00000105672	CURATED:52[0];HGNC.Current:8357[1];HGNC.Current:8357[1>0];Ensembl.HGNC:200549[3>0]
ERBAL3	HGNC.Current:23166[10];HGNC.Withdrawn:943[2>3];Ensembl.HGNC:251584[3>0]	ENSG00000175745	CURATED:189[0];HGNC.Current:23166[1];HGNC.Current:23166[1>0];Ensembl.HGNC:251584[3>0]
ERF1	HGNC.Current:8336[10];HGNC.Current:38710[8>1];HGNC.Current:38710[1];HGNC.Current:38710[1>0];Ensembl.HGNC:13931[3>0]	ENSG00000087510	CURATED:257[0];HGNC.Current:38710[1];HGNC.Current:38710[1>0];Ensembl.HGNC:13931[3>0]
ERF2	HGNC.Current:42963[8];HGNC.Current:42963[8>1];HGNC.Current:42963[1];HGNC.Current:42963[1>0];Ensembl.HGNC:267292[3>0]	ENSG00000152518	CURATED:274[0];HGNC.Current:42963[1];HGNC.Current:42963[1>0];Ensembl.HGNC:267292[3>0]
ERG	HGNC.Current:8145[1];HGNC.Current:8145[1>0];Ensembl.HGNC:15734[3>0]	ENSG00000157554	CURATED:49[0];HGNC.Current:8145[1];HGNC.Current:8145[1>0];Ensembl.HGNC:15734[3>0]
erg-3	HGNC.Current:8145[8];HGNC.Current:8145[8>1];HGNC.Current:8145[1];HGNC.Current:8145[1>0];Ensembl.HGNC:15734[3>0]	ENSG00000157554	CURATED:49[0];HGNC.Current:8145[1];HGNC.Current:8145[1>0];Ensembl.HGNC:15734[3>0]
ERM	HGNC.Current:8361[8];HGNC.Current:8361[8>1];HGNC.Current:8361[1];HGNC.Current:8361[1>0];Ensembl.HGNC:86215[3>0]	ENSG00000244405	CURATED:53[0];HGNC.Current:8361[1];HGNC.Current:8361[1>0];Ensembl.HGNC:86215[3>0]
ERP	HGNC.Current:7827[8];HGNC.Current:7827[8>1];HGNC.Current:7827[1];HGNC.Current:7827[1>0];Ensembl.HGNC:56353[3>0]	ENSG00000111145	CURATED:44[0];HGNC.Current:7827[1];HGNC.Current:7827[1>0];Ensembl.HGNC:56353[3>0]
ERYF1	HGNC.Current:10067[8];HGNC.Current:10067[8>1];HGNC.Current:10067[1];HGNC.Current:10067[1>0];Ensembl.HGNC:136420[3>0]	ENSG00000102145	CURATED:76[0];HGNC.Current:10067[1];HGNC.Current:10067[1>0];Ensembl.HGNC:136420[3>0]
ES1	HGNC.Current:10083[8];HGNC.Current:10083[8>1];HGNC.Current:10083[1];HGNC.Current:10083[1>0];Ensembl.HGNC:25032[3>0]	ENSG00000160221	CURATED:90[0];HGNC.Current:11563[1];HGNC.Current:10083[8>1];HGNC.Current:10083[1];HGNC.Current:10083[1>0];Ensembl.HGNC:25032[3>0]
ESG	HGNC.Current:38959[8];HGNC.Current:38963[8>1];HGNC.Current:38963[1];HGNC.Current:38963[1>0];Ensembl.HGNC:135860[3>0]	ENSG00000140332	CURATED:261[0];HGNC.Current:38963[1];HGNC.Current:38963[1>0];Ensembl.HGNC:135860[3>0]
ESG3	HGNC.Current:38963[8];HGNC.Current:38963[8>1];HGNC.Current:38963[1];HGNC.Current:38963[1>0];Ensembl.HGNC:135860[3>0]	ENSG00000140332	CURATED:261[0];HGNC.Current:38963[1];HGNC.Current:38963[1>0];Ensembl.HGNC:135860[3>0]
ETS-1	HGNC.Current:8351[8];HGNC.Current:8351[8>1];HGNC.Current:8351[1];HGNC.Current:8351[1>0];Ensembl.HGNC:242014[3>0]	ENSG00000134954	CURATED:50[0];HGNC.Current:8351[1];HGNC.Current:8351[1>0];Ensembl.HGNC:242014[3>0]
ETS1	HGNC.Current:8351[1];HGNC.Current:8351[1>0];Ensembl.HGNC:242014[3>0]	ENSG00000134954	CURATED:50[0];HGNC.Current:8351[1];HGNC.Current:8351[1>0];Ensembl.HGNC:242014[3>0]
ETS2	HGNC.Current:8353[1];HGNC.Current:8353[1>0];Ensembl.HGNC:2798[3>0]	ENSG00000157557	CURATED:51[0];HGNC.Current:8353[1];HGNC.Current:8353[1>0];Ensembl.HGNC:2798[3>0]
ETV2	HGNC.Current:8357[1];HGNC.Current:8357[1>0];Ensembl.HGNC:200549[3>0]	ENSG00000105672	CURATED:52[0];HGNC.Current:8357[1];HGNC.Current:8357[1>0];Ensembl.HGNC:200549[3>0]
ETV5	HGNC.Current:8361[1];HGNC.Current:8361[1>0];Ensembl.HGNC:86215[3>0]	ENSG00000244405	CURATED:53[0];HGNC.Current:8361[1];HGNC.Current:8361[1>0];Ensembl.HGNC:86215[3>0]
ETV6	HGNC.Current:8363[1];HGNC.Current:8363[1>0];Ensembl.HGNC:20793[3>0]	ENSG00000139083	CURATED:54[0];HGNC.Current:8363[1];HGNC.Current:8363[1>0];Ensembl.HGNC:20793[3>0]
EU32	HGNC.Current:7811[8];HGNC.Current:7811[8>1];HGNC.Current:7811[1];HGNC.Current:7811[1>0];Ensembl.HGNC:148522[3>0]	ENSG00000109381	CURATED:43[0];HGNC.Current:7811[1];HGNC.Current:7811[1>0];Ensembl.HGNC:148522[3>0]
EVI9	HGNC.Current:2342[10];HGNC.Withdrawn:967[2>3];Ensembl.HGNC:53924[3>0]	ENSG00000119866	CURATED:12[0];HGNC.Current:2342[1];HGNC.Current:2342[1>0];Ensembl.HGNC:53924[3>0]
EVX1	HGNC.Current:8385[1];HGNC.Current:8385[1>0];Ensembl.HGNC:149490[3>0]	ENSG00000106038	CURATED:55[0];HGNC.Current:8385[1];HGNC.Current:8385[1>0];Ensembl.HGNC:149490[3>0]
EWSR2	HGNC.Current:8351[10];HGNC.Withdrawn:970[2>3];Ensembl.HGNC:242014[3>0]	ENSG00000134954	CURATED:50[0];HGNC.Current:8351[1];HGNC.Current:8351[1>0];Ensembl.HGNC:242014[3>0]
EWSR2	HGNC.Current:8351[10];HGNC.Current:9325[8>1];HGNC.Current:9325[1];HGNC.Current:9325[1>0];Ensembl.HGNC:228559[3>0]	ENSG00000151702	CURATED:56[0];HGNC.Current:9325[1];HGNC.Current:9325[1>0];Ensembl.HGNC:228559[3>0]
EZF	HGNC.Current:14131[8];HGNC.Current:14131[8>1];HGNC.Current:14131[1];HGNC.Current:14131[1>0];Ensembl.HGNC:28028[3>0]	ENSG00000136826	CURATED:144[0];HGNC.Current:14131[1];HGNC.Current:14131[1>0];Ensembl.HGNC:28028[3>0]
FANCJ	HGNC.Current:2696[8];HGNC.Current:2696[8>1];HGNC.Current:2696[1];HGNC.Current:2696[1>0];Ensembl.HGNC:174538[3>0]	ENSG00000136492	CURATED:10[0];HGNC.Current:2206[1];HGNC.Current:2696[8>1];HGNC.Current:2696[1];HGNC.Current:2696[1>0];Ensembl.HGNC:174538[3>0]
FECD6	HGNC.Current:42924[8];HGNC.Current:42924[8>1];HGNC.Current:42924[1];HGNC.Current:42924[1>0];Ensembl.HGNC:92740[3>0]	ENSG00000148516	CURATED:271[0];HGNC.Current:42924[1];HGNC.Current:42924[1>0];Ensembl.HGNC:92740[3>0]
FIP	HGNC.Current:41753[8];HGNC.Current:41753[8>1];HGNC.Current:41753[1];HGNC.Current:41753[1>0];Ensembl.HGNC:206880[3>0]	ENSG00000105698	CURATED:266[0];HGNC.Current:41753[1];HGNC.Current:41753[1>0];Ensembl.HGNC:206880[3>0]
FKH1	HGNC.Current:9471[8];HGNC.Current:9471[8>1];HGNC.Current:9471[1];HGNC.Current:9471[1>0];Ensembl.HGNC:4000[3>0]	ENSG00000150907	CURATED:70[0];HGNC.Current:9471[1];HGNC.Current:9471[1>0];Ensembl.HGNC:4000[3>0]
FKHL13	HGNC.Current:9452[10];HGNC.Withdrawn:1021[2>3];Ensembl.HGNC:119773[3>0]	ENSG00000129654	CURATED:68[0];HGNC.Current:9452[1];HGNC.Current:9452[1>0];Ensembl.HGNC:119773[3>0]
FKHL14	HGNC.Current:9426[10];HGNC.Withdrawn:1022[2>3];Ensembl.HGNC:36349[3>0]	ENSG00000176692	CURATED:63[0];HGNC.Current:9426[1];HGNC.Current:9426[1>0];Ensembl.HGNC:36349[3>0]
FKHL5	HGNC.Current:9443[10];HGNC.Withdrawn:1029[2>3];Ensembl.HGNC:44356[3>0]	ENSG00000103241	CURATED:66[0];HGNC.Current:9443[1];HGNC.Current:9443[1>0];Ensembl.HGNC:44356[3>0]
FKHL6	HGNC.Current:9444[10];HGNC.Withdrawn:1030[2>3];Ensembl.HGNC:20629[3>0]	ENSG00000137273	CURATED:67[0];HGNC.Current:9444[1];HGNC.Current:9444[1>0];Ensembl.HGNC:20629[3>0]
FKHL7	HGNC.Current:9425[10];HGNC.Withdrawn:1031[2>3];Ensembl.HGNC:23520[3>0]	ENSG00000054598	CURATED:62[0];HGNC.Current:9425[1];HGNC.Current:9425[1>0];Ensembl.HGNC:23520[3>0]
FKHL8	HGNC.Current:9429[10];HGNC.Withdrawn:1032[2>3];Ensembl.HGNC:211581[3>0]	ENSG00000251493	CURATED:64[0];HGNC.Current:9429[1];HGNC.Current:9429[1>0];Ensembl.HGNC:211581[3>0]
FKHR	HGNC.Current:9471[10];HGNC.Withdrawn:1034[2>3];Ensembl.HGNC:4000[3>0]	ENSG00000150907	CURATED:70[0];HGNC.Current:9471[1];HGNC.Current:9471[1>0];Ensembl.HGNC:4000[3>0]
FKHRL1	HGNC.Current:9473[10];HGNC.Withdrawn:1035[2>3];Ensembl.HGNC:51505[3>0]	ENSG00000118689	CURATED:71[0];HGNC.Current:9473[1];HGNC.Current:9473[1>0];Ensembl.HGNC:51505[3>0]
FKLF-2	HGNC.Current:14146[8];HGNC.Current:14146[8>1];HGNC.Current:14146[1];HGNC.Current:14146[1>0];Ensembl.HGNC:98850[3>0]	ENSG00000169926	CURATED:141[0];HGNC.Current:14146[1];HGNC.Current:14146[1>0];Ensembl.HGNC:98850[3>0]
FKLF-2	HGNC.Current:14146[8];HGNC.Current:14146[8>1];HGNC.Current:14146[1];HGNC.Current:14146[1>0];Ensembl.HGNC:43059[3>0]	ENSG00000275746	CURATED:141[0];HGNC.Current:14146[1];HGNC.Current:14146[1>0];Ensembl.HGNC:43059[3>0]
FLI-1	HGNC.Current:9325[8];HGNC.Current:9325[8>1];HGNC.Current:9325[1];HGNC.Current:9325[1>0];Ensembl.HGNC:228559[3>0]	ENSG00000151702	CURATED:56[0];HGNC.Current:9325[1];HGNC.Current:9325[1>0];Ensembl.HGNC:228559[3>0]
FLI1	HGNC.Current:9325[1];HGNC.Current:9325[1>0];Ensembl.HGNC:228559[3>0]	ENSG00000151702	CURATED:56[0];HGNC.Current:9325[1];HGNC.Current:9325[1>0];Ensembl.HGNC:228559[3>0]
FLJ10713	HGNC.Current:7060[8];HGNC.Current:7060[8>1];HGNC.Current:7060[1];HGNC.Current:7060[1>0];Ensembl.HGNC:220992[3>0]	ENSG00000121570	CURATED:33[0];HGNC.Current:7060[1];HGNC.Current:7060[1>0];Ensembl.HGNC:220992[3>0]
FLJ10768	HGNC.Current:8351[8];HGNC.Current:8351[8>1];HGNC.Current:8351[1];HGNC.Current:8351[1>0];Ensembl.HGNC:242014[3>0]	ENSG00000134954	CURATED:50[0];HGNC.Current:8351[1];HGNC.Current:8351[1>0];Ensembl.HGNC:242014[3>0]
FLJ11052	HGNC.Current:2684[8];HGNC.Current:42963[10>1];HGNC.Current:42963[1];HGNC.Current:42963[1>0];Ensembl.HGNC:267292[3>0]	ENSG00000152518	CURATED:274[0];HGNC.Current:42963[1];HGNC.Current:42963[1>0];Ensembl.HGNC:267292[3>0]
FLJ11500	HGNC.Current:7390[8];HGNC.Current:7390[8>1];HGNC.Current:7390[1];HGNC.Current:7390[1>0];Ensembl.HGNC:10324[3>0]	ENSG00000221818	CURATED:37[0];HGNC.Current:7390[1];HGNC.Current:7390[1>0];Ensembl.HGNC:10324[3>0]
FLJ12581	HGNC.Current:22193[8];HGNC.Current:22193[8>1];HGNC.Current:22193[1];HGNC.Current:22193[1>0];Ensembl.HGNC:35294[3>0]	ENSG00000111704	CURATED:178[0];HGNC.Current:22193[1];HGNC.Current:22193[1>0];Ensembl.HGNC:35294[3>0]
FLJ20408	HGNC.Current:11563[8];HGNC.Current:11563[8>1];HGNC.Current:11563[1];HGNC.Current:11563[1>0];Ensembl.HGNC:262356[3>0]	ENSG00000114315	CURATED:90[0];HGNC.Current:11563[1];HGNC.Current:11563[1>0];Ensembl.HGNC:262356[3>0]
FLJ20408	HGNC.Current:11563[8];HGNC.Current:10083[8>1];HGNC.Current:10083[1];HGNC.Current:10083[1>0];Ensembl.HGNC:25032[3>0]	ENSG00000160221	CURATED:90[0];HGNC.Current:11563[1];HGNC.Current:10083[8>1];HGNC.Current:10083[1];HGNC.Current:10083[1>0];Ensembl.HGNC:25032[3>0]
FLJ21150	HGNC.Current:1549[8];HGNC.Current:1549[8>1];HGNC.Current:1549[1];HGNC.Current:1549[1>0];Ensembl.HGNC:81884[3>0]	ENSG00000150347	CURATED:8[0];HGNC.Current:1549[1];HGNC.Current:1549[1>0];Ensembl.HGNC:81884[3>0]
FLJ23306	HGNC.Current:9418[8];HGNC.Current:9418[8>1];HGNC.Current:9418[1];HGNC.Current:9418[1>0];Ensembl.HGNC:254874[3>0]	ENSG00000075426	CURATED:59[0];HGNC.Current:9418[1];HGNC.Current:9418[1>0];Ensembl.HGNC:254874[3>0]
FLJ26184	HGNC.Current:42949[8];HGNC.Current:42949[8>1];HGNC.Current:42949[1];HGNC.Current:42949[1>0];Ensembl.HGNC:42920[3>0]	ENSG00000140836	CURATED:273[0];HGNC.Current:42949[1];HGNC.Current:42949[1>0];Ensembl.HGNC:42920[3>0]
FLJ36155	HGNC.Current:10350[8];HGNC.Current:10350[8>1];HGNC.Current:10350[1];HGNC.Current:10350[1>0];Ensembl.HGNC:238114[3>0]	ENSG00000174332	CURATED:85[0];HGNC.Current:10350[1];HGNC.Current:10350[1>0];Ensembl.HGNC:238114[3>0]
FLJ40451	HGNC.Current:22193[8];HGNC.Current:22193[8>1];HGNC.Current:22193[1];HGNC.Current:22193[1>0];Ensembl.HGNC:35294[3>0]	ENSG00000111704	CURATED:178[0];HGNC.Current:22193[1];HGNC.Current:22193[1>0];Ensembl.HGNC:35294[3>0]
FOG	HGNC.Current:42980[8];HGNC.Current:42980[8>1];HGNC.Current:42980[1];HGNC.Current:42980[1>0];Ensembl.HGNC:185219[3>0]	ENSG00000179588	CURATED:275[0];HGNC.Current:42980[1];HGNC.Current:42980[1>0];Ensembl.HGNC:185219[3>0]
FOG1	HGNC.Current:42980[8];HGNC.Current:42980[8>1];HGNC.Current:42980[1];HGNC.Current:42980[1>0];Ensembl.HGNC:185219[3>0]	ENSG00000179588	CURATED:275[0];HGNC.Current:42980[1];HGNC.Current:42980[1>0];Ensembl.HGNC:185219[3>0]
FOS	HGNC.Current:9414[1];HGNC.Current:9414[1>0];Ensembl.HGNC:13428[3>0]	ENSG00000170345	CURATED:57[0];HGNC.Current:9414[1];HGNC.Current:9414[1>0];Ensembl.HGNC:13428[3>0]
FOSB	HGNC.Current:9415[1];HGNC.Current:9415[1>0];Ensembl.HGNC:236716[3>0]	ENSG00000125740	CURATED:58[0];HGNC.Current:9415[1];HGNC.Current:9415[1>0];Ensembl.HGNC:236716[3>0]
FOSL2	HGNC.Current:9418[1];HGNC.Current:9418[1>0];Ensembl.HGNC:254874[3>0]	ENSG00000075426	CURATED:59[0];HGNC.Current:9418[1];HGNC.Current:9418[1>0];Ensembl.HGNC:254874[3>0]
FOXA1	HGNC.Current:9420[1];HGNC.Current:9420[1>0];Ensembl.HGNC:169876[3>0]	ENSG00000129514	CURATED:60[0];HGNC.Current:9420[1];HGNC.Current:9420[1>0];Ensembl.HGNC:169876[3>0]
FOXA2	HGNC.Current:9421[1];HGNC.Current:9421[1>0];Ensembl.HGNC:107540[3>0]	ENSG00000125798	CURATED:61[0];HGNC.Current:9421[1];HGNC.Current:9421[1>0];Ensembl.HGNC:107540[3>0]
FOXC1	HGNC.Current:9425[1];HGNC.Current:9425[1>0];Ensembl.HGNC:23520[3>0]	ENSG00000054598	CURATED:62[0];HGNC.Current:9425[1];HGNC.Current:9425[1>0];Ensembl.HGNC:23520[3>0]
FOXC2	HGNC.Current:9426[1];HGNC.Current:9426[1>0];Ensembl.HGNC:36349[3>0]	ENSG00000176692	CURATED:63[0];HGNC.Current:9426[1];HGNC.Current:9426[1>0];Ensembl.HGNC:36349[3>0]
FOXD1	HGNC.Current:9429[1];HGNC.Current:9429[1>0];Ensembl.HGNC:211581[3>0]	ENSG00000251493	CURATED:64[0];HGNC.Current:9429[1];HGNC.Current:9429[1>0];Ensembl.HGNC:211581[3>0]
FOXD3	HGNC.Current:9433[1];HGNC.Current:9433[1>0];Ensembl.HGNC:267558[3>0]	ENSG00000187140	CURATED:65[0];HGNC.Current:9433[1];HGNC.Current:9433[1>0];Ensembl.HGNC:267558[3>0]
FOXF1	HGNC.Current:9443[1];HGNC.Current:9443[1>0];Ensembl.HGNC:44356[3>0]	ENSG00000103241	CURATED:66[0];HGNC.Current:9443[1];HGNC.Current:9443[1>0];Ensembl.HGNC:44356[3>0]
FOXF2	HGNC.Current:9444[1];HGNC.Current:9444[1>0];Ensembl.HGNC:20629[3>0]	ENSG00000137273	CURATED:67[0];HGNC.Current:9444[1];HGNC.Current:9444[1>0];Ensembl.HGNC:20629[3>0]
FOXJ1	HGNC.Current:9452[1];HGNC.Current:9452[1>0];Ensembl.HGNC:119773[3>0]	ENSG00000129654	CURATED:68[0];HGNC.Current:9452[1];HGNC.Current:9452[1>0];Ensembl.HGNC:119773[3>0]
FOXN2	HGNC.Current:9464[1];HGNC.Current:9464[1>0];Ensembl.HGNC:229707[3>0]	ENSG00000170802	CURATED:69[0];HGNC.Current:9464[1];HGNC.Current:9464[1>0];Ensembl.HGNC:229707[3>0]
FOXO1	HGNC.Current:9471[1];HGNC.Current:9471[1>0];Ensembl.HGNC:4000[3>0]	ENSG00000150907	CURATED:70[0];HGNC.Current:9471[1];HGNC.Current:9471[1>0];Ensembl.HGNC:4000[3>0]
FOXO1A	HGNC.Current:9471[10];HGNC.Current:9471[10>1];HGNC.Current:9471[1];HGNC.Current:9471[1>0];Ensembl.HGNC:4000[3>0]	ENSG00000150907	CURATED:70[0];HGNC.Current:9471[1];HGNC.Current:9471[1>0];Ensembl.HGNC:4000[3>0]
FOXO2	HGNC.Current:9473[8];HGNC.Current:9473[8>1];HGNC.Current:9473[1];HGNC.Current:9473[1>0];Ensembl.HGNC:51505[3>0]	ENSG00000118689	CURATED:71[0];HGNC.Current:9473[1];HGNC.Current:9473[1>0];Ensembl.HGNC:51505[3>0]
FOXO3	HGNC.Current:9473[1];HGNC.Current:9473[1>0];Ensembl.HGNC:51505[3>0]	ENSG00000118689	CURATED:71[0];HGNC.Current:9473[1];HGNC.Current:9473[1>0];Ensembl.HGNC:51505[3>0]
FOXO3A	HGNC.Current:9473[10];HGNC.Current:9473[10>1];HGNC.Current:9473[1];HGNC.Current:9473[1>0];Ensembl.HGNC:51505[3>0]	ENSG00000118689	CURATED:71[0];HGNC.Current:9473[1];HGNC.Current:9473[1>0];Ensembl.HGNC:51505[3>0]
FOXO4	HGNC.Current:9475[1];HGNC.Current:9475[1>0];Ensembl.HGNC:51809[3>0]	ENSG00000184481	CURATED:72[0];HGNC.Current:9475[1];HGNC.Current:9475[1>0];Ensembl.HGNC:51809[3>0]
FOXP1	HGNC.Current:9478[1];HGNC.Current:9478[1>0];Ensembl.HGNC:201807[3>0]	ENSG00000114861	CURATED:73[0];HGNC.Current:9478[1];HGNC.Current:9478[1>0];Ensembl.HGNC:201807[3>0]
FOXP3	HGNC.Current:9483[1];HGNC.Current:9483[1>0];Ensembl.HGNC:148487[3>0]	ENSG00000049768	CURATED:74[0];HGNC.Current:9483[1];HGNC.Current:9483[1>0];Ensembl.HGNC:148487[3>0]
FOXQ1	HGNC.Current:9486[1];HGNC.Current:9486[1>0];Ensembl.HGNC:18335[3>0]	ENSG00000164379	CURATED:75[0];HGNC.Current:9486[1];HGNC.Current:9486[1>0];Ensembl.HGNC:18335[3>0]
FPP	HGNC.Current:938[8];HGNC.Current:21209[8>1];HGNC.Current:21209[1];HGNC.Current:21209[1>0];Ensembl.HGNC:180970[3>0]	ENSG00000120149	CURATED:172[0];HGNC.Current:21209[1];HGNC.Current:21209[1>0];Ensembl.HGNC:180970[3>0]
FRA2	HGNC.Current:9418[8];HGNC.Current:9418[8>1];HGNC.Current:9418[1];HGNC.Current:9418[1>0];Ensembl.HGNC:254874[3>0]	ENSG00000075426	CURATED:59[0];HGNC.Current:9418[1];HGNC.Current:9418[1>0];Ensembl.HGNC:254874[3>0]
FREAC1	HGNC.Current:9443[8];HGNC.Current:9443[8>1];HGNC.Current:9443[1];HGNC.Current:9443[1>0];Ensembl.HGNC:44356[3>0]	ENSG00000103241	CURATED:66[0];HGNC.Current:9443[1];HGNC.Current:9443[1>0];Ensembl.HGNC:44356[3>0]
FREAC2	HGNC.Current:9444[8];HGNC.Current:9444[8>1];HGNC.Current:9444[1];HGNC.Current:9444[1>0];Ensembl.HGNC:20629[3>0]	ENSG00000137273	CURATED:67[0];HGNC.Current:9444[1];HGNC.Current:9444[1>0];Ensembl.HGNC:20629[3>0]
FREAC3	HGNC.Current:9425[8];HGNC.Current:9425[8>1];HGNC.Current:9425[1];HGNC.Current:9425[1>0];Ensembl.HGNC:23520[3>0]	ENSG00000054598	CURATED:62[0];HGNC.Current:9425[1];HGNC.Current:9425[1>0];Ensembl.HGNC:23520[3>0]
FREAC4	HGNC.Current:9429[8];HGNC.Current:9429[8>1];HGNC.Current:9429[1];HGNC.Current:9429[1>0];Ensembl.HGNC:211581[3>0]	ENSG00000251493	CURATED:64[0];HGNC.Current:9429[1];HGNC.Current:9429[1>0];Ensembl.HGNC:211581[3>0]
G0S3	HGNC.Current:9415[8];HGNC.Current:9415[8>1];HGNC.Current:9415[1];HGNC.Current:9415[1>0];Ensembl.HGNC:236716[3>0]	ENSG00000125740	CURATED:58[0];HGNC.Current:9415[1];HGNC.Current:9415[1>0];Ensembl.HGNC:236716[3>0]
G0S30	HGNC.Current:7619[8];HGNC.Current:7619[8>1];HGNC.Current:7619[1];HGNC.Current:7619[1>0];Ensembl.HGNC:222433[3>0]	ENSG00000120738	CURATED:40[0];HGNC.Current:7619[1];HGNC.Current:7619[1>0];Ensembl.HGNC:222433[3>0]
GATA-1	HGNC.Current:10067[8];HGNC.Current:10067[8>1];HGNC.Current:10067[1];HGNC.Current:10067[1>0];Ensembl.HGNC:136420[3>0]	ENSG00000102145	CURATED:76[0];HGNC.Current:10067[1];HGNC.Current:10067[1>0];Ensembl.HGNC:136420[3>0]
GATA1	HGNC.Current:10067[1];HGNC.Current:10067[1>0];Ensembl.HGNC:136420[3>0]	ENSG00000102145	CURATED:76[0];HGNC.Current:10067[1];HGNC.Current:10067[1>0];Ensembl.HGNC:136420[3>0]
GATA2	HGNC.Current:10068[1];HGNC.Current:10068[1>0];Ensembl.HGNC:257262[3>0]	ENSG00000179348	CURATED:77[0];HGNC.Current:10068[1];HGNC.Current:10068[1>0];Ensembl.HGNC:257262[3>0]
GATA3	HGNC.Current:10070[1];HGNC.Current:10070[1>0];Ensembl.HGNC:149020[3>0]	ENSG00000107485	CURATED:78[0];HGNC.Current:10070[1];HGNC.Current:10070[1>0];Ensembl.HGNC:149020[3>0]
GATA4	HGNC.Current:10072[1];HGNC.Current:10072[1>0];Ensembl.HGNC:117007[3>0]	ENSG00000136574	CURATED:79[0];HGNC.Current:10072[1];HGNC.Current:10072[1>0];Ensembl.HGNC:117007[3>0]
GATA4	HGNC.Current:10072[1];HGNC.Current:10072[1>0];Ensembl.HGNC:32079[3>0]	ENSG00000285109	CURATED:79[0];HGNC.Current:10072[1];HGNC.Current:10072[1>0];Ensembl.HGNC:32079[3>0]
GATA5	HGNC.Current:10073[1];HGNC.Current:10073[1>0];Ensembl.HGNC:16452[3>0]	ENSG00000130700	CURATED:80[0];HGNC.Current:10073[1];HGNC.Current:10073[1>0];Ensembl.HGNC:16452[3>0]
GATA6	HGNC.Current:10074[1];HGNC.Current:10074[1>0];Ensembl.HGNC:21659[3>0]	ENSG00000141448	CURATED:81[0];HGNC.Current:10074[1];HGNC.Current:10074[1>0];Ensembl.HGNC:21659[3>0]
GATAS	HGNC.Current:10073[8];HGNC.Current:10073[8>1];HGNC.Current:10073[1];HGNC.Current:10073[1>0];Ensembl.HGNC:16452[3>0]	ENSG00000130700	CURATED:80[0];HGNC.Current:10073[1];HGNC.Current:10073[1>0];Ensembl.HGNC:16452[3>0]
GATD3	HGNC.Current:10083[1];HGNC.Current:10083[1>0];Ensembl.HGNC:25032[3>0]	ENSG00000160221	CURATED:90[0];HGNC.Current:11563[1];HGNC.Current:10083[8>1];HGNC.Current:10083[1];HGNC.Current:10083[1>0];Ensembl.HGNC:25032[3>0]
GATD3A	HGNC.Current:10083[10];HGNC.Current:10083[10>1];HGNC.Current:10083[1];HGNC.Current:10083[1>0];Ensembl.HGNC:25032[3>0]	ENSG00000160221	CURATED:90[0];HGNC.Current:11563[1];HGNC.Current:10083[8>1];HGNC.Current:10083[1];HGNC.Current:10083[1>0];Ensembl.HGNC:25032[3>0]
GAX	HGNC.Current:18418[10];HGNC.Withdrawn:1095[2>3];Ensembl.HGNC:13963[3>0]	ENSG00000106511	CURATED:167[0];HGNC.Current:18418[1];HGNC.Current:18418[1>0];Ensembl.HGNC:13963[3>0]
GBF	HGNC.Current:14134[8];HGNC.Current:14134[8>1];HGNC.Current:14134[1];HGNC.Current:14134[1>0];Ensembl.HGNC:9725[3>0]	ENSG00000067082	CURATED:146[0];HGNC.Current:14134[1];HGNC.Current:14134[1>0];Ensembl.HGNC:9725[3>0]
GBX2	HGNC.Current:10102[1];HGNC.Current:10102[1>0];Ensembl.HGNC:260357[3>0]	ENSG00000168505	CURATED:82[0];HGNC.Current:10102[1];HGNC.Current:10102[1>0];Ensembl.HGNC:260357[3>0]
Genesis	HGNC.Current:9433[8];HGNC.Current:9433[8>1];HGNC.Current:9433[1];HGNC.Current:9433[1>0];Ensembl.HGNC:267558[3>0]	ENSG00000187140	CURATED:65[0];HGNC.Current:9433[1];HGNC.Current:9433[1>0];Ensembl.HGNC:267558[3>0]
GF1	HGNC.Current:10067[10];HGNC.Current:10067[10>1];HGNC.Current:10067[1];HGNC.Current:10067[1>0];Ensembl.HGNC:136420[3>0]	ENSG00000102145	CURATED:76[0];HGNC.Current:10067[1];HGNC.Current:10067[1>0];Ensembl.HGNC:136420[3>0]
GFI-1	HGNC.Current:10204[8];HGNC.Current:10204[8>1];HGNC.Current:10204[1];HGNC.Current:10204[1>0];Ensembl.HGNC:265092[3>0]	ENSG00000162676	CURATED:83[0];HGNC.Current:10204[1];HGNC.Current:10204[1>0];Ensembl.HGNC:265092[3>0]
GFI1	HGNC.Current:10204[1];HGNC.Current:10204[1>0];Ensembl.HGNC:265092[3>0]	ENSG00000162676	CURATED:83[0];HGNC.Current:10204[1];HGNC.Current:10204[1>0];Ensembl.HGNC:265092[3>0]
GFI1A	HGNC.Current:10204[8];HGNC.Current:10204[8>1];HGNC.Current:10204[1];HGNC.Current:10204[1>0];Ensembl.HGNC:265092[3>0]	ENSG00000162676	CURATED:83[0];HGNC.Current:10204[1];HGNC.Current:10204[1>0];Ensembl.HGNC:265092[3>0]
GFI1B	HGNC.Current:10205[1];HGNC.Current:10205[1>0];Ensembl.HGNC:87544[3>0]	ENSG00000165702	CURATED:84[0];HGNC.Current:10205[1];HGNC.Current:10205[1>0];Ensembl.HGNC:87544[3>0]
GIG8	HGNC.Current:12531[8];HGNC.Current:12531[8>1];HGNC.Current:12531[1];HGNC.Current:12531[1>0];Ensembl.HGNC:220791[3>0]	ENSG00000115738	CURATED:122[0];HGNC.Current:12531[1];HGNC.Current:12531[1>0];Ensembl.HGNC:220791[3>0]
GKLF	HGNC.Current:14131[8];HGNC.Current:14131[8>1];HGNC.Current:14131[1];HGNC.Current:14131[1>0];Ensembl.HGNC:28028[3>0]	ENSG00000136826	CURATED:144[0];HGNC.Current:14131[1];HGNC.Current:14131[1>0];Ensembl.HGNC:28028[3>0]
GLIS1	HGNC.Current:10350[1];HGNC.Current:10350[1>0];Ensembl.HGNC:238114[3>0]	ENSG00000174332	CURATED:85[0];HGNC.Current:10350[1];HGNC.Current:10350[1>0];Ensembl.HGNC:238114[3>0]
GOS3	HGNC.Current:9415[8];HGNC.Current:9415[8>1];HGNC.Current:9415[1];HGNC.Current:9415[1>0];Ensembl.HGNC:236716[3>0]	ENSG00000125740	CURATED:58[0];HGNC.Current:9415[1];HGNC.Current:9415[1>0];Ensembl.HGNC:236716[3>0]
GOSB	HGNC.Current:9415[8];HGNC.Current:9415[8>1];HGNC.Current:9415[1];HGNC.Current:9415[1>0];Ensembl.HGNC:236716[3>0]	ENSG00000125740	CURATED:58[0];HGNC.Current:9415[1];HGNC.Current:9415[1>0];Ensembl.HGNC:236716[3>0]
GRG3	HGNC.Current:38963[8];HGNC.Current:38963[8>1];HGNC.Current:38963[1];HGNC.Current:38963[1>0];Ensembl.HGNC:135860[3>0]	ENSG00000140332	CURATED:261[0];HGNC.Current:38963[1];HGNC.Current:38963[1>0];Ensembl.HGNC:135860[3>0]
GSC	HGNC.Current:10922[1];HGNC.Current:10922[1>0];Ensembl.HGNC:76972[3>0]	ENSG00000133937	CURATED:86[0];HGNC.Current:10922[1];HGNC.Current:10922[1>0];Ensembl.HGNC:76972[3>0]
GSC1	HGNC.Current:10922[8];HGNC.Current:10922[8>1];HGNC.Current:10922[1];HGNC.Current:10922[1>0];Ensembl.HGNC:76972[3>0]	ENSG00000133937	CURATED:86[0];HGNC.Current:10922[1];HGNC.Current:10922[1>0];Ensembl.HGNC:76972[3>0]
GT335	HGNC.Current:10083[8];HGNC.Current:10083[8>1];HGNC.Current:10083[1];HGNC.Current:10083[1>0];Ensembl.HGNC:25032[3>0]	ENSG00000160221	CURATED:90[0];HGNC.Current:11563[1];HGNC.Current:10083[8>1];HGNC.Current:10083[1];HGNC.Current:10083[1>0];Ensembl.HGNC:25032[3>0]
GTF3A	HGNC.Current:11034[1];HGNC.Current:11034[1>0];Ensembl.HGNC:56375[3>0]	ENSG00000122034	CURATED:87[0];HGNC.Current:11034[1];HGNC.Current:11034[1>0];Ensembl.HGNC:56375[3>0]
H-2RIIBP	HGNC.Current:34480[8];HGNC.Current:34480[8>1];HGNC.Current:34480[1];HGNC.Current:34480[1>0];Ensembl.HGNC:132824[3>0]	ENSG00000204231	CURATED:218[0];HGNC.Current:34480[1];HGNC.Current:34480[1>0];Ensembl.HGNC:132824[3>0]
H-2RIIBP	HGNC.Current:34480[8];HGNC.Current:34480[8>1];HGNC.Current:34480[1];HGNC.Current:34480[1>0];Ensembl.HGNC:159249[3>0]	ENSG00000206289	CURATED:218[0];HGNC.Current:34480[1];HGNC.Current:34480[1>0];Ensembl.HGNC:159249[3>0]
H-2RIIBP	HGNC.Current:34480[8];HGNC.Current:34480[8>1];HGNC.Current:34480[1];HGNC.Current:34480[1>0];Ensembl.HGNC:127023[3>0]	ENSG00000227322	CURATED:218[0];HGNC.Current:34480[1];HGNC.Current:34480[1>0];Ensembl.HGNC:127023[3>0]
H-2RIIBP	HGNC.Current:34480[8];HGNC.Current:34480[8>1];HGNC.Current:34480[1];HGNC.Current:34480[1>0];Ensembl.HGNC:141878[3>0]	ENSG00000228333	CURATED:218[0];HGNC.Current:34480[1];HGNC.Current:34480[1>0];Ensembl.HGNC:141878[3>0]
H-2RIIBP	HGNC.Current:34480[8];HGNC.Current:34480[8>1];HGNC.Current:34480[1];HGNC.Current:34480[1>0];Ensembl.HGNC:111135[3>0]	ENSG00000231321	CURATED:218[0];HGNC.Current:34480[1];HGNC.Current:34480[1>0];Ensembl.HGNC:111135[3>0]
H-2RIIBP	HGNC.Current:34480[8];HGNC.Current:34480[8>1];HGNC.Current:34480[1];HGNC.Current:34480[1>0];Ensembl.HGNC:154394[3>0]	ENSG00000235712	CURATED:218[0];HGNC.Current:34480[1];HGNC.Current:34480[1>0];Ensembl.HGNC:154394[3>0]
H-twist	HGNC.Current:41286[8];HGNC.Current:41286[8>1];HGNC.Current:41286[1];HGNC.Current:41286[1>0];Ensembl.HGNC:22392[3>0]	ENSG00000122691	CURATED:264[0];HGNC.Current:41286[1];HGNC.Current:41286[1>0];Ensembl.HGNC:22392[3>0]
HAND1	HGNC.Current:11351[1];HGNC.Current:11351[1>0];Ensembl.HGNC:178456[3>0]	ENSG00000113196	CURATED:88[0];HGNC.Current:11351[1];HGNC.Current:11351[1>0];Ensembl.HGNC:178456[3>0]
HAND2	HGNC.Current:11352[1];HGNC.Current:11352[1>0];Ensembl.HGNC:71616[3>0]	ENSG00000164107	CURATED:89[0];HGNC.Current:11352[1];HGNC.Current:11352[1>0];Ensembl.HGNC:71616[3>0]
HAP	HGNC.Current:27803[8];HGNC.Current:27803[8>1];HGNC.Current:27803[1];HGNC.Current:27803[1>0];Ensembl.HGNC:215599[3>0]	ENSG00000077092	CURATED:207[0];HGNC.Current:27803[1];HGNC.Current:27803[1>0];Ensembl.HGNC:215599[3>0]
hAP-2g	HGNC.Current:38710[8];HGNC.Current:38710[8>1];HGNC.Current:38710[1];HGNC.Current:38710[1>0];Ensembl.HGNC:13931[3>0]	ENSG00000087510	CURATED:257[0];HGNC.Current:38710[1];HGNC.Current:38710[1>0];Ensembl.HGNC:13931[3>0]
HAP3	HGNC.Current:22690[8];HGNC.Current:22690[8>1];HGNC.Current:22690[1];HGNC.Current:22690[1>0];Ensembl.HGNC:170326[3>0]	ENSG00000120837	CURATED:185[0];HGNC.Current:22690[1];HGNC.Current:22690[1>0];Ensembl.HGNC:170326[3>0]
HASH2	HGNC.Current:1749[8];HGNC.Current:1749[8>1];HGNC.Current:1749[1];HGNC.Current:1749[1>0];Ensembl.HGNC:223545[3>0]	ENSG00000183734	CURATED:9[0];HGNC.Current:1749[1];HGNC.Current:1749[1>0];Ensembl.HGNC:223545[3>0]
HB24	HGNC.Current:11731[8];HGNC.Current:11731[8>1];HGNC.Current:11731[1];HGNC.Current:11731[1>0];Ensembl.HGNC:182301[3>0]	ENSG00000136630	CURATED:98[0];HGNC.Current:11731[1];HGNC.Current:11731[1>0];Ensembl.HGNC:182301[3>0]
HBFQTL5	HGNC.Current:2342[8];HGNC.Current:2342[8>1];HGNC.Current:2342[1];HGNC.Current:2342[1>0];Ensembl.HGNC:53924[3>0]	ENSG00000119866	CURATED:12[0];HGNC.Current:2342[1];HGNC.Current:2342[1>0];Ensembl.HGNC:53924[3>0]
HCC-4	HGNC.Current:3751[8];HGNC.Current:27978[8>1];HGNC.Current:27978[1];HGNC.Current:27978[1>0];Ensembl.HGNC:228378[3>0]	ENSG00000153250	CURATED:209[0];HGNC.Current:27978[1];HGNC.Current:27978[1>0];Ensembl.HGNC:228378[3>0]
hCREM-2	HGNC.Current:5517[8];HGNC.Current:5517[8>1];HGNC.Current:5517[1];HGNC.Current:5517[1>0];Ensembl.HGNC:166924[3>0]	ENSG00000095794	CURATED:25[0];HGNC.Current:5517[1];HGNC.Current:5517[1>0];Ensembl.HGNC:166924[3>0]
HDR	HGNC.Current:10070[8];HGNC.Current:10070[8>1];HGNC.Current:10070[1];HGNC.Current:10070[1>0];Ensembl.HGNC:149020[3>0]	ENSG00000107485	CURATED:78[0];HGNC.Current:10070[1];HGNC.Current:10070[1>0];Ensembl.HGNC:149020[3>0]
Hed	HGNC.Current:11352[8];HGNC.Current:11352[8>1];HGNC.Current:11352[1];HGNC.Current:11352[1>0];Ensembl.HGNC:71616[3>0]	ENSG00000164107	CURATED:89[0];HGNC.Current:11352[1];HGNC.Current:11352[1>0];Ensembl.HGNC:71616[3>0]
HEIR-1	HGNC.Current:12534[8];HGNC.Current:12534[8>1];HGNC.Current:12534[1];HGNC.Current:12534[1>0];Ensembl.HGNC:117025[3>0]	ENSG00000117318	CURATED:123[0];HGNC.Current:12534[1];HGNC.Current:12534[1>0];Ensembl.HGNC:117025[3>0]
HEIR-1	HGNC.Current:12534[8];HGNC.Current:12534[8>1];HGNC.Current:12534[1];HGNC.Current:12534[1>0];Ensembl.HGNC:77361[3>0]	ENSG00000283060	CURATED:123[0];HGNC.Current:12534[1];HGNC.Current:12534[1>0];Ensembl.HGNC:77361[3>0]
Helios	HGNC.Current:13182[8];HGNC.Current:13182[8>1];HGNC.Current:13182[1];HGNC.Current:13182[1>0];Ensembl.HGNC:273958[3>0]	ENSG00000030419	CURATED:126[0];HGNC.Current:13182[1];HGNC.Current:13182[1>0];Ensembl.HGNC:273958[3>0]
HES-1	HGNC.Current:11563[8];HGNC.Current:11563[8>1];HGNC.Current:11563[1];HGNC.Current:11563[1>0];Ensembl.HGNC:262356[3>0]	ENSG00000114315	CURATED:90[0];HGNC.Current:11563[1];HGNC.Current:11563[1>0];Ensembl.HGNC:262356[3>0]
HES-1	HGNC.Current:11563[8];HGNC.Current:10083[8>1];HGNC.Current:10083[1];HGNC.Current:10083[1>0];Ensembl.HGNC:25032[3>0]	ENSG00000160221	CURATED:90[0];HGNC.Current:11563[1];HGNC.Current:10083[8>1];HGNC.Current:10083[1];HGNC.Current:10083[1>0];Ensembl.HGNC:25032[3>0]
HES1	HGNC.Current:11563[1];HGNC.Current:11563[1>0];Ensembl.HGNC:262356[3>0]	ENSG00000114315	CURATED:90[0];HGNC.Current:11563[1];HGNC.Current:11563[1>0];Ensembl.HGNC:262356[3>0]
HES1	HGNC.Current:11563[1];HGNC.Current:10083[8>1];HGNC.Current:10083[1];HGNC.Current:10083[1>0];Ensembl.HGNC:25032[3>0]	ENSG00000160221	CURATED:90[0];HGNC.Current:11563[1];HGNC.Current:10083[8>1];HGNC.Current:10083[1];HGNC.Current:10083[1>0];Ensembl.HGNC:25032[3>0]
HES3	HGNC.Current:11565[1];HGNC.Current:11565[1>0];Ensembl.HGNC:274092[3>0]	ENSG00000173673	CURATED:91[0];HGNC.Current:11565[1];HGNC.Current:11565[1>0];Ensembl.HGNC:274092[3>0]
HES5	HGNC.Current:11567[1];HGNC.Current:11567[1>0];Ensembl.HGNC:39975[3>0]	ENSG00000197921	CURATED:92[0];HGNC.Current:11567[1];HGNC.Current:11567[1>0];Ensembl.HGNC:39975[3>0]
HES5	HGNC.Current:11567[1];HGNC.Current:11567[1>0];Ensembl.HGNC:75106[3>0]	ENSG00000273529	CURATED:92[0];HGNC.Current:11567[1];HGNC.Current:11567[1>0];Ensembl.HGNC:75106[3>0]
HES6	HGNC.Current:11568[1];HGNC.Current:11568[1>0];Ensembl.HGNC:120592[3>0]	ENSG00000144485	CURATED:93[0];HGNC.Current:11568[1];HGNC.Current:11568[1>0];Ensembl.HGNC:120592[3>0]
HES7	HGNC.Current:11569[1];HGNC.Current:11569[1>0];Ensembl.HGNC:83428[3>0]	ENSG00000179111	CURATED:94[0];HGNC.Current:11569[1];HGNC.Current:11569[1>0];Ensembl.HGNC:83428[3>0]
HESX1	HGNC.Current:11570[1];HGNC.Current:11570[1>0];Ensembl.HGNC:46737[3>0]	ENSG00000163666	CURATED:95[0];HGNC.Current:11570[1];HGNC.Current:11570[1>0];Ensembl.HGNC:46737[3>0]
HEX	HGNC.Current:11595[8];HGNC.Current:11595[8>1];HGNC.Current:11595[1];HGNC.Current:11595[1>0];Ensembl.HGNC:22360[3>0]	ENSG00000152804	CURATED:96[0];HGNC.Current:11595[1];HGNC.Current:11595[1>0];Ensembl.HGNC:22360[3>0]
HF1B	HGNC.Current:37163[8];HGNC.Current:37163[8>1];HGNC.Current:37163[1];HGNC.Current:37163[1>0];Ensembl.HGNC:22722[3>0]	ENSG00000105866	CURATED:235[0];HGNC.Current:37163[1];HGNC.Current:37163[1>0];Ensembl.HGNC:22722[3>0]
HFH-4	HGNC.Current:9452[8];HGNC.Current:9452[8>1];HGNC.Current:9452[1];HGNC.Current:9452[1>0];Ensembl.HGNC:119773[3>0]	ENSG00000129654	CURATED:68[0];HGNC.Current:9452[1];HGNC.Current:9452[1>0];Ensembl.HGNC:119773[3>0]
HFH1	HGNC.Current:9486[8];HGNC.Current:9486[8>1];HGNC.Current:9486[1];HGNC.Current:9486[1>0];Ensembl.HGNC:18335[3>0]	ENSG00000164379	CURATED:75[0];HGNC.Current:9486[1];HGNC.Current:9486[1>0];Ensembl.HGNC:18335[3>0]
HFH2	HGNC.Current:9433[8];HGNC.Current:9433[8>1];HGNC.Current:9433[1];HGNC.Current:9433[1>0];Ensembl.HGNC:267558[3>0]	ENSG00000187140	CURATED:65[0];HGNC.Current:9433[1];HGNC.Current:9433[1>0];Ensembl.HGNC:267558[3>0]
HFH4	HGNC.Current:9452[8];HGNC.Current:9452[8>1];HGNC.Current:9452[1];HGNC.Current:9452[1>0];Ensembl.HGNC:119773[3>0]	ENSG00000129654	CURATED:68[0];HGNC.Current:9452[1];HGNC.Current:9452[1>0];Ensembl.HGNC:119773[3>0]
hFKH1B	HGNC.Current:9478[8];HGNC.Current:9478[8>1];HGNC.Current:9478[1];HGNC.Current:9478[1>0];Ensembl.HGNC:201807[3>0]	ENSG00000114861	CURATED:73[0];HGNC.Current:9478[1];HGNC.Current:9478[1>0];Ensembl.HGNC:201807[3>0]
HHEX	HGNC.Current:11595[1];HGNC.Current:11595[1>0];Ensembl.HGNC:22360[3>0]	ENSG00000152804	CURATED:96[0];HGNC.Current:11595[1];HGNC.Current:11595[1>0];Ensembl.HGNC:22360[3>0]
HIF2A	HGNC.Current:8043[8];HGNC.Current:8043[8>1];HGNC.Current:8043[1];HGNC.Current:8043[1>0];Ensembl.HGNC:52410[3>0]	ENSG00000116016	CURATED:48[0];HGNC.Current:8043[1];HGNC.Current:8043[1>0];Ensembl.HGNC:52410[3>0]
hIk-1	HGNC.Current:13181[8];HGNC.Current:13181[8>1];HGNC.Current:13181[1];HGNC.Current:13181[1>0];Ensembl.HGNC:188341[3>0]	ENSG00000185811	CURATED:125[0];HGNC.Current:13181[1];HGNC.Current:13181[1>0];Ensembl.HGNC:188341[3>0]
HLF	HGNC.Current:11726[1];HGNC.Current:11726[1>0];Ensembl.HGNC:252335[3>0]	ENSG00000108924	CURATED:97[0];HGNC.Current:11726[1];HGNC.Current:11726[1>0];Ensembl.HGNC:252335[3>0]
HLF	HGNC.Current:11726[1];HGNC.Current:8043[8>1];HGNC.Current:8043[1];HGNC.Current:8043[1>0];Ensembl.HGNC:52410[3>0]	ENSG00000116016	CURATED:48[0];HGNC.Current:8043[1];HGNC.Current:8043[1>0];Ensembl.HGNC:52410[3>0]
hLhx2	HGNC.Current:14928[8];HGNC.Current:14928[8>1];HGNC.Current:14928[1];HGNC.Current:14928[1>0];Ensembl.HGNC:123593[3>0]	ENSG00000106689	CURATED:152[0];HGNC.Current:14928[1];HGNC.Current:14928[1>0];Ensembl.HGNC:123593[3>0]
HLX	HGNC.Current:11731[1];HGNC.Current:11731[1>0];Ensembl.HGNC:182301[3>0]	ENSG00000136630	CURATED:98[0];HGNC.Current:11731[1];HGNC.Current:11731[1>0];Ensembl.HGNC:182301[3>0]
HLX1	HGNC.Current:11731[10];HGNC.Current:11731[10>1];HGNC.Current:11731[1];HGNC.Current:11731[1>0];Ensembl.HGNC:182301[3>0]	ENSG00000136630	CURATED:98[0];HGNC.Current:11731[1];HGNC.Current:11731[1>0];Ensembl.HGNC:182301[3>0]
HMGA1	HGNC.Current:11744[1];HGNC.Current:11744[1>0];Ensembl.HGNC:193473[3>0]	ENSG00000137309	CURATED:99[0];HGNC.Current:11744[1];HGNC.Current:11744[1>0];Ensembl.HGNC:193473[3>0]
HMGIY	HGNC.Current:11744[10];HGNC.Current:11744[10>1];HGNC.Current:11744[1];HGNC.Current:11744[1>0];Ensembl.HGNC:193473[3>0]	ENSG00000137309	CURATED:99[0];HGNC.Current:11744[1];HGNC.Current:11744[1>0];Ensembl.HGNC:193473[3>0]
HNF3A	HGNC.Current:9420[10];HGNC.Current:9420[10>1];HGNC.Current:9420[1];HGNC.Current:9420[1>0];Ensembl.HGNC:169876[3>0]	ENSG00000129514	CURATED:60[0];HGNC.Current:9420[1];HGNC.Current:9420[1>0];Ensembl.HGNC:169876[3>0]
HNF3B	HGNC.Current:9421[10];HGNC.Current:9421[10>1];HGNC.Current:9421[1];HGNC.Current:9421[1>0];Ensembl.HGNC:107540[3>0]	ENSG00000125798	CURATED:61[0];HGNC.Current:9421[1];HGNC.Current:9421[1>0];Ensembl.HGNC:107540[3>0]
HNF4	HGNC.Current:11954[8];HGNC.Current:11954[8>1];HGNC.Current:11954[1];HGNC.Current:11954[1>0];Ensembl.HGNC:124322[3>0]	ENSG00000101076	CURATED:100[0];HGNC.Current:11954[1];HGNC.Current:11954[1>0];Ensembl.HGNC:124322[3>0]
HNF4A	HGNC.Current:11954[1];HGNC.Current:11954[1>0];Ensembl.HGNC:124322[3>0]	ENSG00000101076	CURATED:100[0];HGNC.Current:11954[1];HGNC.Current:11954[1>0];Ensembl.HGNC:124322[3>0]
HOP	HGNC.Current:12128[8];HGNC.Current:12128[8>1];HGNC.Current:12128[1];HGNC.Current:12128[1>0];Ensembl.HGNC:214506[3>0]	ENSG00000171476	CURATED:101[0];HGNC.Current:12128[1];HGNC.Current:12128[1>0];Ensembl.HGNC:214506[3>0]
HOPX	HGNC.Current:12128[1];HGNC.Current:12128[1>0];Ensembl.HGNC:214506[3>0]	ENSG00000171476	CURATED:101[0];HGNC.Current:12128[1];HGNC.Current:12128[1>0];Ensembl.HGNC:214506[3>0]
HOS	HGNC.Current:38456[10];HGNC.Withdrawn:1271[2>3];Ensembl.HGNC:105693[3>0]	ENSG00000089225	CURATED:250[0];HGNC.Current:38456[1];HGNC.Current:38456[1>0];Ensembl.HGNC:105693[3>0]
HOX1	HGNC.Current:12138[10];HGNC.Current:12148[10>1];HGNC.Current:12148[1];HGNC.Current:12148[1>0];Ensembl.HGNC:149325[3>0]	ENSG00000005073	CURATED:104[0];HGNC.Current:12148[1];HGNC.Current:12148[1>0];Ensembl.HGNC:149325[3>0]
HOX1	HGNC.Current:12138[10];HGNC.Current:12145[10>1];HGNC.Current:12145[1];HGNC.Current:12145[1>0];Ensembl.HGNC:149267[3>0]	ENSG00000078399	CURATED:109[0];HGNC.Current:12145[1];HGNC.Current:12145[1>0];Ensembl.HGNC:149267[3>0]
HOX1	HGNC.Current:12138[10];HGNC.Current:12138[10>1];HGNC.Current:12138[1];HGNC.Current:12138[1>0];Ensembl.HGNC:149106[3>0]	ENSG00000105991	CURATED:102[0];HGNC.Current:12138[1];HGNC.Current:12138[1>0];Ensembl.HGNC:149106[3>0]
HOX1	HGNC.Current:12138[10];HGNC.Current:12140[10>1];HGNC.Current:12140[1];HGNC.Current:12140[1>0];Ensembl.HGNC:153294[3>0]	ENSG00000105997	CURATED:105[0];HGNC.Current:12140[1];HGNC.Current:12140[1>0];Ensembl.HGNC:153294[3>0]
HOX1	HGNC.Current:12138[10];HGNC.Current:12142[10>1];HGNC.Current:12142[1];HGNC.Current:12142[1>0];Ensembl.HGNC:149226[3>0]	ENSG00000106004	CURATED:107[0];HGNC.Current:12142[1];HGNC.Current:12142[1>0];Ensembl.HGNC:149226[3>0]
HOX1	HGNC.Current:12138[10];HGNC.Current:12144[10>1];HGNC.Current:12144[1];HGNC.Current:12144[1>0];Ensembl.HGNC:149263[3>0]	ENSG00000122592	CURATED:108[0];HGNC.Current:12144[1];HGNC.Current:12144[1>0];Ensembl.HGNC:149263[3>0]
HOX1	HGNC.Current:12138[10];HGNC.Current:12141[10>1];HGNC.Current:12141[1];HGNC.Current:12141[1>0];Ensembl.HGNC:221881[3>0]	ENSG00000197576	CURATED:106[0];HGNC.Current:12141[1];HGNC.Current:12141[1>0];Ensembl.HGNC:221881[3>0]
HOX1	HGNC.Current:12138[10];HGNC.Current:12146[10>1];HGNC.Current:12146[1];HGNC.Current:12146[1>0];Ensembl.HGNC:169678[3>0]	ENSG00000253293	CURATED:103[0];HGNC.Current:12146[1];HGNC.Current:12146[1>0];Ensembl.HGNC:169678[3>0]
HOX11L-PEN	HGNC.Current:11595[8];HGNC.Current:11595[8>1];HGNC.Current:11595[1];HGNC.Current:11595[1>0];Ensembl.HGNC:22360[3>0]	ENSG00000152804	CURATED:96[0];HGNC.Current:11595[1];HGNC.Current:11595[1>0];Ensembl.HGNC:22360[3>0]
HOX1A	HGNC.Current:12144[10];HGNC.Withdrawn:1273[2>3];Ensembl.HGNC:149263[3>0]	ENSG00000122592	CURATED:108[0];HGNC.Current:12144[1];HGNC.Current:12144[1>0];Ensembl.HGNC:149263[3>0]
HOX1C	HGNC.Current:12142[10];HGNC.Withdrawn:1275[2>3];Ensembl.HGNC:149226[3>0]	ENSG00000106004	CURATED:107[0];HGNC.Current:12142[1];HGNC.Current:12142[1>0];Ensembl.HGNC:149226[3>0]
HOX1D	HGNC.Current:12141[10];HGNC.Withdrawn:1276[2>3];Ensembl.HGNC:211200[3>0]	ENSG00000128652	CURATED:118[0];HGNC.Current:12183[1];HGNC.Current:12183[1>0];Ensembl.HGNC:211200[3>0]
HOX1D	HGNC.Current:12141[10];HGNC.Current:12141[10>1];HGNC.Current:12141[1];HGNC.Current:12141[1>0];Ensembl.HGNC:221881[3>0]	ENSG00000197576	CURATED:106[0];HGNC.Current:12141[1];HGNC.Current:12141[1>0];Ensembl.HGNC:221881[3>0]
HOX1E	HGNC.Current:12140[10];HGNC.Withdrawn:1277[2>3];Ensembl.HGNC:153294[3>0]	ENSG00000105997	CURATED:105[0];HGNC.Current:12140[1];HGNC.Current:12140[1>0];Ensembl.HGNC:153294[3>0]
HOX1F	HGNC.Current:12138[10];HGNC.Withdrawn:1278[2>3];Ensembl.HGNC:149106[3>0]	ENSG00000105991	CURATED:102[0];HGNC.Current:12138[1];HGNC.Current:12138[1>0];Ensembl.HGNC:149106[3>0]
HOX1G	HGNC.Current:12145[10];HGNC.Withdrawn:1279[2>3];Ensembl.HGNC:149267[3>0]	ENSG00000078399	CURATED:109[0];HGNC.Current:12145[1];HGNC.Current:12145[1>0];Ensembl.HGNC:149267[3>0]
HOX1H	HGNC.Current:12146[10];HGNC.Withdrawn:1280[2>3];Ensembl.HGNC:169678[3>0]	ENSG00000253293	CURATED:103[0];HGNC.Current:12146[1];HGNC.Current:12146[1>0];Ensembl.HGNC:169678[3>0]
HOX1I	HGNC.Current:12148[10];HGNC.Withdrawn:1281[2>3];Ensembl.HGNC:149325[3>0]	ENSG00000005073	CURATED:104[0];HGNC.Current:12148[1];HGNC.Current:12148[1>0];Ensembl.HGNC:149325[3>0]
HOX2	HGNC.Current:12156[10];HGNC.Current:12161[10>1];HGNC.Current:12161[1];HGNC.Current:12161[1>0];Ensembl.HGNC:245120[3>0]	ENSG00000108511	CURATED:113[0];HGNC.Current:12161[1];HGNC.Current:12161[1>0];Ensembl.HGNC:245120[3>0]
HOX2	HGNC.Current:12156[10];HGNC.Current:12160[10>1];HGNC.Current:12160[1];HGNC.Current:12160[1>0];Ensembl.HGNC:245119[3>0]	ENSG00000120075	CURATED:112[0];HGNC.Current:12160[1];HGNC.Current:12160[1>0];Ensembl.HGNC:245119[3>0]
HOX2	HGNC.Current:12156[10];HGNC.Current:12156[10>1];HGNC.Current:12156[1];HGNC.Current:12156[1>0];Ensembl.HGNC:244944[3>0]	ENSG00000120094	CURATED:110[0];HGNC.Current:12156[1];HGNC.Current:12156[1>0];Ensembl.HGNC:244944[3>0]
HOX2	HGNC.Current:12156[10];HGNC.Current:12164[10>1];HGNC.Current:12164[1];HGNC.Current:12164[1>0];Ensembl.HGNC:245139[3>0]	ENSG00000170689	CURATED:114[0];HGNC.Current:12164[1];HGNC.Current:12164[1>0];Ensembl.HGNC:245139[3>0]
HOX2	HGNC.Current:12156[10];HGNC.Current:12159[10>1];HGNC.Current:12159[1];HGNC.Current:12159[1>0];Ensembl.HGNC:245107[3>0]	ENSG00000182742	CURATED:111[0];HGNC.Current:12159[1];HGNC.Current:12159[1>0];Ensembl.HGNC:245107[3>0]
HOX2A	HGNC.Current:12160[10];HGNC.Withdrawn:1284[2>3];Ensembl.HGNC:245119[3>0]	ENSG00000120075	CURATED:112[0];HGNC.Current:12160[1];HGNC.Current:12160[1>0];Ensembl.HGNC:245119[3>0]
HOX2B	HGNC.Current:12161[10];HGNC.Withdrawn:1285[2>3];Ensembl.HGNC:245120[3>0]	ENSG00000108511	CURATED:113[0];HGNC.Current:12161[1];HGNC.Current:12161[1>0];Ensembl.HGNC:245120[3>0]
HOX2E	HGNC.Current:12164[10];HGNC.Withdrawn:1288[2>3];Ensembl.HGNC:245139[3>0]	ENSG00000170689	CURATED:114[0];HGNC.Current:12164[1];HGNC.Current:12164[1>0];Ensembl.HGNC:245139[3>0]
HOX2F	HGNC.Current:12159[10];HGNC.Withdrawn:1289[2>3];Ensembl.HGNC:245107[3>0]	ENSG00000182742	CURATED:111[0];HGNC.Current:12159[1];HGNC.Current:12159[1>0];Ensembl.HGNC:245107[3>0]
HOX2I	HGNC.Current:12156[10];HGNC.Withdrawn:1292[2>3];Ensembl.HGNC:244944[3>0]	ENSG00000120094	CURATED:110[0];HGNC.Current:12156[1];HGNC.Current:12156[1>0];Ensembl.HGNC:244944[3>0]
HOX3	HGNC.Current:12170[10];HGNC.Current:12173[10>1];HGNC.Current:12173[1];HGNC.Current:12173[1>0];Ensembl.HGNC:235091[3>0]	ENSG00000037965	CURATED:116[0];HGNC.Current:12173[1];HGNC.Current:12173[1>0];Ensembl.HGNC:235091[3>0]
HOX3	HGNC.Current:12170[10];HGNC.Current:12171[10>1];HGNC.Current:12171[1];HGNC.Current:12171[1>0];Ensembl.HGNC:241442[3>0]	ENSG00000172789	CURATED:115[0];HGNC.Current:12171[1];HGNC.Current:12171[1>0];Ensembl.HGNC:241442[3>0]
HOX3	HGNC.Current:12170[10];HGNC.Current:12174[10>1];HGNC.Current:12174[1];HGNC.Current:12174[1>0];Ensembl.HGNC:235085[3>0]	ENSG00000180806	CURATED:117[0];HGNC.Current:12174[1];HGNC.Current:12174[1>0];Ensembl.HGNC:235085[3>0]
HOX3A	HGNC.Current:12173[10];HGNC.Withdrawn:1294[2>3];Ensembl.HGNC:235091[3>0]	ENSG00000037965	CURATED:116[0];HGNC.Current:12173[1];HGNC.Current:12173[1>0];Ensembl.HGNC:235091[3>0]
HOX3B	HGNC.Current:12174[10];HGNC.Withdrawn:1295[2>3];Ensembl.HGNC:235085[3>0]	ENSG00000180806	CURATED:117[0];HGNC.Current:12174[1];HGNC.Current:12174[1>0];Ensembl.HGNC:235085[3>0]
HOX3D	HGNC.Current:12171[10];HGNC.Withdrawn:1297[2>3];Ensembl.HGNC:241442[3>0]	ENSG00000172789	CURATED:115[0];HGNC.Current:12171[1];HGNC.Current:12171[1>0];Ensembl.HGNC:241442[3>0]
HOX4	HGNC.Current:12182[10];HGNC.Current:12183[10>1];HGNC.Current:12183[1];HGNC.Current:12183[1>0];Ensembl.HGNC:211200[3>0]	ENSG00000128652	CURATED:118[0];HGNC.Current:12183[1];HGNC.Current:12183[1>0];Ensembl.HGNC:211200[3>0]
HOX4	HGNC.Current:12182[10];HGNC.Current:12186[10>1];HGNC.Current:12186[1];HGNC.Current:12186[1>0];Ensembl.HGNC:211063[3>0]	ENSG00000128709	CURATED:120[0];HGNC.Current:12186[1];HGNC.Current:12186[1>0];Ensembl.HGNC:211063[3>0]
HOX4	HGNC.Current:12182[10];HGNC.Current:12184[10>1];HGNC.Current:12184[1];HGNC.Current:12184[1>0];Ensembl.HGNC:211076[3>0]	ENSG00000170166	CURATED:119[0];HGNC.Current:12184[1];HGNC.Current:12184[1>0];Ensembl.HGNC:211076[3>0]
HOX4A	HGNC.Current:12183[10];HGNC.Withdrawn:1303[2>3];Ensembl.HGNC:211200[3>0]	ENSG00000128652	CURATED:118[0];HGNC.Current:12183[1];HGNC.Current:12183[1>0];Ensembl.HGNC:211200[3>0]
HOX4B	HGNC.Current:12184[10];HGNC.Withdrawn:1304[2>3];Ensembl.HGNC:211076[3>0]	ENSG00000170166	CURATED:119[0];HGNC.Current:12184[1];HGNC.Current:12184[1>0];Ensembl.HGNC:211076[3>0]
HOX4C	HGNC.Current:12186[10];HGNC.Withdrawn:1305[2>3];Ensembl.HGNC:211063[3>0]	ENSG00000128709	CURATED:120[0];HGNC.Current:12186[1];HGNC.Current:12186[1>0];Ensembl.HGNC:211063[3>0]
HOX7	HGNC.Current:21208[10];HGNC.Withdrawn:1312[2>3];Ensembl.HGNC:13236[3>0]	ENSG00000163132	CURATED:171[0];HGNC.Current:21208[1];HGNC.Current:21208[1>0];Ensembl.HGNC:13236[3>0]
HOX8	HGNC.Current:21209[8];HGNC.Current:21209[8>1];HGNC.Current:21209[1];HGNC.Current:21209[1>0];Ensembl.HGNC:180970[3>0]	ENSG00000120149	CURATED:172[0];HGNC.Current:21209[1];HGNC.Current:21209[1>0];Ensembl.HGNC:180970[3>0]
HOXA1	HGNC.Current:12138[1];HGNC.Current:12138[1>0];Ensembl.HGNC:149106[3>0]	ENSG00000105991	CURATED:102[0];HGNC.Current:12138[1];HGNC.Current:12138[1>0];Ensembl.HGNC:149106[3>0]
HOXA10	HGNC.Current:12146[1];HGNC.Current:12146[1>0];Ensembl.HGNC:169678[3>0]	ENSG00000253293	CURATED:103[0];HGNC.Current:12146[1];HGNC.Current:12146[1>0];Ensembl.HGNC:169678[3>0]
HOXA11	HGNC.Current:12148[1];HGNC.Current:12148[1>0];Ensembl.HGNC:149325[3>0]	ENSG00000005073	CURATED:104[0];HGNC.Current:12148[1];HGNC.Current:12148[1>0];Ensembl.HGNC:149325[3>0]
HOXA3	HGNC.Current:12140[1];HGNC.Current:12140[1>0];Ensembl.HGNC:153294[3>0]	ENSG00000105997	CURATED:105[0];HGNC.Current:12140[1];HGNC.Current:12140[1>0];Ensembl.HGNC:153294[3>0]
HOXA4	HGNC.Current:12141[1];HGNC.Current:12141[1>0];Ensembl.HGNC:221881[3>0]	ENSG00000197576	CURATED:106[0];HGNC.Current:12141[1];HGNC.Current:12141[1>0];Ensembl.HGNC:221881[3>0]
HOXA5	HGNC.Current:12142[1];HGNC.Current:12142[1>0];Ensembl.HGNC:149226[3>0]	ENSG00000106004	CURATED:107[0];HGNC.Current:12142[1];HGNC.Current:12142[1>0];Ensembl.HGNC:149226[3>0]
HOXA7	HGNC.Current:12144[1];HGNC.Current:12144[1>0];Ensembl.HGNC:149263[3>0]	ENSG00000122592	CURATED:108[0];HGNC.Current:12144[1];HGNC.Current:12144[1>0];Ensembl.HGNC:149263[3>0]
HOXA9	HGNC.Current:12145[1];HGNC.Current:12145[1>0];Ensembl.HGNC:149267[3>0]	ENSG00000078399	CURATED:109[0];HGNC.Current:12145[1];HGNC.Current:12145[1>0];Ensembl.HGNC:149267[3>0]
HOXB1	HGNC.Current:12156[1];HGNC.Current:12156[1>0];Ensembl.HGNC:244944[3>0]	ENSG00000120094	CURATED:110[0];HGNC.Current:12156[1];HGNC.Current:12156[1>0];Ensembl.HGNC:244944[3>0]
HOXB4	HGNC.Current:12159[1];HGNC.Current:12159[1>0];Ensembl.HGNC:245107[3>0]	ENSG00000182742	CURATED:111[0];HGNC.Current:12159[1];HGNC.Current:12159[1>0];Ensembl.HGNC:245107[3>0]
HOXB5	HGNC.Current:12160[1];HGNC.Current:12160[1>0];Ensembl.HGNC:245119[3>0]	ENSG00000120075	CURATED:112[0];HGNC.Current:12160[1];HGNC.Current:12160[1>0];Ensembl.HGNC:245119[3>0]
HOXB6	HGNC.Current:12161[1];HGNC.Current:12161[1>0];Ensembl.HGNC:245120[3>0]	ENSG00000108511	CURATED:113[0];HGNC.Current:12161[1];HGNC.Current:12161[1>0];Ensembl.HGNC:245120[3>0]
HOXB9	HGNC.Current:12164[1];HGNC.Current:12164[1>0];Ensembl.HGNC:245139[3>0]	ENSG00000170689	CURATED:114[0];HGNC.Current:12164[1];HGNC.Current:12164[1>0];Ensembl.HGNC:245139[3>0]
HOXC5	HGNC.Current:12171[1];HGNC.Current:12171[1>0];Ensembl.HGNC:241442[3>0]	ENSG00000172789	CURATED:115[0];HGNC.Current:12171[1];HGNC.Current:12171[1>0];Ensembl.HGNC:241442[3>0]
HOXC8	HGNC.Current:12173[1];HGNC.Current:12173[1>0];Ensembl.HGNC:235091[3>0]	ENSG00000037965	CURATED:116[0];HGNC.Current:12173[1];HGNC.Current:12173[1>0];Ensembl.HGNC:235091[3>0]
HOXC9	HGNC.Current:12174[1];HGNC.Current:12174[1>0];Ensembl.HGNC:235085[3>0]	ENSG00000180806	CURATED:117[0];HGNC.Current:12174[1];HGNC.Current:12174[1>0];Ensembl.HGNC:235085[3>0]
HOXD3	HGNC.Current:12183[1];HGNC.Current:12183[1>0];Ensembl.HGNC:211200[3>0]	ENSG00000128652	CURATED:118[0];HGNC.Current:12183[1];HGNC.Current:12183[1>0];Ensembl.HGNC:211200[3>0]
HOXD4	HGNC.Current:12184[1];HGNC.Current:12184[1>0];Ensembl.HGNC:211076[3>0]	ENSG00000170166	CURATED:119[0];HGNC.Current:12184[1];HGNC.Current:12184[1>0];Ensembl.HGNC:211076[3>0]
HOXD9	HGNC.Current:12186[1];HGNC.Current:12186[1>0];Ensembl.HGNC:211063[3>0]	ENSG00000128709	CURATED:120[0];HGNC.Current:12186[1];HGNC.Current:12186[1>0];Ensembl.HGNC:211063[3>0]
HPE2	HGNC.Current:35457[10];HGNC.Withdrawn:1318[2>3];Ensembl.HGNC:270022[3>0]	ENSG00000138083	CURATED:221[0];HGNC.Current:35457[1];HGNC.Current:35457[1>0];Ensembl.HGNC:270022[3>0]
hRIT1-alpha	HGNC.Current:2343[8];HGNC.Current:2343[8>1];HGNC.Current:2343[1];HGNC.Current:2343[1>0];Ensembl.HGNC:178608[3>0]	ENSG00000127152	CURATED:13[0];HGNC.Current:2343[1];HGNC.Current:2343[1>0];Ensembl.HGNC:178608[3>0]
HRY	HGNC.Current:11563[10];HGNC.Current:11563[10>1];HGNC.Current:11563[1];HGNC.Current:11563[1>0];Ensembl.HGNC:262356[3>0]	ENSG00000114315	CURATED:90[0];HGNC.Current:11563[1];HGNC.Current:11563[1>0];Ensembl.HGNC:262356[3>0]
HRY	HGNC.Current:11563[10];HGNC.Current:10083[8>1];HGNC.Current:10083[1];HGNC.Current:10083[1>0];Ensembl.HGNC:25032[3>0]	ENSG00000160221	CURATED:90[0];HGNC.Current:11563[1];HGNC.Current:10083[8>1];HGNC.Current:10083[1];HGNC.Current:10083[1>0];Ensembl.HGNC:25032[3>0]
Hs	HGNC.Current:1358[8];HGNC.Current:13181[8>1];HGNC.Current:13181[1];HGNC.Current:13181[1>0];Ensembl.HGNC:188341[3>0]	ENSG00000185811	CURATED:125[0];HGNC.Current:13181[1];HGNC.Current:13181[1>0];Ensembl.HGNC:188341[3>0]
HSA277276	HGNC.Current:40191[8];HGNC.Current:40191[8>1];HGNC.Current:40191[1];HGNC.Current:40191[1>0];Ensembl.HGNC:169689[3>0]	ENSG00000124496	CURATED:263[0];HGNC.Current:40191[1];HGNC.Current:40191[1>0];Ensembl.HGNC:169689[3>0]
HSP-CBF	HGNC.Current:4286[8];HGNC.Current:4286[8>1];HGNC.Current:4286[1];HGNC.Current:4286[1>0];Ensembl.HGNC:111824[3>0]	ENSG00000115816	CURATED:22[0];HGNC.Current:4286[1];HGNC.Current:4286[1>0];Ensembl.HGNC:111824[3>0]
HSPC038	HGNC.Current:43605[8];HGNC.Current:43605[8>1];HGNC.Current:43605[1];HGNC.Current:43605[1>0];Ensembl.HGNC:26769[3>0]	ENSG00000120963	CURATED:277[0];HGNC.Current:43605[1];HGNC.Current:43605[1>0];Ensembl.HGNC:26769[3>0]
HSPC215	HGNC.Current:9478[8];HGNC.Current:9478[8>1];HGNC.Current:9478[1];HGNC.Current:9478[1>0];Ensembl.HGNC:201807[3>0]	ENSG00000114861	CURATED:73[0];HGNC.Current:9478[1];HGNC.Current:9478[1>0];Ensembl.HGNC:201807[3>0]
HSPC224	HGNC.Current:4824[8];HGNC.Current:14133[8>1];HGNC.Current:14133[1];HGNC.Current:14133[1>0];Ensembl.HGNC:2993[3>0]	ENSG00000102554	CURATED:23[0];HGNC.Current:4824[1];HGNC.Current:14133[8>1];HGNC.Current:14133[1];HGNC.Current:14133[1>0];Ensembl.HGNC:2993[3>0]
HSPC224	HGNC.Current:4824[8];HGNC.Current:4824[8>1];HGNC.Current:4824[1];HGNC.Current:4824[1>0];Ensembl.HGNC:121272[3>0]	ENSG00000217555	CURATED:23[0];HGNC.Current:4824[1];HGNC.Current:4824[1>0];Ensembl.HGNC:121272[3>0]
HsT18361	HGNC.Current:18402[8];HGNC.Current:18402[8>1];HGNC.Current:18402[1];HGNC.Current:18402[1>0];Ensembl.HGNC:176618[3>0]	ENSG00000134138	CURATED:165[0];HGNC.Current:18402[1];HGNC.Current:18402[1>0];Ensembl.HGNC:176618[3>0]
HsT18976	HGNC.Current:38963[8];HGNC.Current:38963[8>1];HGNC.Current:38963[1];HGNC.Current:38963[1>0];Ensembl.HGNC:135860[3>0]	ENSG00000140332	CURATED:261[0];HGNC.Current:38963[1];HGNC.Current:38963[1>0];Ensembl.HGNC:135860[3>0]
HTLF	HGNC.Current:9464[10];HGNC.Current:9464[10>1];HGNC.Current:9464[1];HGNC.Current:9464[1>0];Ensembl.HGNC:229707[3>0]	ENSG00000170802	CURATED:69[0];HGNC.Current:9464[1];HGNC.Current:9464[1>0];Ensembl.HGNC:229707[3>0]
HUP2	HGNC.Current:24884[8];HGNC.Current:24884[8>1];HGNC.Current:24884[1];HGNC.Current:24884[1>0];Ensembl.HGNC:125892[3>0]	ENSG00000135903	CURATED:196[0];HGNC.Current:24884[1];HGNC.Current:24884[1>0];Ensembl.HGNC:125892[3>0]
Hxt	HGNC.Current:11351[8];HGNC.Current:11351[8>1];HGNC.Current:11351[1];HGNC.Current:11351[1>0];Ensembl.HGNC:178456[3>0]	ENSG00000113196	CURATED:88[0];HGNC.Current:11351[1];HGNC.Current:11351[1>0];Ensembl.HGNC:178456[3>0]
HYD1	HGNC.Current:21208[8];HGNC.Current:21208[8>1];HGNC.Current:21208[1];HGNC.Current:21208[1>0];Ensembl.HGNC:13236[3>0]	ENSG00000163132	CURATED:171[0];HGNC.Current:21208[1];HGNC.Current:21208[1>0];Ensembl.HGNC:13236[3>0]
ICSBP	HGNC.Current:13506[8];HGNC.Current:13506[8>1];HGNC.Current:13506[1];HGNC.Current:13506[1>0];Ensembl.HGNC:190659[3>0]	ENSG00000140968	CURATED:131[0];HGNC.Current:13506[1];HGNC.Current:13506[1>0];Ensembl.HGNC:190659[3>0]
ICSBP1	HGNC.Current:13506[10];HGNC.Current:13506[10>1];HGNC.Current:13506[1];HGNC.Current:13506[1>0];Ensembl.HGNC:190659[3>0]	ENSG00000140968	CURATED:131[0];HGNC.Current:13506[1];HGNC.Current:13506[1>0];Ensembl.HGNC:190659[3>0]
ID1	HGNC.Current:12530[1];HGNC.Current:12530[1>0];Ensembl.HGNC:27803[3>0]	ENSG00000125968	CURATED:121[0];HGNC.Current:12530[1];HGNC.Current:12530[1>0];Ensembl.HGNC:27803[3>0]
ID2	HGNC.Current:12531[1];HGNC.Current:12531[1>0];Ensembl.HGNC:220791[3>0]	ENSG00000115738	CURATED:122[0];HGNC.Current:12531[1];HGNC.Current:12531[1>0];Ensembl.HGNC:220791[3>0]
ID3	HGNC.Current:12534[1];HGNC.Current:12534[1>0];Ensembl.HGNC:117025[3>0]	ENSG00000117318	CURATED:123[0];HGNC.Current:12534[1];HGNC.Current:12534[1>0];Ensembl.HGNC:117025[3>0]
ID3	HGNC.Current:12534[1];HGNC.Current:12534[1>0];Ensembl.HGNC:77361[3>0]	ENSG00000283060	CURATED:123[0];HGNC.Current:12534[1];HGNC.Current:12534[1>0];Ensembl.HGNC:77361[3>0]
IFI16	HGNC.Current:12568[1];HGNC.Current:12568[1>0];Ensembl.HGNC:260310[3>0]	ENSG00000163565	CURATED:124[0];HGNC.Current:12568[1];HGNC.Current:12568[1>0];Ensembl.HGNC:260310[3>0]
IFNGIP1	HGNC.Current:12568[8];HGNC.Current:12568[8>1];HGNC.Current:12568[1];HGNC.Current:12568[1>0];Ensembl.HGNC:260310[3>0]	ENSG00000163565	CURATED:124[0];HGNC.Current:12568[1];HGNC.Current:12568[1>0];Ensembl.HGNC:260310[3>0]
IGDA	HGNC.Current:9425[8];HGNC.Current:9425[8>1];HGNC.Current:9425[1];HGNC.Current:9425[1>0];Ensembl.HGNC:23520[3>0]	ENSG00000054598	CURATED:62[0];HGNC.Current:9425[1];HGNC.Current:9425[1>0];Ensembl.HGNC:23520[3>0]
IHG1	HGNC.Current:9425[8];HGNC.Current:9425[8>1];HGNC.Current:9425[1];HGNC.Current:9425[1>0];Ensembl.HGNC:23520[3>0]	ENSG00000054598	CURATED:62[0];HGNC.Current:9425[1];HGNC.Current:9425[1>0];Ensembl.HGNC:23520[3>0]
IKAROS	HGNC.Current:13181[8];HGNC.Current:13181[8>1];HGNC.Current:13181[1];HGNC.Current:13181[1>0];Ensembl.HGNC:188341[3>0]	ENSG00000185811	CURATED:125[0];HGNC.Current:13181[1];HGNC.Current:13181[1>0];Ensembl.HGNC:188341[3>0]
IKLF	HGNC.Current:14133[8];HGNC.Current:14133[8>1];HGNC.Current:14133[1];HGNC.Current:14133[1>0];Ensembl.HGNC:2993[3>0]	ENSG00000102554	CURATED:23[0];HGNC.Current:4824[1];HGNC.Current:14133[8>1];HGNC.Current:14133[1];HGNC.Current:14133[1>0];Ensembl.HGNC:2993[3>0]
IKZF1	HGNC.Current:13181[1];HGNC.Current:13181[1>0];Ensembl.HGNC:188341[3>0]	ENSG00000185811	CURATED:125[0];HGNC.Current:13181[1];HGNC.Current:13181[1>0];Ensembl.HGNC:188341[3>0]
IKZF2	HGNC.Current:13182[1];HGNC.Current:13182[1>0];Ensembl.HGNC:273958[3>0]	ENSG00000030419	CURATED:126[0];HGNC.Current:13182[1];HGNC.Current:13182[1>0];Ensembl.HGNC:273958[3>0]
IL6DBP	HGNC.Current:4281[8];HGNC.Current:4281[8>1];HGNC.Current:4281[1];HGNC.Current:4281[1>0];Ensembl.HGNC:67120[3>0]	ENSG00000172216	CURATED:19[0];HGNC.Current:4281[1];HGNC.Current:4281[1>0];Ensembl.HGNC:67120[3>0]
ILF2	HGNC.Current:13290[1];HGNC.Current:13290[1>0];Ensembl.HGNC:87072[3>0]	ENSG00000143621	CURATED:127[0];HGNC.Current:13290[1];HGNC.Current:13290[1>0];Ensembl.HGNC:87072[3>0]
IPEX	HGNC.Current:9483[10];HGNC.Current:9483[10>1];HGNC.Current:9483[1];HGNC.Current:9483[1>0];Ensembl.HGNC:148487[3>0]	ENSG00000049768	CURATED:74[0];HGNC.Current:9483[1];HGNC.Current:9483[1>0];Ensembl.HGNC:148487[3>0]
IRF-8	HGNC.Current:13506[8];HGNC.Current:13506[8>1];HGNC.Current:13506[1];HGNC.Current:13506[1>0];Ensembl.HGNC:190659[3>0]	ENSG00000140968	CURATED:131[0];HGNC.Current:13506[1];HGNC.Current:13506[1>0];Ensembl.HGNC:190659[3>0]
IRF1	HGNC.Current:13494[1];HGNC.Current:13494[1>0];Ensembl.HGNC:223200[3>0]	ENSG00000125347	CURATED:128[0];HGNC.Current:13494[1];HGNC.Current:13494[1>0];Ensembl.HGNC:223200[3>0]
IRF4	HGNC.Current:13501[1];HGNC.Current:13501[1>0];Ensembl.HGNC:172659[3>0]	ENSG00000137265	CURATED:129[0];HGNC.Current:13501[1];HGNC.Current:13501[1>0];Ensembl.HGNC:172659[3>0]
IRF7	HGNC.Current:13505[1];HGNC.Current:13505[1>0];Ensembl.HGNC:231997[3>0]	ENSG00000185507	CURATED:130[0];HGNC.Current:13505[1];HGNC.Current:13505[1>0];Ensembl.HGNC:231997[3>0]
IRF7	HGNC.Current:13505[1];HGNC.Current:13505[1>0];Ensembl.HGNC:32151[3>0]	ENSG00000276561	CURATED:130[0];HGNC.Current:13505[1];HGNC.Current:13505[1>0];Ensembl.HGNC:32151[3>0]
IRF8	HGNC.Current:13506[1];HGNC.Current:13506[1>0];Ensembl.HGNC:190659[3>0]	ENSG00000140968	CURATED:131[0];HGNC.Current:13506[1];HGNC.Current:13506[1>0];Ensembl.HGNC:190659[3>0]
IRID1	HGNC.Current:9425[10];HGNC.Withdrawn:1514[2>3];Ensembl.HGNC:23520[3>0]	ENSG00000054598	CURATED:62[0];HGNC.Current:9425[1];HGNC.Current:9425[1>0];Ensembl.HGNC:23520[3>0]
IRX-1	HGNC.Current:13520[8];HGNC.Current:13520[8>1];HGNC.Current:13520[1];HGNC.Current:13520[1>0];Ensembl.HGNC:215397[3>0]	ENSG00000177508	CURATED:133[0];HGNC.Current:13520[1];HGNC.Current:13520[1>0];Ensembl.HGNC:215397[3>0]
IRX-2a	HGNC.Current:13524[8];HGNC.Current:13524[8>1];HGNC.Current:13524[1];HGNC.Current:13524[1>0];Ensembl.HGNC:167880[3>0]	ENSG00000176842	CURATED:134[0];HGNC.Current:13524[1];HGNC.Current:13524[1>0];Ensembl.HGNC:167880[3>0]
IRX2	HGNC.Current:13518[1];HGNC.Current:13518[1>0];Ensembl.HGNC:215180[3>0]	ENSG00000170561	CURATED:132[0];HGNC.Current:13518[1];HGNC.Current:13518[1>0];Ensembl.HGNC:215180[3>0]
IRX3	HGNC.Current:13520[1];HGNC.Current:13520[1>0];Ensembl.HGNC:215397[3>0]	ENSG00000177508	CURATED:133[0];HGNC.Current:13520[1];HGNC.Current:13520[1>0];Ensembl.HGNC:215397[3>0]
IRX5	HGNC.Current:13524[1];HGNC.Current:13524[1>0];Ensembl.HGNC:167880[3>0]	ENSG00000176842	CURATED:134[0];HGNC.Current:13524[1];HGNC.Current:13524[1>0];Ensembl.HGNC:167880[3>0]
ISGF-3	HGNC.Current:37777[8];HGNC.Current:37777[8>1];HGNC.Current:37777[1];HGNC.Current:37777[1>0];Ensembl.HGNC:256520[3>0]	ENSG00000115415	CURATED:241[0];HGNC.Current:37777[1];HGNC.Current:37777[1>0];Ensembl.HGNC:256520[3>0]
Isl-1	HGNC.Current:13543[8];HGNC.Current:13543[8>1];HGNC.Current:13543[1];HGNC.Current:13543[1>0];Ensembl.HGNC:146828[3>0]	ENSG00000016082	CURATED:135[0];HGNC.Current:13543[1];HGNC.Current:13543[1>0];Ensembl.HGNC:146828[3>0]
ISL1	HGNC.Current:13543[1];HGNC.Current:13543[1>0];Ensembl.HGNC:146828[3>0]	ENSG00000016082	CURATED:135[0];HGNC.Current:13543[1];HGNC.Current:13543[1>0];Ensembl.HGNC:146828[3>0]
ISLET1	HGNC.Current:13543[8];HGNC.Current:13543[8>1];HGNC.Current:13543[1];HGNC.Current:13543[1>0];Ensembl.HGNC:146828[3>0]	ENSG00000016082	CURATED:135[0];HGNC.Current:13543[1];HGNC.Current:13543[1>0];Ensembl.HGNC:146828[3>0]
ITF1	HGNC.Current:38508[8];HGNC.Current:38508[8>1];HGNC.Current:38508[1];HGNC.Current:38508[1>0];Ensembl.HGNC:224257[3>0]	ENSG00000071564	CURATED:253[0];HGNC.Current:38508[1];HGNC.Current:38508[1>0];Ensembl.HGNC:224257[3>0]
ITF1	HGNC.Current:38508[8];HGNC.Current:38514[10>1];HGNC.Current:38514[1];HGNC.Current:38514[1>0];Ensembl.HGNC:54909[3>0]	ENSG00000152284	CURATED:253[0];HGNC.Current:38508[1];HGNC.Current:38514[10>1];HGNC.Current:38514[1];HGNC.Current:38514[1>0];Ensembl.HGNC:54909[3>0]
ITF1	HGNC.Current:38508[8];HGNC.Current:38514[10>1];HGNC.Current:38514[1];HGNC.Current:38514[1>0];Ensembl.HGNC:85177[3>0]	ENSG00000292149	CURATED:253[0];HGNC.Current:38508[1];HGNC.Current:38514[10>1];HGNC.Current:38514[1];HGNC.Current:38514[1>0];Ensembl.HGNC:85177[3>0]
ITF2	HGNC.Current:38510[8];HGNC.Current:38516[10>1];HGNC.Current:38516[1];HGNC.Current:38516[1>0];Ensembl.HGNC:152776[3>0]	ENSG00000148737	CURATED:254[0];HGNC.Current:38510[1];HGNC.Current:38516[10>1];HGNC.Current:38516[1];HGNC.Current:38516[1>0];Ensembl.HGNC:152776[3>0]
ITF2	HGNC.Current:38510[8];HGNC.Current:38510[8>1];HGNC.Current:38510[1];HGNC.Current:38510[1>0];Ensembl.HGNC:12536[3>0]	ENSG00000196628	CURATED:254[0];HGNC.Current:38510[1];HGNC.Current:38510[1>0];Ensembl.HGNC:12536[3>0]
JM2	HGNC.Current:9483[8];HGNC.Current:9483[8>1];HGNC.Current:9483[1];HGNC.Current:9483[1>0];Ensembl.HGNC:148487[3>0]	ENSG00000049768	CURATED:74[0];HGNC.Current:9483[1];HGNC.Current:9483[1>0];Ensembl.HGNC:148487[3>0]
JUN	HGNC.Current:13714[1];HGNC.Current:13714[1>0];Ensembl.HGNC:275258[3>0]	ENSG00000177606	CURATED:136[0];HGNC.Current:13714[1];HGNC.Current:13714[1>0];Ensembl.HGNC:275258[3>0]
JUNB	HGNC.Current:13716[1];HGNC.Current:13716[1>0];Ensembl.HGNC:120393[3>0]	ENSG00000171223	CURATED:137[0];HGNC.Current:13716[1];HGNC.Current:13716[1>0];Ensembl.HGNC:120393[3>0]
JUND	HGNC.Current:13717[1];HGNC.Current:13717[1>0];Ensembl.HGNC:92038[3>0]	ENSG00000130522	CURATED:138[0];HGNC.Current:13717[1];HGNC.Current:13717[1>0];Ensembl.HGNC:92038[3>0]
KBF1	HGNC.Current:22673[8];HGNC.Current:22673[8>1];HGNC.Current:22673[1];HGNC.Current:22673[1>0];Ensembl.HGNC:162880[3>0]	ENSG00000109320	CURATED:184[0];HGNC.Current:22673[1];HGNC.Current:22673[1>0];Ensembl.HGNC:162880[3>0]
KIAA0569	HGNC.Current:42926[8];HGNC.Current:42926[8>1];HGNC.Current:42926[1];HGNC.Current:42926[1>0];Ensembl.HGNC:236783[3>0]	ENSG00000169554	CURATED:272[0];HGNC.Current:42926[1];HGNC.Current:42926[1>0];Ensembl.HGNC:236783[3>0]
KIAA0808	HGNC.Current:39612[8];HGNC.Current:39612[8>1];HGNC.Current:39612[1];HGNC.Current:39612[1>0];Ensembl.HGNC:45861[3>0]	ENSG00000198846	CURATED:262[0];HGNC.Current:39612[1];HGNC.Current:39612[1>0];Ensembl.HGNC:45861[3>0]
KIAA0827	HGNC.Current:22649[8];HGNC.Current:22649[8>1];HGNC.Current:22649[1];HGNC.Current:22649[1>0];Ensembl.HGNC:201339[3>0]	ENSG00000102908	CURATED:179[0];HGNC.Current:22649[1];HGNC.Current:22649[1>0];Ensembl.HGNC:201339[3>0]
KIAA0833	HGNC.Current:3339[8];HGNC.Current:3339[8>1];HGNC.Current:3339[1];HGNC.Current:3339[1>0];Ensembl.HGNC:275261[3>0]	ENSG00000171735	CURATED:14[0];HGNC.Current:3339[1];HGNC.Current:3339[1>0];Ensembl.HGNC:275261[3>0]
KIAA1439	HGNC.Current:22664[8];HGNC.Current:22664[8>1];HGNC.Current:22664[1];HGNC.Current:22664[1>0];Ensembl.HGNC:270168[3>0]	ENSG00000162599	CURATED:183[0];HGNC.Current:22664[1];HGNC.Current:22664[1>0];Ensembl.HGNC:270168[3>0]
KIAA1442	HGNC.Current:7393[8];HGNC.Current:7393[8>1];HGNC.Current:7393[1];HGNC.Current:7393[1>0];Ensembl.HGNC:116723[3>0]	ENSG00000088881	CURATED:39[0];HGNC.Current:7393[1];HGNC.Current:7393[1>0];Ensembl.HGNC:116723[3>0]
KIAA1547	HGNC.Current:38963[8];HGNC.Current:38963[8>1];HGNC.Current:38963[1];HGNC.Current:38963[1>0];Ensembl.HGNC:135860[3>0]	ENSG00000140332	CURATED:261[0];HGNC.Current:38963[1];HGNC.Current:38963[1>0];Ensembl.HGNC:135860[3>0]
KIAA1968	HGNC.Current:787[8];HGNC.Current:787[8>1];HGNC.Current:787[1];HGNC.Current:787[1>0];Ensembl.HGNC:148750[3>0]	ENSG00000106948	CURATED:2[0];HGNC.Current:787[1];HGNC.Current:787[1>0];Ensembl.HGNC:148750[3>0]
KLF1	HGNC.Current:14120[1];HGNC.Current:14120[1>0];Ensembl.HGNC:176476[3>0]	ENSG00000105610	CURATED:139[0];HGNC.Current:14120[1];HGNC.Current:14120[1>0];Ensembl.HGNC:176476[3>0]
KLF10	HGNC.Current:14142[1];HGNC.Current:14142[1>0];Ensembl.HGNC:107950[3>0]	ENSG00000155090	CURATED:140[0];HGNC.Current:14142[1];HGNC.Current:14142[1>0];Ensembl.HGNC:107950[3>0]
KLF13	HGNC.Current:14146[1];HGNC.Current:14146[1>0];Ensembl.HGNC:98850[3>0]	ENSG00000169926	CURATED:141[0];HGNC.Current:14146[1];HGNC.Current:14146[1>0];Ensembl.HGNC:98850[3>0]
KLF13	HGNC.Current:14146[1];HGNC.Current:14146[1>0];Ensembl.HGNC:43059[3>0]	ENSG00000275746	CURATED:141[0];HGNC.Current:14146[1];HGNC.Current:14146[1>0];Ensembl.HGNC:43059[3>0]
KLF14	HGNC.Current:14147[1];HGNC.Current:37165[8>1];HGNC.Current:37165[1];HGNC.Current:37165[1>0];Ensembl.HGNC:259036[3>0]	ENSG00000189120	CURATED:237[0];HGNC.Current:37165[1];HGNC.Current:37165[1>0];Ensembl.HGNC:259036[3>0]
KLF2	HGNC.Current:14121[1];HGNC.Current:14121[1>0];Ensembl.HGNC:243641[3>0]	ENSG00000127528	CURATED:142[0];HGNC.Current:14121[1];HGNC.Current:14121[1>0];Ensembl.HGNC:243641[3>0]
KLF3	HGNC.Current:14127[1];HGNC.Current:14127[1>0];Ensembl.HGNC:22235[3>0]	ENSG00000109787	CURATED:143[0];HGNC.Current:14127[1];HGNC.Current:14127[1>0];Ensembl.HGNC:22235[3>0]
KLF4	HGNC.Current:14131[1];HGNC.Current:14131[1>0];Ensembl.HGNC:28028[3>0]	ENSG00000136826	CURATED:144[0];HGNC.Current:14131[1];HGNC.Current:14131[1>0];Ensembl.HGNC:28028[3>0]
KLF5	HGNC.Current:14133[1];HGNC.Current:14133[1>0];Ensembl.HGNC:2993[3>0]	ENSG00000102554	CURATED:23[0];HGNC.Current:4824[1];HGNC.Current:14133[8>1];HGNC.Current:14133[1];HGNC.Current:14133[1>0];Ensembl.HGNC:2993[3>0]
KLF6	HGNC.Current:14134[1];HGNC.Current:14134[1>0];Ensembl.HGNC:9725[3>0]	ENSG00000067082	CURATED:146[0];HGNC.Current:14134[1];HGNC.Current:14134[1>0];Ensembl.HGNC:9725[3>0]
KLF7	HGNC.Current:14135[1];HGNC.Current:14135[1>0];Ensembl.HGNC:265108[3>0]	ENSG00000118263	CURATED:147[0];HGNC.Current:14135[1];HGNC.Current:14135[1>0];Ensembl.HGNC:265108[3>0]
KLF8	HGNC.Current:14138[1];HGNC.Current:14138[1>0];Ensembl.HGNC:17096[3>0]	ENSG00000102349	CURATED:148[0];HGNC.Current:14138[1];HGNC.Current:14138[1>0];Ensembl.HGNC:17096[3>0]
KLF9	HGNC.Current:14140[1];HGNC.Current:14140[1>0];Ensembl.HGNC:106454[3>0]	ENSG00000119138	CURATED:149[0];HGNC.Current:14140[1];HGNC.Current:14140[1>0];Ensembl.HGNC:106454[3>0]
KNP-I	HGNC.Current:10083[8];HGNC.Current:10083[8>1];HGNC.Current:10083[1];HGNC.Current:10083[1>0];Ensembl.HGNC:25032[3>0]	ENSG00000160221	CURATED:90[0];HGNC.Current:11563[1];HGNC.Current:10083[8>1];HGNC.Current:10083[1];HGNC.Current:10083[1>0];Ensembl.HGNC:25032[3>0]
KNP-Ia	HGNC.Current:10083[8];HGNC.Current:10083[8>1];HGNC.Current:10083[1];HGNC.Current:10083[1>0];Ensembl.HGNC:25032[3>0]	ENSG00000160221	CURATED:90[0];HGNC.Current:11563[1];HGNC.Current:10083[8>1];HGNC.Current:10083[1];HGNC.Current:10083[1>0];Ensembl.HGNC:25032[3>0]
KNPH	HGNC.Current:10083[8];HGNC.Current:10083[8>1];HGNC.Current:10083[1];HGNC.Current:10083[1>0];Ensembl.HGNC:25032[3>0]	ENSG00000160221	CURATED:90[0];HGNC.Current:11563[1];HGNC.Current:10083[8>1];HGNC.Current:10083[1];HGNC.Current:10083[1>0];Ensembl.HGNC:25032[3>0]
KNPI	HGNC.Current:10083[8];HGNC.Current:10083[8>1];HGNC.Current:10083[1];HGNC.Current:10083[1>0];Ensembl.HGNC:25032[3>0]	ENSG00000160221	CURATED:90[0];HGNC.Current:11563[1];HGNC.Current:10083[8>1];HGNC.Current:10083[1];HGNC.Current:10083[1>0];Ensembl.HGNC:25032[3>0]
KRML	HGNC.Current:17878[10];HGNC.Current:17878[10>1];HGNC.Current:17878[1];HGNC.Current:17878[1>0];Ensembl.HGNC:42092[3>0]	ENSG00000204103	CURATED:159[0];HGNC.Current:17878[1];HGNC.Current:17878[1>0];Ensembl.HGNC:42092[3>0]
KROX-24	HGNC.Current:7619[8];HGNC.Current:7619[8>1];HGNC.Current:7619[1];HGNC.Current:7619[1>0];Ensembl.HGNC:222433[3>0]	ENSG00000120738	CURATED:40[0];HGNC.Current:7619[1];HGNC.Current:7619[1>0];Ensembl.HGNC:222433[3>0]
KROX20	HGNC.Current:7620[10];HGNC.Withdrawn:1553[2>3];Ensembl.HGNC:114586[3>0]	ENSG00000122877	CURATED:41[0];HGNC.Current:7620[1];HGNC.Current:7620[1>0];Ensembl.HGNC:114586[3>0]
LAGY	HGNC.Current:12128[8];HGNC.Current:12128[8>1];HGNC.Current:12128[1];HGNC.Current:12128[1>0];Ensembl.HGNC:214506[3>0]	ENSG00000171476	CURATED:101[0];HGNC.Current:12128[1];HGNC.Current:12128[1>0];Ensembl.HGNC:214506[3>0]
LAP	HGNC.Current:239[8];HGNC.Current:4281[8>1];HGNC.Current:4281[1];HGNC.Current:4281[1>0];Ensembl.HGNC:67120[3>0]	ENSG00000172216	CURATED:19[0];HGNC.Current:4281[1];HGNC.Current:4281[1>0];Ensembl.HGNC:67120[3>0]
LCN7	HGNC.Current:38928[10];HGNC.Current:38928[10>1];HGNC.Current:38928[1];HGNC.Current:38928[1>0];Ensembl.HGNC:175588[3>0]	ENSG00000142910	CURATED:5[0];HGNC.Current:1429[1];HGNC.Current:38928[8>1];HGNC.Current:38928[1];HGNC.Current:38928[1>0];Ensembl.HGNC:175588[3>0]
LEF1	HGNC.Current:14850[1];HGNC.Current:14850[1>0];Ensembl.HGNC:114307[3>0]	ENSG00000138795	CURATED:150[0];HGNC.Current:14850[1];HGNC.Current:14850[1>0];Ensembl.HGNC:114307[3>0]
LH-2	HGNC.Current:14928[8];HGNC.Current:14928[8>1];HGNC.Current:14928[1];HGNC.Current:14928[1>0];Ensembl.HGNC:123593[3>0]	ENSG00000106689	CURATED:152[0];HGNC.Current:14928[1];HGNC.Current:14928[1>0];Ensembl.HGNC:123593[3>0]
LHX1	HGNC.Current:14926[1];HGNC.Current:14926[1>0];Ensembl.HGNC:140197[3>0]	ENSG00000273706	CURATED:151[0];HGNC.Current:14926[1];HGNC.Current:14926[1>0];Ensembl.HGNC:140197[3>0]
LHX1	HGNC.Current:14926[1];HGNC.Current:14926[1>0];Ensembl.HGNC:60516[3>0]	ENSG00000274577	CURATED:151[0];HGNC.Current:14926[1];HGNC.Current:14926[1>0];Ensembl.HGNC:60516[3>0]
LHX2	HGNC.Current:14928[1];HGNC.Current:14928[1>0];Ensembl.HGNC:123593[3>0]	ENSG00000106689	CURATED:152[0];HGNC.Current:14928[1];HGNC.Current:14928[1>0];Ensembl.HGNC:123593[3>0]
LIECG3	HGNC.Current:38928[8];HGNC.Current:38928[8>1];HGNC.Current:38928[1];HGNC.Current:38928[1>0];Ensembl.HGNC:175588[3>0]	ENSG00000142910	CURATED:5[0];HGNC.Current:1429[1];HGNC.Current:38928[8>1];HGNC.Current:38928[1];HGNC.Current:38928[1>0];Ensembl.HGNC:175588[3>0]
LIM-1	HGNC.Current:14926[8];HGNC.Current:14926[8>1];HGNC.Current:14926[1];HGNC.Current:14926[1>0];Ensembl.HGNC:140197[3>0]	ENSG00000273706	CURATED:151[0];HGNC.Current:14926[1];HGNC.Current:14926[1>0];Ensembl.HGNC:140197[3>0]
LIM-1	HGNC.Current:14926[8];HGNC.Current:14926[8>1];HGNC.Current:14926[1];HGNC.Current:14926[1>0];Ensembl.HGNC:60516[3>0]	ENSG00000274577	CURATED:151[0];HGNC.Current:14926[1];HGNC.Current:14926[1>0];Ensembl.HGNC:60516[3>0]
LIM1	HGNC.Current:14926[8];HGNC.Current:14926[8>1];HGNC.Current:14926[1];HGNC.Current:14926[1>0];Ensembl.HGNC:140197[3>0]	ENSG00000273706	CURATED:151[0];HGNC.Current:14926[1];HGNC.Current:14926[1>0];Ensembl.HGNC:140197[3>0]
LIM1	HGNC.Current:14926[8];HGNC.Current:14926[8>1];HGNC.Current:14926[1];HGNC.Current:14926[1>0];Ensembl.HGNC:60516[3>0]	ENSG00000274577	CURATED:151[0];HGNC.Current:14926[1];HGNC.Current:14926[1>0];Ensembl.HGNC:60516[3>0]
LKLF	HGNC.Current:14121[8];HGNC.Current:14121[8>1];HGNC.Current:14121[1];HGNC.Current:14121[1>0];Ensembl.HGNC:243641[3>0]	ENSG00000127528	CURATED:142[0];HGNC.Current:14121[1];HGNC.Current:14121[1>0];Ensembl.HGNC:243641[3>0]
LMO2	HGNC.Current:17420[1];HGNC.Current:17420[1>0];Ensembl.HGNC:238384[3>0]	ENSG00000135363	CURATED:153[0];HGNC.Current:17420[1];HGNC.Current:17420[1>0];Ensembl.HGNC:238384[3>0]
LMO4	HGNC.Current:17422[1];HGNC.Current:17422[1>0];Ensembl.HGNC:61609[3>0]	ENSG00000143013	CURATED:154[0];HGNC.Current:17422[1];HGNC.Current:17422[1>0];Ensembl.HGNC:61609[3>0]
LMX1	HGNC.Current:17432[10];HGNC.Withdrawn:1614[2>3];Ensembl.HGNC:95877[3>0]	ENSG00000162761	CURATED:155[0];HGNC.Current:17432[1];HGNC.Current:17432[1>0];Ensembl.HGNC:95877[3>0]
LMX1A	HGNC.Current:17432[1];HGNC.Current:17432[1>0];Ensembl.HGNC:95877[3>0]	ENSG00000162761	CURATED:155[0];HGNC.Current:17432[1];HGNC.Current:17432[1>0];Ensembl.HGNC:95877[3>0]
LMX1B	HGNC.Current:17435[1];HGNC.Current:17435[1>0];Ensembl.HGNC:20365[3>0]	ENSG00000136944	CURATED:156[0];HGNC.Current:17435[1];HGNC.Current:17435[1>0];Ensembl.HGNC:20365[3>0]
LSIRF	HGNC.Current:13501[8];HGNC.Current:13501[8>1];HGNC.Current:13501[1];HGNC.Current:13501[1>0];Ensembl.HGNC:172659[3>0]	ENSG00000137265	CURATED:129[0];HGNC.Current:13501[1];HGNC.Current:13501[1>0];Ensembl.HGNC:172659[3>0]
LyF-1	HGNC.Current:13181[8];HGNC.Current:13181[8>1];HGNC.Current:13181[1];HGNC.Current:13181[1>0];Ensembl.HGNC:188341[3>0]	ENSG00000185811	CURATED:125[0];HGNC.Current:13181[1];HGNC.Current:13181[1>0];Ensembl.HGNC:188341[3>0]
LYL1	HGNC.Current:17792[1];HGNC.Current:17792[1>0];Ensembl.HGNC:98495[3>0]	ENSG00000104903	CURATED:157[0];HGNC.Current:17792[1];HGNC.Current:17792[1>0];Ensembl.HGNC:98495[3>0]
MAD	HGNC.Current:21937[10];HGNC.Current:21937[10>1];HGNC.Current:21937[1];HGNC.Current:21937[1>0];Ensembl.HGNC:208732[3>0]	ENSG00000059728	CURATED:173[0];HGNC.Current:21937[1];HGNC.Current:21937[1>0];Ensembl.HGNC:208732[3>0]
MAD1	HGNC.Current:17861[8];HGNC.Current:21937[8>1];HGNC.Current:21937[1];HGNC.Current:21937[1>0];Ensembl.HGNC:208732[3>0]	ENSG00000059728	CURATED:173[0];HGNC.Current:21937[1];HGNC.Current:21937[1>0];Ensembl.HGNC:208732[3>0]
MAD2	HGNC.Current:17862[8];HGNC.Current:21940[8>1];HGNC.Current:21940[1];HGNC.Current:21940[1>0];Ensembl.HGNC:73472[3>0]	ENSG00000119950	CURATED:174[0];HGNC.Current:21940[1];HGNC.Current:21940[1>0];Ensembl.HGNC:73472[3>0]
MAF	HGNC.Current:17873[1];HGNC.Current:17873[1>0];Ensembl.HGNC:34664[3>0]	ENSG00000178573	CURATED:158[0];HGNC.Current:17873[1];HGNC.Current:17873[1>0];Ensembl.HGNC:34664[3>0]
MAFB	HGNC.Current:17878[1];HGNC.Current:17878[1>0];Ensembl.HGNC:42092[3>0]	ENSG00000204103	CURATED:159[0];HGNC.Current:17878[1];HGNC.Current:17878[1>0];Ensembl.HGNC:42092[3>0]
MAFG	HGNC.Current:17880[1];HGNC.Current:17880[1>0];Ensembl.HGNC:144002[3>0]	ENSG00000197063	CURATED:160[0];HGNC.Current:17880[1];HGNC.Current:17880[1>0];Ensembl.HGNC:144002[3>0]
MAR	HGNC.Current:13494[8];HGNC.Current:13494[8>1];HGNC.Current:13494[1];HGNC.Current:13494[1>0];Ensembl.HGNC:223200[3>0]	ENSG00000125347	CURATED:128[0];HGNC.Current:13494[1];HGNC.Current:13494[1>0];Ensembl.HGNC:223200[3>0]
MCARP	HGNC.Current:1049[8];HGNC.Current:1049[8>1];HGNC.Current:1049[1];HGNC.Current:1049[1>0];Ensembl.HGNC:54389[3>0]	ENSG00000148677	CURATED:4[0];HGNC.Current:1049[1];HGNC.Current:1049[1>0];Ensembl.HGNC:54389[3>0]
MEF2A	HGNC.Current:18376[1];HGNC.Current:18376[1>0];Ensembl.HGNC:175896[3>0]	ENSG00000068305	CURATED:161[0];HGNC.Current:18376[1];HGNC.Current:18376[1>0];Ensembl.HGNC:175896[3>0]
MEF2C	HGNC.Current:18379[1];HGNC.Current:18379[1>0];Ensembl.HGNC:259555[3>0]	ENSG00000081189	CURATED:162[0];HGNC.Current:18379[1];HGNC.Current:18379[1>0];Ensembl.HGNC:259555[3>0]
MEF2D	HGNC.Current:18382[1];HGNC.Current:18382[1>0];Ensembl.HGNC:243358[3>0]	ENSG00000116604	CURATED:163[0];HGNC.Current:18382[1];HGNC.Current:18382[1>0];Ensembl.HGNC:243358[3>0]
MEF2D	HGNC.Current:18382[1];HGNC.Current:18382[1>0];Ensembl.HGNC:19939[3>0]	ENSG00000291761	CURATED:163[0];HGNC.Current:18382[1];HGNC.Current:18382[1>0];Ensembl.HGNC:19939[3>0]
MEIS1	HGNC.Current:18399[1];HGNC.Current:18399[1>0];Ensembl.HGNC:274483[3>0]	ENSG00000143995	CURATED:164[0];HGNC.Current:18399[1];HGNC.Current:18399[1>0];Ensembl.HGNC:274483[3>0]
MEIS2	HGNC.Current:18402[1];HGNC.Current:18402[1>0];Ensembl.HGNC:176618[3>0]	ENSG00000134138	CURATED:165[0];HGNC.Current:18402[1];HGNC.Current:18402[1>0];Ensembl.HGNC:176618[3>0]
MEOX1	HGNC.Current:18417[1];HGNC.Current:18417[1>0];Ensembl.HGNC:249646[3>0]	ENSG00000005102	CURATED:166[0];HGNC.Current:18417[1];HGNC.Current:18417[1>0];Ensembl.HGNC:249646[3>0]
MEOX2	HGNC.Current:18418[1];HGNC.Current:18418[1>0];Ensembl.HGNC:13963[3>0]	ENSG00000106511	CURATED:167[0];HGNC.Current:18418[1];HGNC.Current:18418[1>0];Ensembl.HGNC:13963[3>0]
MESP1	HGNC.Current:18430[1];HGNC.Current:18430[1>0];Ensembl.HGNC:145235[3>0]	ENSG00000166823	CURATED:168[0];HGNC.Current:18430[1];HGNC.Current:18430[1>0];Ensembl.HGNC:145235[3>0]
MFH-1	HGNC.Current:9426[8];HGNC.Current:9426[8>1];HGNC.Current:9426[1];HGNC.Current:9426[1>0];Ensembl.HGNC:36349[3>0]	ENSG00000176692	CURATED:63[0];HGNC.Current:9426[1];HGNC.Current:9426[1>0];Ensembl.HGNC:36349[3>0]
MGC10676	HGNC.Current:18430[8];HGNC.Current:18430[8>1];HGNC.Current:18430[1];HGNC.Current:18430[1>0];Ensembl.HGNC:145235[3>0]	ENSG00000166823	CURATED:168[0];HGNC.Current:18430[1];HGNC.Current:18430[1>0];Ensembl.HGNC:145235[3>0]
MGC129647	HGNC.Current:38508[8];HGNC.Current:38508[8>1];HGNC.Current:38508[1];HGNC.Current:38508[1>0];Ensembl.HGNC:224257[3>0]	ENSG00000071564	CURATED:253[0];HGNC.Current:38508[1];HGNC.Current:38508[1>0];Ensembl.HGNC:224257[3>0]
MGC129647	HGNC.Current:38508[8];HGNC.Current:38514[10>1];HGNC.Current:38514[1];HGNC.Current:38514[1>0];Ensembl.HGNC:54909[3>0]	ENSG00000152284	CURATED:253[0];HGNC.Current:38508[1];HGNC.Current:38514[10>1];HGNC.Current:38514[1];HGNC.Current:38514[1>0];Ensembl.HGNC:54909[3>0]
MGC129647	HGNC.Current:38508[8];HGNC.Current:38514[10>1];HGNC.Current:38514[1];HGNC.Current:38514[1>0];Ensembl.HGNC:85177[3>0]	ENSG00000292149	CURATED:253[0];HGNC.Current:38508[1];HGNC.Current:38514[10>1];HGNC.Current:38514[1];HGNC.Current:38514[1>0];Ensembl.HGNC:85177[3>0]
MGC129648	HGNC.Current:38508[8];HGNC.Current:38508[8>1];HGNC.Current:38508[1];HGNC.Current:38508[1>0];Ensembl.HGNC:224257[3>0]	ENSG00000071564	CURATED:253[0];HGNC.Current:38508[1];HGNC.Current:38508[1>0];Ensembl.HGNC:224257[3>0]
MGC129648	HGNC.Current:38508[8];HGNC.Current:38514[10>1];HGNC.Current:38514[1];HGNC.Current:38514[1>0];Ensembl.HGNC:54909[3>0]	ENSG00000152284	CURATED:253[0];HGNC.Current:38508[1];HGNC.Current:38514[10>1];HGNC.Current:38514[1];HGNC.Current:38514[1>0];Ensembl.HGNC:54909[3>0]
MGC129648	HGNC.Current:38508[8];HGNC.Current:38514[10>1];HGNC.Current:38514[1];HGNC.Current:38514[1>0];Ensembl.HGNC:85177[3>0]	ENSG00000292149	CURATED:253[0];HGNC.Current:38508[1];HGNC.Current:38514[10>1];HGNC.Current:38514[1];HGNC.Current:38514[1>0];Ensembl.HGNC:85177[3>0]
MGC130008	HGNC.Current:37163[8];HGNC.Current:37163[8>1];HGNC.Current:37163[1];HGNC.Current:37163[1>0];Ensembl.HGNC:22722[3>0]	ENSG00000105866	CURATED:235[0];HGNC.Current:37163[1];HGNC.Current:37163[1>0];Ensembl.HGNC:22722[3>0]
MGC130009	HGNC.Current:37163[8];HGNC.Current:37163[8>1];HGNC.Current:37163[1];HGNC.Current:37163[1>0];Ensembl.HGNC:22722[3>0]	ENSG00000105866	CURATED:235[0];HGNC.Current:37163[1];HGNC.Current:37163[1>0];Ensembl.HGNC:22722[3>0]
MGC13090	HGNC.Current:17880[8];HGNC.Current:17880[8>1];HGNC.Current:17880[1];HGNC.Current:17880[1>0];Ensembl.HGNC:144002[3>0]	ENSG00000197063	CURATED:160[0];HGNC.Current:17880[1];HGNC.Current:17880[1>0];Ensembl.HGNC:144002[3>0]
MGC20149	HGNC.Current:17880[8];HGNC.Current:17880[8>1];HGNC.Current:17880[1];HGNC.Current:17880[1>0];Ensembl.HGNC:144002[3>0]	ENSG00000197063	CURATED:160[0];HGNC.Current:17880[1];HGNC.Current:17880[1>0];Ensembl.HGNC:144002[3>0]
MGC33822	HGNC.Current:11726[8];HGNC.Current:11726[8>1];HGNC.Current:11726[1];HGNC.Current:11726[1>0];Ensembl.HGNC:252335[3>0]	ENSG00000108924	CURATED:97[0];HGNC.Current:11726[1];HGNC.Current:11726[1>0];Ensembl.HGNC:252335[3>0]
MGC33822	HGNC.Current:11726[8];HGNC.Current:8043[8>1];HGNC.Current:8043[1];HGNC.Current:8043[1>0];Ensembl.HGNC:52410[3>0]	ENSG00000116016	CURATED:48[0];HGNC.Current:8043[1];HGNC.Current:8043[1>0];Ensembl.HGNC:52410[3>0]
MGC42291	HGNC.Current:9415[8];HGNC.Current:9415[8>1];HGNC.Current:9415[1];HGNC.Current:9415[1>0];Ensembl.HGNC:236716[3>0]	ENSG00000125740	CURATED:58[0];HGNC.Current:9415[1];HGNC.Current:9415[1>0];Ensembl.HGNC:236716[3>0]
MGC4549	HGNC.Current:7894[8];HGNC.Current:7894[8>1];HGNC.Current:7894[1];HGNC.Current:7894[1>0];Ensembl.HGNC:208723[3>0]	ENSG00000130165	CURATED:42[0];HGNC.Current:7810[1];HGNC.Current:7894[8>1];HGNC.Current:7894[1];HGNC.Current:7894[1>0];Ensembl.HGNC:208723[3>0]
MGF	HGNC.Current:14107[10];HGNC.Current:37782[8>1];HGNC.Current:37782[1];HGNC.Current:37782[1>0];Ensembl.HGNC:157910[3>0]	ENSG00000126561	CURATED:244[0];HGNC.Current:37782[1];HGNC.Current:37782[1>0];Ensembl.HGNC:157910[3>0]
MI	HGNC.Current:20644[8];HGNC.Current:20644[8>1];HGNC.Current:20644[1];HGNC.Current:20644[1>0];Ensembl.HGNC:258015[3>0]	ENSG00000187098	CURATED:169[0];HGNC.Current:20644[1];HGNC.Current:20644[1>0];Ensembl.HGNC:258015[3>0]
MILD1	HGNC.Current:20651[8];HGNC.Current:20651[8>1];HGNC.Current:20651[1];HGNC.Current:20651[1>0];Ensembl.HGNC:176207[3>0]	ENSG00000185155	CURATED:170[0];HGNC.Current:20651[1];HGNC.Current:20651[1>0];Ensembl.HGNC:176207[3>0]
MITF	HGNC.Current:20644[1];HGNC.Current:20644[1>0];Ensembl.HGNC:258015[3>0]	ENSG00000187098	CURATED:169[0];HGNC.Current:20644[1];HGNC.Current:20644[1>0];Ensembl.HGNC:258015[3>0]
MIXL	HGNC.Current:20651[8];HGNC.Current:20651[8>1];HGNC.Current:20651[1];HGNC.Current:20651[1>0];Ensembl.HGNC:176207[3>0]	ENSG00000185155	CURATED:170[0];HGNC.Current:20651[1];HGNC.Current:20651[1>0];Ensembl.HGNC:176207[3>0]
MIXL1	HGNC.Current:20651[1];HGNC.Current:20651[1>0];Ensembl.HGNC:176207[3>0]	ENSG00000185155	CURATED:170[0];HGNC.Current:20651[1];HGNC.Current:20651[1>0];Ensembl.HGNC:176207[3>0]
MLLT7	HGNC.Current:9475[10];HGNC.Current:9475[10>1];HGNC.Current:9475[1];HGNC.Current:9475[1>0];Ensembl.HGNC:51809[3>0]	ENSG00000184481	CURATED:72[0];HGNC.Current:9475[1];HGNC.Current:9475[1>0];Ensembl.HGNC:51809[3>0]
MODY	HGNC.Current:11954[10];HGNC.Current:11954[10>1];HGNC.Current:11954[1];HGNC.Current:11954[1>0];Ensembl.HGNC:124322[3>0]	ENSG00000101076	CURATED:100[0];HGNC.Current:11954[1];HGNC.Current:11954[1>0];Ensembl.HGNC:124322[3>0]
MODY1	HGNC.Current:11954[10];HGNC.Withdrawn:1787[2>3];Ensembl.HGNC:124322[3>0]	ENSG00000101076	CURATED:100[0];HGNC.Current:11954[1];HGNC.Current:11954[1>0];Ensembl.HGNC:124322[3>0]
MOP2	HGNC.Current:8043[8];HGNC.Current:8043[8>1];HGNC.Current:8043[1];HGNC.Current:8043[1>0];Ensembl.HGNC:52410[3>0]	ENSG00000116016	CURATED:48[0];HGNC.Current:8043[1];HGNC.Current:8043[1>0];Ensembl.HGNC:52410[3>0]
MOX1	HGNC.Current:3969[10];HGNC.Current:18417[8>1];HGNC.Current:18417[1];HGNC.Current:18417[1>0];Ensembl.HGNC:249646[3>0]	ENSG00000005102	CURATED:166[0];HGNC.Current:18417[1];HGNC.Current:18417[1>0];Ensembl.HGNC:249646[3>0]
MOX2	HGNC.Current:3969[10];HGNC.Current:18418[8>1];HGNC.Current:18418[1];HGNC.Current:18418[1>0];Ensembl.HGNC:13963[3>0]	ENSG00000106511	CURATED:167[0];HGNC.Current:18418[1];HGNC.Current:18418[1>0];Ensembl.HGNC:13963[3>0]
MRF2	HGNC.Current:1549[8];HGNC.Current:1549[8>1];HGNC.Current:1549[1];HGNC.Current:1549[1>0];Ensembl.HGNC:81884[3>0]	ENSG00000150347	CURATED:8[0];HGNC.Current:1549[1];HGNC.Current:1549[1>0];Ensembl.HGNC:81884[3>0]
MRG1	HGNC.Current:4812[8];HGNC.Current:18402[8>1];HGNC.Current:18402[1];HGNC.Current:18402[1>0];Ensembl.HGNC:176618[3>0]	ENSG00000134138	CURATED:165[0];HGNC.Current:18402[1];HGNC.Current:18402[1>0];Ensembl.HGNC:176618[3>0]
MSH	HGNC.Current:21209[8];HGNC.Current:21209[8>1];HGNC.Current:21209[1];HGNC.Current:21209[1>0];Ensembl.HGNC:180970[3>0]	ENSG00000120149	CURATED:172[0];HGNC.Current:21209[1];HGNC.Current:21209[1>0];Ensembl.HGNC:180970[3>0]
MSSP-1	HGNC.Current:27978[8];HGNC.Current:27978[8>1];HGNC.Current:27978[1];HGNC.Current:27978[1>0];Ensembl.HGNC:228378[3>0]	ENSG00000153250	CURATED:209[0];HGNC.Current:27978[1];HGNC.Current:27978[1>0];Ensembl.HGNC:228378[3>0]
MSSP-2	HGNC.Current:27978[8];HGNC.Current:27978[8>1];HGNC.Current:27978[1];HGNC.Current:27978[1>0];Ensembl.HGNC:228378[3>0]	ENSG00000153250	CURATED:209[0];HGNC.Current:27978[1];HGNC.Current:27978[1>0];Ensembl.HGNC:228378[3>0]
MSSP-3	HGNC.Current:27978[8];HGNC.Current:27978[8>1];HGNC.Current:27978[1];HGNC.Current:27978[1>0];Ensembl.HGNC:228378[3>0]	ENSG00000153250	CURATED:209[0];HGNC.Current:27978[1];HGNC.Current:27978[1>0];Ensembl.HGNC:228378[3>0]
MSX1	HGNC.Current:21208[1];HGNC.Current:21208[1>0];Ensembl.HGNC:13236[3>0]	ENSG00000163132	CURATED:171[0];HGNC.Current:21208[1];HGNC.Current:21208[1>0];Ensembl.HGNC:13236[3>0]
MSX2	HGNC.Current:21209[1];HGNC.Current:21209[1>0];Ensembl.HGNC:180970[3>0]	ENSG00000120149	CURATED:172[0];HGNC.Current:21209[1];HGNC.Current:21209[1>0];Ensembl.HGNC:180970[3>0]
MUM1	HGNC.Current:13501[10];HGNC.Withdrawn:1937[2>3];Ensembl.HGNC:172659[3>0]	ENSG00000137265	CURATED:129[0];HGNC.Current:13501[1];HGNC.Current:13501[1>0];Ensembl.HGNC:172659[3>0]
MXD1	HGNC.Current:21937[1];HGNC.Current:21937[1>0];Ensembl.HGNC:208732[3>0]	ENSG00000059728	CURATED:173[0];HGNC.Current:21937[1];HGNC.Current:21937[1>0];Ensembl.HGNC:208732[3>0]
MXD2	HGNC.Current:21940[8];HGNC.Current:21940[8>1];HGNC.Current:21940[1];HGNC.Current:21940[1>0];Ensembl.HGNC:73472[3>0]	ENSG00000119950	CURATED:174[0];HGNC.Current:21940[1];HGNC.Current:21940[1>0];Ensembl.HGNC:73472[3>0]
MXI	HGNC.Current:21940[8];HGNC.Current:21940[8>1];HGNC.Current:21940[1];HGNC.Current:21940[1>0];Ensembl.HGNC:73472[3>0]	ENSG00000119950	CURATED:174[0];HGNC.Current:21940[1];HGNC.Current:21940[1>0];Ensembl.HGNC:73472[3>0]
MXI1	HGNC.Current:21940[1];HGNC.Current:21940[1>0];Ensembl.HGNC:73472[3>0]	ENSG00000119950	CURATED:174[0];HGNC.Current:21940[1];HGNC.Current:21940[1>0];Ensembl.HGNC:73472[3>0]
MYB	HGNC.Current:21951[1];HGNC.Current:21951[1>0];Ensembl.HGNC:222938[3>0]	ENSG00000118513	CURATED:175[0];HGNC.Current:21951[1];HGNC.Current:21951[1>0];Ensembl.HGNC:222938[3>0]
MYBL1	HGNC.Current:21954[1];HGNC.Current:21954[1>0];Ensembl.HGNC:114079[3>0]	ENSG00000185697	CURATED:176[0];HGNC.Current:21954[1];HGNC.Current:21954[1>0];Ensembl.HGNC:114079[3>0]
MYC	HGNC.Current:21961[1];HGNC.Current:21961[1>0];Ensembl.HGNC:181822[3>0]	ENSG00000136997	CURATED:177[0];HGNC.Current:21961[1];HGNC.Current:21961[1>0];Ensembl.HGNC:181822[3>0]
MYCC	HGNC.Current:21961[8];HGNC.Current:21961[8>1];HGNC.Current:21961[1];HGNC.Current:21961[1>0];Ensembl.HGNC:181822[3>0]	ENSG00000136997	CURATED:177[0];HGNC.Current:21961[1];HGNC.Current:21961[1>0];Ensembl.HGNC:181822[3>0]
n339260	HGNC.Current:22654[8];HGNC.Current:22654[8>1];HGNC.Current:22654[1];HGNC.Current:22654[1>0];Ensembl.HGNC:77902[3>0]	ENSG00000072736	CURATED:180[0];HGNC.Current:22654[1];HGNC.Current:22654[1>0];Ensembl.HGNC:77902[3>0]
NANOG	HGNC.Current:22193[1];HGNC.Current:22193[1>0];Ensembl.HGNC:35294[3>0]	ENSG00000111704	CURATED:178[0];HGNC.Current:22193[1];HGNC.Current:22193[1>0];Ensembl.HGNC:35294[3>0]
NECC1	HGNC.Current:12128[8];HGNC.Current:12128[8>1];HGNC.Current:12128[1];HGNC.Current:12128[1>0];Ensembl.HGNC:214506[3>0]	ENSG00000171476	CURATED:101[0];HGNC.Current:12128[1];HGNC.Current:12128[1>0];Ensembl.HGNC:214506[3>0]
NERF	HGNC.Current:7811[8];HGNC.Current:7811[8>1];HGNC.Current:7811[1];HGNC.Current:7811[1>0];Ensembl.HGNC:148522[3>0]	ENSG00000109381	CURATED:43[0];HGNC.Current:7811[1];HGNC.Current:7811[1>0];Ensembl.HGNC:148522[3>0]
NERF-1A	HGNC.Current:7811[8];HGNC.Current:7811[8>1];HGNC.Current:7811[1];HGNC.Current:7811[1>0];Ensembl.HGNC:148522[3>0]	ENSG00000109381	CURATED:43[0];HGNC.Current:7811[1];HGNC.Current:7811[1>0];Ensembl.HGNC:148522[3>0]
NERF-1B	HGNC.Current:7811[8];HGNC.Current:7811[8>1];HGNC.Current:7811[1];HGNC.Current:7811[1>0];Ensembl.HGNC:148522[3>0]	ENSG00000109381	CURATED:43[0];HGNC.Current:7811[1];HGNC.Current:7811[1>0];Ensembl.HGNC:148522[3>0]
NERF-2	HGNC.Current:7811[8];HGNC.Current:7811[8>1];HGNC.Current:7811[1];HGNC.Current:7811[1>0];Ensembl.HGNC:148522[3>0]	ENSG00000109381	CURATED:43[0];HGNC.Current:7811[1];HGNC.Current:7811[1>0];Ensembl.HGNC:148522[3>0]
NET	HGNC.Current:7827[8];HGNC.Current:7827[8>1];HGNC.Current:7827[1];HGNC.Current:7827[1>0];Ensembl.HGNC:56353[3>0]	ENSG00000111145	CURATED:44[0];HGNC.Current:7827[1];HGNC.Current:7827[1>0];Ensembl.HGNC:56353[3>0]
NF-AT5	HGNC.Current:22649[8];HGNC.Current:22649[8>1];HGNC.Current:22649[1];HGNC.Current:22649[1>0];Ensembl.HGNC:201339[3>0]	ENSG00000102908	CURATED:179[0];HGNC.Current:22649[1];HGNC.Current:22649[1>0];Ensembl.HGNC:201339[3>0]
NF-E1	HGNC.Current:10067[8];HGNC.Current:10067[8>1];HGNC.Current:10067[1];HGNC.Current:10067[1>0];Ensembl.HGNC:136420[3>0]	ENSG00000102145	CURATED:76[0];HGNC.Current:10067[1];HGNC.Current:10067[1>0];Ensembl.HGNC:136420[3>0]
NF-E2	HGNC.Current:22656[8];HGNC.Current:22656[8>1];HGNC.Current:22656[1];HGNC.Current:22656[1>0];Ensembl.HGNC:162846[3>0]	ENSG00000123405	CURATED:181[0];HGNC.Current:22656[1];HGNC.Current:22656[1>0];Ensembl.HGNC:162846[3>0]
NF-E3	HGNC.Current:23168[8];HGNC.Current:23168[8>1];HGNC.Current:23168[1];HGNC.Current:23168[1>0];Ensembl.HGNC:47561[3>0]	ENSG00000185551	CURATED:190[0];HGNC.Current:23168[1];HGNC.Current:23168[1>0];Ensembl.HGNC:47561[3>0]
NF-IL6-beta	HGNC.Current:4283[8];HGNC.Current:4283[8>1];HGNC.Current:4283[1];HGNC.Current:4283[1>0];Ensembl.HGNC:151057[3>0]	ENSG00000221869	CURATED:20[0];HGNC.Current:4283[1];HGNC.Current:4283[1>0];Ensembl.HGNC:151057[3>0]
NF-kappaB	HGNC.Current:22673[8];HGNC.Current:22673[8>1];HGNC.Current:22673[1];HGNC.Current:22673[1>0];Ensembl.HGNC:162880[3>0]	ENSG00000109320	CURATED:184[0];HGNC.Current:22673[1];HGNC.Current:22673[1>0];Ensembl.HGNC:162880[3>0]
NF-kB1	HGNC.Current:22673[8];HGNC.Current:22673[8>1];HGNC.Current:22673[1];HGNC.Current:22673[1>0];Ensembl.HGNC:162880[3>0]	ENSG00000109320	CURATED:184[0];HGNC.Current:22673[1];HGNC.Current:22673[1>0];Ensembl.HGNC:162880[3>0]
NF-YB	HGNC.Current:22690[8];HGNC.Current:22690[8>1];HGNC.Current:22690[1];HGNC.Current:22690[1>0];Ensembl.HGNC:170326[3>0]	ENSG00000120837	CURATED:185[0];HGNC.Current:22690[1];HGNC.Current:22690[1>0];Ensembl.HGNC:170326[3>0]
NF45	HGNC.Current:13290[8];HGNC.Current:13290[8>1];HGNC.Current:13290[1];HGNC.Current:13290[1>0];Ensembl.HGNC:87072[3>0]	ENSG00000143621	CURATED:127[0];HGNC.Current:13290[1];HGNC.Current:13290[1>0];Ensembl.HGNC:87072[3>0]
NFAT4	HGNC.Current:22654[8];HGNC.Current:22654[8>1];HGNC.Current:22654[1];HGNC.Current:22654[1>0];Ensembl.HGNC:77902[3>0]	ENSG00000072736	CURATED:180[0];HGNC.Current:22654[1];HGNC.Current:22654[1>0];Ensembl.HGNC:77902[3>0]
NFAT5	HGNC.Current:22649[1];HGNC.Current:22649[1>0];Ensembl.HGNC:201339[3>0]	ENSG00000102908	CURATED:179[0];HGNC.Current:22649[1];HGNC.Current:22649[1>0];Ensembl.HGNC:201339[3>0]
NFATC3	HGNC.Current:22654[1];HGNC.Current:22654[1>0];Ensembl.HGNC:77902[3>0]	ENSG00000072736	CURATED:180[0];HGNC.Current:22654[1];HGNC.Current:22654[1>0];Ensembl.HGNC:77902[3>0]
NFATL1	HGNC.Current:22649[8];HGNC.Current:22649[8>1];HGNC.Current:22649[1];HGNC.Current:22649[1>0];Ensembl.HGNC:201339[3>0]	ENSG00000102908	CURATED:179[0];HGNC.Current:22649[1];HGNC.Current:22649[1>0];Ensembl.HGNC:201339[3>0]
NFATX	HGNC.Current:22654[8];HGNC.Current:22654[8>1];HGNC.Current:22654[1];HGNC.Current:22654[1>0];Ensembl.HGNC:77902[3>0]	ENSG00000072736	CURATED:180[0];HGNC.Current:22654[1];HGNC.Current:22654[1>0];Ensembl.HGNC:77902[3>0]
NFATZ	HGNC.Current:22649[8];HGNC.Current:22649[8>1];HGNC.Current:22649[1];HGNC.Current:22649[1>0];Ensembl.HGNC:201339[3>0]	ENSG00000102908	CURATED:179[0];HGNC.Current:22649[1];HGNC.Current:22649[1>0];Ensembl.HGNC:201339[3>0]
NFE1	HGNC.Current:10067[8];HGNC.Current:10067[8>1];HGNC.Current:10067[1];HGNC.Current:10067[1>0];Ensembl.HGNC:136420[3>0]	ENSG00000102145	CURATED:76[0];HGNC.Current:10067[1];HGNC.Current:10067[1>0];Ensembl.HGNC:136420[3>0]
NFE1B	HGNC.Current:10068[8];HGNC.Current:10068[8>1];HGNC.Current:10068[1];HGNC.Current:10068[1>0];Ensembl.HGNC:257262[3>0]	ENSG00000179348	CURATED:77[0];HGNC.Current:10068[1];HGNC.Current:10068[1>0];Ensembl.HGNC:257262[3>0]
NFE2	HGNC.Current:22656[1];HGNC.Current:22656[1>0];Ensembl.HGNC:162846[3>0]	ENSG00000123405	CURATED:181[0];HGNC.Current:22656[1];HGNC.Current:22656[1>0];Ensembl.HGNC:162846[3>0]
NFE2L2	HGNC.Current:22659[1];HGNC.Current:22659[1>0];Ensembl.HGNC:260805[3>0]	ENSG00000116044	CURATED:182[0];HGNC.Current:22659[1];HGNC.Current:22659[1>0];Ensembl.HGNC:260805[3>0]
NFI-L	HGNC.Current:22664[8];HGNC.Current:22664[8>1];HGNC.Current:22664[1];HGNC.Current:22664[1>0];Ensembl.HGNC:270168[3>0]	ENSG00000162599	CURATED:183[0];HGNC.Current:22664[1];HGNC.Current:22664[1>0];Ensembl.HGNC:270168[3>0]
NFIA	HGNC.Current:22664[1];HGNC.Current:22664[1>0];Ensembl.HGNC:270168[3>0]	ENSG00000162599	CURATED:183[0];HGNC.Current:22664[1];HGNC.Current:22664[1>0];Ensembl.HGNC:270168[3>0]
NFIL6	HGNC.Current:4281[8];HGNC.Current:4281[8>1];HGNC.Current:4281[1];HGNC.Current:4281[1>0];Ensembl.HGNC:67120[3>0]	ENSG00000172216	CURATED:19[0];HGNC.Current:4281[1];HGNC.Current:4281[1>0];Ensembl.HGNC:67120[3>0]
NFkappaB	HGNC.Current:22673[8];HGNC.Current:22673[8>1];HGNC.Current:22673[1];HGNC.Current:22673[1>0];Ensembl.HGNC:162880[3>0]	ENSG00000109320	CURATED:184[0];HGNC.Current:22673[1];HGNC.Current:22673[1>0];Ensembl.HGNC:162880[3>0]
NFKB-p50	HGNC.Current:22673[8];HGNC.Current:22673[8>1];HGNC.Current:22673[1];HGNC.Current:22673[1>0];Ensembl.HGNC:162880[3>0]	ENSG00000109320	CURATED:184[0];HGNC.Current:22673[1];HGNC.Current:22673[1>0];Ensembl.HGNC:162880[3>0]
NFKB1	HGNC.Current:22673[1];HGNC.Current:22673[1>0];Ensembl.HGNC:162880[3>0]	ENSG00000109320	CURATED:184[0];HGNC.Current:22673[1];HGNC.Current:22673[1>0];Ensembl.HGNC:162880[3>0]
NFYB	HGNC.Current:22690[1];HGNC.Current:22690[1>0];Ensembl.HGNC:170326[3>0]	ENSG00000120837	CURATED:185[0];HGNC.Current:22690[1];HGNC.Current:22690[1>0];Ensembl.HGNC:170326[3>0]
NGFI-A	HGNC.Current:7619[8];HGNC.Current:7619[8>1];HGNC.Current:7619[1];HGNC.Current:7619[1>0];Ensembl.HGNC:222433[3>0]	ENSG00000120738	CURATED:40[0];HGNC.Current:7619[1];HGNC.Current:7619[1>0];Ensembl.HGNC:222433[3>0]
NIL-2-A	HGNC.Current:42924[8];HGNC.Current:42924[8>1];HGNC.Current:42924[1];HGNC.Current:42924[1>0];Ensembl.HGNC:92740[3>0]	ENSG00000148516	CURATED:271[0];HGNC.Current:42924[1];HGNC.Current:42924[1>0];Ensembl.HGNC:92740[3>0]
NKX1-2	HGNC.Current:22804[1];HGNC.Current:22804[1>0];Ensembl.HGNC:41996[3>0]	ENSG00000229544	CURATED:186[0];HGNC.Current:22804[1];HGNC.Current:22804[1>0];Ensembl.HGNC:41996[3>0]
NKX2	HGNC.Current:22807[8];HGNC.Current:22811[8>1];HGNC.Current:22811[1];HGNC.Current:22811[1>0];Ensembl.HGNC:186032[3>0]	ENSG00000183072	CURATED:187[0];HGNC.Current:22811[1];HGNC.Current:22811[1>0];Ensembl.HGNC:186032[3>0]
NKX2-5	HGNC.Current:22811[1];HGNC.Current:22811[1>0];Ensembl.HGNC:186032[3>0]	ENSG00000183072	CURATED:187[0];HGNC.Current:22811[1];HGNC.Current:22811[1>0];Ensembl.HGNC:186032[3>0]
NKX2E	HGNC.Current:22811[10];HGNC.Current:22811[10>1];HGNC.Current:22811[1];HGNC.Current:22811[1>0];Ensembl.HGNC:186032[3>0]	ENSG00000183072	CURATED:187[0];HGNC.Current:22811[1];HGNC.Current:22811[1>0];Ensembl.HGNC:186032[3>0]
NKX4-1	HGNC.Current:22811[8];HGNC.Current:22811[8>1];HGNC.Current:22811[1];HGNC.Current:22811[1>0];Ensembl.HGNC:186032[3>0]	ENSG00000183072	CURATED:187[0];HGNC.Current:22811[1];HGNC.Current:22811[1>0];Ensembl.HGNC:186032[3>0]
NOTO	HGNC.Current:22989[1];HGNC.Current:22989[1>0];Ensembl.HGNC:272078[3>0]	ENSG00000214513	CURATED:188[0];HGNC.Current:22989[1];HGNC.Current:22989[1>0];Ensembl.HGNC:272078[3>0]
NPS1	HGNC.Current:17435[10];HGNC.Withdrawn:2044[2>3];Ensembl.HGNC:20365[3>0]	ENSG00000136944	CURATED:156[0];HGNC.Current:17435[1];HGNC.Current:17435[1>0];Ensembl.HGNC:20365[3>0]
NR1B1	HGNC.Current:27801[8];HGNC.Current:27801[8>1];HGNC.Current:27801[1];HGNC.Current:27801[1>0];Ensembl.HGNC:42605[3>0]	ENSG00000131759	CURATED:206[0];HGNC.Current:27801[1];HGNC.Current:27801[1>0];Ensembl.HGNC:42605[3>0]
NR1B2	HGNC.Current:27803[8];HGNC.Current:27803[8>1];HGNC.Current:27803[1];HGNC.Current:27803[1>0];Ensembl.HGNC:215599[3>0]	ENSG00000077092	CURATED:207[0];HGNC.Current:27803[1];HGNC.Current:27803[1>0];Ensembl.HGNC:215599[3>0]
NR1B3	HGNC.Current:27805[8];HGNC.Current:27805[8>1];HGNC.Current:27805[1];HGNC.Current:27805[1>0];Ensembl.HGNC:49004[3>0]	ENSG00000172819	CURATED:208[0];HGNC.Current:27805[1];HGNC.Current:27805[1>0];Ensembl.HGNC:49004[3>0]
NR1F1	HGNC.Current:32134[8];HGNC.Current:32134[8>1];HGNC.Current:32134[1];HGNC.Current:32134[1>0];Ensembl.HGNC:40538[3>0]	ENSG00000069667	CURATED:211[0];HGNC.Current:32134[1];HGNC.Current:32134[1>0];Ensembl.HGNC:40538[3>0]
NR1F2	HGNC.Current:32137[8];HGNC.Current:32137[8>1];HGNC.Current:32137[1];HGNC.Current:32137[1>0];Ensembl.HGNC:31655[3>0]	ENSG00000198963	CURATED:212[0];HGNC.Current:32137[1];HGNC.Current:32137[1>0];Ensembl.HGNC:31655[3>0]
NR1F3	HGNC.Current:32139[8];HGNC.Current:32139[8>1];HGNC.Current:32139[1];HGNC.Current:32139[1>0];Ensembl.HGNC:267709[3>0]	ENSG00000143365	CURATED:213[0];HGNC.Current:32139[1];HGNC.Current:32139[1>0];Ensembl.HGNC:267709[3>0]
NR2A1	HGNC.Current:11954[8];HGNC.Current:11954[8>1];HGNC.Current:11954[1];HGNC.Current:11954[1>0];Ensembl.HGNC:124322[3>0]	ENSG00000101076	CURATED:100[0];HGNC.Current:11954[1];HGNC.Current:11954[1>0];Ensembl.HGNC:124322[3>0]
NR2B1	HGNC.Current:34479[8];HGNC.Current:34479[8>1];HGNC.Current:34479[1];HGNC.Current:34479[1>0];Ensembl.HGNC:28904[3>0]	ENSG00000186350	CURATED:217[0];HGNC.Current:34479[1];HGNC.Current:34479[1>0];Ensembl.HGNC:28904[3>0]
NR2B2	HGNC.Current:34480[8];HGNC.Current:34480[8>1];HGNC.Current:34480[1];HGNC.Current:34480[1>0];Ensembl.HGNC:132824[3>0]	ENSG00000204231	CURATED:218[0];HGNC.Current:34480[1];HGNC.Current:34480[1>0];Ensembl.HGNC:132824[3>0]
NR2B2	HGNC.Current:34480[8];HGNC.Current:34480[8>1];HGNC.Current:34480[1];HGNC.Current:34480[1>0];Ensembl.HGNC:159249[3>0]	ENSG00000206289	CURATED:218[0];HGNC.Current:34480[1];HGNC.Current:34480[1>0];Ensembl.HGNC:159249[3>0]
NR2B2	HGNC.Current:34480[8];HGNC.Current:34480[8>1];HGNC.Current:34480[1];HGNC.Current:34480[1>0];Ensembl.HGNC:127023[3>0]	ENSG00000227322	CURATED:218[0];HGNC.Current:34480[1];HGNC.Current:34480[1>0];Ensembl.HGNC:127023[3>0]
NR2B2	HGNC.Current:34480[8];HGNC.Current:34480[8>1];HGNC.Current:34480[1];HGNC.Current:34480[1>0];Ensembl.HGNC:141878[3>0]	ENSG00000228333	CURATED:218[0];HGNC.Current:34480[1];HGNC.Current:34480[1>0];Ensembl.HGNC:141878[3>0]
NR2B2	HGNC.Current:34480[8];HGNC.Current:34480[8>1];HGNC.Current:34480[1];HGNC.Current:34480[1>0];Ensembl.HGNC:111135[3>0]	ENSG00000231321	CURATED:218[0];HGNC.Current:34480[1];HGNC.Current:34480[1>0];Ensembl.HGNC:111135[3>0]
NR2B2	HGNC.Current:34480[8];HGNC.Current:34480[8>1];HGNC.Current:34480[1];HGNC.Current:34480[1>0];Ensembl.HGNC:154394[3>0]	ENSG00000235712	CURATED:218[0];HGNC.Current:34480[1];HGNC.Current:34480[1>0];Ensembl.HGNC:154394[3>0]
NR2B3	HGNC.Current:34481[8];HGNC.Current:34481[8>1];HGNC.Current:34481[1];HGNC.Current:34481[1>0];Ensembl.HGNC:88940[3>0]	ENSG00000143171	CURATED:219[0];HGNC.Current:34481[1];HGNC.Current:34481[1>0];Ensembl.HGNC:88940[3>0]
NR2F1	HGNC.Current:23166[1];HGNC.Current:23166[1>0];Ensembl.HGNC:251584[3>0]	ENSG00000175745	CURATED:189[0];HGNC.Current:23166[1];HGNC.Current:23166[1>0];Ensembl.HGNC:251584[3>0]
NR2F2	HGNC.Current:23168[1];HGNC.Current:23168[1>0];Ensembl.HGNC:47561[3>0]	ENSG00000185551	CURATED:190[0];HGNC.Current:23168[1];HGNC.Current:23168[1>0];Ensembl.HGNC:47561[3>0]
NRF-2	HGNC.Current:22659[8];HGNC.Current:22659[8>1];HGNC.Current:22659[1];HGNC.Current:22659[1>0];Ensembl.HGNC:260805[3>0]	ENSG00000116044	CURATED:182[0];HGNC.Current:22659[1];HGNC.Current:22659[1>0];Ensembl.HGNC:260805[3>0]
NRF2	HGNC.Current:9846[8];HGNC.Current:22659[8>1];HGNC.Current:22659[1];HGNC.Current:22659[1>0];Ensembl.HGNC:260805[3>0]	ENSG00000116044	CURATED:182[0];HGNC.Current:22659[1];HGNC.Current:22659[1>0];Ensembl.HGNC:260805[3>0]
NRSF	HGNC.Current:28171[8];HGNC.Current:28171[8>1];HGNC.Current:28171[1];HGNC.Current:28171[1>0];Ensembl.HGNC:75638[3>0]	ENSG00000084093	CURATED:210[0];HGNC.Current:28171[1];HGNC.Current:28171[1>0];Ensembl.HGNC:75638[3>0]
NSLP1	HGNC.Current:14146[8];HGNC.Current:14146[8>1];HGNC.Current:14146[1];HGNC.Current:14146[1>0];Ensembl.HGNC:98850[3>0]	ENSG00000169926	CURATED:141[0];HGNC.Current:14146[1];HGNC.Current:14146[1>0];Ensembl.HGNC:98850[3>0]
NSLP1	HGNC.Current:14146[8];HGNC.Current:14146[8>1];HGNC.Current:14146[1];HGNC.Current:14146[1>0];Ensembl.HGNC:43059[3>0]	ENSG00000275746	CURATED:141[0];HGNC.Current:14146[1];HGNC.Current:14146[1>0];Ensembl.HGNC:43059[3>0]
NTRKR1	HGNC.Current:32131[10];HGNC.Current:32134[8>1];HGNC.Current:32134[1];HGNC.Current:32134[1>0];Ensembl.HGNC:40538[3>0]	ENSG00000069667	CURATED:211[0];HGNC.Current:32134[1];HGNC.Current:32134[1>0];Ensembl.HGNC:40538[3>0]
NTRKR2	HGNC.Current:32133[10];HGNC.Current:32134[8>1];HGNC.Current:32134[1];HGNC.Current:32134[1>0];Ensembl.HGNC:40538[3>0]	ENSG00000069667	CURATED:211[0];HGNC.Current:32134[1];HGNC.Current:32134[1>0];Ensembl.HGNC:40538[3>0]
NUPR1	HGNC.Current:23426[1];HGNC.Current:23426[1>0];Ensembl.HGNC:129412[3>0]	ENSG00000176046	CURATED:191[0];HGNC.Current:23426[1];HGNC.Current:23426[1>0];Ensembl.HGNC:129412[3>0]
O/E-4	HGNC.Current:7393[8];HGNC.Current:7393[8>1];HGNC.Current:7393[1];HGNC.Current:7393[1>0];Ensembl.HGNC:116723[3>0]	ENSG00000088881	CURATED:39[0];HGNC.Current:7393[1];HGNC.Current:7393[1>0];Ensembl.HGNC:116723[3>0]
OB1	HGNC.Current:12128[8];HGNC.Current:12128[8>1];HGNC.Current:12128[1];HGNC.Current:12128[1>0];Ensembl.HGNC:214506[3>0]	ENSG00000171476	CURATED:101[0];HGNC.Current:12128[1];HGNC.Current:12128[1>0];Ensembl.HGNC:214506[3>0]
OCT1	HGNC.Current:26330[8];HGNC.Current:26330[8>1];HGNC.Current:26330[1];HGNC.Current:26330[1>0];Ensembl.HGNC:87858[3>0]	ENSG00000143190	CURATED:201[0];HGNC.Current:26330[1];HGNC.Current:26330[1>0];Ensembl.HGNC:87858[3>0]
OCT2	HGNC.Current:26332[8];HGNC.Current:26332[8>1];HGNC.Current:26332[1];HGNC.Current:26332[1>0];Ensembl.HGNC:190104[3>0]	ENSG00000028277	CURATED:202[0];HGNC.Current:26332[1];HGNC.Current:26332[1>0];Ensembl.HGNC:190104[3>0]
OCT6	HGNC.Current:26335[8];HGNC.Current:26335[8>1];HGNC.Current:26335[1];HGNC.Current:26335[1>0];Ensembl.HGNC:275427[3>0]	ENSG00000185668	CURATED:203[0];HGNC.Current:26335[1];HGNC.Current:26335[1>0];Ensembl.HGNC:275427[3>0]
ODA-8S	HGNC.Current:42809[8];HGNC.Current:42809[8>1];HGNC.Current:42809[1];HGNC.Current:42809[1>0];Ensembl.HGNC:244837[3>0]	ENSG00000181722	CURATED:270[0];HGNC.Current:42809[1];HGNC.Current:42809[1>0];Ensembl.HGNC:244837[3>0]
OF	HGNC.Current:2696[8];HGNC.Current:37337[8>1];HGNC.Current:37337[1];HGNC.Current:37337[1>0];Ensembl.HGNC:255480[3>0]	ENSG00000066336	CURATED:239[0];HGNC.Current:37337[1];HGNC.Current:37337[1>0];Ensembl.HGNC:255480[3>0]
OF	HGNC.Current:2696[8];HGNC.Current:2696[8>1];HGNC.Current:2696[1];HGNC.Current:2696[1>0];Ensembl.HGNC:174538[3>0]	ENSG00000136492	CURATED:10[0];HGNC.Current:2206[1];HGNC.Current:2696[8>1];HGNC.Current:2696[1];HGNC.Current:2696[1>0];Ensembl.HGNC:174538[3>0]
OFC5	HGNC.Current:21208[8];HGNC.Current:21208[8>1];HGNC.Current:21208[1];HGNC.Current:21208[1>0];Ensembl.HGNC:13236[3>0]	ENSG00000163132	CURATED:171[0];HGNC.Current:21208[1];HGNC.Current:21208[1>0];Ensembl.HGNC:13236[3>0]
OLF1	HGNC.Current:7389[8];HGNC.Current:7389[8>1];HGNC.Current:7389[1];HGNC.Current:7389[1>0];Ensembl.HGNC:261467[3>0]	ENSG00000164330	CURATED:36[0];HGNC.Current:7389[1];HGNC.Current:7389[1>0];Ensembl.HGNC:261467[3>0]
OLIG1	HGNC.Current:23585[1];HGNC.Current:23585[1>0];Ensembl.HGNC:13596[3>0]	ENSG00000184221	CURATED:192[0];HGNC.Current:23585[1];HGNC.Current:23585[1>0];Ensembl.HGNC:13596[3>0]
OREBP	HGNC.Current:22649[8];HGNC.Current:22649[8>1];HGNC.Current:22649[1];HGNC.Current:22649[1>0];Ensembl.HGNC:201339[3>0]	ENSG00000102908	CURATED:179[0];HGNC.Current:22649[1];HGNC.Current:22649[1>0];Ensembl.HGNC:201339[3>0]
OTF1	HGNC.Current:26330[10];HGNC.Current:26330[10>1];HGNC.Current:26330[1];HGNC.Current:26330[1>0];Ensembl.HGNC:87858[3>0]	ENSG00000143190	CURATED:201[0];HGNC.Current:26330[1];HGNC.Current:26330[1>0];Ensembl.HGNC:87858[3>0]
OTF2	HGNC.Current:26332[10];HGNC.Current:26332[10>1];HGNC.Current:26332[1];HGNC.Current:26332[1>0];Ensembl.HGNC:190104[3>0]	ENSG00000028277	CURATED:202[0];HGNC.Current:26332[1];HGNC.Current:26332[1>0];Ensembl.HGNC:190104[3>0]
OTF6	HGNC.Current:26335[10];HGNC.Current:26335[10>1];HGNC.Current:26335[1];HGNC.Current:26335[1>0];Ensembl.HGNC:275427[3>0]	ENSG00000185668	CURATED:203[0];HGNC.Current:26335[1];HGNC.Current:26335[1>0];Ensembl.HGNC:275427[3>0]
OTX1	HGNC.Current:24602[1];HGNC.Current:24602[1>0];Ensembl.HGNC:59128[3>0]	ENSG00000115507	CURATED:193[0];HGNC.Current:24602[1];HGNC.Current:24602[1>0];Ensembl.HGNC:59128[3>0]
OTX2	HGNC.Current:24603[1];HGNC.Current:24603[1>0];Ensembl.HGNC:116891[3>0]	ENSG00000165588	CURATED:194[0];HGNC.Current:24603[1];HGNC.Current:24603[1>0];Ensembl.HGNC:116891[3>0]
p105	HGNC.Current:22673[8];HGNC.Current:22673[8>1];HGNC.Current:22673[1];HGNC.Current:22673[1>0];Ensembl.HGNC:162880[3>0]	ENSG00000109320	CURATED:184[0];HGNC.Current:22673[1];HGNC.Current:22673[1>0];Ensembl.HGNC:162880[3>0]
P3ECSL	HGNC.Current:38928[8];HGNC.Current:38928[8>1];HGNC.Current:38928[1];HGNC.Current:38928[1>0];Ensembl.HGNC:175588[3>0]	ENSG00000142910	CURATED:5[0];HGNC.Current:1429[1];HGNC.Current:38928[8>1];HGNC.Current:38928[1];HGNC.Current:38928[1>0];Ensembl.HGNC:175588[3>0]
p50	HGNC.Current:1745[8];HGNC.Current:22673[8>1];HGNC.Current:22673[1];HGNC.Current:22673[1>0];Ensembl.HGNC:162880[3>0]	ENSG00000109320	CURATED:184[0];HGNC.Current:22673[1];HGNC.Current:22673[1>0];Ensembl.HGNC:162880[3>0]
p55	HGNC.Current:8145[8];HGNC.Current:8145[8>1];HGNC.Current:8145[1];HGNC.Current:8145[1>0];Ensembl.HGNC:15734[3>0]	ENSG00000157554	CURATED:49[0];HGNC.Current:8145[1];HGNC.Current:8145[1>0];Ensembl.HGNC:15734[3>0]
p75	HGNC.Current:27118[8];HGNC.Current:38508[8>1];HGNC.Current:38508[1];HGNC.Current:38508[1>0];Ensembl.HGNC:224257[3>0]	ENSG00000071564	CURATED:253[0];HGNC.Current:38508[1];HGNC.Current:38508[1>0];Ensembl.HGNC:224257[3>0]
p75	HGNC.Current:27118[8];HGNC.Current:38514[10>1];HGNC.Current:38514[1];HGNC.Current:38514[1>0];Ensembl.HGNC:54909[3>0]	ENSG00000152284	CURATED:253[0];HGNC.Current:38508[1];HGNC.Current:38514[10>1];HGNC.Current:38514[1];HGNC.Current:38514[1>0];Ensembl.HGNC:54909[3>0]
p75	HGNC.Current:27118[8];HGNC.Current:38514[10>1];HGNC.Current:38514[1];HGNC.Current:38514[1>0];Ensembl.HGNC:85177[3>0]	ENSG00000292149	CURATED:253[0];HGNC.Current:38508[1];HGNC.Current:38514[10>1];HGNC.Current:38514[1];HGNC.Current:38514[1>0];Ensembl.HGNC:85177[3>0]
p8	HGNC.Current:5020[8];HGNC.Current:23426[8>1];HGNC.Current:23426[1];HGNC.Current:23426[1>0];Ensembl.HGNC:129412[3>0]	ENSG00000176046	CURATED:191[0];HGNC.Current:23426[1];HGNC.Current:23426[1>0];Ensembl.HGNC:129412[3>0]
PAC1	HGNC.Current:477[8];HGNC.Current:14134[8>1];HGNC.Current:14134[1];HGNC.Current:14134[1>0];Ensembl.HGNC:9725[3>0]	ENSG00000067082	CURATED:146[0];HGNC.Current:14134[1];HGNC.Current:14134[1>0];Ensembl.HGNC:9725[3>0]
PARAXIS	HGNC.Current:38519[8];HGNC.Current:38519[8>1];HGNC.Current:38519[1];HGNC.Current:38519[1>0];Ensembl.HGNC:63667[3>0]	ENSG00000125878	CURATED:252[0];HGNC.Current:38519[1];HGNC.Current:38519[1>0];Ensembl.HGNC:63667[3>0]
PASD2	HGNC.Current:8043[8];HGNC.Current:8043[8>1];HGNC.Current:8043[1];HGNC.Current:8043[1>0];Ensembl.HGNC:52410[3>0]	ENSG00000116016	CURATED:48[0];HGNC.Current:8043[1];HGNC.Current:8043[1>0];Ensembl.HGNC:52410[3>0]
PAX-2	HGNC.Current:24883[8];HGNC.Current:24883[8>1];HGNC.Current:24883[1];HGNC.Current:24883[1>0];Ensembl.HGNC:174222[3>0]	ENSG00000075891	CURATED:195[0];HGNC.Current:24883[1];HGNC.Current:24883[1>0];Ensembl.HGNC:174222[3>0]
PAX-3	HGNC.Current:24884[8];HGNC.Current:24884[8>1];HGNC.Current:24884[1];HGNC.Current:24884[1>0];Ensembl.HGNC:125892[3>0]	ENSG00000135903	CURATED:196[0];HGNC.Current:24884[1];HGNC.Current:24884[1>0];Ensembl.HGNC:125892[3>0]
PAX-5	HGNC.Current:24886[8];HGNC.Current:24886[8>1];HGNC.Current:24886[1];HGNC.Current:24886[1>0];Ensembl.HGNC:12927[3>0]	ENSG00000196092	CURATED:197[0];HGNC.Current:24886[1];HGNC.Current:24886[1>0];Ensembl.HGNC:12927[3>0]
PAX2	HGNC.Current:24883[1];HGNC.Current:24883[1>0];Ensembl.HGNC:174222[3>0]	ENSG00000075891	CURATED:195[0];HGNC.Current:24883[1];HGNC.Current:24883[1>0];Ensembl.HGNC:174222[3>0]
PAX3	HGNC.Current:24884[1];HGNC.Current:24884[1>0];Ensembl.HGNC:125892[3>0]	ENSG00000135903	CURATED:196[0];HGNC.Current:24884[1];HGNC.Current:24884[1>0];Ensembl.HGNC:125892[3>0]
PAX5	HGNC.Current:24886[1];HGNC.Current:24886[1>0];Ensembl.HGNC:12927[3>0]	ENSG00000196092	CURATED:197[0];HGNC.Current:24886[1];HGNC.Current:24886[1>0];Ensembl.HGNC:12927[3>0]
PAX6	HGNC.Current:24887[1];HGNC.Current:24887[1>0];Ensembl.HGNC:216546[3>0]	ENSG00000007372	CURATED:198[0];HGNC.Current:24887[1];HGNC.Current:24887[1>0];Ensembl.HGNC:216546[3>0]
PBX1	HGNC.Current:24905[1];HGNC.Current:24905[1>0];Ensembl.HGNC:269930[3>0]	ENSG00000185630	CURATED:199[0];HGNC.Current:24905[1];HGNC.Current:24905[1>0];Ensembl.HGNC:269930[3>0]
PEBP2A1	HGNC.Current:34452[8];HGNC.Current:34452[8>1];HGNC.Current:34452[1];HGNC.Current:34452[1>0];Ensembl.HGNC:25880[3>0]	ENSG00000124813	CURATED:215[0];HGNC.Current:34452[1];HGNC.Current:34452[1>0];Ensembl.HGNC:25880[3>0]
PEBP2A2	HGNC.Current:34448[8];HGNC.Current:34448[8>1];HGNC.Current:34448[1];HGNC.Current:34448[1>0];Ensembl.HGNC:38975[3>0]	ENSG00000159216	CURATED:214[0];HGNC.Current:34448[1];HGNC.Current:34448[1>0];Ensembl.HGNC:38975[3>0]
PEBP2A3	HGNC.Current:34454[8];HGNC.Current:34454[8>1];HGNC.Current:34454[1];HGNC.Current:34454[1>0];Ensembl.HGNC:273507[3>0]	ENSG00000020633	CURATED:216[0];HGNC.Current:34454[1];HGNC.Current:34454[1>0];Ensembl.HGNC:273507[3>0]
PEBP2aA1	HGNC.Current:34452[8];HGNC.Current:34452[8>1];HGNC.Current:34452[1];HGNC.Current:34452[1>0];Ensembl.HGNC:25880[3>0]	ENSG00000124813	CURATED:215[0];HGNC.Current:34452[1];HGNC.Current:34452[1>0];Ensembl.HGNC:25880[3>0]
PESCRG1	HGNC.Current:7042[8];HGNC.Current:7042[8>1];HGNC.Current:7042[1];HGNC.Current:7042[1>0];Ensembl.HGNC:47553[3>0]	ENSG00000163530	CURATED:31[0];HGNC.Current:7042[1];HGNC.Current:7042[1>0];Ensembl.HGNC:47553[3>0]
PFM	HGNC.Current:938[8];HGNC.Current:21209[8>1];HGNC.Current:21209[1];HGNC.Current:21209[1>0];Ensembl.HGNC:180970[3>0]	ENSG00000120149	CURATED:172[0];HGNC.Current:21209[1];HGNC.Current:21209[1>0];Ensembl.HGNC:180970[3>0]
PFM1	HGNC.Current:21209[10];HGNC.Withdrawn:2310[2>3];Ensembl.HGNC:180970[3>0]	ENSG00000120149	CURATED:172[0];HGNC.Current:21209[1];HGNC.Current:21209[1>0];Ensembl.HGNC:180970[3>0]
Pgc7	HGNC.Current:7047[8];HGNC.Current:7047[8>1];HGNC.Current:7047[1];HGNC.Current:7047[1>0];Ensembl.HGNC:29231[3>0]	ENSG00000187569	CURATED:32[0];HGNC.Current:7047[1];HGNC.Current:7047[1>0];Ensembl.HGNC:29231[3>0]
PHP	HGNC.Current:37135[10];HGNC.Withdrawn:2321[2>3];Ensembl.HGNC:46999[3>0]	ENSG00000134595	CURATED:229[0];HGNC.Current:37135[1];HGNC.Current:37135[1>0];Ensembl.HGNC:46999[3>0]
PIDX	HGNC.Current:9483[8];HGNC.Current:9483[8>1];HGNC.Current:9483[1];HGNC.Current:9483[1>0];Ensembl.HGNC:148487[3>0]	ENSG00000049768	CURATED:74[0];HGNC.Current:9483[1];HGNC.Current:9483[1>0];Ensembl.HGNC:148487[3>0]
PITX1	HGNC.Current:25825[1];HGNC.Current:25825[1>0];Ensembl.HGNC:248371[3>0]	ENSG00000069011	CURATED:200[0];HGNC.Current:25825[1];HGNC.Current:25825[1>0];Ensembl.HGNC:248371[3>0]
PLZF	HGNC.Current:42806[8];HGNC.Current:42806[8>1];HGNC.Current:42806[1];HGNC.Current:42806[1>0];Ensembl.HGNC:163499[3>0]	ENSG00000109906	CURATED:269[0];HGNC.Current:42806[1];HGNC.Current:42806[1>0];Ensembl.HGNC:163499[3>0]
PMX2	HGNC.Current:27024[8];HGNC.Current:27024[8>1];HGNC.Current:27024[1];HGNC.Current:27024[1>0];Ensembl.HGNC:28108[3>0]	ENSG00000167157	CURATED:205[0];HGNC.Current:27024[1];HGNC.Current:27024[1>0];Ensembl.HGNC:28108[3>0]
POTX	HGNC.Current:25825[8];HGNC.Current:25825[8>1];HGNC.Current:25825[1];HGNC.Current:25825[1>0];Ensembl.HGNC:248371[3>0]	ENSG00000069011	CURATED:200[0];HGNC.Current:25825[1];HGNC.Current:25825[1>0];Ensembl.HGNC:248371[3>0]
POU2F1	HGNC.Current:26330[1];HGNC.Current:26330[1>0];Ensembl.HGNC:87858[3>0]	ENSG00000143190	CURATED:201[0];HGNC.Current:26330[1];HGNC.Current:26330[1>0];Ensembl.HGNC:87858[3>0]
POU2F2	HGNC.Current:26332[1];HGNC.Current:26332[1>0];Ensembl.HGNC:190104[3>0]	ENSG00000028277	CURATED:202[0];HGNC.Current:26332[1];HGNC.Current:26332[1>0];Ensembl.HGNC:190104[3>0]
POU3F1	HGNC.Current:26335[1];HGNC.Current:26335[1>0];Ensembl.HGNC:275427[3>0]	ENSG00000185668	CURATED:203[0];HGNC.Current:26335[1];HGNC.Current:26335[1>0];Ensembl.HGNC:275427[3>0]
PPCD3	HGNC.Current:42924[10];HGNC.Withdrawn:4115[2>3];Ensembl.HGNC:92740[3>0]	ENSG00000148516	CURATED:271[0];HGNC.Current:42924[1];HGNC.Current:42924[1>0];Ensembl.HGNC:92740[3>0]
PPP1R92	HGNC.Current:13181[8];HGNC.Current:13181[8>1];HGNC.Current:13181[1];HGNC.Current:13181[1>0];Ensembl.HGNC:188341[3>0]	ENSG00000185811	CURATED:125[0];HGNC.Current:13181[1];HGNC.Current:13181[1>0];Ensembl.HGNC:188341[3>0]
PRDI-BF1	HGNC.Current:26725[8];HGNC.Current:26725[8>1];HGNC.Current:26725[1];HGNC.Current:26725[1>0];Ensembl.HGNC:28303[3>0]	ENSG00000057657	CURATED:204[0];HGNC.Current:26725[1];HGNC.Current:26725[1>0];Ensembl.HGNC:28303[3>0]
PRDM1	HGNC.Current:26725[1];HGNC.Current:26725[1>0];Ensembl.HGNC:28303[3>0]	ENSG00000057657	CURATED:204[0];HGNC.Current:26725[1];HGNC.Current:26725[1>0];Ensembl.HGNC:28303[3>0]
PRHX	HGNC.Current:11595[10];HGNC.Withdrawn:2393[2>3];Ensembl.HGNC:22360[3>0]	ENSG00000152804	CURATED:96[0];HGNC.Current:11595[1];HGNC.Current:11595[1>0];Ensembl.HGNC:22360[3>0]
PRRX2	HGNC.Current:27024[1];HGNC.Current:27024[1>0];Ensembl.HGNC:28108[3>0]	ENSG00000167157	CURATED:205[0];HGNC.Current:27024[1];HGNC.Current:27024[1>0];Ensembl.HGNC:28108[3>0]
PRX2	HGNC.Current:26747[8];HGNC.Current:27024[8>1];HGNC.Current:27024[1];HGNC.Current:27024[1>0];Ensembl.HGNC:28108[3>0]	ENSG00000167157	CURATED:205[0];HGNC.Current:27024[1];HGNC.Current:27024[1>0];Ensembl.HGNC:28108[3>0]
PTX1	HGNC.Current:5567[8];HGNC.Current:25825[8>1];HGNC.Current:25825[1];HGNC.Current:25825[1>0];Ensembl.HGNC:248371[3>0]	ENSG00000069011	CURATED:200[0];HGNC.Current:25825[1];HGNC.Current:25825[1>0];Ensembl.HGNC:248371[3>0]
PU	HGNC.Current:37337[8];HGNC.Current:37337[8>1];HGNC.Current:37337[1];HGNC.Current:37337[1>0];Ensembl.HGNC:255480[3>0]	ENSG00000066336	CURATED:239[0];HGNC.Current:37337[1];HGNC.Current:37337[1>0];Ensembl.HGNC:255480[3>0]
PYHIN2	HGNC.Current:12568[8];HGNC.Current:12568[8>1];HGNC.Current:12568[1];HGNC.Current:12568[1>0];Ensembl.HGNC:260310[3>0]	ENSG00000163565	CURATED:124[0];HGNC.Current:12568[1];HGNC.Current:12568[1>0];Ensembl.HGNC:260310[3>0]
QRF1	HGNC.Current:9478[8];HGNC.Current:9478[8>1];HGNC.Current:9478[1];HGNC.Current:9478[1>0];Ensembl.HGNC:201807[3>0]	ENSG00000114861	CURATED:73[0];HGNC.Current:9478[1];HGNC.Current:9478[1>0];Ensembl.HGNC:201807[3>0]
RAPA	HGNC.Current:40191[8];HGNC.Current:40191[8>1];HGNC.Current:40191[1];HGNC.Current:40191[1>0];Ensembl.HGNC:169689[3>0]	ENSG00000124496	CURATED:263[0];HGNC.Current:40191[1];HGNC.Current:40191[1>0];Ensembl.HGNC:169689[3>0]
RAR	HGNC.Current:27631[8];HGNC.Current:27801[8>1];HGNC.Current:27801[1];HGNC.Current:27801[1>0];Ensembl.HGNC:42605[3>0]	ENSG00000131759	CURATED:206[0];HGNC.Current:27801[1];HGNC.Current:27801[1>0];Ensembl.HGNC:42605[3>0]
RAR-alpha	HGNC.Current:27801[8];HGNC.Current:27801[8>1];HGNC.Current:27801[1];HGNC.Current:27801[1>0];Ensembl.HGNC:42605[3>0]	ENSG00000131759	CURATED:206[0];HGNC.Current:27801[1];HGNC.Current:27801[1>0];Ensembl.HGNC:42605[3>0]
RAR-beta	HGNC.Current:27803[8];HGNC.Current:27803[8>1];HGNC.Current:27803[1];HGNC.Current:27803[1>0];Ensembl.HGNC:215599[3>0]	ENSG00000077092	CURATED:207[0];HGNC.Current:27803[1];HGNC.Current:27803[1>0];Ensembl.HGNC:215599[3>0]
RAR-gamma	HGNC.Current:27805[8];HGNC.Current:27805[8>1];HGNC.Current:27805[1];HGNC.Current:27805[1>0];Ensembl.HGNC:49004[3>0]	ENSG00000172819	CURATED:208[0];HGNC.Current:27805[1];HGNC.Current:27805[1>0];Ensembl.HGNC:49004[3>0]
RARA	HGNC.Current:27801[1];HGNC.Current:27801[1>0];Ensembl.HGNC:42605[3>0]	ENSG00000131759	CURATED:206[0];HGNC.Current:27801[1];HGNC.Current:27801[1>0];Ensembl.HGNC:42605[3>0]
RARalpha	HGNC.Current:27801[8];HGNC.Current:27801[8>1];HGNC.Current:27801[1];HGNC.Current:27801[1>0];Ensembl.HGNC:42605[3>0]	ENSG00000131759	CURATED:206[0];HGNC.Current:27801[1];HGNC.Current:27801[1>0];Ensembl.HGNC:42605[3>0]
RARB	HGNC.Current:27803[1];HGNC.Current:27803[1>0];Ensembl.HGNC:215599[3>0]	ENSG00000077092	CURATED:207[0];HGNC.Current:27803[1];HGNC.Current:27803[1>0];Ensembl.HGNC:215599[3>0]
RARbeta	HGNC.Current:27803[8];HGNC.Current:27803[8>1];HGNC.Current:27803[1];HGNC.Current:27803[1>0];Ensembl.HGNC:215599[3>0]	ENSG00000077092	CURATED:207[0];HGNC.Current:27803[1];HGNC.Current:27803[1>0];Ensembl.HGNC:215599[3>0]
RARC	HGNC.Current:27805[8];HGNC.Current:27805[8>1];HGNC.Current:27805[1];HGNC.Current:27805[1>0];Ensembl.HGNC:49004[3>0]	ENSG00000172819	CURATED:208[0];HGNC.Current:27805[1];HGNC.Current:27805[1>0];Ensembl.HGNC:49004[3>0]
RARG	HGNC.Current:27805[1];HGNC.Current:27805[1>0];Ensembl.HGNC:49004[3>0]	ENSG00000172819	CURATED:208[0];HGNC.Current:27805[1];HGNC.Current:27805[1>0];Ensembl.HGNC:49004[3>0]
RARgamma	HGNC.Current:27805[8];HGNC.Current:27805[8>1];HGNC.Current:27805[1];HGNC.Current:27805[1>0];Ensembl.HGNC:49004[3>0]	ENSG00000172819	CURATED:208[0];HGNC.Current:27805[1];HGNC.Current:27805[1>0];Ensembl.HGNC:49004[3>0]
RBMS1	HGNC.Current:27978[1];HGNC.Current:27978[1>0];Ensembl.HGNC:228378[3>0]	ENSG00000153250	CURATED:209[0];HGNC.Current:27978[1];HGNC.Current:27978[1>0];Ensembl.HGNC:228378[3>0]
RBTN2	HGNC.Current:17420[8];HGNC.Current:17420[8>1];HGNC.Current:17420[1];HGNC.Current:17420[1>0];Ensembl.HGNC:238384[3>0]	ENSG00000135363	CURATED:153[0];HGNC.Current:17420[1];HGNC.Current:17420[1>0];Ensembl.HGNC:238384[3>0]
RBTNL1	HGNC.Current:17420[10];HGNC.Withdrawn:2527[2>3];Ensembl.HGNC:238384[3>0]	ENSG00000135363	CURATED:153[0];HGNC.Current:17420[1];HGNC.Current:17420[1>0];Ensembl.HGNC:238384[3>0]
RCoR-1	HGNC.Current:34480[8];HGNC.Current:34480[8>1];HGNC.Current:34480[1];HGNC.Current:34480[1>0];Ensembl.HGNC:132824[3>0]	ENSG00000204231	CURATED:218[0];HGNC.Current:34480[1];HGNC.Current:34480[1>0];Ensembl.HGNC:132824[3>0]
RCoR-1	HGNC.Current:34480[8];HGNC.Current:34480[8>1];HGNC.Current:34480[1];HGNC.Current:34480[1>0];Ensembl.HGNC:159249[3>0]	ENSG00000206289	CURATED:218[0];HGNC.Current:34480[1];HGNC.Current:34480[1>0];Ensembl.HGNC:159249[3>0]
RCoR-1	HGNC.Current:34480[8];HGNC.Current:34480[8>1];HGNC.Current:34480[1];HGNC.Current:34480[1>0];Ensembl.HGNC:127023[3>0]	ENSG00000227322	CURATED:218[0];HGNC.Current:34480[1];HGNC.Current:34480[1>0];Ensembl.HGNC:127023[3>0]
RCoR-1	HGNC.Current:34480[8];HGNC.Current:34480[8>1];HGNC.Current:34480[1];HGNC.Current:34480[1>0];Ensembl.HGNC:141878[3>0]	ENSG00000228333	CURATED:218[0];HGNC.Current:34480[1];HGNC.Current:34480[1>0];Ensembl.HGNC:141878[3>0]
RCoR-1	HGNC.Current:34480[8];HGNC.Current:34480[8>1];HGNC.Current:34480[1];HGNC.Current:34480[1>0];Ensembl.HGNC:111135[3>0]	ENSG00000231321	CURATED:218[0];HGNC.Current:34480[1];HGNC.Current:34480[1>0];Ensembl.HGNC:111135[3>0]
RCoR-1	HGNC.Current:34480[8];HGNC.Current:34480[8>1];HGNC.Current:34480[1];HGNC.Current:34480[1>0];Ensembl.HGNC:154394[3>0]	ENSG00000235712	CURATED:218[0];HGNC.Current:34480[1];HGNC.Current:34480[1>0];Ensembl.HGNC:154394[3>0]
REST	HGNC.Current:28171[1];HGNC.Current:28171[1>0];Ensembl.HGNC:75638[3>0]	ENSG00000084093	CURATED:210[0];HGNC.Current:28171[1];HGNC.Current:28171[1>0];Ensembl.HGNC:75638[3>0]
RFLAT-1	HGNC.Current:14146[8];HGNC.Current:14146[8>1];HGNC.Current:14146[1];HGNC.Current:14146[1>0];Ensembl.HGNC:98850[3>0]	ENSG00000169926	CURATED:141[0];HGNC.Current:14146[1];HGNC.Current:14146[1>0];Ensembl.HGNC:98850[3>0]
RFLAT-1	HGNC.Current:14146[8];HGNC.Current:14146[8>1];HGNC.Current:14146[1];HGNC.Current:14146[1>0];Ensembl.HGNC:43059[3>0]	ENSG00000275746	CURATED:141[0];HGNC.Current:14146[1];HGNC.Current:14146[1>0];Ensembl.HGNC:43059[3>0]
RHOM2	HGNC.Current:17420[8];HGNC.Current:17420[8>1];HGNC.Current:17420[1];HGNC.Current:17420[1>0];Ensembl.HGNC:238384[3>0]	ENSG00000135363	CURATED:153[0];HGNC.Current:17420[1];HGNC.Current:17420[1>0];Ensembl.HGNC:238384[3>0]
RNF162C	HGNC.Current:42963[8];HGNC.Current:42963[8>1];HGNC.Current:42963[1];HGNC.Current:42963[1>0];Ensembl.HGNC:267292[3>0]	ENSG00000152518	CURATED:274[0];HGNC.Current:42963[1];HGNC.Current:42963[1>0];Ensembl.HGNC:267292[3>0]
ROR-alpha	HGNC.Current:32134[8];HGNC.Current:32134[8>1];HGNC.Current:32134[1];HGNC.Current:32134[1>0];Ensembl.HGNC:40538[3>0]	ENSG00000069667	CURATED:211[0];HGNC.Current:32134[1];HGNC.Current:32134[1>0];Ensembl.HGNC:40538[3>0]
ROR-BETA	HGNC.Current:32137[8];HGNC.Current:32137[8>1];HGNC.Current:32137[1];HGNC.Current:32137[1>0];Ensembl.HGNC:31655[3>0]	ENSG00000198963	CURATED:212[0];HGNC.Current:32137[1];HGNC.Current:32137[1>0];Ensembl.HGNC:31655[3>0]
ROR1	HGNC.Current:32131[1];HGNC.Current:32134[8>1];HGNC.Current:32134[1];HGNC.Current:32134[1>0];Ensembl.HGNC:40538[3>0]	ENSG00000069667	CURATED:211[0];HGNC.Current:32134[1];HGNC.Current:32134[1>0];Ensembl.HGNC:40538[3>0]
ROR2	HGNC.Current:32133[1];HGNC.Current:32134[8>1];HGNC.Current:32134[1];HGNC.Current:32134[1>0];Ensembl.HGNC:40538[3>0]	ENSG00000069667	CURATED:211[0];HGNC.Current:32134[1];HGNC.Current:32134[1>0];Ensembl.HGNC:40538[3>0]
ROR3	HGNC.Current:32134[8];HGNC.Current:32134[8>1];HGNC.Current:32134[1];HGNC.Current:32134[1>0];Ensembl.HGNC:40538[3>0]	ENSG00000069667	CURATED:211[0];HGNC.Current:32134[1];HGNC.Current:32134[1>0];Ensembl.HGNC:40538[3>0]
RORA	HGNC.Current:32134[1];HGNC.Current:32134[1>0];Ensembl.HGNC:40538[3>0]	ENSG00000069667	CURATED:211[0];HGNC.Current:32134[1];HGNC.Current:32134[1>0];Ensembl.HGNC:40538[3>0]
RORa1	HGNC.Current:32134[8];HGNC.Current:32134[8>1];HGNC.Current:32134[1];HGNC.Current:32134[1>0];Ensembl.HGNC:40538[3>0]	ENSG00000069667	CURATED:211[0];HGNC.Current:32134[1];HGNC.Current:32134[1>0];Ensembl.HGNC:40538[3>0]
RORalpha	HGNC.Current:32134[8];HGNC.Current:32134[8>1];HGNC.Current:32134[1];HGNC.Current:32134[1>0];Ensembl.HGNC:40538[3>0]	ENSG00000069667	CURATED:211[0];HGNC.Current:32134[1];HGNC.Current:32134[1>0];Ensembl.HGNC:40538[3>0]
RORB	HGNC.Current:32137[1];HGNC.Current:32137[1>0];Ensembl.HGNC:31655[3>0]	ENSG00000198963	CURATED:212[0];HGNC.Current:32137[1];HGNC.Current:32137[1>0];Ensembl.HGNC:31655[3>0]
RORC	HGNC.Current:32139[1];HGNC.Current:32139[1>0];Ensembl.HGNC:267709[3>0]	ENSG00000143365	CURATED:213[0];HGNC.Current:32139[1];HGNC.Current:32139[1>0];Ensembl.HGNC:267709[3>0]
RORG	HGNC.Current:32139[8];HGNC.Current:32139[8>1];HGNC.Current:32139[1];HGNC.Current:32139[1>0];Ensembl.HGNC:267709[3>0]	ENSG00000143365	CURATED:213[0];HGNC.Current:32139[1];HGNC.Current:32139[1>0];Ensembl.HGNC:267709[3>0]
RORα	HGNC.Current:32134[8];HGNC.Current:32134[8>1];HGNC.Current:32134[1];HGNC.Current:32134[1>0];Ensembl.HGNC:40538[3>0]	ENSG00000069667	CURATED:211[0];HGNC.Current:32134[1];HGNC.Current:32134[1>0];Ensembl.HGNC:40538[3>0]
RORβ	HGNC.Current:32137[8];HGNC.Current:32137[8>1];HGNC.Current:32137[1];HGNC.Current:32137[1>0];Ensembl.HGNC:31655[3>0]	ENSG00000198963	CURATED:212[0];HGNC.Current:32137[1];HGNC.Current:32137[1>0];Ensembl.HGNC:31655[3>0]
RP5-860F19	HGNC.Current:7393[8];HGNC.Current:7393[8>1];HGNC.Current:7393[1];HGNC.Current:7393[1>0];Ensembl.HGNC:116723[3>0]	ENSG00000088881	CURATED:39[0];HGNC.Current:7393[1];HGNC.Current:7393[1>0];Ensembl.HGNC:116723[3>0]
RPX	HGNC.Current:11570[8];HGNC.Current:11570[8>1];HGNC.Current:11570[1];HGNC.Current:11570[1>0];Ensembl.HGNC:46737[3>0]	ENSG00000163666	CURATED:95[0];HGNC.Current:11570[1];HGNC.Current:11570[1>0];Ensembl.HGNC:46737[3>0]
RRB2	HGNC.Current:27803[8];HGNC.Current:27803[8>1];HGNC.Current:27803[1];HGNC.Current:27803[1>0];Ensembl.HGNC:215599[3>0]	ENSG00000077092	CURATED:207[0];HGNC.Current:27803[1];HGNC.Current:27803[1>0];Ensembl.HGNC:215599[3>0]
RSRFC4	HGNC.Current:18376[8];HGNC.Current:18376[8>1];HGNC.Current:18376[1];HGNC.Current:18376[1>0];Ensembl.HGNC:175896[3>0]	ENSG00000068305	CURATED:161[0];HGNC.Current:18376[1];HGNC.Current:18376[1>0];Ensembl.HGNC:175896[3>0]
RSRFC9	HGNC.Current:18376[8];HGNC.Current:18376[8>1];HGNC.Current:18376[1];HGNC.Current:18376[1>0];Ensembl.HGNC:175896[3>0]	ENSG00000068305	CURATED:161[0];HGNC.Current:18376[1];HGNC.Current:18376[1>0];Ensembl.HGNC:175896[3>0]
RUNX1	HGNC.Current:34448[1];HGNC.Current:34448[1>0];Ensembl.HGNC:38975[3>0]	ENSG00000159216	CURATED:214[0];HGNC.Current:34448[1];HGNC.Current:34448[1>0];Ensembl.HGNC:38975[3>0]
RUNX2	HGNC.Current:34452[1];HGNC.Current:34452[1>0];Ensembl.HGNC:25880[3>0]	ENSG00000124813	CURATED:215[0];HGNC.Current:34452[1];HGNC.Current:34452[1>0];Ensembl.HGNC:25880[3>0]
RUNX3	HGNC.Current:34454[1];HGNC.Current:34454[1>0];Ensembl.HGNC:273507[3>0]	ENSG00000020633	CURATED:216[0];HGNC.Current:34454[1];HGNC.Current:34454[1>0];Ensembl.HGNC:273507[3>0]
RXR-alpha	HGNC.Current:34479[8];HGNC.Current:34479[8>1];HGNC.Current:34479[1];HGNC.Current:34479[1>0];Ensembl.HGNC:28904[3>0]	ENSG00000186350	CURATED:217[0];HGNC.Current:34479[1];HGNC.Current:34479[1>0];Ensembl.HGNC:28904[3>0]
RXR-beta	HGNC.Current:34480[8];HGNC.Current:34480[8>1];HGNC.Current:34480[1];HGNC.Current:34480[1>0];Ensembl.HGNC:132824[3>0]	ENSG00000204231	CURATED:218[0];HGNC.Current:34480[1];HGNC.Current:34480[1>0];Ensembl.HGNC:132824[3>0]
RXR-beta	HGNC.Current:34480[8];HGNC.Current:34480[8>1];HGNC.Current:34480[1];HGNC.Current:34480[1>0];Ensembl.HGNC:159249[3>0]	ENSG00000206289	CURATED:218[0];HGNC.Current:34480[1];HGNC.Current:34480[1>0];Ensembl.HGNC:159249[3>0]
RXR-beta	HGNC.Current:34480[8];HGNC.Current:34480[8>1];HGNC.Current:34480[1];HGNC.Current:34480[1>0];Ensembl.HGNC:127023[3>0]	ENSG00000227322	CURATED:218[0];HGNC.Current:34480[1];HGNC.Current:34480[1>0];Ensembl.HGNC:127023[3>0]
RXR-beta	HGNC.Current:34480[8];HGNC.Current:34480[8>1];HGNC.Current:34480[1];HGNC.Current:34480[1>0];Ensembl.HGNC:141878[3>0]	ENSG00000228333	CURATED:218[0];HGNC.Current:34480[1];HGNC.Current:34480[1>0];Ensembl.HGNC:141878[3>0]
RXR-beta	HGNC.Current:34480[8];HGNC.Current:34480[8>1];HGNC.Current:34480[1];HGNC.Current:34480[1>0];Ensembl.HGNC:111135[3>0]	ENSG00000231321	CURATED:218[0];HGNC.Current:34480[1];HGNC.Current:34480[1>0];Ensembl.HGNC:111135[3>0]
RXR-beta	HGNC.Current:34480[8];HGNC.Current:34480[8>1];HGNC.Current:34480[1];HGNC.Current:34480[1>0];Ensembl.HGNC:154394[3>0]	ENSG00000235712	CURATED:218[0];HGNC.Current:34480[1];HGNC.Current:34480[1>0];Ensembl.HGNC:154394[3>0]
RXR-gamma	HGNC.Current:34481[8];HGNC.Current:34481[8>1];HGNC.Current:34481[1];HGNC.Current:34481[1>0];Ensembl.HGNC:88940[3>0]	ENSG00000143171	CURATED:219[0];HGNC.Current:34481[1];HGNC.Current:34481[1>0];Ensembl.HGNC:88940[3>0]
RXRA	HGNC.Current:34479[1];HGNC.Current:34479[1>0];Ensembl.HGNC:28904[3>0]	ENSG00000186350	CURATED:217[0];HGNC.Current:34479[1];HGNC.Current:34479[1>0];Ensembl.HGNC:28904[3>0]
RXRalpha	HGNC.Current:34479[8];HGNC.Current:34479[8>1];HGNC.Current:34479[1];HGNC.Current:34479[1>0];Ensembl.HGNC:28904[3>0]	ENSG00000186350	CURATED:217[0];HGNC.Current:34479[1];HGNC.Current:34479[1>0];Ensembl.HGNC:28904[3>0]
RXRB	HGNC.Current:34480[1];HGNC.Current:34480[1>0];Ensembl.HGNC:132824[3>0]	ENSG00000204231	CURATED:218[0];HGNC.Current:34480[1];HGNC.Current:34480[1>0];Ensembl.HGNC:132824[3>0]
RXRB	HGNC.Current:34480[1];HGNC.Current:34480[1>0];Ensembl.HGNC:159249[3>0]	ENSG00000206289	CURATED:218[0];HGNC.Current:34480[1];HGNC.Current:34480[1>0];Ensembl.HGNC:159249[3>0]
RXRB	HGNC.Current:34480[1];HGNC.Current:34480[1>0];Ensembl.HGNC:127023[3>0]	ENSG00000227322	CURATED:218[0];HGNC.Current:34480[1];HGNC.Current:34480[1>0];Ensembl.HGNC:127023[3>0]
RXRB	HGNC.Current:34480[1];HGNC.Current:34480[1>0];Ensembl.HGNC:141878[3>0]	ENSG00000228333	CURATED:218[0];HGNC.Current:34480[1];HGNC.Current:34480[1>0];Ensembl.HGNC:141878[3>0]
RXRB	HGNC.Current:34480[1];HGNC.Current:34480[1>0];Ensembl.HGNC:111135[3>0]	ENSG00000231321	CURATED:218[0];HGNC.Current:34480[1];HGNC.Current:34480[1>0];Ensembl.HGNC:111135[3>0]
RXRB	HGNC.Current:34480[1];HGNC.Current:34480[1>0];Ensembl.HGNC:154394[3>0]	ENSG00000235712	CURATED:218[0];HGNC.Current:34480[1];HGNC.Current:34480[1>0];Ensembl.HGNC:154394[3>0]
RXRbeta	HGNC.Current:34480[8];HGNC.Current:34480[8>1];HGNC.Current:34480[1];HGNC.Current:34480[1>0];Ensembl.HGNC:132824[3>0]	ENSG00000204231	CURATED:218[0];HGNC.Current:34480[1];HGNC.Current:34480[1>0];Ensembl.HGNC:132824[3>0]
RXRbeta	HGNC.Current:34480[8];HGNC.Current:34480[8>1];HGNC.Current:34480[1];HGNC.Current:34480[1>0];Ensembl.HGNC:159249[3>0]	ENSG00000206289	CURATED:218[0];HGNC.Current:34480[1];HGNC.Current:34480[1>0];Ensembl.HGNC:159249[3>0]
RXRbeta	HGNC.Current:34480[8];HGNC.Current:34480[8>1];HGNC.Current:34480[1];HGNC.Current:34480[1>0];Ensembl.HGNC:127023[3>0]	ENSG00000227322	CURATED:218[0];HGNC.Current:34480[1];HGNC.Current:34480[1>0];Ensembl.HGNC:127023[3>0]
RXRbeta	HGNC.Current:34480[8];HGNC.Current:34480[8>1];HGNC.Current:34480[1];HGNC.Current:34480[1>0];Ensembl.HGNC:141878[3>0]	ENSG00000228333	CURATED:218[0];HGNC.Current:34480[1];HGNC.Current:34480[1>0];Ensembl.HGNC:141878[3>0]
RXRbeta	HGNC.Current:34480[8];HGNC.Current:34480[8>1];HGNC.Current:34480[1];HGNC.Current:34480[1>0];Ensembl.HGNC:111135[3>0]	ENSG00000231321	CURATED:218[0];HGNC.Current:34480[1];HGNC.Current:34480[1>0];Ensembl.HGNC:111135[3>0]
RXRbeta	HGNC.Current:34480[8];HGNC.Current:34480[8>1];HGNC.Current:34480[1];HGNC.Current:34480[1>0];Ensembl.HGNC:154394[3>0]	ENSG00000235712	CURATED:218[0];HGNC.Current:34480[1];HGNC.Current:34480[1>0];Ensembl.HGNC:154394[3>0]
RXRG	HGNC.Current:34481[1];HGNC.Current:34481[1>0];Ensembl.HGNC:88940[3>0]	ENSG00000143171	CURATED:219[0];HGNC.Current:34481[1];HGNC.Current:34481[1>0];Ensembl.HGNC:88940[3>0]
RXRgamma	HGNC.Current:34481[8];HGNC.Current:34481[8>1];HGNC.Current:34481[1];HGNC.Current:34481[1>0];Ensembl.HGNC:88940[3>0]	ENSG00000143171	CURATED:219[0];HGNC.Current:34481[1];HGNC.Current:34481[1>0];Ensembl.HGNC:88940[3>0]
RZR-BETA	HGNC.Current:32137[8];HGNC.Current:32137[8>1];HGNC.Current:32137[1];HGNC.Current:32137[1>0];Ensembl.HGNC:31655[3>0]	ENSG00000198963	CURATED:212[0];HGNC.Current:32137[1];HGNC.Current:32137[1>0];Ensembl.HGNC:31655[3>0]
RZRA	HGNC.Current:32134[8];HGNC.Current:32134[8>1];HGNC.Current:32134[1];HGNC.Current:32134[1>0];Ensembl.HGNC:40538[3>0]	ENSG00000069667	CURATED:211[0];HGNC.Current:32134[1];HGNC.Current:32134[1>0];Ensembl.HGNC:40538[3>0]
RZRB	HGNC.Current:32137[8];HGNC.Current:32137[8>1];HGNC.Current:32137[1];HGNC.Current:32137[1>0];Ensembl.HGNC:31655[3>0]	ENSG00000198963	CURATED:212[0];HGNC.Current:32137[1];HGNC.Current:32137[1>0];Ensembl.HGNC:31655[3>0]
RZRG	HGNC.Current:32139[8];HGNC.Current:32139[8>1];HGNC.Current:32139[1];HGNC.Current:32139[1>0];Ensembl.HGNC:267709[3>0]	ENSG00000143365	CURATED:213[0];HGNC.Current:32139[1];HGNC.Current:32139[1>0];Ensembl.HGNC:267709[3>0]
SAP1	HGNC.Current:27089[10];HGNC.Current:7828[8>1];HGNC.Current:7828[1];HGNC.Current:7828[1>0];Ensembl.HGNC:277771[3>0]	ENSG00000158711	CURATED:45[0];HGNC.Current:7828[1];HGNC.Current:7828[1>0];Ensembl.HGNC:277771[3>0]
SAP2	HGNC.Current:27089[10];HGNC.Current:7827[8>1];HGNC.Current:7827[1];HGNC.Current:7827[1>0];Ensembl.HGNC:56353[3>0]	ENSG00000111145	CURATED:44[0];HGNC.Current:7827[1];HGNC.Current:7827[1>0];Ensembl.HGNC:56353[3>0]
SATB1	HGNC.Current:34631[1];HGNC.Current:34631[1>0];Ensembl.HGNC:237609[3>0]	ENSG00000182568	CURATED:220[0];HGNC.Current:34631[1];HGNC.Current:34631[1>0];Ensembl.HGNC:237609[3>0]
SCIP	HGNC.Current:26335[8];HGNC.Current:26335[8>1];HGNC.Current:26335[1];HGNC.Current:26335[1>0];Ensembl.HGNC:275427[3>0]	ENSG00000185668	CURATED:203[0];HGNC.Current:26335[1];HGNC.Current:26335[1>0];Ensembl.HGNC:275427[3>0]
SCL	HGNC.Current:14312[8];HGNC.Current:38264[8>1];HGNC.Current:38264[1];HGNC.Current:38264[1>0];Ensembl.HGNC:255251[3>0]	ENSG00000162367	CURATED:246[0];HGNC.Current:38264[1];HGNC.Current:38264[1>0];Ensembl.HGNC:255251[3>0]
SCR2	HGNC.Current:27978[8];HGNC.Current:27978[8>1];HGNC.Current:27978[1];HGNC.Current:27978[1>0];Ensembl.HGNC:228378[3>0]	ENSG00000153250	CURATED:209[0];HGNC.Current:27978[1];HGNC.Current:27978[1>0];Ensembl.HGNC:228378[3>0]
SCS	HGNC.Current:41286[8];HGNC.Current:41286[8>1];HGNC.Current:41286[1];HGNC.Current:41286[1>0];Ensembl.HGNC:22392[3>0]	ENSG00000122691	CURATED:264[0];HGNC.Current:41286[1];HGNC.Current:41286[1>0];Ensembl.HGNC:22392[3>0]
SCURFIN	HGNC.Current:9483[8];HGNC.Current:9483[8>1];HGNC.Current:9483[1];HGNC.Current:9483[1>0];Ensembl.HGNC:148487[3>0]	ENSG00000049768	CURATED:74[0];HGNC.Current:9483[1];HGNC.Current:9483[1>0];Ensembl.HGNC:148487[3>0]
SEF2-1B	HGNC.Current:38510[8];HGNC.Current:38516[10>1];HGNC.Current:38516[1];HGNC.Current:38516[1>0];Ensembl.HGNC:152776[3>0]	ENSG00000148737	CURATED:254[0];HGNC.Current:38510[1];HGNC.Current:38516[10>1];HGNC.Current:38516[1];HGNC.Current:38516[1>0];Ensembl.HGNC:152776[3>0]
SEF2-1B	HGNC.Current:38510[8];HGNC.Current:38510[8>1];HGNC.Current:38510[1];HGNC.Current:38510[1>0];Ensembl.HGNC:12536[3>0]	ENSG00000196628	CURATED:254[0];HGNC.Current:38510[1];HGNC.Current:38510[1>0];Ensembl.HGNC:12536[3>0]
SFA-2	HGNC.Current:2257[8];HGNC.Current:2257[8>1];HGNC.Current:2257[1];HGNC.Current:2257[1>0];Ensembl.HGNC:78242[3>0]	ENSG00000156127	CURATED:11[0];HGNC.Current:2257[1];HGNC.Current:2257[1>0];Ensembl.HGNC:78242[3>0]
SFPI1	HGNC.Current:37337[8];HGNC.Current:37337[8>1];HGNC.Current:37337[1];HGNC.Current:37337[1>0];Ensembl.HGNC:255480[3>0]	ENSG00000066336	CURATED:239[0];HGNC.Current:37337[1];HGNC.Current:37337[1>0];Ensembl.HGNC:255480[3>0]
SIC-1	HGNC.Current:9325[8];HGNC.Current:9325[8>1];HGNC.Current:9325[1];HGNC.Current:9325[1>0];Ensembl.HGNC:228559[3>0]	ENSG00000151702	CURATED:56[0];HGNC.Current:9325[1];HGNC.Current:9325[1>0];Ensembl.HGNC:228559[3>0]
SIP-1	HGNC.Current:22712[8];HGNC.Current:42926[8>1];HGNC.Current:42926[1];HGNC.Current:42926[1>0];Ensembl.HGNC:236783[3>0]	ENSG00000169554	CURATED:272[0];HGNC.Current:42926[1];HGNC.Current:42926[1>0];Ensembl.HGNC:236783[3>0]
SIP1	HGNC.Current:10182[10];HGNC.Current:42926[8>1];HGNC.Current:42926[1];HGNC.Current:42926[1>0];Ensembl.HGNC:236783[3>0]	ENSG00000169554	CURATED:272[0];HGNC.Current:42926[1];HGNC.Current:42926[1>0];Ensembl.HGNC:236783[3>0]
SIX3	HGNC.Current:35457[1];HGNC.Current:35457[1>0];Ensembl.HGNC:270022[3>0]	ENSG00000138083	CURATED:221[0];HGNC.Current:35457[1];HGNC.Current:35457[1>0];Ensembl.HGNC:270022[3>0]
SLUG	HGNC.Current:36262[10];HGNC.Current:36262[10>1];HGNC.Current:36262[1];HGNC.Current:36262[1>0];Ensembl.HGNC:38704[3>0]	ENSG00000019549	CURATED:223[0];HGNC.Current:36262[1];HGNC.Current:36262[1>0];Ensembl.HGNC:38704[3>0]
SLUGH	HGNC.Current:36262[8];HGNC.Current:36262[8>1];HGNC.Current:36262[1];HGNC.Current:36262[1>0];Ensembl.HGNC:38704[3>0]	ENSG00000019549	CURATED:223[0];HGNC.Current:36262[1];HGNC.Current:36262[1>0];Ensembl.HGNC:38704[3>0]
SLUGH1	HGNC.Current:36262[8];HGNC.Current:36262[8>1];HGNC.Current:36262[1];HGNC.Current:36262[1>0];Ensembl.HGNC:38704[3>0]	ENSG00000019549	CURATED:223[0];HGNC.Current:36262[1];HGNC.Current:36262[1>0];Ensembl.HGNC:38704[3>0]
SLUGH2	HGNC.Current:36260[8];HGNC.Current:36260[8>1];HGNC.Current:36260[1];HGNC.Current:36260[1>0];Ensembl.HGNC:145717[3>0]	ENSG00000124216	CURATED:222[0];HGNC.Current:36260[1];HGNC.Current:36260[1>0];Ensembl.HGNC:145717[3>0]
SMAP31	HGNC.Current:12128[8];HGNC.Current:12128[8>1];HGNC.Current:12128[1];HGNC.Current:12128[1>0];Ensembl.HGNC:214506[3>0]	ENSG00000171476	CURATED:101[0];HGNC.Current:12128[1];HGNC.Current:12128[1>0];Ensembl.HGNC:214506[3>0]
SMARCM1	HGNC.Current:2342[8];HGNC.Current:2342[8>1];HGNC.Current:2342[1];HGNC.Current:2342[1>0];Ensembl.HGNC:53924[3>0]	ENSG00000119866	CURATED:12[0];HGNC.Current:2342[1];HGNC.Current:2342[1>0];Ensembl.HGNC:53924[3>0]
SMARCM2	HGNC.Current:2343[8];HGNC.Current:2343[8>1];HGNC.Current:2343[1];HGNC.Current:2343[1>0];Ensembl.HGNC:178608[3>0]	ENSG00000127152	CURATED:13[0];HGNC.Current:2343[1];HGNC.Current:2343[1>0];Ensembl.HGNC:178608[3>0]
SNA	HGNC.Current:36260[8];HGNC.Current:36260[8>1];HGNC.Current:36260[1];HGNC.Current:36260[1>0];Ensembl.HGNC:145717[3>0]	ENSG00000124216	CURATED:222[0];HGNC.Current:36260[1];HGNC.Current:36260[1>0];Ensembl.HGNC:145717[3>0]
SNAH	HGNC.Current:36260[8];HGNC.Current:36260[8>1];HGNC.Current:36260[1];HGNC.Current:36260[1>0];Ensembl.HGNC:145717[3>0]	ENSG00000124216	CURATED:222[0];HGNC.Current:36260[1];HGNC.Current:36260[1>0];Ensembl.HGNC:145717[3>0]
SNAI1	HGNC.Current:36260[1];HGNC.Current:36260[1>0];Ensembl.HGNC:145717[3>0]	ENSG00000124216	CURATED:222[0];HGNC.Current:36260[1];HGNC.Current:36260[1>0];Ensembl.HGNC:145717[3>0]
SNAI2	HGNC.Current:36262[1];HGNC.Current:36262[1>0];Ensembl.HGNC:38704[3>0]	ENSG00000019549	CURATED:223[0];HGNC.Current:36262[1];HGNC.Current:36262[1>0];Ensembl.HGNC:38704[3>0]
SNAIL	HGNC.Current:36260[8];HGNC.Current:36260[8>1];HGNC.Current:36260[1];HGNC.Current:36260[1>0];Ensembl.HGNC:145717[3>0]	ENSG00000124216	CURATED:222[0];HGNC.Current:36260[1];HGNC.Current:36260[1>0];Ensembl.HGNC:145717[3>0]
SNAIL1	HGNC.Current:36260[8];HGNC.Current:36260[8>1];HGNC.Current:36260[1];HGNC.Current:36260[1>0];Ensembl.HGNC:145717[3>0]	ENSG00000124216	CURATED:222[0];HGNC.Current:36260[1];HGNC.Current:36260[1>0];Ensembl.HGNC:145717[3>0]
SNAIL2	HGNC.Current:36262[8];HGNC.Current:36262[8>1];HGNC.Current:36262[1];HGNC.Current:36262[1>0];Ensembl.HGNC:38704[3>0]	ENSG00000019549	CURATED:223[0];HGNC.Current:36262[1];HGNC.Current:36262[1>0];Ensembl.HGNC:38704[3>0]
SNF2L3	HGNC.Current:11729[10];HGNC.Withdrawn:2766[2>3];Ensembl.HGNC:229707[3>0]	ENSG00000170802	CURATED:69[0];HGNC.Current:9464[1];HGNC.Current:9464[1>0];Ensembl.HGNC:229707[3>0]
SOCS-3	HGNC.Current:37079[8];HGNC.Current:37079[8>1];HGNC.Current:37079[1];HGNC.Current:37079[1>0];Ensembl.HGNC:214861[3>0]	ENSG00000184557	CURATED:224[0];HGNC.Current:37079[1];HGNC.Current:37079[1>0];Ensembl.HGNC:214861[3>0]
SOCS3	HGNC.Current:37079[1];HGNC.Current:37079[1>0];Ensembl.HGNC:214861[3>0]	ENSG00000184557	CURATED:224[0];HGNC.Current:37079[1];HGNC.Current:37079[1>0];Ensembl.HGNC:214861[3>0]
SOX1	HGNC.Current:37131[1];HGNC.Current:37131[1>0];Ensembl.HGNC:4791[3>0]	ENSG00000182968	CURATED:225[0];HGNC.Current:37131[1];HGNC.Current:37131[1>0];Ensembl.HGNC:4791[3>0]
SOX17	HGNC.Current:37151[1];HGNC.Current:37151[1>0];Ensembl.HGNC:181961[3>0]	ENSG00000164736	CURATED:226[0];HGNC.Current:37151[1];HGNC.Current:37151[1>0];Ensembl.HGNC:181961[3>0]
SOX18	HGNC.Current:37152[1];HGNC.Current:37152[1>0];Ensembl.HGNC:12468[3>0]	ENSG00000203883	CURATED:227[0];HGNC.Current:37152[1];HGNC.Current:37152[1>0];Ensembl.HGNC:12468[3>0]
SOX2	HGNC.Current:37133[1];HGNC.Current:37133[1>0];Ensembl.HGNC:69969[3>0]	ENSG00000181449	CURATED:228[0];HGNC.Current:37133[1];HGNC.Current:37133[1>0];Ensembl.HGNC:69969[3>0]
SOX3	HGNC.Current:37135[1];HGNC.Current:37135[1>0];Ensembl.HGNC:46999[3>0]	ENSG00000134595	CURATED:229[0];HGNC.Current:37135[1];HGNC.Current:37135[1>0];Ensembl.HGNC:46999[3>0]
SOX4	HGNC.Current:37136[1];HGNC.Current:37136[1>0];Ensembl.HGNC:20684[3>0]	ENSG00000124766	CURATED:230[0];HGNC.Current:37136[1];HGNC.Current:37136[1>0];Ensembl.HGNC:20684[3>0]
SOX6	HGNC.Current:37140[1];HGNC.Current:37140[1>0];Ensembl.HGNC:188565[3>0]	ENSG00000110693	CURATED:231[0];HGNC.Current:37140[1];HGNC.Current:37140[1>0];Ensembl.HGNC:188565[3>0]
SOX7	HGNC.Current:37141[1];HGNC.Current:37141[1>0];Ensembl.HGNC:195500[3>0]	ENSG00000171056	CURATED:232[0];HGNC.Current:37141[1];HGNC.Current:37141[1>0];Ensembl.HGNC:195500[3>0]
SOX7	HGNC.Current:37141[1];HGNC.Current:37141[1>0];Ensembl.HGNC:32344[3>0]	ENSG00000285438	CURATED:232[0];HGNC.Current:37141[1];HGNC.Current:37141[1>0];Ensembl.HGNC:32344[3>0]
SOX9	HGNC.Current:37143[1];HGNC.Current:37143[1>0];Ensembl.HGNC:72413[3>0]	ENSG00000125398	CURATED:233[0];HGNC.Current:37143[1];HGNC.Current:37143[1>0];Ensembl.HGNC:72413[3>0]
SP3	HGNC.Current:37161[1];HGNC.Current:37161[1>0];Ensembl.HGNC:217108[3>0]	ENSG00000172845	CURATED:234[0];HGNC.Current:37161[1];HGNC.Current:37161[1>0];Ensembl.HGNC:217108[3>0]
SP4	HGNC.Current:37163[1];HGNC.Current:37163[1>0];Ensembl.HGNC:22722[3>0]	ENSG00000105866	CURATED:235[0];HGNC.Current:37163[1];HGNC.Current:37163[1>0];Ensembl.HGNC:22722[3>0]
SP5	HGNC.Current:37164[1];HGNC.Current:37164[1>0];Ensembl.HGNC:251313[3>0]	ENSG00000204335	CURATED:236[0];HGNC.Current:37164[1];HGNC.Current:37164[1>0];Ensembl.HGNC:251313[3>0]
SP6	HGNC.Current:37165[1];HGNC.Current:37165[1>0];Ensembl.HGNC:259036[3>0]	ENSG00000189120	CURATED:237[0];HGNC.Current:37165[1];HGNC.Current:37165[1>0];Ensembl.HGNC:259036[3>0]
SP8	HGNC.Current:37167[1];HGNC.Current:37167[1>0];Ensembl.HGNC:161528[3>0]	ENSG00000164651	CURATED:238[0];HGNC.Current:37167[1];HGNC.Current:37167[1>0];Ensembl.HGNC:161528[3>0]
SPI-1	HGNC.Current:37337[8];HGNC.Current:37337[8>1];HGNC.Current:37337[1];HGNC.Current:37337[1>0];Ensembl.HGNC:255480[3>0]	ENSG00000066336	CURATED:239[0];HGNC.Current:37337[1];HGNC.Current:37337[1>0];Ensembl.HGNC:255480[3>0]
SPI-A	HGNC.Current:37337[8];HGNC.Current:37337[8>1];HGNC.Current:37337[1];HGNC.Current:37337[1>0];Ensembl.HGNC:255480[3>0]	ENSG00000066336	CURATED:239[0];HGNC.Current:37337[1];HGNC.Current:37337[1>0];Ensembl.HGNC:255480[3>0]
SPI-B	HGNC.Current:37338[8];HGNC.Current:37338[8>1];HGNC.Current:37338[1];HGNC.Current:37338[1>0];Ensembl.HGNC:169888[3>0]	ENSG00000269404	CURATED:240[0];HGNC.Current:37338[1];HGNC.Current:37338[1>0];Ensembl.HGNC:169888[3>0]
SPI1	HGNC.Current:37337[1];HGNC.Current:37337[1>0];Ensembl.HGNC:255480[3>0]	ENSG00000066336	CURATED:239[0];HGNC.Current:37337[1];HGNC.Current:37337[1>0];Ensembl.HGNC:255480[3>0]
SPIB	HGNC.Current:37338[1];HGNC.Current:37338[1>0];Ensembl.HGNC:169888[3>0]	ENSG00000269404	CURATED:240[0];HGNC.Current:37338[1];HGNC.Current:37338[1>0];Ensembl.HGNC:169888[3>0]
SPR-1	HGNC.Current:37163[8];HGNC.Current:37163[8>1];HGNC.Current:37163[1];HGNC.Current:37163[1>0];Ensembl.HGNC:22722[3>0]	ENSG00000105866	CURATED:235[0];HGNC.Current:37163[1];HGNC.Current:37163[1>0];Ensembl.HGNC:22722[3>0]
SPR-2	HGNC.Current:37161[8];HGNC.Current:37161[8>1];HGNC.Current:37161[1];HGNC.Current:37161[1>0];Ensembl.HGNC:217108[3>0]	ENSG00000172845	CURATED:234[0];HGNC.Current:37161[1];HGNC.Current:37161[1>0];Ensembl.HGNC:217108[3>0]
SRA	HGNC.Current:37478[8];HGNC.Current:37143[8>1];HGNC.Current:37143[1];HGNC.Current:37143[1>0];Ensembl.HGNC:72413[3>0]	ENSG00000125398	CURATED:233[0];HGNC.Current:37143[1];HGNC.Current:37143[1>0];Ensembl.HGNC:72413[3>0]
SRA1	HGNC.Current:37478[1];HGNC.Current:37143[8>1];HGNC.Current:37143[1];HGNC.Current:37143[1>0];Ensembl.HGNC:72413[3>0]	ENSG00000125398	CURATED:233[0];HGNC.Current:37143[1];HGNC.Current:37143[1>0];Ensembl.HGNC:72413[3>0]
SSI-3	HGNC.Current:37079[8];HGNC.Current:37079[8>1];HGNC.Current:37079[1];HGNC.Current:37079[1>0];Ensembl.HGNC:214861[3>0]	ENSG00000184557	CURATED:224[0];HGNC.Current:37079[1];HGNC.Current:37079[1>0];Ensembl.HGNC:214861[3>0]
ST12	HGNC.Current:14134[10];HGNC.Withdrawn:2803[2>3];Ensembl.HGNC:9725[3>0]	ENSG00000067082	CURATED:146[0];HGNC.Current:14134[1];HGNC.Current:14134[1>0];Ensembl.HGNC:9725[3>0]
STAT1	HGNC.Current:37777[1];HGNC.Current:37777[1>0];Ensembl.HGNC:256520[3>0]	ENSG00000115415	CURATED:241[0];HGNC.Current:37777[1];HGNC.Current:37777[1>0];Ensembl.HGNC:256520[3>0]
STAT3	HGNC.Current:37779[1];HGNC.Current:37779[1>0];Ensembl.HGNC:265687[3>0]	ENSG00000168610	CURATED:242[0];HGNC.Current:37779[1];HGNC.Current:37779[1>0];Ensembl.HGNC:265687[3>0]
STAT4	HGNC.Current:37780[1];HGNC.Current:37780[1>0];Ensembl.HGNC:272621[3>0]	ENSG00000138378	CURATED:243[0];HGNC.Current:37780[1];HGNC.Current:37780[1>0];Ensembl.HGNC:272621[3>0]
STAT5	HGNC.Current:37782[10];HGNC.Current:37782[10>1];HGNC.Current:37782[1];HGNC.Current:37782[1>0];Ensembl.HGNC:157910[3>0]	ENSG00000126561	CURATED:244[0];HGNC.Current:37782[1];HGNC.Current:37782[1>0];Ensembl.HGNC:157910[3>0]
STAT5A	HGNC.Current:37782[1];HGNC.Current:37782[1>0];Ensembl.HGNC:157910[3>0]	ENSG00000126561	CURATED:244[0];HGNC.Current:37782[1];HGNC.Current:37782[1>0];Ensembl.HGNC:157910[3>0]
STAT91	HGNC.Current:37777[8];HGNC.Current:37777[8>1];HGNC.Current:37777[1];HGNC.Current:37777[1>0];Ensembl.HGNC:256520[3>0]	ENSG00000115415	CURATED:241[0];HGNC.Current:37777[1];HGNC.Current:37777[1>0];Ensembl.HGNC:256520[3>0]
Stella	HGNC.Current:7047[8];HGNC.Current:7047[8>1];HGNC.Current:7047[1];HGNC.Current:7047[1>0];Ensembl.HGNC:29231[3>0]	ENSG00000187569	CURATED:32[0];HGNC.Current:7047[1];HGNC.Current:7047[1>0];Ensembl.HGNC:29231[3>0]
STRAA1	HGNC.Current:37478[8];HGNC.Current:37143[8>1];HGNC.Current:37143[1];HGNC.Current:37143[1>0];Ensembl.HGNC:72413[3>0]	ENSG00000125398	CURATED:233[0];HGNC.Current:37143[1];HGNC.Current:37143[1>0];Ensembl.HGNC:72413[3>0]
SVP40	HGNC.Current:23168[8];HGNC.Current:23168[8>1];HGNC.Current:23168[1];HGNC.Current:23168[1>0];Ensembl.HGNC:47561[3>0]	ENSG00000185551	CURATED:190[0];HGNC.Current:23168[1];HGNC.Current:23168[1>0];Ensembl.HGNC:47561[3>0]
SVP44	HGNC.Current:23166[8];HGNC.Current:23166[8>1];HGNC.Current:23166[1];HGNC.Current:23166[1>0];Ensembl.HGNC:251584[3>0]	ENSG00000175745	CURATED:189[0];HGNC.Current:23166[1];HGNC.Current:23166[1>0];Ensembl.HGNC:251584[3>0]
T	HGNC.Current:38471[10];HGNC.Current:38471[10>1];HGNC.Current:38471[1];HGNC.Current:38471[1>0];Ensembl.HGNC:79837[3>0]	ENSG00000164458	CURATED:245[0];HGNC.Current:38471[10];HGNC.Current:38471[10>1];HGNC.Current:38471[1];HGNC.Current:38471[1>0];Ensembl.HGNC:79837[3>0]
T-bet	HGNC.Current:38465[8];HGNC.Current:38465[8>1];HGNC.Current:38465[1];HGNC.Current:38465[1>0];Ensembl.HGNC:123898[3>0]	ENSG00000073861	CURATED:247[0];HGNC.Current:38465[1];HGNC.Current:38465[1>0];Ensembl.HGNC:123898[3>0]
TAL1	HGNC.Current:38264[1];HGNC.Current:38264[1>0];Ensembl.HGNC:255251[3>0]	ENSG00000162367	CURATED:246[0];HGNC.Current:38264[1];HGNC.Current:38264[1>0];Ensembl.HGNC:255251[3>0]
TBLYM	HGNC.Current:38465[8];HGNC.Current:38465[8>1];HGNC.Current:38465[1];HGNC.Current:38465[1>0];Ensembl.HGNC:123898[3>0]	ENSG00000073861	CURATED:247[0];HGNC.Current:38465[1];HGNC.Current:38465[1>0];Ensembl.HGNC:123898[3>0]
TBR2	HGNC.Current:8038[8];HGNC.Current:8038[8>1];HGNC.Current:8038[1];HGNC.Current:8038[1>0];Ensembl.HGNC:242266[3>0]	ENSG00000163508	CURATED:47[0];HGNC.Current:8038[1];HGNC.Current:8038[1>0];Ensembl.HGNC:242266[3>0]
TBX21	HGNC.Current:38465[1];HGNC.Current:38465[1>0];Ensembl.HGNC:123898[3>0]	ENSG00000073861	CURATED:247[0];HGNC.Current:38465[1];HGNC.Current:38465[1>0];Ensembl.HGNC:123898[3>0]
TBX3	HGNC.Current:38453[1];HGNC.Current:38453[1>0];Ensembl.HGNC:101417[3>0]	ENSG00000135111	CURATED:248[0];HGNC.Current:38453[1];HGNC.Current:38453[1>0];Ensembl.HGNC:101417[3>0]
TBX3-ISO	HGNC.Current:38453[8];HGNC.Current:38453[8>1];HGNC.Current:38453[1];HGNC.Current:38453[1>0];Ensembl.HGNC:101417[3>0]	ENSG00000135111	CURATED:248[0];HGNC.Current:38453[1];HGNC.Current:38453[1>0];Ensembl.HGNC:101417[3>0]
TBX4	HGNC.Current:38455[1];HGNC.Current:38455[1>0];Ensembl.HGNC:255722[3>0]	ENSG00000121075	CURATED:249[0];HGNC.Current:38455[1];HGNC.Current:38455[1>0];Ensembl.HGNC:255722[3>0]
TBX5	HGNC.Current:38456[1];HGNC.Current:38456[1>0];Ensembl.HGNC:105693[3>0]	ENSG00000089225	CURATED:250[0];HGNC.Current:38456[1];HGNC.Current:38456[1>0];Ensembl.HGNC:105693[3>0]
TBX6	HGNC.Current:38458[1];HGNC.Current:38458[1>0];Ensembl.HGNC:168356[3>0]	ENSG00000149922	CURATED:251[0];HGNC.Current:38458[1];HGNC.Current:38458[1>0];Ensembl.HGNC:168356[3>0]
TBXT	HGNC.Current:38471[1];HGNC.Current:38471[1>0];Ensembl.HGNC:79837[3>0]	ENSG00000164458	CURATED:245[0];HGNC.Current:38471[10];HGNC.Current:38471[10>1];HGNC.Current:38471[1];HGNC.Current:38471[1>0];Ensembl.HGNC:79837[3>0]
TCF-1	HGNC.Current:38513[8];HGNC.Current:38513[8>1];HGNC.Current:38513[1];HGNC.Current:38513[1>0];Ensembl.HGNC:256964[3>0]	ENSG00000081059	CURATED:255[0];HGNC.Current:38513[1];HGNC.Current:38513[1>0];Ensembl.HGNC:256964[3>0]
TCF-4	HGNC.Current:38516[8];HGNC.Current:38516[8>1];HGNC.Current:38516[1];HGNC.Current:38516[1>0];Ensembl.HGNC:152776[3>0]	ENSG00000148737	CURATED:254[0];HGNC.Current:38510[1];HGNC.Current:38516[10>1];HGNC.Current:38516[1];HGNC.Current:38516[1>0];Ensembl.HGNC:152776[3>0]
TCF10	HGNC.Current:14850[8];HGNC.Current:14850[8>1];HGNC.Current:14850[1];HGNC.Current:14850[1>0];Ensembl.HGNC:114307[3>0]	ENSG00000138795	CURATED:150[0];HGNC.Current:14850[1];HGNC.Current:14850[1>0];Ensembl.HGNC:114307[3>0]
TCF14	HGNC.Current:11954[10];HGNC.Withdrawn:2875[2>3];Ensembl.HGNC:124322[3>0]	ENSG00000101076	CURATED:100[0];HGNC.Current:11954[1];HGNC.Current:11954[1>0];Ensembl.HGNC:124322[3>0]
TCF15	HGNC.Current:38519[1];HGNC.Current:38519[1>0];Ensembl.HGNC:63667[3>0]	ENSG00000125878	CURATED:252[0];HGNC.Current:38519[1];HGNC.Current:38519[1>0];Ensembl.HGNC:63667[3>0]
TCF1ALPHA	HGNC.Current:14850[8];HGNC.Current:14850[8>1];HGNC.Current:14850[1];HGNC.Current:14850[1>0];Ensembl.HGNC:114307[3>0]	ENSG00000138795	CURATED:150[0];HGNC.Current:14850[1];HGNC.Current:14850[1>0];Ensembl.HGNC:114307[3>0]
TCF3	HGNC.Current:38508[1];HGNC.Current:38508[1>0];Ensembl.HGNC:224257[3>0]	ENSG00000071564	CURATED:253[0];HGNC.Current:38508[1];HGNC.Current:38508[1>0];Ensembl.HGNC:224257[3>0]
TCF3	HGNC.Current:38508[1];HGNC.Current:38514[10>1];HGNC.Current:38514[1];HGNC.Current:38514[1>0];Ensembl.HGNC:54909[3>0]	ENSG00000152284	CURATED:253[0];HGNC.Current:38508[1];HGNC.Current:38514[10>1];HGNC.Current:38514[1];HGNC.Current:38514[1>0];Ensembl.HGNC:54909[3>0]
TCF3	HGNC.Current:38508[1];HGNC.Current:38514[10>1];HGNC.Current:38514[1];HGNC.Current:38514[1>0];Ensembl.HGNC:85177[3>0]	ENSG00000292149	CURATED:253[0];HGNC.Current:38508[1];HGNC.Current:38514[10>1];HGNC.Current:38514[1];HGNC.Current:38514[1>0];Ensembl.HGNC:85177[3>0]
TCF4	HGNC.Current:38510[1];HGNC.Current:38516[10>1];HGNC.Current:38516[1];HGNC.Current:38516[1>0];Ensembl.HGNC:152776[3>0]	ENSG00000148737	CURATED:254[0];HGNC.Current:38510[1];HGNC.Current:38516[10>1];HGNC.Current:38516[1];HGNC.Current:38516[1>0];Ensembl.HGNC:152776[3>0]
TCF4	HGNC.Current:38510[1];HGNC.Current:38510[1>0];Ensembl.HGNC:12536[3>0]	ENSG00000196628	CURATED:254[0];HGNC.Current:38510[1];HGNC.Current:38510[1>0];Ensembl.HGNC:12536[3>0]
TCF5	HGNC.Current:4281[10];HGNC.Current:4281[10>1];HGNC.Current:4281[1];HGNC.Current:4281[1>0];Ensembl.HGNC:67120[3>0]	ENSG00000172216	CURATED:19[0];HGNC.Current:4281[1];HGNC.Current:4281[1>0];Ensembl.HGNC:67120[3>0]
TCF7	HGNC.Current:38513[1];HGNC.Current:38513[1>0];Ensembl.HGNC:256964[3>0]	ENSG00000081059	CURATED:255[0];HGNC.Current:38513[1];HGNC.Current:38513[1>0];Ensembl.HGNC:256964[3>0]
TCF7L1	HGNC.Current:38514[1];HGNC.Current:38514[1>0];Ensembl.HGNC:54909[3>0]	ENSG00000152284	CURATED:253[0];HGNC.Current:38508[1];HGNC.Current:38514[10>1];HGNC.Current:38514[1];HGNC.Current:38514[1>0];Ensembl.HGNC:54909[3>0]
TCF7L1	HGNC.Current:38514[1];HGNC.Current:38514[1>0];Ensembl.HGNC:85177[3>0]	ENSG00000292149	CURATED:253[0];HGNC.Current:38508[1];HGNC.Current:38514[10>1];HGNC.Current:38514[1];HGNC.Current:38514[1>0];Ensembl.HGNC:85177[3>0]
TCF7L2	HGNC.Current:38516[1];HGNC.Current:38516[1>0];Ensembl.HGNC:152776[3>0]	ENSG00000148737	CURATED:254[0];HGNC.Current:38510[1];HGNC.Current:38516[10>1];HGNC.Current:38516[1];HGNC.Current:38516[1>0];Ensembl.HGNC:152776[3>0]
TCF7L3	HGNC.Current:14850[8];HGNC.Current:14850[8>1];HGNC.Current:14850[1];HGNC.Current:14850[1>0];Ensembl.HGNC:114307[3>0]	ENSG00000138795	CURATED:150[0];HGNC.Current:14850[1];HGNC.Current:14850[1>0];Ensembl.HGNC:114307[3>0]
TCF8	HGNC.Current:42924[10];HGNC.Current:42924[10>1];HGNC.Current:42924[1];HGNC.Current:42924[1>0];Ensembl.HGNC:92740[3>0]	ENSG00000148516	CURATED:271[0];HGNC.Current:42924[1];HGNC.Current:42924[1>0];Ensembl.HGNC:92740[3>0]
TCFCOUP1	HGNC.Current:23166[8];HGNC.Current:23166[8>1];HGNC.Current:23166[1];HGNC.Current:23166[1>0];Ensembl.HGNC:251584[3>0]	ENSG00000175745	CURATED:189[0];HGNC.Current:23166[1];HGNC.Current:23166[1>0];Ensembl.HGNC:251584[3>0]
TCFEC	HGNC.Current:38728[8];HGNC.Current:38728[8>1];HGNC.Current:38728[1];HGNC.Current:38728[1>0];Ensembl.HGNC:64107[3>0]	ENSG00000105967	CURATED:260[0];HGNC.Current:38728[1];HGNC.Current:38728[1>0];Ensembl.HGNC:64107[3>0]
TCL5	HGNC.Current:38264[10];HGNC.Withdrawn:2880[2>3];Ensembl.HGNC:255251[3>0]	ENSG00000162367	CURATED:246[0];HGNC.Current:38264[1];HGNC.Current:38264[1>0];Ensembl.HGNC:255251[3>0]
TEL	HGNC.Current:8363[8];HGNC.Current:8363[8>1];HGNC.Current:8363[1];HGNC.Current:8363[1>0];Ensembl.HGNC:20793[3>0]	ENSG00000139083	CURATED:54[0];HGNC.Current:8363[1];HGNC.Current:8363[1>0];Ensembl.HGNC:20793[3>0]
TFAP2	HGNC.Current:38706[10];HGNC.Current:38706[10>1];HGNC.Current:38706[1];HGNC.Current:38706[1>0];Ensembl.HGNC:103510[3>0]	ENSG00000137203	CURATED:256[0];HGNC.Current:38706[1];HGNC.Current:38706[1>0];Ensembl.HGNC:103510[3>0]
TFAP2A	HGNC.Current:38706[1];HGNC.Current:38706[1>0];Ensembl.HGNC:103510[3>0]	ENSG00000137203	CURATED:256[0];HGNC.Current:38706[1];HGNC.Current:38706[1>0];Ensembl.HGNC:103510[3>0]
TFAP2C	HGNC.Current:38710[1];HGNC.Current:38710[1>0];Ensembl.HGNC:13931[3>0]	ENSG00000087510	CURATED:257[0];HGNC.Current:38710[1];HGNC.Current:38710[1>0];Ensembl.HGNC:13931[3>0]
TFAP2G	HGNC.Current:38710[8];HGNC.Current:38710[8>1];HGNC.Current:38710[1];HGNC.Current:38710[1>0];Ensembl.HGNC:13931[3>0]	ENSG00000087510	CURATED:257[0];HGNC.Current:38710[1];HGNC.Current:38710[1>0];Ensembl.HGNC:13931[3>0]
TFCOUP1	HGNC.Current:23166[10];HGNC.Withdrawn:2918[2>3];Ensembl.HGNC:251584[3>0]	ENSG00000175745	CURATED:189[0];HGNC.Current:23166[1];HGNC.Current:23166[1>0];Ensembl.HGNC:251584[3>0]
TFCOUP2	HGNC.Current:23168[10];HGNC.Withdrawn:2919[2>3];Ensembl.HGNC:47561[3>0]	ENSG00000185551	CURATED:190[0];HGNC.Current:23168[1];HGNC.Current:23168[1>0];Ensembl.HGNC:47561[3>0]
TFDP1	HGNC.Current:38720[1];HGNC.Current:38720[1>0];Ensembl.HGNC:18429[3>0]	ENSG00000198176	CURATED:258[0];HGNC.Current:38720[1];HGNC.Current:38720[1>0];Ensembl.HGNC:18429[3>0]
TFDP2	HGNC.Current:38724[1];HGNC.Current:38724[1>0];Ensembl.HGNC:121918[3>0]	ENSG00000114126	CURATED:259[0];HGNC.Current:38724[1];HGNC.Current:38724[1>0];Ensembl.HGNC:121918[3>0]
TFEC	HGNC.Current:38728[1];HGNC.Current:38728[1>0];Ensembl.HGNC:64107[3>0]	ENSG00000105967	CURATED:260[0];HGNC.Current:38728[1];HGNC.Current:38728[1>0];Ensembl.HGNC:64107[3>0]
TFECL	HGNC.Current:38728[8];HGNC.Current:38728[8>1];HGNC.Current:38728[1];HGNC.Current:38728[1>0];Ensembl.HGNC:64107[3>0]	ENSG00000105967	CURATED:260[0];HGNC.Current:38728[1];HGNC.Current:38728[1>0];Ensembl.HGNC:64107[3>0]
TFIIIA	HGNC.Current:11034[8];HGNC.Current:11034[8>1];HGNC.Current:11034[1];HGNC.Current:11034[1>0];Ensembl.HGNC:56375[3>0]	ENSG00000122034	CURATED:87[0];HGNC.Current:11034[1];HGNC.Current:11034[1>0];Ensembl.HGNC:56375[3>0]
TFIIIB50	HGNC.Current:2684[8];HGNC.Current:42963[10>1];HGNC.Current:42963[1];HGNC.Current:42963[1>0];Ensembl.HGNC:267292[3>0]	ENSG00000152518	CURATED:274[0];HGNC.Current:42963[1];HGNC.Current:42963[1>0];Ensembl.HGNC:267292[3>0]
Thing1	HGNC.Current:11351[8];HGNC.Current:11351[8>1];HGNC.Current:11351[1];HGNC.Current:11351[1>0];Ensembl.HGNC:178456[3>0]	ENSG00000113196	CURATED:88[0];HGNC.Current:11351[1];HGNC.Current:11351[1>0];Ensembl.HGNC:178456[3>0]
Thing2	HGNC.Current:11352[8];HGNC.Current:11352[8>1];HGNC.Current:11352[1];HGNC.Current:11352[1>0];Ensembl.HGNC:71616[3>0]	ENSG00000164107	CURATED:89[0];HGNC.Current:11352[1];HGNC.Current:11352[1>0];Ensembl.HGNC:71616[3>0]
TIEG	HGNC.Current:14142[10];HGNC.Current:14142[10>1];HGNC.Current:14142[1];HGNC.Current:14142[1>0];Ensembl.HGNC:107950[3>0]	ENSG00000155090	CURATED:140[0];HGNC.Current:14142[1];HGNC.Current:14142[1>0];Ensembl.HGNC:107950[3>0]
TIEG1	HGNC.Current:14142[8];HGNC.Current:14142[8>1];HGNC.Current:14142[1];HGNC.Current:14142[1>0];Ensembl.HGNC:107950[3>0]	ENSG00000155090	CURATED:140[0];HGNC.Current:14142[1];HGNC.Current:14142[1>0];Ensembl.HGNC:107950[3>0]
TINAGL1	HGNC.Current:38928[1];HGNC.Current:38928[1>0];Ensembl.HGNC:175588[3>0]	ENSG00000142910	CURATED:5[0];HGNC.Current:1429[1];HGNC.Current:38928[8>1];HGNC.Current:38928[1];HGNC.Current:38928[1>0];Ensembl.HGNC:175588[3>0]
TINAGRP	HGNC.Current:38928[8];HGNC.Current:38928[8>1];HGNC.Current:38928[1];HGNC.Current:38928[1>0];Ensembl.HGNC:175588[3>0]	ENSG00000142910	CURATED:5[0];HGNC.Current:1429[1];HGNC.Current:38928[8>1];HGNC.Current:38928[1];HGNC.Current:38928[1>0];Ensembl.HGNC:175588[3>0]
TIS11D	HGNC.Current:42963[8];HGNC.Current:42963[8>1];HGNC.Current:42963[1];HGNC.Current:42963[1>0];Ensembl.HGNC:267292[3>0]	ENSG00000152518	CURATED:274[0];HGNC.Current:42963[1];HGNC.Current:42963[1>0];Ensembl.HGNC:267292[3>0]
TIS8	HGNC.Current:7619[8];HGNC.Current:7619[8>1];HGNC.Current:7619[1];HGNC.Current:7619[1>0];Ensembl.HGNC:222433[3>0]	ENSG00000120738	CURATED:40[0];HGNC.Current:7619[1];HGNC.Current:7619[1>0];Ensembl.HGNC:222433[3>0]
TLE3	HGNC.Current:38963[1];HGNC.Current:38963[1>0];Ensembl.HGNC:135860[3>0]	ENSG00000140332	CURATED:261[0];HGNC.Current:38963[1];HGNC.Current:38963[1>0];Ensembl.HGNC:135860[3>0]
TONEBP	HGNC.Current:22649[8];HGNC.Current:22649[8>1];HGNC.Current:22649[1];HGNC.Current:22649[1>0];Ensembl.HGNC:201339[3>0]	ENSG00000102908	CURATED:179[0];HGNC.Current:22649[1];HGNC.Current:22649[1>0];Ensembl.HGNC:201339[3>0]
TOR	HGNC.Current:32139[8];HGNC.Current:32139[8>1];HGNC.Current:32139[1];HGNC.Current:32139[1>0];Ensembl.HGNC:267709[3>0]	ENSG00000143365	CURATED:213[0];HGNC.Current:32139[1];HGNC.Current:32139[1>0];Ensembl.HGNC:267709[3>0]
TOX	HGNC.Current:39612[1];HGNC.Current:39612[1>0];Ensembl.HGNC:45861[3>0]	ENSG00000198846	CURATED:262[0];HGNC.Current:39612[1];HGNC.Current:39612[1>0];Ensembl.HGNC:45861[3>0]
TOX1	HGNC.Current:39612[8];HGNC.Current:39612[8>1];HGNC.Current:39612[1];HGNC.Current:39612[1>0];Ensembl.HGNC:45861[3>0]	ENSG00000198846	CURATED:262[0];HGNC.Current:39612[1];HGNC.Current:39612[1>0];Ensembl.HGNC:45861[3>0]
TReP-132	HGNC.Current:40191[8];HGNC.Current:40191[8>1];HGNC.Current:40191[1];HGNC.Current:40191[1>0];Ensembl.HGNC:169689[3>0]	ENSG00000124496	CURATED:263[0];HGNC.Current:40191[1];HGNC.Current:40191[1>0];Ensembl.HGNC:169689[3>0]
TRERF1	HGNC.Current:40191[1];HGNC.Current:40191[1>0];Ensembl.HGNC:169689[3>0]	ENSG00000124496	CURATED:263[0];HGNC.Current:40191[1];HGNC.Current:40191[1>0];Ensembl.HGNC:169689[3>0]
TTG2	HGNC.Current:17420[8];HGNC.Current:17420[8>1];HGNC.Current:17420[1];HGNC.Current:17420[1>0];Ensembl.HGNC:238384[3>0]	ENSG00000135363	CURATED:153[0];HGNC.Current:17420[1];HGNC.Current:17420[1>0];Ensembl.HGNC:238384[3>0]
TWIST	HGNC.Current:41286[10];HGNC.Current:41286[10>1];HGNC.Current:41286[1];HGNC.Current:41286[1>0];Ensembl.HGNC:22392[3>0]	ENSG00000122691	CURATED:264[0];HGNC.Current:41286[1];HGNC.Current:41286[1>0];Ensembl.HGNC:22392[3>0]
TWIST1	HGNC.Current:41286[1];HGNC.Current:41286[1>0];Ensembl.HGNC:22392[3>0]	ENSG00000122691	CURATED:264[0];HGNC.Current:41286[1];HGNC.Current:41286[1>0];Ensembl.HGNC:22392[3>0]
TWIST2	HGNC.Current:41287[1];HGNC.Current:41287[1>0];Ensembl.HGNC:271493[3>0]	ENSG00000233608	CURATED:265[0];HGNC.Current:41287[1];HGNC.Current:41287[1>0];Ensembl.HGNC:271493[3>0]
TWIST2	HGNC.Current:41287[1];HGNC.Current:41287[1>0];Ensembl.HGNC:26844[3>0]	ENSG00000288335	CURATED:265[0];HGNC.Current:41287[1];HGNC.Current:41287[1>0];Ensembl.HGNC:26844[3>0]
UCK-1	HGNC.Current:4824[8];HGNC.Current:14133[8>1];HGNC.Current:14133[1];HGNC.Current:14133[1>0];Ensembl.HGNC:2993[3>0]	ENSG00000102554	CURATED:23[0];HGNC.Current:4824[1];HGNC.Current:14133[8>1];HGNC.Current:14133[1];HGNC.Current:14133[1>0];Ensembl.HGNC:2993[3>0]
UCK-1	HGNC.Current:4824[8];HGNC.Current:4824[8>1];HGNC.Current:4824[1];HGNC.Current:4824[1>0];Ensembl.HGNC:121272[3>0]	ENSG00000217555	CURATED:23[0];HGNC.Current:4824[1];HGNC.Current:4824[1>0];Ensembl.HGNC:121272[3>0]
UKLF	HGNC.Current:14135[8];HGNC.Current:14135[8>1];HGNC.Current:14135[1];HGNC.Current:14135[1>0];Ensembl.HGNC:265108[3>0]	ENSG00000118263	CURATED:147[0];HGNC.Current:14135[1];HGNC.Current:14135[1>0];Ensembl.HGNC:265108[3>0]
UMS	HGNC.Current:38453[10];HGNC.Withdrawn:3033[2>3];Ensembl.HGNC:101417[3>0]	ENSG00000135111	CURATED:248[0];HGNC.Current:38453[1];HGNC.Current:38453[1>0];Ensembl.HGNC:101417[3>0]
USF2	HGNC.Current:41753[1];HGNC.Current:41753[1>0];Ensembl.HGNC:206880[3>0]	ENSG00000105698	CURATED:266[0];HGNC.Current:41753[1];HGNC.Current:41753[1>0];Ensembl.HGNC:206880[3>0]
UTF1	HGNC.Current:41914[1];HGNC.Current:41914[1>0];Ensembl.HGNC:84471[3>0]	ENSG00000171794	CURATED:267[0];HGNC.Current:41914[1];HGNC.Current:41914[1>0];Ensembl.HGNC:84471[3>0]
VDIR	HGNC.Current:38508[8];HGNC.Current:38508[8>1];HGNC.Current:38508[1];HGNC.Current:38508[1>0];Ensembl.HGNC:224257[3>0]	ENSG00000071564	CURATED:253[0];HGNC.Current:38508[1];HGNC.Current:38508[1>0];Ensembl.HGNC:224257[3>0]
VDIR	HGNC.Current:38508[8];HGNC.Current:38514[10>1];HGNC.Current:38514[1];HGNC.Current:38514[1>0];Ensembl.HGNC:54909[3>0]	ENSG00000152284	CURATED:253[0];HGNC.Current:38508[1];HGNC.Current:38514[10>1];HGNC.Current:38514[1];HGNC.Current:38514[1>0];Ensembl.HGNC:54909[3>0]
VDIR	HGNC.Current:38508[8];HGNC.Current:38514[10>1];HGNC.Current:38514[1];HGNC.Current:38514[1>0];Ensembl.HGNC:85177[3>0]	ENSG00000292149	CURATED:253[0];HGNC.Current:38508[1];HGNC.Current:38514[10>1];HGNC.Current:38514[1];HGNC.Current:38514[1>0];Ensembl.HGNC:85177[3>0]
WAGR	HGNC.Current:24887[8];HGNC.Current:24887[8>1];HGNC.Current:24887[1];HGNC.Current:24887[1>0];Ensembl.HGNC:216546[3>0]	ENSG00000007372	CURATED:198[0];HGNC.Current:24887[1];HGNC.Current:24887[1>0];Ensembl.HGNC:216546[3>0]
WS1	HGNC.Current:24884[10];HGNC.Withdrawn:3086[2>3];Ensembl.HGNC:125892[3>0]	ENSG00000135903	CURATED:196[0];HGNC.Current:24884[1];HGNC.Current:24884[1>0];Ensembl.HGNC:125892[3>0]
WS2	HGNC.Current:20644[10];HGNC.Current:20644[10>1];HGNC.Current:20644[1];HGNC.Current:20644[1>0];Ensembl.HGNC:258015[3>0]	ENSG00000187098	CURATED:169[0];HGNC.Current:20644[1];HGNC.Current:20644[1>0];Ensembl.HGNC:258015[3>0]
WS2A	HGNC.Current:20644[10];HGNC.Withdrawn:3087[2>3];Ensembl.HGNC:258015[3>0]	ENSG00000187098	CURATED:169[0];HGNC.Current:20644[1];HGNC.Current:20644[1>0];Ensembl.HGNC:258015[3>0]
XBP1	HGNC.Current:42573[1];HGNC.Current:42573[1>0];Ensembl.HGNC:102325[3>0]	ENSG00000100219	CURATED:268[0];HGNC.Current:42573[1];HGNC.Current:42573[1>0];Ensembl.HGNC:102325[3>0]
XBP1	HGNC.Current:42573[1];HGNC.Current:42574[10>1];HGNC.Current:42574[1];HGNC.Current:42574[1>0];Ensembl.HGNC:203557[3>0]	ENSG00000249947	CURATED:268[0];HGNC.Current:42573[1];HGNC.Current:42574[10>1];HGNC.Current:42574[1];HGNC.Current:42574[1>0];Ensembl.HGNC:203557[3>0]
XBP1P1	HGNC.Current:42574[1];HGNC.Current:42574[1>0];Ensembl.HGNC:203557[3>0]	ENSG00000249947	CURATED:268[0];HGNC.Current:42573[1];HGNC.Current:42574[10>1];HGNC.Current:42574[1];HGNC.Current:42574[1>0];Ensembl.HGNC:203557[3>0]
XBP2	HGNC.Current:42573[10];HGNC.Current:42573[10>1];HGNC.Current:42573[1];HGNC.Current:42573[1>0];Ensembl.HGNC:102325[3>0]	ENSG00000100219	CURATED:268[0];HGNC.Current:42573[1];HGNC.Current:42573[1>0];Ensembl.HGNC:102325[3>0]
XBP2	HGNC.Current:42573[10];HGNC.Current:42574[10>1];HGNC.Current:42574[1];HGNC.Current:42574[1>0];Ensembl.HGNC:203557[3>0]	ENSG00000249947	CURATED:268[0];HGNC.Current:42573[1];HGNC.Current:42574[10>1];HGNC.Current:42574[1];HGNC.Current:42574[1>0];Ensembl.HGNC:203557[3>0]
XBPP1	HGNC.Current:42574[10];HGNC.Current:42574[10>1];HGNC.Current:42574[1];HGNC.Current:42574[1>0];Ensembl.HGNC:203557[3>0]	ENSG00000249947	CURATED:268[0];HGNC.Current:42573[1];HGNC.Current:42574[10>1];HGNC.Current:42574[1];HGNC.Current:42574[1>0];Ensembl.HGNC:203557[3>0]
XBR	HGNC.Current:28171[8];HGNC.Current:28171[8>1];HGNC.Current:28171[1];HGNC.Current:28171[1>0];Ensembl.HGNC:75638[3>0]	ENSG00000084093	CURATED:210[0];HGNC.Current:28171[1];HGNC.Current:28171[1>0];Ensembl.HGNC:75638[3>0]
XHL	HGNC.Current:38453[8];HGNC.Current:38453[8>1];HGNC.Current:38453[1];HGNC.Current:38453[1>0];Ensembl.HGNC:101417[3>0]	ENSG00000135111	CURATED:248[0];HGNC.Current:38453[1];HGNC.Current:38453[1>0];Ensembl.HGNC:101417[3>0]
XPID	HGNC.Current:9483[8];HGNC.Current:9483[8>1];HGNC.Current:9483[1];HGNC.Current:9483[1>0];Ensembl.HGNC:148487[3>0]	ENSG00000049768	CURATED:74[0];HGNC.Current:9483[1];HGNC.Current:9483[1>0];Ensembl.HGNC:148487[3>0]
YC1	HGNC.Current:27978[8];HGNC.Current:27978[8>1];HGNC.Current:27978[1];HGNC.Current:27978[1>0];Ensembl.HGNC:228378[3>0]	ENSG00000153250	CURATED:209[0];HGNC.Current:27978[1];HGNC.Current:27978[1>0];Ensembl.HGNC:228378[3>0]
ZBTB16	HGNC.Current:42806[1];HGNC.Current:42806[1>0];Ensembl.HGNC:163499[3>0]	ENSG00000109906	CURATED:269[0];HGNC.Current:42806[1];HGNC.Current:42806[1>0];Ensembl.HGNC:163499[3>0]
ZBTB20	HGNC.Current:42809[1];HGNC.Current:42809[1>0];Ensembl.HGNC:244837[3>0]	ENSG00000181722	CURATED:270[0];HGNC.Current:42809[1];HGNC.Current:42809[1>0];Ensembl.HGNC:244837[3>0]
ZC2HC11A	HGNC.Current:42980[8];HGNC.Current:42980[8>1];HGNC.Current:42980[1];HGNC.Current:42980[1>0];Ensembl.HGNC:185219[3>0]	ENSG00000179588	CURATED:275[0];HGNC.Current:42980[1];HGNC.Current:42980[1>0];Ensembl.HGNC:185219[3>0]
ZEB	HGNC.Current:42924[8];HGNC.Current:42924[8>1];HGNC.Current:42924[1];HGNC.Current:42924[1>0];Ensembl.HGNC:92740[3>0]	ENSG00000148516	CURATED:271[0];HGNC.Current:42924[1];HGNC.Current:42924[1>0];Ensembl.HGNC:92740[3>0]
ZEB1	HGNC.Current:42924[1];HGNC.Current:42924[1>0];Ensembl.HGNC:92740[3>0]	ENSG00000148516	CURATED:271[0];HGNC.Current:42924[1];HGNC.Current:42924[1>0];Ensembl.HGNC:92740[3>0]
ZEB2	HGNC.Current:42926[1];HGNC.Current:42926[1>0];Ensembl.HGNC:236783[3>0]	ENSG00000169554	CURATED:272[0];HGNC.Current:42926[1];HGNC.Current:42926[1>0];Ensembl.HGNC:236783[3>0]
Zf9	HGNC.Current:14134[8];HGNC.Current:14134[8>1];HGNC.Current:14134[1];HGNC.Current:14134[1>0];Ensembl.HGNC:9725[3>0]	ENSG00000067082	CURATED:146[0];HGNC.Current:14134[1];HGNC.Current:14134[1>0];Ensembl.HGNC:9725[3>0]
Zfhep	HGNC.Current:42924[8];HGNC.Current:42924[8>1];HGNC.Current:42924[1];HGNC.Current:42924[1>0];Ensembl.HGNC:92740[3>0]	ENSG00000148516	CURATED:271[0];HGNC.Current:42924[1];HGNC.Current:42924[1>0];Ensembl.HGNC:92740[3>0]
Zfhx1a	HGNC.Current:42924[8];HGNC.Current:42924[8>1];HGNC.Current:42924[1];HGNC.Current:42924[1>0];Ensembl.HGNC:92740[3>0]	ENSG00000148516	CURATED:271[0];HGNC.Current:42924[1];HGNC.Current:42924[1>0];Ensembl.HGNC:92740[3>0]
ZFHX1B	HGNC.Current:42926[10];HGNC.Current:42926[10>1];HGNC.Current:42926[1];HGNC.Current:42926[1>0];Ensembl.HGNC:236783[3>0]	ENSG00000169554	CURATED:272[0];HGNC.Current:42926[1];HGNC.Current:42926[1>0];Ensembl.HGNC:236783[3>0]
ZFHX3	HGNC.Current:42949[1];HGNC.Current:42949[1>0];Ensembl.HGNC:42920[3>0]	ENSG00000140836	CURATED:273[0];HGNC.Current:42949[1];HGNC.Current:42949[1>0];Ensembl.HGNC:42920[3>0]
ZFP36L2	HGNC.Current:42963[1];HGNC.Current:42963[1>0];Ensembl.HGNC:267292[3>0]	ENSG00000152518	CURATED:274[0];HGNC.Current:42963[1];HGNC.Current:42963[1>0];Ensembl.HGNC:267292[3>0]
ZFPM1	HGNC.Current:42980[1];HGNC.Current:42980[1>0];Ensembl.HGNC:185219[3>0]	ENSG00000179588	CURATED:275[0];HGNC.Current:42980[1];HGNC.Current:42980[1>0];Ensembl.HGNC:185219[3>0]
ZIF-268	HGNC.Current:7619[8];HGNC.Current:7619[8>1];HGNC.Current:7619[1];HGNC.Current:7619[1>0];Ensembl.HGNC:222433[3>0]	ENSG00000120738	CURATED:40[0];HGNC.Current:7619[1];HGNC.Current:7619[1>0];Ensembl.HGNC:222433[3>0]
ZNF145	HGNC.Current:42806[10];HGNC.Current:42806[10>1];HGNC.Current:42806[1];HGNC.Current:42806[1>0];Ensembl.HGNC:163499[3>0]	ENSG00000109906	CURATED:269[0];HGNC.Current:42806[1];HGNC.Current:42806[1>0];Ensembl.HGNC:163499[3>0]
ZNF163	HGNC.Current:10204[10];HGNC.Withdrawn:3144[2>3];Ensembl.HGNC:265092[3>0]	ENSG00000162676	CURATED:83[0];HGNC.Current:10204[1];HGNC.Current:10204[1>0];Ensembl.HGNC:265092[3>0]
ZNF163B	HGNC.Current:10205[8];HGNC.Current:10205[8>1];HGNC.Current:10205[1];HGNC.Current:10205[1>0];Ensembl.HGNC:87544[3>0]	ENSG00000165702	CURATED:84[0];HGNC.Current:10205[1];HGNC.Current:10205[1>0];Ensembl.HGNC:87544[3>0]
ZNF288	HGNC.Current:42809[10];HGNC.Current:42809[10>1];HGNC.Current:42809[1];HGNC.Current:42809[1>0];Ensembl.HGNC:244837[3>0]	ENSG00000181722	CURATED:270[0];HGNC.Current:42809[1];HGNC.Current:42809[1>0];Ensembl.HGNC:244837[3>0]
ZNF593	HGNC.Current:43496[1];HGNC.Current:43496[1>0];Ensembl.HGNC:276739[3>0]	ENSG00000142684	CURATED:276[0];HGNC.Current:43496[1];HGNC.Current:43496[1>0];Ensembl.HGNC:276739[3>0]
ZNF706	HGNC.Current:43605[1];HGNC.Current:43605[1>0];Ensembl.HGNC:26769[3>0]	ENSG00000120963	CURATED:277[0];HGNC.Current:43605[1];HGNC.Current:43605[1>0];Ensembl.HGNC:26769[3>0]
ZNF741	HGNC.Current:14138[8];HGNC.Current:14138[8>1];HGNC.Current:14138[1];HGNC.Current:14138[1>0];Ensembl.HGNC:17096[3>0]	ENSG00000102349	CURATED:148[0];HGNC.Current:14138[1];HGNC.Current:14138[1>0];Ensembl.HGNC:17096[3>0]
ZNF856	HGNC.Current:2342[8];HGNC.Current:2342[8>1];HGNC.Current:2342[1];HGNC.Current:2342[1>0];Ensembl.HGNC:53924[3>0]	ENSG00000119866	CURATED:12[0];HGNC.Current:2342[1];HGNC.Current:2342[1>0];Ensembl.HGNC:53924[3>0]
ZNF856B	HGNC.Current:2343[10];HGNC.Current:2343[10>1];HGNC.Current:2343[1];HGNC.Current:2343[1>0];Ensembl.HGNC:178608[3>0]	ENSG00000127152	CURATED:13[0];HGNC.Current:2343[1];HGNC.Current:2343[1>0];Ensembl.HGNC:178608[3>0]
ZNF89A	HGNC.Current:42980[8];HGNC.Current:42980[8>1];HGNC.Current:42980[1];HGNC.Current:42980[1>0];Ensembl.HGNC:185219[3>0]	ENSG00000179588	CURATED:275[0];HGNC.Current:42980[1];HGNC.Current:42980[1>0];Ensembl.HGNC:185219[3>0]
ZNF927	HGNC.Current:42949[8];HGNC.Current:42949[8>1];HGNC.Current:42949[1];HGNC.Current:42949[1>0];Ensembl.HGNC:42920[3>0]	ENSG00000140836	CURATED:273[0];HGNC.Current:42949[1];HGNC.Current:42949[1>0];Ensembl.HGNC:42920[3>0]
ZNFN1A1	HGNC.Current:13181[10];HGNC.Current:13181[10>1];HGNC.Current:13181[1];HGNC.Current:13181[1>0];Ensembl.HGNC:188341[3>0]	ENSG00000185811	CURATED:125[0];HGNC.Current:13181[1];HGNC.Current:13181[1>0];Ensembl.HGNC:188341[3>0]
ZNFN1A2	HGNC.Current:13182[10];HGNC.Current:13182[10>1];HGNC.Current:13182[1];HGNC.Current:13182[1>0];Ensembl.HGNC:273958[3>0]	ENSG00000030419	CURATED:126[0];HGNC.Current:13182[1];HGNC.Current:13182[1>0];Ensembl.HGNC:273958[3>0]
ZT86	HGNC.Current:43496[8];HGNC.Current:43496[8>1];HGNC.Current:43496[1];HGNC.Current:43496[1>0];Ensembl.HGNC:276739[3>0]	ENSG00000142684	CURATED:276[0];HGNC.Current:43496[1];HGNC.Current:43496[1>0];Ensembl.HGNC:276739[3>0]
