name	source	ensembl_gene	ensembl_source
NM_000045	Ensembl.RefSeq_mRNA:230243[1];Ensembl.RefSeq_mRNA:230243[1>0]	ENSG00000118520	CURATED:5[0];HGNC.Current:1429[1];HGNC.Current:1429[1>0];Ensembl.HGNC:210990[3>0]
NM_000192	Ensembl.RefSeq_mRNA:113787[1];Ensembl.RefSeq_mRNA:113787[1>0]	ENSG00000089225	CURATED:250[0];HGNC.Current:38456[1];HGNC.Current:38456[1>0];Ensembl.HGNC:105693[3>0]
NM_000248	Ensembl.RefSeq_mRNA:282341[1];Ensembl.RefSeq_mRNA:282341[1>0]	ENSG00000187098	CURATED:169[0];HGNC.Current:20644[1];HGNC.Current:20644[1>0];Ensembl.HGNC:258015[3>0]
NM_000278	Ensembl.RefSeq_mRNA:189472[1];Ensembl.RefSeq_mRNA:189472[1>0]	ENSG00000075891	CURATED:195[0];HGNC.Current:24883[1];HGNC.Current:24883[1>0];Ensembl.HGNC:174222[3>0]
NM_000280	Ensembl.RefSeq_mRNA:238237[1];Ensembl.RefSeq_mRNA:238237[1>0]	ENSG00000007372	CURATED:198[0];HGNC.Current:24887[1];HGNC.Current:24887[1>0];Ensembl.HGNC:216546[3>0]
NM_000346	Ensembl.RefSeq_mRNA:77633[1];Ensembl.RefSeq_mRNA:77633[1>0]	ENSG00000125398	CURATED:233[0];HGNC.Current:37143[1];HGNC.Current:37143[1>0];Ensembl.HGNC:72413[3>0]
NM_000399	Ensembl.RefSeq_mRNA:123346[1];Ensembl.RefSeq_mRNA:123346[1>0]	ENSG00000122877	CURATED:41[0];HGNC.Current:7620[1];HGNC.Current:7620[1>0];Ensembl.HGNC:114586[3>0]
NM_000438	Ensembl.RefSeq_mRNA:135947[1];Ensembl.RefSeq_mRNA:135947[1>0]	ENSG00000135903	CURATED:196[0];HGNC.Current:24884[1];HGNC.Current:24884[1>0];Ensembl.HGNC:125892[3>0]
NM_000457	Ensembl.RefSeq_mRNA:134444[1];Ensembl.RefSeq_mRNA:134444[1>0]	ENSG00000101076	CURATED:100[0];HGNC.Current:11954[1];HGNC.Current:11954[1>0];Ensembl.HGNC:124322[3>0]
NM_000474	Ensembl.RefSeq_mRNA:23881[1];Ensembl.RefSeq_mRNA:23881[1>0]	ENSG00000122691	CURATED:264[0];HGNC.Current:41286[1];HGNC.Current:41286[1>0];Ensembl.HGNC:22392[3>0]
NM_000964	Ensembl.RefSeq_mRNA:46246[1];Ensembl.RefSeq_mRNA:46246[1>0]	ENSG00000131759	CURATED:206[0];HGNC.Current:27801[1];HGNC.Current:27801[1>0];Ensembl.HGNC:42605[3>0]
NM_000965	Ensembl.RefSeq_mRNA:235597[1];Ensembl.RefSeq_mRNA:235597[1>0]	ENSG00000077092	CURATED:207[0];HGNC.Current:27803[1];HGNC.Current:27803[1>0];Ensembl.HGNC:215599[3>0]
NM_000966	Ensembl.RefSeq_mRNA:52859[1];Ensembl.RefSeq_mRNA:52859[1>0]	ENSG00000172819	CURATED:208[0];HGNC.Current:27805[1];HGNC.Current:27805[1>0];Ensembl.HGNC:49004[3>0]
NM_001001523	Ensembl.RefSeq_mRNA:293368[1];Ensembl.RefSeq_mRNA:293368[1>0]	ENSG00000143365	CURATED:213[0];HGNC.Current:32139[1];HGNC.Current:32139[1>0];Ensembl.HGNC:267709[3>0]
NM_001001890	Ensembl.RefSeq_mRNA:41563[1];Ensembl.RefSeq_mRNA:41563[1>0]	ENSG00000159216	CURATED:214[0];HGNC.Current:34448[1];HGNC.Current:34448[1>0];Ensembl.HGNC:38975[3>0]
NM_001002295	Ensembl.RefSeq_mRNA:161306[1];Ensembl.RefSeq_mRNA:161306[1>0]	ENSG00000107485	CURATED:78[0];HGNC.Current:10070[1];HGNC.Current:10070[1>0];Ensembl.HGNC:149020[3>0]
NM_001003845	Ensembl.RefSeq_mRNA:274471[1];Ensembl.RefSeq_mRNA:274471[1>0]	ENSG00000204335	CURATED:236[0];HGNC.Current:37164[1];HGNC.Current:37164[1>0];Ensembl.HGNC:251313[3>0]
NM_001005463	Ensembl.RefSeq_mRNA:101000[1];Ensembl.RefSeq_mRNA:101000[1>0]	ENSG00000108001	CURATED:38[0];HGNC.Current:7391[1];HGNC.Current:7391[1>0];Ensembl.HGNC:94333[3>0]
NM_001008541	Ensembl.RefSeq_mRNA:79792[1];Ensembl.RefSeq_mRNA:79792[1>0]	ENSG00000119950	CURATED:174[0];HGNC.Current:21940[1];HGNC.Current:21940[1>0];Ensembl.HGNC:73472[3>0]
NM_001010926	Ensembl.RefSeq_mRNA:42756[1];Ensembl.RefSeq_mRNA:42756[1>0]	ENSG00000197921	CURATED:92[0];HGNC.Current:11567[1];HGNC.Current:11567[1>0];Ensembl.HGNC:39975[3>0]
NM_001010926	Ensembl.RefSeq_mRNA:42756[1];Ensembl.RefSeq_mRNA:80445[1>0]	ENSG00000273529	CURATED:92[0];HGNC.Current:11567[1];HGNC.Current:11567[1>0];Ensembl.HGNC:75106[3>0]
NM_001012505	Ensembl.RefSeq_mRNA:221705[1];Ensembl.RefSeq_mRNA:221705[1>0]	ENSG00000114861	CURATED:73[0];HGNC.Current:9478[1];HGNC.Current:9478[1>0];Ensembl.HGNC:201807[3>0]
NM_001015051	Ensembl.RefSeq_mRNA:28052[1];Ensembl.RefSeq_mRNA:28052[1>0]	ENSG00000124813	CURATED:215[0];HGNC.Current:34452[1];HGNC.Current:34452[1>0];Ensembl.HGNC:25880[3>0]
NM_001017371	Ensembl.RefSeq_mRNA:236830[1];Ensembl.RefSeq_mRNA:236830[1>0]	ENSG00000172845	CURATED:234[0];HGNC.Current:37161[1];HGNC.Current:37161[1>0];Ensembl.HGNC:217108[3>0]
NM_001018011	Ensembl.RefSeq_mRNA:177307[1];Ensembl.RefSeq_mRNA:177307[1>0]	ENSG00000109906	CURATED:269[0];HGNC.Current:42806[1];HGNC.Current:42806[1>0];Ensembl.HGNC:163499[3>0]
NM_001018058	Ensembl.RefSeq_mRNA:68563[1];Ensembl.RefSeq_mRNA:68563[1>0]	ENSG00000105967	CURATED:260[0];HGNC.Current:38728[1];HGNC.Current:38728[1>0];Ensembl.HGNC:64107[3>0]
NM_001024598	Ensembl.RefSeq_mRNA:300315[1];Ensembl.RefSeq_mRNA:300315[1>0]	ENSG00000173673	CURATED:91[0];HGNC.Current:11565[1];HGNC.Current:11565[1>0];Ensembl.HGNC:274092[3>0]
NM_001024630	Ensembl.RefSeq_mRNA:27957[1];Ensembl.RefSeq_mRNA:27957[1>0]	ENSG00000124813	CURATED:215[0];HGNC.Current:34452[1];HGNC.Current:34452[1>0];Ensembl.HGNC:25880[3>0]
NM_001024809	Ensembl.RefSeq_mRNA:46296[1];Ensembl.RefSeq_mRNA:46296[1>0]	ENSG00000131759	CURATED:206[0];HGNC.Current:27801[1];HGNC.Current:27801[1>0];Ensembl.HGNC:42605[3>0]
NM_001030003	Ensembl.RefSeq_mRNA:134438[1];Ensembl.RefSeq_mRNA:134438[1>0]	ENSG00000101076	CURATED:100[0];HGNC.Current:11954[1];HGNC.Current:11954[1>0];Ensembl.HGNC:124322[3>0]
NM_001030004	Ensembl.RefSeq_mRNA:134432[1];Ensembl.RefSeq_mRNA:134432[1>0]	ENSG00000101076	CURATED:100[0];HGNC.Current:11954[1];HGNC.Current:11954[1>0];Ensembl.HGNC:124322[3>0]
NM_001031680	Ensembl.RefSeq_mRNA:299628[1];Ensembl.RefSeq_mRNA:299628[1>0]	ENSG00000020633	CURATED:216[0];HGNC.Current:34454[1];HGNC.Current:34454[1>0];Ensembl.HGNC:273507[3>0]
NM_001031804	Ensembl.RefSeq_mRNA:36960[1];Ensembl.RefSeq_mRNA:36960[1>0]	ENSG00000178573	CURATED:158[0];HGNC.Current:17873[1];HGNC.Current:17873[1>0];Ensembl.HGNC:34664[3>0]
NM_001032280	Ensembl.RefSeq_mRNA:111214[1];Ensembl.RefSeq_mRNA:111214[1>0]	ENSG00000137203	CURATED:256[0];HGNC.Current:38706[1];HGNC.Current:38706[1>0];Ensembl.HGNC:103510[3>0]
NM_001032282	Ensembl.RefSeq_mRNA:115788[1];Ensembl.RefSeq_mRNA:115788[1>0]	ENSG00000155090	CURATED:140[0];HGNC.Current:14142[1];HGNC.Current:14142[1>0];Ensembl.HGNC:107950[3>0]
NM_001040002	Ensembl.RefSeq_mRNA:272635[1];Ensembl.RefSeq_mRNA:272635[1>0]	ENSG00000005102	CURATED:166[0];HGNC.Current:18417[1];HGNC.Current:18417[1>0];Ensembl.HGNC:249646[3>0]
NM_001040138	Ensembl.RefSeq_mRNA:130749[1];Ensembl.RefSeq_mRNA:130749[1>0]	ENSG00000217555	CURATED:23[0];HGNC.Current:4824[1];HGNC.Current:4824[1>0];Ensembl.HGNC:121272[3>0]
NM_001042425	Ensembl.RefSeq_mRNA:111296[1];Ensembl.RefSeq_mRNA:111296[1>0]	ENSG00000137203	CURATED:256[0];HGNC.Current:38706[1];HGNC.Current:38706[1>0];Ensembl.HGNC:103510[3>0]
NM_001042483	Ensembl.RefSeq_mRNA:139411[1];Ensembl.RefSeq_mRNA:139411[1>0]	ENSG00000176046	CURATED:191[0];HGNC.Current:23426[1];HGNC.Current:23426[1>0];Ensembl.HGNC:129412[3>0]
NM_001042510	Ensembl.RefSeq_mRNA:28669[1];Ensembl.RefSeq_mRNA:28669[1>0]	ENSG00000120963	CURATED:277[0];HGNC.Current:43605[1];HGNC.Current:43605[1>0];Ensembl.HGNC:26769[3>0]
NM_001042728	Ensembl.RefSeq_mRNA:52888[1];Ensembl.RefSeq_mRNA:52888[1>0]	ENSG00000172819	CURATED:208[0];HGNC.Current:27805[1];HGNC.Current:27805[1>0];Ensembl.HGNC:49004[3>0]
NM_001079526	Ensembl.RefSeq_mRNA:300191[1];Ensembl.RefSeq_mRNA:300191[1>0]	ENSG00000030419	CURATED:126[0];HGNC.Current:13182[1];HGNC.Current:13182[1>0];Ensembl.HGNC:273958[3>0]
NM_001079539	Ensembl.RefSeq_mRNA:109960[1];Ensembl.RefSeq_mRNA:109960[1>0]	ENSG00000100219	CURATED:268[0];HGNC.Current:42573[1];HGNC.Current:42573[1>0];Ensembl.HGNC:102325[3>0]
NM_001080416	Ensembl.RefSeq_mRNA:123121[1];Ensembl.RefSeq_mRNA:123121[1>0]	ENSG00000185697	CURATED:176[0];HGNC.Current:21954[1];HGNC.Current:21954[1>0];Ensembl.HGNC:114079[3>0]
NM_001080547	Ensembl.RefSeq_mRNA:279338[1];Ensembl.RefSeq_mRNA:279338[1>0]	ENSG00000066336	CURATED:239[0];HGNC.Current:37337[1];HGNC.Current:37337[1>0];Ensembl.HGNC:255480[3>0]
NM_001083962	Ensembl.RefSeq_mRNA:18988[1];Ensembl.RefSeq_mRNA:18988[1>0]	ENSG00000196628	CURATED:254[0];HGNC.Current:38510[1];HGNC.Current:38510[1>0];Ensembl.HGNC:12536[3>0]
NM_001098209	Ensembl.RefSeq_mRNA:289336[1];Ensembl.RefSeq_mRNA:289336[1>0]	ENSG00000168036	CURATED:26[0];HGNC.Current:5816[1];HGNC.Current:5816[1>0];Ensembl.HGNC:263315[3>0]
NM_001098210	Ensembl.RefSeq_mRNA:289237[1];Ensembl.RefSeq_mRNA:289237[1>0]	ENSG00000168036	CURATED:26[0];HGNC.Current:5816[1];HGNC.Current:5816[1>0];Ensembl.HGNC:263315[3>0]
NM_001105192	Ensembl.RefSeq_mRNA:150170[1];Ensembl.RefSeq_mRNA:150170[1>0]	ENSG00000140332	CURATED:261[0];HGNC.Current:38963[1];HGNC.Current:38963[1>0];Ensembl.HGNC:135860[3>0]
NM_001110514	Ensembl.RefSeq_mRNA:125741[1];Ensembl.RefSeq_mRNA:125741[1>0]	ENSG00000088881	CURATED:39[0];HGNC.Current:7393[1];HGNC.Current:7393[1>0];Ensembl.HGNC:116723[3>0]
NM_001113178	Ensembl.RefSeq_mRNA:219805[1];Ensembl.RefSeq_mRNA:219805[1>0]	ENSG00000102908	CURATED:179[0];HGNC.Current:22649[1];HGNC.Current:22649[1>0];Ensembl.HGNC:201339[3>0]
NM_001114171	Ensembl.RefSeq_mRNA:258286[1];Ensembl.RefSeq_mRNA:258286[1>0]	ENSG00000125740	CURATED:58[0];HGNC.Current:9415[1];HGNC.Current:9415[1>0];Ensembl.HGNC:236716[3>0]
NM_001114377	Ensembl.RefSeq_mRNA:161188[1];Ensembl.RefSeq_mRNA:161188[1>0]	ENSG00000049768	CURATED:74[0];HGNC.Current:9483[1];HGNC.Current:9483[1>0];Ensembl.HGNC:148487[3>0]
NM_001122607	Ensembl.RefSeq_mRNA:41595[1];Ensembl.RefSeq_mRNA:41595[1>0]	ENSG00000159216	CURATED:214[0];HGNC.Current:34448[1];HGNC.Current:34448[1>0];Ensembl.HGNC:38975[3>0]
NM_001127215	Ensembl.RefSeq_mRNA:290385[1];Ensembl.RefSeq_mRNA:290385[1>0]	ENSG00000162676	CURATED:83[0];HGNC.Current:10204[1];HGNC.Current:10204[1>0];Ensembl.HGNC:265092[3>0]
NM_001127216	Ensembl.RefSeq_mRNA:290386[1];Ensembl.RefSeq_mRNA:290386[1>0]	ENSG00000162676	CURATED:83[0];HGNC.Current:10204[1];HGNC.Current:10204[1>0];Ensembl.HGNC:265092[3>0]
NM_001127366	Ensembl.RefSeq_mRNA:135895[1];Ensembl.RefSeq_mRNA:135895[1>0]	ENSG00000135903	CURATED:196[0];HGNC.Current:24884[1];HGNC.Current:24884[1>0];Ensembl.HGNC:125892[3>0]
NM_001127612	Ensembl.RefSeq_mRNA:238291[1];Ensembl.RefSeq_mRNA:238291[1>0]	ENSG00000007372	CURATED:198[0];HGNC.Current:24887[1];HGNC.Current:24887[1>0];Ensembl.HGNC:216546[3>0]
NM_001128128	Ensembl.RefSeq_mRNA:99866[1];Ensembl.RefSeq_mRNA:99866[1>0]	ENSG00000148516	CURATED:271[0];HGNC.Current:42924[1];HGNC.Current:42924[1>0];Ensembl.HGNC:92740[3>0]
NM_001130172	Ensembl.RefSeq_mRNA:247705[1];Ensembl.RefSeq_mRNA:247705[1>0]	ENSG00000118513	CURATED:175[0];HGNC.Current:21951[1];HGNC.Current:21951[1>0];Ensembl.HGNC:222938[3>0]
NM_001130173	Ensembl.RefSeq_mRNA:247699[1];Ensembl.RefSeq_mRNA:247699[1>0]	ENSG00000118513	CURATED:175[0];HGNC.Current:21951[1];HGNC.Current:21951[1>0];Ensembl.HGNC:222938[3>0]
NM_001130713	Ensembl.RefSeq_mRNA:123671[1];Ensembl.RefSeq_mRNA:123671[1>0]	ENSG00000138795	CURATED:150[0];HGNC.Current:14850[1];HGNC.Current:14850[1>0];Ensembl.HGNC:114307[3>0]
NM_001130714	Ensembl.RefSeq_mRNA:123412[1];Ensembl.RefSeq_mRNA:123412[1>0]	ENSG00000138795	CURATED:150[0];HGNC.Current:14850[1];HGNC.Current:14850[1>0];Ensembl.HGNC:114307[3>0]
NM_001130926	Ensembl.RefSeq_mRNA:191357[1];Ensembl.RefSeq_mRNA:191357[1>0]	ENSG00000068305	CURATED:161[0];HGNC.Current:18376[1];HGNC.Current:18376[1>0];Ensembl.HGNC:175896[3>0]
NM_001130927	Ensembl.RefSeq_mRNA:191275[1];Ensembl.RefSeq_mRNA:191275[1>0]	ENSG00000068305	CURATED:161[0];HGNC.Current:18376[1];HGNC.Current:18376[1>0];Ensembl.HGNC:175896[3>0]
NM_001130928	Ensembl.RefSeq_mRNA:191346[1];Ensembl.RefSeq_mRNA:191346[1>0]	ENSG00000068305	CURATED:161[0];HGNC.Current:18376[1];HGNC.Current:18376[1>0];Ensembl.HGNC:175896[3>0]
NM_001131005	Ensembl.RefSeq_mRNA:284177[1];Ensembl.RefSeq_mRNA:284177[1>0]	ENSG00000081189	CURATED:162[0];HGNC.Current:18379[1];HGNC.Current:18379[1>0];Ensembl.HGNC:259555[3>0]
NM_001131010	Ensembl.RefSeq_mRNA:259483[1];Ensembl.RefSeq_mRNA:259483[1>0]	ENSG00000182568	CURATED:220[0];HGNC.Current:34631[1];HGNC.Current:34631[1>0];Ensembl.HGNC:237609[3>0]
NM_001134222	Ensembl.RefSeq_mRNA:234738[1];Ensembl.RefSeq_mRNA:234738[1>0]	ENSG00000170561	CURATED:132[0];HGNC.Current:13518[1];HGNC.Current:13518[1>0];Ensembl.HGNC:215180[3>0]
NM_001134462	Ensembl.RefSeq_mRNA:298083[1];Ensembl.RefSeq_mRNA:298083[1>0]	ENSG00000214513	CURATED:188[0];HGNC.Current:22989[1];HGNC.Current:22989[1>0];Ensembl.HGNC:272078[3>0]
NM_001134673	Ensembl.RefSeq_mRNA:296085[1];Ensembl.RefSeq_mRNA:296085[1>0]	ENSG00000162599	CURATED:183[0];HGNC.Current:22664[1];HGNC.Current:22664[1>0];Ensembl.HGNC:270168[3>0]
NM_001134851	Ensembl.RefSeq_mRNA:281102[1];Ensembl.RefSeq_mRNA:281102[1>0]	ENSG00000081059	CURATED:255[0];HGNC.Current:38513[1];HGNC.Current:38513[1>0];Ensembl.HGNC:256964[3>0]
NM_001135031	Ensembl.RefSeq_mRNA:93794[1];Ensembl.RefSeq_mRNA:93794[1>0]	ENSG00000165702	CURATED:84[0];HGNC.Current:10205[1];HGNC.Current:10205[1>0];Ensembl.HGNC:87544[3>0]
NM_001136023	Ensembl.RefSeq_mRNA:176581[1];Ensembl.RefSeq_mRNA:176581[1>0]	ENSG00000123405	CURATED:181[0];HGNC.Current:22656[1];HGNC.Current:22656[1>0];Ensembl.HGNC:162846[3>0]
NM_001136139	Ensembl.RefSeq_mRNA:244917[1];Ensembl.RefSeq_mRNA:244917[1>0]	ENSG00000071564	CURATED:253[0];HGNC.Current:38508[1];HGNC.Current:38508[1>0];Ensembl.HGNC:224257[3>0]
NM_001136154	Ensembl.RefSeq_mRNA:17012[1];Ensembl.RefSeq_mRNA:17012[1>0]	ENSG00000157554	CURATED:49[0];HGNC.Current:8145[1];HGNC.Current:8145[1>0];Ensembl.HGNC:15734[3>0]
NM_001136155	Ensembl.RefSeq_mRNA:17046[1];Ensembl.RefSeq_mRNA:17046[1>0]	ENSG00000157554	CURATED:49[0];HGNC.Current:8145[1];HGNC.Current:8145[1>0];Ensembl.HGNC:15734[3>0]
NM_001136177	Ensembl.RefSeq_mRNA:123353[1];Ensembl.RefSeq_mRNA:123353[1>0]	ENSG00000122877	CURATED:41[0];HGNC.Current:7620[1];HGNC.Current:7620[1>0];Ensembl.HGNC:114586[3>0]
NM_001136178	Ensembl.RefSeq_mRNA:123352[1];Ensembl.RefSeq_mRNA:123352[1>0]	ENSG00000122877	CURATED:41[0];HGNC.Current:7620[1];HGNC.Current:7620[1>0];Ensembl.HGNC:114586[3>0]
NM_001136179	Ensembl.RefSeq_mRNA:123360[1];Ensembl.RefSeq_mRNA:123360[1>0]	ENSG00000122877	CURATED:41[0];HGNC.Current:7620[1];HGNC.Current:7620[1>0];Ensembl.HGNC:114586[3>0]
NM_001142315	Ensembl.RefSeq_mRNA:260279[1];Ensembl.RefSeq_mRNA:260279[1>0]	ENSG00000135363	CURATED:153[0];HGNC.Current:17420[1];HGNC.Current:17420[1>0];Ensembl.HGNC:238384[3>0]
NM_001142316	Ensembl.RefSeq_mRNA:260280[1];Ensembl.RefSeq_mRNA:260280[1>0]	ENSG00000135363	CURATED:153[0];HGNC.Current:17420[1];HGNC.Current:17420[1>0];Ensembl.HGNC:238384[3>0]
NM_001142853	Ensembl.RefSeq_mRNA:129970[1];Ensembl.RefSeq_mRNA:129970[1>0]	ENSG00000144485	CURATED:93[0];HGNC.Current:11568[1];HGNC.Current:11568[1>0];Ensembl.HGNC:120592[3>0]
NM_001143820	Ensembl.RefSeq_mRNA:264179[1];Ensembl.RefSeq_mRNA:264179[1>0]	ENSG00000134954	CURATED:50[0];HGNC.Current:8351[1];HGNC.Current:8351[1>0];Ensembl.HGNC:242014[3>0]
NM_001144755	Ensembl.RefSeq_mRNA:123172[1];Ensembl.RefSeq_mRNA:123172[1>0]	ENSG00000185697	CURATED:176[0];HGNC.Current:21954[1];HGNC.Current:21954[1>0];Ensembl.HGNC:114079[3>0]
NM_001145155	Ensembl.RefSeq_mRNA:50848[1];Ensembl.RefSeq_mRNA:50848[1>0]	ENSG00000185551	CURATED:190[0];HGNC.Current:23168[1];HGNC.Current:23168[1>0];Ensembl.HGNC:47561[3>0]
NM_001145156	Ensembl.RefSeq_mRNA:50933[1];Ensembl.RefSeq_mRNA:50933[1>0]	ENSG00000185551	CURATED:190[0];HGNC.Current:23168[1];HGNC.Current:23168[1>0];Ensembl.HGNC:47561[3>0]
NM_001145157	Ensembl.RefSeq_mRNA:50927[1];Ensembl.RefSeq_mRNA:50927[1>0]	ENSG00000185551	CURATED:190[0];HGNC.Current:23168[1];HGNC.Current:23168[1>0];Ensembl.HGNC:47561[3>0]
NM_001145301	Ensembl.RefSeq_mRNA:46255[1];Ensembl.RefSeq_mRNA:46255[1>0]	ENSG00000131759	CURATED:206[0];HGNC.Current:27801[1];HGNC.Current:27801[1>0];Ensembl.HGNC:42605[3>0]
NM_001145302	Ensembl.RefSeq_mRNA:46262[1];Ensembl.RefSeq_mRNA:46262[1>0]	ENSG00000131759	CURATED:206[0];HGNC.Current:27801[1];HGNC.Current:27801[1>0];Ensembl.HGNC:42605[3>0]
NM_001145353	Ensembl.RefSeq_mRNA:3008[1];Ensembl.RefSeq_mRNA:3008[1>0]	ENSG00000120690	CURATED:42[0];HGNC.Current:7810[1];HGNC.Current:7810[1>0];Ensembl.HGNC:2739[3>0]
NM_001145412	Ensembl.RefSeq_mRNA:285419[1];Ensembl.RefSeq_mRNA:285419[1>0]	ENSG00000116044	CURATED:182[0];HGNC.Current:22659[1];HGNC.Current:22659[1>0];Ensembl.HGNC:260805[3>0]
NM_001145413	Ensembl.RefSeq_mRNA:285442[1];Ensembl.RefSeq_mRNA:285442[1>0]	ENSG00000116044	CURATED:182[0];HGNC.Current:22659[1];HGNC.Current:22659[1>0];Ensembl.HGNC:260805[3>0]
NM_001145459	Ensembl.RefSeq_mRNA:233902[1];Ensembl.RefSeq_mRNA:233902[1>0]	ENSG00000171476	CURATED:101[0];HGNC.Current:12128[1];HGNC.Current:12128[1>0];Ensembl.HGNC:214506[3>0]
NM_001145460	Ensembl.RefSeq_mRNA:233867[1];Ensembl.RefSeq_mRNA:233867[1>0]	ENSG00000171476	CURATED:101[0];HGNC.Current:12128[1];HGNC.Current:12128[1>0];Ensembl.HGNC:214506[3>0]
NM_001145511	Ensembl.RefSeq_mRNA:296072[1];Ensembl.RefSeq_mRNA:296072[1>0]	ENSG00000162599	CURATED:183[0];HGNC.Current:22664[1];HGNC.Current:22664[1>0];Ensembl.HGNC:270168[3>0]
NM_001145512	Ensembl.RefSeq_mRNA:296076[1];Ensembl.RefSeq_mRNA:296076[1>0]	ENSG00000162599	CURATED:183[0];HGNC.Current:22664[1];HGNC.Current:22664[1>0];Ensembl.HGNC:270168[3>0]
NM_001145661	Ensembl.RefSeq_mRNA:281345[1];Ensembl.RefSeq_mRNA:281345[1>0]	ENSG00000179348	CURATED:77[0];HGNC.Current:10068[1];HGNC.Current:10068[1>0];Ensembl.HGNC:257262[3>0]
NM_001145662	Ensembl.RefSeq_mRNA:281365[1];Ensembl.RefSeq_mRNA:281365[1>0]	ENSG00000179348	CURATED:77[0];HGNC.Current:10068[1];HGNC.Current:10068[1>0];Ensembl.HGNC:257262[3>0]
NM_001145811	Ensembl.RefSeq_mRNA:205501[1];Ensembl.RefSeq_mRNA:205501[1>0]	ENSG00000110693	CURATED:231[0];HGNC.Current:37140[1];HGNC.Current:37140[1>0];Ensembl.HGNC:188565[3>0]
NM_001145819	Ensembl.RefSeq_mRNA:205528[1];Ensembl.RefSeq_mRNA:205528[1>0]	ENSG00000110693	CURATED:231[0];HGNC.Current:37140[1];HGNC.Current:37140[1>0];Ensembl.HGNC:188565[3>0]
NM_001146274	Ensembl.RefSeq_mRNA:169088[1];Ensembl.RefSeq_mRNA:169088[1>0]	ENSG00000148737	CURATED:254[0];HGNC.Current:38510[1];HGNC.Current:38516[10>1];HGNC.Current:38516[1];HGNC.Current:38516[1>0];Ensembl.HGNC:152776[3>0]
NM_001146283	Ensembl.RefSeq_mRNA:169207[1];Ensembl.RefSeq_mRNA:169207[1>0]	ENSG00000148737	CURATED:254[0];HGNC.Current:38510[1];HGNC.Current:38516[10>1];HGNC.Current:38516[1];HGNC.Current:38516[1>0];Ensembl.HGNC:152776[3>0]
NM_001146284	Ensembl.RefSeq_mRNA:169384[1];Ensembl.RefSeq_mRNA:169384[1>0]	ENSG00000148737	CURATED:254[0];HGNC.Current:38510[1];HGNC.Current:38516[10>1];HGNC.Current:38516[1];HGNC.Current:38516[1>0];Ensembl.HGNC:152776[3>0]
NM_001146285	Ensembl.RefSeq_mRNA:169097[1];Ensembl.RefSeq_mRNA:169097[1>0]	ENSG00000148737	CURATED:254[0];HGNC.Current:38510[1];HGNC.Current:38516[10>1];HGNC.Current:38516[1];HGNC.Current:38516[1>0];Ensembl.HGNC:152776[3>0]
NM_001146286	Ensembl.RefSeq_mRNA:169208[1];Ensembl.RefSeq_mRNA:169208[1>0]	ENSG00000148737	CURATED:254[0];HGNC.Current:38510[1];HGNC.Current:38516[10>1];HGNC.Current:38516[1];HGNC.Current:38516[1>0];Ensembl.HGNC:152776[3>0]
NM_001146340	Ensembl.RefSeq_mRNA:44854[1];Ensembl.RefSeq_mRNA:44854[1>0]	ENSG00000229544	CURATED:186[0];HGNC.Current:22804[1];HGNC.Current:22804[1>0];Ensembl.HGNC:41996[3>0]
NM_001159296	Ensembl.RefSeq_mRNA:18286[1];Ensembl.RefSeq_mRNA:18286[1>0]	ENSG00000102349	CURATED:148[0];HGNC.Current:14138[1];HGNC.Current:14138[1>0];Ensembl.HGNC:17096[3>0]
NM_001160124	Ensembl.RefSeq_mRNA:10368[1];Ensembl.RefSeq_mRNA:10368[1>0]	ENSG00000067082	CURATED:146[0];HGNC.Current:14134[1];HGNC.Current:14134[1>0];Ensembl.HGNC:9725[3>0]
NM_001160125	Ensembl.RefSeq_mRNA:10401[1];Ensembl.RefSeq_mRNA:10401[1>0]	ENSG00000067082	CURATED:146[0];HGNC.Current:14134[1];HGNC.Current:14134[1>0];Ensembl.HGNC:9725[3>0]
NM_001161656	Ensembl.RefSeq_mRNA:248940[1];Ensembl.RefSeq_mRNA:248940[1>0]	ENSG00000118513	CURATED:175[0];HGNC.Current:21951[1];HGNC.Current:21951[1>0];Ensembl.HGNC:222938[3>0]
NM_001161657	Ensembl.RefSeq_mRNA:248747[1];Ensembl.RefSeq_mRNA:248747[1>0]	ENSG00000118513	CURATED:175[0];HGNC.Current:21951[1];HGNC.Current:21951[1>0];Ensembl.HGNC:222938[3>0]
NM_001161658	Ensembl.RefSeq_mRNA:248965[1];Ensembl.RefSeq_mRNA:248965[1>0]	ENSG00000118513	CURATED:175[0];HGNC.Current:21951[1];HGNC.Current:21951[1>0];Ensembl.HGNC:222938[3>0]
NM_001161659	Ensembl.RefSeq_mRNA:248962[1];Ensembl.RefSeq_mRNA:248962[1>0]	ENSG00000118513	CURATED:175[0];HGNC.Current:21951[1];HGNC.Current:21951[1>0];Ensembl.HGNC:222938[3>0]
NM_001161660	Ensembl.RefSeq_mRNA:248959[1];Ensembl.RefSeq_mRNA:248959[1>0]	ENSG00000118513	CURATED:175[0];HGNC.Current:21951[1];HGNC.Current:21951[1>0];Ensembl.HGNC:222938[3>0]
NM_001162422	Ensembl.RefSeq_mRNA:264125[1];Ensembl.RefSeq_mRNA:264125[1>0]	ENSG00000134954	CURATED:50[0];HGNC.Current:8351[1];HGNC.Current:8351[1>0];Ensembl.HGNC:242014[3>0]
NM_001164342	Ensembl.RefSeq_mRNA:267152[1];Ensembl.RefSeq_mRNA:267152[1>0]	ENSG00000181722	CURATED:270[0];HGNC.Current:42809[1];HGNC.Current:42809[1>0];Ensembl.HGNC:244837[3>0]
NM_001164343	Ensembl.RefSeq_mRNA:267128[1];Ensembl.RefSeq_mRNA:267128[1>0]	ENSG00000181722	CURATED:270[0];HGNC.Current:42809[1];HGNC.Current:42809[1>0];Ensembl.HGNC:244837[3>0]
NM_001164344	Ensembl.RefSeq_mRNA:267148[1];Ensembl.RefSeq_mRNA:267148[1>0]	ENSG00000181722	CURATED:270[0];HGNC.Current:42809[1];HGNC.Current:42809[1>0];Ensembl.HGNC:244837[3>0]
NM_001164345	Ensembl.RefSeq_mRNA:267138[1];Ensembl.RefSeq_mRNA:267138[1>0]	ENSG00000181722	CURATED:270[0];HGNC.Current:42809[1];HGNC.Current:42809[1>0];Ensembl.HGNC:244837[3>0]
NM_001164346	Ensembl.RefSeq_mRNA:267135[1];Ensembl.RefSeq_mRNA:267135[1>0]	ENSG00000181722	CURATED:270[0];HGNC.Current:42809[1];HGNC.Current:42809[1>0];Ensembl.HGNC:244837[3>0]
NM_001164347	Ensembl.RefSeq_mRNA:267136[1];Ensembl.RefSeq_mRNA:267136[1>0]	ENSG00000181722	CURATED:270[0];HGNC.Current:42809[1];HGNC.Current:42809[1>0];Ensembl.HGNC:244837[3>0]
NM_001164766	Ensembl.RefSeq_mRNA:46013[1];Ensembl.RefSeq_mRNA:46013[1>0]	ENSG00000140836	CURATED:273[0];HGNC.Current:42949[1];HGNC.Current:42949[1>0];Ensembl.HGNC:42920[3>0]
NM_001165412	Ensembl.RefSeq_mRNA:176848[1];Ensembl.RefSeq_mRNA:176848[1>0]	ENSG00000109320	CURATED:184[0];HGNC.Current:22673[1];HGNC.Current:22673[1>0];Ensembl.HGNC:162880[3>0]
NM_001165967	Ensembl.RefSeq_mRNA:89633[1];Ensembl.RefSeq_mRNA:89633[1>0]	ENSG00000179111	CURATED:94[0];HGNC.Current:11569[1];HGNC.Current:11569[1>0];Ensembl.HGNC:83428[3>0]
NM_001166119	Ensembl.RefSeq_mRNA:123696[1];Ensembl.RefSeq_mRNA:123696[1>0]	ENSG00000138795	CURATED:150[0];HGNC.Current:14850[1];HGNC.Current:14850[1>0];Ensembl.HGNC:114307[3>0]
NM_001166175	Ensembl.RefSeq_mRNA:202614[1];Ensembl.RefSeq_mRNA:202614[1>0]	ENSG00000183072	CURATED:187[0];HGNC.Current:22811[1];HGNC.Current:22811[1>0];Ensembl.HGNC:186032[3>0]
NM_001166176	Ensembl.RefSeq_mRNA:202619[1];Ensembl.RefSeq_mRNA:202619[1>0]	ENSG00000183072	CURATED:187[0];HGNC.Current:22811[1];HGNC.Current:22811[1>0];Ensembl.HGNC:186032[3>0]
NM_001167681	Ensembl.RefSeq_mRNA:249277[1];Ensembl.RefSeq_mRNA:249277[1>0]	ENSG00000151702	CURATED:56[0];HGNC.Current:9325[1];HGNC.Current:9325[1>0];Ensembl.HGNC:228559[3>0]
NM_001170931	Ensembl.RefSeq_mRNA:55210[1];Ensembl.RefSeq_mRNA:55210[1>0]	ENSG00000184481	CURATED:72[0];HGNC.Current:9475[1];HGNC.Current:9475[1>0];Ensembl.HGNC:51809[3>0]
NM_001171653	Ensembl.RefSeq_mRNA:258816[1];Ensembl.RefSeq_mRNA:258816[1>0]	ENSG00000169554	CURATED:272[0];HGNC.Current:42926[1];HGNC.Current:42926[1>0];Ensembl.HGNC:236783[3>0]
NM_001171894	Ensembl.RefSeq_mRNA:191296[1];Ensembl.RefSeq_mRNA:191296[1>0]	ENSG00000068305	CURATED:161[0];HGNC.Current:18376[1];HGNC.Current:18376[1>0];Ensembl.HGNC:175896[3>0]
NM_001172712	Ensembl.RefSeq_mRNA:236828[1];Ensembl.RefSeq_mRNA:236828[1>0]	ENSG00000172845	CURATED:234[0];HGNC.Current:37161[1];HGNC.Current:37161[1>0];Ensembl.HGNC:217108[3>0]
NM_001174069	Ensembl.RefSeq_mRNA:102598[1];Ensembl.RefSeq_mRNA:102598[1>0]	ENSG00000162761	CURATED:155[0];HGNC.Current:17432[1];HGNC.Current:17432[1>0];Ensembl.HGNC:95877[3>0]
NM_001174093	Ensembl.RefSeq_mRNA:99816[1];Ensembl.RefSeq_mRNA:99816[1>0]	ENSG00000148516	CURATED:271[0];HGNC.Current:42924[1];HGNC.Current:42924[1>0];Ensembl.HGNC:92740[3>0]
NM_001174094	Ensembl.RefSeq_mRNA:99867[1];Ensembl.RefSeq_mRNA:99867[1>0]	ENSG00000148516	CURATED:271[0];HGNC.Current:42924[1];HGNC.Current:42924[1>0];Ensembl.HGNC:92740[3>0]
NM_001174095	Ensembl.RefSeq_mRNA:99841[1];Ensembl.RefSeq_mRNA:99841[1>0]	ENSG00000148516	CURATED:271[0];HGNC.Current:42924[1];HGNC.Current:42924[1>0];Ensembl.HGNC:92740[3>0]
NM_001174096	Ensembl.RefSeq_mRNA:99831[1];Ensembl.RefSeq_mRNA:99831[1>0]	ENSG00000148516	CURATED:271[0];HGNC.Current:42924[1];HGNC.Current:42924[1>0];Ensembl.HGNC:92740[3>0]
NM_001174146	Ensembl.RefSeq_mRNA:21884[1];Ensembl.RefSeq_mRNA:21884[1>0]	ENSG00000136944	CURATED:156[0];HGNC.Current:17435[1];HGNC.Current:17435[1>0];Ensembl.HGNC:20365[3>0]
NM_001174147	Ensembl.RefSeq_mRNA:21868[1];Ensembl.RefSeq_mRNA:21868[1>0]	ENSG00000136944	CURATED:156[0];HGNC.Current:17435[1];HGNC.Current:17435[1>0];Ensembl.HGNC:20365[3>0]
NM_001178138	Ensembl.RefSeq_mRNA:131695[1];Ensembl.RefSeq_mRNA:131695[1>0]	ENSG00000114126	CURATED:259[0];HGNC.Current:38724[1];HGNC.Current:38724[1>0];Ensembl.HGNC:121918[3>0]
NM_001178139	Ensembl.RefSeq_mRNA:131521[1];Ensembl.RefSeq_mRNA:131521[1>0]	ENSG00000114126	CURATED:259[0];HGNC.Current:38724[1];HGNC.Current:38724[1>0];Ensembl.HGNC:121918[3>0]
NM_001178140	Ensembl.RefSeq_mRNA:131842[1];Ensembl.RefSeq_mRNA:131842[1>0]	ENSG00000114126	CURATED:259[0];HGNC.Current:38724[1];HGNC.Current:38724[1>0];Ensembl.HGNC:121918[3>0]
NM_001178141	Ensembl.RefSeq_mRNA:131660[1];Ensembl.RefSeq_mRNA:131660[1>0]	ENSG00000114126	CURATED:259[0];HGNC.Current:38724[1];HGNC.Current:38724[1>0];Ensembl.HGNC:121918[3>0]
NM_001178142	Ensembl.RefSeq_mRNA:131638[1];Ensembl.RefSeq_mRNA:131638[1>0]	ENSG00000114126	CURATED:259[0];HGNC.Current:38724[1];HGNC.Current:38724[1>0];Ensembl.HGNC:121918[3>0]
NM_001184967	Ensembl.RefSeq_mRNA:282288[1];Ensembl.RefSeq_mRNA:282288[1>0]	ENSG00000187098	CURATED:169[0];HGNC.Current:20644[1];HGNC.Current:20644[1>0];Ensembl.HGNC:258015[3>0]
NM_001184968	Ensembl.RefSeq_mRNA:282352[1];Ensembl.RefSeq_mRNA:282352[1>0]	ENSG00000187098	CURATED:169[0];HGNC.Current:20644[1];HGNC.Current:20644[1>0];Ensembl.HGNC:258015[3>0]
NM_001186	Ensembl.RefSeq_mRNA:2974[1];Ensembl.RefSeq_mRNA:2974[1>0]	ENSG00000156273	CURATED:10[0];HGNC.Current:2206[1];HGNC.Current:2206[1>0];Ensembl.HGNC:2711[3>0]
NM_001193347	Ensembl.RefSeq_mRNA:284175[1];Ensembl.RefSeq_mRNA:284175[1>0]	ENSG00000081189	CURATED:162[0];HGNC.Current:18379[1];HGNC.Current:18379[1>0];Ensembl.HGNC:259555[3>0]
NM_001193348	Ensembl.RefSeq_mRNA:284238[1];Ensembl.RefSeq_mRNA:284238[1>0]	ENSG00000081189	CURATED:162[0];HGNC.Current:18379[1];HGNC.Current:18379[1>0];Ensembl.HGNC:259555[3>0]
NM_001193349	Ensembl.RefSeq_mRNA:284233[1];Ensembl.RefSeq_mRNA:284233[1>0]	ENSG00000081189	CURATED:162[0];HGNC.Current:18379[1];HGNC.Current:18379[1>0];Ensembl.HGNC:259555[3>0]
NM_001193350	Ensembl.RefSeq_mRNA:284156[1];Ensembl.RefSeq_mRNA:284156[1>0]	ENSG00000081189	CURATED:162[0];HGNC.Current:18379[1];HGNC.Current:18379[1>0];Ensembl.HGNC:259555[3>0]
NM_001193508	Ensembl.RefSeq_mRNA:81352[1];Ensembl.RefSeq_mRNA:81352[1>0]	ENSG00000084093	CURATED:210[0];HGNC.Current:28171[1];HGNC.Current:28171[1>0];Ensembl.HGNC:75638[3>0]
NM_001195286	Ensembl.RefSeq_mRNA:187500[1];Ensembl.RefSeq_mRNA:187500[1>0]	ENSG00000137265	CURATED:129[0];HGNC.Current:13501[1];HGNC.Current:13501[1>0];Ensembl.HGNC:172659[3>0]
NM_001195470	Ensembl.RefSeq_mRNA:259481[1];Ensembl.RefSeq_mRNA:259481[1>0]	ENSG00000182568	CURATED:220[0];HGNC.Current:34631[1];HGNC.Current:34631[1>0];Ensembl.HGNC:237609[3>0]
NM_001195563	Ensembl.RefSeq_mRNA:301620[1];Ensembl.RefSeq_mRNA:301620[1>0]	ENSG00000171735	CURATED:14[0];HGNC.Current:3339[1];HGNC.Current:3339[1>0];Ensembl.HGNC:275261[3>0]
NM_001198	Ensembl.RefSeq_mRNA:30405[1];Ensembl.RefSeq_mRNA:30405[1>0]	ENSG00000057657	CURATED:204[0];HGNC.Current:26725[1];HGNC.Current:26725[1>0];Ensembl.HGNC:28303[3>0]
NM_001198525	Ensembl.RefSeq_mRNA:169376[1];Ensembl.RefSeq_mRNA:169376[1>0]	ENSG00000148737	CURATED:254[0];HGNC.Current:38510[1];HGNC.Current:38516[10>1];HGNC.Current:38516[1];HGNC.Current:38516[1>0];Ensembl.HGNC:152776[3>0]
NM_001198526	Ensembl.RefSeq_mRNA:169390[1];Ensembl.RefSeq_mRNA:169390[1>0]	ENSG00000148737	CURATED:254[0];HGNC.Current:38510[1];HGNC.Current:38516[10>1];HGNC.Current:38516[1];HGNC.Current:38516[1>0];Ensembl.HGNC:152776[3>0]
NM_001198527	Ensembl.RefSeq_mRNA:169278[1];Ensembl.RefSeq_mRNA:169278[1>0]	ENSG00000148737	CURATED:254[0];HGNC.Current:38510[1];HGNC.Current:38516[10>1];HGNC.Current:38516[1];HGNC.Current:38516[1>0];Ensembl.HGNC:152776[3>0]
NM_001198528	Ensembl.RefSeq_mRNA:169276[1];Ensembl.RefSeq_mRNA:169276[1>0]	ENSG00000148737	CURATED:254[0];HGNC.Current:38510[1];HGNC.Current:38516[10>1];HGNC.Current:38516[1];HGNC.Current:38516[1>0];Ensembl.HGNC:152776[3>0]
NM_001198529	Ensembl.RefSeq_mRNA:169383[1];Ensembl.RefSeq_mRNA:169383[1>0]	ENSG00000148737	CURATED:254[0];HGNC.Current:38510[1];HGNC.Current:38516[10>1];HGNC.Current:38516[1];HGNC.Current:38516[1>0];Ensembl.HGNC:152776[3>0]
NM_001198530	Ensembl.RefSeq_mRNA:169146[1];Ensembl.RefSeq_mRNA:169146[1>0]	ENSG00000148737	CURATED:254[0];HGNC.Current:38510[1];HGNC.Current:38516[10>1];HGNC.Current:38516[1];HGNC.Current:38516[1>0];Ensembl.HGNC:152776[3>0]
NM_001198531	Ensembl.RefSeq_mRNA:169149[1];Ensembl.RefSeq_mRNA:169149[1>0]	ENSG00000148737	CURATED:254[0];HGNC.Current:38510[1];HGNC.Current:38516[10>1];HGNC.Current:38516[1];HGNC.Current:38516[1>0];Ensembl.HGNC:152776[3>0]
NM_001198783	Ensembl.RefSeq_mRNA:94976[1];Ensembl.RefSeq_mRNA:94976[1>0]	ENSG00000143190	CURATED:201[0];HGNC.Current:26330[1];HGNC.Current:26330[1>0];Ensembl.HGNC:87858[3>0]
NM_001198786	Ensembl.RefSeq_mRNA:94922[1];Ensembl.RefSeq_mRNA:94922[1>0]	ENSG00000143190	CURATED:201[0];HGNC.Current:26330[1];HGNC.Current:26330[1>0];Ensembl.HGNC:87858[3>0]
NM_001199770	Ensembl.RefSeq_mRNA:62948[1];Ensembl.RefSeq_mRNA:62948[1>0]	ENSG00000115507	CURATED:193[0];HGNC.Current:24602[1];HGNC.Current:24602[1>0];Ensembl.HGNC:59128[3>0]
NM_001202513	Ensembl.RefSeq_mRNA:227668[1];Ensembl.RefSeq_mRNA:227668[1>0]	ENSG00000059728	CURATED:173[0];HGNC.Current:21937[1];HGNC.Current:21937[1>0];Ensembl.HGNC:208732[3>0]
NM_001202514	Ensembl.RefSeq_mRNA:227651[1];Ensembl.RefSeq_mRNA:227651[1>0]	ENSG00000059728	CURATED:173[0];HGNC.Current:21937[1];HGNC.Current:21937[1>0];Ensembl.HGNC:208732[3>0]
NM_001204414	Ensembl.RefSeq_mRNA:190624[1];Ensembl.RefSeq_mRNA:190624[1>0]	ENSG00000142910	CURATED:5[0];HGNC.Current:1429[1];HGNC.Current:38928[8>1];HGNC.Current:38928[1];HGNC.Current:38928[1>0];Ensembl.HGNC:175588[3>0]
NM_001204415	Ensembl.RefSeq_mRNA:190643[1];Ensembl.RefSeq_mRNA:190643[1>0]	ENSG00000142910	CURATED:5[0];HGNC.Current:1429[1];HGNC.Current:38928[8>1];HGNC.Current:38928[1];HGNC.Current:38928[1>0];Ensembl.HGNC:175588[3>0]
NM_001204961	Ensembl.RefSeq_mRNA:295825[1];Ensembl.RefSeq_mRNA:295825[1>0]	ENSG00000185630	CURATED:199[0];HGNC.Current:24905[1];HGNC.Current:24905[1>0];Ensembl.HGNC:269930[3>0]
NM_001204963	Ensembl.RefSeq_mRNA:295823[1];Ensembl.RefSeq_mRNA:295823[1>0]	ENSG00000185630	CURATED:199[0];HGNC.Current:24905[1];HGNC.Current:24905[1>0];Ensembl.HGNC:269930[3>0]
NM_001206	Ensembl.RefSeq_mRNA:114245[1];Ensembl.RefSeq_mRNA:114245[1>0]	ENSG00000119138	CURATED:149[0];HGNC.Current:14140[1];HGNC.Current:14140[1>0];Ensembl.HGNC:106454[3>0]
NM_001206567	Ensembl.RefSeq_mRNA:284780[1];Ensembl.RefSeq_mRNA:284780[1>0]	ENSG00000163565	CURATED:124[0];HGNC.Current:12568[1];HGNC.Current:12568[1>0];Ensembl.HGNC:260310[3>0]
NM_001207025	Ensembl.RefSeq_mRNA:208069[1];Ensembl.RefSeq_mRNA:208069[1>0]	ENSG00000028277	CURATED:202[0];HGNC.Current:26332[1];HGNC.Current:26332[1>0];Ensembl.HGNC:190104[3>0]
NM_001207026	Ensembl.RefSeq_mRNA:208141[1];Ensembl.RefSeq_mRNA:208141[1>0]	ENSG00000028277	CURATED:202[0];HGNC.Current:26332[1];HGNC.Current:26332[1>0];Ensembl.HGNC:190104[3>0]
NM_001220482	Ensembl.RefSeq_mRNA:192472[1];Ensembl.RefSeq_mRNA:192472[1>0]	ENSG00000134138	CURATED:165[0];HGNC.Current:18402[1];HGNC.Current:18402[1>0];Ensembl.HGNC:176618[3>0]
NM_001220765	Ensembl.RefSeq_mRNA:205225[1];Ensembl.RefSeq_mRNA:205225[1>0]	ENSG00000185811	CURATED:125[0];HGNC.Current:13181[1];HGNC.Current:13181[1>0];Ensembl.HGNC:188341[3>0]
NM_001220767	Ensembl.RefSeq_mRNA:205252[1];Ensembl.RefSeq_mRNA:205252[1>0]	ENSG00000185811	CURATED:125[0];HGNC.Current:13181[1];HGNC.Current:13181[1>0];Ensembl.HGNC:188341[3>0]
NM_001220768	Ensembl.RefSeq_mRNA:205246[1];Ensembl.RefSeq_mRNA:205246[1>0]	ENSG00000185811	CURATED:125[0];HGNC.Current:13181[1];HGNC.Current:13181[1>0];Ensembl.HGNC:188341[3>0]
NM_001220770	Ensembl.RefSeq_mRNA:205247[1];Ensembl.RefSeq_mRNA:205247[1>0]	ENSG00000185811	CURATED:125[0];HGNC.Current:13181[1];HGNC.Current:13181[1>0];Ensembl.HGNC:188341[3>0]
NM_001220771	Ensembl.RefSeq_mRNA:205232[1];Ensembl.RefSeq_mRNA:205232[1>0]	ENSG00000185811	CURATED:125[0];HGNC.Current:13181[1];HGNC.Current:13181[1>0];Ensembl.HGNC:188341[3>0]
NM_001242701	Ensembl.RefSeq_mRNA:301621[1];Ensembl.RefSeq_mRNA:301621[1>0]	ENSG00000171735	CURATED:14[0];HGNC.Current:3339[1];HGNC.Current:3339[1>0];Ensembl.HGNC:275261[3>0]
NM_001243076	Ensembl.RefSeq_mRNA:166558[1];Ensembl.RefSeq_mRNA:166558[1>0]	ENSG00000112242	CURATED:34[0];HGNC.Current:7366[1];HGNC.Current:7366[1>0];Ensembl.HGNC:153786[3>0]
NM_001243226	Ensembl.RefSeq_mRNA:20149[1];Ensembl.RefSeq_mRNA:20149[1>0]	ENSG00000196628	CURATED:254[0];HGNC.Current:38510[1];HGNC.Current:38510[1>0];Ensembl.HGNC:12536[3>0]
NM_001243227	Ensembl.RefSeq_mRNA:19985[1];Ensembl.RefSeq_mRNA:19985[1>0]	ENSG00000196628	CURATED:254[0];HGNC.Current:38510[1];HGNC.Current:38510[1>0];Ensembl.HGNC:12536[3>0]
NM_001243228	Ensembl.RefSeq_mRNA:20138[1];Ensembl.RefSeq_mRNA:20138[1>0]	ENSG00000196628	CURATED:254[0];HGNC.Current:38510[1];HGNC.Current:38510[1>0];Ensembl.HGNC:12536[3>0]
NM_001243230	Ensembl.RefSeq_mRNA:20110[1];Ensembl.RefSeq_mRNA:20110[1>0]	ENSG00000196628	CURATED:254[0];HGNC.Current:38510[1];HGNC.Current:38510[1>0];Ensembl.HGNC:12536[3>0]
NM_001243231	Ensembl.RefSeq_mRNA:19959[1];Ensembl.RefSeq_mRNA:19959[1>0]	ENSG00000196628	CURATED:254[0];HGNC.Current:38510[1];HGNC.Current:38510[1>0];Ensembl.HGNC:12536[3>0]
NM_001243232	Ensembl.RefSeq_mRNA:20029[1];Ensembl.RefSeq_mRNA:20029[1>0]	ENSG00000196628	CURATED:254[0];HGNC.Current:38510[1];HGNC.Current:38510[1>0];Ensembl.HGNC:12536[3>0]
NM_001243233	Ensembl.RefSeq_mRNA:20047[1];Ensembl.RefSeq_mRNA:20047[1>0]	ENSG00000196628	CURATED:254[0];HGNC.Current:38510[1];HGNC.Current:38510[1>0];Ensembl.HGNC:12536[3>0]
NM_001243234	Ensembl.RefSeq_mRNA:19954[1];Ensembl.RefSeq_mRNA:19954[1>0]	ENSG00000196628	CURATED:254[0];HGNC.Current:38510[1];HGNC.Current:38510[1>0];Ensembl.HGNC:12536[3>0]
NM_001243235	Ensembl.RefSeq_mRNA:19921[1];Ensembl.RefSeq_mRNA:19921[1>0]	ENSG00000196628	CURATED:254[0];HGNC.Current:38510[1];HGNC.Current:38510[1>0];Ensembl.HGNC:12536[3>0]
NM_001243236	Ensembl.RefSeq_mRNA:20065[1];Ensembl.RefSeq_mRNA:20065[1>0]	ENSG00000196628	CURATED:254[0];HGNC.Current:38510[1];HGNC.Current:38510[1>0];Ensembl.HGNC:12536[3>0]
NM_001243428	Ensembl.RefSeq_mRNA:17061[1];Ensembl.RefSeq_mRNA:17061[1>0]	ENSG00000157554	CURATED:49[0];HGNC.Current:8145[1];HGNC.Current:8145[1>0];Ensembl.HGNC:15734[3>0]
NM_001243429	Ensembl.RefSeq_mRNA:16967[1];Ensembl.RefSeq_mRNA:16967[1>0]	ENSG00000157554	CURATED:49[0];HGNC.Current:8145[1];HGNC.Current:8145[1>0];Ensembl.HGNC:15734[3>0]
NM_001243432	Ensembl.RefSeq_mRNA:17011[1];Ensembl.RefSeq_mRNA:17011[1>0]	ENSG00000157554	CURATED:49[0];HGNC.Current:8145[1];HGNC.Current:8145[1>0];Ensembl.HGNC:15734[3>0]
NM_001243730	Ensembl.RefSeq_mRNA:53219[1];Ensembl.RefSeq_mRNA:53219[1>0]	ENSG00000172819	CURATED:208[0];HGNC.Current:27805[1];HGNC.Current:27805[1>0];Ensembl.HGNC:49004[3>0]
NM_001243731	Ensembl.RefSeq_mRNA:53218[1];Ensembl.RefSeq_mRNA:53218[1>0]	ENSG00000172819	CURATED:208[0];HGNC.Current:27805[1];HGNC.Current:27805[1>0];Ensembl.HGNC:49004[3>0]
NM_001243732	Ensembl.RefSeq_mRNA:52897[1];Ensembl.RefSeq_mRNA:52897[1>0]	ENSG00000172819	CURATED:208[0];HGNC.Current:27805[1];HGNC.Current:27805[1>0];Ensembl.HGNC:49004[3>0]
NM_001243835	Ensembl.RefSeq_mRNA:298700[1];Ensembl.RefSeq_mRNA:298700[1>0]	ENSG00000138378	CURATED:243[0];HGNC.Current:37780[1];HGNC.Current:37780[1>0];Ensembl.HGNC:272621[3>0]
NM_001243998	Ensembl.RefSeq_mRNA:184511[1];Ensembl.RefSeq_mRNA:184511[1>0]	ENSG00000269404	CURATED:240[0];HGNC.Current:37338[1];HGNC.Current:37338[1>0];Ensembl.HGNC:169888[3>0]
NM_001243999	Ensembl.RefSeq_mRNA:184598[1];Ensembl.RefSeq_mRNA:184598[1>0]	ENSG00000269404	CURATED:240[0];HGNC.Current:37338[1];HGNC.Current:37338[1>0];Ensembl.HGNC:169888[3>0]
NM_001244000	Ensembl.RefSeq_mRNA:184510[1];Ensembl.RefSeq_mRNA:184510[1>0]	ENSG00000269404	CURATED:240[0];HGNC.Current:37338[1];HGNC.Current:37338[1>0];Ensembl.HGNC:169888[3>0]
NM_001244438	Ensembl.RefSeq_mRNA:230227[1];Ensembl.RefSeq_mRNA:230227[1>0]	ENSG00000118520	CURATED:5[0];HGNC.Current:1429[1];HGNC.Current:1429[1>0];Ensembl.HGNC:210990[3>0]
NM_001244583	Ensembl.RefSeq_mRNA:68608[1];Ensembl.RefSeq_mRNA:68608[1>0]	ENSG00000105967	CURATED:260[0];HGNC.Current:38728[1];HGNC.Current:38728[1>0];Ensembl.HGNC:64107[3>0]
NM_001244638	Ensembl.RefSeq_mRNA:87963[1];Ensembl.RefSeq_mRNA:87963[1>0]	ENSG00000150347	CURATED:8[0];HGNC.Current:1549[1];HGNC.Current:1549[1>0];Ensembl.HGNC:81884[3>0]
NM_001244808	Ensembl.RefSeq_mRNA:221335[1];Ensembl.RefSeq_mRNA:221335[1>0]	ENSG00000114861	CURATED:73[0];HGNC.Current:9478[1];HGNC.Current:9478[1>0];Ensembl.HGNC:201807[3>0]
NM_001244810	Ensembl.RefSeq_mRNA:221501[1];Ensembl.RefSeq_mRNA:221501[1>0]	ENSG00000114861	CURATED:73[0];HGNC.Current:9478[1];HGNC.Current:9478[1>0];Ensembl.HGNC:201807[3>0]
NM_001244812	Ensembl.RefSeq_mRNA:221570[1];Ensembl.RefSeq_mRNA:221570[1>0]	ENSG00000114861	CURATED:73[0];HGNC.Current:9478[1];HGNC.Current:9478[1>0];Ensembl.HGNC:201807[3>0]
NM_001244813	Ensembl.RefSeq_mRNA:221558[1];Ensembl.RefSeq_mRNA:221558[1>0]	ENSG00000114861	CURATED:73[0];HGNC.Current:9478[1];HGNC.Current:9478[1>0];Ensembl.HGNC:201807[3>0]
NM_001244814	Ensembl.RefSeq_mRNA:221530[1];Ensembl.RefSeq_mRNA:221530[1>0]	ENSG00000114861	CURATED:73[0];HGNC.Current:9478[1];HGNC.Current:9478[1>0];Ensembl.HGNC:201807[3>0]
NM_001244815	Ensembl.RefSeq_mRNA:221514[1];Ensembl.RefSeq_mRNA:221514[1>0]	ENSG00000114861	CURATED:73[0];HGNC.Current:9478[1];HGNC.Current:9478[1>0];Ensembl.HGNC:201807[3>0]
NM_001244816	Ensembl.RefSeq_mRNA:221238[1];Ensembl.RefSeq_mRNA:221238[1>0]	ENSG00000114861	CURATED:73[0];HGNC.Current:9478[1];HGNC.Current:9478[1>0];Ensembl.HGNC:201807[3>0]
NM_001247994	Ensembl.RefSeq_mRNA:208081[1];Ensembl.RefSeq_mRNA:208081[1>0]	ENSG00000028277	CURATED:202[0];HGNC.Current:26332[1];HGNC.Current:26332[1>0];Ensembl.HGNC:190104[3>0]
NM_001252197	Ensembl.RefSeq_mRNA:182134[1];Ensembl.RefSeq_mRNA:182134[1>0]	ENSG00000176842	CURATED:134[0];HGNC.Current:13524[1];HGNC.Current:13524[1>0];Ensembl.HGNC:167880[3>0]
NM_001256295	Ensembl.RefSeq_mRNA:3048[1];Ensembl.RefSeq_mRNA:3048[1>0]	ENSG00000157557	CURATED:51[0];HGNC.Current:8353[1];HGNC.Current:8353[1>0];Ensembl.HGNC:2798[3>0]
NM_001256570	Ensembl.RefSeq_mRNA:95563[1];Ensembl.RefSeq_mRNA:95563[1>0]	ENSG00000143171	CURATED:219[0];HGNC.Current:34481[1];HGNC.Current:34481[1>0];Ensembl.HGNC:88940[3>0]
NM_001256571	Ensembl.RefSeq_mRNA:95564[1];Ensembl.RefSeq_mRNA:95564[1>0]	ENSG00000143171	CURATED:219[0];HGNC.Current:34481[1];HGNC.Current:34481[1>0];Ensembl.HGNC:88940[3>0]
NM_001258248	Ensembl.RefSeq_mRNA:283143[1];Ensembl.RefSeq_mRNA:283143[1>0]	ENSG00000189120	CURATED:237[0];HGNC.Current:37165[1];HGNC.Current:37165[1>0];Ensembl.HGNC:259036[3>0]
NM_001258355	Ensembl.RefSeq_mRNA:134443[1];Ensembl.RefSeq_mRNA:134443[1>0]	ENSG00000101076	CURATED:100[0];HGNC.Current:11954[1];HGNC.Current:11954[1>0];Ensembl.HGNC:124322[3>0]
NM_001258462	Ensembl.RefSeq_mRNA:238223[1];Ensembl.RefSeq_mRNA:238223[1>0]	ENSG00000007372	CURATED:198[0];HGNC.Current:24887[1];HGNC.Current:24887[1>0];Ensembl.HGNC:216546[3>0]
NM_001258463	Ensembl.RefSeq_mRNA:238277[1];Ensembl.RefSeq_mRNA:238277[1>0]	ENSG00000007372	CURATED:198[0];HGNC.Current:24887[1];HGNC.Current:24887[1>0];Ensembl.HGNC:216546[3>0]
NM_001258464	Ensembl.RefSeq_mRNA:238236[1];Ensembl.RefSeq_mRNA:238236[1>0]	ENSG00000007372	CURATED:198[0];HGNC.Current:24887[1];HGNC.Current:24887[1>0];Ensembl.HGNC:216546[3>0]
NM_001258465	Ensembl.RefSeq_mRNA:238253[1];Ensembl.RefSeq_mRNA:238253[1>0]	ENSG00000007372	CURATED:198[0];HGNC.Current:24887[1];HGNC.Current:24887[1>0];Ensembl.HGNC:216546[3>0]
NM_001261461	Ensembl.RefSeq_mRNA:176593[1];Ensembl.RefSeq_mRNA:176593[1>0]	ENSG00000123405	CURATED:181[0];HGNC.Current:22656[1];HGNC.Current:22656[1>0];Ensembl.HGNC:162846[3>0]
NM_001265	Ensembl.RefSeq_mRNA:47441[1];Ensembl.RefSeq_mRNA:47441[1>0]	ENSG00000165556	CURATED:16[0];HGNC.Current:4223[1];HGNC.Current:4223[1>0];Ensembl.HGNC:44351[3>0]
NM_001267562	Ensembl.RefSeq_mRNA:182388[1];Ensembl.RefSeq_mRNA:182388[1>0]	ENSG00000095794	CURATED:25[0];HGNC.Current:5517[1];HGNC.Current:5517[1>0];Ensembl.HGNC:166924[3>0]
NM_001267563	Ensembl.RefSeq_mRNA:181107[1];Ensembl.RefSeq_mRNA:181107[1>0]	ENSG00000095794	CURATED:25[0];HGNC.Current:5517[1];HGNC.Current:5517[1>0];Ensembl.HGNC:166924[3>0]
NM_001267564	Ensembl.RefSeq_mRNA:182375[1];Ensembl.RefSeq_mRNA:182375[1>0]	ENSG00000095794	CURATED:25[0];HGNC.Current:5517[1];HGNC.Current:5517[1>0];Ensembl.HGNC:166924[3>0]
NM_001267565	Ensembl.RefSeq_mRNA:182371[1];Ensembl.RefSeq_mRNA:182371[1>0]	ENSG00000095794	CURATED:25[0];HGNC.Current:5517[1];HGNC.Current:5517[1>0];Ensembl.HGNC:166924[3>0]
NM_001267567	Ensembl.RefSeq_mRNA:182396[1];Ensembl.RefSeq_mRNA:182396[1>0]	ENSG00000095794	CURATED:25[0];HGNC.Current:5517[1];HGNC.Current:5517[1>0];Ensembl.HGNC:166924[3>0]
NM_001267570	Ensembl.RefSeq_mRNA:182542[1];Ensembl.RefSeq_mRNA:182542[1>0]	ENSG00000095794	CURATED:25[0];HGNC.Current:5517[1];HGNC.Current:5517[1>0];Ensembl.HGNC:166924[3>0]
NM_001267708	Ensembl.RefSeq_mRNA:28675[1];Ensembl.RefSeq_mRNA:28675[1>0]	ENSG00000120963	CURATED:277[0];HGNC.Current:43605[1];HGNC.Current:43605[1>0];Ensembl.HGNC:26769[3>0]
NM_001267709	Ensembl.RefSeq_mRNA:28677[1];Ensembl.RefSeq_mRNA:28677[1>0]	ENSG00000120963	CURATED:277[0];HGNC.Current:43605[1];HGNC.Current:43605[1>0];Ensembl.HGNC:26769[3>0]
NM_001267809	Ensembl.RefSeq_mRNA:93312[1];Ensembl.RefSeq_mRNA:93312[1>0]	ENSG00000143621	CURATED:127[0];HGNC.Current:13290[1];HGNC.Current:13290[1>0];Ensembl.HGNC:87072[3>0]
NM_001270401	Ensembl.RefSeq_mRNA:119568[1];Ensembl.RefSeq_mRNA:143350[1>0]	ENSG00000204231	CURATED:218[0];HGNC.Current:34480[1];HGNC.Current:34480[1>0];Ensembl.HGNC:132824[3>0]
NM_001270401	Ensembl.RefSeq_mRNA:119568[1];Ensembl.RefSeq_mRNA:172667[1>0]	ENSG00000206289	CURATED:218[0];HGNC.Current:34480[1];HGNC.Current:34480[1>0];Ensembl.HGNC:159249[3>0]
NM_001270401	Ensembl.RefSeq_mRNA:119568[1];Ensembl.RefSeq_mRNA:136987[1>0]	ENSG00000227322	CURATED:218[0];HGNC.Current:34480[1];HGNC.Current:34480[1>0];Ensembl.HGNC:127023[3>0]
NM_001270401	Ensembl.RefSeq_mRNA:119568[1];Ensembl.RefSeq_mRNA:153473[1>0]	ENSG00000228333	CURATED:218[0];HGNC.Current:34480[1];HGNC.Current:34480[1>0];Ensembl.HGNC:141878[3>0]
NM_001270401	Ensembl.RefSeq_mRNA:119568[1];Ensembl.RefSeq_mRNA:119568[1>0]	ENSG00000231321	CURATED:218[0];HGNC.Current:34480[1];HGNC.Current:34480[1>0];Ensembl.HGNC:111135[3>0]
NM_001270401	Ensembl.RefSeq_mRNA:119568[1];Ensembl.RefSeq_mRNA:167256[1>0]	ENSG00000235712	CURATED:218[0];HGNC.Current:34480[1];HGNC.Current:34480[1>0];Ensembl.HGNC:154394[3>0]
NM_001270484	Ensembl.RefSeq_mRNA:85880[1];Ensembl.RefSeq_mRNA:85880[1>0]	ENSG00000164458	CURATED:245[0];HGNC.Current:38471[10];HGNC.Current:38471[10>1];HGNC.Current:38471[1];HGNC.Current:38471[1>0];Ensembl.HGNC:79837[3>0]
NM_001270523	Ensembl.RefSeq_mRNA:125933[1];Ensembl.RefSeq_mRNA:125933[1>0]	ENSG00000165588	CURATED:194[0];HGNC.Current:24603[1];HGNC.Current:24603[1>0];Ensembl.HGNC:116891[3>0]
NM_001270524	Ensembl.RefSeq_mRNA:125934[1];Ensembl.RefSeq_mRNA:125934[1>0]	ENSG00000165588	CURATED:194[0];HGNC.Current:24603[1];HGNC.Current:24603[1>0];Ensembl.HGNC:116891[3>0]
NM_001270525	Ensembl.RefSeq_mRNA:125975[1];Ensembl.RefSeq_mRNA:125975[1>0]	ENSG00000165588	CURATED:194[0];HGNC.Current:24603[1];HGNC.Current:24603[1>0];Ensembl.HGNC:116891[3>0]
NM_001270942	Ensembl.RefSeq_mRNA:290399[1];Ensembl.RefSeq_mRNA:290399[1>0]	ENSG00000118263	CURATED:147[0];HGNC.Current:14135[1];HGNC.Current:14135[1>0];Ensembl.HGNC:265108[3>0]
NM_001270943	Ensembl.RefSeq_mRNA:290383[1];Ensembl.RefSeq_mRNA:290383[1>0]	ENSG00000118263	CURATED:147[0];HGNC.Current:14135[1];HGNC.Current:14135[1>0];Ensembl.HGNC:265108[3>0]
NM_001270944	Ensembl.RefSeq_mRNA:290384[1];Ensembl.RefSeq_mRNA:290384[1>0]	ENSG00000118263	CURATED:147[0];HGNC.Current:14135[1];HGNC.Current:14135[1>0];Ensembl.HGNC:265108[3>0]
NM_001271010	Ensembl.RefSeq_mRNA:249248[1];Ensembl.RefSeq_mRNA:249248[1>0]	ENSG00000151702	CURATED:56[0];HGNC.Current:9325[1];HGNC.Current:9325[1>0];Ensembl.HGNC:228559[3>0]
NM_001271012	Ensembl.RefSeq_mRNA:249242[1];Ensembl.RefSeq_mRNA:249242[1>0]	ENSG00000151702	CURATED:56[0];HGNC.Current:9325[1];HGNC.Current:9325[1>0];Ensembl.HGNC:228559[3>0]
NM_001271629	Ensembl.RefSeq_mRNA:21248[1];Ensembl.RefSeq_mRNA:265622[1>0]	ENSG00000116604	CURATED:163[0];HGNC.Current:18382[1];HGNC.Current:18382[1>0];Ensembl.HGNC:243358[3>0]
NM_001271629	Ensembl.RefSeq_mRNA:21248[1];Ensembl.RefSeq_mRNA:21248[1>0]	ENSG00000291761	CURATED:163[0];HGNC.Current:18382[1];HGNC.Current:18382[1>0];Ensembl.HGNC:19939[3>0]
NM_001271893	Ensembl.RefSeq_mRNA:28641[1];Ensembl.RefSeq_mRNA:297428[1>0]	ENSG00000233608	CURATED:265[0];HGNC.Current:41287[1];HGNC.Current:41287[1>0];Ensembl.HGNC:271493[3>0]
NM_001271893	Ensembl.RefSeq_mRNA:28641[1];Ensembl.RefSeq_mRNA:28641[1>0]	ENSG00000288335	CURATED:265[0];HGNC.Current:41287[1];HGNC.Current:41287[1>0];Ensembl.HGNC:26844[3>0]
NM_001276457	Ensembl.RefSeq_mRNA:161011[1];Ensembl.RefSeq_mRNA:161011[1>0]	ENSG00000109381	CURATED:43[0];HGNC.Current:7811[1];HGNC.Current:7811[1>0];Ensembl.HGNC:148522[3>0]
NM_001276458	Ensembl.RefSeq_mRNA:161019[1];Ensembl.RefSeq_mRNA:161019[1>0]	ENSG00000109381	CURATED:43[0];HGNC.Current:7811[1];HGNC.Current:7811[1>0];Ensembl.HGNC:148522[3>0]
NM_001276459	Ensembl.RefSeq_mRNA:161010[1];Ensembl.RefSeq_mRNA:161010[1>0]	ENSG00000109381	CURATED:43[0];HGNC.Current:7811[1];HGNC.Current:7811[1>0];Ensembl.HGNC:148522[3>0]
NM_001278182	Ensembl.RefSeq_mRNA:264318[1];Ensembl.RefSeq_mRNA:264318[1>0]	ENSG00000163508	CURATED:47[0];HGNC.Current:8038[1];HGNC.Current:8038[1>0];Ensembl.HGNC:242266[3>0]
NM_001278183	Ensembl.RefSeq_mRNA:264333[1];Ensembl.RefSeq_mRNA:264333[1>0]	ENSG00000163508	CURATED:47[0];HGNC.Current:8038[1];HGNC.Current:8038[1>0];Ensembl.HGNC:242266[3>0]
NM_001278478	Ensembl.RefSeq_mRNA:28049[1];Ensembl.RefSeq_mRNA:28049[1>0]	ENSG00000124813	CURATED:215[0];HGNC.Current:34452[1];HGNC.Current:34452[1>0];Ensembl.HGNC:25880[3>0]
NM_001280547	Ensembl.RefSeq_mRNA:14492[1];Ensembl.RefSeq_mRNA:14492[1>0]	ENSG00000196092	CURATED:197[0];HGNC.Current:24886[1];HGNC.Current:24886[1>0];Ensembl.HGNC:12927[3>0]
NM_001280548	Ensembl.RefSeq_mRNA:14571[1];Ensembl.RefSeq_mRNA:14571[1>0]	ENSG00000196092	CURATED:197[0];HGNC.Current:24886[1];HGNC.Current:24886[1>0];Ensembl.HGNC:12927[3>0]
NM_001280549	Ensembl.RefSeq_mRNA:14507[1];Ensembl.RefSeq_mRNA:14507[1>0]	ENSG00000196092	CURATED:197[0];HGNC.Current:24886[1];HGNC.Current:24886[1>0];Ensembl.HGNC:12927[3>0]
NM_001280550	Ensembl.RefSeq_mRNA:14594[1];Ensembl.RefSeq_mRNA:14594[1>0]	ENSG00000196092	CURATED:197[0];HGNC.Current:24886[1];HGNC.Current:24886[1>0];Ensembl.HGNC:12927[3>0]
NM_001280551	Ensembl.RefSeq_mRNA:14688[1];Ensembl.RefSeq_mRNA:14688[1>0]	ENSG00000196092	CURATED:197[0];HGNC.Current:24886[1];HGNC.Current:24886[1>0];Ensembl.HGNC:12927[3>0]
NM_001280552	Ensembl.RefSeq_mRNA:14706[1];Ensembl.RefSeq_mRNA:14706[1>0]	ENSG00000196092	CURATED:197[0];HGNC.Current:24886[1];HGNC.Current:24886[1>0];Ensembl.HGNC:12927[3>0]
NM_001280553	Ensembl.RefSeq_mRNA:14665[1];Ensembl.RefSeq_mRNA:14665[1>0]	ENSG00000196092	CURATED:197[0];HGNC.Current:24886[1];HGNC.Current:24886[1>0];Ensembl.HGNC:12927[3>0]
NM_001280554	Ensembl.RefSeq_mRNA:14700[1];Ensembl.RefSeq_mRNA:14700[1>0]	ENSG00000196092	CURATED:197[0];HGNC.Current:24886[1];HGNC.Current:24886[1>0];Ensembl.HGNC:12927[3>0]
NM_001280555	Ensembl.RefSeq_mRNA:14666[1];Ensembl.RefSeq_mRNA:14666[1>0]	ENSG00000196092	CURATED:197[0];HGNC.Current:24886[1];HGNC.Current:24886[1>0];Ensembl.HGNC:12927[3>0]
NM_001280556	Ensembl.RefSeq_mRNA:14683[1];Ensembl.RefSeq_mRNA:14683[1>0]	ENSG00000196092	CURATED:197[0];HGNC.Current:24886[1];HGNC.Current:24886[1>0];Ensembl.HGNC:12927[3>0]
NM_001282237	Ensembl.RefSeq_mRNA:194184[1];Ensembl.RefSeq_mRNA:194184[1>0]	ENSG00000127152	CURATED:13[0];HGNC.Current:2343[1];HGNC.Current:2343[1>0];Ensembl.HGNC:178608[3>0]
NM_001282238	Ensembl.RefSeq_mRNA:194173[1];Ensembl.RefSeq_mRNA:194173[1>0]	ENSG00000127152	CURATED:13[0];HGNC.Current:2343[1];HGNC.Current:2343[1>0];Ensembl.HGNC:178608[3>0]
NM_001282402	Ensembl.RefSeq_mRNA:191261[1];Ensembl.RefSeq_mRNA:191261[1>0]	ENSG00000185155	CURATED:170[0];HGNC.Current:20651[1];HGNC.Current:20651[1>0];Ensembl.HGNC:176207[3>0]
NM_001282434	Ensembl.RefSeq_mRNA:129973[1];Ensembl.RefSeq_mRNA:129973[1>0]	ENSG00000144485	CURATED:93[0];HGNC.Current:11568[1];HGNC.Current:11568[1>0];Ensembl.HGNC:120592[3>0]
NM_001282979	Ensembl.RefSeq_mRNA:149878[1];Ensembl.RefSeq_mRNA:149878[1>0]	ENSG00000140332	CURATED:261[0];HGNC.Current:38963[1];HGNC.Current:38963[1>0];Ensembl.HGNC:135860[3>0]
NM_001282980	Ensembl.RefSeq_mRNA:150161[1];Ensembl.RefSeq_mRNA:150161[1>0]	ENSG00000140332	CURATED:261[0];HGNC.Current:38963[1];HGNC.Current:38963[1>0];Ensembl.HGNC:135860[3>0]
NM_001282981	Ensembl.RefSeq_mRNA:150133[1];Ensembl.RefSeq_mRNA:150133[1>0]	ENSG00000140332	CURATED:261[0];HGNC.Current:38963[1];HGNC.Current:38963[1>0];Ensembl.HGNC:135860[3>0]
NM_001282982	Ensembl.RefSeq_mRNA:149855[1];Ensembl.RefSeq_mRNA:149855[1>0]	ENSG00000140332	CURATED:261[0];HGNC.Current:38963[1];HGNC.Current:38963[1>0];Ensembl.HGNC:135860[3>0]
NM_001285829	Ensembl.RefSeq_mRNA:247087[1];Ensembl.RefSeq_mRNA:247087[1>0]	ENSG00000245848	CURATED:18[0];HGNC.Current:4279[1];HGNC.Current:4279[1>0];Ensembl.HGNC:226663[3>0]
NM_001285878	Ensembl.RefSeq_mRNA:71671[1];Ensembl.RefSeq_mRNA:71671[1>0]	ENSG00000172216	CURATED:19[0];HGNC.Current:4281[1];HGNC.Current:4281[1>0];Ensembl.HGNC:67120[3>0]
NM_001285879	Ensembl.RefSeq_mRNA:71672[1];Ensembl.RefSeq_mRNA:71672[1>0]	ENSG00000172216	CURATED:19[0];HGNC.Current:4281[1];HGNC.Current:4281[1>0];Ensembl.HGNC:67120[3>0]
NM_001286818	Ensembl.RefSeq_mRNA:3276[1];Ensembl.RefSeq_mRNA:3276[1>0]	ENSG00000102554	CURATED:23[0];HGNC.Current:4824[1];HGNC.Current:14133[8>1];HGNC.Current:14133[1];HGNC.Current:14133[1>0];Ensembl.HGNC:2993[3>0]
NM_001286968	Ensembl.RefSeq_mRNA:98568[1];Ensembl.RefSeq_mRNA:98568[1>0]	ENSG00000130522	CURATED:138[0];HGNC.Current:13717[1];HGNC.Current:13717[1>0];Ensembl.HGNC:92038[3>0]
NM_001287182	Ensembl.RefSeq_mRNA:134437[1];Ensembl.RefSeq_mRNA:134437[1>0]	ENSG00000101076	CURATED:100[0];HGNC.Current:11954[1];HGNC.Current:11954[1>0];Ensembl.HGNC:124322[3>0]
NM_001287183	Ensembl.RefSeq_mRNA:134427[1];Ensembl.RefSeq_mRNA:134427[1>0]	ENSG00000101076	CURATED:100[0];HGNC.Current:11954[1];HGNC.Current:11954[1>0];Ensembl.HGNC:124322[3>0]
NM_001287184	Ensembl.RefSeq_mRNA:134431[1];Ensembl.RefSeq_mRNA:134431[1>0]	ENSG00000101076	CURATED:100[0];HGNC.Current:11954[1];HGNC.Current:11954[1>0];Ensembl.HGNC:124322[3>0]
NM_001287347	Ensembl.RefSeq_mRNA:279073[1];Ensembl.RefSeq_mRNA:279073[1>0]	ENSG00000162367	CURATED:246[0];HGNC.Current:38264[1];HGNC.Current:38264[1>0];Ensembl.HGNC:255251[3>0]
NM_001287424	Ensembl.RefSeq_mRNA:247085[1];Ensembl.RefSeq_mRNA:247085[1>0]	ENSG00000245848	CURATED:18[0];HGNC.Current:4279[1];HGNC.Current:4279[1>0];Ensembl.HGNC:226663[3>0]
NM_001287435	Ensembl.RefSeq_mRNA:247088[1];Ensembl.RefSeq_mRNA:247088[1>0]	ENSG00000245848	CURATED:18[0];HGNC.Current:4279[1];HGNC.Current:4279[1>0];Ensembl.HGNC:226663[3>0]
NM_001288718	Ensembl.RefSeq_mRNA:171581[1];Ensembl.RefSeq_mRNA:171581[1>0]	ENSG00000126561	CURATED:244[0];HGNC.Current:37782[1];HGNC.Current:37782[1>0];Ensembl.HGNC:157910[3>0]
NM_001288719	Ensembl.RefSeq_mRNA:171593[1];Ensembl.RefSeq_mRNA:171593[1>0]	ENSG00000126561	CURATED:244[0];HGNC.Current:37782[1];HGNC.Current:37782[1>0];Ensembl.HGNC:157910[3>0]
NM_001288720	Ensembl.RefSeq_mRNA:171637[1];Ensembl.RefSeq_mRNA:171637[1>0]	ENSG00000126561	CURATED:244[0];HGNC.Current:37782[1];HGNC.Current:37782[1>0];Ensembl.HGNC:157910[3>0]
NM_001290216	Ensembl.RefSeq_mRNA:235553[1];Ensembl.RefSeq_mRNA:235553[1>0]	ENSG00000077092	CURATED:207[0];HGNC.Current:27803[1];HGNC.Current:27803[1>0];Ensembl.HGNC:215599[3>0]
NM_001290217	Ensembl.RefSeq_mRNA:235610[1];Ensembl.RefSeq_mRNA:235610[1>0]	ENSG00000077092	CURATED:207[0];HGNC.Current:27803[1];HGNC.Current:27803[1>0];Ensembl.HGNC:215599[3>0]
NM_001290266	Ensembl.RefSeq_mRNA:235598[1];Ensembl.RefSeq_mRNA:235598[1>0]	ENSG00000077092	CURATED:207[0];HGNC.Current:27803[1];HGNC.Current:27803[1>0];Ensembl.HGNC:215599[3>0]
NM_001290276	Ensembl.RefSeq_mRNA:235591[1];Ensembl.RefSeq_mRNA:235591[1>0]	ENSG00000077092	CURATED:207[0];HGNC.Current:27803[1];HGNC.Current:27803[1>0];Ensembl.HGNC:215599[3>0]
NM_001290277	Ensembl.RefSeq_mRNA:235579[1];Ensembl.RefSeq_mRNA:235579[1>0]	ENSG00000077092	CURATED:207[0];HGNC.Current:27803[1];HGNC.Current:27803[1>0];Ensembl.HGNC:215599[3>0]
NM_001290300	Ensembl.RefSeq_mRNA:235596[1];Ensembl.RefSeq_mRNA:235596[1>0]	ENSG00000077092	CURATED:207[0];HGNC.Current:27803[1];HGNC.Current:27803[1>0];Ensembl.HGNC:215599[3>0]
NM_001290360	Ensembl.RefSeq_mRNA:286006[1];Ensembl.RefSeq_mRNA:286006[1>0]	ENSG00000164330	CURATED:36[0];HGNC.Current:7389[1];HGNC.Current:7389[1>0];Ensembl.HGNC:261467[3>0]
NM_001290403	Ensembl.RefSeq_mRNA:279076[1];Ensembl.RefSeq_mRNA:279076[1>0]	ENSG00000162367	CURATED:246[0];HGNC.Current:38264[1];HGNC.Current:38264[1>0];Ensembl.HGNC:255251[3>0]
NM_001290404	Ensembl.RefSeq_mRNA:279072[1];Ensembl.RefSeq_mRNA:279072[1>0]	ENSG00000162367	CURATED:246[0];HGNC.Current:38264[1];HGNC.Current:38264[1>0];Ensembl.HGNC:255251[3>0]
NM_001290405	Ensembl.RefSeq_mRNA:279078[1];Ensembl.RefSeq_mRNA:279078[1>0]	ENSG00000162367	CURATED:246[0];HGNC.Current:38264[1];HGNC.Current:38264[1>0];Ensembl.HGNC:255251[3>0]
NM_001291391	Ensembl.RefSeq_mRNA:17026[1];Ensembl.RefSeq_mRNA:17026[1>0]	ENSG00000157554	CURATED:49[0];HGNC.Current:8145[1];HGNC.Current:8145[1>0];Ensembl.HGNC:15734[3>0]
NM_001291837	Ensembl.RefSeq_mRNA:205245[1];Ensembl.RefSeq_mRNA:205245[1>0]	ENSG00000185811	CURATED:125[0];HGNC.Current:13181[1];HGNC.Current:13181[1>0];Ensembl.HGNC:188341[3>0]
NM_001291838	Ensembl.RefSeq_mRNA:205251[1];Ensembl.RefSeq_mRNA:205251[1>0]	ENSG00000185811	CURATED:125[0];HGNC.Current:13181[1];HGNC.Current:13181[1>0];Ensembl.HGNC:188341[3>0]
NM_001291839	Ensembl.RefSeq_mRNA:205244[1];Ensembl.RefSeq_mRNA:205244[1>0]	ENSG00000185811	CURATED:125[0];HGNC.Current:13181[1];HGNC.Current:13181[1>0];Ensembl.HGNC:188341[3>0]
NM_001291840	Ensembl.RefSeq_mRNA:205233[1];Ensembl.RefSeq_mRNA:205233[1>0]	ENSG00000185811	CURATED:125[0];HGNC.Current:13181[1];HGNC.Current:13181[1>0];Ensembl.HGNC:188341[3>0]
NM_001291841	Ensembl.RefSeq_mRNA:205253[1];Ensembl.RefSeq_mRNA:205253[1>0]	ENSG00000185811	CURATED:125[0];HGNC.Current:13181[1];HGNC.Current:13181[1>0];Ensembl.HGNC:188341[3>0]
NM_001291842	Ensembl.RefSeq_mRNA:205254[1];Ensembl.RefSeq_mRNA:205254[1>0]	ENSG00000185811	CURATED:125[0];HGNC.Current:13181[1];HGNC.Current:13181[1>0];Ensembl.HGNC:188341[3>0]
NM_001291843	Ensembl.RefSeq_mRNA:205248[1];Ensembl.RefSeq_mRNA:205248[1>0]	ENSG00000185811	CURATED:125[0];HGNC.Current:13181[1];HGNC.Current:13181[1>0];Ensembl.HGNC:188341[3>0]
NM_001291844	Ensembl.RefSeq_mRNA:205249[1];Ensembl.RefSeq_mRNA:205249[1>0]	ENSG00000185811	CURATED:125[0];HGNC.Current:13181[1];HGNC.Current:13181[1>0];Ensembl.HGNC:188341[3>0]
NM_001291845	Ensembl.RefSeq_mRNA:205195[1];Ensembl.RefSeq_mRNA:205195[1>0]	ENSG00000185811	CURATED:125[0];HGNC.Current:13181[1];HGNC.Current:13181[1>0];Ensembl.HGNC:188341[3>0]
NM_001291846	Ensembl.RefSeq_mRNA:205175[1];Ensembl.RefSeq_mRNA:205175[1>0]	ENSG00000185811	CURATED:125[0];HGNC.Current:13181[1];HGNC.Current:13181[1>0];Ensembl.HGNC:188341[3>0]
NM_001291847	Ensembl.RefSeq_mRNA:205258[1];Ensembl.RefSeq_mRNA:205258[1>0]	ENSG00000185811	CURATED:125[0];HGNC.Current:13181[1];HGNC.Current:13181[1>0];Ensembl.HGNC:188341[3>0]
NM_001291920	Ensembl.RefSeq_mRNA:30931[1];Ensembl.RefSeq_mRNA:30931[1>0]	ENSG00000186350	CURATED:217[0];HGNC.Current:34479[1];HGNC.Current:34479[1>0];Ensembl.HGNC:28904[3>0]
NM_001291921	Ensembl.RefSeq_mRNA:30932[1];Ensembl.RefSeq_mRNA:30932[1>0]	ENSG00000186350	CURATED:217[0];HGNC.Current:34479[1];HGNC.Current:34479[1>0];Ensembl.HGNC:28904[3>0]
NM_001291989	Ensembl.RefSeq_mRNA:119567[1];Ensembl.RefSeq_mRNA:143349[1>0]	ENSG00000204231	CURATED:218[0];HGNC.Current:34480[1];HGNC.Current:34480[1>0];Ensembl.HGNC:132824[3>0]
NM_001291989	Ensembl.RefSeq_mRNA:119567[1];Ensembl.RefSeq_mRNA:172666[1>0]	ENSG00000206289	CURATED:218[0];HGNC.Current:34480[1];HGNC.Current:34480[1>0];Ensembl.HGNC:159249[3>0]
NM_001291989	Ensembl.RefSeq_mRNA:119567[1];Ensembl.RefSeq_mRNA:137023[1>0]	ENSG00000227322	CURATED:218[0];HGNC.Current:34480[1];HGNC.Current:34480[1>0];Ensembl.HGNC:127023[3>0]
NM_001291989	Ensembl.RefSeq_mRNA:119567[1];Ensembl.RefSeq_mRNA:153472[1>0]	ENSG00000228333	CURATED:218[0];HGNC.Current:34480[1];HGNC.Current:34480[1>0];Ensembl.HGNC:141878[3>0]
NM_001291989	Ensembl.RefSeq_mRNA:119567[1];Ensembl.RefSeq_mRNA:119567[1>0]	ENSG00000231321	CURATED:218[0];HGNC.Current:34480[1];HGNC.Current:34480[1>0];Ensembl.HGNC:111135[3>0]
NM_001291989	Ensembl.RefSeq_mRNA:119567[1];Ensembl.RefSeq_mRNA:167255[1>0]	ENSG00000235712	CURATED:218[0];HGNC.Current:34480[1];HGNC.Current:34480[1>0];Ensembl.HGNC:154394[3>0]
NM_001294282	Ensembl.RefSeq_mRNA:123171[1];Ensembl.RefSeq_mRNA:123171[1>0]	ENSG00000185697	CURATED:176[0];HGNC.Current:21954[1];HGNC.Current:21954[1>0];Ensembl.HGNC:114079[3>0]
NM_001297573	Ensembl.RefSeq_mRNA:184286[1];Ensembl.RefSeq_mRNA:184286[1>0]	ENSG00000124496	CURATED:263[0];HGNC.Current:40191[1];HGNC.Current:40191[1>0];Ensembl.HGNC:169689[3>0]
NM_001297698	Ensembl.RefSeq_mRNA:37716[1];Ensembl.RefSeq_mRNA:37716[1>0]	ENSG00000111704	CURATED:178[0];HGNC.Current:22193[1];HGNC.Current:22193[1>0];Ensembl.HGNC:35294[3>0]
NM_001300	Ensembl.RefSeq_mRNA:10369[1];Ensembl.RefSeq_mRNA:10369[1>0]	ENSG00000067082	CURATED:146[0];HGNC.Current:14134[1];HGNC.Current:14134[1>0];Ensembl.HGNC:9725[3>0]
NM_001300974	Ensembl.RefSeq_mRNA:218463[1];Ensembl.RefSeq_mRNA:218463[1>0]	ENSG00000105672	CURATED:52[0];HGNC.Current:8357[1];HGNC.Current:8357[1>0];Ensembl.HGNC:200549[3>0]
NM_001301687	Ensembl.RefSeq_mRNA:284758[1];Ensembl.RefSeq_mRNA:284758[1>0]	ENSG00000168505	CURATED:82[0];HGNC.Current:10102[1];HGNC.Current:10102[1>0];Ensembl.HGNC:260357[3>0]
NM_001304519	Ensembl.RefSeq_mRNA:161701[1];Ensembl.RefSeq_mRNA:161701[1>0]	ENSG00000106038	CURATED:55[0];HGNC.Current:8385[1];HGNC.Current:8385[1>0];Ensembl.HGNC:149490[3>0]
NM_001304520	Ensembl.RefSeq_mRNA:161700[1];Ensembl.RefSeq_mRNA:161700[1>0]	ENSG00000106038	CURATED:55[0];HGNC.Current:8385[1];HGNC.Current:8385[1>0];Ensembl.HGNC:149490[3>0]
NM_001304549	Ensembl.RefSeq_mRNA:218403[1];Ensembl.RefSeq_mRNA:218403[1>0]	ENSG00000105672	CURATED:52[0];HGNC.Current:8357[1];HGNC.Current:8357[1>0];Ensembl.HGNC:200549[3>0]
NM_001304569	Ensembl.RefSeq_mRNA:189459[1];Ensembl.RefSeq_mRNA:189459[1>0]	ENSG00000075891	CURATED:195[0];HGNC.Current:24883[1];HGNC.Current:24883[1>0];Ensembl.HGNC:174222[3>0]
NM_001306207	Ensembl.RefSeq_mRNA:19971[1];Ensembl.RefSeq_mRNA:19971[1>0]	ENSG00000196628	CURATED:254[0];HGNC.Current:38510[1];HGNC.Current:38510[1>0];Ensembl.HGNC:12536[3>0]
NM_001306208	Ensembl.RefSeq_mRNA:20092[1];Ensembl.RefSeq_mRNA:20092[1>0]	ENSG00000196628	CURATED:254[0];HGNC.Current:38510[1];HGNC.Current:38510[1>0];Ensembl.HGNC:12536[3>0]
NM_001307939	Ensembl.RefSeq_mRNA:118756[1];Ensembl.RefSeq_mRNA:118756[1>0]	ENSG00000179361	CURATED:7[0];HGNC.Current:1543[1];HGNC.Current:1543[1>0];Ensembl.HGNC:110538[3>0]
NM_001308002	Ensembl.RefSeq_mRNA:284217[1];Ensembl.RefSeq_mRNA:284217[1>0]	ENSG00000081189	CURATED:162[0];HGNC.Current:18379[1];HGNC.Current:18379[1>0];Ensembl.HGNC:259555[3>0]
NM_001308093	Ensembl.RefSeq_mRNA:34385[1];Ensembl.RefSeq_mRNA:126148[1>0]	ENSG00000136574	CURATED:79[0];HGNC.Current:10072[1];HGNC.Current:10072[1>0];Ensembl.HGNC:117007[3>0]
NM_001308093	Ensembl.RefSeq_mRNA:34385[1];Ensembl.RefSeq_mRNA:34385[1>0]	ENSG00000285109	CURATED:79[0];HGNC.Current:10072[1];HGNC.Current:10072[1>0];Ensembl.HGNC:32079[3>0]
NM_001308094	Ensembl.RefSeq_mRNA:34379[1];Ensembl.RefSeq_mRNA:126118[1>0]	ENSG00000136574	CURATED:79[0];HGNC.Current:10072[1];HGNC.Current:10072[1>0];Ensembl.HGNC:117007[3>0]
NM_001308094	Ensembl.RefSeq_mRNA:34379[1];Ensembl.RefSeq_mRNA:34379[1>0]	ENSG00000285109	CURATED:79[0];HGNC.Current:10072[1];HGNC.Current:10072[1>0];Ensembl.HGNC:32079[3>0]
NM_001310158	Ensembl.RefSeq_mRNA:238281[1];Ensembl.RefSeq_mRNA:238281[1>0]	ENSG00000007372	CURATED:198[0];HGNC.Current:24887[1];HGNC.Current:24887[1>0];Ensembl.HGNC:216546[3>0]
NM_001310159	Ensembl.RefSeq_mRNA:238725[1];Ensembl.RefSeq_mRNA:238725[1>0]	ENSG00000007372	CURATED:198[0];HGNC.Current:24887[1];HGNC.Current:24887[1>0];Ensembl.HGNC:216546[3>0]
NM_001310160	Ensembl.RefSeq_mRNA:238336[1];Ensembl.RefSeq_mRNA:238336[1>0]	ENSG00000007372	CURATED:198[0];HGNC.Current:24887[1];HGNC.Current:24887[1>0];Ensembl.HGNC:216546[3>0]
NM_001310161	Ensembl.RefSeq_mRNA:238359[1];Ensembl.RefSeq_mRNA:238359[1>0]	ENSG00000007372	CURATED:198[0];HGNC.Current:24887[1];HGNC.Current:24887[1>0];Ensembl.HGNC:216546[3>0]
NM_001313900	Ensembl.RefSeq_mRNA:285416[1];Ensembl.RefSeq_mRNA:285416[1>0]	ENSG00000116044	CURATED:182[0];HGNC.Current:22659[1];HGNC.Current:22659[1>0];Ensembl.HGNC:260805[3>0]
NM_001313901	Ensembl.RefSeq_mRNA:285417[1];Ensembl.RefSeq_mRNA:285417[1>0]	ENSG00000116044	CURATED:182[0];HGNC.Current:22659[1];HGNC.Current:22659[1>0];Ensembl.HGNC:260805[3>0]
NM_001313902	Ensembl.RefSeq_mRNA:285448[1];Ensembl.RefSeq_mRNA:285448[1>0]	ENSG00000116044	CURATED:182[0];HGNC.Current:22659[1];HGNC.Current:22659[1>0];Ensembl.HGNC:260805[3>0]
NM_001313903	Ensembl.RefSeq_mRNA:285452[1];Ensembl.RefSeq_mRNA:285452[1>0]	ENSG00000116044	CURATED:182[0];HGNC.Current:22659[1];HGNC.Current:22659[1>0];Ensembl.HGNC:260805[3>0]
NM_001313904	Ensembl.RefSeq_mRNA:285418[1];Ensembl.RefSeq_mRNA:285418[1>0]	ENSG00000116044	CURATED:182[0];HGNC.Current:22659[1];HGNC.Current:22659[1>0];Ensembl.HGNC:260805[3>0]
NM_001314052	Ensembl.RefSeq_mRNA:29640[1];Ensembl.RefSeq_mRNA:29640[1>0]	ENSG00000136826	CURATED:144[0];HGNC.Current:14131[1];HGNC.Current:14131[1>0];Ensembl.HGNC:28028[3>0]
NM_001317950	Ensembl.RefSeq_mRNA:161207[1];Ensembl.RefSeq_mRNA:161207[1>0]	ENSG00000106948	CURATED:2[0];HGNC.Current:787[1];HGNC.Current:787[1>0];Ensembl.HGNC:148750[3>0]
NM_001317952	Ensembl.RefSeq_mRNA:161235[1];Ensembl.RefSeq_mRNA:161235[1>0]	ENSG00000106948	CURATED:2[0];HGNC.Current:787[1];HGNC.Current:787[1>0];Ensembl.HGNC:148750[3>0]
NM_001319077	Ensembl.RefSeq_mRNA:210614[1];Ensembl.RefSeq_mRNA:210614[1>0]	ENSG00000137309	CURATED:99[0];HGNC.Current:11744[1];HGNC.Current:11744[1>0];Ensembl.HGNC:193473[3>0]
NM_001319078	Ensembl.RefSeq_mRNA:210556[1];Ensembl.RefSeq_mRNA:210556[1>0]	ENSG00000137309	CURATED:99[0];HGNC.Current:11744[1];HGNC.Current:11744[1>0];Ensembl.HGNC:193473[3>0]
NM_001319079	Ensembl.RefSeq_mRNA:210605[1];Ensembl.RefSeq_mRNA:210605[1>0]	ENSG00000137309	CURATED:99[0];HGNC.Current:11744[1];HGNC.Current:11744[1>0];Ensembl.HGNC:193473[3>0]
NM_001319080	Ensembl.RefSeq_mRNA:210616[1];Ensembl.RefSeq_mRNA:210616[1>0]	ENSG00000137309	CURATED:99[0];HGNC.Current:11744[1];HGNC.Current:11744[1>0];Ensembl.HGNC:193473[3>0]
NM_001319081	Ensembl.RefSeq_mRNA:210557[1];Ensembl.RefSeq_mRNA:210557[1>0]	ENSG00000137309	CURATED:99[0];HGNC.Current:11744[1];HGNC.Current:11744[1>0];Ensembl.HGNC:193473[3>0]
NM_001319082	Ensembl.RefSeq_mRNA:210603[1];Ensembl.RefSeq_mRNA:210603[1>0]	ENSG00000137309	CURATED:99[0];HGNC.Current:11744[1];HGNC.Current:11744[1>0];Ensembl.HGNC:193473[3>0]
NM_001319206	Ensembl.RefSeq_mRNA:191322[1];Ensembl.RefSeq_mRNA:191322[1>0]	ENSG00000068305	CURATED:161[0];HGNC.Current:18376[1];HGNC.Current:18376[1>0];Ensembl.HGNC:175896[3>0]
NM_001319226	Ensembl.RefSeq_mRNA:176897[1];Ensembl.RefSeq_mRNA:176897[1>0]	ENSG00000109320	CURATED:184[0];HGNC.Current:22673[1];HGNC.Current:22673[1>0];Ensembl.HGNC:162880[3>0]
NM_001320383	Ensembl.RefSeq_mRNA:27086[1];Ensembl.RefSeq_mRNA:27086[1>0]	ENSG00000160221	CURATED:90[0];HGNC.Current:11563[1];HGNC.Current:10083[8>1];HGNC.Current:10083[1];HGNC.Current:10083[1>0];Ensembl.HGNC:25032[3>0]
NM_001320384	Ensembl.RefSeq_mRNA:26957[1];Ensembl.RefSeq_mRNA:26957[1>0]	ENSG00000160221	CURATED:90[0];HGNC.Current:11563[1];HGNC.Current:10083[8>1];HGNC.Current:10083[1];HGNC.Current:10083[1>0];Ensembl.HGNC:25032[3>0]
NM_001320672	Ensembl.RefSeq_mRNA:299627[1];Ensembl.RefSeq_mRNA:299627[1>0]	ENSG00000020633	CURATED:216[0];HGNC.Current:34454[1];HGNC.Current:34454[1>0];Ensembl.HGNC:273507[3>0]
NM_001320793	Ensembl.RefSeq_mRNA:269819[1];Ensembl.RefSeq_mRNA:269819[1>0]	ENSG00000118260	CURATED:24[0];HGNC.Current:5501[1];HGNC.Current:5501[1>0];Ensembl.HGNC:246988[3>0]
NM_001321037	Ensembl.RefSeq_mRNA:123359[1];Ensembl.RefSeq_mRNA:123359[1>0]	ENSG00000122877	CURATED:41[0];HGNC.Current:7620[1];HGNC.Current:7620[1>0];Ensembl.HGNC:114586[3>0]
NM_001321120	Ensembl.RefSeq_mRNA:279611[1];Ensembl.RefSeq_mRNA:279611[1>0]	ENSG00000121075	CURATED:249[0];HGNC.Current:38455[1];HGNC.Current:38455[1>0];Ensembl.HGNC:255722[3>0]
NM_001321150	Ensembl.RefSeq_mRNA:225768[1];Ensembl.RefSeq_mRNA:225768[1>0]	ENSG00000105698	CURATED:266[0];HGNC.Current:41753[1];HGNC.Current:41753[1>0];Ensembl.HGNC:206880[3>0]
NM_001322871	Ensembl.RefSeq_mRNA:259480[1];Ensembl.RefSeq_mRNA:259480[1>0]	ENSG00000182568	CURATED:220[0];HGNC.Current:34631[1];HGNC.Current:34631[1>0];Ensembl.HGNC:237609[3>0]
NM_001322872	Ensembl.RefSeq_mRNA:259491[1];Ensembl.RefSeq_mRNA:259491[1>0]	ENSG00000182568	CURATED:220[0];HGNC.Current:34631[1];HGNC.Current:34631[1>0];Ensembl.HGNC:237609[3>0]
NM_001322873	Ensembl.RefSeq_mRNA:259477[1];Ensembl.RefSeq_mRNA:259477[1>0]	ENSG00000182568	CURATED:220[0];HGNC.Current:34631[1];HGNC.Current:34631[1>0];Ensembl.HGNC:237609[3>0]
NM_001322874	Ensembl.RefSeq_mRNA:259496[1];Ensembl.RefSeq_mRNA:259496[1>0]	ENSG00000182568	CURATED:220[0];HGNC.Current:34631[1];HGNC.Current:34631[1>0];Ensembl.HGNC:237609[3>0]
NM_001322875	Ensembl.RefSeq_mRNA:259478[1];Ensembl.RefSeq_mRNA:259478[1>0]	ENSG00000182568	CURATED:220[0];HGNC.Current:34631[1];HGNC.Current:34631[1>0];Ensembl.HGNC:237609[3>0]
NM_001322876	Ensembl.RefSeq_mRNA:259492[1];Ensembl.RefSeq_mRNA:259492[1>0]	ENSG00000182568	CURATED:220[0];HGNC.Current:34631[1];HGNC.Current:34631[1>0];Ensembl.HGNC:237609[3>0]
NM_001323638	Ensembl.RefSeq_mRNA:99489[1];Ensembl.RefSeq_mRNA:99489[1>0]	ENSG00000148516	CURATED:271[0];HGNC.Current:42924[1];HGNC.Current:42924[1>0];Ensembl.HGNC:92740[3>0]
NM_001323641	Ensembl.RefSeq_mRNA:99806[1];Ensembl.RefSeq_mRNA:99806[1>0]	ENSG00000148516	CURATED:271[0];HGNC.Current:42924[1];HGNC.Current:42924[1>0];Ensembl.HGNC:92740[3>0]
NM_001323642	Ensembl.RefSeq_mRNA:99829[1];Ensembl.RefSeq_mRNA:99829[1>0]	ENSG00000148516	CURATED:271[0];HGNC.Current:42924[1];HGNC.Current:42924[1>0];Ensembl.HGNC:92740[3>0]
NM_001323643	Ensembl.RefSeq_mRNA:99827[1];Ensembl.RefSeq_mRNA:99827[1>0]	ENSG00000148516	CURATED:271[0];HGNC.Current:42924[1];HGNC.Current:42924[1>0];Ensembl.HGNC:92740[3>0]
NM_001323644	Ensembl.RefSeq_mRNA:99840[1];Ensembl.RefSeq_mRNA:99840[1>0]	ENSG00000148516	CURATED:271[0];HGNC.Current:42924[1];HGNC.Current:42924[1>0];Ensembl.HGNC:92740[3>0]
NM_001323645	Ensembl.RefSeq_mRNA:99830[1];Ensembl.RefSeq_mRNA:99830[1>0]	ENSG00000148516	CURATED:271[0];HGNC.Current:42924[1];HGNC.Current:42924[1>0];Ensembl.HGNC:92740[3>0]
NM_001323646	Ensembl.RefSeq_mRNA:99828[1];Ensembl.RefSeq_mRNA:99828[1>0]	ENSG00000148516	CURATED:271[0];HGNC.Current:42924[1];HGNC.Current:42924[1>0];Ensembl.HGNC:92740[3>0]
NM_001323647	Ensembl.RefSeq_mRNA:99814[1];Ensembl.RefSeq_mRNA:99814[1>0]	ENSG00000148516	CURATED:271[0];HGNC.Current:42924[1];HGNC.Current:42924[1>0];Ensembl.HGNC:92740[3>0]
NM_001323648	Ensembl.RefSeq_mRNA:99815[1];Ensembl.RefSeq_mRNA:99815[1>0]	ENSG00000148516	CURATED:271[0];HGNC.Current:42924[1];HGNC.Current:42924[1>0];Ensembl.HGNC:92740[3>0]
NM_001323649	Ensembl.RefSeq_mRNA:99813[1];Ensembl.RefSeq_mRNA:99813[1>0]	ENSG00000148516	CURATED:271[0];HGNC.Current:42924[1];HGNC.Current:42924[1>0];Ensembl.HGNC:92740[3>0]
NM_001323650	Ensembl.RefSeq_mRNA:99809[1];Ensembl.RefSeq_mRNA:99809[1>0]	ENSG00000148516	CURATED:271[0];HGNC.Current:42924[1];HGNC.Current:42924[1>0];Ensembl.HGNC:92740[3>0]
NM_001323651	Ensembl.RefSeq_mRNA:99808[1];Ensembl.RefSeq_mRNA:99808[1>0]	ENSG00000148516	CURATED:271[0];HGNC.Current:42924[1];HGNC.Current:42924[1>0];Ensembl.HGNC:92740[3>0]
NM_001323652	Ensembl.RefSeq_mRNA:99812[1];Ensembl.RefSeq_mRNA:99812[1>0]	ENSG00000148516	CURATED:271[0];HGNC.Current:42924[1];HGNC.Current:42924[1>0];Ensembl.HGNC:92740[3>0]
NM_001323653	Ensembl.RefSeq_mRNA:99810[1];Ensembl.RefSeq_mRNA:99810[1>0]	ENSG00000148516	CURATED:271[0];HGNC.Current:42924[1];HGNC.Current:42924[1>0];Ensembl.HGNC:92740[3>0]
NM_001323654	Ensembl.RefSeq_mRNA:99807[1];Ensembl.RefSeq_mRNA:99807[1>0]	ENSG00000148516	CURATED:271[0];HGNC.Current:42924[1];HGNC.Current:42924[1>0];Ensembl.HGNC:92740[3>0]
NM_001323655	Ensembl.RefSeq_mRNA:99811[1];Ensembl.RefSeq_mRNA:99811[1>0]	ENSG00000148516	CURATED:271[0];HGNC.Current:42924[1];HGNC.Current:42924[1>0];Ensembl.HGNC:92740[3>0]
NM_001323656	Ensembl.RefSeq_mRNA:99819[1];Ensembl.RefSeq_mRNA:99819[1>0]	ENSG00000148516	CURATED:271[0];HGNC.Current:42924[1];HGNC.Current:42924[1>0];Ensembl.HGNC:92740[3>0]
NM_001323657	Ensembl.RefSeq_mRNA:99818[1];Ensembl.RefSeq_mRNA:99818[1>0]	ENSG00000148516	CURATED:271[0];HGNC.Current:42924[1];HGNC.Current:42924[1>0];Ensembl.HGNC:92740[3>0]
NM_001323658	Ensembl.RefSeq_mRNA:99842[1];Ensembl.RefSeq_mRNA:99842[1>0]	ENSG00000148516	CURATED:271[0];HGNC.Current:42924[1];HGNC.Current:42924[1>0];Ensembl.HGNC:92740[3>0]
NM_001323659	Ensembl.RefSeq_mRNA:99820[1];Ensembl.RefSeq_mRNA:99820[1>0]	ENSG00000148516	CURATED:271[0];HGNC.Current:42924[1];HGNC.Current:42924[1>0];Ensembl.HGNC:92740[3>0]
NM_001323660	Ensembl.RefSeq_mRNA:99821[1];Ensembl.RefSeq_mRNA:99821[1>0]	ENSG00000148516	CURATED:271[0];HGNC.Current:42924[1];HGNC.Current:42924[1>0];Ensembl.HGNC:92740[3>0]
NM_001323661	Ensembl.RefSeq_mRNA:99832[1];Ensembl.RefSeq_mRNA:99832[1>0]	ENSG00000148516	CURATED:271[0];HGNC.Current:42924[1];HGNC.Current:42924[1>0];Ensembl.HGNC:92740[3>0]
NM_001323662	Ensembl.RefSeq_mRNA:99863[1];Ensembl.RefSeq_mRNA:99863[1>0]	ENSG00000148516	CURATED:271[0];HGNC.Current:42924[1];HGNC.Current:42924[1>0];Ensembl.HGNC:92740[3>0]
NM_001323663	Ensembl.RefSeq_mRNA:99862[1];Ensembl.RefSeq_mRNA:99862[1>0]	ENSG00000148516	CURATED:271[0];HGNC.Current:42924[1];HGNC.Current:42924[1>0];Ensembl.HGNC:92740[3>0]
NM_001323664	Ensembl.RefSeq_mRNA:99864[1];Ensembl.RefSeq_mRNA:99864[1>0]	ENSG00000148516	CURATED:271[0];HGNC.Current:42924[1];HGNC.Current:42924[1>0];Ensembl.HGNC:92740[3>0]
NM_001323665	Ensembl.RefSeq_mRNA:99865[1];Ensembl.RefSeq_mRNA:99865[1>0]	ENSG00000148516	CURATED:271[0];HGNC.Current:42924[1];HGNC.Current:42924[1>0];Ensembl.HGNC:92740[3>0]
NM_001323666	Ensembl.RefSeq_mRNA:99822[1];Ensembl.RefSeq_mRNA:99822[1>0]	ENSG00000148516	CURATED:271[0];HGNC.Current:42924[1];HGNC.Current:42924[1>0];Ensembl.HGNC:92740[3>0]
NM_001323671	Ensembl.RefSeq_mRNA:99834[1];Ensembl.RefSeq_mRNA:99834[1>0]	ENSG00000148516	CURATED:271[0];HGNC.Current:42924[1];HGNC.Current:42924[1>0];Ensembl.HGNC:92740[3>0]
NM_001323672	Ensembl.RefSeq_mRNA:99833[1];Ensembl.RefSeq_mRNA:99833[1>0]	ENSG00000148516	CURATED:271[0];HGNC.Current:42924[1];HGNC.Current:42924[1>0];Ensembl.HGNC:92740[3>0]
NM_001323673	Ensembl.RefSeq_mRNA:99835[1];Ensembl.RefSeq_mRNA:99835[1>0]	ENSG00000148516	CURATED:271[0];HGNC.Current:42924[1];HGNC.Current:42924[1>0];Ensembl.HGNC:92740[3>0]
NM_001323674	Ensembl.RefSeq_mRNA:99817[1];Ensembl.RefSeq_mRNA:99817[1>0]	ENSG00000148516	CURATED:271[0];HGNC.Current:42924[1];HGNC.Current:42924[1>0];Ensembl.HGNC:92740[3>0]
NM_001323675	Ensembl.RefSeq_mRNA:99823[1];Ensembl.RefSeq_mRNA:99823[1>0]	ENSG00000148516	CURATED:271[0];HGNC.Current:42924[1];HGNC.Current:42924[1>0];Ensembl.HGNC:92740[3>0]
NM_001323676	Ensembl.RefSeq_mRNA:99836[1];Ensembl.RefSeq_mRNA:99836[1>0]	ENSG00000148516	CURATED:271[0];HGNC.Current:42924[1];HGNC.Current:42924[1>0];Ensembl.HGNC:92740[3>0]
NM_001323677	Ensembl.RefSeq_mRNA:99804[1];Ensembl.RefSeq_mRNA:99804[1>0]	ENSG00000148516	CURATED:271[0];HGNC.Current:42924[1];HGNC.Current:42924[1>0];Ensembl.HGNC:92740[3>0]
NM_001323678	Ensembl.RefSeq_mRNA:99868[1];Ensembl.RefSeq_mRNA:99868[1>0]	ENSG00000148516	CURATED:271[0];HGNC.Current:42924[1];HGNC.Current:42924[1>0];Ensembl.HGNC:92740[3>0]
NM_001324099	Ensembl.RefSeq_mRNA:18291[1];Ensembl.RefSeq_mRNA:18291[1>0]	ENSG00000102349	CURATED:148[0];HGNC.Current:14138[1];HGNC.Current:14138[1>0];Ensembl.HGNC:17096[3>0]
NM_001324100	Ensembl.RefSeq_mRNA:18266[1];Ensembl.RefSeq_mRNA:18266[1>0]	ENSG00000102349	CURATED:148[0];HGNC.Current:14138[1];HGNC.Current:14138[1>0];Ensembl.HGNC:17096[3>0]
NM_001324101	Ensembl.RefSeq_mRNA:286007[1];Ensembl.RefSeq_mRNA:286007[1>0]	ENSG00000164330	CURATED:36[0];HGNC.Current:7389[1];HGNC.Current:7389[1>0];Ensembl.HGNC:261467[3>0]
NM_001324102	Ensembl.RefSeq_mRNA:18265[1];Ensembl.RefSeq_mRNA:18265[1>0]	ENSG00000102349	CURATED:148[0];HGNC.Current:14138[1];HGNC.Current:14138[1>0];Ensembl.HGNC:17096[3>0]
NM_001324103	Ensembl.RefSeq_mRNA:286005[1];Ensembl.RefSeq_mRNA:286005[1>0]	ENSG00000164330	CURATED:36[0];HGNC.Current:7389[1];HGNC.Current:7389[1>0];Ensembl.HGNC:261467[3>0]
NM_001324104	Ensembl.RefSeq_mRNA:18263[1];Ensembl.RefSeq_mRNA:18263[1>0]	ENSG00000102349	CURATED:148[0];HGNC.Current:14138[1];HGNC.Current:14138[1>0];Ensembl.HGNC:17096[3>0]
NM_001324105	Ensembl.RefSeq_mRNA:18262[1];Ensembl.RefSeq_mRNA:18262[1>0]	ENSG00000102349	CURATED:148[0];HGNC.Current:14138[1];HGNC.Current:14138[1>0];Ensembl.HGNC:17096[3>0]
NM_001324106	Ensembl.RefSeq_mRNA:286002[1];Ensembl.RefSeq_mRNA:286002[1>0]	ENSG00000164330	CURATED:36[0];HGNC.Current:7389[1];HGNC.Current:7389[1>0];Ensembl.HGNC:261467[3>0]
NM_001324107	Ensembl.RefSeq_mRNA:286003[1];Ensembl.RefSeq_mRNA:286003[1>0]	ENSG00000164330	CURATED:36[0];HGNC.Current:7389[1];HGNC.Current:7389[1>0];Ensembl.HGNC:261467[3>0]
NM_001324108	Ensembl.RefSeq_mRNA:286001[1];Ensembl.RefSeq_mRNA:286001[1>0]	ENSG00000164330	CURATED:36[0];HGNC.Current:7389[1];HGNC.Current:7389[1>0];Ensembl.HGNC:261467[3>0]
NM_001324109	Ensembl.RefSeq_mRNA:286015[1];Ensembl.RefSeq_mRNA:286015[1>0]	ENSG00000164330	CURATED:36[0];HGNC.Current:7389[1];HGNC.Current:7389[1>0];Ensembl.HGNC:261467[3>0]
NM_001324111	Ensembl.RefSeq_mRNA:286008[1];Ensembl.RefSeq_mRNA:286008[1>0]	ENSG00000164330	CURATED:36[0];HGNC.Current:7389[1];HGNC.Current:7389[1>0];Ensembl.HGNC:261467[3>0]
NM_001326542	Ensembl.RefSeq_mRNA:24262[1];Ensembl.RefSeq_mRNA:24262[1>0]	ENSG00000105866	CURATED:235[0];HGNC.Current:37163[1];HGNC.Current:37163[1>0];Ensembl.HGNC:22722[3>0]
NM_001326543	Ensembl.RefSeq_mRNA:24261[1];Ensembl.RefSeq_mRNA:24261[1>0]	ENSG00000105866	CURATED:235[0];HGNC.Current:37163[1];HGNC.Current:37163[1>0];Ensembl.HGNC:22722[3>0]
NM_001330375	Ensembl.RefSeq_mRNA:275684[1];Ensembl.RefSeq_mRNA:275684[1>0]	ENSG00000108924	CURATED:97[0];HGNC.Current:11726[1];HGNC.Current:11726[1>0];Ensembl.HGNC:252335[3>0]
NM_001330451	Ensembl.RefSeq_mRNA:264180[1];Ensembl.RefSeq_mRNA:264180[1>0]	ENSG00000134954	CURATED:50[0];HGNC.Current:8351[1];HGNC.Current:8351[1>0];Ensembl.HGNC:242014[3>0]
NM_001330604	Ensembl.RefSeq_mRNA:18987[1];Ensembl.RefSeq_mRNA:18987[1>0]	ENSG00000196628	CURATED:254[0];HGNC.Current:38510[1];HGNC.Current:38510[1>0];Ensembl.HGNC:12536[3>0]
NM_001330605	Ensembl.RefSeq_mRNA:19452[1];Ensembl.RefSeq_mRNA:19452[1>0]	ENSG00000196628	CURATED:254[0];HGNC.Current:38510[1];HGNC.Current:38510[1>0];Ensembl.HGNC:12536[3>0]
NM_001330729	Ensembl.RefSeq_mRNA:289255[1];Ensembl.RefSeq_mRNA:289255[1>0]	ENSG00000168036	CURATED:26[0];HGNC.Current:5816[1];HGNC.Current:5816[1>0];Ensembl.HGNC:263315[3>0]
NM_001331025	Ensembl.RefSeq_mRNA:16896[1];Ensembl.RefSeq_mRNA:16896[1>0]	ENSG00000157554	CURATED:49[0];HGNC.Current:8145[1];HGNC.Current:8145[1>0];Ensembl.HGNC:15734[3>0]
NM_001331036	Ensembl.RefSeq_mRNA:160957[1];Ensembl.RefSeq_mRNA:160957[1>0]	ENSG00000109381	CURATED:43[0];HGNC.Current:7811[1];HGNC.Current:7811[1>0];Ensembl.HGNC:148522[3>0]
NM_001346425	Ensembl.RefSeq_mRNA:281010[1];Ensembl.RefSeq_mRNA:281010[1>0]	ENSG00000081059	CURATED:255[0];HGNC.Current:38513[1];HGNC.Current:38513[1>0];Ensembl.HGNC:256964[3>0]
NM_001346450	Ensembl.RefSeq_mRNA:281082[1];Ensembl.RefSeq_mRNA:281082[1>0]	ENSG00000081059	CURATED:255[0];HGNC.Current:38513[1];HGNC.Current:38513[1>0];Ensembl.HGNC:256964[3>0]
NM_001348211	Ensembl.RefSeq_mRNA:19960[1];Ensembl.RefSeq_mRNA:19960[1>0]	ENSG00000196628	CURATED:254[0];HGNC.Current:38510[1];HGNC.Current:38510[1>0];Ensembl.HGNC:12536[3>0]
NM_001348212	Ensembl.RefSeq_mRNA:20046[1];Ensembl.RefSeq_mRNA:20046[1>0]	ENSG00000196628	CURATED:254[0];HGNC.Current:38510[1];HGNC.Current:38510[1>0];Ensembl.HGNC:12536[3>0]
NM_001348213	Ensembl.RefSeq_mRNA:20034[1];Ensembl.RefSeq_mRNA:20034[1>0]	ENSG00000196628	CURATED:254[0];HGNC.Current:38510[1];HGNC.Current:38510[1>0];Ensembl.HGNC:12536[3>0]
NM_001348214	Ensembl.RefSeq_mRNA:19920[1];Ensembl.RefSeq_mRNA:19920[1>0]	ENSG00000196628	CURATED:254[0];HGNC.Current:38510[1];HGNC.Current:38510[1>0];Ensembl.HGNC:12536[3>0]
NM_001348215	Ensembl.RefSeq_mRNA:19464[1];Ensembl.RefSeq_mRNA:19464[1>0]	ENSG00000196628	CURATED:254[0];HGNC.Current:38510[1];HGNC.Current:38510[1>0];Ensembl.HGNC:12536[3>0]
NM_001348216	Ensembl.RefSeq_mRNA:20066[1];Ensembl.RefSeq_mRNA:20066[1>0]	ENSG00000196628	CURATED:254[0];HGNC.Current:38510[1];HGNC.Current:38510[1>0];Ensembl.HGNC:12536[3>0]
NM_001348217	Ensembl.RefSeq_mRNA:19946[1];Ensembl.RefSeq_mRNA:19946[1>0]	ENSG00000196628	CURATED:254[0];HGNC.Current:38510[1];HGNC.Current:38510[1>0];Ensembl.HGNC:12536[3>0]
NM_001348218	Ensembl.RefSeq_mRNA:19945[1];Ensembl.RefSeq_mRNA:19945[1>0]	ENSG00000196628	CURATED:254[0];HGNC.Current:38510[1];HGNC.Current:38510[1>0];Ensembl.HGNC:12536[3>0]
NM_001348219	Ensembl.RefSeq_mRNA:19970[1];Ensembl.RefSeq_mRNA:19970[1>0]	ENSG00000196628	CURATED:254[0];HGNC.Current:38510[1];HGNC.Current:38510[1>0];Ensembl.HGNC:12536[3>0]
NM_001348220	Ensembl.RefSeq_mRNA:20007[1];Ensembl.RefSeq_mRNA:20007[1>0]	ENSG00000196628	CURATED:254[0];HGNC.Current:38510[1];HGNC.Current:38510[1>0];Ensembl.HGNC:12536[3>0]
NM_001348800	Ensembl.RefSeq_mRNA:267116[1];Ensembl.RefSeq_mRNA:267116[1>0]	ENSG00000181722	CURATED:270[0];HGNC.Current:42809[1];HGNC.Current:42809[1>0];Ensembl.HGNC:244837[3>0]
NM_001348801	Ensembl.RefSeq_mRNA:267121[1];Ensembl.RefSeq_mRNA:267121[1>0]	ENSG00000181722	CURATED:270[0];HGNC.Current:42809[1];HGNC.Current:42809[1>0];Ensembl.HGNC:244837[3>0]
NM_001348802	Ensembl.RefSeq_mRNA:267122[1];Ensembl.RefSeq_mRNA:267122[1>0]	ENSG00000181722	CURATED:270[0];HGNC.Current:42809[1];HGNC.Current:42809[1>0];Ensembl.HGNC:244837[3>0]
NM_001348803	Ensembl.RefSeq_mRNA:267117[1];Ensembl.RefSeq_mRNA:267117[1>0]	ENSG00000181722	CURATED:270[0];HGNC.Current:42809[1];HGNC.Current:42809[1>0];Ensembl.HGNC:244837[3>0]
NM_001348804	Ensembl.RefSeq_mRNA:267123[1];Ensembl.RefSeq_mRNA:267123[1>0]	ENSG00000181722	CURATED:270[0];HGNC.Current:42809[1];HGNC.Current:42809[1>0];Ensembl.HGNC:244837[3>0]
NM_001348805	Ensembl.RefSeq_mRNA:267124[1];Ensembl.RefSeq_mRNA:267124[1>0]	ENSG00000181722	CURATED:270[0];HGNC.Current:42809[1];HGNC.Current:42809[1>0];Ensembl.HGNC:244837[3>0]
NM_001348928	Ensembl.RefSeq_mRNA:241117[1];Ensembl.RefSeq_mRNA:241117[1>0]	ENSG00000121570	CURATED:33[0];HGNC.Current:7060[1];HGNC.Current:7060[1>0];Ensembl.HGNC:220992[3>0]
NM_001348929	Ensembl.RefSeq_mRNA:241118[1];Ensembl.RefSeq_mRNA:241118[1>0]	ENSG00000121570	CURATED:33[0];HGNC.Current:7060[1];HGNC.Current:7060[1>0];Ensembl.HGNC:220992[3>0]
NM_001349337	Ensembl.RefSeq_mRNA:221595[1];Ensembl.RefSeq_mRNA:221595[1>0]	ENSG00000114861	CURATED:73[0];HGNC.Current:9478[1];HGNC.Current:9478[1>0];Ensembl.HGNC:201807[3>0]
NM_001349338	Ensembl.RefSeq_mRNA:221237[1];Ensembl.RefSeq_mRNA:221237[1>0]	ENSG00000114861	CURATED:73[0];HGNC.Current:9478[1];HGNC.Current:9478[1>0];Ensembl.HGNC:201807[3>0]
NM_001349340	Ensembl.RefSeq_mRNA:221236[1];Ensembl.RefSeq_mRNA:221236[1>0]	ENSG00000114861	CURATED:73[0];HGNC.Current:9478[1];HGNC.Current:9478[1>0];Ensembl.HGNC:201807[3>0]
NM_001349341	Ensembl.RefSeq_mRNA:221589[1];Ensembl.RefSeq_mRNA:221589[1>0]	ENSG00000114861	CURATED:73[0];HGNC.Current:9478[1];HGNC.Current:9478[1>0];Ensembl.HGNC:201807[3>0]
NM_001349342	Ensembl.RefSeq_mRNA:221636[1];Ensembl.RefSeq_mRNA:221636[1>0]	ENSG00000114861	CURATED:73[0];HGNC.Current:9478[1];HGNC.Current:9478[1>0];Ensembl.HGNC:201807[3>0]
NM_001349343	Ensembl.RefSeq_mRNA:221631[1];Ensembl.RefSeq_mRNA:221631[1>0]	ENSG00000114861	CURATED:73[0];HGNC.Current:9478[1];HGNC.Current:9478[1>0];Ensembl.HGNC:201807[3>0]
NM_001349344	Ensembl.RefSeq_mRNA:221482[1];Ensembl.RefSeq_mRNA:221482[1>0]	ENSG00000114861	CURATED:73[0];HGNC.Current:9478[1];HGNC.Current:9478[1>0];Ensembl.HGNC:201807[3>0]
NM_001349608	Ensembl.RefSeq_mRNA:301617[1];Ensembl.RefSeq_mRNA:301617[1>0]	ENSG00000171735	CURATED:14[0];HGNC.Current:3339[1];HGNC.Current:3339[1>0];Ensembl.HGNC:275261[3>0]
NM_001349609	Ensembl.RefSeq_mRNA:301628[1];Ensembl.RefSeq_mRNA:301628[1>0]	ENSG00000171735	CURATED:14[0];HGNC.Current:3339[1];HGNC.Current:3339[1>0];Ensembl.HGNC:275261[3>0]
NM_001349610	Ensembl.RefSeq_mRNA:301623[1];Ensembl.RefSeq_mRNA:301623[1>0]	ENSG00000171735	CURATED:14[0];HGNC.Current:3339[1];HGNC.Current:3339[1>0];Ensembl.HGNC:275261[3>0]
NM_001349612	Ensembl.RefSeq_mRNA:301624[1];Ensembl.RefSeq_mRNA:301624[1>0]	ENSG00000171735	CURATED:14[0];HGNC.Current:3339[1];HGNC.Current:3339[1>0];Ensembl.HGNC:275261[3>0]
NM_001349613	Ensembl.RefSeq_mRNA:301643[1];Ensembl.RefSeq_mRNA:301643[1>0]	ENSG00000171735	CURATED:14[0];HGNC.Current:3339[1];HGNC.Current:3339[1>0];Ensembl.HGNC:275261[3>0]
NM_001349614	Ensembl.RefSeq_mRNA:301652[1];Ensembl.RefSeq_mRNA:301652[1>0]	ENSG00000171735	CURATED:14[0];HGNC.Current:3339[1];HGNC.Current:3339[1>0];Ensembl.HGNC:275261[3>0]
NM_001349615	Ensembl.RefSeq_mRNA:301655[1];Ensembl.RefSeq_mRNA:301655[1>0]	ENSG00000171735	CURATED:14[0];HGNC.Current:3339[1];HGNC.Current:3339[1>0];Ensembl.HGNC:275261[3>0]
NM_001349616	Ensembl.RefSeq_mRNA:301640[1];Ensembl.RefSeq_mRNA:301640[1>0]	ENSG00000171735	CURATED:14[0];HGNC.Current:3339[1];HGNC.Current:3339[1>0];Ensembl.HGNC:275261[3>0]
NM_001349617	Ensembl.RefSeq_mRNA:301642[1];Ensembl.RefSeq_mRNA:301642[1>0]	ENSG00000171735	CURATED:14[0];HGNC.Current:3339[1];HGNC.Current:3339[1>0];Ensembl.HGNC:275261[3>0]
NM_001349618	Ensembl.RefSeq_mRNA:301644[1];Ensembl.RefSeq_mRNA:301644[1>0]	ENSG00000171735	CURATED:14[0];HGNC.Current:3339[1];HGNC.Current:3339[1>0];Ensembl.HGNC:275261[3>0]
NM_001349619	Ensembl.RefSeq_mRNA:301651[1];Ensembl.RefSeq_mRNA:301651[1>0]	ENSG00000171735	CURATED:14[0];HGNC.Current:3339[1];HGNC.Current:3339[1>0];Ensembl.HGNC:275261[3>0]
NM_001349620	Ensembl.RefSeq_mRNA:301650[1];Ensembl.RefSeq_mRNA:301650[1>0]	ENSG00000171735	CURATED:14[0];HGNC.Current:3339[1];HGNC.Current:3339[1>0];Ensembl.HGNC:275261[3>0]
NM_001349621	Ensembl.RefSeq_mRNA:301653[1];Ensembl.RefSeq_mRNA:301653[1>0]	ENSG00000171735	CURATED:14[0];HGNC.Current:3339[1];HGNC.Current:3339[1>0];Ensembl.HGNC:275261[3>0]
NM_001349622	Ensembl.RefSeq_mRNA:301656[1];Ensembl.RefSeq_mRNA:301656[1>0]	ENSG00000171735	CURATED:14[0];HGNC.Current:3339[1];HGNC.Current:3339[1>0];Ensembl.HGNC:275261[3>0]
NM_001349623	Ensembl.RefSeq_mRNA:301654[1];Ensembl.RefSeq_mRNA:301654[1>0]	ENSG00000171735	CURATED:14[0];HGNC.Current:3339[1];HGNC.Current:3339[1>0];Ensembl.HGNC:275261[3>0]
NM_001349624	Ensembl.RefSeq_mRNA:301657[1];Ensembl.RefSeq_mRNA:301657[1>0]	ENSG00000171735	CURATED:14[0];HGNC.Current:3339[1];HGNC.Current:3339[1>0];Ensembl.HGNC:275261[3>0]
NM_001349625	Ensembl.RefSeq_mRNA:301641[1];Ensembl.RefSeq_mRNA:301641[1>0]	ENSG00000171735	CURATED:14[0];HGNC.Current:3339[1];HGNC.Current:3339[1>0];Ensembl.HGNC:275261[3>0]
NM_001349626	Ensembl.RefSeq_mRNA:301645[1];Ensembl.RefSeq_mRNA:301645[1>0]	ENSG00000171735	CURATED:14[0];HGNC.Current:3339[1];HGNC.Current:3339[1>0];Ensembl.HGNC:275261[3>0]
NM_001349627	Ensembl.RefSeq_mRNA:301627[1];Ensembl.RefSeq_mRNA:301627[1>0]	ENSG00000171735	CURATED:14[0];HGNC.Current:3339[1];HGNC.Current:3339[1>0];Ensembl.HGNC:275261[3>0]
NM_001349870	Ensembl.RefSeq_mRNA:169545[1];Ensembl.RefSeq_mRNA:169545[1>0]	ENSG00000148737	CURATED:254[0];HGNC.Current:38510[1];HGNC.Current:38516[10>1];HGNC.Current:38516[1];HGNC.Current:38516[1>0];Ensembl.HGNC:152776[3>0]
NM_001349871	Ensembl.RefSeq_mRNA:169497[1];Ensembl.RefSeq_mRNA:169497[1>0]	ENSG00000148737	CURATED:254[0];HGNC.Current:38510[1];HGNC.Current:38516[10>1];HGNC.Current:38516[1];HGNC.Current:38516[1>0];Ensembl.HGNC:152776[3>0]
NM_001351778	Ensembl.RefSeq_mRNA:244859[1];Ensembl.RefSeq_mRNA:244859[1>0]	ENSG00000071564	CURATED:253[0];HGNC.Current:38508[1];HGNC.Current:38508[1>0];Ensembl.HGNC:224257[3>0]
NM_001351779	Ensembl.RefSeq_mRNA:244918[1];Ensembl.RefSeq_mRNA:244918[1>0]	ENSG00000071564	CURATED:253[0];HGNC.Current:38508[1];HGNC.Current:38508[1>0];Ensembl.HGNC:224257[3>0]
NM_001352445	Ensembl.RefSeq_mRNA:182580[1];Ensembl.RefSeq_mRNA:182580[1>0]	ENSG00000095794	CURATED:25[0];HGNC.Current:5517[1];HGNC.Current:5517[1>0];Ensembl.HGNC:166924[3>0]
NM_001352446	Ensembl.RefSeq_mRNA:181109[1];Ensembl.RefSeq_mRNA:181109[1>0]	ENSG00000095794	CURATED:25[0];HGNC.Current:5517[1];HGNC.Current:5517[1>0];Ensembl.HGNC:166924[3>0]
NM_001352465	Ensembl.RefSeq_mRNA:181108[1];Ensembl.RefSeq_mRNA:181108[1>0]	ENSG00000095794	CURATED:25[0];HGNC.Current:5517[1];HGNC.Current:5517[1>0];Ensembl.HGNC:166924[3>0]
NM_001352466	Ensembl.RefSeq_mRNA:182272[1];Ensembl.RefSeq_mRNA:182272[1>0]	ENSG00000095794	CURATED:25[0];HGNC.Current:5517[1];HGNC.Current:5517[1>0];Ensembl.HGNC:166924[3>0]
NM_001352467	Ensembl.RefSeq_mRNA:182271[1];Ensembl.RefSeq_mRNA:182271[1>0]	ENSG00000095794	CURATED:25[0];HGNC.Current:5517[1];HGNC.Current:5517[1>0];Ensembl.HGNC:166924[3>0]
NM_001352614	Ensembl.RefSeq_mRNA:191298[1];Ensembl.RefSeq_mRNA:191298[1>0]	ENSG00000068305	CURATED:161[0];HGNC.Current:18376[1];HGNC.Current:18376[1>0];Ensembl.HGNC:175896[3>0]
NM_001352615	Ensembl.RefSeq_mRNA:191292[1];Ensembl.RefSeq_mRNA:191292[1>0]	ENSG00000068305	CURATED:161[0];HGNC.Current:18376[1];HGNC.Current:18376[1>0];Ensembl.HGNC:175896[3>0]
NM_001352616	Ensembl.RefSeq_mRNA:191326[1];Ensembl.RefSeq_mRNA:191326[1>0]	ENSG00000068305	CURATED:161[0];HGNC.Current:18376[1];HGNC.Current:18376[1>0];Ensembl.HGNC:175896[3>0]
NM_001352617	Ensembl.RefSeq_mRNA:191222[1];Ensembl.RefSeq_mRNA:191222[1>0]	ENSG00000068305	CURATED:161[0];HGNC.Current:18376[1];HGNC.Current:18376[1>0];Ensembl.HGNC:175896[3>0]
NM_001352618	Ensembl.RefSeq_mRNA:191228[1];Ensembl.RefSeq_mRNA:191228[1>0]	ENSG00000068305	CURATED:161[0];HGNC.Current:18376[1];HGNC.Current:18376[1>0];Ensembl.HGNC:175896[3>0]
NM_001353130	Ensembl.RefSeq_mRNA:295841[1];Ensembl.RefSeq_mRNA:295841[1>0]	ENSG00000185630	CURATED:199[0];HGNC.Current:24905[1];HGNC.Current:24905[1>0];Ensembl.HGNC:269930[3>0]
NM_001353131	Ensembl.RefSeq_mRNA:295827[1];Ensembl.RefSeq_mRNA:295827[1>0]	ENSG00000185630	CURATED:199[0];HGNC.Current:24905[1];HGNC.Current:24905[1>0];Ensembl.HGNC:269930[3>0]
NM_001354604	Ensembl.RefSeq_mRNA:282276[1];Ensembl.RefSeq_mRNA:282276[1>0]	ENSG00000187098	CURATED:169[0];HGNC.Current:20644[1];HGNC.Current:20644[1>0];Ensembl.HGNC:258015[3>0]
NM_001354605	Ensembl.RefSeq_mRNA:282277[1];Ensembl.RefSeq_mRNA:282277[1>0]	ENSG00000187098	CURATED:169[0];HGNC.Current:20644[1];HGNC.Current:20644[1>0];Ensembl.HGNC:258015[3>0]
NM_001354606	Ensembl.RefSeq_mRNA:282282[1];Ensembl.RefSeq_mRNA:282282[1>0]	ENSG00000187098	CURATED:169[0];HGNC.Current:20644[1];HGNC.Current:20644[1>0];Ensembl.HGNC:258015[3>0]
NM_001354607	Ensembl.RefSeq_mRNA:282260[1];Ensembl.RefSeq_mRNA:282260[1>0]	ENSG00000187098	CURATED:169[0];HGNC.Current:20644[1];HGNC.Current:20644[1>0];Ensembl.HGNC:258015[3>0]
NM_001354608	Ensembl.RefSeq_mRNA:282287[1];Ensembl.RefSeq_mRNA:282287[1>0]	ENSG00000187098	CURATED:169[0];HGNC.Current:20644[1];HGNC.Current:20644[1>0];Ensembl.HGNC:258015[3>0]
NM_001354700	Ensembl.RefSeq_mRNA:47440[1];Ensembl.RefSeq_mRNA:47440[1>0]	ENSG00000165556	CURATED:16[0];HGNC.Current:4223[1];HGNC.Current:4223[1>0];Ensembl.HGNC:44351[3>0]
NM_001354750	Ensembl.RefSeq_mRNA:177275[1];Ensembl.RefSeq_mRNA:177275[1>0]	ENSG00000109906	CURATED:269[0];HGNC.Current:42806[1];HGNC.Current:42806[1>0];Ensembl.HGNC:163499[3>0]
NM_001354751	Ensembl.RefSeq_mRNA:177301[1];Ensembl.RefSeq_mRNA:177301[1>0]	ENSG00000109906	CURATED:269[0];HGNC.Current:42806[1];HGNC.Current:42806[1>0];Ensembl.HGNC:163499[3>0]
NM_001354752	Ensembl.RefSeq_mRNA:177280[1];Ensembl.RefSeq_mRNA:177280[1>0]	ENSG00000109906	CURATED:269[0];HGNC.Current:42806[1];HGNC.Current:42806[1>0];Ensembl.HGNC:163499[3>0]
NM_001354870	Ensembl.RefSeq_mRNA:197816[1];Ensembl.RefSeq_mRNA:197816[1>0]	ENSG00000136997	CURATED:177[0];HGNC.Current:21961[1];HGNC.Current:21961[1>0];Ensembl.HGNC:181822[3>0]
NM_001354924	Ensembl.RefSeq_mRNA:243668[1];Ensembl.RefSeq_mRNA:243668[1>0]	ENSG00000125347	CURATED:128[0];HGNC.Current:13494[1];HGNC.Current:13494[1>0];Ensembl.HGNC:223200[3>0]
NM_001354925	Ensembl.RefSeq_mRNA:243651[1];Ensembl.RefSeq_mRNA:243651[1>0]	ENSG00000125347	CURATED:128[0];HGNC.Current:13494[1];HGNC.Current:13494[1>0];Ensembl.HGNC:223200[3>0]
NM_001363453	Ensembl.RefSeq_mRNA:81424[1];Ensembl.RefSeq_mRNA:81424[1>0]	ENSG00000084093	CURATED:210[0];HGNC.Current:28171[1];HGNC.Current:28171[1>0];Ensembl.HGNC:75638[3>0]
NM_001363501	Ensembl.RefSeq_mRNA:169148[1];Ensembl.RefSeq_mRNA:169148[1>0]	ENSG00000148737	CURATED:254[0];HGNC.Current:38510[1];HGNC.Current:38516[10>1];HGNC.Current:38516[1];HGNC.Current:38516[1>0];Ensembl.HGNC:152776[3>0]
NM_001363581	Ensembl.RefSeq_mRNA:284202[1];Ensembl.RefSeq_mRNA:284202[1>0]	ENSG00000081189	CURATED:162[0];HGNC.Current:18379[1];HGNC.Current:18379[1>0];Ensembl.HGNC:259555[3>0]
NM_001363626	Ensembl.RefSeq_mRNA:196890[1];Ensembl.RefSeq_mRNA:196890[1>0]	ENSG00000120149	CURATED:172[0];HGNC.Current:21209[1];HGNC.Current:21209[1>0];Ensembl.HGNC:180970[3>0]
NM_001363673	Ensembl.RefSeq_mRNA:227590[1];Ensembl.RefSeq_mRNA:227590[1>0]	ENSG00000130165	CURATED:42[0];HGNC.Current:7810[1];HGNC.Current:7894[8>1];HGNC.Current:7894[1];HGNC.Current:7894[1>0];Ensembl.HGNC:208723[3>0]
NM_001363674	Ensembl.RefSeq_mRNA:227585[1];Ensembl.RefSeq_mRNA:227585[1>0]	ENSG00000130165	CURATED:42[0];HGNC.Current:7810[1];HGNC.Current:7894[8>1];HGNC.Current:7894[1];HGNC.Current:7894[1>0];Ensembl.HGNC:208723[3>0]
NM_001363675	Ensembl.RefSeq_mRNA:227589[1];Ensembl.RefSeq_mRNA:227589[1>0]	ENSG00000130165	CURATED:42[0];HGNC.Current:7810[1];HGNC.Current:7894[8>1];HGNC.Current:7894[1];HGNC.Current:7894[1>0];Ensembl.HGNC:208723[3>0]
NM_001363864	Ensembl.RefSeq_mRNA:57959[1];Ensembl.RefSeq_mRNA:57959[1>0]	ENSG00000119866	CURATED:12[0];HGNC.Current:2342[1];HGNC.Current:2342[1>0];Ensembl.HGNC:53924[3>0]
NM_001363907	Ensembl.RefSeq_mRNA:207398[1];Ensembl.RefSeq_mRNA:207398[1>0]	ENSG00000140968	CURATED:131[0];HGNC.Current:13506[1];HGNC.Current:13506[1>0];Ensembl.HGNC:190659[3>0]
NM_001363908	Ensembl.RefSeq_mRNA:207430[1];Ensembl.RefSeq_mRNA:207430[1>0]	ENSG00000140968	CURATED:131[0];HGNC.Current:13506[1];HGNC.Current:13506[1>0];Ensembl.HGNC:190659[3>0]
NM_001364155	Ensembl.RefSeq_mRNA:286016[1];Ensembl.RefSeq_mRNA:286016[1>0]	ENSG00000164330	CURATED:36[0];HGNC.Current:7389[1];HGNC.Current:7389[1>0];Ensembl.HGNC:261467[3>0]
NM_001364156	Ensembl.RefSeq_mRNA:286011[1];Ensembl.RefSeq_mRNA:286011[1>0]	ENSG00000164330	CURATED:36[0];HGNC.Current:7389[1];HGNC.Current:7389[1>0];Ensembl.HGNC:261467[3>0]
NM_001364157	Ensembl.RefSeq_mRNA:286012[1];Ensembl.RefSeq_mRNA:286012[1>0]	ENSG00000164330	CURATED:36[0];HGNC.Current:7389[1];HGNC.Current:7389[1>0];Ensembl.HGNC:261467[3>0]
NM_001364158	Ensembl.RefSeq_mRNA:286009[1];Ensembl.RefSeq_mRNA:286009[1>0]	ENSG00000164330	CURATED:36[0];HGNC.Current:7389[1];HGNC.Current:7389[1>0];Ensembl.HGNC:261467[3>0]
NM_001364159	Ensembl.RefSeq_mRNA:286010[1];Ensembl.RefSeq_mRNA:286010[1>0]	ENSG00000164330	CURATED:36[0];HGNC.Current:7389[1];HGNC.Current:7389[1>0];Ensembl.HGNC:261467[3>0]
NM_001364329	Ensembl.RefSeq_mRNA:284154[1];Ensembl.RefSeq_mRNA:284154[1>0]	ENSG00000081189	CURATED:162[0];HGNC.Current:18379[1];HGNC.Current:18379[1>0];Ensembl.HGNC:259555[3>0]
NM_001364330	Ensembl.RefSeq_mRNA:284155[1];Ensembl.RefSeq_mRNA:284155[1>0]	ENSG00000081189	CURATED:162[0];HGNC.Current:18379[1];HGNC.Current:18379[1>0];Ensembl.HGNC:259555[3>0]
NM_001364331	Ensembl.RefSeq_mRNA:284158[1];Ensembl.RefSeq_mRNA:284158[1>0]	ENSG00000081189	CURATED:162[0];HGNC.Current:18379[1];HGNC.Current:18379[1>0];Ensembl.HGNC:259555[3>0]
NM_001364332	Ensembl.RefSeq_mRNA:284231[1];Ensembl.RefSeq_mRNA:284231[1>0]	ENSG00000081189	CURATED:162[0];HGNC.Current:18379[1];HGNC.Current:18379[1>0];Ensembl.HGNC:259555[3>0]
NM_001364333	Ensembl.RefSeq_mRNA:284216[1];Ensembl.RefSeq_mRNA:284216[1>0]	ENSG00000081189	CURATED:162[0];HGNC.Current:18379[1];HGNC.Current:18379[1>0];Ensembl.HGNC:259555[3>0]
NM_001364334	Ensembl.RefSeq_mRNA:284201[1];Ensembl.RefSeq_mRNA:284201[1>0]	ENSG00000081189	CURATED:162[0];HGNC.Current:18379[1];HGNC.Current:18379[1>0];Ensembl.HGNC:259555[3>0]
NM_001364335	Ensembl.RefSeq_mRNA:284190[1];Ensembl.RefSeq_mRNA:284190[1>0]	ENSG00000081189	CURATED:162[0];HGNC.Current:18379[1];HGNC.Current:18379[1>0];Ensembl.HGNC:259555[3>0]
NM_001364336	Ensembl.RefSeq_mRNA:284206[1];Ensembl.RefSeq_mRNA:284206[1>0]	ENSG00000081189	CURATED:162[0];HGNC.Current:18379[1];HGNC.Current:18379[1>0];Ensembl.HGNC:259555[3>0]
NM_001364337	Ensembl.RefSeq_mRNA:284205[1];Ensembl.RefSeq_mRNA:284205[1>0]	ENSG00000081189	CURATED:162[0];HGNC.Current:18379[1];HGNC.Current:18379[1>0];Ensembl.HGNC:259555[3>0]
NM_001364338	Ensembl.RefSeq_mRNA:284176[1];Ensembl.RefSeq_mRNA:284176[1>0]	ENSG00000081189	CURATED:162[0];HGNC.Current:18379[1];HGNC.Current:18379[1>0];Ensembl.HGNC:259555[3>0]
NM_001364339	Ensembl.RefSeq_mRNA:284192[1];Ensembl.RefSeq_mRNA:284192[1>0]	ENSG00000081189	CURATED:162[0];HGNC.Current:18379[1];HGNC.Current:18379[1>0];Ensembl.HGNC:259555[3>0]
NM_001364340	Ensembl.RefSeq_mRNA:284194[1];Ensembl.RefSeq_mRNA:284194[1>0]	ENSG00000081189	CURATED:162[0];HGNC.Current:18379[1];HGNC.Current:18379[1>0];Ensembl.HGNC:259555[3>0]
NM_001364341	Ensembl.RefSeq_mRNA:284196[1];Ensembl.RefSeq_mRNA:284196[1>0]	ENSG00000081189	CURATED:162[0];HGNC.Current:18379[1];HGNC.Current:18379[1>0];Ensembl.HGNC:259555[3>0]
NM_001364342	Ensembl.RefSeq_mRNA:284195[1];Ensembl.RefSeq_mRNA:284195[1>0]	ENSG00000081189	CURATED:162[0];HGNC.Current:18379[1];HGNC.Current:18379[1>0];Ensembl.HGNC:259555[3>0]
NM_001364343	Ensembl.RefSeq_mRNA:284215[1];Ensembl.RefSeq_mRNA:284215[1>0]	ENSG00000081189	CURATED:162[0];HGNC.Current:18379[1];HGNC.Current:18379[1>0];Ensembl.HGNC:259555[3>0]
NM_001364344	Ensembl.RefSeq_mRNA:284229[1];Ensembl.RefSeq_mRNA:284229[1>0]	ENSG00000081189	CURATED:162[0];HGNC.Current:18379[1];HGNC.Current:18379[1>0];Ensembl.HGNC:259555[3>0]
NM_001364345	Ensembl.RefSeq_mRNA:284198[1];Ensembl.RefSeq_mRNA:284198[1>0]	ENSG00000081189	CURATED:162[0];HGNC.Current:18379[1];HGNC.Current:18379[1>0];Ensembl.HGNC:259555[3>0]
NM_001364346	Ensembl.RefSeq_mRNA:284200[1];Ensembl.RefSeq_mRNA:284200[1>0]	ENSG00000081189	CURATED:162[0];HGNC.Current:18379[1];HGNC.Current:18379[1>0];Ensembl.HGNC:259555[3>0]
NM_001364347	Ensembl.RefSeq_mRNA:284199[1];Ensembl.RefSeq_mRNA:284199[1>0]	ENSG00000081189	CURATED:162[0];HGNC.Current:18379[1];HGNC.Current:18379[1>0];Ensembl.HGNC:259555[3>0]
NM_001364348	Ensembl.RefSeq_mRNA:284193[1];Ensembl.RefSeq_mRNA:284193[1>0]	ENSG00000081189	CURATED:162[0];HGNC.Current:18379[1];HGNC.Current:18379[1>0];Ensembl.HGNC:259555[3>0]
NM_001364349	Ensembl.RefSeq_mRNA:284191[1];Ensembl.RefSeq_mRNA:284191[1>0]	ENSG00000081189	CURATED:162[0];HGNC.Current:18379[1];HGNC.Current:18379[1>0];Ensembl.HGNC:259555[3>0]
NM_001364350	Ensembl.RefSeq_mRNA:284197[1];Ensembl.RefSeq_mRNA:284197[1>0]	ENSG00000081189	CURATED:162[0];HGNC.Current:18379[1];HGNC.Current:18379[1>0];Ensembl.HGNC:259555[3>0]
NM_001364352	Ensembl.RefSeq_mRNA:284214[1];Ensembl.RefSeq_mRNA:284214[1>0]	ENSG00000081189	CURATED:162[0];HGNC.Current:18379[1];HGNC.Current:18379[1>0];Ensembl.HGNC:259555[3>0]
NM_001364353	Ensembl.RefSeq_mRNA:284178[1];Ensembl.RefSeq_mRNA:284178[1>0]	ENSG00000081189	CURATED:162[0];HGNC.Current:18379[1];HGNC.Current:18379[1>0];Ensembl.HGNC:259555[3>0]
NM_001364354	Ensembl.RefSeq_mRNA:284230[1];Ensembl.RefSeq_mRNA:284230[1>0]	ENSG00000081189	CURATED:162[0];HGNC.Current:18379[1];HGNC.Current:18379[1>0];Ensembl.HGNC:259555[3>0]
NM_001364355	Ensembl.RefSeq_mRNA:284232[1];Ensembl.RefSeq_mRNA:284232[1>0]	ENSG00000081189	CURATED:162[0];HGNC.Current:18379[1];HGNC.Current:18379[1>0];Ensembl.HGNC:259555[3>0]
NM_001364356	Ensembl.RefSeq_mRNA:284226[1];Ensembl.RefSeq_mRNA:284226[1>0]	ENSG00000081189	CURATED:162[0];HGNC.Current:18379[1];HGNC.Current:18379[1>0];Ensembl.HGNC:259555[3>0]
NM_001364357	Ensembl.RefSeq_mRNA:284225[1];Ensembl.RefSeq_mRNA:284225[1>0]	ENSG00000081189	CURATED:162[0];HGNC.Current:18379[1];HGNC.Current:18379[1>0];Ensembl.HGNC:259555[3>0]
NM_001364867	Ensembl.RefSeq_mRNA:284763[1];Ensembl.RefSeq_mRNA:284763[1>0]	ENSG00000163565	CURATED:124[0];HGNC.Current:12568[1];HGNC.Current:12568[1>0];Ensembl.HGNC:260310[3>0]
NM_001365023	Ensembl.RefSeq_mRNA:33833[1];Ensembl.RefSeq_mRNA:33833[1>0]	ENSG00000198963	CURATED:212[0];HGNC.Current:32137[1];HGNC.Current:32137[1>0];Ensembl.HGNC:31655[3>0]
NM_001365201	Ensembl.RefSeq_mRNA:191305[1];Ensembl.RefSeq_mRNA:191305[1>0]	ENSG00000068305	CURATED:161[0];HGNC.Current:18376[1];HGNC.Current:18376[1>0];Ensembl.HGNC:175896[3>0]
NM_001365202	Ensembl.RefSeq_mRNA:191351[1];Ensembl.RefSeq_mRNA:191351[1>0]	ENSG00000068305	CURATED:161[0];HGNC.Current:18376[1];HGNC.Current:18376[1>0];Ensembl.HGNC:175896[3>0]
NM_001365203	Ensembl.RefSeq_mRNA:191359[1];Ensembl.RefSeq_mRNA:191359[1>0]	ENSG00000068305	CURATED:161[0];HGNC.Current:18376[1];HGNC.Current:18376[1>0];Ensembl.HGNC:175896[3>0]
NM_001365204	Ensembl.RefSeq_mRNA:191360[1];Ensembl.RefSeq_mRNA:191360[1>0]	ENSG00000068305	CURATED:161[0];HGNC.Current:18376[1];HGNC.Current:18376[1>0];Ensembl.HGNC:175896[3>0]
NM_001365205	Ensembl.RefSeq_mRNA:191324[1];Ensembl.RefSeq_mRNA:191324[1>0]	ENSG00000068305	CURATED:161[0];HGNC.Current:18376[1];HGNC.Current:18376[1>0];Ensembl.HGNC:175896[3>0]
NM_001365206	Ensembl.RefSeq_mRNA:191232[1];Ensembl.RefSeq_mRNA:191232[1>0]	ENSG00000068305	CURATED:161[0];HGNC.Current:18376[1];HGNC.Current:18376[1>0];Ensembl.HGNC:175896[3>0]
NM_001365207	Ensembl.RefSeq_mRNA:191233[1];Ensembl.RefSeq_mRNA:191233[1>0]	ENSG00000068305	CURATED:161[0];HGNC.Current:18376[1];HGNC.Current:18376[1>0];Ensembl.HGNC:175896[3>0]
NM_001365208	Ensembl.RefSeq_mRNA:191300[1];Ensembl.RefSeq_mRNA:191300[1>0]	ENSG00000068305	CURATED:161[0];HGNC.Current:18376[1];HGNC.Current:18376[1>0];Ensembl.HGNC:175896[3>0]
NM_001365209	Ensembl.RefSeq_mRNA:191274[1];Ensembl.RefSeq_mRNA:191274[1>0]	ENSG00000068305	CURATED:161[0];HGNC.Current:18376[1];HGNC.Current:18376[1>0];Ensembl.HGNC:175896[3>0]
NM_001365609	Ensembl.RefSeq_mRNA:58048[1];Ensembl.RefSeq_mRNA:58048[1>0]	ENSG00000119866	CURATED:12[0];HGNC.Current:2342[1];HGNC.Current:2342[1>0];Ensembl.HGNC:53924[3>0]
NM_001365848	Ensembl.RefSeq_mRNA:94947[1];Ensembl.RefSeq_mRNA:94947[1>0]	ENSG00000143190	CURATED:201[0];HGNC.Current:26330[1];HGNC.Current:26330[1>0];Ensembl.HGNC:87858[3>0]
NM_001365849	Ensembl.RefSeq_mRNA:94948[1];Ensembl.RefSeq_mRNA:94948[1>0]	ENSG00000143190	CURATED:201[0];HGNC.Current:26330[1];HGNC.Current:26330[1>0];Ensembl.HGNC:87858[3>0]
NM_001366285	Ensembl.RefSeq_mRNA:85833[1];Ensembl.RefSeq_mRNA:85833[1>0]	ENSG00000164458	CURATED:245[0];HGNC.Current:38471[10];HGNC.Current:38471[10>1];HGNC.Current:38471[1];HGNC.Current:38471[1>0];Ensembl.HGNC:79837[3>0]
NM_001366286	Ensembl.RefSeq_mRNA:85832[1];Ensembl.RefSeq_mRNA:85832[1>0]	ENSG00000164458	CURATED:245[0];HGNC.Current:38471[10];HGNC.Current:38471[10>1];HGNC.Current:38471[1];HGNC.Current:38471[1>0];Ensembl.HGNC:79837[3>0]
NM_001366502	Ensembl.RefSeq_mRNA:281094[1];Ensembl.RefSeq_mRNA:281094[1>0]	ENSG00000081059	CURATED:255[0];HGNC.Current:38513[1];HGNC.Current:38513[1>0];Ensembl.HGNC:256964[3>0]
NM_001366712	Ensembl.RefSeq_mRNA:39031[1];Ensembl.RefSeq_mRNA:39031[1>0]	ENSG00000276644	CURATED:27[0];HGNC.Current:6166[1];HGNC.Current:6166[1>0];Ensembl.HGNC:36339[3>0]
NM_001367484	Ensembl.RefSeq_mRNA:259990[1];Ensembl.RefSeq_mRNA:259990[1>0]	ENSG00000174332	CURATED:85[0];HGNC.Current:10350[1];HGNC.Current:10350[1>0];Ensembl.HGNC:238114[3>0]
NM_001367709	Ensembl.RefSeq_mRNA:219755[1];Ensembl.RefSeq_mRNA:219755[1>0]	ENSG00000102908	CURATED:179[0];HGNC.Current:22649[1];HGNC.Current:22649[1>0];Ensembl.HGNC:201339[3>0]
NM_001367872	Ensembl.RefSeq_mRNA:205500[1];Ensembl.RefSeq_mRNA:205500[1>0]	ENSG00000110693	CURATED:231[0];HGNC.Current:37140[1];HGNC.Current:37140[1>0];Ensembl.HGNC:188565[3>0]
NM_001367873	Ensembl.RefSeq_mRNA:205608[1];Ensembl.RefSeq_mRNA:205608[1>0]	ENSG00000110693	CURATED:231[0];HGNC.Current:37140[1];HGNC.Current:37140[1>0];Ensembl.HGNC:188565[3>0]
NM_001367943	Ensembl.RefSeq_mRNA:169078[1];Ensembl.RefSeq_mRNA:169078[1>0]	ENSG00000148737	CURATED:254[0];HGNC.Current:38510[1];HGNC.Current:38516[10>1];HGNC.Current:38516[1];HGNC.Current:38516[1>0];Ensembl.HGNC:152776[3>0]
NM_001368887	Ensembl.RefSeq_mRNA:238252[1];Ensembl.RefSeq_mRNA:238252[1>0]	ENSG00000007372	CURATED:198[0];HGNC.Current:24887[1];HGNC.Current:24887[1>0];Ensembl.HGNC:216546[3>0]
NM_001368888	Ensembl.RefSeq_mRNA:238251[1];Ensembl.RefSeq_mRNA:238251[1>0]	ENSG00000007372	CURATED:198[0];HGNC.Current:24887[1];HGNC.Current:24887[1>0];Ensembl.HGNC:216546[3>0]
NM_001368889	Ensembl.RefSeq_mRNA:238243[1];Ensembl.RefSeq_mRNA:238243[1>0]	ENSG00000007372	CURATED:198[0];HGNC.Current:24887[1];HGNC.Current:24887[1>0];Ensembl.HGNC:216546[3>0]
NM_001368890	Ensembl.RefSeq_mRNA:238250[1];Ensembl.RefSeq_mRNA:238250[1>0]	ENSG00000007372	CURATED:198[0];HGNC.Current:24887[1];HGNC.Current:24887[1>0];Ensembl.HGNC:216546[3>0]
NM_001368891	Ensembl.RefSeq_mRNA:238255[1];Ensembl.RefSeq_mRNA:238255[1>0]	ENSG00000007372	CURATED:198[0];HGNC.Current:24887[1];HGNC.Current:24887[1>0];Ensembl.HGNC:216546[3>0]
NM_001368892	Ensembl.RefSeq_mRNA:237861[1];Ensembl.RefSeq_mRNA:237861[1>0]	ENSG00000007372	CURATED:198[0];HGNC.Current:24887[1];HGNC.Current:24887[1>0];Ensembl.HGNC:216546[3>0]
NM_001368893	Ensembl.RefSeq_mRNA:238261[1];Ensembl.RefSeq_mRNA:238261[1>0]	ENSG00000007372	CURATED:198[0];HGNC.Current:24887[1];HGNC.Current:24887[1>0];Ensembl.HGNC:216546[3>0]
NM_001368894	Ensembl.RefSeq_mRNA:238262[1];Ensembl.RefSeq_mRNA:238262[1>0]	ENSG00000007372	CURATED:198[0];HGNC.Current:24887[1];HGNC.Current:24887[1>0];Ensembl.HGNC:216546[3>0]
NM_001368899	Ensembl.RefSeq_mRNA:238069[1];Ensembl.RefSeq_mRNA:238069[1>0]	ENSG00000007372	CURATED:198[0];HGNC.Current:24887[1];HGNC.Current:24887[1>0];Ensembl.HGNC:216546[3>0]
NM_001368900	Ensembl.RefSeq_mRNA:238337[1];Ensembl.RefSeq_mRNA:238337[1>0]	ENSG00000007372	CURATED:198[0];HGNC.Current:24887[1];HGNC.Current:24887[1>0];Ensembl.HGNC:216546[3>0]
NM_001368901	Ensembl.RefSeq_mRNA:238068[1];Ensembl.RefSeq_mRNA:238068[1>0]	ENSG00000007372	CURATED:198[0];HGNC.Current:24887[1];HGNC.Current:24887[1>0];Ensembl.HGNC:216546[3>0]
NM_001368902	Ensembl.RefSeq_mRNA:238338[1];Ensembl.RefSeq_mRNA:238338[1>0]	ENSG00000007372	CURATED:198[0];HGNC.Current:24887[1];HGNC.Current:24887[1>0];Ensembl.HGNC:216546[3>0]
NM_001368903	Ensembl.RefSeq_mRNA:238340[1];Ensembl.RefSeq_mRNA:238340[1>0]	ENSG00000007372	CURATED:198[0];HGNC.Current:24887[1];HGNC.Current:24887[1>0];Ensembl.HGNC:216546[3>0]
NM_001368904	Ensembl.RefSeq_mRNA:238066[1];Ensembl.RefSeq_mRNA:238066[1>0]	ENSG00000007372	CURATED:198[0];HGNC.Current:24887[1];HGNC.Current:24887[1>0];Ensembl.HGNC:216546[3>0]
NM_001368905	Ensembl.RefSeq_mRNA:238335[1];Ensembl.RefSeq_mRNA:238335[1>0]	ENSG00000007372	CURATED:198[0];HGNC.Current:24887[1];HGNC.Current:24887[1>0];Ensembl.HGNC:216546[3>0]
NM_001368906	Ensembl.RefSeq_mRNA:238067[1];Ensembl.RefSeq_mRNA:238067[1>0]	ENSG00000007372	CURATED:198[0];HGNC.Current:24887[1];HGNC.Current:24887[1>0];Ensembl.HGNC:216546[3>0]
NM_001368907	Ensembl.RefSeq_mRNA:238070[1];Ensembl.RefSeq_mRNA:238070[1>0]	ENSG00000007372	CURATED:198[0];HGNC.Current:24887[1];HGNC.Current:24887[1>0];Ensembl.HGNC:216546[3>0]
NM_001368908	Ensembl.RefSeq_mRNA:238358[1];Ensembl.RefSeq_mRNA:238358[1>0]	ENSG00000007372	CURATED:198[0];HGNC.Current:24887[1];HGNC.Current:24887[1>0];Ensembl.HGNC:216546[3>0]
NM_001368909	Ensembl.RefSeq_mRNA:238065[1];Ensembl.RefSeq_mRNA:238065[1>0]	ENSG00000007372	CURATED:198[0];HGNC.Current:24887[1];HGNC.Current:24887[1>0];Ensembl.HGNC:216546[3>0]
NM_001368910	Ensembl.RefSeq_mRNA:238238[1];Ensembl.RefSeq_mRNA:238238[1>0]	ENSG00000007372	CURATED:198[0];HGNC.Current:24887[1];HGNC.Current:24887[1>0];Ensembl.HGNC:216546[3>0]
NM_001368911	Ensembl.RefSeq_mRNA:238752[1];Ensembl.RefSeq_mRNA:238752[1>0]	ENSG00000007372	CURATED:198[0];HGNC.Current:24887[1];HGNC.Current:24887[1>0];Ensembl.HGNC:216546[3>0]
NM_001368912	Ensembl.RefSeq_mRNA:238461[1];Ensembl.RefSeq_mRNA:238461[1>0]	ENSG00000007372	CURATED:198[0];HGNC.Current:24887[1];HGNC.Current:24887[1>0];Ensembl.HGNC:216546[3>0]
NM_001368913	Ensembl.RefSeq_mRNA:238462[1];Ensembl.RefSeq_mRNA:238462[1>0]	ENSG00000007372	CURATED:198[0];HGNC.Current:24887[1];HGNC.Current:24887[1>0];Ensembl.HGNC:216546[3>0]
NM_001368914	Ensembl.RefSeq_mRNA:238460[1];Ensembl.RefSeq_mRNA:238460[1>0]	ENSG00000007372	CURATED:198[0];HGNC.Current:24887[1];HGNC.Current:24887[1>0];Ensembl.HGNC:216546[3>0]
NM_001368915	Ensembl.RefSeq_mRNA:238284[1];Ensembl.RefSeq_mRNA:238284[1>0]	ENSG00000007372	CURATED:198[0];HGNC.Current:24887[1];HGNC.Current:24887[1>0];Ensembl.HGNC:216546[3>0]
NM_001368916	Ensembl.RefSeq_mRNA:238286[1];Ensembl.RefSeq_mRNA:238286[1>0]	ENSG00000007372	CURATED:198[0];HGNC.Current:24887[1];HGNC.Current:24887[1>0];Ensembl.HGNC:216546[3>0]
NM_001368917	Ensembl.RefSeq_mRNA:238285[1];Ensembl.RefSeq_mRNA:238285[1>0]	ENSG00000007372	CURATED:198[0];HGNC.Current:24887[1];HGNC.Current:24887[1>0];Ensembl.HGNC:216546[3>0]
NM_001368918	Ensembl.RefSeq_mRNA:237862[1];Ensembl.RefSeq_mRNA:237862[1>0]	ENSG00000007372	CURATED:198[0];HGNC.Current:24887[1];HGNC.Current:24887[1>0];Ensembl.HGNC:216546[3>0]
NM_001368919	Ensembl.RefSeq_mRNA:238224[1];Ensembl.RefSeq_mRNA:238224[1>0]	ENSG00000007372	CURATED:198[0];HGNC.Current:24887[1];HGNC.Current:24887[1>0];Ensembl.HGNC:216546[3>0]
NM_001368920	Ensembl.RefSeq_mRNA:238254[1];Ensembl.RefSeq_mRNA:238254[1>0]	ENSG00000007372	CURATED:198[0];HGNC.Current:24887[1];HGNC.Current:24887[1>0];Ensembl.HGNC:216546[3>0]
NM_001368921	Ensembl.RefSeq_mRNA:238414[1];Ensembl.RefSeq_mRNA:238414[1>0]	ENSG00000007372	CURATED:198[0];HGNC.Current:24887[1];HGNC.Current:24887[1>0];Ensembl.HGNC:216546[3>0]
NM_001368922	Ensembl.RefSeq_mRNA:238418[1];Ensembl.RefSeq_mRNA:238418[1>0]	ENSG00000007372	CURATED:198[0];HGNC.Current:24887[1];HGNC.Current:24887[1>0];Ensembl.HGNC:216546[3>0]
NM_001368923	Ensembl.RefSeq_mRNA:238415[1];Ensembl.RefSeq_mRNA:238415[1>0]	ENSG00000007372	CURATED:198[0];HGNC.Current:24887[1];HGNC.Current:24887[1>0];Ensembl.HGNC:216546[3>0]
NM_001368924	Ensembl.RefSeq_mRNA:238420[1];Ensembl.RefSeq_mRNA:238420[1>0]	ENSG00000007372	CURATED:198[0];HGNC.Current:24887[1];HGNC.Current:24887[1>0];Ensembl.HGNC:216546[3>0]
NM_001368925	Ensembl.RefSeq_mRNA:238419[1];Ensembl.RefSeq_mRNA:238419[1>0]	ENSG00000007372	CURATED:198[0];HGNC.Current:24887[1];HGNC.Current:24887[1>0];Ensembl.HGNC:216546[3>0]
NM_001368926	Ensembl.RefSeq_mRNA:238416[1];Ensembl.RefSeq_mRNA:238416[1>0]	ENSG00000007372	CURATED:198[0];HGNC.Current:24887[1];HGNC.Current:24887[1>0];Ensembl.HGNC:216546[3>0]
NM_001368927	Ensembl.RefSeq_mRNA:238417[1];Ensembl.RefSeq_mRNA:238417[1>0]	ENSG00000007372	CURATED:198[0];HGNC.Current:24887[1];HGNC.Current:24887[1>0];Ensembl.HGNC:216546[3>0]
NM_001368928	Ensembl.RefSeq_mRNA:238369[1];Ensembl.RefSeq_mRNA:238369[1>0]	ENSG00000007372	CURATED:198[0];HGNC.Current:24887[1];HGNC.Current:24887[1>0];Ensembl.HGNC:216546[3>0]
NM_001368929	Ensembl.RefSeq_mRNA:238339[1];Ensembl.RefSeq_mRNA:238339[1>0]	ENSG00000007372	CURATED:198[0];HGNC.Current:24887[1];HGNC.Current:24887[1>0];Ensembl.HGNC:216546[3>0]
NM_001368930	Ensembl.RefSeq_mRNA:238289[1];Ensembl.RefSeq_mRNA:238289[1>0]	ENSG00000007372	CURATED:198[0];HGNC.Current:24887[1];HGNC.Current:24887[1>0];Ensembl.HGNC:216546[3>0]
NM_001369020	Ensembl.RefSeq_mRNA:230248[1];Ensembl.RefSeq_mRNA:230248[1>0]	ENSG00000118520	CURATED:5[0];HGNC.Current:1429[1];HGNC.Current:1429[1>0];Ensembl.HGNC:210990[3>0]
NM_001369397	Ensembl.RefSeq_mRNA:267374[1];Ensembl.RefSeq_mRNA:267374[1>0]	ENSG00000108511	CURATED:113[0];HGNC.Current:12161[1];HGNC.Current:12161[1>0];Ensembl.HGNC:245120[3>0]
NM_001369405	Ensembl.RefSeq_mRNA:28041[1];Ensembl.RefSeq_mRNA:28041[1>0]	ENSG00000124813	CURATED:215[0];HGNC.Current:34452[1];HGNC.Current:34452[1>0];Ensembl.HGNC:25880[3>0]
NM_001369491	Ensembl.RefSeq_mRNA:65751[1];Ensembl.RefSeq_mRNA:65751[1>0]	ENSG00000143013	CURATED:154[0];HGNC.Current:17422[1];HGNC.Current:17422[1>0];Ensembl.HGNC:61609[3>0]
NM_001369512	Ensembl.RefSeq_mRNA:291368[1];Ensembl.RefSeq_mRNA:291368[1>0]	ENSG00000168610	CURATED:242[0];HGNC.Current:37779[1];HGNC.Current:37779[1>0];Ensembl.HGNC:265687[3>0]
NM_001369513	Ensembl.RefSeq_mRNA:291369[1];Ensembl.RefSeq_mRNA:291369[1>0]	ENSG00000168610	CURATED:242[0];HGNC.Current:37779[1];HGNC.Current:37779[1>0];Ensembl.HGNC:265687[3>0]
NM_001369514	Ensembl.RefSeq_mRNA:291414[1];Ensembl.RefSeq_mRNA:291414[1>0]	ENSG00000168610	CURATED:242[0];HGNC.Current:37779[1];HGNC.Current:37779[1>0];Ensembl.HGNC:265687[3>0]
NM_001369516	Ensembl.RefSeq_mRNA:291415[1];Ensembl.RefSeq_mRNA:291415[1>0]	ENSG00000168610	CURATED:242[0];HGNC.Current:37779[1];HGNC.Current:37779[1>0];Ensembl.HGNC:265687[3>0]
NM_001369517	Ensembl.RefSeq_mRNA:291427[1];Ensembl.RefSeq_mRNA:291427[1>0]	ENSG00000168610	CURATED:242[0];HGNC.Current:37779[1];HGNC.Current:37779[1>0];Ensembl.HGNC:265687[3>0]
NM_001369518	Ensembl.RefSeq_mRNA:291418[1];Ensembl.RefSeq_mRNA:291418[1>0]	ENSG00000168610	CURATED:242[0];HGNC.Current:37779[1];HGNC.Current:37779[1>0];Ensembl.HGNC:265687[3>0]
NM_001369519	Ensembl.RefSeq_mRNA:291423[1];Ensembl.RefSeq_mRNA:291423[1>0]	ENSG00000168610	CURATED:242[0];HGNC.Current:37779[1];HGNC.Current:37779[1>0];Ensembl.HGNC:265687[3>0]
NM_001369520	Ensembl.RefSeq_mRNA:291426[1];Ensembl.RefSeq_mRNA:291426[1>0]	ENSG00000168610	CURATED:242[0];HGNC.Current:37779[1];HGNC.Current:37779[1>0];Ensembl.HGNC:265687[3>0]
NM_001369567	Ensembl.RefSeq_mRNA:19936[1];Ensembl.RefSeq_mRNA:19936[1>0]	ENSG00000196628	CURATED:254[0];HGNC.Current:38510[1];HGNC.Current:38510[1>0];Ensembl.HGNC:12536[3>0]
NM_001369568	Ensembl.RefSeq_mRNA:18985[1];Ensembl.RefSeq_mRNA:18985[1>0]	ENSG00000196628	CURATED:254[0];HGNC.Current:38510[1];HGNC.Current:38510[1>0];Ensembl.HGNC:12536[3>0]
NM_001369569	Ensembl.RefSeq_mRNA:18984[1];Ensembl.RefSeq_mRNA:18984[1>0]	ENSG00000196628	CURATED:254[0];HGNC.Current:38510[1];HGNC.Current:38510[1>0];Ensembl.HGNC:12536[3>0]
NM_001369570	Ensembl.RefSeq_mRNA:18986[1];Ensembl.RefSeq_mRNA:18986[1>0]	ENSG00000196628	CURATED:254[0];HGNC.Current:38510[1];HGNC.Current:38510[1>0];Ensembl.HGNC:12536[3>0]
NM_001369571	Ensembl.RefSeq_mRNA:19455[1];Ensembl.RefSeq_mRNA:19455[1>0]	ENSG00000196628	CURATED:254[0];HGNC.Current:38510[1];HGNC.Current:38510[1>0];Ensembl.HGNC:12536[3>0]
NM_001369572	Ensembl.RefSeq_mRNA:19456[1];Ensembl.RefSeq_mRNA:19456[1>0]	ENSG00000196628	CURATED:254[0];HGNC.Current:38510[1];HGNC.Current:38510[1>0];Ensembl.HGNC:12536[3>0]
NM_001369573	Ensembl.RefSeq_mRNA:19457[1];Ensembl.RefSeq_mRNA:19457[1>0]	ENSG00000196628	CURATED:254[0];HGNC.Current:38510[1];HGNC.Current:38510[1>0];Ensembl.HGNC:12536[3>0]
NM_001369574	Ensembl.RefSeq_mRNA:19458[1];Ensembl.RefSeq_mRNA:19458[1>0]	ENSG00000196628	CURATED:254[0];HGNC.Current:38510[1];HGNC.Current:38510[1>0];Ensembl.HGNC:12536[3>0]
NM_001369575	Ensembl.RefSeq_mRNA:19942[1];Ensembl.RefSeq_mRNA:19942[1>0]	ENSG00000196628	CURATED:254[0];HGNC.Current:38510[1];HGNC.Current:38510[1>0];Ensembl.HGNC:12536[3>0]
NM_001369576	Ensembl.RefSeq_mRNA:19983[1];Ensembl.RefSeq_mRNA:19983[1>0]	ENSG00000196628	CURATED:254[0];HGNC.Current:38510[1];HGNC.Current:38510[1>0];Ensembl.HGNC:12536[3>0]
NM_001369577	Ensembl.RefSeq_mRNA:19984[1];Ensembl.RefSeq_mRNA:19984[1>0]	ENSG00000196628	CURATED:254[0];HGNC.Current:38510[1];HGNC.Current:38510[1>0];Ensembl.HGNC:12536[3>0]
NM_001369578	Ensembl.RefSeq_mRNA:19940[1];Ensembl.RefSeq_mRNA:19940[1>0]	ENSG00000196628	CURATED:254[0];HGNC.Current:38510[1];HGNC.Current:38510[1>0];Ensembl.HGNC:12536[3>0]
NM_001369579	Ensembl.RefSeq_mRNA:19941[1];Ensembl.RefSeq_mRNA:19941[1>0]	ENSG00000196628	CURATED:254[0];HGNC.Current:38510[1];HGNC.Current:38510[1>0];Ensembl.HGNC:12536[3>0]
NM_001369580	Ensembl.RefSeq_mRNA:19944[1];Ensembl.RefSeq_mRNA:19944[1>0]	ENSG00000196628	CURATED:254[0];HGNC.Current:38510[1];HGNC.Current:38510[1>0];Ensembl.HGNC:12536[3>0]
NM_001369581	Ensembl.RefSeq_mRNA:19943[1];Ensembl.RefSeq_mRNA:19943[1>0]	ENSG00000196628	CURATED:254[0];HGNC.Current:38510[1];HGNC.Current:38510[1>0];Ensembl.HGNC:12536[3>0]
NM_001369582	Ensembl.RefSeq_mRNA:19968[1];Ensembl.RefSeq_mRNA:19968[1>0]	ENSG00000196628	CURATED:254[0];HGNC.Current:38510[1];HGNC.Current:38510[1>0];Ensembl.HGNC:12536[3>0]
NM_001369583	Ensembl.RefSeq_mRNA:19969[1];Ensembl.RefSeq_mRNA:19969[1>0]	ENSG00000196628	CURATED:254[0];HGNC.Current:38510[1];HGNC.Current:38510[1>0];Ensembl.HGNC:12536[3>0]
NM_001369584	Ensembl.RefSeq_mRNA:20005[1];Ensembl.RefSeq_mRNA:20005[1>0]	ENSG00000196628	CURATED:254[0];HGNC.Current:38510[1];HGNC.Current:38510[1>0];Ensembl.HGNC:12536[3>0]
NM_001369585	Ensembl.RefSeq_mRNA:20006[1];Ensembl.RefSeq_mRNA:20006[1>0]	ENSG00000196628	CURATED:254[0];HGNC.Current:38510[1];HGNC.Current:38510[1>0];Ensembl.HGNC:12536[3>0]
NM_001369586	Ensembl.RefSeq_mRNA:19986[1];Ensembl.RefSeq_mRNA:19986[1>0]	ENSG00000196628	CURATED:254[0];HGNC.Current:38510[1];HGNC.Current:38510[1>0];Ensembl.HGNC:12536[3>0]
NM_001370329	Ensembl.RefSeq_mRNA:3002[1];Ensembl.RefSeq_mRNA:3002[1>0]	ENSG00000120690	CURATED:42[0];HGNC.Current:7810[1];HGNC.Current:7810[1>0];Ensembl.HGNC:2739[3>0]
NM_001370330	Ensembl.RefSeq_mRNA:3001[1];Ensembl.RefSeq_mRNA:3001[1>0]	ENSG00000120690	CURATED:42[0];HGNC.Current:7810[1];HGNC.Current:7810[1>0];Ensembl.HGNC:2739[3>0]
NM_001370331	Ensembl.RefSeq_mRNA:3005[1];Ensembl.RefSeq_mRNA:3005[1>0]	ENSG00000120690	CURATED:42[0];HGNC.Current:7810[1];HGNC.Current:7810[1>0];Ensembl.HGNC:2739[3>0]
NM_001370332	Ensembl.RefSeq_mRNA:3004[1];Ensembl.RefSeq_mRNA:3004[1>0]	ENSG00000120690	CURATED:42[0];HGNC.Current:7810[1];HGNC.Current:7810[1>0];Ensembl.HGNC:2739[3>0]
NM_001370548	Ensembl.RefSeq_mRNA:221524[1];Ensembl.RefSeq_mRNA:221524[1>0]	ENSG00000114861	CURATED:73[0];HGNC.Current:9478[1];HGNC.Current:9478[1>0];Ensembl.HGNC:201807[3>0]
NM_001371274	Ensembl.RefSeq_mRNA:300184[1];Ensembl.RefSeq_mRNA:300184[1>0]	ENSG00000030419	CURATED:126[0];HGNC.Current:13182[1];HGNC.Current:13182[1>0];Ensembl.HGNC:273958[3>0]
NM_001371275	Ensembl.RefSeq_mRNA:300192[1];Ensembl.RefSeq_mRNA:300192[1>0]	ENSG00000030419	CURATED:126[0];HGNC.Current:13182[1];HGNC.Current:13182[1>0];Ensembl.HGNC:273958[3>0]
NM_001371276	Ensembl.RefSeq_mRNA:300190[1];Ensembl.RefSeq_mRNA:300190[1>0]	ENSG00000030419	CURATED:126[0];HGNC.Current:13182[1];HGNC.Current:13182[1>0];Ensembl.HGNC:273958[3>0]
NM_001371277	Ensembl.RefSeq_mRNA:300189[1];Ensembl.RefSeq_mRNA:300189[1>0]	ENSG00000030419	CURATED:126[0];HGNC.Current:13182[1];HGNC.Current:13182[1>0];Ensembl.HGNC:273958[3>0]
NM_001371324	Ensembl.RefSeq_mRNA:160954[1];Ensembl.RefSeq_mRNA:160954[1>0]	ENSG00000109381	CURATED:43[0];HGNC.Current:7811[1];HGNC.Current:7811[1>0];Ensembl.HGNC:148522[3>0]
NM_001371336	Ensembl.RefSeq_mRNA:160956[1];Ensembl.RefSeq_mRNA:160956[1>0]	ENSG00000109381	CURATED:43[0];HGNC.Current:7811[1];HGNC.Current:7811[1>0];Ensembl.HGNC:148522[3>0]
NM_001371337	Ensembl.RefSeq_mRNA:161018[1];Ensembl.RefSeq_mRNA:161018[1>0]	ENSG00000109381	CURATED:43[0];HGNC.Current:7811[1];HGNC.Current:7811[1>0];Ensembl.HGNC:148522[3>0]
NM_001371338	Ensembl.RefSeq_mRNA:161009[1];Ensembl.RefSeq_mRNA:161009[1>0]	ENSG00000109381	CURATED:43[0];HGNC.Current:7811[1];HGNC.Current:7811[1>0];Ensembl.HGNC:148522[3>0]
NM_001371339	Ensembl.RefSeq_mRNA:161008[1];Ensembl.RefSeq_mRNA:161008[1>0]	ENSG00000109381	CURATED:43[0];HGNC.Current:7811[1];HGNC.Current:7811[1>0];Ensembl.HGNC:148522[3>0]
NM_001371426	Ensembl.RefSeq_mRNA:269805[1];Ensembl.RefSeq_mRNA:269805[1>0]	ENSG00000118260	CURATED:24[0];HGNC.Current:5501[1];HGNC.Current:5501[1>0];Ensembl.HGNC:246988[3>0]
NM_001371427	Ensembl.RefSeq_mRNA:269818[1];Ensembl.RefSeq_mRNA:269818[1>0]	ENSG00000118260	CURATED:24[0];HGNC.Current:5501[1];HGNC.Current:5501[1>0];Ensembl.HGNC:246988[3>0]
NM_001371428	Ensembl.RefSeq_mRNA:269836[1];Ensembl.RefSeq_mRNA:269836[1>0]	ENSG00000118260	CURATED:24[0];HGNC.Current:5501[1];HGNC.Current:5501[1>0];Ensembl.HGNC:246988[3>0]
NM_001371908	Ensembl.RefSeq_mRNA:93783[1];Ensembl.RefSeq_mRNA:93783[1>0]	ENSG00000165702	CURATED:84[0];HGNC.Current:10205[1];HGNC.Current:10205[1>0];Ensembl.HGNC:87544[3>0]
NM_001372066	Ensembl.RefSeq_mRNA:111235[1];Ensembl.RefSeq_mRNA:111235[1>0]	ENSG00000137203	CURATED:256[0];HGNC.Current:38706[1];HGNC.Current:38706[1>0];Ensembl.HGNC:103510[3>0]
NM_001374273	Ensembl.RefSeq_mRNA:34381[1];Ensembl.RefSeq_mRNA:126120[1>0]	ENSG00000136574	CURATED:79[0];HGNC.Current:10072[1];HGNC.Current:10072[1>0];Ensembl.HGNC:117007[3>0]
NM_001374273	Ensembl.RefSeq_mRNA:34381[1];Ensembl.RefSeq_mRNA:34381[1>0]	ENSG00000285109	CURATED:79[0];HGNC.Current:10072[1];HGNC.Current:10072[1>0];Ensembl.HGNC:32079[3>0]
NM_001374274	Ensembl.RefSeq_mRNA:34380[1];Ensembl.RefSeq_mRNA:126119[1>0]	ENSG00000136574	CURATED:79[0];HGNC.Current:10072[1];HGNC.Current:10072[1>0];Ensembl.HGNC:117007[3>0]
NM_001374274	Ensembl.RefSeq_mRNA:34380[1];Ensembl.RefSeq_mRNA:34380[1>0]	ENSG00000285109	CURATED:79[0];HGNC.Current:10072[1];HGNC.Current:10072[1>0];Ensembl.HGNC:32079[3>0]
NM_001375379	Ensembl.RefSeq_mRNA:101021[1];Ensembl.RefSeq_mRNA:101021[1>0]	ENSG00000108001	CURATED:38[0];HGNC.Current:7391[1];HGNC.Current:7391[1>0];Ensembl.HGNC:94333[3>0]
NM_001375380	Ensembl.RefSeq_mRNA:100988[1];Ensembl.RefSeq_mRNA:100988[1>0]	ENSG00000108001	CURATED:38[0];HGNC.Current:7391[1];HGNC.Current:7391[1>0];Ensembl.HGNC:94333[3>0]
NM_001375389	Ensembl.RefSeq_mRNA:100987[1];Ensembl.RefSeq_mRNA:100987[1>0]	ENSG00000108001	CURATED:38[0];HGNC.Current:7391[1];HGNC.Current:7391[1>0];Ensembl.HGNC:94333[3>0]
NM_001375390	Ensembl.RefSeq_mRNA:100986[1];Ensembl.RefSeq_mRNA:100986[1>0]	ENSG00000108001	CURATED:38[0];HGNC.Current:7391[1];HGNC.Current:7391[1>0];Ensembl.HGNC:94333[3>0]
NM_001375391	Ensembl.RefSeq_mRNA:101001[1];Ensembl.RefSeq_mRNA:101001[1>0]	ENSG00000108001	CURATED:38[0];HGNC.Current:7391[1];HGNC.Current:7391[1>0];Ensembl.HGNC:94333[3>0]
NM_001375392	Ensembl.RefSeq_mRNA:101020[1];Ensembl.RefSeq_mRNA:101020[1>0]	ENSG00000108001	CURATED:38[0];HGNC.Current:7391[1];HGNC.Current:7391[1>0];Ensembl.HGNC:94333[3>0]
NM_001375442	Ensembl.RefSeq_mRNA:250786[1];Ensembl.RefSeq_mRNA:250786[1>0]	ENSG00000170802	CURATED:69[0];HGNC.Current:9464[1];HGNC.Current:9464[1>0];Ensembl.HGNC:229707[3>0]
NM_001375443	Ensembl.RefSeq_mRNA:250785[1];Ensembl.RefSeq_mRNA:250785[1>0]	ENSG00000170802	CURATED:69[0];HGNC.Current:9464[1];HGNC.Current:9464[1>0];Ensembl.HGNC:229707[3>0]
NM_001375444	Ensembl.RefSeq_mRNA:250796[1];Ensembl.RefSeq_mRNA:250796[1>0]	ENSG00000170802	CURATED:69[0];HGNC.Current:9464[1];HGNC.Current:9464[1>0];Ensembl.HGNC:229707[3>0]
NM_001375445	Ensembl.RefSeq_mRNA:250794[1];Ensembl.RefSeq_mRNA:250794[1>0]	ENSG00000170802	CURATED:69[0];HGNC.Current:9464[1];HGNC.Current:9464[1>0];Ensembl.HGNC:229707[3>0]
NM_001375446	Ensembl.RefSeq_mRNA:250793[1];Ensembl.RefSeq_mRNA:250793[1>0]	ENSG00000170802	CURATED:69[0];HGNC.Current:9464[1];HGNC.Current:9464[1>0];Ensembl.HGNC:229707[3>0]
NM_001375447	Ensembl.RefSeq_mRNA:250792[1];Ensembl.RefSeq_mRNA:250792[1>0]	ENSG00000170802	CURATED:69[0];HGNC.Current:9464[1];HGNC.Current:9464[1>0];Ensembl.HGNC:229707[3>0]
NM_001375448	Ensembl.RefSeq_mRNA:250791[1];Ensembl.RefSeq_mRNA:250791[1>0]	ENSG00000170802	CURATED:69[0];HGNC.Current:9464[1];HGNC.Current:9464[1>0];Ensembl.HGNC:229707[3>0]
NM_001375449	Ensembl.RefSeq_mRNA:250789[1];Ensembl.RefSeq_mRNA:250789[1>0]	ENSG00000170802	CURATED:69[0];HGNC.Current:9464[1];HGNC.Current:9464[1>0];Ensembl.HGNC:229707[3>0]
NM_001375450	Ensembl.RefSeq_mRNA:250790[1];Ensembl.RefSeq_mRNA:250790[1>0]	ENSG00000170802	CURATED:69[0];HGNC.Current:9464[1];HGNC.Current:9464[1>0];Ensembl.HGNC:229707[3>0]
NM_001375451	Ensembl.RefSeq_mRNA:250788[1];Ensembl.RefSeq_mRNA:250788[1>0]	ENSG00000170802	CURATED:69[0];HGNC.Current:9464[1];HGNC.Current:9464[1>0];Ensembl.HGNC:229707[3>0]
NM_001375452	Ensembl.RefSeq_mRNA:250787[1];Ensembl.RefSeq_mRNA:250787[1>0]	ENSG00000170802	CURATED:69[0];HGNC.Current:9464[1];HGNC.Current:9464[1>0];Ensembl.HGNC:229707[3>0]
NM_001375756	Ensembl.RefSeq_mRNA:131703[1];Ensembl.RefSeq_mRNA:131703[1>0]	ENSG00000114126	CURATED:259[0];HGNC.Current:38724[1];HGNC.Current:38724[1>0];Ensembl.HGNC:121918[3>0]
NM_001375773	Ensembl.RefSeq_mRNA:131522[1];Ensembl.RefSeq_mRNA:131522[1>0]	ENSG00000114126	CURATED:259[0];HGNC.Current:38724[1];HGNC.Current:38724[1>0];Ensembl.HGNC:121918[3>0]
NM_001375774	Ensembl.RefSeq_mRNA:131702[1];Ensembl.RefSeq_mRNA:131702[1>0]	ENSG00000114126	CURATED:259[0];HGNC.Current:38724[1];HGNC.Current:38724[1>0];Ensembl.HGNC:121918[3>0]
NM_001375775	Ensembl.RefSeq_mRNA:131841[1];Ensembl.RefSeq_mRNA:131841[1>0]	ENSG00000114126	CURATED:259[0];HGNC.Current:38724[1];HGNC.Current:38724[1>0];Ensembl.HGNC:121918[3>0]
NM_001375776	Ensembl.RefSeq_mRNA:131694[1];Ensembl.RefSeq_mRNA:131694[1>0]	ENSG00000114126	CURATED:259[0];HGNC.Current:38724[1];HGNC.Current:38724[1>0];Ensembl.HGNC:121918[3>0]
NM_001375778	Ensembl.RefSeq_mRNA:131701[1];Ensembl.RefSeq_mRNA:131701[1>0]	ENSG00000114126	CURATED:259[0];HGNC.Current:38724[1];HGNC.Current:38724[1>0];Ensembl.HGNC:121918[3>0]
NM_001375779	Ensembl.RefSeq_mRNA:131659[1];Ensembl.RefSeq_mRNA:131659[1>0]	ENSG00000114126	CURATED:259[0];HGNC.Current:38724[1];HGNC.Current:38724[1>0];Ensembl.HGNC:121918[3>0]
NM_001375780	Ensembl.RefSeq_mRNA:131658[1];Ensembl.RefSeq_mRNA:131658[1>0]	ENSG00000114126	CURATED:259[0];HGNC.Current:38724[1];HGNC.Current:38724[1>0];Ensembl.HGNC:121918[3>0]
NM_001375781	Ensembl.RefSeq_mRNA:250769[1];Ensembl.RefSeq_mRNA:250769[1>0]	ENSG00000170802	CURATED:69[0];HGNC.Current:9464[1];HGNC.Current:9464[1>0];Ensembl.HGNC:229707[3>0]
NM_001376058	Ensembl.RefSeq_mRNA:49989[1];Ensembl.RefSeq_mRNA:49989[1>0]	ENSG00000163666	CURATED:95[0];HGNC.Current:11570[1];HGNC.Current:11570[1>0];Ensembl.HGNC:46737[3>0]
NM_001376059	Ensembl.RefSeq_mRNA:49988[1];Ensembl.RefSeq_mRNA:49988[1>0]	ENSG00000163666	CURATED:95[0];HGNC.Current:11570[1];HGNC.Current:11570[1>0];Ensembl.HGNC:46737[3>0]
NM_001376060	Ensembl.RefSeq_mRNA:49990[1];Ensembl.RefSeq_mRNA:49990[1>0]	ENSG00000163666	CURATED:95[0];HGNC.Current:11570[1];HGNC.Current:11570[1>0];Ensembl.HGNC:46737[3>0]
NM_001376061	Ensembl.RefSeq_mRNA:49991[1];Ensembl.RefSeq_mRNA:49991[1>0]	ENSG00000163666	CURATED:95[0];HGNC.Current:11570[1];HGNC.Current:11570[1>0];Ensembl.HGNC:46737[3>0]
NM_001376587	Ensembl.RefSeq_mRNA:284764[1];Ensembl.RefSeq_mRNA:284764[1>0]	ENSG00000163565	CURATED:124[0];HGNC.Current:12568[1];HGNC.Current:12568[1>0];Ensembl.HGNC:260310[3>0]
NM_001376588	Ensembl.RefSeq_mRNA:284753[1];Ensembl.RefSeq_mRNA:284753[1>0]	ENSG00000163565	CURATED:124[0];HGNC.Current:12568[1];HGNC.Current:12568[1>0];Ensembl.HGNC:260310[3>0]
NM_001376589	Ensembl.RefSeq_mRNA:284754[1];Ensembl.RefSeq_mRNA:284754[1>0]	ENSG00000163565	CURATED:124[0];HGNC.Current:12568[1];HGNC.Current:12568[1>0];Ensembl.HGNC:260310[3>0]
NM_001376591	Ensembl.RefSeq_mRNA:284783[1];Ensembl.RefSeq_mRNA:284783[1>0]	ENSG00000163565	CURATED:124[0];HGNC.Current:12568[1];HGNC.Current:12568[1>0];Ensembl.HGNC:260310[3>0]
NM_001376592	Ensembl.RefSeq_mRNA:284784[1];Ensembl.RefSeq_mRNA:284784[1>0]	ENSG00000163565	CURATED:124[0];HGNC.Current:12568[1];HGNC.Current:12568[1>0];Ensembl.HGNC:260310[3>0]
NM_001377304	Ensembl.RefSeq_mRNA:93791[1];Ensembl.RefSeq_mRNA:93791[1>0]	ENSG00000165702	CURATED:84[0];HGNC.Current:10205[1];HGNC.Current:10205[1>0];Ensembl.HGNC:87544[3>0]
NM_001377305	Ensembl.RefSeq_mRNA:93795[1];Ensembl.RefSeq_mRNA:93795[1>0]	ENSG00000165702	CURATED:84[0];HGNC.Current:10205[1];HGNC.Current:10205[1>0];Ensembl.HGNC:87544[3>0]
NM_001378932	Ensembl.RefSeq_mRNA:234213[1];Ensembl.RefSeq_mRNA:234213[1>0]	ENSG00000184557	CURATED:224[0];HGNC.Current:37079[1];HGNC.Current:37079[1>0];Ensembl.HGNC:214861[3>0]
NM_001378933	Ensembl.RefSeq_mRNA:234211[1];Ensembl.RefSeq_mRNA:234211[1>0]	ENSG00000184557	CURATED:224[0];HGNC.Current:37079[1];HGNC.Current:37079[1>0];Ensembl.HGNC:214861[3>0]
NM_001382625	Ensembl.RefSeq_mRNA:176901[1];Ensembl.RefSeq_mRNA:176901[1>0]	ENSG00000109320	CURATED:184[0];HGNC.Current:22673[1];HGNC.Current:22673[1>0];Ensembl.HGNC:162880[3>0]
NM_001382626	Ensembl.RefSeq_mRNA:176866[1];Ensembl.RefSeq_mRNA:176866[1>0]	ENSG00000109320	CURATED:184[0];HGNC.Current:22673[1];HGNC.Current:22673[1>0];Ensembl.HGNC:162880[3>0]
NM_001382627	Ensembl.RefSeq_mRNA:176847[1];Ensembl.RefSeq_mRNA:176847[1>0]	ENSG00000109320	CURATED:184[0];HGNC.Current:22673[1];HGNC.Current:22673[1>0];Ensembl.HGNC:162880[3>0]
NM_001382628	Ensembl.RefSeq_mRNA:176849[1];Ensembl.RefSeq_mRNA:176849[1>0]	ENSG00000109320	CURATED:184[0];HGNC.Current:22673[1];HGNC.Current:22673[1>0];Ensembl.HGNC:162880[3>0]
NM_001384335	Ensembl.RefSeq_mRNA:165877[1];Ensembl.RefSeq_mRNA:165877[1>0]	ENSG00000105997	CURATED:105[0];HGNC.Current:12140[1];HGNC.Current:12140[1>0];Ensembl.HGNC:153294[3>0]
NM_001384336	Ensembl.RefSeq_mRNA:165864[1];Ensembl.RefSeq_mRNA:165864[1>0]	ENSG00000105997	CURATED:105[0];HGNC.Current:12140[1];HGNC.Current:12140[1>0];Ensembl.HGNC:153294[3>0]
NM_001384337	Ensembl.RefSeq_mRNA:165867[1];Ensembl.RefSeq_mRNA:165867[1>0]	ENSG00000105997	CURATED:105[0];HGNC.Current:12140[1];HGNC.Current:12140[1>0];Ensembl.HGNC:153294[3>0]
NM_001384338	Ensembl.RefSeq_mRNA:165865[1];Ensembl.RefSeq_mRNA:165865[1>0]	ENSG00000105997	CURATED:105[0];HGNC.Current:12140[1];HGNC.Current:12140[1>0];Ensembl.HGNC:153294[3>0]
NM_001384339	Ensembl.RefSeq_mRNA:165868[1];Ensembl.RefSeq_mRNA:165868[1>0]	ENSG00000105997	CURATED:105[0];HGNC.Current:12140[1];HGNC.Current:12140[1>0];Ensembl.HGNC:153294[3>0]
NM_001384340	Ensembl.RefSeq_mRNA:165866[1];Ensembl.RefSeq_mRNA:165866[1>0]	ENSG00000105997	CURATED:105[0];HGNC.Current:12140[1];HGNC.Current:12140[1>0];Ensembl.HGNC:153294[3>0]
NM_001384341	Ensembl.RefSeq_mRNA:165870[1];Ensembl.RefSeq_mRNA:165870[1>0]	ENSG00000105997	CURATED:105[0];HGNC.Current:12140[1];HGNC.Current:12140[1>0];Ensembl.HGNC:153294[3>0]
NM_001384342	Ensembl.RefSeq_mRNA:165869[1];Ensembl.RefSeq_mRNA:165869[1>0]	ENSG00000105997	CURATED:105[0];HGNC.Current:12140[1];HGNC.Current:12140[1>0];Ensembl.HGNC:153294[3>0]
NM_001384343	Ensembl.RefSeq_mRNA:165844[1];Ensembl.RefSeq_mRNA:165844[1>0]	ENSG00000105997	CURATED:105[0];HGNC.Current:12140[1];HGNC.Current:12140[1>0];Ensembl.HGNC:153294[3>0]
NM_001384344	Ensembl.RefSeq_mRNA:165871[1];Ensembl.RefSeq_mRNA:165871[1>0]	ENSG00000105997	CURATED:105[0];HGNC.Current:12140[1];HGNC.Current:12140[1>0];Ensembl.HGNC:153294[3>0]
NM_001384345	Ensembl.RefSeq_mRNA:165846[1];Ensembl.RefSeq_mRNA:165846[1>0]	ENSG00000105997	CURATED:105[0];HGNC.Current:12140[1];HGNC.Current:12140[1>0];Ensembl.HGNC:153294[3>0]
NM_001384346	Ensembl.RefSeq_mRNA:165847[1];Ensembl.RefSeq_mRNA:165847[1>0]	ENSG00000105997	CURATED:105[0];HGNC.Current:12140[1];HGNC.Current:12140[1>0];Ensembl.HGNC:153294[3>0]
NM_001384880	Ensembl.RefSeq_mRNA:280979[1];Ensembl.RefSeq_mRNA:280979[1>0]	ENSG00000115415	CURATED:241[0];HGNC.Current:37777[1];HGNC.Current:37777[1>0];Ensembl.HGNC:256520[3>0]
NM_001384881	Ensembl.RefSeq_mRNA:280978[1];Ensembl.RefSeq_mRNA:280978[1>0]	ENSG00000115415	CURATED:241[0];HGNC.Current:37777[1];HGNC.Current:37777[1>0];Ensembl.HGNC:256520[3>0]
NM_001384882	Ensembl.RefSeq_mRNA:281107[1];Ensembl.RefSeq_mRNA:281107[1>0]	ENSG00000115415	CURATED:241[0];HGNC.Current:37777[1];HGNC.Current:37777[1>0];Ensembl.HGNC:256520[3>0]
NM_001384883	Ensembl.RefSeq_mRNA:281022[1];Ensembl.RefSeq_mRNA:281022[1>0]	ENSG00000115415	CURATED:241[0];HGNC.Current:37777[1];HGNC.Current:37777[1>0];Ensembl.HGNC:256520[3>0]
NM_001384884	Ensembl.RefSeq_mRNA:280977[1];Ensembl.RefSeq_mRNA:280977[1>0]	ENSG00000115415	CURATED:241[0];HGNC.Current:37777[1];HGNC.Current:37777[1>0];Ensembl.HGNC:256520[3>0]
NM_001384885	Ensembl.RefSeq_mRNA:281023[1];Ensembl.RefSeq_mRNA:281023[1>0]	ENSG00000115415	CURATED:241[0];HGNC.Current:37777[1];HGNC.Current:37777[1>0];Ensembl.HGNC:256520[3>0]
NM_001384886	Ensembl.RefSeq_mRNA:281028[1];Ensembl.RefSeq_mRNA:281028[1>0]	ENSG00000115415	CURATED:241[0];HGNC.Current:37777[1];HGNC.Current:37777[1>0];Ensembl.HGNC:256520[3>0]
NM_001384887	Ensembl.RefSeq_mRNA:281024[1];Ensembl.RefSeq_mRNA:281024[1>0]	ENSG00000115415	CURATED:241[0];HGNC.Current:37777[1];HGNC.Current:37777[1>0];Ensembl.HGNC:256520[3>0]
NM_001384888	Ensembl.RefSeq_mRNA:281025[1];Ensembl.RefSeq_mRNA:281025[1>0]	ENSG00000115415	CURATED:241[0];HGNC.Current:37777[1];HGNC.Current:37777[1>0];Ensembl.HGNC:256520[3>0]
NM_001384889	Ensembl.RefSeq_mRNA:281026[1];Ensembl.RefSeq_mRNA:281026[1>0]	ENSG00000115415	CURATED:241[0];HGNC.Current:37777[1];HGNC.Current:37777[1>0];Ensembl.HGNC:256520[3>0]
NM_001384890	Ensembl.RefSeq_mRNA:281021[1];Ensembl.RefSeq_mRNA:281021[1>0]	ENSG00000115415	CURATED:241[0];HGNC.Current:37777[1];HGNC.Current:37777[1>0];Ensembl.HGNC:256520[3>0]
NM_001384891	Ensembl.RefSeq_mRNA:281029[1];Ensembl.RefSeq_mRNA:281029[1>0]	ENSG00000115415	CURATED:241[0];HGNC.Current:37777[1];HGNC.Current:37777[1>0];Ensembl.HGNC:256520[3>0]
NM_001384984	Ensembl.RefSeq_mRNA:291398[1];Ensembl.RefSeq_mRNA:291398[1>0]	ENSG00000168610	CURATED:242[0];HGNC.Current:37779[1];HGNC.Current:37779[1>0];Ensembl.HGNC:265687[3>0]
NM_001384985	Ensembl.RefSeq_mRNA:291370[1];Ensembl.RefSeq_mRNA:291370[1>0]	ENSG00000168610	CURATED:242[0];HGNC.Current:37779[1];HGNC.Current:37779[1>0];Ensembl.HGNC:265687[3>0]
NM_001384986	Ensembl.RefSeq_mRNA:291424[1];Ensembl.RefSeq_mRNA:291424[1>0]	ENSG00000168610	CURATED:242[0];HGNC.Current:37779[1];HGNC.Current:37779[1>0];Ensembl.HGNC:265687[3>0]
NM_001384987	Ensembl.RefSeq_mRNA:291416[1];Ensembl.RefSeq_mRNA:291416[1>0]	ENSG00000168610	CURATED:242[0];HGNC.Current:37779[1];HGNC.Current:37779[1>0];Ensembl.HGNC:265687[3>0]
NM_001384988	Ensembl.RefSeq_mRNA:291444[1];Ensembl.RefSeq_mRNA:291444[1>0]	ENSG00000168610	CURATED:242[0];HGNC.Current:37779[1];HGNC.Current:37779[1>0];Ensembl.HGNC:265687[3>0]
NM_001384989	Ensembl.RefSeq_mRNA:291402[1];Ensembl.RefSeq_mRNA:291402[1>0]	ENSG00000168610	CURATED:242[0];HGNC.Current:37779[1];HGNC.Current:37779[1>0];Ensembl.HGNC:265687[3>0]
NM_001384990	Ensembl.RefSeq_mRNA:291422[1];Ensembl.RefSeq_mRNA:291422[1>0]	ENSG00000168610	CURATED:242[0];HGNC.Current:37779[1];HGNC.Current:37779[1>0];Ensembl.HGNC:265687[3>0]
NM_001384991	Ensembl.RefSeq_mRNA:291412[1];Ensembl.RefSeq_mRNA:291412[1>0]	ENSG00000168610	CURATED:242[0];HGNC.Current:37779[1];HGNC.Current:37779[1>0];Ensembl.HGNC:265687[3>0]
NM_001384992	Ensembl.RefSeq_mRNA:291367[1];Ensembl.RefSeq_mRNA:291367[1>0]	ENSG00000168610	CURATED:242[0];HGNC.Current:37779[1];HGNC.Current:37779[1>0];Ensembl.HGNC:265687[3>0]
NM_001384993	Ensembl.RefSeq_mRNA:291434[1];Ensembl.RefSeq_mRNA:291434[1>0]	ENSG00000168610	CURATED:242[0];HGNC.Current:37779[1];HGNC.Current:37779[1>0];Ensembl.HGNC:265687[3>0]
NM_001386735	Ensembl.RefSeq_mRNA:46039[1];Ensembl.RefSeq_mRNA:46039[1>0]	ENSG00000140836	CURATED:273[0];HGNC.Current:42949[1];HGNC.Current:42949[1>0];Ensembl.HGNC:42920[3>0]
NM_001387220	Ensembl.RefSeq_mRNA:300185[1];Ensembl.RefSeq_mRNA:300185[1>0]	ENSG00000030419	CURATED:126[0];HGNC.Current:13182[1];HGNC.Current:13182[1>0];Ensembl.HGNC:273958[3>0]
NM_001390836	Ensembl.RefSeq_mRNA:259991[1];Ensembl.RefSeq_mRNA:259991[1>0]	ENSG00000174332	CURATED:85[0];HGNC.Current:10350[1];HGNC.Current:10350[1>0];Ensembl.HGNC:238114[3>0]
NM_001390837	Ensembl.RefSeq_mRNA:259992[1];Ensembl.RefSeq_mRNA:259992[1>0]	ENSG00000174332	CURATED:85[0];HGNC.Current:10350[1];HGNC.Current:10350[1>0];Ensembl.HGNC:238114[3>0]
NM_001390838	Ensembl.RefSeq_mRNA:259989[1];Ensembl.RefSeq_mRNA:259989[1>0]	ENSG00000174332	CURATED:85[0];HGNC.Current:10350[1];HGNC.Current:10350[1>0];Ensembl.HGNC:238114[3>0]
NM_001391983	Ensembl.RefSeq_mRNA:184282[1];Ensembl.RefSeq_mRNA:184282[1>0]	ENSG00000124496	CURATED:263[0];HGNC.Current:40191[1];HGNC.Current:40191[1>0];Ensembl.HGNC:169689[3>0]
NM_001391984	Ensembl.RefSeq_mRNA:184304[1];Ensembl.RefSeq_mRNA:184304[1>0]	ENSG00000124496	CURATED:263[0];HGNC.Current:40191[1];HGNC.Current:40191[1>0];Ensembl.HGNC:169689[3>0]
NM_001393393	Ensembl.RefSeq_mRNA:267150[1];Ensembl.RefSeq_mRNA:267150[1>0]	ENSG00000181722	CURATED:270[0];HGNC.Current:42809[1];HGNC.Current:42809[1>0];Ensembl.HGNC:244837[3>0]
NM_001393394	Ensembl.RefSeq_mRNA:267151[1];Ensembl.RefSeq_mRNA:267151[1>0]	ENSG00000181722	CURATED:270[0];HGNC.Current:42809[1];HGNC.Current:42809[1>0];Ensembl.HGNC:244837[3>0]
NM_001393395	Ensembl.RefSeq_mRNA:267149[1];Ensembl.RefSeq_mRNA:267149[1>0]	ENSG00000181722	CURATED:270[0];HGNC.Current:42809[1];HGNC.Current:42809[1>0];Ensembl.HGNC:244837[3>0]
NM_001393396	Ensembl.RefSeq_mRNA:267139[1];Ensembl.RefSeq_mRNA:267139[1>0]	ENSG00000181722	CURATED:270[0];HGNC.Current:42809[1];HGNC.Current:42809[1>0];Ensembl.HGNC:244837[3>0]
NM_001393558	Ensembl.RefSeq_mRNA:191230[1];Ensembl.RefSeq_mRNA:191230[1>0]	ENSG00000068305	CURATED:161[0];HGNC.Current:18376[1];HGNC.Current:18376[1>0];Ensembl.HGNC:175896[3>0]
NM_001393559	Ensembl.RefSeq_mRNA:191344[1];Ensembl.RefSeq_mRNA:191344[1>0]	ENSG00000068305	CURATED:161[0];HGNC.Current:18376[1];HGNC.Current:18376[1>0];Ensembl.HGNC:175896[3>0]
NM_001393560	Ensembl.RefSeq_mRNA:191301[1];Ensembl.RefSeq_mRNA:191301[1>0]	ENSG00000068305	CURATED:161[0];HGNC.Current:18376[1];HGNC.Current:18376[1>0];Ensembl.HGNC:175896[3>0]
NM_001393934	Ensembl.RefSeq_mRNA:208020[1];Ensembl.RefSeq_mRNA:208020[1>0]	ENSG00000028277	CURATED:202[0];HGNC.Current:26332[1];HGNC.Current:26332[1>0];Ensembl.HGNC:190104[3>0]
NM_001393935	Ensembl.RefSeq_mRNA:208021[1];Ensembl.RefSeq_mRNA:208021[1>0]	ENSG00000028277	CURATED:202[0];HGNC.Current:26332[1];HGNC.Current:26332[1>0];Ensembl.HGNC:190104[3>0]
NM_001393936	Ensembl.RefSeq_mRNA:208041[1];Ensembl.RefSeq_mRNA:208041[1>0]	ENSG00000028277	CURATED:202[0];HGNC.Current:26332[1];HGNC.Current:26332[1>0];Ensembl.HGNC:190104[3>0]
NM_001393999	Ensembl.RefSeq_mRNA:109964[1];Ensembl.RefSeq_mRNA:109964[1>0]	ENSG00000100219	CURATED:268[0];HGNC.Current:42573[1];HGNC.Current:42573[1>0];Ensembl.HGNC:102325[3>0]
NM_001394000	Ensembl.RefSeq_mRNA:109965[1];Ensembl.RefSeq_mRNA:109965[1>0]	ENSG00000100219	CURATED:268[0];HGNC.Current:42573[1];HGNC.Current:42573[1>0];Ensembl.HGNC:102325[3>0]
NM_001394376	Ensembl.RefSeq_mRNA:208022[1];Ensembl.RefSeq_mRNA:208022[1>0]	ENSG00000028277	CURATED:202[0];HGNC.Current:26332[1];HGNC.Current:26332[1>0];Ensembl.HGNC:190104[3>0]
NM_001394377	Ensembl.RefSeq_mRNA:208070[1];Ensembl.RefSeq_mRNA:208070[1>0]	ENSG00000028277	CURATED:202[0];HGNC.Current:26332[1];HGNC.Current:26332[1>0];Ensembl.HGNC:190104[3>0]
NM_001394378	Ensembl.RefSeq_mRNA:208033[1];Ensembl.RefSeq_mRNA:208033[1>0]	ENSG00000028277	CURATED:202[0];HGNC.Current:26332[1];HGNC.Current:26332[1>0];Ensembl.HGNC:190104[3>0]
NM_001394595	Ensembl.RefSeq_mRNA:182234[1];Ensembl.RefSeq_mRNA:182234[1>0]	ENSG00000095794	CURATED:25[0];HGNC.Current:5517[1];HGNC.Current:5517[1>0];Ensembl.HGNC:166924[3>0]
NM_001394598	Ensembl.RefSeq_mRNA:182261[1];Ensembl.RefSeq_mRNA:182261[1>0]	ENSG00000095794	CURATED:25[0];HGNC.Current:5517[1];HGNC.Current:5517[1>0];Ensembl.HGNC:166924[3>0]
NM_001394600	Ensembl.RefSeq_mRNA:182235[1];Ensembl.RefSeq_mRNA:182235[1>0]	ENSG00000095794	CURATED:25[0];HGNC.Current:5517[1];HGNC.Current:5517[1>0];Ensembl.HGNC:166924[3>0]
NM_001394602	Ensembl.RefSeq_mRNA:181946[1];Ensembl.RefSeq_mRNA:181946[1>0]	ENSG00000095794	CURATED:25[0];HGNC.Current:5517[1];HGNC.Current:5517[1>0];Ensembl.HGNC:166924[3>0]
NM_001394603	Ensembl.RefSeq_mRNA:181947[1];Ensembl.RefSeq_mRNA:181947[1>0]	ENSG00000095794	CURATED:25[0];HGNC.Current:5517[1];HGNC.Current:5517[1>0];Ensembl.HGNC:166924[3>0]
NM_001394605	Ensembl.RefSeq_mRNA:182425[1];Ensembl.RefSeq_mRNA:182425[1>0]	ENSG00000095794	CURATED:25[0];HGNC.Current:5517[1];HGNC.Current:5517[1>0];Ensembl.HGNC:166924[3>0]
NM_001394608	Ensembl.RefSeq_mRNA:182345[1];Ensembl.RefSeq_mRNA:182345[1>0]	ENSG00000095794	CURATED:25[0];HGNC.Current:5517[1];HGNC.Current:5517[1>0];Ensembl.HGNC:166924[3>0]
NM_001394610	Ensembl.RefSeq_mRNA:182284[1];Ensembl.RefSeq_mRNA:182284[1>0]	ENSG00000095794	CURATED:25[0];HGNC.Current:5517[1];HGNC.Current:5517[1>0];Ensembl.HGNC:166924[3>0]
NM_001394613	Ensembl.RefSeq_mRNA:182346[1];Ensembl.RefSeq_mRNA:182346[1>0]	ENSG00000095794	CURATED:25[0];HGNC.Current:5517[1];HGNC.Current:5517[1>0];Ensembl.HGNC:166924[3>0]
NM_001394614	Ensembl.RefSeq_mRNA:181935[1];Ensembl.RefSeq_mRNA:181935[1>0]	ENSG00000095794	CURATED:25[0];HGNC.Current:5517[1];HGNC.Current:5517[1>0];Ensembl.HGNC:166924[3>0]
NM_001394615	Ensembl.RefSeq_mRNA:182374[1];Ensembl.RefSeq_mRNA:182374[1>0]	ENSG00000095794	CURATED:25[0];HGNC.Current:5517[1];HGNC.Current:5517[1>0];Ensembl.HGNC:166924[3>0]
NM_001394616	Ensembl.RefSeq_mRNA:182347[1];Ensembl.RefSeq_mRNA:182347[1>0]	ENSG00000095794	CURATED:25[0];HGNC.Current:5517[1];HGNC.Current:5517[1>0];Ensembl.HGNC:166924[3>0]
NM_001394617	Ensembl.RefSeq_mRNA:182386[1];Ensembl.RefSeq_mRNA:182386[1>0]	ENSG00000095794	CURATED:25[0];HGNC.Current:5517[1];HGNC.Current:5517[1>0];Ensembl.HGNC:166924[3>0]
NM_001394618	Ensembl.RefSeq_mRNA:182384[1];Ensembl.RefSeq_mRNA:182384[1>0]	ENSG00000095794	CURATED:25[0];HGNC.Current:5517[1];HGNC.Current:5517[1>0];Ensembl.HGNC:166924[3>0]
NM_001394619	Ensembl.RefSeq_mRNA:182385[1];Ensembl.RefSeq_mRNA:182385[1>0]	ENSG00000095794	CURATED:25[0];HGNC.Current:5517[1];HGNC.Current:5517[1>0];Ensembl.HGNC:166924[3>0]
NM_001394620	Ensembl.RefSeq_mRNA:182296[1];Ensembl.RefSeq_mRNA:182296[1>0]	ENSG00000095794	CURATED:25[0];HGNC.Current:5517[1];HGNC.Current:5517[1>0];Ensembl.HGNC:166924[3>0]
NM_001394622	Ensembl.RefSeq_mRNA:182387[1];Ensembl.RefSeq_mRNA:182387[1>0]	ENSG00000095794	CURATED:25[0];HGNC.Current:5517[1];HGNC.Current:5517[1>0];Ensembl.HGNC:166924[3>0]
NM_001394623	Ensembl.RefSeq_mRNA:182269[1];Ensembl.RefSeq_mRNA:182269[1>0]	ENSG00000095794	CURATED:25[0];HGNC.Current:5517[1];HGNC.Current:5517[1>0];Ensembl.HGNC:166924[3>0]
NM_001394625	Ensembl.RefSeq_mRNA:182448[1];Ensembl.RefSeq_mRNA:182448[1>0]	ENSG00000095794	CURATED:25[0];HGNC.Current:5517[1];HGNC.Current:5517[1>0];Ensembl.HGNC:166924[3>0]
NM_001394626	Ensembl.RefSeq_mRNA:182285[1];Ensembl.RefSeq_mRNA:182285[1>0]	ENSG00000095794	CURATED:25[0];HGNC.Current:5517[1];HGNC.Current:5517[1>0];Ensembl.HGNC:166924[3>0]
NM_001394627	Ensembl.RefSeq_mRNA:182283[1];Ensembl.RefSeq_mRNA:182283[1>0]	ENSG00000095794	CURATED:25[0];HGNC.Current:5517[1];HGNC.Current:5517[1>0];Ensembl.HGNC:166924[3>0]
NM_001394628	Ensembl.RefSeq_mRNA:182268[1];Ensembl.RefSeq_mRNA:182268[1>0]	ENSG00000095794	CURATED:25[0];HGNC.Current:5517[1];HGNC.Current:5517[1>0];Ensembl.HGNC:166924[3>0]
NM_001394629	Ensembl.RefSeq_mRNA:182270[1];Ensembl.RefSeq_mRNA:182270[1>0]	ENSG00000095794	CURATED:25[0];HGNC.Current:5517[1];HGNC.Current:5517[1>0];Ensembl.HGNC:166924[3>0]
NM_001394630	Ensembl.RefSeq_mRNA:182170[1];Ensembl.RefSeq_mRNA:182170[1>0]	ENSG00000095794	CURATED:25[0];HGNC.Current:5517[1];HGNC.Current:5517[1>0];Ensembl.HGNC:166924[3>0]
NM_001394631	Ensembl.RefSeq_mRNA:182060[1];Ensembl.RefSeq_mRNA:182060[1>0]	ENSG00000095794	CURATED:25[0];HGNC.Current:5517[1];HGNC.Current:5517[1>0];Ensembl.HGNC:166924[3>0]
NM_001395167	Ensembl.RefSeq_mRNA:125751[1];Ensembl.RefSeq_mRNA:125751[1>0]	ENSG00000088881	CURATED:39[0];HGNC.Current:7393[1];HGNC.Current:7393[1>0];Ensembl.HGNC:116723[3>0]
NM_001395168	Ensembl.RefSeq_mRNA:125752[1];Ensembl.RefSeq_mRNA:125752[1>0]	ENSG00000088881	CURATED:39[0];HGNC.Current:7393[1];HGNC.Current:7393[1>0];Ensembl.HGNC:116723[3>0]
NM_001395490	Ensembl.RefSeq_mRNA:184278[1];Ensembl.RefSeq_mRNA:184278[1>0]	ENSG00000124496	CURATED:263[0];HGNC.Current:40191[1];HGNC.Current:40191[1>0];Ensembl.HGNC:169689[3>0]
NM_001400028	Ensembl.RefSeq_mRNA:191299[1];Ensembl.RefSeq_mRNA:191299[1>0]	ENSG00000068305	CURATED:161[0];HGNC.Current:18376[1];HGNC.Current:18376[1>0];Ensembl.HGNC:175896[3>0]
NM_001400029	Ensembl.RefSeq_mRNA:191363[1];Ensembl.RefSeq_mRNA:191363[1>0]	ENSG00000068305	CURATED:161[0];HGNC.Current:18376[1];HGNC.Current:18376[1>0];Ensembl.HGNC:175896[3>0]
NM_001400030	Ensembl.RefSeq_mRNA:191362[1];Ensembl.RefSeq_mRNA:191362[1>0]	ENSG00000068305	CURATED:161[0];HGNC.Current:18376[1];HGNC.Current:18376[1>0];Ensembl.HGNC:175896[3>0]
NM_001400031	Ensembl.RefSeq_mRNA:191319[1];Ensembl.RefSeq_mRNA:191319[1>0]	ENSG00000068305	CURATED:161[0];HGNC.Current:18376[1];HGNC.Current:18376[1>0];Ensembl.HGNC:175896[3>0]
NM_001400032	Ensembl.RefSeq_mRNA:191320[1];Ensembl.RefSeq_mRNA:191320[1>0]	ENSG00000068305	CURATED:161[0];HGNC.Current:18376[1];HGNC.Current:18376[1>0];Ensembl.HGNC:175896[3>0]
NM_001400033	Ensembl.RefSeq_mRNA:191323[1];Ensembl.RefSeq_mRNA:191323[1>0]	ENSG00000068305	CURATED:161[0];HGNC.Current:18376[1];HGNC.Current:18376[1>0];Ensembl.HGNC:175896[3>0]
NM_001400034	Ensembl.RefSeq_mRNA:191325[1];Ensembl.RefSeq_mRNA:191325[1>0]	ENSG00000068305	CURATED:161[0];HGNC.Current:18376[1];HGNC.Current:18376[1>0];Ensembl.HGNC:175896[3>0]
NM_001400035	Ensembl.RefSeq_mRNA:191321[1];Ensembl.RefSeq_mRNA:191321[1>0]	ENSG00000068305	CURATED:161[0];HGNC.Current:18376[1];HGNC.Current:18376[1>0];Ensembl.HGNC:175896[3>0]
NM_001400036	Ensembl.RefSeq_mRNA:191318[1];Ensembl.RefSeq_mRNA:191318[1>0]	ENSG00000068305	CURATED:161[0];HGNC.Current:18376[1];HGNC.Current:18376[1>0];Ensembl.HGNC:175896[3>0]
NM_001400037	Ensembl.RefSeq_mRNA:191231[1];Ensembl.RefSeq_mRNA:191231[1>0]	ENSG00000068305	CURATED:161[0];HGNC.Current:18376[1];HGNC.Current:18376[1>0];Ensembl.HGNC:175896[3>0]
NM_001400038	Ensembl.RefSeq_mRNA:191227[1];Ensembl.RefSeq_mRNA:191227[1>0]	ENSG00000068305	CURATED:161[0];HGNC.Current:18376[1];HGNC.Current:18376[1>0];Ensembl.HGNC:175896[3>0]
NM_001400039	Ensembl.RefSeq_mRNA:191223[1];Ensembl.RefSeq_mRNA:191223[1>0]	ENSG00000068305	CURATED:161[0];HGNC.Current:18376[1];HGNC.Current:18376[1>0];Ensembl.HGNC:175896[3>0]
NM_001400040	Ensembl.RefSeq_mRNA:191226[1];Ensembl.RefSeq_mRNA:191226[1>0]	ENSG00000068305	CURATED:161[0];HGNC.Current:18376[1];HGNC.Current:18376[1>0];Ensembl.HGNC:175896[3>0]
NM_001400049	Ensembl.RefSeq_mRNA:191221[1];Ensembl.RefSeq_mRNA:191221[1>0]	ENSG00000068305	CURATED:161[0];HGNC.Current:18376[1];HGNC.Current:18376[1>0];Ensembl.HGNC:175896[3>0]
NM_001400050	Ensembl.RefSeq_mRNA:191225[1];Ensembl.RefSeq_mRNA:191225[1>0]	ENSG00000068305	CURATED:161[0];HGNC.Current:18376[1];HGNC.Current:18376[1>0];Ensembl.HGNC:175896[3>0]
NM_001400051	Ensembl.RefSeq_mRNA:191236[1];Ensembl.RefSeq_mRNA:191236[1>0]	ENSG00000068305	CURATED:161[0];HGNC.Current:18376[1];HGNC.Current:18376[1>0];Ensembl.HGNC:175896[3>0]
NM_001400052	Ensembl.RefSeq_mRNA:191235[1];Ensembl.RefSeq_mRNA:191235[1>0]	ENSG00000068305	CURATED:161[0];HGNC.Current:18376[1];HGNC.Current:18376[1>0];Ensembl.HGNC:175896[3>0]
NM_001400053	Ensembl.RefSeq_mRNA:191224[1];Ensembl.RefSeq_mRNA:191224[1>0]	ENSG00000068305	CURATED:161[0];HGNC.Current:18376[1];HGNC.Current:18376[1>0];Ensembl.HGNC:175896[3>0]
NM_001400054	Ensembl.RefSeq_mRNA:191302[1];Ensembl.RefSeq_mRNA:191302[1>0]	ENSG00000068305	CURATED:161[0];HGNC.Current:18376[1];HGNC.Current:18376[1>0];Ensembl.HGNC:175896[3>0]
NM_001400055	Ensembl.RefSeq_mRNA:191355[1];Ensembl.RefSeq_mRNA:191355[1>0]	ENSG00000068305	CURATED:161[0];HGNC.Current:18376[1];HGNC.Current:18376[1>0];Ensembl.HGNC:175896[3>0]
NM_001400056	Ensembl.RefSeq_mRNA:191295[1];Ensembl.RefSeq_mRNA:191295[1>0]	ENSG00000068305	CURATED:161[0];HGNC.Current:18376[1];HGNC.Current:18376[1>0];Ensembl.HGNC:175896[3>0]
NM_001400057	Ensembl.RefSeq_mRNA:191287[1];Ensembl.RefSeq_mRNA:191287[1>0]	ENSG00000068305	CURATED:161[0];HGNC.Current:18376[1];HGNC.Current:18376[1>0];Ensembl.HGNC:175896[3>0]
NM_001400058	Ensembl.RefSeq_mRNA:191294[1];Ensembl.RefSeq_mRNA:191294[1>0]	ENSG00000068305	CURATED:161[0];HGNC.Current:18376[1];HGNC.Current:18376[1>0];Ensembl.HGNC:175896[3>0]
NM_001400059	Ensembl.RefSeq_mRNA:191291[1];Ensembl.RefSeq_mRNA:191291[1>0]	ENSG00000068305	CURATED:161[0];HGNC.Current:18376[1];HGNC.Current:18376[1>0];Ensembl.HGNC:175896[3>0]
NM_001400060	Ensembl.RefSeq_mRNA:191358[1];Ensembl.RefSeq_mRNA:191358[1>0]	ENSG00000068305	CURATED:161[0];HGNC.Current:18376[1];HGNC.Current:18376[1>0];Ensembl.HGNC:175896[3>0]
NM_001400061	Ensembl.RefSeq_mRNA:191289[1];Ensembl.RefSeq_mRNA:191289[1>0]	ENSG00000068305	CURATED:161[0];HGNC.Current:18376[1];HGNC.Current:18376[1>0];Ensembl.HGNC:175896[3>0]
NM_001400062	Ensembl.RefSeq_mRNA:191356[1];Ensembl.RefSeq_mRNA:191356[1>0]	ENSG00000068305	CURATED:161[0];HGNC.Current:18376[1];HGNC.Current:18376[1>0];Ensembl.HGNC:175896[3>0]
NM_001400063	Ensembl.RefSeq_mRNA:191293[1];Ensembl.RefSeq_mRNA:191293[1>0]	ENSG00000068305	CURATED:161[0];HGNC.Current:18376[1];HGNC.Current:18376[1>0];Ensembl.HGNC:175896[3>0]
NM_001400064	Ensembl.RefSeq_mRNA:191288[1];Ensembl.RefSeq_mRNA:191288[1>0]	ENSG00000068305	CURATED:161[0];HGNC.Current:18376[1];HGNC.Current:18376[1>0];Ensembl.HGNC:175896[3>0]
NM_001400065	Ensembl.RefSeq_mRNA:191297[1];Ensembl.RefSeq_mRNA:191297[1>0]	ENSG00000068305	CURATED:161[0];HGNC.Current:18376[1];HGNC.Current:18376[1>0];Ensembl.HGNC:175896[3>0]
NM_001400066	Ensembl.RefSeq_mRNA:191290[1];Ensembl.RefSeq_mRNA:191290[1>0]	ENSG00000068305	CURATED:161[0];HGNC.Current:18376[1];HGNC.Current:18376[1>0];Ensembl.HGNC:175896[3>0]
NM_001400067	Ensembl.RefSeq_mRNA:191361[1];Ensembl.RefSeq_mRNA:191361[1>0]	ENSG00000068305	CURATED:161[0];HGNC.Current:18376[1];HGNC.Current:18376[1>0];Ensembl.HGNC:175896[3>0]
NM_001400068	Ensembl.RefSeq_mRNA:191234[1];Ensembl.RefSeq_mRNA:191234[1>0]	ENSG00000068305	CURATED:161[0];HGNC.Current:18376[1];HGNC.Current:18376[1>0];Ensembl.HGNC:175896[3>0]
NM_001400069	Ensembl.RefSeq_mRNA:191345[1];Ensembl.RefSeq_mRNA:191345[1>0]	ENSG00000068305	CURATED:161[0];HGNC.Current:18376[1];HGNC.Current:18376[1>0];Ensembl.HGNC:175896[3>0]
NM_001400365	Ensembl.RefSeq_mRNA:176582[1];Ensembl.RefSeq_mRNA:176582[1>0]	ENSG00000123405	CURATED:181[0];HGNC.Current:22656[1];HGNC.Current:22656[1>0];Ensembl.HGNC:162846[3>0]
NM_001400372	Ensembl.RefSeq_mRNA:176580[1];Ensembl.RefSeq_mRNA:176580[1>0]	ENSG00000123405	CURATED:181[0];HGNC.Current:22656[1];HGNC.Current:22656[1>0];Ensembl.HGNC:162846[3>0]
NM_001405708	Ensembl.RefSeq_mRNA:58014[1];Ensembl.RefSeq_mRNA:58014[1>0]	ENSG00000119866	CURATED:12[0];HGNC.Current:2342[1];HGNC.Current:2342[1>0];Ensembl.HGNC:53924[3>0]
NM_001405709	Ensembl.RefSeq_mRNA:58016[1];Ensembl.RefSeq_mRNA:58016[1>0]	ENSG00000119866	CURATED:12[0];HGNC.Current:2342[1];HGNC.Current:2342[1>0];Ensembl.HGNC:53924[3>0]
NM_001405710	Ensembl.RefSeq_mRNA:57913[1];Ensembl.RefSeq_mRNA:57913[1>0]	ENSG00000119866	CURATED:12[0];HGNC.Current:2342[1];HGNC.Current:2342[1>0];Ensembl.HGNC:53924[3>0]
NM_001405711	Ensembl.RefSeq_mRNA:58047[1];Ensembl.RefSeq_mRNA:58047[1>0]	ENSG00000119866	CURATED:12[0];HGNC.Current:2342[1];HGNC.Current:2342[1>0];Ensembl.HGNC:53924[3>0]
NM_001405712	Ensembl.RefSeq_mRNA:58046[1];Ensembl.RefSeq_mRNA:58046[1>0]	ENSG00000119866	CURATED:12[0];HGNC.Current:2342[1];HGNC.Current:2342[1>0];Ensembl.HGNC:53924[3>0]
NM_001405713	Ensembl.RefSeq_mRNA:58021[1];Ensembl.RefSeq_mRNA:58021[1>0]	ENSG00000119866	CURATED:12[0];HGNC.Current:2342[1];HGNC.Current:2342[1>0];Ensembl.HGNC:53924[3>0]
NM_001405714	Ensembl.RefSeq_mRNA:58023[1];Ensembl.RefSeq_mRNA:58023[1>0]	ENSG00000119866	CURATED:12[0];HGNC.Current:2342[1];HGNC.Current:2342[1>0];Ensembl.HGNC:53924[3>0]
NM_001405715	Ensembl.RefSeq_mRNA:58015[1];Ensembl.RefSeq_mRNA:58015[1>0]	ENSG00000119866	CURATED:12[0];HGNC.Current:2342[1];HGNC.Current:2342[1>0];Ensembl.HGNC:53924[3>0]
NM_001405716	Ensembl.RefSeq_mRNA:57918[1];Ensembl.RefSeq_mRNA:57918[1>0]	ENSG00000119866	CURATED:12[0];HGNC.Current:2342[1];HGNC.Current:2342[1>0];Ensembl.HGNC:53924[3>0]
NM_001405718	Ensembl.RefSeq_mRNA:57953[1];Ensembl.RefSeq_mRNA:57953[1>0]	ENSG00000119866	CURATED:12[0];HGNC.Current:2342[1];HGNC.Current:2342[1>0];Ensembl.HGNC:53924[3>0]
NM_001405719	Ensembl.RefSeq_mRNA:57960[1];Ensembl.RefSeq_mRNA:57960[1>0]	ENSG00000119866	CURATED:12[0];HGNC.Current:2342[1];HGNC.Current:2342[1>0];Ensembl.HGNC:53924[3>0]
NM_001405720	Ensembl.RefSeq_mRNA:58061[1];Ensembl.RefSeq_mRNA:58061[1>0]	ENSG00000119866	CURATED:12[0];HGNC.Current:2342[1];HGNC.Current:2342[1>0];Ensembl.HGNC:53924[3>0]
NM_001405721	Ensembl.RefSeq_mRNA:58020[1];Ensembl.RefSeq_mRNA:58020[1>0]	ENSG00000119866	CURATED:12[0];HGNC.Current:2342[1];HGNC.Current:2342[1>0];Ensembl.HGNC:53924[3>0]
NM_001405722	Ensembl.RefSeq_mRNA:57916[1];Ensembl.RefSeq_mRNA:57916[1>0]	ENSG00000119866	CURATED:12[0];HGNC.Current:2342[1];HGNC.Current:2342[1>0];Ensembl.HGNC:53924[3>0]
NM_001405723	Ensembl.RefSeq_mRNA:57917[1];Ensembl.RefSeq_mRNA:57917[1>0]	ENSG00000119866	CURATED:12[0];HGNC.Current:2342[1];HGNC.Current:2342[1>0];Ensembl.HGNC:53924[3>0]
NM_001405724	Ensembl.RefSeq_mRNA:57961[1];Ensembl.RefSeq_mRNA:57961[1>0]	ENSG00000119866	CURATED:12[0];HGNC.Current:2342[1];HGNC.Current:2342[1>0];Ensembl.HGNC:53924[3>0]
NM_001405725	Ensembl.RefSeq_mRNA:58019[1];Ensembl.RefSeq_mRNA:58019[1>0]	ENSG00000119866	CURATED:12[0];HGNC.Current:2342[1];HGNC.Current:2342[1>0];Ensembl.HGNC:53924[3>0]
NM_001405726	Ensembl.RefSeq_mRNA:57915[1];Ensembl.RefSeq_mRNA:57915[1>0]	ENSG00000119866	CURATED:12[0];HGNC.Current:2342[1];HGNC.Current:2342[1>0];Ensembl.HGNC:53924[3>0]
NM_001405727	Ensembl.RefSeq_mRNA:58060[1];Ensembl.RefSeq_mRNA:58060[1>0]	ENSG00000119866	CURATED:12[0];HGNC.Current:2342[1];HGNC.Current:2342[1>0];Ensembl.HGNC:53924[3>0]
NM_001405728	Ensembl.RefSeq_mRNA:58018[1];Ensembl.RefSeq_mRNA:58018[1>0]	ENSG00000119866	CURATED:12[0];HGNC.Current:2342[1];HGNC.Current:2342[1>0];Ensembl.HGNC:53924[3>0]
NM_001405729	Ensembl.RefSeq_mRNA:58022[1];Ensembl.RefSeq_mRNA:58022[1>0]	ENSG00000119866	CURATED:12[0];HGNC.Current:2342[1];HGNC.Current:2342[1>0];Ensembl.HGNC:53924[3>0]
NM_001405730	Ensembl.RefSeq_mRNA:57912[1];Ensembl.RefSeq_mRNA:57912[1>0]	ENSG00000119866	CURATED:12[0];HGNC.Current:2342[1];HGNC.Current:2342[1>0];Ensembl.HGNC:53924[3>0]
NM_001405731	Ensembl.RefSeq_mRNA:57914[1];Ensembl.RefSeq_mRNA:57914[1>0]	ENSG00000119866	CURATED:12[0];HGNC.Current:2342[1];HGNC.Current:2342[1>0];Ensembl.HGNC:53924[3>0]
NM_001405732	Ensembl.RefSeq_mRNA:57933[1];Ensembl.RefSeq_mRNA:57933[1>0]	ENSG00000119866	CURATED:12[0];HGNC.Current:2342[1];HGNC.Current:2342[1>0];Ensembl.HGNC:53924[3>0]
NM_001405733	Ensembl.RefSeq_mRNA:57948[1];Ensembl.RefSeq_mRNA:57948[1>0]	ENSG00000119866	CURATED:12[0];HGNC.Current:2342[1];HGNC.Current:2342[1>0];Ensembl.HGNC:53924[3>0]
NM_001405734	Ensembl.RefSeq_mRNA:57939[1];Ensembl.RefSeq_mRNA:57939[1>0]	ENSG00000119866	CURATED:12[0];HGNC.Current:2342[1];HGNC.Current:2342[1>0];Ensembl.HGNC:53924[3>0]
NM_001405735	Ensembl.RefSeq_mRNA:57938[1];Ensembl.RefSeq_mRNA:57938[1>0]	ENSG00000119866	CURATED:12[0];HGNC.Current:2342[1];HGNC.Current:2342[1>0];Ensembl.HGNC:53924[3>0]
NM_001405736	Ensembl.RefSeq_mRNA:57952[1];Ensembl.RefSeq_mRNA:57952[1>0]	ENSG00000119866	CURATED:12[0];HGNC.Current:2342[1];HGNC.Current:2342[1>0];Ensembl.HGNC:53924[3>0]
NM_001410737	Ensembl.RefSeq_mRNA:301629[1];Ensembl.RefSeq_mRNA:301629[1>0]	ENSG00000171735	CURATED:14[0];HGNC.Current:3339[1];HGNC.Current:3339[1>0];Ensembl.HGNC:275261[3>0]
NM_001410738	Ensembl.RefSeq_mRNA:301630[1];Ensembl.RefSeq_mRNA:301630[1>0]	ENSG00000171735	CURATED:14[0];HGNC.Current:3339[1];HGNC.Current:3339[1>0];Ensembl.HGNC:275261[3>0]
NM_001410754	Ensembl.RefSeq_mRNA:274861[1];Ensembl.RefSeq_mRNA:274861[1>0]	ENSG00000175745	CURATED:189[0];HGNC.Current:23166[1];HGNC.Current:23166[1>0];Ensembl.HGNC:251584[3>0]
NM_001410879	Ensembl.RefSeq_mRNA:205172[1];Ensembl.RefSeq_mRNA:205172[1>0]	ENSG00000185811	CURATED:125[0];HGNC.Current:13181[1];HGNC.Current:13181[1>0];Ensembl.HGNC:188341[3>0]
NM_001410931	Ensembl.RefSeq_mRNA:123366[1];Ensembl.RefSeq_mRNA:123366[1>0]	ENSG00000122877	CURATED:41[0];HGNC.Current:7620[1];HGNC.Current:7620[1>0];Ensembl.HGNC:114586[3>0]
NM_001411069	Ensembl.RefSeq_mRNA:258303[1];Ensembl.RefSeq_mRNA:258303[1>0]	ENSG00000125740	CURATED:58[0];HGNC.Current:9415[1];HGNC.Current:9415[1>0];Ensembl.HGNC:236716[3>0]
NM_001411103	Ensembl.RefSeq_mRNA:171601[1];Ensembl.RefSeq_mRNA:171601[1>0]	ENSG00000126561	CURATED:244[0];HGNC.Current:37782[1];HGNC.Current:37782[1>0];Ensembl.HGNC:157910[3>0]
NM_001413760	Ensembl.RefSeq_mRNA:60072[1];Ensembl.RefSeq_mRNA:60072[1>0]	ENSG00000111145	CURATED:44[0];HGNC.Current:7827[1];HGNC.Current:7827[1>0];Ensembl.HGNC:56353[3>0]
NM_001413761	Ensembl.RefSeq_mRNA:60071[1];Ensembl.RefSeq_mRNA:60071[1>0]	ENSG00000111145	CURATED:44[0];HGNC.Current:7827[1];HGNC.Current:7827[1>0];Ensembl.HGNC:56353[3>0]
NM_001413762	Ensembl.RefSeq_mRNA:60074[1];Ensembl.RefSeq_mRNA:60074[1>0]	ENSG00000111145	CURATED:44[0];HGNC.Current:7827[1];HGNC.Current:7827[1>0];Ensembl.HGNC:56353[3>0]
NM_001413763	Ensembl.RefSeq_mRNA:60075[1];Ensembl.RefSeq_mRNA:60075[1>0]	ENSG00000111145	CURATED:44[0];HGNC.Current:7827[1];HGNC.Current:7827[1>0];Ensembl.HGNC:56353[3>0]
NM_001413764	Ensembl.RefSeq_mRNA:60077[1];Ensembl.RefSeq_mRNA:60077[1>0]	ENSG00000111145	CURATED:44[0];HGNC.Current:7827[1];HGNC.Current:7827[1>0];Ensembl.HGNC:56353[3>0]
NM_001413765	Ensembl.RefSeq_mRNA:60076[1];Ensembl.RefSeq_mRNA:60076[1>0]	ENSG00000111145	CURATED:44[0];HGNC.Current:7827[1];HGNC.Current:7827[1>0];Ensembl.HGNC:56353[3>0]
NM_001413913	Ensembl.RefSeq_mRNA:22112[1];Ensembl.RefSeq_mRNA:22112[1>0]	ENSG00000139083	CURATED:54[0];HGNC.Current:8363[1];HGNC.Current:8363[1>0];Ensembl.HGNC:20793[3>0]
NM_001413914	Ensembl.RefSeq_mRNA:22109[1];Ensembl.RefSeq_mRNA:22109[1>0]	ENSG00000139083	CURATED:54[0];HGNC.Current:8363[1];HGNC.Current:8363[1>0];Ensembl.HGNC:20793[3>0]
NM_001413915	Ensembl.RefSeq_mRNA:22113[1];Ensembl.RefSeq_mRNA:22113[1>0]	ENSG00000139083	CURATED:54[0];HGNC.Current:8363[1];HGNC.Current:8363[1>0];Ensembl.HGNC:20793[3>0]
NM_001413916	Ensembl.RefSeq_mRNA:22114[1];Ensembl.RefSeq_mRNA:22114[1>0]	ENSG00000139083	CURATED:54[0];HGNC.Current:8363[1];HGNC.Current:8363[1>0];Ensembl.HGNC:20793[3>0]
NM_001413917	Ensembl.RefSeq_mRNA:22111[1];Ensembl.RefSeq_mRNA:22111[1>0]	ENSG00000139083	CURATED:54[0];HGNC.Current:8363[1];HGNC.Current:8363[1>0];Ensembl.HGNC:20793[3>0]
NM_001414518	Ensembl.RefSeq_mRNA:184960[1];Ensembl.RefSeq_mRNA:184960[1>0]	ENSG00000120837	CURATED:185[0];HGNC.Current:22690[1];HGNC.Current:22690[1>0];Ensembl.HGNC:170326[3>0]
NM_001414519	Ensembl.RefSeq_mRNA:184962[1];Ensembl.RefSeq_mRNA:184962[1>0]	ENSG00000120837	CURATED:185[0];HGNC.Current:22690[1];HGNC.Current:22690[1>0];Ensembl.HGNC:170326[3>0]
NM_001414520	Ensembl.RefSeq_mRNA:184965[1];Ensembl.RefSeq_mRNA:184965[1>0]	ENSG00000120837	CURATED:185[0];HGNC.Current:22690[1];HGNC.Current:22690[1>0];Ensembl.HGNC:170326[3>0]
NM_001414521	Ensembl.RefSeq_mRNA:184964[1];Ensembl.RefSeq_mRNA:184964[1>0]	ENSG00000120837	CURATED:185[0];HGNC.Current:22690[1];HGNC.Current:22690[1>0];Ensembl.HGNC:170326[3>0]
NM_001414522	Ensembl.RefSeq_mRNA:184950[1];Ensembl.RefSeq_mRNA:184950[1>0]	ENSG00000120837	CURATED:185[0];HGNC.Current:22690[1];HGNC.Current:22690[1>0];Ensembl.HGNC:170326[3>0]
NM_001414523	Ensembl.RefSeq_mRNA:184961[1];Ensembl.RefSeq_mRNA:184961[1>0]	ENSG00000120837	CURATED:185[0];HGNC.Current:22690[1];HGNC.Current:22690[1>0];Ensembl.HGNC:170326[3>0]
NM_001414524	Ensembl.RefSeq_mRNA:184953[1];Ensembl.RefSeq_mRNA:184953[1>0]	ENSG00000120837	CURATED:185[0];HGNC.Current:22690[1];HGNC.Current:22690[1>0];Ensembl.HGNC:170326[3>0]
NM_001414525	Ensembl.RefSeq_mRNA:184944[1];Ensembl.RefSeq_mRNA:184944[1>0]	ENSG00000120837	CURATED:185[0];HGNC.Current:22690[1];HGNC.Current:22690[1>0];Ensembl.HGNC:170326[3>0]
NM_001414526	Ensembl.RefSeq_mRNA:184952[1];Ensembl.RefSeq_mRNA:184952[1>0]	ENSG00000120837	CURATED:185[0];HGNC.Current:22690[1];HGNC.Current:22690[1>0];Ensembl.HGNC:170326[3>0]
NM_001414527	Ensembl.RefSeq_mRNA:184949[1];Ensembl.RefSeq_mRNA:184949[1>0]	ENSG00000120837	CURATED:185[0];HGNC.Current:22690[1];HGNC.Current:22690[1>0];Ensembl.HGNC:170326[3>0]
NM_001414528	Ensembl.RefSeq_mRNA:184947[1];Ensembl.RefSeq_mRNA:184947[1>0]	ENSG00000120837	CURATED:185[0];HGNC.Current:22690[1];HGNC.Current:22690[1>0];Ensembl.HGNC:170326[3>0]
NM_001414529	Ensembl.RefSeq_mRNA:184945[1];Ensembl.RefSeq_mRNA:184945[1>0]	ENSG00000120837	CURATED:185[0];HGNC.Current:22690[1];HGNC.Current:22690[1>0];Ensembl.HGNC:170326[3>0]
NM_001414530	Ensembl.RefSeq_mRNA:184948[1];Ensembl.RefSeq_mRNA:184948[1>0]	ENSG00000120837	CURATED:185[0];HGNC.Current:22690[1];HGNC.Current:22690[1>0];Ensembl.HGNC:170326[3>0]
NM_001414531	Ensembl.RefSeq_mRNA:184946[1];Ensembl.RefSeq_mRNA:184946[1>0]	ENSG00000120837	CURATED:185[0];HGNC.Current:22690[1];HGNC.Current:22690[1>0];Ensembl.HGNC:170326[3>0]
NM_001414532	Ensembl.RefSeq_mRNA:184959[1];Ensembl.RefSeq_mRNA:184959[1>0]	ENSG00000120837	CURATED:185[0];HGNC.Current:22690[1];HGNC.Current:22690[1>0];Ensembl.HGNC:170326[3>0]
NM_001415139	Ensembl.RefSeq_mRNA:54831[1];Ensembl.RefSeq_mRNA:54831[1>0]	ENSG00000118689	CURATED:71[0];HGNC.Current:9473[1];HGNC.Current:9473[1>0];Ensembl.HGNC:51505[3>0]
NM_001415140	Ensembl.RefSeq_mRNA:54821[1];Ensembl.RefSeq_mRNA:54821[1>0]	ENSG00000118689	CURATED:71[0];HGNC.Current:9473[1];HGNC.Current:9473[1>0];Ensembl.HGNC:51505[3>0]
NM_001415142	Ensembl.RefSeq_mRNA:54832[1];Ensembl.RefSeq_mRNA:54832[1>0]	ENSG00000118689	CURATED:71[0];HGNC.Current:9473[1];HGNC.Current:9473[1>0];Ensembl.HGNC:51505[3>0]
NM_001415144	Ensembl.RefSeq_mRNA:54857[1];Ensembl.RefSeq_mRNA:54857[1>0]	ENSG00000118689	CURATED:71[0];HGNC.Current:9473[1];HGNC.Current:9473[1>0];Ensembl.HGNC:51505[3>0]
NM_001415145	Ensembl.RefSeq_mRNA:54856[1];Ensembl.RefSeq_mRNA:54856[1>0]	ENSG00000118689	CURATED:71[0];HGNC.Current:9473[1];HGNC.Current:9473[1>0];Ensembl.HGNC:51505[3>0]
NM_001415146	Ensembl.RefSeq_mRNA:54852[1];Ensembl.RefSeq_mRNA:54852[1>0]	ENSG00000118689	CURATED:71[0];HGNC.Current:9473[1];HGNC.Current:9473[1>0];Ensembl.HGNC:51505[3>0]
NM_001415147	Ensembl.RefSeq_mRNA:54855[1];Ensembl.RefSeq_mRNA:54855[1>0]	ENSG00000118689	CURATED:71[0];HGNC.Current:9473[1];HGNC.Current:9473[1>0];Ensembl.HGNC:51505[3>0]
NM_001415148	Ensembl.RefSeq_mRNA:54853[1];Ensembl.RefSeq_mRNA:54853[1>0]	ENSG00000118689	CURATED:71[0];HGNC.Current:9473[1];HGNC.Current:9473[1>0];Ensembl.HGNC:51505[3>0]
NM_001415149	Ensembl.RefSeq_mRNA:54854[1];Ensembl.RefSeq_mRNA:54854[1>0]	ENSG00000118689	CURATED:71[0];HGNC.Current:9473[1];HGNC.Current:9473[1>0];Ensembl.HGNC:51505[3>0]
NM_001415150	Ensembl.RefSeq_mRNA:54823[1];Ensembl.RefSeq_mRNA:54823[1>0]	ENSG00000118689	CURATED:71[0];HGNC.Current:9473[1];HGNC.Current:9473[1>0];Ensembl.HGNC:51505[3>0]
NM_001426	Ensembl.RefSeq_mRNA:68677[1];Ensembl.RefSeq_mRNA:68677[1>0]	ENSG00000163064	CURATED:46[0];HGNC.Current:7952[1];HGNC.Current:7952[1>0];Ensembl.HGNC:64320[3>0]
NM_001430	Ensembl.RefSeq_mRNA:56188[1];Ensembl.RefSeq_mRNA:56188[1>0]	ENSG00000116016	CURATED:48[0];HGNC.Current:8043[1];HGNC.Current:8043[1>0];Ensembl.HGNC:52410[3>0]
NM_001451	Ensembl.RefSeq_mRNA:47443[1];Ensembl.RefSeq_mRNA:47443[1>0]	ENSG00000103241	CURATED:66[0];HGNC.Current:9443[1];HGNC.Current:9443[1>0];Ensembl.HGNC:44356[3>0]
NM_001452	Ensembl.RefSeq_mRNA:21947[1];Ensembl.RefSeq_mRNA:21947[1>0]	ENSG00000137273	CURATED:67[0];HGNC.Current:9444[1];HGNC.Current:9444[1>0];Ensembl.HGNC:20629[3>0]
NM_001453	Ensembl.RefSeq_mRNA:25026[1];Ensembl.RefSeq_mRNA:25026[1>0]	ENSG00000054598	CURATED:62[0];HGNC.Current:9425[1];HGNC.Current:9425[1>0];Ensembl.HGNC:23520[3>0]
NM_001454	Ensembl.RefSeq_mRNA:128983[1];Ensembl.RefSeq_mRNA:128983[1>0]	ENSG00000129654	CURATED:68[0];HGNC.Current:9452[1];HGNC.Current:9452[1>0];Ensembl.HGNC:119773[3>0]
NM_001455	Ensembl.RefSeq_mRNA:54830[1];Ensembl.RefSeq_mRNA:54830[1>0]	ENSG00000118689	CURATED:71[0];HGNC.Current:9473[1];HGNC.Current:9473[1>0];Ensembl.HGNC:51505[3>0]
NM_001485	Ensembl.RefSeq_mRNA:284750[1];Ensembl.RefSeq_mRNA:284750[1>0]	ENSG00000168505	CURATED:82[0];HGNC.Current:10102[1];HGNC.Current:10102[1>0];Ensembl.HGNC:260357[3>0]
NM_001572	Ensembl.RefSeq_mRNA:34461[1];Ensembl.RefSeq_mRNA:253347[1>0]	ENSG00000185507	CURATED:130[0];HGNC.Current:13505[1];HGNC.Current:13505[1>0];Ensembl.HGNC:231997[3>0]
NM_001572	Ensembl.RefSeq_mRNA:34461[1];Ensembl.RefSeq_mRNA:34461[1>0]	ENSG00000276561	CURATED:130[0];HGNC.Current:13505[1];HGNC.Current:13505[1>0];Ensembl.HGNC:32151[3>0]
NM_001604	Ensembl.RefSeq_mRNA:238260[1];Ensembl.RefSeq_mRNA:238260[1>0]	ENSG00000007372	CURATED:198[0];HGNC.Current:24887[1];HGNC.Current:24887[1>0];Ensembl.HGNC:216546[3>0]
NM_001621	Ensembl.RefSeq_mRNA:23828[1];Ensembl.RefSeq_mRNA:23828[1>0]	ENSG00000106546	CURATED:1[0];HGNC.Current:702[1];HGNC.Current:702[1>0];Ensembl.HGNC:22321[3>0]
NM_001730	Ensembl.RefSeq_mRNA:3272[1];Ensembl.RefSeq_mRNA:3272[1>0]	ENSG00000102554	CURATED:23[0];HGNC.Current:4824[1];HGNC.Current:14133[8>1];HGNC.Current:14133[1];HGNC.Current:14133[1>0];Ensembl.HGNC:2993[3>0]
NM_001754	Ensembl.RefSeq_mRNA:41572[1];Ensembl.RefSeq_mRNA:41572[1>0]	ENSG00000159216	CURATED:214[0];HGNC.Current:34448[1];HGNC.Current:34448[1>0];Ensembl.HGNC:38975[3>0]
NM_001804	Ensembl.RefSeq_mRNA:254337[1];Ensembl.RefSeq_mRNA:254337[1>0]	ENSG00000113722	CURATED:15[0];HGNC.Current:4222[1];HGNC.Current:4222[1>0];Ensembl.HGNC:232981[3>0]
NM_001805	Ensembl.RefSeq_mRNA:185826[1];Ensembl.RefSeq_mRNA:185826[1>0]	ENSG00000092067	CURATED:21[0];HGNC.Current:4284[1];HGNC.Current:4284[1>0];Ensembl.HGNC:171124[3>0]
NM_001881	Ensembl.RefSeq_mRNA:182061[1];Ensembl.RefSeq_mRNA:182061[1>0]	ENSG00000095794	CURATED:25[0];HGNC.Current:5517[1];HGNC.Current:5517[1>0];Ensembl.HGNC:166924[3>0]
NM_001904	Ensembl.RefSeq_mRNA:289335[1];Ensembl.RefSeq_mRNA:289335[1>0]	ENSG00000168036	CURATED:26[0];HGNC.Current:5816[1];HGNC.Current:5816[1>0];Ensembl.HGNC:263315[3>0]
NM_001949	Ensembl.RefSeq_mRNA:166550[1];Ensembl.RefSeq_mRNA:166550[1>0]	ENSG00000112242	CURATED:34[0];HGNC.Current:7366[1];HGNC.Current:7366[1>0];Ensembl.HGNC:153786[3>0]
NM_001950	Ensembl.RefSeq_mRNA:120398[1];Ensembl.RefSeq_mRNA:120398[1>0]	ENSG00000205250	CURATED:35[0];HGNC.Current:7370[1];HGNC.Current:7370[1>0];Ensembl.HGNC:111885[3>0]
NM_001964	Ensembl.RefSeq_mRNA:242595[1];Ensembl.RefSeq_mRNA:242595[1>0]	ENSG00000120738	CURATED:40[0];HGNC.Current:7619[1];HGNC.Current:7619[1>0];Ensembl.HGNC:222433[3>0]
NM_001973	Ensembl.RefSeq_mRNA:304405[1];Ensembl.RefSeq_mRNA:304405[1>0]	ENSG00000158711	CURATED:45[0];HGNC.Current:7828[1];HGNC.Current:7828[1>0];Ensembl.HGNC:277771[3>0]
NM_001987	Ensembl.RefSeq_mRNA:22110[1];Ensembl.RefSeq_mRNA:22110[1>0]	ENSG00000139083	CURATED:54[0];HGNC.Current:8363[1];HGNC.Current:8363[1>0];Ensembl.HGNC:20793[3>0]
NM_001989	Ensembl.RefSeq_mRNA:161699[1];Ensembl.RefSeq_mRNA:161699[1>0]	ENSG00000106038	CURATED:55[0];HGNC.Current:8385[1];HGNC.Current:8385[1>0];Ensembl.HGNC:149490[3>0]
NM_002015	Ensembl.RefSeq_mRNA:4265[1];Ensembl.RefSeq_mRNA:4265[1>0]	ENSG00000150907	CURATED:70[0];HGNC.Current:9471[1];HGNC.Current:9471[1>0];Ensembl.HGNC:4000[3>0]
NM_002017	Ensembl.RefSeq_mRNA:249261[1];Ensembl.RefSeq_mRNA:249261[1>0]	ENSG00000151702	CURATED:56[0];HGNC.Current:9325[1];HGNC.Current:9325[1>0];Ensembl.HGNC:228559[3>0]
NM_002049	Ensembl.RefSeq_mRNA:147251[1];Ensembl.RefSeq_mRNA:147251[1>0]	ENSG00000102145	CURATED:76[0];HGNC.Current:10067[1];HGNC.Current:10067[1>0];Ensembl.HGNC:136420[3>0]
NM_002051	Ensembl.RefSeq_mRNA:161320[1];Ensembl.RefSeq_mRNA:161320[1>0]	ENSG00000107485	CURATED:78[0];HGNC.Current:10070[1];HGNC.Current:10070[1>0];Ensembl.HGNC:149020[3>0]
NM_002052	Ensembl.RefSeq_mRNA:34377[1];Ensembl.RefSeq_mRNA:126191[1>0]	ENSG00000136574	CURATED:79[0];HGNC.Current:10072[1];HGNC.Current:10072[1>0];Ensembl.HGNC:117007[3>0]
NM_002052	Ensembl.RefSeq_mRNA:34377[1];Ensembl.RefSeq_mRNA:34377[1>0]	ENSG00000285109	CURATED:79[0];HGNC.Current:10072[1];HGNC.Current:10072[1>0];Ensembl.HGNC:32079[3>0]
NM_002097	Ensembl.RefSeq_mRNA:60175[1];Ensembl.RefSeq_mRNA:60175[1>0]	ENSG00000122034	CURATED:87[0];HGNC.Current:11034[1];HGNC.Current:11034[1>0];Ensembl.HGNC:56375[3>0]
NM_002126	Ensembl.RefSeq_mRNA:275673[1];Ensembl.RefSeq_mRNA:275673[1>0]	ENSG00000108924	CURATED:97[0];HGNC.Current:11726[1];HGNC.Current:11726[1>0];Ensembl.HGNC:252335[3>0]
NM_002131	Ensembl.RefSeq_mRNA:210613[1];Ensembl.RefSeq_mRNA:210613[1>0]	ENSG00000137309	CURATED:99[0];HGNC.Current:11744[1];HGNC.Current:11744[1>0];Ensembl.HGNC:193473[3>0]
NM_002141	Ensembl.RefSeq_mRNA:242135[1];Ensembl.RefSeq_mRNA:242135[1>0]	ENSG00000197576	CURATED:106[0];HGNC.Current:12141[1];HGNC.Current:12141[1>0];Ensembl.HGNC:221881[3>0]
NM_002144	Ensembl.RefSeq_mRNA:267241[1];Ensembl.RefSeq_mRNA:267241[1>0]	ENSG00000120094	CURATED:110[0];HGNC.Current:12156[1];HGNC.Current:12156[1>0];Ensembl.HGNC:244944[3>0]
NM_002147	Ensembl.RefSeq_mRNA:267371[1];Ensembl.RefSeq_mRNA:267371[1>0]	ENSG00000120075	CURATED:112[0];HGNC.Current:12160[1];HGNC.Current:12160[1>0];Ensembl.HGNC:245119[3>0]
NM_002158	Ensembl.RefSeq_mRNA:250795[1];Ensembl.RefSeq_mRNA:250795[1>0]	ENSG00000170802	CURATED:69[0];HGNC.Current:9464[1];HGNC.Current:9464[1>0];Ensembl.HGNC:229707[3>0]
NM_002163	Ensembl.RefSeq_mRNA:207328[1];Ensembl.RefSeq_mRNA:207328[1>0]	ENSG00000140968	CURATED:131[0];HGNC.Current:13506[1];HGNC.Current:13506[1>0];Ensembl.HGNC:190659[3>0]
NM_002165	Ensembl.RefSeq_mRNA:29396[1];Ensembl.RefSeq_mRNA:29396[1>0]	ENSG00000125968	CURATED:121[0];HGNC.Current:12530[1];HGNC.Current:12530[1>0];Ensembl.HGNC:27803[3>0]
NM_002166	Ensembl.RefSeq_mRNA:240924[1];Ensembl.RefSeq_mRNA:240924[1>0]	ENSG00000115738	CURATED:122[0];HGNC.Current:12531[1];HGNC.Current:12531[1>0];Ensembl.HGNC:220791[3>0]
NM_002167	Ensembl.RefSeq_mRNA:83104[1];Ensembl.RefSeq_mRNA:125945[1>0]	ENSG00000117318	CURATED:123[0];HGNC.Current:12534[1];HGNC.Current:12534[1>0];Ensembl.HGNC:117025[3>0]
NM_002167	Ensembl.RefSeq_mRNA:83104[1];Ensembl.RefSeq_mRNA:83104[1>0]	ENSG00000283060	CURATED:123[0];HGNC.Current:12534[1];HGNC.Current:12534[1>0];Ensembl.HGNC:77361[3>0]
NM_002198	Ensembl.RefSeq_mRNA:243639[1];Ensembl.RefSeq_mRNA:243639[1>0]	ENSG00000125347	CURATED:128[0];HGNC.Current:13494[1];HGNC.Current:13494[1>0];Ensembl.HGNC:223200[3>0]
NM_002202	Ensembl.RefSeq_mRNA:158864[1];Ensembl.RefSeq_mRNA:158864[1>0]	ENSG00000016082	CURATED:135[0];HGNC.Current:13543[1];HGNC.Current:13543[1>0];Ensembl.HGNC:146828[3>0]
NM_002228	Ensembl.RefSeq_mRNA:301613[1];Ensembl.RefSeq_mRNA:301613[1>0]	ENSG00000177606	CURATED:136[0];HGNC.Current:13714[1];HGNC.Current:13714[1>0];Ensembl.HGNC:275258[3>0]
NM_002229	Ensembl.RefSeq_mRNA:129634[1];Ensembl.RefSeq_mRNA:129634[1>0]	ENSG00000171223	CURATED:137[0];HGNC.Current:13716[1];HGNC.Current:13716[1>0];Ensembl.HGNC:120393[3>0]
NM_002316	Ensembl.RefSeq_mRNA:21860[1];Ensembl.RefSeq_mRNA:21860[1>0]	ENSG00000136944	CURATED:156[0];HGNC.Current:17435[1];HGNC.Current:17435[1>0];Ensembl.HGNC:20365[3>0]
NM_002357	Ensembl.RefSeq_mRNA:227667[1];Ensembl.RefSeq_mRNA:227667[1>0]	ENSG00000059728	CURATED:173[0];HGNC.Current:21937[1];HGNC.Current:21937[1>0];Ensembl.HGNC:208732[3>0]
NM_002359	Ensembl.RefSeq_mRNA:155459[1];Ensembl.RefSeq_mRNA:155459[1>0]	ENSG00000197063	CURATED:160[0];HGNC.Current:17880[1];HGNC.Current:17880[1>0];Ensembl.HGNC:144002[3>0]
NM_002397	Ensembl.RefSeq_mRNA:284157[1];Ensembl.RefSeq_mRNA:284157[1>0]	ENSG00000081189	CURATED:162[0];HGNC.Current:18379[1];HGNC.Current:18379[1>0];Ensembl.HGNC:259555[3>0]
NM_002398	Ensembl.RefSeq_mRNA:300753[1];Ensembl.RefSeq_mRNA:300753[1>0]	ENSG00000143995	CURATED:164[0];HGNC.Current:18399[1];HGNC.Current:18399[1>0];Ensembl.HGNC:274483[3>0]
NM_002399	Ensembl.RefSeq_mRNA:192499[1];Ensembl.RefSeq_mRNA:192499[1>0]	ENSG00000134138	CURATED:165[0];HGNC.Current:18402[1];HGNC.Current:18402[1>0];Ensembl.HGNC:176618[3>0]
NM_002448	Ensembl.RefSeq_mRNA:14016[1];Ensembl.RefSeq_mRNA:14016[1>0]	ENSG00000163132	CURATED:171[0];HGNC.Current:21208[1];HGNC.Current:21208[1>0];Ensembl.HGNC:13236[3>0]
NM_002449	Ensembl.RefSeq_mRNA:196886[1];Ensembl.RefSeq_mRNA:196886[1>0]	ENSG00000120149	CURATED:172[0];HGNC.Current:21209[1];HGNC.Current:21209[1>0];Ensembl.HGNC:180970[3>0]
NM_002460	Ensembl.RefSeq_mRNA:187514[1];Ensembl.RefSeq_mRNA:187514[1>0]	ENSG00000137265	CURATED:129[0];HGNC.Current:13501[1];HGNC.Current:13501[1>0];Ensembl.HGNC:172659[3>0]
NM_002467	Ensembl.RefSeq_mRNA:197855[1];Ensembl.RefSeq_mRNA:197855[1>0]	ENSG00000136997	CURATED:177[0];HGNC.Current:21961[1];HGNC.Current:21961[1>0];Ensembl.HGNC:181822[3>0]
NM_002585	Ensembl.RefSeq_mRNA:295820[1];Ensembl.RefSeq_mRNA:295820[1>0]	ENSG00000185630	CURATED:199[0];HGNC.Current:24905[1];HGNC.Current:24905[1>0];Ensembl.HGNC:269930[3>0]
NM_002653	Ensembl.RefSeq_mRNA:271451[1];Ensembl.RefSeq_mRNA:271451[1>0]	ENSG00000069011	CURATED:200[0];HGNC.Current:25825[1];HGNC.Current:25825[1>0];Ensembl.HGNC:248371[3>0]
NM_002697	Ensembl.RefSeq_mRNA:94481[1];Ensembl.RefSeq_mRNA:94481[1>0]	ENSG00000143190	CURATED:201[0];HGNC.Current:26330[1];HGNC.Current:26330[1>0];Ensembl.HGNC:87858[3>0]
NM_002698	Ensembl.RefSeq_mRNA:208032[1];Ensembl.RefSeq_mRNA:208032[1>0]	ENSG00000028277	CURATED:202[0];HGNC.Current:26332[1];HGNC.Current:26332[1>0];Ensembl.HGNC:190104[3>0]
NM_002699	Ensembl.RefSeq_mRNA:301825[1];Ensembl.RefSeq_mRNA:301825[1>0]	ENSG00000185668	CURATED:203[0];HGNC.Current:26335[1];HGNC.Current:26335[1>0];Ensembl.HGNC:275427[3>0]
NM_002729	Ensembl.RefSeq_mRNA:23844[1];Ensembl.RefSeq_mRNA:23844[1>0]	ENSG00000152804	CURATED:96[0];HGNC.Current:11595[1];HGNC.Current:11595[1>0];Ensembl.HGNC:22360[3>0]
NM_002897	Ensembl.RefSeq_mRNA:249250[1];Ensembl.RefSeq_mRNA:249250[1>0]	ENSG00000153250	CURATED:209[0];HGNC.Current:27978[1];HGNC.Current:27978[1>0];Ensembl.HGNC:228378[3>0]
NM_002943	Ensembl.RefSeq_mRNA:43985[1];Ensembl.RefSeq_mRNA:43985[1>0]	ENSG00000069667	CURATED:211[0];HGNC.Current:32134[1];HGNC.Current:32134[1>0];Ensembl.HGNC:40538[3>0]
NM_002957	Ensembl.RefSeq_mRNA:30912[1];Ensembl.RefSeq_mRNA:30912[1>0]	ENSG00000186350	CURATED:217[0];HGNC.Current:34479[1];HGNC.Current:34479[1>0];Ensembl.HGNC:28904[3>0]
NM_002971	Ensembl.RefSeq_mRNA:259479[1];Ensembl.RefSeq_mRNA:259479[1>0]	ENSG00000182568	CURATED:220[0];HGNC.Current:34631[1];HGNC.Current:34631[1>0];Ensembl.HGNC:237609[3>0]
NM_003068	Ensembl.RefSeq_mRNA:41173[1];Ensembl.RefSeq_mRNA:41173[1>0]	ENSG00000019549	CURATED:223[0];HGNC.Current:36262[1];HGNC.Current:36262[1>0];Ensembl.HGNC:38704[3>0]
NM_003106	Ensembl.RefSeq_mRNA:74885[1];Ensembl.RefSeq_mRNA:74885[1>0]	ENSG00000181449	CURATED:228[0];HGNC.Current:37133[1];HGNC.Current:37133[1>0];Ensembl.HGNC:69969[3>0]
NM_003107	Ensembl.RefSeq_mRNA:21981[1];Ensembl.RefSeq_mRNA:21981[1>0]	ENSG00000124766	CURATED:230[0];HGNC.Current:37136[1];HGNC.Current:37136[1>0];Ensembl.HGNC:20684[3>0]
NM_003111	Ensembl.RefSeq_mRNA:236827[1];Ensembl.RefSeq_mRNA:236827[1>0]	ENSG00000172845	CURATED:234[0];HGNC.Current:37161[1];HGNC.Current:37161[1>0];Ensembl.HGNC:217108[3>0]
NM_003112	Ensembl.RefSeq_mRNA:24244[1];Ensembl.RefSeq_mRNA:24244[1>0]	ENSG00000105866	CURATED:235[0];HGNC.Current:37163[1];HGNC.Current:37163[1>0];Ensembl.HGNC:22722[3>0]
NM_003120	Ensembl.RefSeq_mRNA:279315[1];Ensembl.RefSeq_mRNA:279315[1>0]	ENSG00000066336	CURATED:239[0];HGNC.Current:37337[1];HGNC.Current:37337[1>0];Ensembl.HGNC:255480[3>0]
NM_003121	Ensembl.RefSeq_mRNA:184574[1];Ensembl.RefSeq_mRNA:184574[1>0]	ENSG00000269404	CURATED:240[0];HGNC.Current:37338[1];HGNC.Current:37338[1>0];Ensembl.HGNC:169888[3>0]
NM_003150	Ensembl.RefSeq_mRNA:291413[1];Ensembl.RefSeq_mRNA:291413[1>0]	ENSG00000168610	CURATED:242[0];HGNC.Current:37779[1];HGNC.Current:37779[1>0];Ensembl.HGNC:265687[3>0]
NM_003151	Ensembl.RefSeq_mRNA:298695[1];Ensembl.RefSeq_mRNA:298695[1>0]	ENSG00000138378	CURATED:243[0];HGNC.Current:37780[1];HGNC.Current:37780[1>0];Ensembl.HGNC:272621[3>0]
NM_003152	Ensembl.RefSeq_mRNA:171578[1];Ensembl.RefSeq_mRNA:171578[1>0]	ENSG00000126561	CURATED:244[0];HGNC.Current:37782[1];HGNC.Current:37782[1>0];Ensembl.HGNC:157910[3>0]
NM_003181	Ensembl.RefSeq_mRNA:85862[1];Ensembl.RefSeq_mRNA:85862[1>0]	ENSG00000164458	CURATED:245[0];HGNC.Current:38471[10];HGNC.Current:38471[10>1];HGNC.Current:38471[1];HGNC.Current:38471[1>0];Ensembl.HGNC:79837[3>0]
NM_003189	Ensembl.RefSeq_mRNA:279075[1];Ensembl.RefSeq_mRNA:279075[1>0]	ENSG00000162367	CURATED:246[0];HGNC.Current:38264[1];HGNC.Current:38264[1>0];Ensembl.HGNC:255251[3>0]
NM_003199	Ensembl.RefSeq_mRNA:19459[1];Ensembl.RefSeq_mRNA:19459[1>0]	ENSG00000196628	CURATED:254[0];HGNC.Current:38510[1];HGNC.Current:38510[1>0];Ensembl.HGNC:12536[3>0]
NM_003200	Ensembl.RefSeq_mRNA:244860[1];Ensembl.RefSeq_mRNA:244860[1>0]	ENSG00000071564	CURATED:253[0];HGNC.Current:38508[1];HGNC.Current:38508[1>0];Ensembl.HGNC:224257[3>0]
NM_003202	Ensembl.RefSeq_mRNA:281011[1];Ensembl.RefSeq_mRNA:281011[1>0]	ENSG00000081059	CURATED:255[0];HGNC.Current:38513[1];HGNC.Current:38513[1>0];Ensembl.HGNC:256964[3>0]
NM_003222	Ensembl.RefSeq_mRNA:14773[1];Ensembl.RefSeq_mRNA:14773[1>0]	ENSG00000087510	CURATED:257[0];HGNC.Current:38710[1];HGNC.Current:38710[1>0];Ensembl.HGNC:13931[3>0]
NM_003367	Ensembl.RefSeq_mRNA:225747[1];Ensembl.RefSeq_mRNA:225747[1>0]	ENSG00000105698	CURATED:266[0];HGNC.Current:41753[1];HGNC.Current:41753[1>0];Ensembl.HGNC:206880[3>0]
NM_003577	Ensembl.RefSeq_mRNA:90400[1];Ensembl.RefSeq_mRNA:90400[1>0]	ENSG00000171794	CURATED:267[0];HGNC.Current:41914[1];HGNC.Current:41914[1>0];Ensembl.HGNC:84471[3>0]
NM_003709	Ensembl.RefSeq_mRNA:290381[1];Ensembl.RefSeq_mRNA:290381[1>0]	ENSG00000118263	CURATED:147[0];HGNC.Current:14135[1];HGNC.Current:14135[1>0];Ensembl.HGNC:265108[3>0]
NM_003865	Ensembl.RefSeq_mRNA:49997[1];Ensembl.RefSeq_mRNA:49997[1>0]	ENSG00000163666	CURATED:95[0];HGNC.Current:11570[1];HGNC.Current:11570[1>0];Ensembl.HGNC:46737[3>0]
NM_003955	Ensembl.RefSeq_mRNA:234212[1];Ensembl.RefSeq_mRNA:234212[1>0]	ENSG00000184557	CURATED:224[0];HGNC.Current:37079[1];HGNC.Current:37079[1>0];Ensembl.HGNC:214861[3>0]
NM_003987	Ensembl.RefSeq_mRNA:189489[1];Ensembl.RefSeq_mRNA:189489[1>0]	ENSG00000075891	CURATED:195[0];HGNC.Current:24883[1];HGNC.Current:24883[1>0];Ensembl.HGNC:174222[3>0]
NM_003988	Ensembl.RefSeq_mRNA:189487[1];Ensembl.RefSeq_mRNA:189487[1>0]	ENSG00000075891	CURATED:195[0];HGNC.Current:24883[1];HGNC.Current:24883[1>0];Ensembl.HGNC:174222[3>0]
NM_003989	Ensembl.RefSeq_mRNA:189474[1];Ensembl.RefSeq_mRNA:189474[1>0]	ENSG00000075891	CURATED:195[0];HGNC.Current:24883[1];HGNC.Current:24883[1>0];Ensembl.HGNC:174222[3>0]
NM_003990	Ensembl.RefSeq_mRNA:189470[1];Ensembl.RefSeq_mRNA:189470[1>0]	ENSG00000075891	CURATED:195[0];HGNC.Current:24883[1];HGNC.Current:24883[1>0];Ensembl.HGNC:174222[3>0]
NM_003998	Ensembl.RefSeq_mRNA:176867[1];Ensembl.RefSeq_mRNA:176867[1>0]	ENSG00000109320	CURATED:184[0];HGNC.Current:22673[1];HGNC.Current:22673[1>0];Ensembl.HGNC:162880[3>0]
NM_004029	Ensembl.RefSeq_mRNA:34439[1];Ensembl.RefSeq_mRNA:253344[1>0]	ENSG00000185507	CURATED:130[0];HGNC.Current:13505[1];HGNC.Current:13505[1>0];Ensembl.HGNC:231997[3>0]
NM_004029	Ensembl.RefSeq_mRNA:34439[1];Ensembl.RefSeq_mRNA:34439[1>0]	ENSG00000276561	CURATED:130[0];HGNC.Current:13505[1];HGNC.Current:13505[1>0];Ensembl.HGNC:32151[3>0]
NM_004031	Ensembl.RefSeq_mRNA:34512[1];Ensembl.RefSeq_mRNA:253364[1>0]	ENSG00000185507	CURATED:130[0];HGNC.Current:13505[1];HGNC.Current:13505[1>0];Ensembl.HGNC:231997[3>0]
NM_004031	Ensembl.RefSeq_mRNA:34512[1];Ensembl.RefSeq_mRNA:34512[1>0]	ENSG00000276561	CURATED:130[0];HGNC.Current:13505[1];HGNC.Current:13505[1>0];Ensembl.HGNC:32151[3>0]
NM_004188	Ensembl.RefSeq_mRNA:93780[1];Ensembl.RefSeq_mRNA:93780[1>0]	ENSG00000165702	CURATED:84[0];HGNC.Current:10205[1];HGNC.Current:10205[1>0];Ensembl.HGNC:87544[3>0]
NM_004235	Ensembl.RefSeq_mRNA:29639[1];Ensembl.RefSeq_mRNA:29639[1>0]	ENSG00000136826	CURATED:144[0];HGNC.Current:14131[1];HGNC.Current:14131[1>0];Ensembl.HGNC:28028[3>0]
NM_004350	Ensembl.RefSeq_mRNA:299626[1];Ensembl.RefSeq_mRNA:299626[1>0]	ENSG00000020633	CURATED:216[0];HGNC.Current:34454[1];HGNC.Current:34454[1>0];Ensembl.HGNC:273507[3>0]
NM_004364	Ensembl.RefSeq_mRNA:247086[1];Ensembl.RefSeq_mRNA:247086[1>0]	ENSG00000245848	CURATED:18[0];HGNC.Current:4279[1];HGNC.Current:4279[1>0];Ensembl.HGNC:226663[3>0]
NM_004379	Ensembl.RefSeq_mRNA:269817[1];Ensembl.RefSeq_mRNA:269817[1>0]	ENSG00000118260	CURATED:24[0];HGNC.Current:5501[1];HGNC.Current:5501[1>0];Ensembl.HGNC:246988[3>0]
NM_004387	Ensembl.RefSeq_mRNA:202606[1];Ensembl.RefSeq_mRNA:202606[1>0]	ENSG00000183072	CURATED:187[0];HGNC.Current:22811[1];HGNC.Current:22811[1>0];Ensembl.HGNC:186032[3>0]
NM_004392	Ensembl.RefSeq_mRNA:39032[1];Ensembl.RefSeq_mRNA:39032[1>0]	ENSG00000276644	CURATED:27[0];HGNC.Current:6166[1];HGNC.Current:6166[1>0];Ensembl.HGNC:36339[3>0]
NM_004449	Ensembl.RefSeq_mRNA:17153[1];Ensembl.RefSeq_mRNA:17153[1>0]	ENSG00000157554	CURATED:49[0];HGNC.Current:8145[1];HGNC.Current:8145[1>0];Ensembl.HGNC:15734[3>0]
NM_004454	Ensembl.RefSeq_mRNA:92586[1];Ensembl.RefSeq_mRNA:92586[1>0]	ENSG00000244405	CURATED:53[0];HGNC.Current:8361[1];HGNC.Current:8361[1>0];Ensembl.HGNC:86215[3>0]
NM_004472	Ensembl.RefSeq_mRNA:230760[1];Ensembl.RefSeq_mRNA:230760[1>0]	ENSG00000251493	CURATED:64[0];HGNC.Current:9429[1];HGNC.Current:9429[1>0];Ensembl.HGNC:211581[3>0]
NM_004496	Ensembl.RefSeq_mRNA:184491[1];Ensembl.RefSeq_mRNA:184491[1>0]	ENSG00000129514	CURATED:60[0];HGNC.Current:9420[1];HGNC.Current:9420[1>0];Ensembl.HGNC:169876[3>0]
NM_004515	Ensembl.RefSeq_mRNA:93294[1];Ensembl.RefSeq_mRNA:93294[1>0]	ENSG00000143621	CURATED:127[0];HGNC.Current:13290[1];HGNC.Current:13290[1>0];Ensembl.HGNC:87072[3>0]
NM_004527	Ensembl.RefSeq_mRNA:272624[1];Ensembl.RefSeq_mRNA:272624[1>0]	ENSG00000005102	CURATED:166[0];HGNC.Current:18417[1];HGNC.Current:18417[1>0];Ensembl.HGNC:249646[3>0]
NM_004555	Ensembl.RefSeq_mRNA:86881[1];Ensembl.RefSeq_mRNA:86881[1>0]	ENSG00000072736	CURATED:180[0];HGNC.Current:22654[1];HGNC.Current:22654[1>0];Ensembl.HGNC:77902[3>0]
NM_004608	Ensembl.RefSeq_mRNA:182769[1];Ensembl.RefSeq_mRNA:182769[1>0]	ENSG00000149922	CURATED:251[0];HGNC.Current:38458[1];HGNC.Current:38458[1>0];Ensembl.HGNC:168356[3>0]
NM_004609	Ensembl.RefSeq_mRNA:67907[1];Ensembl.RefSeq_mRNA:67907[1>0]	ENSG00000125878	CURATED:252[0];HGNC.Current:38519[1];HGNC.Current:38519[1>0];Ensembl.HGNC:63667[3>0]
NM_004649	Ensembl.RefSeq_mRNA:27078[1];Ensembl.RefSeq_mRNA:27078[1>0]	ENSG00000160221	CURATED:90[0];HGNC.Current:11563[1];HGNC.Current:10083[8>1];HGNC.Current:10083[1];HGNC.Current:10083[1>0];Ensembl.HGNC:25032[3>0]
NM_004789	Ensembl.RefSeq_mRNA:133251[1];Ensembl.RefSeq_mRNA:133251[1>0]	ENSG00000106689	CURATED:152[0];HGNC.Current:14928[1];HGNC.Current:14928[1>0];Ensembl.HGNC:123593[3>0]
NM_004821	Ensembl.RefSeq_mRNA:193935[1];Ensembl.RefSeq_mRNA:193935[1>0]	ENSG00000113196	CURATED:88[0];HGNC.Current:11351[1];HGNC.Current:11351[1>0];Ensembl.HGNC:178456[3>0]
NM_005060	Ensembl.RefSeq_mRNA:293374[1];Ensembl.RefSeq_mRNA:293374[1>0]	ENSG00000143365	CURATED:213[0];HGNC.Current:32139[1];HGNC.Current:32139[1>0];Ensembl.HGNC:267709[3>0]
NM_005078	Ensembl.RefSeq_mRNA:149644[1];Ensembl.RefSeq_mRNA:149644[1>0]	ENSG00000140332	CURATED:261[0];HGNC.Current:38963[1];HGNC.Current:38963[1>0];Ensembl.HGNC:135860[3>0]
NM_005080	Ensembl.RefSeq_mRNA:109948[1];Ensembl.RefSeq_mRNA:109948[1>0]	ENSG00000100219	CURATED:268[0];HGNC.Current:42573[1];HGNC.Current:42573[1>0];Ensembl.HGNC:102325[3>0]
NM_005170	Ensembl.RefSeq_mRNA:243840[1];Ensembl.RefSeq_mRNA:243840[1>0]	ENSG00000183734	CURATED:9[0];HGNC.Current:1749[1];HGNC.Current:1749[1>0];Ensembl.HGNC:223545[3>0]
NM_005193	Ensembl.RefSeq_mRNA:175977[1];Ensembl.RefSeq_mRNA:175977[1>0]	ENSG00000131264	CURATED:17[0];HGNC.Current:4224[1];HGNC.Current:4224[1>0];Ensembl.HGNC:162344[3>0]
NM_005194	Ensembl.RefSeq_mRNA:71673[1];Ensembl.RefSeq_mRNA:71673[1>0]	ENSG00000172216	CURATED:19[0];HGNC.Current:4281[1];HGNC.Current:4281[1>0];Ensembl.HGNC:67120[3>0]
NM_005195	Ensembl.RefSeq_mRNA:163311[1];Ensembl.RefSeq_mRNA:163311[1>0]	ENSG00000221869	CURATED:20[0];HGNC.Current:4283[1];HGNC.Current:4283[1>0];Ensembl.HGNC:151057[3>0]
NM_005220	Ensembl.RefSeq_mRNA:79963[1];Ensembl.RefSeq_mRNA:79963[1>0]	ENSG00000064195	CURATED:28[0];HGNC.Current:6740[1];HGNC.Current:6740[1>0];Ensembl.HGNC:74615[3>0]
NM_005221	Ensembl.RefSeq_mRNA:67836[1];Ensembl.RefSeq_mRNA:67836[1>0]	ENSG00000105880	CURATED:29[0];HGNC.Current:6742[1];HGNC.Current:6742[1>0];Ensembl.HGNC:63611[3>0]
NM_005222	Ensembl.RefSeq_mRNA:71341[1];Ensembl.RefSeq_mRNA:71341[1>0]	ENSG00000006377	CURATED:30[0];HGNC.Current:6743[1];HGNC.Current:6743[1>0];Ensembl.HGNC:66752[3>0]
NM_005224	Ensembl.RefSeq_mRNA:21049[1];Ensembl.RefSeq_mRNA:21049[1>0]	ENSG00000116017	CURATED:6[0];HGNC.Current:1542[1];HGNC.Current:1542[1>0];Ensembl.HGNC:19551[3>0]
NM_005230	Ensembl.RefSeq_mRNA:60073[1];Ensembl.RefSeq_mRNA:60073[1>0]	ENSG00000111145	CURATED:44[0];HGNC.Current:7827[1];HGNC.Current:7827[1>0];Ensembl.HGNC:56353[3>0]
NM_005238	Ensembl.RefSeq_mRNA:264176[1];Ensembl.RefSeq_mRNA:264176[1>0]	ENSG00000134954	CURATED:50[0];HGNC.Current:8351[1];HGNC.Current:8351[1>0];Ensembl.HGNC:242014[3>0]
NM_005239	Ensembl.RefSeq_mRNA:3053[1];Ensembl.RefSeq_mRNA:3053[1>0]	ENSG00000157557	CURATED:51[0];HGNC.Current:8353[1];HGNC.Current:8353[1>0];Ensembl.HGNC:2798[3>0]
NM_005251	Ensembl.RefSeq_mRNA:38765[1];Ensembl.RefSeq_mRNA:38765[1>0]	ENSG00000176692	CURATED:63[0];HGNC.Current:9426[1];HGNC.Current:9426[1>0];Ensembl.HGNC:36349[3>0]
NM_005252	Ensembl.RefSeq_mRNA:14260[1];Ensembl.RefSeq_mRNA:14260[1>0]	ENSG00000170345	CURATED:57[0];HGNC.Current:9414[1];HGNC.Current:9414[1>0];Ensembl.HGNC:13428[3>0]
NM_005253	Ensembl.RefSeq_mRNA:278638[1];Ensembl.RefSeq_mRNA:278638[1>0]	ENSG00000075426	CURATED:59[0];HGNC.Current:9418[1];HGNC.Current:9418[1>0];Ensembl.HGNC:254874[3>0]
NM_005257	Ensembl.RefSeq_mRNA:23145[1];Ensembl.RefSeq_mRNA:23145[1>0]	ENSG00000141448	CURATED:81[0];HGNC.Current:10074[1];HGNC.Current:10074[1>0];Ensembl.HGNC:21659[3>0]
NM_005263	Ensembl.RefSeq_mRNA:290379[1];Ensembl.RefSeq_mRNA:290379[1>0]	ENSG00000162676	CURATED:83[0];HGNC.Current:10204[1];HGNC.Current:10204[1>0];Ensembl.HGNC:265092[3>0]
NM_005354	Ensembl.RefSeq_mRNA:98567[1];Ensembl.RefSeq_mRNA:98567[1>0]	ENSG00000130522	CURATED:138[0];HGNC.Current:13717[1];HGNC.Current:13717[1>0];Ensembl.HGNC:92038[3>0]
NM_005360	Ensembl.RefSeq_mRNA:36955[1];Ensembl.RefSeq_mRNA:36955[1>0]	ENSG00000178573	CURATED:158[0];HGNC.Current:17873[1];HGNC.Current:17873[1>0];Ensembl.HGNC:34664[3>0]
NM_005375	Ensembl.RefSeq_mRNA:248734[1];Ensembl.RefSeq_mRNA:248734[1>0]	ENSG00000118513	CURATED:175[0];HGNC.Current:21951[1];HGNC.Current:21951[1>0];Ensembl.HGNC:222938[3>0]
NM_005413	Ensembl.RefSeq_mRNA:295914[1];Ensembl.RefSeq_mRNA:295914[1>0]	ENSG00000138083	CURATED:221[0];HGNC.Current:35457[1];HGNC.Current:35457[1>0];Ensembl.HGNC:270022[3>0]
NM_005442	Ensembl.RefSeq_mRNA:264315[1];Ensembl.RefSeq_mRNA:264315[1>0]	ENSG00000163508	CURATED:47[0];HGNC.Current:8038[1];HGNC.Current:8038[1>0];Ensembl.HGNC:242266[3>0]
NM_005461	Ensembl.RefSeq_mRNA:44948[1];Ensembl.RefSeq_mRNA:44948[1>0]	ENSG00000204103	CURATED:159[0];HGNC.Current:17878[1];HGNC.Current:17878[1>0];Ensembl.HGNC:42092[3>0]
NM_005522	Ensembl.RefSeq_mRNA:161259[1];Ensembl.RefSeq_mRNA:161259[1>0]	ENSG00000105991	CURATED:102[0];HGNC.Current:12138[1];HGNC.Current:12138[1>0];Ensembl.HGNC:149106[3>0]
NM_005523	Ensembl.RefSeq_mRNA:161523[1];Ensembl.RefSeq_mRNA:161523[1>0]	ENSG00000005073	CURATED:104[0];HGNC.Current:12148[1];HGNC.Current:12148[1>0];Ensembl.HGNC:149325[3>0]
NM_005524	Ensembl.RefSeq_mRNA:287071[1];Ensembl.RefSeq_mRNA:287071[1>0]	ENSG00000114315	CURATED:90[0];HGNC.Current:11563[1];HGNC.Current:11563[1>0];Ensembl.HGNC:262356[3>0]
NM_005531	Ensembl.RefSeq_mRNA:284755[1];Ensembl.RefSeq_mRNA:284755[1>0]	ENSG00000163565	CURATED:124[0];HGNC.Current:12568[1];HGNC.Current:12568[1>0];Ensembl.HGNC:260310[3>0]
NM_005568	Ensembl.RefSeq_mRNA:64533[1];Ensembl.RefSeq_mRNA:151567[1>0]	ENSG00000273706	CURATED:151[0];HGNC.Current:14926[1];HGNC.Current:14926[1>0];Ensembl.HGNC:140197[3>0]
NM_005568	Ensembl.RefSeq_mRNA:64533[1];Ensembl.RefSeq_mRNA:64533[1>0]	ENSG00000274577	CURATED:151[0];HGNC.Current:14926[1];HGNC.Current:14926[1>0];Ensembl.HGNC:60516[3>0]
NM_005574	Ensembl.RefSeq_mRNA:260293[1];Ensembl.RefSeq_mRNA:260293[1>0]	ENSG00000135363	CURATED:153[0];HGNC.Current:17420[1];HGNC.Current:17420[1>0];Ensembl.HGNC:238384[3>0]
NM_005583	Ensembl.RefSeq_mRNA:105504[1];Ensembl.RefSeq_mRNA:105504[1>0]	ENSG00000104903	CURATED:157[0];HGNC.Current:17792[1];HGNC.Current:17792[1>0];Ensembl.HGNC:98495[3>0]
NM_005587	Ensembl.RefSeq_mRNA:191229[1];Ensembl.RefSeq_mRNA:191229[1>0]	ENSG00000068305	CURATED:161[0];HGNC.Current:18376[1];HGNC.Current:18376[1>0];Ensembl.HGNC:175896[3>0]
NM_005595	Ensembl.RefSeq_mRNA:296086[1];Ensembl.RefSeq_mRNA:296086[1>0]	ENSG00000162599	CURATED:183[0];HGNC.Current:22664[1];HGNC.Current:22664[1>0];Ensembl.HGNC:270168[3>0]
NM_005612	Ensembl.RefSeq_mRNA:81351[1];Ensembl.RefSeq_mRNA:81351[1>0]	ENSG00000084093	CURATED:210[0];HGNC.Current:28171[1];HGNC.Current:28171[1>0];Ensembl.HGNC:75638[3>0]
NM_005634	Ensembl.RefSeq_mRNA:50140[1];Ensembl.RefSeq_mRNA:50140[1>0]	ENSG00000134595	CURATED:229[0];HGNC.Current:37135[1];HGNC.Current:37135[1>0];Ensembl.HGNC:46999[3>0]
NM_005654	Ensembl.RefSeq_mRNA:274842[1];Ensembl.RefSeq_mRNA:274842[1>0]	ENSG00000175745	CURATED:189[0];HGNC.Current:23166[1];HGNC.Current:23166[1>0];Ensembl.HGNC:251584[3>0]
NM_005655	Ensembl.RefSeq_mRNA:115774[1];Ensembl.RefSeq_mRNA:115774[1>0]	ENSG00000155090	CURATED:140[0];HGNC.Current:14142[1];HGNC.Current:14142[1>0];Ensembl.HGNC:107950[3>0]
NM_005760	Ensembl.RefSeq_mRNA:120416[1];Ensembl.RefSeq_mRNA:120416[1>0]	ENSG00000115816	CURATED:22[0];HGNC.Current:4286[1];HGNC.Current:4286[1>0];Ensembl.HGNC:111824[3>0]
NM_005853	Ensembl.RefSeq_mRNA:182121[1];Ensembl.RefSeq_mRNA:182121[1>0]	ENSG00000176842	CURATED:134[0];HGNC.Current:13524[1];HGNC.Current:13524[1>0];Ensembl.HGNC:167880[3>0]
NM_005920	Ensembl.RefSeq_mRNA:21243[1];Ensembl.RefSeq_mRNA:265601[1>0]	ENSG00000116604	CURATED:163[0];HGNC.Current:18382[1];HGNC.Current:18382[1>0];Ensembl.HGNC:243358[3>0]
NM_005920	Ensembl.RefSeq_mRNA:21243[1];Ensembl.RefSeq_mRNA:21243[1>0]	ENSG00000291761	CURATED:163[0];HGNC.Current:18382[1];HGNC.Current:18382[1>0];Ensembl.HGNC:19939[3>0]
NM_005924	Ensembl.RefSeq_mRNA:14765[1];Ensembl.RefSeq_mRNA:14765[1>0]	ENSG00000106511	CURATED:167[0];HGNC.Current:18418[1];HGNC.Current:18418[1>0];Ensembl.HGNC:13963[3>0]
NM_005938	Ensembl.RefSeq_mRNA:55204[1];Ensembl.RefSeq_mRNA:55204[1>0]	ENSG00000184481	CURATED:72[0];HGNC.Current:9475[1];HGNC.Current:9475[1>0];Ensembl.HGNC:51809[3>0]
NM_005962	Ensembl.RefSeq_mRNA:79805[1];Ensembl.RefSeq_mRNA:79805[1>0]	ENSG00000119950	CURATED:174[0];HGNC.Current:21940[1];HGNC.Current:21940[1>0];Ensembl.HGNC:73472[3>0]
NM_005985	Ensembl.RefSeq_mRNA:157419[1];Ensembl.RefSeq_mRNA:157419[1>0]	ENSG00000124216	CURATED:222[0];HGNC.Current:36260[1];HGNC.Current:36260[1>0];Ensembl.HGNC:145717[3>0]
NM_005986	Ensembl.RefSeq_mRNA:5099[1];Ensembl.RefSeq_mRNA:5099[1>0]	ENSG00000182968	CURATED:225[0];HGNC.Current:37131[1];HGNC.Current:37131[1>0];Ensembl.HGNC:4791[3>0]
NM_005996	Ensembl.RefSeq_mRNA:108967[1];Ensembl.RefSeq_mRNA:108967[1>0]	ENSG00000135111	CURATED:248[0];HGNC.Current:38453[1];HGNC.Current:38453[1>0];Ensembl.HGNC:101417[3>0]
NM_006006	Ensembl.RefSeq_mRNA:177276[1];Ensembl.RefSeq_mRNA:177276[1>0]	ENSG00000109906	CURATED:269[0];HGNC.Current:42806[1];HGNC.Current:42806[1>0];Ensembl.HGNC:163499[3>0]
NM_006060	Ensembl.RefSeq_mRNA:205186[1];Ensembl.RefSeq_mRNA:205186[1>0]	ENSG00000185811	CURATED:125[0];HGNC.Current:13181[1];HGNC.Current:13181[1>0];Ensembl.HGNC:188341[3>0]
NM_006163	Ensembl.RefSeq_mRNA:176576[1];Ensembl.RefSeq_mRNA:176576[1>0]	ENSG00000123405	CURATED:181[0];HGNC.Current:22656[1];HGNC.Current:22656[1>0];Ensembl.HGNC:162846[3>0]
NM_006164	Ensembl.RefSeq_mRNA:285449[1];Ensembl.RefSeq_mRNA:285449[1>0]	ENSG00000116044	CURATED:182[0];HGNC.Current:22659[1];HGNC.Current:22659[1>0];Ensembl.HGNC:260805[3>0]
NM_006166	Ensembl.RefSeq_mRNA:184951[1];Ensembl.RefSeq_mRNA:184951[1>0]	ENSG00000120837	CURATED:185[0];HGNC.Current:22690[1];HGNC.Current:22690[1>0];Ensembl.HGNC:170326[3>0]
NM_006286	Ensembl.RefSeq_mRNA:131617[1];Ensembl.RefSeq_mRNA:131617[1>0]	ENSG00000114126	CURATED:259[0];HGNC.Current:38724[1];HGNC.Current:38724[1>0];Ensembl.HGNC:121918[3>0]
NM_006399	Ensembl.RefSeq_mRNA:84093[1];Ensembl.RefSeq_mRNA:84093[1>0]	ENSG00000156127	CURATED:11[0];HGNC.Current:2257[1];HGNC.Current:2257[1>0];Ensembl.HGNC:78242[3>0]
NM_006465	Ensembl.RefSeq_mRNA:118766[1];Ensembl.RefSeq_mRNA:118766[1>0]	ENSG00000179361	CURATED:7[0];HGNC.Current:1543[1];HGNC.Current:1543[1>0];Ensembl.HGNC:110538[3>0]
NM_006563	Ensembl.RefSeq_mRNA:191685[1];Ensembl.RefSeq_mRNA:191685[1>0]	ENSG00000105610	CURATED:139[0];HGNC.Current:14120[1];HGNC.Current:14120[1>0];Ensembl.HGNC:176476[3>0]
NM_006599	Ensembl.RefSeq_mRNA:219754[1];Ensembl.RefSeq_mRNA:219754[1>0]	ENSG00000102908	CURATED:179[0];HGNC.Current:22649[1];HGNC.Current:22649[1>0];Ensembl.HGNC:201339[3>0]
NM_006722	Ensembl.RefSeq_mRNA:282292[1];Ensembl.RefSeq_mRNA:282292[1>0]	ENSG00000187098	CURATED:169[0];HGNC.Current:20644[1];HGNC.Current:20644[1>0];Ensembl.HGNC:258015[3>0]
NM_006732	Ensembl.RefSeq_mRNA:258301[1];Ensembl.RefSeq_mRNA:258301[1>0]	ENSG00000125740	CURATED:58[0];HGNC.Current:9415[1];HGNC.Current:9415[1>0];Ensembl.HGNC:236716[3>0]
NM_006769	Ensembl.RefSeq_mRNA:65698[1];Ensembl.RefSeq_mRNA:65698[1>0]	ENSG00000143013	CURATED:154[0];HGNC.Current:17422[1];HGNC.Current:17422[1>0];Ensembl.HGNC:61609[3>0]
NM_006874	Ensembl.RefSeq_mRNA:160988[1];Ensembl.RefSeq_mRNA:160988[1>0]	ENSG00000109381	CURATED:43[0];HGNC.Current:7811[1];HGNC.Current:7811[1>0];Ensembl.HGNC:148522[3>0]
NM_006885	Ensembl.RefSeq_mRNA:46000[1];Ensembl.RefSeq_mRNA:46000[1>0]	ENSG00000140836	CURATED:273[0];HGNC.Current:42949[1];HGNC.Current:42949[1>0];Ensembl.HGNC:42920[3>0]
NM_006887	Ensembl.RefSeq_mRNA:292863[1];Ensembl.RefSeq_mRNA:292863[1>0]	ENSG00000152518	CURATED:274[0];HGNC.Current:42963[1];HGNC.Current:42963[1>0];Ensembl.HGNC:267292[3>0]
NM_006896	Ensembl.RefSeq_mRNA:161423[1];Ensembl.RefSeq_mRNA:161423[1>0]	ENSG00000122592	CURATED:108[0];HGNC.Current:12144[1];HGNC.Current:12144[1>0];Ensembl.HGNC:149263[3>0]
NM_006897	Ensembl.RefSeq_mRNA:256672[1];Ensembl.RefSeq_mRNA:256672[1>0]	ENSG00000180806	CURATED:117[0];HGNC.Current:12174[1];HGNC.Current:12174[1>0];Ensembl.HGNC:235085[3>0]
NM_006898	Ensembl.RefSeq_mRNA:230378[1];Ensembl.RefSeq_mRNA:230378[1>0]	ENSG00000128652	CURATED:118[0];HGNC.Current:12183[1];HGNC.Current:12183[1>0];Ensembl.HGNC:211200[3>0]
NM_006914	Ensembl.RefSeq_mRNA:33820[1];Ensembl.RefSeq_mRNA:33820[1>0]	ENSG00000198963	CURATED:212[0];HGNC.Current:32137[1];HGNC.Current:32137[1>0];Ensembl.HGNC:31655[3>0]
NM_006917	Ensembl.RefSeq_mRNA:95510[1];Ensembl.RefSeq_mRNA:95510[1>0]	ENSG00000143171	CURATED:219[0];HGNC.Current:34481[1];HGNC.Current:34481[1>0];Ensembl.HGNC:88940[3>0]
NM_006982	Ensembl.RefSeq_mRNA:54535[1];Ensembl.RefSeq_mRNA:54535[1>0]	ENSG00000180318	CURATED:3[0];HGNC.Current:936[1];HGNC.Current:936[1>0];Ensembl.HGNC:51228[3>0]
NM_007111	Ensembl.RefSeq_mRNA:19682[1];Ensembl.RefSeq_mRNA:19682[1>0]	ENSG00000198176	CURATED:258[0];HGNC.Current:38720[1];HGNC.Current:38720[1>0];Ensembl.HGNC:18429[3>0]
NM_007250	Ensembl.RefSeq_mRNA:18264[1];Ensembl.RefSeq_mRNA:18264[1>0]	ENSG00000102349	CURATED:148[0];HGNC.Current:14138[1];HGNC.Current:14138[1>0];Ensembl.HGNC:17096[3>0]
NM_007315	Ensembl.RefSeq_mRNA:281027[1];Ensembl.RefSeq_mRNA:281027[1>0]	ENSG00000115415	CURATED:241[0];HGNC.Current:37777[1];HGNC.Current:37777[1>0];Ensembl.HGNC:256520[3>0]
NM_012183	Ensembl.RefSeq_mRNA:293159[1];Ensembl.RefSeq_mRNA:293159[1>0]	ENSG00000187140	CURATED:65[0];HGNC.Current:9433[1];HGNC.Current:9433[1>0];Ensembl.HGNC:267558[3>0]
NM_012252	Ensembl.RefSeq_mRNA:68549[1];Ensembl.RefSeq_mRNA:68549[1>0]	ENSG00000105967	CURATED:260[0];HGNC.Current:38728[1];HGNC.Current:38728[1>0];Ensembl.HGNC:64107[3>0]
NM_012385	Ensembl.RefSeq_mRNA:139406[1];Ensembl.RefSeq_mRNA:139406[1>0]	ENSG00000176046	CURATED:191[0];HGNC.Current:23426[1];HGNC.Current:23426[1>0];Ensembl.HGNC:129412[3>0]
NM_013351	Ensembl.RefSeq_mRNA:133527[1];Ensembl.RefSeq_mRNA:133527[1>0]	ENSG00000073861	CURATED:247[0];HGNC.Current:38465[1];HGNC.Current:38465[1>0];Ensembl.HGNC:123898[3>0]
NM_013942	Ensembl.RefSeq_mRNA:135964[1];Ensembl.RefSeq_mRNA:135964[1>0]	ENSG00000135903	CURATED:196[0];HGNC.Current:24884[1];HGNC.Current:24884[1>0];Ensembl.HGNC:125892[3>0]
NM_013999	Ensembl.RefSeq_mRNA:272628[1];Ensembl.RefSeq_mRNA:272628[1>0]	ENSG00000005102	CURATED:166[0];HGNC.Current:18417[1];HGNC.Current:18417[1>0];Ensembl.HGNC:249646[3>0]
NM_014009	Ensembl.RefSeq_mRNA:161176[1];Ensembl.RefSeq_mRNA:161176[1>0]	ENSG00000049768	CURATED:74[0];HGNC.Current:9483[1];HGNC.Current:9483[1>0];Ensembl.HGNC:148487[3>0]
NM_014209	Ensembl.RefSeq_mRNA:218444[1];Ensembl.RefSeq_mRNA:218444[1>0]	ENSG00000105672	CURATED:52[0];HGNC.Current:8357[1];HGNC.Current:8357[1>0];Ensembl.HGNC:200549[3>0]
NM_014213	Ensembl.RefSeq_mRNA:230172[1];Ensembl.RefSeq_mRNA:230172[1>0]	ENSG00000128709	CURATED:120[0];HGNC.Current:12186[1];HGNC.Current:12186[1>0];Ensembl.HGNC:211063[3>0]
NM_014391	Ensembl.RefSeq_mRNA:58210[1];Ensembl.RefSeq_mRNA:58210[1>0]	ENSG00000148677	CURATED:4[0];HGNC.Current:1049[1];HGNC.Current:1049[1>0];Ensembl.HGNC:54389[3>0]
NM_014562	Ensembl.RefSeq_mRNA:62968[1];Ensembl.RefSeq_mRNA:62968[1>0]	ENSG00000115507	CURATED:193[0];HGNC.Current:24602[1];HGNC.Current:24602[1>0];Ensembl.HGNC:59128[3>0]
NM_014621	Ensembl.RefSeq_mRNA:230202[1];Ensembl.RefSeq_mRNA:230202[1>0]	ENSG00000170166	CURATED:119[0];HGNC.Current:12184[1];HGNC.Current:12184[1>0];Ensembl.HGNC:211076[3>0]
NM_014729	Ensembl.RefSeq_mRNA:49078[1];Ensembl.RefSeq_mRNA:49078[1>0]	ENSG00000198846	CURATED:262[0];HGNC.Current:39612[1];HGNC.Current:39612[1>0];Ensembl.HGNC:45861[3>0]
NM_014795	Ensembl.RefSeq_mRNA:258790[1];Ensembl.RefSeq_mRNA:258790[1>0]	ENSG00000169554	CURATED:272[0];HGNC.Current:42926[1];HGNC.Current:42926[1>0];Ensembl.HGNC:236783[3>0]
NM_015215	Ensembl.RefSeq_mRNA:301616[1];Ensembl.RefSeq_mRNA:301616[1>0]	ENSG00000171735	CURATED:14[0];HGNC.Current:3339[1];HGNC.Current:3339[1>0];Ensembl.HGNC:275261[3>0]
NM_015642	Ensembl.RefSeq_mRNA:267120[1];Ensembl.RefSeq_mRNA:267120[1>0]	ENSG00000181722	CURATED:270[0];HGNC.Current:42809[1];HGNC.Current:42809[1>0];Ensembl.HGNC:244837[3>0]
NM_015871	Ensembl.RefSeq_mRNA:303291[1];Ensembl.RefSeq_mRNA:303291[1>0]	ENSG00000142684	CURATED:276[0];HGNC.Current:43496[1];HGNC.Current:43496[1>0];Ensembl.HGNC:276739[3>0]
NM_015995	Ensembl.RefSeq_mRNA:45989[1];Ensembl.RefSeq_mRNA:105821[1>0]	ENSG00000169926	CURATED:141[0];HGNC.Current:14146[1];HGNC.Current:14146[1>0];Ensembl.HGNC:98850[3>0]
NM_015995	Ensembl.RefSeq_mRNA:45989[1];Ensembl.RefSeq_mRNA:45989[1>0]	ENSG00000275746	CURATED:141[0];HGNC.Current:14146[1];HGNC.Current:14146[1>0];Ensembl.HGNC:43059[3>0]
NM_016096	Ensembl.RefSeq_mRNA:28630[1];Ensembl.RefSeq_mRNA:28630[1>0]	ENSG00000120963	CURATED:277[0];HGNC.Current:43605[1];HGNC.Current:43605[1>0];Ensembl.HGNC:26769[3>0]
NM_016152	Ensembl.RefSeq_mRNA:235592[1];Ensembl.RefSeq_mRNA:235592[1>0]	ENSG00000077092	CURATED:207[0];HGNC.Current:27803[1];HGNC.Current:27803[1>0];Ensembl.HGNC:215599[3>0]
NM_016260	Ensembl.RefSeq_mRNA:300186[1];Ensembl.RefSeq_mRNA:300186[1>0]	ENSG00000030419	CURATED:126[0];HGNC.Current:13182[1];HGNC.Current:13182[1>0];Ensembl.HGNC:273958[3>0]
NM_016269	Ensembl.RefSeq_mRNA:123453[1];Ensembl.RefSeq_mRNA:123453[1>0]	ENSG00000138795	CURATED:150[0];HGNC.Current:14850[1];HGNC.Current:14850[1>0];Ensembl.HGNC:114307[3>0]
NM_016270	Ensembl.RefSeq_mRNA:265838[1];Ensembl.RefSeq_mRNA:265838[1>0]	ENSG00000127528	CURATED:142[0];HGNC.Current:14121[1];HGNC.Current:14121[1>0];Ensembl.HGNC:243641[3>0]
NM_016307	Ensembl.RefSeq_mRNA:29753[1];Ensembl.RefSeq_mRNA:29753[1>0]	ENSG00000167157	CURATED:205[0];HGNC.Current:27024[1];HGNC.Current:27024[1>0];Ensembl.HGNC:28108[3>0]
NM_016326	Ensembl.RefSeq_mRNA:130745[1];Ensembl.RefSeq_mRNA:130745[1>0]	ENSG00000217555	CURATED:23[0];HGNC.Current:4824[1];HGNC.Current:4824[1>0];Ensembl.HGNC:121272[3>0]
NM_016531	Ensembl.RefSeq_mRNA:23649[1];Ensembl.RefSeq_mRNA:23649[1>0]	ENSG00000109787	CURATED:143[0];HGNC.Current:14127[1];HGNC.Current:14127[1>0];Ensembl.HGNC:22235[3>0]
NM_016569	Ensembl.RefSeq_mRNA:108974[1];Ensembl.RefSeq_mRNA:108974[1>0]	ENSG00000135111	CURATED:248[0];HGNC.Current:38453[1];HGNC.Current:38453[1>0];Ensembl.HGNC:101417[3>0]
NM_016734	Ensembl.RefSeq_mRNA:14490[1];Ensembl.RefSeq_mRNA:14490[1>0]	ENSG00000196092	CURATED:197[0];HGNC.Current:24886[1];HGNC.Current:24886[1>0];Ensembl.HGNC:12927[3>0]
NM_016836	Ensembl.RefSeq_mRNA:249251[1];Ensembl.RefSeq_mRNA:249251[1>0]	ENSG00000153250	CURATED:209[0];HGNC.Current:27978[1];HGNC.Current:27978[1>0];Ensembl.HGNC:228378[3>0]
NM_016951	Ensembl.RefSeq_mRNA:130747[1];Ensembl.RefSeq_mRNA:130747[1>0]	ENSG00000217555	CURATED:23[0];HGNC.Current:4824[1];HGNC.Current:4824[1>0];Ensembl.HGNC:121272[3>0]
NM_017508	Ensembl.RefSeq_mRNA:205522[1];Ensembl.RefSeq_mRNA:205522[1>0]	ENSG00000110693	CURATED:231[0];HGNC.Current:37140[1];HGNC.Current:37140[1>0];Ensembl.HGNC:188565[3>0]
NM_018014	Ensembl.RefSeq_mRNA:57911[1];Ensembl.RefSeq_mRNA:57911[1>0]	ENSG00000119866	CURATED:12[0];HGNC.Current:2342[1];HGNC.Current:2342[1>0];Ensembl.HGNC:53924[3>0]
NM_018189	Ensembl.RefSeq_mRNA:241119[1];Ensembl.RefSeq_mRNA:241119[1>0]	ENSG00000121570	CURATED:33[0];HGNC.Current:7060[1];HGNC.Current:7060[1>0];Ensembl.HGNC:220992[3>0]
NM_018419	Ensembl.RefSeq_mRNA:13298[1];Ensembl.RefSeq_mRNA:13298[1>0]	ENSG00000203883	CURATED:227[0];HGNC.Current:37152[1];HGNC.Current:37152[1>0];Ensembl.HGNC:12468[3>0]
NM_018488	Ensembl.RefSeq_mRNA:279625[1];Ensembl.RefSeq_mRNA:279625[1>0]	ENSG00000121075	CURATED:249[0];HGNC.Current:38455[1];HGNC.Current:38455[1>0];Ensembl.HGNC:255722[3>0]
NM_018645	Ensembl.RefSeq_mRNA:129957[1];Ensembl.RefSeq_mRNA:129957[1>0]	ENSG00000144485	CURATED:93[0];HGNC.Current:11568[1];HGNC.Current:11568[1>0];Ensembl.HGNC:120592[3>0]
NM_018670	Ensembl.RefSeq_mRNA:156794[1];Ensembl.RefSeq_mRNA:156794[1>0]	ENSG00000166823	CURATED:168[0];HGNC.Current:18430[1];HGNC.Current:18430[1>0];Ensembl.HGNC:145235[3>0]
NM_018951	Ensembl.RefSeq_mRNA:184170[1];Ensembl.RefSeq_mRNA:184170[1>0]	ENSG00000253293	CURATED:103[0];HGNC.Current:12146[1];HGNC.Current:12146[1>0];Ensembl.HGNC:169678[3>0]
NM_018952	Ensembl.RefSeq_mRNA:267372[1];Ensembl.RefSeq_mRNA:267372[1>0]	ENSG00000108511	CURATED:113[0];HGNC.Current:12161[1];HGNC.Current:12161[1>0];Ensembl.HGNC:245120[3>0]
NM_018953	Ensembl.RefSeq_mRNA:263414[1];Ensembl.RefSeq_mRNA:263414[1>0]	ENSG00000172789	CURATED:115[0];HGNC.Current:12171[1];HGNC.Current:12171[1>0];Ensembl.HGNC:241442[3>0]
NM_019102	Ensembl.RefSeq_mRNA:161386[1];Ensembl.RefSeq_mRNA:161386[1>0]	ENSG00000106004	CURATED:107[0];HGNC.Current:12142[1];HGNC.Current:12142[1>0];Ensembl.HGNC:149226[3>0]
NM_020908	Ensembl.RefSeq_mRNA:149650[1];Ensembl.RefSeq_mRNA:149650[1>0]	ENSG00000140332	CURATED:261[0];HGNC.Current:38963[1];HGNC.Current:38963[1>0];Ensembl.HGNC:135860[3>0]
NM_021005	Ensembl.RefSeq_mRNA:50893[1];Ensembl.RefSeq_mRNA:50893[1>0]	ENSG00000185551	CURATED:190[0];HGNC.Current:23168[1];HGNC.Current:23168[1>0];Ensembl.HGNC:47561[3>0]
NM_021728	Ensembl.RefSeq_mRNA:125956[1];Ensembl.RefSeq_mRNA:125956[1>0]	ENSG00000165588	CURATED:194[0];HGNC.Current:24603[1];HGNC.Current:24603[1>0];Ensembl.HGNC:116891[3>0]
NM_021784	Ensembl.RefSeq_mRNA:115299[1];Ensembl.RefSeq_mRNA:115299[1>0]	ENSG00000125798	CURATED:61[0];HGNC.Current:9421[1];HGNC.Current:9421[1>0];Ensembl.HGNC:107540[3>0]
NM_021795	Ensembl.RefSeq_mRNA:304406[1];Ensembl.RefSeq_mRNA:304406[1>0]	ENSG00000158711	CURATED:45[0];HGNC.Current:7828[1];HGNC.Current:7828[1>0];Ensembl.HGNC:277771[3>0]
NM_021958	Ensembl.RefSeq_mRNA:198338[1];Ensembl.RefSeq_mRNA:198338[1>0]	ENSG00000136630	CURATED:98[0];HGNC.Current:11731[1];HGNC.Current:11731[1>0];Ensembl.HGNC:182301[3>0]
NM_021973	Ensembl.RefSeq_mRNA:76649[1];Ensembl.RefSeq_mRNA:76649[1>0]	ENSG00000164107	CURATED:89[0];HGNC.Current:11352[1];HGNC.Current:11352[1>0];Ensembl.HGNC:71616[3>0]
NM_021976	Ensembl.RefSeq_mRNA:119578[1];Ensembl.RefSeq_mRNA:143352[1>0]	ENSG00000204231	CURATED:218[0];HGNC.Current:34480[1];HGNC.Current:34480[1>0];Ensembl.HGNC:132824[3>0]
NM_021976	Ensembl.RefSeq_mRNA:119578[1];Ensembl.RefSeq_mRNA:172646[1>0]	ENSG00000206289	CURATED:218[0];HGNC.Current:34480[1];HGNC.Current:34480[1>0];Ensembl.HGNC:159249[3>0]
NM_021976	Ensembl.RefSeq_mRNA:119578[1];Ensembl.RefSeq_mRNA:137004[1>0]	ENSG00000227322	CURATED:218[0];HGNC.Current:34480[1];HGNC.Current:34480[1>0];Ensembl.HGNC:127023[3>0]
NM_021976	Ensembl.RefSeq_mRNA:119578[1];Ensembl.RefSeq_mRNA:153486[1>0]	ENSG00000228333	CURATED:218[0];HGNC.Current:34480[1];HGNC.Current:34480[1>0];Ensembl.HGNC:141878[3>0]
NM_021976	Ensembl.RefSeq_mRNA:119578[1];Ensembl.RefSeq_mRNA:119578[1>0]	ENSG00000231321	CURATED:218[0];HGNC.Current:34480[1];HGNC.Current:34480[1>0];Ensembl.HGNC:111135[3>0]
NM_021976	Ensembl.RefSeq_mRNA:119578[1];Ensembl.RefSeq_mRNA:167262[1>0]	ENSG00000235712	CURATED:218[0];HGNC.Current:34480[1];HGNC.Current:34480[1>0];Ensembl.HGNC:154394[3>0]
NM_022164	Ensembl.RefSeq_mRNA:190628[1];Ensembl.RefSeq_mRNA:190628[1>0]	ENSG00000142910	CURATED:5[0];HGNC.Current:1429[1];HGNC.Current:38928[8>1];HGNC.Current:38928[1];HGNC.Current:38928[1>0];Ensembl.HGNC:175588[3>0]
NM_022454	Ensembl.RefSeq_mRNA:197998[1];Ensembl.RefSeq_mRNA:197998[1>0]	ENSG00000164736	CURATED:226[0];HGNC.Current:37151[1];HGNC.Current:37151[1>0];Ensembl.HGNC:181961[3>0]
NM_022658	Ensembl.RefSeq_mRNA:256676[1];Ensembl.RefSeq_mRNA:256676[1>0]	ENSG00000037965	CURATED:116[0];HGNC.Current:12173[1];HGNC.Current:12173[1>0];Ensembl.HGNC:235091[3>0]
NM_022659	Ensembl.RefSeq_mRNA:11130[1];Ensembl.RefSeq_mRNA:11130[1>0]	ENSG00000221818	CURATED:37[0];HGNC.Current:7390[1];HGNC.Current:7390[1>0];Ensembl.HGNC:10324[3>0]
NM_022893	Ensembl.RefSeq_mRNA:58017[1];Ensembl.RefSeq_mRNA:58017[1>0]	ENSG00000119866	CURATED:12[0];HGNC.Current:2342[1];HGNC.Current:2342[1>0];Ensembl.HGNC:53924[3>0]
NM_022898	Ensembl.RefSeq_mRNA:194174[1];Ensembl.RefSeq_mRNA:194174[1>0]	ENSG00000127152	CURATED:13[0];HGNC.Current:2343[1];HGNC.Current:2343[1>0];Ensembl.HGNC:178608[3>0]
NM_024007	Ensembl.RefSeq_mRNA:286004[1];Ensembl.RefSeq_mRNA:286004[1>0]	ENSG00000164330	CURATED:36[0];HGNC.Current:7389[1];HGNC.Current:7389[1>0];Ensembl.HGNC:261467[3>0]
NM_024015	Ensembl.RefSeq_mRNA:267368[1];Ensembl.RefSeq_mRNA:267368[1>0]	ENSG00000182742	CURATED:111[0];HGNC.Current:12159[1];HGNC.Current:12159[1>0];Ensembl.HGNC:245107[3>0]
NM_024017	Ensembl.RefSeq_mRNA:267402[1];Ensembl.RefSeq_mRNA:267402[1>0]	ENSG00000170689	CURATED:114[0];HGNC.Current:12164[1];HGNC.Current:12164[1>0];Ensembl.HGNC:245139[3>0]
NM_024336	Ensembl.RefSeq_mRNA:234939[1];Ensembl.RefSeq_mRNA:234939[1>0]	ENSG00000177508	CURATED:133[0];HGNC.Current:13520[1];HGNC.Current:13520[1>0];Ensembl.HGNC:215397[3>0]
NM_024865	Ensembl.RefSeq_mRNA:37700[1];Ensembl.RefSeq_mRNA:37700[1>0]	ENSG00000111704	CURATED:178[0];HGNC.Current:22193[1];HGNC.Current:22193[1>0];Ensembl.HGNC:35294[3>0]
NM_030661	Ensembl.RefSeq_mRNA:165845[1];Ensembl.RefSeq_mRNA:165845[1>0]	ENSG00000105997	CURATED:105[0];HGNC.Current:12140[1];HGNC.Current:12140[1>0];Ensembl.HGNC:153294[3>0]
NM_030751	Ensembl.RefSeq_mRNA:99803[1];Ensembl.RefSeq_mRNA:99803[1>0]	ENSG00000148516	CURATED:271[0];HGNC.Current:42924[1];HGNC.Current:42924[1>0];Ensembl.HGNC:92740[3>0]
NM_030756	Ensembl.RefSeq_mRNA:169161[1];Ensembl.RefSeq_mRNA:169161[1>0]	ENSG00000148737	CURATED:254[0];HGNC.Current:38510[1];HGNC.Current:38516[10>1];HGNC.Current:38516[1];HGNC.Current:38516[1>0];Ensembl.HGNC:152776[3>0]
NM_030767	Ensembl.RefSeq_mRNA:161209[1];Ensembl.RefSeq_mRNA:161209[1>0]	ENSG00000106948	CURATED:2[0];HGNC.Current:787[1];HGNC.Current:787[1>0];Ensembl.HGNC:148750[3>0]
NM_031283	Ensembl.RefSeq_mRNA:58808[1];Ensembl.RefSeq_mRNA:58808[1>0]	ENSG00000152284	CURATED:253[0];HGNC.Current:38508[1];HGNC.Current:38514[10>1];HGNC.Current:38514[1];HGNC.Current:38514[1>0];Ensembl.HGNC:54909[3>0]
NM_031283	Ensembl.RefSeq_mRNA:58808[1];Ensembl.RefSeq_mRNA:91186[1>0]	ENSG00000292149	CURATED:253[0];HGNC.Current:38508[1];HGNC.Current:38514[10>1];HGNC.Current:38514[1];HGNC.Current:38514[1>0];Ensembl.HGNC:85177[3>0]
NM_031439	Ensembl.RefSeq_mRNA:34535[1];Ensembl.RefSeq_mRNA:212767[1>0]	ENSG00000171056	CURATED:232[0];HGNC.Current:37141[1];HGNC.Current:37141[1>0];Ensembl.HGNC:195500[3>0]
NM_031439	Ensembl.RefSeq_mRNA:34535[1];Ensembl.RefSeq_mRNA:34535[1>0]	ENSG00000285438	CURATED:232[0];HGNC.Current:37141[1];HGNC.Current:37141[1>0];Ensembl.HGNC:32344[3>0]
NM_031944	Ensembl.RefSeq_mRNA:191262[1];Ensembl.RefSeq_mRNA:191262[1>0]	ENSG00000185155	CURATED:170[0];HGNC.Current:20651[1];HGNC.Current:20651[1>0];Ensembl.HGNC:176207[3>0]
NM_032043	Ensembl.RefSeq_mRNA:189721[1];Ensembl.RefSeq_mRNA:189721[1>0]	ENSG00000136492	CURATED:10[0];HGNC.Current:2206[1];HGNC.Current:2696[8>1];HGNC.Current:2696[1];HGNC.Current:2696[1>0];Ensembl.HGNC:174538[3>0]
NM_032199	Ensembl.RefSeq_mRNA:87947[1];Ensembl.RefSeq_mRNA:87947[1>0]	ENSG00000150347	CURATED:8[0];HGNC.Current:1549[1];HGNC.Current:1549[1>0];Ensembl.HGNC:81884[3>0]
NM_032377	Ensembl.RefSeq_mRNA:227584[1];Ensembl.RefSeq_mRNA:227584[1>0]	ENSG00000130165	CURATED:42[0];HGNC.Current:7810[1];HGNC.Current:7894[8>1];HGNC.Current:7894[1];HGNC.Current:7894[1>0];Ensembl.HGNC:208723[3>0]
NM_032495	Ensembl.RefSeq_mRNA:233913[1];Ensembl.RefSeq_mRNA:233913[1>0]	ENSG00000171476	CURATED:101[0];HGNC.Current:12128[1];HGNC.Current:12128[1>0];Ensembl.HGNC:214506[3>0]
NM_032580	Ensembl.RefSeq_mRNA:89642[1];Ensembl.RefSeq_mRNA:89642[1>0]	ENSG00000179111	CURATED:94[0];HGNC.Current:11569[1];HGNC.Current:11569[1>0];Ensembl.HGNC:83428[3>0]
NM_032638	Ensembl.RefSeq_mRNA:281354[1];Ensembl.RefSeq_mRNA:281354[1>0]	ENSG00000179348	CURATED:77[0];HGNC.Current:10068[1];HGNC.Current:10068[1>0];Ensembl.HGNC:257262[3>0]
NM_032682	Ensembl.RefSeq_mRNA:221228[1];Ensembl.RefSeq_mRNA:221228[1>0]	ENSG00000114861	CURATED:73[0];HGNC.Current:9478[1];HGNC.Current:9478[1>0];Ensembl.HGNC:201807[3>0]
NM_032711	Ensembl.RefSeq_mRNA:155465[1];Ensembl.RefSeq_mRNA:155465[1>0]	ENSG00000197063	CURATED:160[0];HGNC.Current:17880[1];HGNC.Current:17880[1>0];Ensembl.HGNC:144002[3>0]
NM_033260	Ensembl.RefSeq_mRNA:19463[1];Ensembl.RefSeq_mRNA:19463[1>0]	ENSG00000164379	CURATED:75[0];HGNC.Current:9486[1];HGNC.Current:9486[1>0];Ensembl.HGNC:18335[3>0]
NM_033267	Ensembl.RefSeq_mRNA:234741[1];Ensembl.RefSeq_mRNA:234741[1>0]	ENSG00000170561	CURATED:132[0];HGNC.Current:13518[1];HGNC.Current:13518[1>0];Ensembl.HGNC:215180[3>0]
NM_033326	Ensembl.RefSeq_mRNA:205605[1];Ensembl.RefSeq_mRNA:205605[1>0]	ENSG00000110693	CURATED:231[0];HGNC.Current:37140[1];HGNC.Current:37140[1>0];Ensembl.HGNC:188565[3>0]
NM_033502	Ensembl.RefSeq_mRNA:184290[1];Ensembl.RefSeq_mRNA:184290[1>0]	ENSG00000124496	CURATED:263[0];HGNC.Current:40191[1];HGNC.Current:40191[1>0];Ensembl.HGNC:169689[3>0]
NM_057179	Ensembl.RefSeq_mRNA:28632[1];Ensembl.RefSeq_mRNA:297426[1>0]	ENSG00000233608	CURATED:265[0];HGNC.Current:41287[1];HGNC.Current:41287[1>0];Ensembl.HGNC:271493[3>0]
NM_057179	Ensembl.RefSeq_mRNA:28632[1];Ensembl.RefSeq_mRNA:28632[1>0]	ENSG00000288335	CURATED:265[0];HGNC.Current:41287[1];HGNC.Current:41287[1>0];Ensembl.HGNC:26844[3>0]
NM_080473	Ensembl.RefSeq_mRNA:17473[1];Ensembl.RefSeq_mRNA:17473[1>0]	ENSG00000130700	CURATED:80[0];HGNC.Current:10073[1];HGNC.Current:10073[1>0];Ensembl.HGNC:16452[3>0]
NM_080717	Ensembl.RefSeq_mRNA:113783[1];Ensembl.RefSeq_mRNA:113783[1>0]	ENSG00000089225	CURATED:250[0];HGNC.Current:38456[1];HGNC.Current:38456[1>0];Ensembl.HGNC:105693[3>0]
NM_080759	Ensembl.RefSeq_mRNA:39023[1];Ensembl.RefSeq_mRNA:39023[1>0]	ENSG00000276644	CURATED:27[0];HGNC.Current:6166[1];HGNC.Current:6166[1>0];Ensembl.HGNC:36339[3>0]
NM_080760	Ensembl.RefSeq_mRNA:39022[1];Ensembl.RefSeq_mRNA:39022[1>0]	ENSG00000276644	CURATED:27[0];HGNC.Current:6166[1];HGNC.Current:6166[1>0];Ensembl.HGNC:36339[3>0]
NM_130439	Ensembl.RefSeq_mRNA:79701[1];Ensembl.RefSeq_mRNA:79701[1>0]	ENSG00000119950	CURATED:174[0];HGNC.Current:21940[1];HGNC.Current:21940[1>0];Ensembl.HGNC:73472[3>0]
NM_134260	Ensembl.RefSeq_mRNA:43998[1];Ensembl.RefSeq_mRNA:43998[1>0]	ENSG00000069667	CURATED:211[0];HGNC.Current:32134[1];HGNC.Current:32134[1>0];Ensembl.HGNC:40538[3>0]
NM_134261	Ensembl.RefSeq_mRNA:43951[1];Ensembl.RefSeq_mRNA:43951[1>0]	ENSG00000069667	CURATED:211[0];HGNC.Current:32134[1];HGNC.Current:32134[1>0];Ensembl.HGNC:40538[3>0]
NM_134262	Ensembl.RefSeq_mRNA:44016[1];Ensembl.RefSeq_mRNA:44016[1>0]	ENSG00000069667	CURATED:211[0];HGNC.Current:32134[1];HGNC.Current:32134[1>0];Ensembl.HGNC:40538[3>0]
NM_134442	Ensembl.RefSeq_mRNA:269804[1];Ensembl.RefSeq_mRNA:269804[1>0]	ENSG00000118260	CURATED:24[0];HGNC.Current:5501[1];HGNC.Current:5501[1>0];Ensembl.HGNC:246988[3>0]
NM_138559	Ensembl.RefSeq_mRNA:57932[1];Ensembl.RefSeq_mRNA:57932[1>0]	ENSG00000119866	CURATED:12[0];HGNC.Current:2342[1];HGNC.Current:2342[1>0];Ensembl.HGNC:53924[3>0]
NM_138576	Ensembl.RefSeq_mRNA:194185[1];Ensembl.RefSeq_mRNA:194185[1>0]	ENSG00000127152	CURATED:13[0];HGNC.Current:2343[1];HGNC.Current:2343[1>0];Ensembl.HGNC:178608[3>0]
NM_138713	Ensembl.RefSeq_mRNA:219733[1];Ensembl.RefSeq_mRNA:219733[1>0]	ENSG00000102908	CURATED:179[0];HGNC.Current:22649[1];HGNC.Current:22649[1>0];Ensembl.HGNC:201339[3>0]
NM_138714	Ensembl.RefSeq_mRNA:219752[1];Ensembl.RefSeq_mRNA:219752[1>0]	ENSG00000102908	CURATED:179[0];HGNC.Current:22649[1];HGNC.Current:22649[1>0];Ensembl.HGNC:201339[3>0]
NM_138815	Ensembl.RefSeq_mRNA:50846[1];Ensembl.RefSeq_mRNA:50846[1>0]	ENSG00000163530	CURATED:31[0];HGNC.Current:7042[1];HGNC.Current:7042[1>0];Ensembl.HGNC:47553[3>0]
NM_138983	Ensembl.RefSeq_mRNA:14411[1];Ensembl.RefSeq_mRNA:14411[1>0]	ENSG00000184221	CURATED:192[0];HGNC.Current:23585[1];HGNC.Current:23585[1>0];Ensembl.HGNC:13596[3>0]
NM_139211	Ensembl.RefSeq_mRNA:233903[1];Ensembl.RefSeq_mRNA:233903[1>0]	ENSG00000171476	CURATED:101[0];HGNC.Current:12128[1];HGNC.Current:12128[1>0];Ensembl.HGNC:214506[3>0]
NM_139212	Ensembl.RefSeq_mRNA:233912[1];Ensembl.RefSeq_mRNA:233912[1>0]	ENSG00000171476	CURATED:101[0];HGNC.Current:12128[1];HGNC.Current:12128[1>0];Ensembl.HGNC:214506[3>0]
NM_139266	Ensembl.RefSeq_mRNA:281137[1];Ensembl.RefSeq_mRNA:281137[1>0]	ENSG00000115415	CURATED:241[0];HGNC.Current:37777[1];HGNC.Current:37777[1>0];Ensembl.HGNC:256520[3>0]
NM_139276	Ensembl.RefSeq_mRNA:291371[1];Ensembl.RefSeq_mRNA:291371[1>0]	ENSG00000168610	CURATED:242[0];HGNC.Current:37779[1];HGNC.Current:37779[1>0];Ensembl.HGNC:265687[3>0]
NM_145899	Ensembl.RefSeq_mRNA:210604[1];Ensembl.RefSeq_mRNA:210604[1>0]	ENSG00000137309	CURATED:99[0];HGNC.Current:11744[1];HGNC.Current:11744[1>0];Ensembl.HGNC:193473[3>0]
NM_145901	Ensembl.RefSeq_mRNA:210555[1];Ensembl.RefSeq_mRNA:210555[1>0]	ENSG00000137309	CURATED:99[0];HGNC.Current:11744[1];HGNC.Current:11744[1>0];Ensembl.HGNC:193473[3>0]
NM_145902	Ensembl.RefSeq_mRNA:210612[1];Ensembl.RefSeq_mRNA:210612[1>0]	ENSG00000137309	CURATED:99[0];HGNC.Current:11744[1];HGNC.Current:11744[1>0];Ensembl.HGNC:193473[3>0]
NM_145903	Ensembl.RefSeq_mRNA:210611[1];Ensembl.RefSeq_mRNA:210611[1>0]	ENSG00000137309	CURATED:99[0];HGNC.Current:11744[1];HGNC.Current:11744[1>0];Ensembl.HGNC:193473[3>0]
NM_145905	Ensembl.RefSeq_mRNA:210618[1];Ensembl.RefSeq_mRNA:210618[1>0]	ENSG00000137309	CURATED:99[0];HGNC.Current:11744[1];HGNC.Current:11744[1>0];Ensembl.HGNC:193473[3>0]
NM_147193	Ensembl.RefSeq_mRNA:259986[1];Ensembl.RefSeq_mRNA:259986[1>0]	ENSG00000174332	CURATED:85[0];HGNC.Current:10350[1];HGNC.Current:10350[1>0];Ensembl.HGNC:238114[3>0]
NM_152739	Ensembl.RefSeq_mRNA:161450[1];Ensembl.RefSeq_mRNA:161450[1>0]	ENSG00000078399	CURATED:109[0];HGNC.Current:12145[1];HGNC.Current:12145[1>0];Ensembl.HGNC:149267[3>0]
NM_153620	Ensembl.RefSeq_mRNA:161272[1];Ensembl.RefSeq_mRNA:161272[1>0]	ENSG00000105991	CURATED:102[0];HGNC.Current:12138[1];HGNC.Current:12138[1>0];Ensembl.HGNC:149106[3>0]
NM_153631	Ensembl.RefSeq_mRNA:165876[1];Ensembl.RefSeq_mRNA:165876[1>0]	ENSG00000105997	CURATED:105[0];HGNC.Current:12140[1];HGNC.Current:12140[1>0];Ensembl.HGNC:153294[3>0]
NM_153675	Ensembl.RefSeq_mRNA:115326[1];Ensembl.RefSeq_mRNA:115326[1>0]	ENSG00000125798	CURATED:61[0];HGNC.Current:9421[1];HGNC.Current:9421[1>0];Ensembl.HGNC:107540[3>0]
NM_153813	Ensembl.RefSeq_mRNA:201644[1];Ensembl.RefSeq_mRNA:201644[1>0]	ENSG00000179588	CURATED:275[0];HGNC.Current:42980[1];HGNC.Current:42980[1>0];Ensembl.HGNC:185219[3>0]
NM_170674	Ensembl.RefSeq_mRNA:192621[1];Ensembl.RefSeq_mRNA:192621[1>0]	ENSG00000134138	CURATED:165[0];HGNC.Current:18402[1];HGNC.Current:18402[1>0];Ensembl.HGNC:176618[3>0]
NM_170675	Ensembl.RefSeq_mRNA:192447[1];Ensembl.RefSeq_mRNA:192447[1>0]	ENSG00000134138	CURATED:165[0];HGNC.Current:18402[1];HGNC.Current:18402[1>0];Ensembl.HGNC:176618[3>0]
NM_170676	Ensembl.RefSeq_mRNA:192473[1];Ensembl.RefSeq_mRNA:192473[1>0]	ENSG00000134138	CURATED:165[0];HGNC.Current:18402[1];HGNC.Current:18402[1>0];Ensembl.HGNC:176618[3>0]
NM_170677	Ensembl.RefSeq_mRNA:192580[1];Ensembl.RefSeq_mRNA:192580[1>0]	ENSG00000134138	CURATED:165[0];HGNC.Current:18402[1];HGNC.Current:18402[1>0];Ensembl.HGNC:176618[3>0]
NM_172315	Ensembl.RefSeq_mRNA:192545[1];Ensembl.RefSeq_mRNA:192545[1>0]	ENSG00000134138	CURATED:165[0];HGNC.Current:18402[1];HGNC.Current:18402[1>0];Ensembl.HGNC:176618[3>0]
NM_172316	Ensembl.RefSeq_mRNA:192570[1];Ensembl.RefSeq_mRNA:192570[1>0]	ENSG00000134138	CURATED:165[0];HGNC.Current:18402[1];HGNC.Current:18402[1>0];Ensembl.HGNC:176618[3>0]
NM_172337	Ensembl.RefSeq_mRNA:125964[1];Ensembl.RefSeq_mRNA:125964[1>0]	ENSG00000165588	CURATED:194[0];HGNC.Current:24603[1];HGNC.Current:24603[1>0];Ensembl.HGNC:116891[3>0]
NM_172373	Ensembl.RefSeq_mRNA:3003[1];Ensembl.RefSeq_mRNA:3003[1>0]	ENSG00000120690	CURATED:42[0];HGNC.Current:7810[1];HGNC.Current:7810[1>0];Ensembl.HGNC:2739[3>0]
NM_173163	Ensembl.RefSeq_mRNA:86845[1];Ensembl.RefSeq_mRNA:86845[1>0]	ENSG00000072736	CURATED:180[0];HGNC.Current:22654[1];HGNC.Current:22654[1>0];Ensembl.HGNC:77902[3>0]
NM_173165	Ensembl.RefSeq_mRNA:86812[1];Ensembl.RefSeq_mRNA:86812[1>0]	ENSG00000072736	CURATED:180[0];HGNC.Current:22654[1];HGNC.Current:22654[1>0];Ensembl.HGNC:77902[3>0]
NM_173214	Ensembl.RefSeq_mRNA:219753[1];Ensembl.RefSeq_mRNA:219753[1>0]	ENSG00000102908	CURATED:179[0];HGNC.Current:22649[1];HGNC.Current:22649[1>0];Ensembl.HGNC:201339[3>0]
NM_173215	Ensembl.RefSeq_mRNA:219756[1];Ensembl.RefSeq_mRNA:219756[1>0]	ENSG00000102908	CURATED:179[0];HGNC.Current:22649[1];HGNC.Current:22649[1>0];Ensembl.HGNC:201339[3>0]
NM_173849	Ensembl.RefSeq_mRNA:82695[1];Ensembl.RefSeq_mRNA:82695[1>0]	ENSG00000133937	CURATED:86[0];HGNC.Current:10922[1];HGNC.Current:10922[1>0];Ensembl.HGNC:76972[3>0]
NM_175914	Ensembl.RefSeq_mRNA:134428[1];Ensembl.RefSeq_mRNA:134428[1>0]	ENSG00000101076	CURATED:100[0];HGNC.Current:11954[1];HGNC.Current:11954[1>0];Ensembl.HGNC:124322[3>0]
NM_177398	Ensembl.RefSeq_mRNA:102583[1];Ensembl.RefSeq_mRNA:102583[1>0]	ENSG00000162761	CURATED:155[0];HGNC.Current:17432[1];HGNC.Current:17432[1>0];Ensembl.HGNC:95877[3>0]
NM_178849	Ensembl.RefSeq_mRNA:134556[1];Ensembl.RefSeq_mRNA:134556[1>0]	ENSG00000101076	CURATED:100[0];HGNC.Current:11954[1];HGNC.Current:11954[1>0];Ensembl.HGNC:124322[3>0]
NM_178850	Ensembl.RefSeq_mRNA:134543[1];Ensembl.RefSeq_mRNA:134543[1>0]	ENSG00000101076	CURATED:100[0];HGNC.Current:11954[1];HGNC.Current:11954[1>0];Ensembl.HGNC:124322[3>0]
NM_181353	Ensembl.RefSeq_mRNA:29376[1];Ensembl.RefSeq_mRNA:29376[1>0]	ENSG00000125968	CURATED:121[0];HGNC.Current:12530[1];HGNC.Current:12530[1>0];Ensembl.HGNC:27803[3>0]
NM_181457	Ensembl.RefSeq_mRNA:135913[1];Ensembl.RefSeq_mRNA:135913[1>0]	ENSG00000135903	CURATED:196[0];HGNC.Current:24884[1];HGNC.Current:24884[1>0];Ensembl.HGNC:125892[3>0]
NM_181458	Ensembl.RefSeq_mRNA:135817[1];Ensembl.RefSeq_mRNA:135817[1>0]	ENSG00000135903	CURATED:196[0];HGNC.Current:24884[1];HGNC.Current:24884[1>0];Ensembl.HGNC:125892[3>0]
NM_181459	Ensembl.RefSeq_mRNA:135809[1];Ensembl.RefSeq_mRNA:135809[1>0]	ENSG00000135903	CURATED:196[0];HGNC.Current:24884[1];HGNC.Current:24884[1>0];Ensembl.HGNC:125892[3>0]
NM_181460	Ensembl.RefSeq_mRNA:135843[1];Ensembl.RefSeq_mRNA:135843[1>0]	ENSG00000135903	CURATED:196[0];HGNC.Current:24884[1];HGNC.Current:24884[1>0];Ensembl.HGNC:125892[3>0]
NM_181461	Ensembl.RefSeq_mRNA:135875[1];Ensembl.RefSeq_mRNA:135875[1>0]	ENSG00000135903	CURATED:196[0];HGNC.Current:24884[1];HGNC.Current:24884[1>0];Ensembl.HGNC:125892[3>0]
NM_181486	Ensembl.RefSeq_mRNA:113758[1];Ensembl.RefSeq_mRNA:113758[1>0]	ENSG00000089225	CURATED:250[0];HGNC.Current:38456[1];HGNC.Current:38456[1>0];Ensembl.HGNC:105693[3>0]
NM_181571	Ensembl.RefSeq_mRNA:182299[1];Ensembl.RefSeq_mRNA:182299[1>0]	ENSG00000095794	CURATED:25[0];HGNC.Current:5517[1];HGNC.Current:5517[1>0];Ensembl.HGNC:166924[3>0]
NM_181640	Ensembl.RefSeq_mRNA:130743[1];Ensembl.RefSeq_mRNA:130743[1>0]	ENSG00000217555	CURATED:23[0];HGNC.Current:4824[1];HGNC.Current:4824[1>0];Ensembl.HGNC:121272[3>0]
NM_181641	Ensembl.RefSeq_mRNA:130731[1];Ensembl.RefSeq_mRNA:130731[1>0]	ENSG00000217555	CURATED:23[0];HGNC.Current:4824[1];HGNC.Current:4824[1>0];Ensembl.HGNC:121272[3>0]
NM_182700	Ensembl.RefSeq_mRNA:175129[1];Ensembl.RefSeq_mRNA:175129[1>0]	ENSG00000164651	CURATED:238[0];HGNC.Current:37167[1];HGNC.Current:37167[1>0];Ensembl.HGNC:161528[3>0]
NM_182708	Ensembl.RefSeq_mRNA:286014[1];Ensembl.RefSeq_mRNA:286014[1>0]	ENSG00000164330	CURATED:36[0];HGNC.Current:7389[1];HGNC.Current:7389[1>0];Ensembl.HGNC:261467[3>0]
NM_182717	Ensembl.RefSeq_mRNA:182479[1];Ensembl.RefSeq_mRNA:182479[1>0]	ENSG00000095794	CURATED:25[0];HGNC.Current:5517[1];HGNC.Current:5517[1>0];Ensembl.HGNC:166924[3>0]
NM_182718	Ensembl.RefSeq_mRNA:182492[1];Ensembl.RefSeq_mRNA:182492[1>0]	ENSG00000095794	CURATED:25[0];HGNC.Current:5517[1];HGNC.Current:5517[1>0];Ensembl.HGNC:166924[3>0]
NM_182719	Ensembl.RefSeq_mRNA:182474[1];Ensembl.RefSeq_mRNA:182474[1>0]	ENSG00000095794	CURATED:25[0];HGNC.Current:5517[1];HGNC.Current:5517[1>0];Ensembl.HGNC:166924[3>0]
NM_182720	Ensembl.RefSeq_mRNA:182513[1];Ensembl.RefSeq_mRNA:182513[1>0]	ENSG00000095794	CURATED:25[0];HGNC.Current:5517[1];HGNC.Current:5517[1>0];Ensembl.HGNC:166924[3>0]
NM_182721	Ensembl.RefSeq_mRNA:182535[1];Ensembl.RefSeq_mRNA:182535[1>0]	ENSG00000095794	CURATED:25[0];HGNC.Current:5517[1];HGNC.Current:5517[1>0];Ensembl.HGNC:166924[3>0]
NM_182723	Ensembl.RefSeq_mRNA:182523[1];Ensembl.RefSeq_mRNA:182523[1>0]	ENSG00000095794	CURATED:25[0];HGNC.Current:5517[1];HGNC.Current:5517[1>0];Ensembl.HGNC:166924[3>0]
NM_182724	Ensembl.RefSeq_mRNA:182590[1];Ensembl.RefSeq_mRNA:182590[1>0]	ENSG00000095794	CURATED:25[0];HGNC.Current:5517[1];HGNC.Current:5517[1>0];Ensembl.HGNC:166924[3>0]
NM_182769	Ensembl.RefSeq_mRNA:182426[1];Ensembl.RefSeq_mRNA:182426[1>0]	ENSG00000095794	CURATED:25[0];HGNC.Current:5517[1];HGNC.Current:5517[1>0];Ensembl.HGNC:166924[3>0]
NM_182770	Ensembl.RefSeq_mRNA:182427[1];Ensembl.RefSeq_mRNA:182427[1>0]	ENSG00000095794	CURATED:25[0];HGNC.Current:5517[1];HGNC.Current:5517[1>0];Ensembl.HGNC:166924[3>0]
NM_182771	Ensembl.RefSeq_mRNA:182364[1];Ensembl.RefSeq_mRNA:182364[1>0]	ENSG00000095794	CURATED:25[0];HGNC.Current:5517[1];HGNC.Current:5517[1>0];Ensembl.HGNC:166924[3>0]
NM_182772	Ensembl.RefSeq_mRNA:182365[1];Ensembl.RefSeq_mRNA:182365[1>0]	ENSG00000095794	CURATED:25[0];HGNC.Current:5517[1];HGNC.Current:5517[1>0];Ensembl.HGNC:166924[3>0]
NM_182907	Ensembl.RefSeq_mRNA:30438[1];Ensembl.RefSeq_mRNA:30438[1>0]	ENSG00000057657	CURATED:204[0];HGNC.Current:26725[1];HGNC.Current:26725[1>0];Ensembl.HGNC:28303[3>0]
NM_182918	Ensembl.RefSeq_mRNA:17037[1];Ensembl.RefSeq_mRNA:17037[1>0]	ENSG00000157554	CURATED:49[0];HGNC.Current:8145[1];HGNC.Current:8145[1>0];Ensembl.HGNC:15734[3>0]
NM_183011	Ensembl.RefSeq_mRNA:181945[1];Ensembl.RefSeq_mRNA:181945[1>0]	ENSG00000095794	CURATED:25[0];HGNC.Current:5517[1];HGNC.Current:5517[1>0];Ensembl.HGNC:166924[3>0]
NM_183012	Ensembl.RefSeq_mRNA:182318[1];Ensembl.RefSeq_mRNA:182318[1>0]	ENSG00000095794	CURATED:25[0];HGNC.Current:5517[1];HGNC.Current:5517[1>0];Ensembl.HGNC:166924[3>0]
NM_183013	Ensembl.RefSeq_mRNA:182286[1];Ensembl.RefSeq_mRNA:182286[1>0]	ENSG00000095794	CURATED:25[0];HGNC.Current:5517[1];HGNC.Current:5517[1>0];Ensembl.HGNC:166924[3>0]
NM_183060	Ensembl.RefSeq_mRNA:182348[1];Ensembl.RefSeq_mRNA:182348[1>0]	ENSG00000095794	CURATED:25[0];HGNC.Current:5517[1];HGNC.Current:5517[1>0];Ensembl.HGNC:166924[3>0]
NM_198155	Ensembl.RefSeq_mRNA:27044[1];Ensembl.RefSeq_mRNA:27044[1>0]	ENSG00000160221	CURATED:90[0];HGNC.Current:11563[1];HGNC.Current:10083[8>1];HGNC.Current:10083[1];HGNC.Current:10083[1>0];Ensembl.HGNC:25032[3>0]
NM_198158	Ensembl.RefSeq_mRNA:282325[1];Ensembl.RefSeq_mRNA:282325[1>0]	ENSG00000187098	CURATED:169[0];HGNC.Current:20644[1];HGNC.Current:20644[1>0];Ensembl.HGNC:258015[3>0]
NM_198159	Ensembl.RefSeq_mRNA:282281[1];Ensembl.RefSeq_mRNA:282281[1>0]	ENSG00000187098	CURATED:169[0];HGNC.Current:20644[1];HGNC.Current:20644[1>0];Ensembl.HGNC:258015[3>0]
NM_198177	Ensembl.RefSeq_mRNA:282306[1];Ensembl.RefSeq_mRNA:282306[1>0]	ENSG00000187098	CURATED:169[0];HGNC.Current:20644[1];HGNC.Current:20644[1>0];Ensembl.HGNC:258015[3>0]
NM_198178	Ensembl.RefSeq_mRNA:282355[1];Ensembl.RefSeq_mRNA:282355[1>0]	ENSG00000187098	CURATED:169[0];HGNC.Current:20644[1];HGNC.Current:20644[1>0];Ensembl.HGNC:258015[3>0]
NM_198956	Ensembl.RefSeq_mRNA:175147[1];Ensembl.RefSeq_mRNA:175147[1>0]	ENSG00000164651	CURATED:238[0];HGNC.Current:37167[1];HGNC.Current:37167[1>0];Ensembl.HGNC:161528[3>0]
NM_199262	Ensembl.RefSeq_mRNA:283146[1];Ensembl.RefSeq_mRNA:283146[1>0]	ENSG00000189120	CURATED:237[0];HGNC.Current:37165[1];HGNC.Current:37165[1>0];Ensembl.HGNC:259036[3>0]
NM_199286	Ensembl.RefSeq_mRNA:31049[1];Ensembl.RefSeq_mRNA:31049[1>0]	ENSG00000187569	CURATED:32[0];HGNC.Current:7047[1];HGNC.Current:7047[1>0];Ensembl.HGNC:29231[3>0]
NM_201559	Ensembl.RefSeq_mRNA:54822[1];Ensembl.RefSeq_mRNA:54822[1>0]	ENSG00000118689	CURATED:71[0];HGNC.Current:9473[1];HGNC.Current:9473[1>0];Ensembl.HGNC:51505[3>0]
NM_201632	Ensembl.RefSeq_mRNA:281109[1];Ensembl.RefSeq_mRNA:281109[1>0]	ENSG00000081059	CURATED:255[0];HGNC.Current:38513[1];HGNC.Current:38513[1>0];Ensembl.HGNC:256964[3>0]
NM_201634	Ensembl.RefSeq_mRNA:281089[1];Ensembl.RefSeq_mRNA:281089[1>0]	ENSG00000081059	CURATED:255[0];HGNC.Current:38513[1];HGNC.Current:38513[1>0];Ensembl.HGNC:256964[3>0]
NM_201999	Ensembl.RefSeq_mRNA:160953[1];Ensembl.RefSeq_mRNA:160953[1>0]	ENSG00000109381	CURATED:43[0];HGNC.Current:7811[1];HGNC.Current:7811[1>0];Ensembl.HGNC:148522[3>0]
NM_206866	Ensembl.RefSeq_mRNA:2976[1];Ensembl.RefSeq_mRNA:2976[1>0]	ENSG00000156273	CURATED:10[0];HGNC.Current:2206[1];HGNC.Current:2206[1>0];Ensembl.HGNC:2711[3>0]
NM_207291	Ensembl.RefSeq_mRNA:225756[1];Ensembl.RefSeq_mRNA:225756[1>0]	ENSG00000105698	CURATED:266[0];HGNC.Current:41753[1];HGNC.Current:41753[1>0];Ensembl.HGNC:206880[3>0]
NM_213648	Ensembl.RefSeq_mRNA:281108[1];Ensembl.RefSeq_mRNA:281108[1>0]	ENSG00000081059	CURATED:255[0];HGNC.Current:38513[1];HGNC.Current:38513[1>0];Ensembl.HGNC:256964[3>0]
NM_213662	Ensembl.RefSeq_mRNA:291419[1];Ensembl.RefSeq_mRNA:291419[1>0]	ENSG00000168610	CURATED:242[0];HGNC.Current:37779[1];HGNC.Current:37779[1>0];Ensembl.HGNC:265687[3>0]
NP_000036	Ensembl.RefSeq_peptide:115467[1];Ensembl.RefSeq_peptide:115467[1>0]	ENSG00000118520	CURATED:5[0];HGNC.Current:1429[1];HGNC.Current:1429[1>0];Ensembl.HGNC:210990[3>0]
NP_000183	Ensembl.RefSeq_peptide:53943[1];Ensembl.RefSeq_peptide:53943[1>0]	ENSG00000089225	CURATED:250[0];HGNC.Current:38456[1];HGNC.Current:38456[1>0];Ensembl.HGNC:105693[3>0]
NP_000239	Ensembl.RefSeq_peptide:141456[1];Ensembl.RefSeq_peptide:141456[1>0]	ENSG00000187098	CURATED:169[0];HGNC.Current:20644[1];HGNC.Current:20644[1>0];Ensembl.HGNC:258015[3>0]
NP_000269	Ensembl.RefSeq_peptide:94495[1];Ensembl.RefSeq_peptide:94495[1>0]	ENSG00000075891	CURATED:195[0];HGNC.Current:24883[1];HGNC.Current:24883[1>0];Ensembl.HGNC:174222[3>0]
NP_000271	Ensembl.RefSeq_peptide:119766[1];Ensembl.RefSeq_peptide:119766[1>0]	ENSG00000007372	CURATED:198[0];HGNC.Current:24887[1];HGNC.Current:24887[1>0];Ensembl.HGNC:216546[3>0]
NP_000337	Ensembl.RefSeq_peptide:35523[1];Ensembl.RefSeq_peptide:35523[1>0]	ENSG00000125398	CURATED:233[0];HGNC.Current:37143[1];HGNC.Current:37143[1>0];Ensembl.HGNC:72413[3>0]
NP_000390	Ensembl.RefSeq_peptide:59250[1];Ensembl.RefSeq_peptide:59250[1>0]	ENSG00000122877	CURATED:41[0];HGNC.Current:7620[1];HGNC.Current:7620[1>0];Ensembl.HGNC:114586[3>0]
NP_000429	Ensembl.RefSeq_peptide:65814[1];Ensembl.RefSeq_peptide:65814[1>0]	ENSG00000135903	CURATED:196[0];HGNC.Current:24884[1];HGNC.Current:24884[1>0];Ensembl.HGNC:125892[3>0]
NP_000448	Ensembl.RefSeq_peptide:64978[1];Ensembl.RefSeq_peptide:64978[1>0]	ENSG00000101076	CURATED:100[0];HGNC.Current:11954[1];HGNC.Current:11954[1>0];Ensembl.HGNC:124322[3>0]
NP_000465	Ensembl.RefSeq_peptide:9920[1];Ensembl.RefSeq_peptide:9920[1>0]	ENSG00000122691	CURATED:264[0];HGNC.Current:41286[1];HGNC.Current:41286[1>0];Ensembl.HGNC:22392[3>0]
NP_000955	Ensembl.RefSeq_peptide:19952[1];Ensembl.RefSeq_peptide:19952[1>0]	ENSG00000131759	CURATED:206[0];HGNC.Current:27801[1];HGNC.Current:27801[1>0];Ensembl.HGNC:42605[3>0]
NP_000956	Ensembl.RefSeq_peptide:118495[1];Ensembl.RefSeq_peptide:118495[1>0]	ENSG00000077092	CURATED:207[0];HGNC.Current:27803[1];HGNC.Current:27803[1>0];Ensembl.HGNC:215599[3>0]
NP_000957	Ensembl.RefSeq_peptide:23044[1];Ensembl.RefSeq_peptide:23044[1>0]	ENSG00000172819	CURATED:208[0];HGNC.Current:27805[1];HGNC.Current:27805[1>0];Ensembl.HGNC:49004[3>0]
NP_001001523	Ensembl.RefSeq_peptide:146663[1];Ensembl.RefSeq_peptide:146663[1>0]	ENSG00000143365	CURATED:213[0];HGNC.Current:32139[1];HGNC.Current:32139[1>0];Ensembl.HGNC:267709[3>0]
NP_001001890	Ensembl.RefSeq_peptide:17693[1];Ensembl.RefSeq_peptide:17693[1>0]	ENSG00000159216	CURATED:214[0];HGNC.Current:34448[1];HGNC.Current:34448[1>0];Ensembl.HGNC:38975[3>0]
NP_001002295	Ensembl.RefSeq_peptide:79932[1];Ensembl.RefSeq_peptide:79932[1>0]	ENSG00000107485	CURATED:78[0];HGNC.Current:10070[1];HGNC.Current:10070[1>0];Ensembl.HGNC:149020[3>0]
NP_001003845	Ensembl.RefSeq_peptide:137565[1];Ensembl.RefSeq_peptide:137565[1>0]	ENSG00000204335	CURATED:236[0];HGNC.Current:37164[1];HGNC.Current:37164[1>0];Ensembl.HGNC:251313[3>0]
NP_001005463	Ensembl.RefSeq_peptide:47022[1];Ensembl.RefSeq_peptide:47022[1>0]	ENSG00000108001	CURATED:38[0];HGNC.Current:7391[1];HGNC.Current:7391[1>0];Ensembl.HGNC:94333[3>0]
NP_001008541	Ensembl.RefSeq_peptide:36682[1];Ensembl.RefSeq_peptide:36682[1>0]	ENSG00000119950	CURATED:174[0];HGNC.Current:21940[1];HGNC.Current:21940[1>0];Ensembl.HGNC:73472[3>0]
NP_001010926	Ensembl.RefSeq_peptide:18276[1];Ensembl.RefSeq_peptide:18276[1>0]	ENSG00000197921	CURATED:92[0];HGNC.Current:11567[1];HGNC.Current:11567[1>0];Ensembl.HGNC:39975[3>0]
NP_001010926	Ensembl.RefSeq_peptide:18276[1];Ensembl.RefSeq_peptide:36968[1>0]	ENSG00000273529	CURATED:92[0];HGNC.Current:11567[1];HGNC.Current:11567[1>0];Ensembl.HGNC:75106[3>0]
NP_001012523	Ensembl.RefSeq_peptide:110861[1];Ensembl.RefSeq_peptide:110861[1>0]	ENSG00000114861	CURATED:73[0];HGNC.Current:9478[1];HGNC.Current:9478[1>0];Ensembl.HGNC:201807[3>0]
NP_001015051	Ensembl.RefSeq_peptide:11777[1];Ensembl.RefSeq_peptide:11777[1>0]	ENSG00000124813	CURATED:215[0];HGNC.Current:34452[1];HGNC.Current:34452[1>0];Ensembl.HGNC:25880[3>0]
NP_001017371	Ensembl.RefSeq_peptide:119209[1];Ensembl.RefSeq_peptide:119209[1>0]	ENSG00000172845	CURATED:234[0];HGNC.Current:37161[1];HGNC.Current:37161[1>0];Ensembl.HGNC:217108[3>0]
NP_001018011	Ensembl.RefSeq_peptide:88474[1];Ensembl.RefSeq_peptide:88474[1>0]	ENSG00000109906	CURATED:269[0];HGNC.Current:42806[1];HGNC.Current:42806[1>0];Ensembl.HGNC:163499[3>0]
NP_001018068	Ensembl.RefSeq_peptide:30549[1];Ensembl.RefSeq_peptide:30549[1>0]	ENSG00000105967	CURATED:260[0];HGNC.Current:38728[1];HGNC.Current:38728[1>0];Ensembl.HGNC:64107[3>0]
NP_001019769	Ensembl.RefSeq_peptide:149722[1];Ensembl.RefSeq_peptide:149722[1>0]	ENSG00000173673	CURATED:91[0];HGNC.Current:11565[1];HGNC.Current:11565[1>0];Ensembl.HGNC:274092[3>0]
NP_001019801	Ensembl.RefSeq_peptide:11731[1];Ensembl.RefSeq_peptide:11731[1>0]	ENSG00000124813	CURATED:215[0];HGNC.Current:34452[1];HGNC.Current:34452[1>0];Ensembl.HGNC:25880[3>0]
NP_001019980	Ensembl.RefSeq_peptide:19978[1];Ensembl.RefSeq_peptide:19978[1>0]	ENSG00000131759	CURATED:206[0];HGNC.Current:27801[1];HGNC.Current:27801[1>0];Ensembl.HGNC:42605[3>0]
NP_001025174	Ensembl.RefSeq_peptide:64972[1];Ensembl.RefSeq_peptide:64972[1>0]	ENSG00000101076	CURATED:100[0];HGNC.Current:11954[1];HGNC.Current:11954[1>0];Ensembl.HGNC:124322[3>0]
NP_001025175	Ensembl.RefSeq_peptide:64966[1];Ensembl.RefSeq_peptide:64966[1>0]	ENSG00000101076	CURATED:100[0];HGNC.Current:11954[1];HGNC.Current:11954[1>0];Ensembl.HGNC:124322[3>0]
NP_001026850	Ensembl.RefSeq_peptide:149396[1];Ensembl.RefSeq_peptide:149396[1>0]	ENSG00000020633	CURATED:216[0];HGNC.Current:34454[1];HGNC.Current:34454[1>0];Ensembl.HGNC:273507[3>0]
NP_001026974	Ensembl.RefSeq_peptide:15582[1];Ensembl.RefSeq_peptide:15582[1>0]	ENSG00000178573	CURATED:158[0];HGNC.Current:17873[1];HGNC.Current:17873[1>0];Ensembl.HGNC:34664[3>0]
NP_001027451	Ensembl.RefSeq_peptide:52453[1];Ensembl.RefSeq_peptide:52453[1>0]	ENSG00000137203	CURATED:256[0];HGNC.Current:38706[1];HGNC.Current:38706[1>0];Ensembl.HGNC:103510[3>0]
NP_001027453	Ensembl.RefSeq_peptide:55093[1];Ensembl.RefSeq_peptide:55093[1>0]	ENSG00000155090	CURATED:140[0];HGNC.Current:14142[1];HGNC.Current:14142[1>0];Ensembl.HGNC:107950[3>0]
NP_001035091	Ensembl.RefSeq_peptide:136664[1];Ensembl.RefSeq_peptide:136664[1>0]	ENSG00000005102	CURATED:166[0];HGNC.Current:18417[1];HGNC.Current:18417[1>0];Ensembl.HGNC:249646[3>0]
NP_001035228	Ensembl.RefSeq_peptide:62878[1];Ensembl.RefSeq_peptide:62878[1>0]	ENSG00000217555	CURATED:23[0];HGNC.Current:4824[1];HGNC.Current:4824[1>0];Ensembl.HGNC:121272[3>0]
NP_001035890	Ensembl.RefSeq_peptide:52504[1];Ensembl.RefSeq_peptide:52504[1>0]	ENSG00000137203	CURATED:256[0];HGNC.Current:38706[1];HGNC.Current:38706[1>0];Ensembl.HGNC:103510[3>0]
NP_001035948	Ensembl.RefSeq_peptide:67845[1];Ensembl.RefSeq_peptide:67845[1>0]	ENSG00000176046	CURATED:191[0];HGNC.Current:23426[1];HGNC.Current:23426[1>0];Ensembl.HGNC:129412[3>0]
NP_001035975	Ensembl.RefSeq_peptide:12076[1];Ensembl.RefSeq_peptide:12076[1>0]	ENSG00000120963	CURATED:277[0];HGNC.Current:43605[1];HGNC.Current:43605[1>0];Ensembl.HGNC:26769[3>0]
NP_001036193	Ensembl.RefSeq_peptide:23056[1];Ensembl.RefSeq_peptide:23056[1>0]	ENSG00000172819	CURATED:208[0];HGNC.Current:27805[1];HGNC.Current:27805[1>0];Ensembl.HGNC:49004[3>0]
NP_001072994	Ensembl.RefSeq_peptide:149693[1];Ensembl.RefSeq_peptide:149693[1>0]	ENSG00000030419	CURATED:126[0];HGNC.Current:13182[1];HGNC.Current:13182[1>0];Ensembl.HGNC:273958[3>0]
NP_001073007	Ensembl.RefSeq_peptide:51795[1];Ensembl.RefSeq_peptide:51795[1>0]	ENSG00000100219	CURATED:268[0];HGNC.Current:42573[1];HGNC.Current:42573[1>0];Ensembl.HGNC:102325[3>0]
NP_001073885	Ensembl.RefSeq_peptide:59140[1];Ensembl.RefSeq_peptide:59140[1>0]	ENSG00000185697	CURATED:176[0];HGNC.Current:21954[1];HGNC.Current:21954[1>0];Ensembl.HGNC:114079[3>0]
NP_001074016	Ensembl.RefSeq_peptide:139912[1];Ensembl.RefSeq_peptide:139912[1>0]	ENSG00000066336	CURATED:239[0];HGNC.Current:37337[1];HGNC.Current:37337[1>0];Ensembl.HGNC:255480[3>0]
NP_001077431	Ensembl.RefSeq_peptide:7677[1];Ensembl.RefSeq_peptide:7677[1>0]	ENSG00000196628	CURATED:254[0];HGNC.Current:38510[1];HGNC.Current:38510[1>0];Ensembl.HGNC:12536[3>0]
NP_001091679	Ensembl.RefSeq_peptide:144848[1];Ensembl.RefSeq_peptide:144848[1>0]	ENSG00000168036	CURATED:26[0];HGNC.Current:5816[1];HGNC.Current:5816[1>0];Ensembl.HGNC:263315[3>0]
NP_001091680	Ensembl.RefSeq_peptide:144810[1];Ensembl.RefSeq_peptide:144810[1>0]	ENSG00000168036	CURATED:26[0];HGNC.Current:5816[1];HGNC.Current:5816[1>0];Ensembl.HGNC:263315[3>0]
NP_001098662	Ensembl.RefSeq_peptide:74090[1];Ensembl.RefSeq_peptide:74090[1>0]	ENSG00000140332	CURATED:261[0];HGNC.Current:38963[1];HGNC.Current:38963[1>0];Ensembl.HGNC:135860[3>0]
NP_001103984	Ensembl.RefSeq_peptide:60462[1];Ensembl.RefSeq_peptide:60462[1>0]	ENSG00000088881	CURATED:39[0];HGNC.Current:7393[1];HGNC.Current:7393[1>0];Ensembl.HGNC:116723[3>0]
NP_001106649	Ensembl.RefSeq_peptide:109904[1];Ensembl.RefSeq_peptide:109904[1>0]	ENSG00000102908	CURATED:179[0];HGNC.Current:22649[1];HGNC.Current:22649[1>0];Ensembl.HGNC:201339[3>0]
NP_001107643	Ensembl.RefSeq_peptide:130207[1];Ensembl.RefSeq_peptide:130207[1>0]	ENSG00000125740	CURATED:58[0];HGNC.Current:9415[1];HGNC.Current:9415[1>0];Ensembl.HGNC:236716[3>0]
NP_001107849	Ensembl.RefSeq_peptide:79875[1];Ensembl.RefSeq_peptide:79875[1>0]	ENSG00000049768	CURATED:74[0];HGNC.Current:9483[1];HGNC.Current:9483[1>0];Ensembl.HGNC:148487[3>0]
NP_001116079	Ensembl.RefSeq_peptide:17713[1];Ensembl.RefSeq_peptide:17713[1>0]	ENSG00000159216	CURATED:214[0];HGNC.Current:34448[1];HGNC.Current:34448[1>0];Ensembl.HGNC:38975[3>0]
NP_001120687	Ensembl.RefSeq_peptide:145214[1];Ensembl.RefSeq_peptide:145214[1>0]	ENSG00000162676	CURATED:83[0];HGNC.Current:10204[1];HGNC.Current:10204[1>0];Ensembl.HGNC:265092[3>0]
NP_001120688	Ensembl.RefSeq_peptide:145215[1];Ensembl.RefSeq_peptide:145215[1>0]	ENSG00000162676	CURATED:83[0];HGNC.Current:10204[1];HGNC.Current:10204[1>0];Ensembl.HGNC:265092[3>0]
NP_001120838	Ensembl.RefSeq_peptide:65780[1];Ensembl.RefSeq_peptide:65780[1>0]	ENSG00000135903	CURATED:196[0];HGNC.Current:24884[1];HGNC.Current:24884[1>0];Ensembl.HGNC:125892[3>0]
NP_001121084	Ensembl.RefSeq_peptide:119797[1];Ensembl.RefSeq_peptide:119797[1>0]	ENSG00000007372	CURATED:198[0];HGNC.Current:24887[1];HGNC.Current:24887[1>0];Ensembl.HGNC:216546[3>0]
NP_001121600	Ensembl.RefSeq_peptide:46525[1];Ensembl.RefSeq_peptide:46525[1>0]	ENSG00000148516	CURATED:271[0];HGNC.Current:42924[1];HGNC.Current:42924[1>0];Ensembl.HGNC:92740[3>0]
NP_001123644	Ensembl.RefSeq_peptide:124392[1];Ensembl.RefSeq_peptide:124392[1>0]	ENSG00000118513	CURATED:175[0];HGNC.Current:21951[1];HGNC.Current:21951[1>0];Ensembl.HGNC:222938[3>0]
NP_001123645	Ensembl.RefSeq_peptide:124390[1];Ensembl.RefSeq_peptide:124390[1>0]	ENSG00000118513	CURATED:175[0];HGNC.Current:21951[1];HGNC.Current:21951[1>0];Ensembl.HGNC:222938[3>0]
NP_001124185	Ensembl.RefSeq_peptide:59414[1];Ensembl.RefSeq_peptide:59414[1>0]	ENSG00000138795	CURATED:150[0];HGNC.Current:14850[1];HGNC.Current:14850[1>0];Ensembl.HGNC:114307[3>0]
NP_001124186	Ensembl.RefSeq_peptide:59278[1];Ensembl.RefSeq_peptide:59278[1>0]	ENSG00000138795	CURATED:150[0];HGNC.Current:14850[1];HGNC.Current:14850[1>0];Ensembl.HGNC:114307[3>0]
NP_001124398	Ensembl.RefSeq_peptide:95582[1];Ensembl.RefSeq_peptide:95582[1>0]	ENSG00000068305	CURATED:161[0];HGNC.Current:18376[1];HGNC.Current:18376[1>0];Ensembl.HGNC:175896[3>0]
NP_001124399	Ensembl.RefSeq_peptide:95516[1];Ensembl.RefSeq_peptide:95516[1>0]	ENSG00000068305	CURATED:161[0];HGNC.Current:18376[1];HGNC.Current:18376[1>0];Ensembl.HGNC:175896[3>0]
NP_001124400	Ensembl.RefSeq_peptide:95577[1];Ensembl.RefSeq_peptide:95577[1>0]	ENSG00000068305	CURATED:161[0];HGNC.Current:18376[1];HGNC.Current:18376[1>0];Ensembl.HGNC:175896[3>0]
NP_001124477	Ensembl.RefSeq_peptide:142299[1];Ensembl.RefSeq_peptide:142299[1>0]	ENSG00000081189	CURATED:162[0];HGNC.Current:18379[1];HGNC.Current:18379[1>0];Ensembl.HGNC:259555[3>0]
NP_001124482	Ensembl.RefSeq_peptide:130937[1];Ensembl.RefSeq_peptide:130937[1>0]	ENSG00000182568	CURATED:220[0];HGNC.Current:34631[1];HGNC.Current:34631[1>0];Ensembl.HGNC:237609[3>0]
NP_001127694	Ensembl.RefSeq_peptide:117964[1];Ensembl.RefSeq_peptide:117964[1>0]	ENSG00000170561	CURATED:132[0];HGNC.Current:13518[1];HGNC.Current:13518[1>0];Ensembl.HGNC:215180[3>0]
NP_001127934	Ensembl.RefSeq_peptide:148710[1];Ensembl.RefSeq_peptide:148710[1>0]	ENSG00000214513	CURATED:188[0];HGNC.Current:22989[1];HGNC.Current:22989[1>0];Ensembl.HGNC:272078[3>0]
NP_001128145	Ensembl.RefSeq_peptide:148090[1];Ensembl.RefSeq_peptide:148090[1>0]	ENSG00000162599	CURATED:183[0];HGNC.Current:22664[1];HGNC.Current:22664[1>0];Ensembl.HGNC:270168[3>0]
NP_001128323	Ensembl.RefSeq_peptide:140791[1];Ensembl.RefSeq_peptide:140791[1>0]	ENSG00000081059	CURATED:255[0];HGNC.Current:38513[1];HGNC.Current:38513[1>0];Ensembl.HGNC:256964[3>0]
NP_001128503	Ensembl.RefSeq_peptide:43605[1];Ensembl.RefSeq_peptide:43605[1>0]	ENSG00000165702	CURATED:84[0];HGNC.Current:10205[1];HGNC.Current:10205[1>0];Ensembl.HGNC:87544[3>0]
NP_001129495	Ensembl.RefSeq_peptide:88198[1];Ensembl.RefSeq_peptide:88198[1>0]	ENSG00000123405	CURATED:181[0];HGNC.Current:22656[1];HGNC.Current:22656[1>0];Ensembl.HGNC:162846[3>0]
NP_001129611	Ensembl.RefSeq_peptide:123028[1];Ensembl.RefSeq_peptide:123028[1>0]	ENSG00000071564	CURATED:253[0];HGNC.Current:38508[1];HGNC.Current:38508[1>0];Ensembl.HGNC:224257[3>0]
NP_001129626	Ensembl.RefSeq_peptide:6945[1];Ensembl.RefSeq_peptide:6945[1>0]	ENSG00000157554	CURATED:49[0];HGNC.Current:8145[1];HGNC.Current:8145[1>0];Ensembl.HGNC:15734[3>0]
NP_001129627	Ensembl.RefSeq_peptide:6954[1];Ensembl.RefSeq_peptide:6954[1>0]	ENSG00000157554	CURATED:49[0];HGNC.Current:8145[1];HGNC.Current:8145[1>0];Ensembl.HGNC:15734[3>0]
NP_001129649	Ensembl.RefSeq_peptide:59253[1];Ensembl.RefSeq_peptide:59253[1>0]	ENSG00000122877	CURATED:41[0];HGNC.Current:7620[1];HGNC.Current:7620[1>0];Ensembl.HGNC:114586[3>0]
NP_001129650	Ensembl.RefSeq_peptide:59252[1];Ensembl.RefSeq_peptide:59252[1>0]	ENSG00000122877	CURATED:41[0];HGNC.Current:7620[1];HGNC.Current:7620[1>0];Ensembl.HGNC:114586[3>0]
NP_001129651	Ensembl.RefSeq_peptide:59255[1];Ensembl.RefSeq_peptide:59255[1>0]	ENSG00000122877	CURATED:41[0];HGNC.Current:7620[1];HGNC.Current:7620[1>0];Ensembl.HGNC:114586[3>0]
NP_001135787	Ensembl.RefSeq_peptide:131195[1];Ensembl.RefSeq_peptide:131195[1>0]	ENSG00000135363	CURATED:153[0];HGNC.Current:17420[1];HGNC.Current:17420[1>0];Ensembl.HGNC:238384[3>0]
NP_001135788	Ensembl.RefSeq_peptide:131196[1];Ensembl.RefSeq_peptide:131196[1>0]	ENSG00000135363	CURATED:153[0];HGNC.Current:17420[1];HGNC.Current:17420[1>0];Ensembl.HGNC:238384[3>0]
NP_001136325	Ensembl.RefSeq_peptide:62407[1];Ensembl.RefSeq_peptide:62407[1>0]	ENSG00000144485	CURATED:93[0];HGNC.Current:11568[1];HGNC.Current:11568[1>0];Ensembl.HGNC:120592[3>0]
NP_001137292	Ensembl.RefSeq_peptide:132427[1];Ensembl.RefSeq_peptide:132427[1>0]	ENSG00000134954	CURATED:50[0];HGNC.Current:8351[1];HGNC.Current:8351[1>0];Ensembl.HGNC:242014[3>0]
NP_001138227	Ensembl.RefSeq_peptide:59160[1];Ensembl.RefSeq_peptide:59160[1>0]	ENSG00000185697	CURATED:176[0];HGNC.Current:21954[1];HGNC.Current:21954[1>0];Ensembl.HGNC:114079[3>0]
NP_001138627	Ensembl.RefSeq_peptide:22094[1];Ensembl.RefSeq_peptide:22094[1>0]	ENSG00000185551	CURATED:190[0];HGNC.Current:23168[1];HGNC.Current:23168[1>0];Ensembl.HGNC:47561[3>0]
NP_001138628	Ensembl.RefSeq_peptide:22137[1];Ensembl.RefSeq_peptide:22137[1>0]	ENSG00000185551	CURATED:190[0];HGNC.Current:23168[1];HGNC.Current:23168[1>0];Ensembl.HGNC:47561[3>0]
NP_001138629	Ensembl.RefSeq_peptide:22135[1];Ensembl.RefSeq_peptide:22135[1>0]	ENSG00000185551	CURATED:190[0];HGNC.Current:23168[1];HGNC.Current:23168[1>0];Ensembl.HGNC:47561[3>0]
NP_001138773	Ensembl.RefSeq_peptide:19955[1];Ensembl.RefSeq_peptide:19955[1>0]	ENSG00000131759	CURATED:206[0];HGNC.Current:27801[1];HGNC.Current:27801[1>0];Ensembl.HGNC:42605[3>0]
NP_001138774	Ensembl.RefSeq_peptide:19956[1];Ensembl.RefSeq_peptide:19956[1>0]	ENSG00000131759	CURATED:206[0];HGNC.Current:27801[1];HGNC.Current:27801[1>0];Ensembl.HGNC:42605[3>0]
NP_001138825	Ensembl.RefSeq_peptide:1110[1];Ensembl.RefSeq_peptide:1110[1>0]	ENSG00000120690	CURATED:42[0];HGNC.Current:7810[1];HGNC.Current:7810[1>0];Ensembl.HGNC:2739[3>0]
NP_001138884	Ensembl.RefSeq_peptide:143040[1];Ensembl.RefSeq_peptide:143040[1>0]	ENSG00000116044	CURATED:182[0];HGNC.Current:22659[1];HGNC.Current:22659[1>0];Ensembl.HGNC:260805[3>0]
NP_001138885	Ensembl.RefSeq_peptide:143048[1];Ensembl.RefSeq_peptide:143048[1>0]	ENSG00000116044	CURATED:182[0];HGNC.Current:22659[1];HGNC.Current:22659[1>0];Ensembl.HGNC:260805[3>0]
NP_001138931	Ensembl.RefSeq_peptide:117441[1];Ensembl.RefSeq_peptide:117441[1>0]	ENSG00000171476	CURATED:101[0];HGNC.Current:12128[1];HGNC.Current:12128[1>0];Ensembl.HGNC:214506[3>0]
NP_001138932	Ensembl.RefSeq_peptide:117416[1];Ensembl.RefSeq_peptide:117416[1>0]	ENSG00000171476	CURATED:101[0];HGNC.Current:12128[1];HGNC.Current:12128[1>0];Ensembl.HGNC:214506[3>0]
NP_001138983	Ensembl.RefSeq_peptide:148079[1];Ensembl.RefSeq_peptide:148079[1>0]	ENSG00000162599	CURATED:183[0];HGNC.Current:22664[1];HGNC.Current:22664[1>0];Ensembl.HGNC:270168[3>0]
NP_001138984	Ensembl.RefSeq_peptide:148081[1];Ensembl.RefSeq_peptide:148081[1>0]	ENSG00000162599	CURATED:183[0];HGNC.Current:22664[1];HGNC.Current:22664[1>0];Ensembl.HGNC:270168[3>0]
NP_001139133	Ensembl.RefSeq_peptide:140920[1];Ensembl.RefSeq_peptide:140920[1>0]	ENSG00000179348	CURATED:77[0];HGNC.Current:10068[1];HGNC.Current:10068[1>0];Ensembl.HGNC:257262[3>0]
NP_001139134	Ensembl.RefSeq_peptide:140925[1];Ensembl.RefSeq_peptide:140925[1>0]	ENSG00000179348	CURATED:77[0];HGNC.Current:10068[1];HGNC.Current:10068[1>0];Ensembl.HGNC:257262[3>0]
NP_001139283	Ensembl.RefSeq_peptide:103083[1];Ensembl.RefSeq_peptide:103083[1>0]	ENSG00000110693	CURATED:231[0];HGNC.Current:37140[1];HGNC.Current:37140[1>0];Ensembl.HGNC:188565[3>0]
NP_001139291	Ensembl.RefSeq_peptide:103089[1];Ensembl.RefSeq_peptide:103089[1>0]	ENSG00000110693	CURATED:231[0];HGNC.Current:37140[1];HGNC.Current:37140[1>0];Ensembl.HGNC:188565[3>0]
NP_001139746	Ensembl.RefSeq_peptide:84066[1];Ensembl.RefSeq_peptide:84066[1>0]	ENSG00000148737	CURATED:254[0];HGNC.Current:38510[1];HGNC.Current:38516[10>1];HGNC.Current:38516[1];HGNC.Current:38516[1>0];Ensembl.HGNC:152776[3>0]
NP_001139755	Ensembl.RefSeq_peptide:84132[1];Ensembl.RefSeq_peptide:84132[1>0]	ENSG00000148737	CURATED:254[0];HGNC.Current:38510[1];HGNC.Current:38516[10>1];HGNC.Current:38516[1];HGNC.Current:38516[1>0];Ensembl.HGNC:152776[3>0]
NP_001139756	Ensembl.RefSeq_peptide:84233[1];Ensembl.RefSeq_peptide:84233[1>0]	ENSG00000148737	CURATED:254[0];HGNC.Current:38510[1];HGNC.Current:38516[10>1];HGNC.Current:38516[1];HGNC.Current:38516[1>0];Ensembl.HGNC:152776[3>0]
NP_001139757	Ensembl.RefSeq_peptide:84071[1];Ensembl.RefSeq_peptide:84071[1>0]	ENSG00000148737	CURATED:254[0];HGNC.Current:38510[1];HGNC.Current:38516[10>1];HGNC.Current:38516[1];HGNC.Current:38516[1>0];Ensembl.HGNC:152776[3>0]
NP_001139758	Ensembl.RefSeq_peptide:84131[1];Ensembl.RefSeq_peptide:84131[1>0]	ENSG00000148737	CURATED:254[0];HGNC.Current:38510[1];HGNC.Current:38516[10>1];HGNC.Current:38516[1];HGNC.Current:38516[1>0];Ensembl.HGNC:152776[3>0]
NP_001139812	Ensembl.RefSeq_peptide:19337[1];Ensembl.RefSeq_peptide:19337[1>0]	ENSG00000229544	CURATED:186[0];HGNC.Current:22804[1];HGNC.Current:22804[1>0];Ensembl.HGNC:41996[3>0]
NP_001152768	Ensembl.RefSeq_peptide:7415[1];Ensembl.RefSeq_peptide:7415[1>0]	ENSG00000102349	CURATED:148[0];HGNC.Current:14138[1];HGNC.Current:14138[1>0];Ensembl.HGNC:17096[3>0]
NP_001153596	Ensembl.RefSeq_peptide:4042[1];Ensembl.RefSeq_peptide:4042[1>0]	ENSG00000067082	CURATED:146[0];HGNC.Current:14134[1];HGNC.Current:14134[1>0];Ensembl.HGNC:9725[3>0]
NP_001153597	Ensembl.RefSeq_peptide:4048[1];Ensembl.RefSeq_peptide:4048[1>0]	ENSG00000067082	CURATED:146[0];HGNC.Current:14134[1];HGNC.Current:14134[1>0];Ensembl.HGNC:9725[3>0]
NP_001155128	Ensembl.RefSeq_peptide:125088[1];Ensembl.RefSeq_peptide:125088[1>0]	ENSG00000118513	CURATED:175[0];HGNC.Current:21951[1];HGNC.Current:21951[1>0];Ensembl.HGNC:222938[3>0]
NP_001155129	Ensembl.RefSeq_peptide:124999[1];Ensembl.RefSeq_peptide:124999[1>0]	ENSG00000118513	CURATED:175[0];HGNC.Current:21951[1];HGNC.Current:21951[1>0];Ensembl.HGNC:222938[3>0]
NP_001155130	Ensembl.RefSeq_peptide:125105[1];Ensembl.RefSeq_peptide:125105[1>0]	ENSG00000118513	CURATED:175[0];HGNC.Current:21951[1];HGNC.Current:21951[1>0];Ensembl.HGNC:222938[3>0]
NP_001155131	Ensembl.RefSeq_peptide:125102[1];Ensembl.RefSeq_peptide:125102[1>0]	ENSG00000118513	CURATED:175[0];HGNC.Current:21951[1];HGNC.Current:21951[1>0];Ensembl.HGNC:222938[3>0]
NP_001155132	Ensembl.RefSeq_peptide:125100[1];Ensembl.RefSeq_peptide:125100[1>0]	ENSG00000118513	CURATED:175[0];HGNC.Current:21951[1];HGNC.Current:21951[1>0];Ensembl.HGNC:222938[3>0]
NP_001155894	Ensembl.RefSeq_peptide:132390[1];Ensembl.RefSeq_peptide:132390[1>0]	ENSG00000134954	CURATED:50[0];HGNC.Current:8351[1];HGNC.Current:8351[1>0];Ensembl.HGNC:242014[3>0]
NP_001157814	Ensembl.RefSeq_peptide:133880[1];Ensembl.RefSeq_peptide:133880[1>0]	ENSG00000181722	CURATED:270[0];HGNC.Current:42809[1];HGNC.Current:42809[1>0];Ensembl.HGNC:244837[3>0]
NP_001157815	Ensembl.RefSeq_peptide:133857[1];Ensembl.RefSeq_peptide:133857[1>0]	ENSG00000181722	CURATED:270[0];HGNC.Current:42809[1];HGNC.Current:42809[1>0];Ensembl.HGNC:244837[3>0]
NP_001157816	Ensembl.RefSeq_peptide:133876[1];Ensembl.RefSeq_peptide:133876[1>0]	ENSG00000181722	CURATED:270[0];HGNC.Current:42809[1];HGNC.Current:42809[1>0];Ensembl.HGNC:244837[3>0]
NP_001157817	Ensembl.RefSeq_peptide:133867[1];Ensembl.RefSeq_peptide:133867[1>0]	ENSG00000181722	CURATED:270[0];HGNC.Current:42809[1];HGNC.Current:42809[1>0];Ensembl.HGNC:244837[3>0]
NP_001157818	Ensembl.RefSeq_peptide:133864[1];Ensembl.RefSeq_peptide:133864[1>0]	ENSG00000181722	CURATED:270[0];HGNC.Current:42809[1];HGNC.Current:42809[1>0];Ensembl.HGNC:244837[3>0]
NP_001157819	Ensembl.RefSeq_peptide:133865[1];Ensembl.RefSeq_peptide:133865[1>0]	ENSG00000181722	CURATED:270[0];HGNC.Current:42809[1];HGNC.Current:42809[1>0];Ensembl.HGNC:244837[3>0]
NP_001158238	Ensembl.RefSeq_peptide:19843[1];Ensembl.RefSeq_peptide:19843[1>0]	ENSG00000140836	CURATED:273[0];HGNC.Current:42949[1];HGNC.Current:42949[1>0];Ensembl.HGNC:42920[3>0]
NP_001158884	Ensembl.RefSeq_peptide:88255[1];Ensembl.RefSeq_peptide:88255[1>0]	ENSG00000109320	CURATED:184[0];HGNC.Current:22673[1];HGNC.Current:22673[1>0];Ensembl.HGNC:162880[3>0]
NP_001159439	Ensembl.RefSeq_peptide:41515[1];Ensembl.RefSeq_peptide:41515[1>0]	ENSG00000179111	CURATED:94[0];HGNC.Current:11569[1];HGNC.Current:11569[1>0];Ensembl.HGNC:83428[3>0]
NP_001159591	Ensembl.RefSeq_peptide:59429[1];Ensembl.RefSeq_peptide:59429[1>0]	ENSG00000138795	CURATED:150[0];HGNC.Current:14850[1];HGNC.Current:14850[1>0];Ensembl.HGNC:114307[3>0]
NP_001159647	Ensembl.RefSeq_peptide:101751[1];Ensembl.RefSeq_peptide:101751[1>0]	ENSG00000183072	CURATED:187[0];HGNC.Current:22811[1];HGNC.Current:22811[1>0];Ensembl.HGNC:186032[3>0]
NP_001159648	Ensembl.RefSeq_peptide:101754[1];Ensembl.RefSeq_peptide:101754[1>0]	ENSG00000183072	CURATED:187[0];HGNC.Current:22811[1];HGNC.Current:22811[1>0];Ensembl.HGNC:186032[3>0]
NP_001161153	Ensembl.RefSeq_peptide:125277[1];Ensembl.RefSeq_peptide:125277[1>0]	ENSG00000151702	CURATED:56[0];HGNC.Current:9325[1];HGNC.Current:9325[1>0];Ensembl.HGNC:228559[3>0]
NP_001164402	Ensembl.RefSeq_peptide:24060[1];Ensembl.RefSeq_peptide:24060[1>0]	ENSG00000184481	CURATED:72[0];HGNC.Current:9475[1];HGNC.Current:9475[1>0];Ensembl.HGNC:51809[3>0]
NP_001165124	Ensembl.RefSeq_peptide:130536[1];Ensembl.RefSeq_peptide:130536[1>0]	ENSG00000169554	CURATED:272[0];HGNC.Current:42926[1];HGNC.Current:42926[1>0];Ensembl.HGNC:236783[3>0]
NP_001165365	Ensembl.RefSeq_peptide:95535[1];Ensembl.RefSeq_peptide:95535[1>0]	ENSG00000068305	CURATED:161[0];HGNC.Current:18376[1];HGNC.Current:18376[1>0];Ensembl.HGNC:175896[3>0]
NP_001166183	Ensembl.RefSeq_peptide:119207[1];Ensembl.RefSeq_peptide:119207[1>0]	ENSG00000172845	CURATED:234[0];HGNC.Current:37161[1];HGNC.Current:37161[1>0];Ensembl.HGNC:217108[3>0]
NP_001167540	Ensembl.RefSeq_peptide:47735[1];Ensembl.RefSeq_peptide:47735[1>0]	ENSG00000162761	CURATED:155[0];HGNC.Current:17432[1];HGNC.Current:17432[1>0];Ensembl.HGNC:95877[3>0]
NP_001167564	Ensembl.RefSeq_peptide:46489[1];Ensembl.RefSeq_peptide:46489[1>0]	ENSG00000148516	CURATED:271[0];HGNC.Current:42924[1];HGNC.Current:42924[1>0];Ensembl.HGNC:92740[3>0]
NP_001167565	Ensembl.RefSeq_peptide:46520[1];Ensembl.RefSeq_peptide:46520[1>0]	ENSG00000148516	CURATED:271[0];HGNC.Current:42924[1];HGNC.Current:42924[1>0];Ensembl.HGNC:92740[3>0]
NP_001167566	Ensembl.RefSeq_peptide:46508[1];Ensembl.RefSeq_peptide:46508[1>0]	ENSG00000148516	CURATED:271[0];HGNC.Current:42924[1];HGNC.Current:42924[1>0];Ensembl.HGNC:92740[3>0]
NP_001167567	Ensembl.RefSeq_peptide:46502[1];Ensembl.RefSeq_peptide:46502[1>0]	ENSG00000148516	CURATED:271[0];HGNC.Current:42924[1];HGNC.Current:42924[1>0];Ensembl.HGNC:92740[3>0]
NP_001167617	Ensembl.RefSeq_peptide:8964[1];Ensembl.RefSeq_peptide:8964[1>0]	ENSG00000136944	CURATED:156[0];HGNC.Current:17435[1];HGNC.Current:17435[1>0];Ensembl.HGNC:20365[3>0]
NP_001167618	Ensembl.RefSeq_peptide:8957[1];Ensembl.RefSeq_peptide:8957[1>0]	ENSG00000136944	CURATED:156[0];HGNC.Current:17435[1];HGNC.Current:17435[1>0];Ensembl.HGNC:20365[3>0]
NP_001171609	Ensembl.RefSeq_peptide:63483[1];Ensembl.RefSeq_peptide:63483[1>0]	ENSG00000114126	CURATED:259[0];HGNC.Current:38724[1];HGNC.Current:38724[1>0];Ensembl.HGNC:121918[3>0]
NP_001171610	Ensembl.RefSeq_peptide:63383[1];Ensembl.RefSeq_peptide:63383[1>0]	ENSG00000114126	CURATED:259[0];HGNC.Current:38724[1];HGNC.Current:38724[1>0];Ensembl.HGNC:121918[3>0]
NP_001171611	Ensembl.RefSeq_peptide:63557[1];Ensembl.RefSeq_peptide:63557[1>0]	ENSG00000114126	CURATED:259[0];HGNC.Current:38724[1];HGNC.Current:38724[1>0];Ensembl.HGNC:121918[3>0]
NP_001171612	Ensembl.RefSeq_peptide:63464[1];Ensembl.RefSeq_peptide:63464[1>0]	ENSG00000114126	CURATED:259[0];HGNC.Current:38724[1];HGNC.Current:38724[1>0];Ensembl.HGNC:121918[3>0]
NP_001171613	Ensembl.RefSeq_peptide:63450[1];Ensembl.RefSeq_peptide:63450[1>0]	ENSG00000114126	CURATED:259[0];HGNC.Current:38724[1];HGNC.Current:38724[1>0];Ensembl.HGNC:121918[3>0]
NP_001171896	Ensembl.RefSeq_peptide:141418[1];Ensembl.RefSeq_peptide:141418[1>0]	ENSG00000187098	CURATED:169[0];HGNC.Current:20644[1];HGNC.Current:20644[1>0];Ensembl.HGNC:258015[3>0]
NP_001171897	Ensembl.RefSeq_peptide:141464[1];Ensembl.RefSeq_peptide:141464[1>0]	ENSG00000187098	CURATED:169[0];HGNC.Current:20644[1];HGNC.Current:20644[1>0];Ensembl.HGNC:258015[3>0]
NP_001177	Ensembl.RefSeq_peptide:1094[1];Ensembl.RefSeq_peptide:1094[1>0]	ENSG00000156273	CURATED:10[0];HGNC.Current:2206[1];HGNC.Current:2206[1>0];Ensembl.HGNC:2711[3>0]
NP_001180276	Ensembl.RefSeq_peptide:142298[1];Ensembl.RefSeq_peptide:142298[1>0]	ENSG00000081189	CURATED:162[0];HGNC.Current:18379[1];HGNC.Current:18379[1>0];Ensembl.HGNC:259555[3>0]
NP_001180277	Ensembl.RefSeq_peptide:142351[1];Ensembl.RefSeq_peptide:142351[1>0]	ENSG00000081189	CURATED:162[0];HGNC.Current:18379[1];HGNC.Current:18379[1>0];Ensembl.HGNC:259555[3>0]
NP_001180278	Ensembl.RefSeq_peptide:142349[1];Ensembl.RefSeq_peptide:142349[1>0]	ENSG00000081189	CURATED:162[0];HGNC.Current:18379[1];HGNC.Current:18379[1>0];Ensembl.HGNC:259555[3>0]
NP_001180279	Ensembl.RefSeq_peptide:142285[1];Ensembl.RefSeq_peptide:142285[1>0]	ENSG00000081189	CURATED:162[0];HGNC.Current:18379[1];HGNC.Current:18379[1>0];Ensembl.HGNC:259555[3>0]
NP_001180437	Ensembl.RefSeq_peptide:37476[1];Ensembl.RefSeq_peptide:37476[1>0]	ENSG00000084093	CURATED:210[0];HGNC.Current:28171[1];HGNC.Current:28171[1>0];Ensembl.HGNC:75638[3>0]
NP_001182215	Ensembl.RefSeq_peptide:93714[1];Ensembl.RefSeq_peptide:93714[1>0]	ENSG00000137265	CURATED:129[0];HGNC.Current:13501[1];HGNC.Current:13501[1>0];Ensembl.HGNC:172659[3>0]
NP_001182399	Ensembl.RefSeq_peptide:130936[1];Ensembl.RefSeq_peptide:130936[1>0]	ENSG00000182568	CURATED:220[0];HGNC.Current:34631[1];HGNC.Current:34631[1>0];Ensembl.HGNC:237609[3>0]
NP_001182492	Ensembl.RefSeq_peptide:150247[1];Ensembl.RefSeq_peptide:150247[1>0]	ENSG00000171735	CURATED:14[0];HGNC.Current:3339[1];HGNC.Current:3339[1>0];Ensembl.HGNC:275261[3>0]
NP_001185454	Ensembl.RefSeq_peptide:84229[1];Ensembl.RefSeq_peptide:84229[1>0]	ENSG00000148737	CURATED:254[0];HGNC.Current:38510[1];HGNC.Current:38516[10>1];HGNC.Current:38516[1];HGNC.Current:38516[1>0];Ensembl.HGNC:152776[3>0]
NP_001185455	Ensembl.RefSeq_peptide:84239[1];Ensembl.RefSeq_peptide:84239[1>0]	ENSG00000148737	CURATED:254[0];HGNC.Current:38510[1];HGNC.Current:38516[10>1];HGNC.Current:38516[1];HGNC.Current:38516[1>0];Ensembl.HGNC:152776[3>0]
NP_001185456	Ensembl.RefSeq_peptide:84163[1];Ensembl.RefSeq_peptide:84163[1>0]	ENSG00000148737	CURATED:254[0];HGNC.Current:38510[1];HGNC.Current:38516[10>1];HGNC.Current:38516[1];HGNC.Current:38516[1>0];Ensembl.HGNC:152776[3>0]
NP_001185457	Ensembl.RefSeq_peptide:84161[1];Ensembl.RefSeq_peptide:84161[1>0]	ENSG00000148737	CURATED:254[0];HGNC.Current:38510[1];HGNC.Current:38516[10>1];HGNC.Current:38516[1];HGNC.Current:38516[1>0];Ensembl.HGNC:152776[3>0]
NP_001185458	Ensembl.RefSeq_peptide:84234[1];Ensembl.RefSeq_peptide:84234[1>0]	ENSG00000148737	CURATED:254[0];HGNC.Current:38510[1];HGNC.Current:38516[10>1];HGNC.Current:38516[1];HGNC.Current:38516[1>0];Ensembl.HGNC:152776[3>0]
NP_001185459	Ensembl.RefSeq_peptide:84095[1];Ensembl.RefSeq_peptide:84095[1>0]	ENSG00000148737	CURATED:254[0];HGNC.Current:38510[1];HGNC.Current:38516[10>1];HGNC.Current:38516[1];HGNC.Current:38516[1>0];Ensembl.HGNC:152776[3>0]
NP_001185460	Ensembl.RefSeq_peptide:84096[1];Ensembl.RefSeq_peptide:84096[1>0]	ENSG00000148737	CURATED:254[0];HGNC.Current:38510[1];HGNC.Current:38516[10>1];HGNC.Current:38516[1];HGNC.Current:38516[1>0];Ensembl.HGNC:152776[3>0]
NP_001185712	Ensembl.RefSeq_peptide:44129[1];Ensembl.RefSeq_peptide:44129[1>0]	ENSG00000143190	CURATED:201[0];HGNC.Current:26330[1];HGNC.Current:26330[1>0];Ensembl.HGNC:87858[3>0]
NP_001185715	Ensembl.RefSeq_peptide:44093[1];Ensembl.RefSeq_peptide:44093[1>0]	ENSG00000143190	CURATED:201[0];HGNC.Current:26330[1];HGNC.Current:26330[1>0];Ensembl.HGNC:87858[3>0]
NP_001186699	Ensembl.RefSeq_peptide:27814[1];Ensembl.RefSeq_peptide:27814[1>0]	ENSG00000115507	CURATED:193[0];HGNC.Current:24602[1];HGNC.Current:24602[1>0];Ensembl.HGNC:59128[3>0]
NP_001189	Ensembl.RefSeq_peptide:12901[1];Ensembl.RefSeq_peptide:12901[1>0]	ENSG00000057657	CURATED:204[0];HGNC.Current:26725[1];HGNC.Current:26725[1>0];Ensembl.HGNC:28303[3>0]
NP_001189442	Ensembl.RefSeq_peptide:114026[1];Ensembl.RefSeq_peptide:114026[1>0]	ENSG00000059728	CURATED:173[0];HGNC.Current:21937[1];HGNC.Current:21937[1>0];Ensembl.HGNC:208732[3>0]
NP_001189443	Ensembl.RefSeq_peptide:114019[1];Ensembl.RefSeq_peptide:114019[1>0]	ENSG00000059728	CURATED:173[0];HGNC.Current:21937[1];HGNC.Current:21937[1>0];Ensembl.HGNC:208732[3>0]
NP_001191343	Ensembl.RefSeq_peptide:95166[1];Ensembl.RefSeq_peptide:95166[1>0]	ENSG00000142910	CURATED:5[0];HGNC.Current:1429[1];HGNC.Current:38928[8>1];HGNC.Current:38928[1];HGNC.Current:38928[1>0];Ensembl.HGNC:175588[3>0]
NP_001191344	Ensembl.RefSeq_peptide:95179[1];Ensembl.RefSeq_peptide:95179[1>0]	ENSG00000142910	CURATED:5[0];HGNC.Current:1429[1];HGNC.Current:38928[8>1];HGNC.Current:38928[1];HGNC.Current:38928[1>0];Ensembl.HGNC:175588[3>0]
NP_001191890	Ensembl.RefSeq_peptide:147938[1];Ensembl.RefSeq_peptide:147938[1>0]	ENSG00000185630	CURATED:199[0];HGNC.Current:24905[1];HGNC.Current:24905[1>0];Ensembl.HGNC:269930[3>0]
NP_001191892	Ensembl.RefSeq_peptide:147937[1];Ensembl.RefSeq_peptide:147937[1>0]	ENSG00000185630	CURATED:199[0];HGNC.Current:24905[1];HGNC.Current:24905[1>0];Ensembl.HGNC:269930[3>0]
NP_001193496	Ensembl.RefSeq_peptide:142627[1];Ensembl.RefSeq_peptide:142627[1>0]	ENSG00000163565	CURATED:124[0];HGNC.Current:12568[1];HGNC.Current:12568[1>0];Ensembl.HGNC:260310[3>0]
NP_001193954	Ensembl.RefSeq_peptide:104070[1];Ensembl.RefSeq_peptide:104070[1>0]	ENSG00000028277	CURATED:202[0];HGNC.Current:26332[1];HGNC.Current:26332[1>0];Ensembl.HGNC:190104[3>0]
NP_001193955	Ensembl.RefSeq_peptide:104089[1];Ensembl.RefSeq_peptide:104089[1>0]	ENSG00000028277	CURATED:202[0];HGNC.Current:26332[1];HGNC.Current:26332[1>0];Ensembl.HGNC:190104[3>0]
NP_001197	Ensembl.RefSeq_peptide:54192[1];Ensembl.RefSeq_peptide:54192[1>0]	ENSG00000119138	CURATED:149[0];HGNC.Current:14140[1];HGNC.Current:14140[1>0];Ensembl.HGNC:106454[3>0]
NP_001207411	Ensembl.RefSeq_peptide:96163[1];Ensembl.RefSeq_peptide:96163[1>0]	ENSG00000134138	CURATED:165[0];HGNC.Current:18402[1];HGNC.Current:18402[1>0];Ensembl.HGNC:176618[3>0]
NP_001207694	Ensembl.RefSeq_peptide:102989[1];Ensembl.RefSeq_peptide:102989[1>0]	ENSG00000185811	CURATED:125[0];HGNC.Current:13181[1];HGNC.Current:13181[1>0];Ensembl.HGNC:188341[3>0]
NP_001207696	Ensembl.RefSeq_peptide:103004[1];Ensembl.RefSeq_peptide:103004[1>0]	ENSG00000185811	CURATED:125[0];HGNC.Current:13181[1];HGNC.Current:13181[1>0];Ensembl.HGNC:188341[3>0]
NP_001207697	Ensembl.RefSeq_peptide:102999[1];Ensembl.RefSeq_peptide:102999[1>0]	ENSG00000185811	CURATED:125[0];HGNC.Current:13181[1];HGNC.Current:13181[1>0];Ensembl.HGNC:188341[3>0]
NP_001207699	Ensembl.RefSeq_peptide:102998[1];Ensembl.RefSeq_peptide:102998[1>0]	ENSG00000185811	CURATED:125[0];HGNC.Current:13181[1];HGNC.Current:13181[1>0];Ensembl.HGNC:188341[3>0]
NP_001207700	Ensembl.RefSeq_peptide:102993[1];Ensembl.RefSeq_peptide:102993[1>0]	ENSG00000185811	CURATED:125[0];HGNC.Current:13181[1];HGNC.Current:13181[1>0];Ensembl.HGNC:188341[3>0]
NP_001229630	Ensembl.RefSeq_peptide:150248[1];Ensembl.RefSeq_peptide:150248[1>0]	ENSG00000171735	CURATED:14[0];HGNC.Current:3339[1];HGNC.Current:3339[1>0];Ensembl.HGNC:275261[3>0]
NP_001230005	Ensembl.RefSeq_peptide:82869[1];Ensembl.RefSeq_peptide:82869[1>0]	ENSG00000112242	CURATED:34[0];HGNC.Current:7366[1];HGNC.Current:7366[1>0];Ensembl.HGNC:153786[3>0]
NP_001230155	Ensembl.RefSeq_peptide:8221[1];Ensembl.RefSeq_peptide:8221[1>0]	ENSG00000196628	CURATED:254[0];HGNC.Current:38510[1];HGNC.Current:38510[1>0];Ensembl.HGNC:12536[3>0]
NP_001230156	Ensembl.RefSeq_peptide:8148[1];Ensembl.RefSeq_peptide:8148[1>0]	ENSG00000196628	CURATED:254[0];HGNC.Current:38510[1];HGNC.Current:38510[1>0];Ensembl.HGNC:12536[3>0]
NP_001230157	Ensembl.RefSeq_peptide:8217[1];Ensembl.RefSeq_peptide:8217[1>0]	ENSG00000196628	CURATED:254[0];HGNC.Current:38510[1];HGNC.Current:38510[1>0];Ensembl.HGNC:12536[3>0]
NP_001230159	Ensembl.RefSeq_peptide:8205[1];Ensembl.RefSeq_peptide:8205[1>0]	ENSG00000196628	CURATED:254[0];HGNC.Current:38510[1];HGNC.Current:38510[1>0];Ensembl.HGNC:12536[3>0]
NP_001230160	Ensembl.RefSeq_peptide:8138[1];Ensembl.RefSeq_peptide:8138[1>0]	ENSG00000196628	CURATED:254[0];HGNC.Current:38510[1];HGNC.Current:38510[1>0];Ensembl.HGNC:12536[3>0]
NP_001230161	Ensembl.RefSeq_peptide:8170[1];Ensembl.RefSeq_peptide:8170[1>0]	ENSG00000196628	CURATED:254[0];HGNC.Current:38510[1];HGNC.Current:38510[1>0];Ensembl.HGNC:12536[3>0]
NP_001230162	Ensembl.RefSeq_peptide:8182[1];Ensembl.RefSeq_peptide:8182[1>0]	ENSG00000196628	CURATED:254[0];HGNC.Current:38510[1];HGNC.Current:38510[1>0];Ensembl.HGNC:12536[3>0]
NP_001230163	Ensembl.RefSeq_peptide:8135[1];Ensembl.RefSeq_peptide:8135[1>0]	ENSG00000196628	CURATED:254[0];HGNC.Current:38510[1];HGNC.Current:38510[1>0];Ensembl.HGNC:12536[3>0]
NP_001230164	Ensembl.RefSeq_peptide:8114[1];Ensembl.RefSeq_peptide:8114[1>0]	ENSG00000196628	CURATED:254[0];HGNC.Current:38510[1];HGNC.Current:38510[1>0];Ensembl.HGNC:12536[3>0]
NP_001230165	Ensembl.RefSeq_peptide:8189[1];Ensembl.RefSeq_peptide:8189[1>0]	ENSG00000196628	CURATED:254[0];HGNC.Current:38510[1];HGNC.Current:38510[1>0];Ensembl.HGNC:12536[3>0]
NP_001230357	Ensembl.RefSeq_peptide:6960[1];Ensembl.RefSeq_peptide:6960[1>0]	ENSG00000157554	CURATED:49[0];HGNC.Current:8145[1];HGNC.Current:8145[1>0];Ensembl.HGNC:15734[3>0]
NP_001230358	Ensembl.RefSeq_peptide:6936[1];Ensembl.RefSeq_peptide:6936[1>0]	ENSG00000157554	CURATED:49[0];HGNC.Current:8145[1];HGNC.Current:8145[1>0];Ensembl.HGNC:15734[3>0]
NP_001230361	Ensembl.RefSeq_peptide:6944[1];Ensembl.RefSeq_peptide:6944[1>0]	ENSG00000157554	CURATED:49[0];HGNC.Current:8145[1];HGNC.Current:8145[1>0];Ensembl.HGNC:15734[3>0]
NP_001230659	Ensembl.RefSeq_peptide:23159[1];Ensembl.RefSeq_peptide:23159[1>0]	ENSG00000172819	CURATED:208[0];HGNC.Current:27805[1];HGNC.Current:27805[1>0];Ensembl.HGNC:49004[3>0]
NP_001230660	Ensembl.RefSeq_peptide:23158[1];Ensembl.RefSeq_peptide:23158[1>0]	ENSG00000172819	CURATED:208[0];HGNC.Current:27805[1];HGNC.Current:27805[1>0];Ensembl.HGNC:49004[3>0]
NP_001230661	Ensembl.RefSeq_peptide:23057[1];Ensembl.RefSeq_peptide:23057[1>0]	ENSG00000172819	CURATED:208[0];HGNC.Current:27805[1];HGNC.Current:27805[1>0];Ensembl.HGNC:49004[3>0]
NP_001230764	Ensembl.RefSeq_peptide:149060[1];Ensembl.RefSeq_peptide:149060[1>0]	ENSG00000138378	CURATED:243[0];HGNC.Current:37780[1];HGNC.Current:37780[1>0];Ensembl.HGNC:272621[3>0]
NP_001230927	Ensembl.RefSeq_peptide:92114[1];Ensembl.RefSeq_peptide:92114[1>0]	ENSG00000269404	CURATED:240[0];HGNC.Current:37338[1];HGNC.Current:37338[1>0];Ensembl.HGNC:169888[3>0]
NP_001230928	Ensembl.RefSeq_peptide:92161[1];Ensembl.RefSeq_peptide:92161[1>0]	ENSG00000269404	CURATED:240[0];HGNC.Current:37338[1];HGNC.Current:37338[1>0];Ensembl.HGNC:169888[3>0]
NP_001230929	Ensembl.RefSeq_peptide:92113[1];Ensembl.RefSeq_peptide:92113[1>0]	ENSG00000269404	CURATED:240[0];HGNC.Current:37338[1];HGNC.Current:37338[1>0];Ensembl.HGNC:169888[3>0]
NP_001231367	Ensembl.RefSeq_peptide:115461[1];Ensembl.RefSeq_peptide:115461[1>0]	ENSG00000118520	CURATED:5[0];HGNC.Current:1429[1];HGNC.Current:1429[1>0];Ensembl.HGNC:210990[3>0]
NP_001231512	Ensembl.RefSeq_peptide:30566[1];Ensembl.RefSeq_peptide:30566[1>0]	ENSG00000105967	CURATED:260[0];HGNC.Current:38728[1];HGNC.Current:38728[1>0];Ensembl.HGNC:64107[3>0]
NP_001231567	Ensembl.RefSeq_peptide:40688[1];Ensembl.RefSeq_peptide:40688[1>0]	ENSG00000150347	CURATED:8[0];HGNC.Current:1549[1];HGNC.Current:1549[1>0];Ensembl.HGNC:81884[3>0]
NP_001231737	Ensembl.RefSeq_peptide:110735[1];Ensembl.RefSeq_peptide:110735[1>0]	ENSG00000114861	CURATED:73[0];HGNC.Current:9478[1];HGNC.Current:9478[1>0];Ensembl.HGNC:201807[3>0]
NP_001231739	Ensembl.RefSeq_peptide:110781[1];Ensembl.RefSeq_peptide:110781[1>0]	ENSG00000114861	CURATED:73[0];HGNC.Current:9478[1];HGNC.Current:9478[1>0];Ensembl.HGNC:201807[3>0]
NP_001231741	Ensembl.RefSeq_peptide:110805[1];Ensembl.RefSeq_peptide:110805[1>0]	ENSG00000114861	CURATED:73[0];HGNC.Current:9478[1];HGNC.Current:9478[1>0];Ensembl.HGNC:201807[3>0]
NP_001231742	Ensembl.RefSeq_peptide:110799[1];Ensembl.RefSeq_peptide:110799[1>0]	ENSG00000114861	CURATED:73[0];HGNC.Current:9478[1];HGNC.Current:9478[1>0];Ensembl.HGNC:201807[3>0]
NP_001231743	Ensembl.RefSeq_peptide:110793[1];Ensembl.RefSeq_peptide:110793[1>0]	ENSG00000114861	CURATED:73[0];HGNC.Current:9478[1];HGNC.Current:9478[1>0];Ensembl.HGNC:201807[3>0]
NP_001231744	Ensembl.RefSeq_peptide:110788[1];Ensembl.RefSeq_peptide:110788[1>0]	ENSG00000114861	CURATED:73[0];HGNC.Current:9478[1];HGNC.Current:9478[1>0];Ensembl.HGNC:201807[3>0]
NP_001231745	Ensembl.RefSeq_peptide:110695[1];Ensembl.RefSeq_peptide:110695[1>0]	ENSG00000114861	CURATED:73[0];HGNC.Current:9478[1];HGNC.Current:9478[1>0];Ensembl.HGNC:201807[3>0]
NP_001234923	Ensembl.RefSeq_peptide:104072[1];Ensembl.RefSeq_peptide:104072[1>0]	ENSG00000028277	CURATED:202[0];HGNC.Current:26332[1];HGNC.Current:26332[1>0];Ensembl.HGNC:190104[3>0]
NP_001239126	Ensembl.RefSeq_peptide:90744[1];Ensembl.RefSeq_peptide:90744[1>0]	ENSG00000176842	CURATED:134[0];HGNC.Current:13524[1];HGNC.Current:13524[1>0];Ensembl.HGNC:167880[3>0]
NP_001243224	Ensembl.RefSeq_peptide:1124[1];Ensembl.RefSeq_peptide:1124[1>0]	ENSG00000157557	CURATED:51[0];HGNC.Current:8353[1];HGNC.Current:8353[1>0];Ensembl.HGNC:2798[3>0]
NP_001243499	Ensembl.RefSeq_peptide:44432[1];Ensembl.RefSeq_peptide:44432[1>0]	ENSG00000143171	CURATED:219[0];HGNC.Current:34481[1];HGNC.Current:34481[1>0];Ensembl.HGNC:88940[3>0]
NP_001243500	Ensembl.RefSeq_peptide:44433[1];Ensembl.RefSeq_peptide:44433[1>0]	ENSG00000143171	CURATED:219[0];HGNC.Current:34481[1];HGNC.Current:34481[1>0];Ensembl.HGNC:88940[3>0]
NP_001245177	Ensembl.RefSeq_peptide:141897[1];Ensembl.RefSeq_peptide:141897[1>0]	ENSG00000189120	CURATED:237[0];HGNC.Current:37165[1];HGNC.Current:37165[1>0];Ensembl.HGNC:259036[3>0]
NP_001245284	Ensembl.RefSeq_peptide:64977[1];Ensembl.RefSeq_peptide:64977[1>0]	ENSG00000101076	CURATED:100[0];HGNC.Current:11954[1];HGNC.Current:11954[1>0];Ensembl.HGNC:124322[3>0]
NP_001245391	Ensembl.RefSeq_peptide:119759[1];Ensembl.RefSeq_peptide:119759[1>0]	ENSG00000007372	CURATED:198[0];HGNC.Current:24887[1];HGNC.Current:24887[1>0];Ensembl.HGNC:216546[3>0]
NP_001245392	Ensembl.RefSeq_peptide:119790[1];Ensembl.RefSeq_peptide:119790[1>0]	ENSG00000007372	CURATED:198[0];HGNC.Current:24887[1];HGNC.Current:24887[1>0];Ensembl.HGNC:216546[3>0]
NP_001245393	Ensembl.RefSeq_peptide:119765[1];Ensembl.RefSeq_peptide:119765[1>0]	ENSG00000007372	CURATED:198[0];HGNC.Current:24887[1];HGNC.Current:24887[1>0];Ensembl.HGNC:216546[3>0]
NP_001245394	Ensembl.RefSeq_peptide:119778[1];Ensembl.RefSeq_peptide:119778[1>0]	ENSG00000007372	CURATED:198[0];HGNC.Current:24887[1];HGNC.Current:24887[1>0];Ensembl.HGNC:216546[3>0]
NP_001248390	Ensembl.RefSeq_peptide:88203[1];Ensembl.RefSeq_peptide:88203[1>0]	ENSG00000123405	CURATED:181[0];HGNC.Current:22656[1];HGNC.Current:22656[1>0];Ensembl.HGNC:162846[3>0]
NP_001254491	Ensembl.RefSeq_peptide:90879[1];Ensembl.RefSeq_peptide:90879[1>0]	ENSG00000095794	CURATED:25[0];HGNC.Current:5517[1];HGNC.Current:5517[1>0];Ensembl.HGNC:166924[3>0]
NP_001254492	Ensembl.RefSeq_peptide:90292[1];Ensembl.RefSeq_peptide:90292[1>0]	ENSG00000095794	CURATED:25[0];HGNC.Current:5517[1];HGNC.Current:5517[1>0];Ensembl.HGNC:166924[3>0]
NP_001254493	Ensembl.RefSeq_peptide:90869[1];Ensembl.RefSeq_peptide:90869[1>0]	ENSG00000095794	CURATED:25[0];HGNC.Current:5517[1];HGNC.Current:5517[1>0];Ensembl.HGNC:166924[3>0]
NP_001254496	Ensembl.RefSeq_peptide:90882[1];Ensembl.RefSeq_peptide:90882[1>0]	ENSG00000095794	CURATED:25[0];HGNC.Current:5517[1];HGNC.Current:5517[1>0];Ensembl.HGNC:166924[3>0]
NP_001254499	Ensembl.RefSeq_peptide:90983[1];Ensembl.RefSeq_peptide:90983[1>0]	ENSG00000095794	CURATED:25[0];HGNC.Current:5517[1];HGNC.Current:5517[1>0];Ensembl.HGNC:166924[3>0]
NP_001254637	Ensembl.RefSeq_peptide:12078[1];Ensembl.RefSeq_peptide:12078[1>0]	ENSG00000120963	CURATED:277[0];HGNC.Current:43605[1];HGNC.Current:43605[1>0];Ensembl.HGNC:26769[3>0]
NP_001254638	Ensembl.RefSeq_peptide:12080[1];Ensembl.RefSeq_peptide:12080[1>0]	ENSG00000120963	CURATED:277[0];HGNC.Current:43605[1];HGNC.Current:43605[1>0];Ensembl.HGNC:26769[3>0]
NP_001254738	Ensembl.RefSeq_peptide:43321[1];Ensembl.RefSeq_peptide:43321[1>0]	ENSG00000143621	CURATED:127[0];HGNC.Current:13290[1];HGNC.Current:13290[1>0];Ensembl.HGNC:87072[3>0]
NP_001256	Ensembl.RefSeq_peptide:20493[1];Ensembl.RefSeq_peptide:20493[1>0]	ENSG00000165556	CURATED:16[0];HGNC.Current:4223[1];HGNC.Current:4223[1>0];Ensembl.HGNC:44351[3>0]
NP_001257330	Ensembl.RefSeq_peptide:57019[1];Ensembl.RefSeq_peptide:70206[1>0]	ENSG00000204231	CURATED:218[0];HGNC.Current:34480[1];HGNC.Current:34480[1>0];Ensembl.HGNC:132824[3>0]
NP_001257330	Ensembl.RefSeq_peptide:57019[1];Ensembl.RefSeq_peptide:86096[1>0]	ENSG00000206289	CURATED:218[0];HGNC.Current:34480[1];HGNC.Current:34480[1>0];Ensembl.HGNC:159249[3>0]
NP_001257330	Ensembl.RefSeq_peptide:57019[1];Ensembl.RefSeq_peptide:66448[1>0]	ENSG00000227322	CURATED:218[0];HGNC.Current:34480[1];HGNC.Current:34480[1>0];Ensembl.HGNC:127023[3>0]
NP_001257330	Ensembl.RefSeq_peptide:57019[1];Ensembl.RefSeq_peptide:75971[1>0]	ENSG00000228333	CURATED:218[0];HGNC.Current:34480[1];HGNC.Current:34480[1>0];Ensembl.HGNC:141878[3>0]
NP_001257330	Ensembl.RefSeq_peptide:57019[1];Ensembl.RefSeq_peptide:57019[1>0]	ENSG00000231321	CURATED:218[0];HGNC.Current:34480[1];HGNC.Current:34480[1>0];Ensembl.HGNC:111135[3>0]
NP_001257330	Ensembl.RefSeq_peptide:57019[1];Ensembl.RefSeq_peptide:83142[1>0]	ENSG00000235712	CURATED:218[0];HGNC.Current:34480[1];HGNC.Current:34480[1>0];Ensembl.HGNC:154394[3>0]
NP_001257413	Ensembl.RefSeq_peptide:39705[1];Ensembl.RefSeq_peptide:39705[1>0]	ENSG00000164458	CURATED:245[0];HGNC.Current:38471[10];HGNC.Current:38471[10>1];HGNC.Current:38471[1];HGNC.Current:38471[1>0];Ensembl.HGNC:79837[3>0]
NP_001257452	Ensembl.RefSeq_peptide:60583[1];Ensembl.RefSeq_peptide:60583[1>0]	ENSG00000165588	CURATED:194[0];HGNC.Current:24603[1];HGNC.Current:24603[1>0];Ensembl.HGNC:116891[3>0]
NP_001257453	Ensembl.RefSeq_peptide:60584[1];Ensembl.RefSeq_peptide:60584[1>0]	ENSG00000165588	CURATED:194[0];HGNC.Current:24603[1];HGNC.Current:24603[1>0];Ensembl.HGNC:116891[3>0]
NP_001257454	Ensembl.RefSeq_peptide:60605[1];Ensembl.RefSeq_peptide:60605[1>0]	ENSG00000165588	CURATED:194[0];HGNC.Current:24603[1];HGNC.Current:24603[1>0];Ensembl.HGNC:116891[3>0]
NP_001257871	Ensembl.RefSeq_peptide:145225[1];Ensembl.RefSeq_peptide:145225[1>0]	ENSG00000118263	CURATED:147[0];HGNC.Current:14135[1];HGNC.Current:14135[1>0];Ensembl.HGNC:265108[3>0]
NP_001257872	Ensembl.RefSeq_peptide:145212[1];Ensembl.RefSeq_peptide:145212[1>0]	ENSG00000118263	CURATED:147[0];HGNC.Current:14135[1];HGNC.Current:14135[1>0];Ensembl.HGNC:265108[3>0]
NP_001257873	Ensembl.RefSeq_peptide:145213[1];Ensembl.RefSeq_peptide:145213[1>0]	ENSG00000118263	CURATED:147[0];HGNC.Current:14135[1];HGNC.Current:14135[1>0];Ensembl.HGNC:265108[3>0]
NP_001257939	Ensembl.RefSeq_peptide:125265[1];Ensembl.RefSeq_peptide:125265[1>0]	ENSG00000151702	CURATED:56[0];HGNC.Current:9325[1];HGNC.Current:9325[1>0];Ensembl.HGNC:228559[3>0]
NP_001257941	Ensembl.RefSeq_peptide:125263[1];Ensembl.RefSeq_peptide:125263[1>0]	ENSG00000151702	CURATED:56[0];HGNC.Current:9325[1];HGNC.Current:9325[1>0];Ensembl.HGNC:228559[3>0]
NP_001258558	Ensembl.RefSeq_peptide:8681[1];Ensembl.RefSeq_peptide:133175[1>0]	ENSG00000116604	CURATED:163[0];HGNC.Current:18382[1];HGNC.Current:18382[1>0];Ensembl.HGNC:243358[3>0]
NP_001258558	Ensembl.RefSeq_peptide:8681[1];Ensembl.RefSeq_peptide:8681[1>0]	ENSG00000291761	CURATED:163[0];HGNC.Current:18382[1];HGNC.Current:18382[1>0];Ensembl.HGNC:19939[3>0]
NP_001258822	Ensembl.RefSeq_peptide:12062[1];Ensembl.RefSeq_peptide:148393[1>0]	ENSG00000233608	CURATED:265[0];HGNC.Current:41287[1];HGNC.Current:41287[1>0];Ensembl.HGNC:271493[3>0]
NP_001258822	Ensembl.RefSeq_peptide:12062[1];Ensembl.RefSeq_peptide:12062[1>0]	ENSG00000288335	CURATED:265[0];HGNC.Current:41287[1];HGNC.Current:41287[1>0];Ensembl.HGNC:26844[3>0]
NP_001263386	Ensembl.RefSeq_peptide:79793[1];Ensembl.RefSeq_peptide:79793[1>0]	ENSG00000109381	CURATED:43[0];HGNC.Current:7811[1];HGNC.Current:7811[1>0];Ensembl.HGNC:148522[3>0]
NP_001263387	Ensembl.RefSeq_peptide:79796[1];Ensembl.RefSeq_peptide:79796[1>0]	ENSG00000109381	CURATED:43[0];HGNC.Current:7811[1];HGNC.Current:7811[1>0];Ensembl.HGNC:148522[3>0]
NP_001263388	Ensembl.RefSeq_peptide:79790[1];Ensembl.RefSeq_peptide:79790[1>0]	ENSG00000109381	CURATED:43[0];HGNC.Current:7811[1];HGNC.Current:7811[1>0];Ensembl.HGNC:148522[3>0]
NP_001265111	Ensembl.RefSeq_peptide:132501[1];Ensembl.RefSeq_peptide:132501[1>0]	ENSG00000163508	CURATED:47[0];HGNC.Current:8038[1];HGNC.Current:8038[1>0];Ensembl.HGNC:242266[3>0]
NP_001265112	Ensembl.RefSeq_peptide:132509[1];Ensembl.RefSeq_peptide:132509[1>0]	ENSG00000163508	CURATED:47[0];HGNC.Current:8038[1];HGNC.Current:8038[1>0];Ensembl.HGNC:242266[3>0]
NP_001265407	Ensembl.RefSeq_peptide:11775[1];Ensembl.RefSeq_peptide:11775[1>0]	ENSG00000124813	CURATED:215[0];HGNC.Current:34452[1];HGNC.Current:34452[1>0];Ensembl.HGNC:25880[3>0]
NP_001267476	Ensembl.RefSeq_peptide:5797[1];Ensembl.RefSeq_peptide:5797[1>0]	ENSG00000196092	CURATED:197[0];HGNC.Current:24886[1];HGNC.Current:24886[1>0];Ensembl.HGNC:12927[3>0]
NP_001267477	Ensembl.RefSeq_peptide:5823[1];Ensembl.RefSeq_peptide:5823[1>0]	ENSG00000196092	CURATED:197[0];HGNC.Current:24886[1];HGNC.Current:24886[1>0];Ensembl.HGNC:12927[3>0]
NP_001267478	Ensembl.RefSeq_peptide:5803[1];Ensembl.RefSeq_peptide:5803[1>0]	ENSG00000196092	CURATED:197[0];HGNC.Current:24886[1];HGNC.Current:24886[1>0];Ensembl.HGNC:12927[3>0]
NP_001267479	Ensembl.RefSeq_peptide:5829[1];Ensembl.RefSeq_peptide:5829[1>0]	ENSG00000196092	CURATED:197[0];HGNC.Current:24886[1];HGNC.Current:24886[1>0];Ensembl.HGNC:12927[3>0]
NP_001267480	Ensembl.RefSeq_peptide:5863[1];Ensembl.RefSeq_peptide:5863[1>0]	ENSG00000196092	CURATED:197[0];HGNC.Current:24886[1];HGNC.Current:24886[1>0];Ensembl.HGNC:12927[3>0]
NP_001267481	Ensembl.RefSeq_peptide:5871[1];Ensembl.RefSeq_peptide:5871[1>0]	ENSG00000196092	CURATED:197[0];HGNC.Current:24886[1];HGNC.Current:24886[1>0];Ensembl.HGNC:12927[3>0]
NP_001267482	Ensembl.RefSeq_peptide:5851[1];Ensembl.RefSeq_peptide:5851[1>0]	ENSG00000196092	CURATED:197[0];HGNC.Current:24886[1];HGNC.Current:24886[1>0];Ensembl.HGNC:12927[3>0]
NP_001267483	Ensembl.RefSeq_peptide:5870[1];Ensembl.RefSeq_peptide:5870[1>0]	ENSG00000196092	CURATED:197[0];HGNC.Current:24886[1];HGNC.Current:24886[1>0];Ensembl.HGNC:12927[3>0]
NP_001267484	Ensembl.RefSeq_peptide:5852[1];Ensembl.RefSeq_peptide:5852[1>0]	ENSG00000196092	CURATED:197[0];HGNC.Current:24886[1];HGNC.Current:24886[1>0];Ensembl.HGNC:12927[3>0]
NP_001267485	Ensembl.RefSeq_peptide:5860[1];Ensembl.RefSeq_peptide:5860[1>0]	ENSG00000196092	CURATED:197[0];HGNC.Current:24886[1];HGNC.Current:24886[1>0];Ensembl.HGNC:12927[3>0]
NP_001269166	Ensembl.RefSeq_peptide:96993[1];Ensembl.RefSeq_peptide:96993[1>0]	ENSG00000127152	CURATED:13[0];HGNC.Current:2343[1];HGNC.Current:2343[1>0];Ensembl.HGNC:178608[3>0]
NP_001269167	Ensembl.RefSeq_peptide:96988[1];Ensembl.RefSeq_peptide:96988[1>0]	ENSG00000127152	CURATED:13[0];HGNC.Current:2343[1];HGNC.Current:2343[1>0];Ensembl.HGNC:178608[3>0]
NP_001269331	Ensembl.RefSeq_peptide:95505[1];Ensembl.RefSeq_peptide:95505[1>0]	ENSG00000185155	CURATED:170[0];HGNC.Current:20651[1];HGNC.Current:20651[1>0];Ensembl.HGNC:176207[3>0]
NP_001269363	Ensembl.RefSeq_peptide:62410[1];Ensembl.RefSeq_peptide:62410[1>0]	ENSG00000144485	CURATED:93[0];HGNC.Current:11568[1];HGNC.Current:11568[1>0];Ensembl.HGNC:120592[3>0]
NP_001269908	Ensembl.RefSeq_peptide:73912[1];Ensembl.RefSeq_peptide:73912[1>0]	ENSG00000140332	CURATED:261[0];HGNC.Current:38963[1];HGNC.Current:38963[1>0];Ensembl.HGNC:135860[3>0]
NP_001269909	Ensembl.RefSeq_peptide:74084[1];Ensembl.RefSeq_peptide:74084[1>0]	ENSG00000140332	CURATED:261[0];HGNC.Current:38963[1];HGNC.Current:38963[1>0];Ensembl.HGNC:135860[3>0]
NP_001269910	Ensembl.RefSeq_peptide:74066[1];Ensembl.RefSeq_peptide:74066[1>0]	ENSG00000140332	CURATED:261[0];HGNC.Current:38963[1];HGNC.Current:38963[1>0];Ensembl.HGNC:135860[3>0]
NP_001269911	Ensembl.RefSeq_peptide:73895[1];Ensembl.RefSeq_peptide:73895[1>0]	ENSG00000140332	CURATED:261[0];HGNC.Current:38963[1];HGNC.Current:38963[1>0];Ensembl.HGNC:135860[3>0]
NP_001272758	Ensembl.RefSeq_peptide:123963[1];Ensembl.RefSeq_peptide:123963[1>0]	ENSG00000245848	CURATED:18[0];HGNC.Current:4279[1];HGNC.Current:4279[1>0];Ensembl.HGNC:226663[3>0]
NP_001272807	Ensembl.RefSeq_peptide:32133[1];Ensembl.RefSeq_peptide:32133[1>0]	ENSG00000172216	CURATED:19[0];HGNC.Current:4281[1];HGNC.Current:4281[1>0];Ensembl.HGNC:67120[3>0]
NP_001272808	Ensembl.RefSeq_peptide:32134[1];Ensembl.RefSeq_peptide:32134[1>0]	ENSG00000172216	CURATED:19[0];HGNC.Current:4281[1];HGNC.Current:4281[1>0];Ensembl.HGNC:67120[3>0]
NP_001273747	Ensembl.RefSeq_peptide:1207[1];Ensembl.RefSeq_peptide:1207[1>0]	ENSG00000102554	CURATED:23[0];HGNC.Current:4824[1];HGNC.Current:14133[8>1];HGNC.Current:14133[1];HGNC.Current:14133[1>0];Ensembl.HGNC:2993[3>0]
NP_001273897	Ensembl.RefSeq_peptide:45916[1];Ensembl.RefSeq_peptide:45916[1>0]	ENSG00000130522	CURATED:138[0];HGNC.Current:13717[1];HGNC.Current:13717[1>0];Ensembl.HGNC:92038[3>0]
NP_001274111	Ensembl.RefSeq_peptide:64971[1];Ensembl.RefSeq_peptide:64971[1>0]	ENSG00000101076	CURATED:100[0];HGNC.Current:11954[1];HGNC.Current:11954[1>0];Ensembl.HGNC:124322[3>0]
NP_001274112	Ensembl.RefSeq_peptide:64961[1];Ensembl.RefSeq_peptide:64961[1>0]	ENSG00000101076	CURATED:100[0];HGNC.Current:11954[1];HGNC.Current:11954[1>0];Ensembl.HGNC:124322[3>0]
NP_001274113	Ensembl.RefSeq_peptide:64965[1];Ensembl.RefSeq_peptide:64965[1>0]	ENSG00000101076	CURATED:100[0];HGNC.Current:11954[1];HGNC.Current:11954[1>0];Ensembl.HGNC:124322[3>0]
NP_001274276	Ensembl.RefSeq_peptide:139765[1];Ensembl.RefSeq_peptide:139765[1>0]	ENSG00000162367	CURATED:246[0];HGNC.Current:38264[1];HGNC.Current:38264[1>0];Ensembl.HGNC:255251[3>0]
NP_001274353	Ensembl.RefSeq_peptide:123964[1];Ensembl.RefSeq_peptide:123964[1>0]	ENSG00000245848	CURATED:18[0];HGNC.Current:4279[1];HGNC.Current:4279[1>0];Ensembl.HGNC:226663[3>0]
NP_001274364	Ensembl.RefSeq_peptide:123965[1];Ensembl.RefSeq_peptide:123965[1>0]	ENSG00000245848	CURATED:18[0];HGNC.Current:4279[1];HGNC.Current:4279[1>0];Ensembl.HGNC:226663[3>0]
NP_001275647	Ensembl.RefSeq_peptide:85473[1];Ensembl.RefSeq_peptide:85473[1>0]	ENSG00000126561	CURATED:244[0];HGNC.Current:37782[1];HGNC.Current:37782[1>0];Ensembl.HGNC:157910[3>0]
NP_001275648	Ensembl.RefSeq_peptide:85481[1];Ensembl.RefSeq_peptide:85481[1>0]	ENSG00000126561	CURATED:244[0];HGNC.Current:37782[1];HGNC.Current:37782[1>0];Ensembl.HGNC:157910[3>0]
NP_001275649	Ensembl.RefSeq_peptide:85515[1];Ensembl.RefSeq_peptide:85515[1>0]	ENSG00000126561	CURATED:244[0];HGNC.Current:37782[1];HGNC.Current:37782[1>0];Ensembl.HGNC:157910[3>0]
NP_001277145	Ensembl.RefSeq_peptide:118460[1];Ensembl.RefSeq_peptide:118460[1>0]	ENSG00000077092	CURATED:207[0];HGNC.Current:27803[1];HGNC.Current:27803[1>0];Ensembl.HGNC:215599[3>0]
NP_001277146	Ensembl.RefSeq_peptide:118502[1];Ensembl.RefSeq_peptide:118502[1>0]	ENSG00000077092	CURATED:207[0];HGNC.Current:27803[1];HGNC.Current:27803[1>0];Ensembl.HGNC:215599[3>0]
NP_001277195	Ensembl.RefSeq_peptide:118493[1];Ensembl.RefSeq_peptide:118493[1>0]	ENSG00000077092	CURATED:207[0];HGNC.Current:27803[1];HGNC.Current:27803[1>0];Ensembl.HGNC:215599[3>0]
NP_001277205	Ensembl.RefSeq_peptide:118489[1];Ensembl.RefSeq_peptide:118489[1>0]	ENSG00000077092	CURATED:207[0];HGNC.Current:27803[1];HGNC.Current:27803[1>0];Ensembl.HGNC:215599[3>0]
NP_001277206	Ensembl.RefSeq_peptide:118480[1];Ensembl.RefSeq_peptide:118480[1>0]	ENSG00000077092	CURATED:207[0];HGNC.Current:27803[1];HGNC.Current:27803[1>0];Ensembl.HGNC:215599[3>0]
NP_001277229	Ensembl.RefSeq_peptide:118494[1];Ensembl.RefSeq_peptide:118494[1>0]	ENSG00000077092	CURATED:207[0];HGNC.Current:27803[1];HGNC.Current:27803[1>0];Ensembl.HGNC:215599[3>0]
NP_001277289	Ensembl.RefSeq_peptide:143313[1];Ensembl.RefSeq_peptide:143313[1>0]	ENSG00000164330	CURATED:36[0];HGNC.Current:7389[1];HGNC.Current:7389[1>0];Ensembl.HGNC:261467[3>0]
NP_001277332	Ensembl.RefSeq_peptide:139767[1];Ensembl.RefSeq_peptide:139767[1>0]	ENSG00000162367	CURATED:246[0];HGNC.Current:38264[1];HGNC.Current:38264[1>0];Ensembl.HGNC:255251[3>0]
NP_001277333	Ensembl.RefSeq_peptide:139764[1];Ensembl.RefSeq_peptide:139764[1>0]	ENSG00000162367	CURATED:246[0];HGNC.Current:38264[1];HGNC.Current:38264[1>0];Ensembl.HGNC:255251[3>0]
NP_001277334	Ensembl.RefSeq_peptide:139768[1];Ensembl.RefSeq_peptide:139768[1>0]	ENSG00000162367	CURATED:246[0];HGNC.Current:38264[1];HGNC.Current:38264[1>0];Ensembl.HGNC:255251[3>0]
NP_001278320	Ensembl.RefSeq_peptide:6949[1];Ensembl.RefSeq_peptide:6949[1>0]	ENSG00000157554	CURATED:49[0];HGNC.Current:8145[1];HGNC.Current:8145[1>0];Ensembl.HGNC:15734[3>0]
NP_001278766	Ensembl.RefSeq_peptide:103002[1];Ensembl.RefSeq_peptide:103002[1>0]	ENSG00000185811	CURATED:125[0];HGNC.Current:13181[1];HGNC.Current:13181[1>0];Ensembl.HGNC:188341[3>0]
NP_001278767	Ensembl.RefSeq_peptide:103006[1];Ensembl.RefSeq_peptide:103006[1>0]	ENSG00000185811	CURATED:125[0];HGNC.Current:13181[1];HGNC.Current:13181[1>0];Ensembl.HGNC:188341[3>0]
NP_001278768	Ensembl.RefSeq_peptide:102997[1];Ensembl.RefSeq_peptide:102997[1>0]	ENSG00000185811	CURATED:125[0];HGNC.Current:13181[1];HGNC.Current:13181[1>0];Ensembl.HGNC:188341[3>0]
NP_001278769	Ensembl.RefSeq_peptide:102992[1];Ensembl.RefSeq_peptide:102992[1>0]	ENSG00000185811	CURATED:125[0];HGNC.Current:13181[1];HGNC.Current:13181[1>0];Ensembl.HGNC:188341[3>0]
NP_001278770	Ensembl.RefSeq_peptide:103005[1];Ensembl.RefSeq_peptide:103005[1>0]	ENSG00000185811	CURATED:125[0];HGNC.Current:13181[1];HGNC.Current:13181[1>0];Ensembl.HGNC:188341[3>0]
NP_001278771	Ensembl.RefSeq_peptide:103003[1];Ensembl.RefSeq_peptide:103003[1>0]	ENSG00000185811	CURATED:125[0];HGNC.Current:13181[1];HGNC.Current:13181[1>0];Ensembl.HGNC:188341[3>0]
NP_001278772	Ensembl.RefSeq_peptide:103001[1];Ensembl.RefSeq_peptide:103001[1>0]	ENSG00000185811	CURATED:125[0];HGNC.Current:13181[1];HGNC.Current:13181[1>0];Ensembl.HGNC:188341[3>0]
NP_001278773	Ensembl.RefSeq_peptide:103000[1];Ensembl.RefSeq_peptide:103000[1>0]	ENSG00000185811	CURATED:125[0];HGNC.Current:13181[1];HGNC.Current:13181[1>0];Ensembl.HGNC:188341[3>0]
NP_001278774	Ensembl.RefSeq_peptide:102985[1];Ensembl.RefSeq_peptide:102985[1>0]	ENSG00000185811	CURATED:125[0];HGNC.Current:13181[1];HGNC.Current:13181[1>0];Ensembl.HGNC:188341[3>0]
NP_001278775	Ensembl.RefSeq_peptide:102980[1];Ensembl.RefSeq_peptide:102980[1>0]	ENSG00000185811	CURATED:125[0];HGNC.Current:13181[1];HGNC.Current:13181[1>0];Ensembl.HGNC:188341[3>0]
NP_001278776	Ensembl.RefSeq_peptide:103008[1];Ensembl.RefSeq_peptide:103008[1>0]	ENSG00000185811	CURATED:125[0];HGNC.Current:13181[1];HGNC.Current:13181[1>0];Ensembl.HGNC:188341[3>0]
NP_001278849	Ensembl.RefSeq_peptide:13162[1];Ensembl.RefSeq_peptide:13162[1>0]	ENSG00000186350	CURATED:217[0];HGNC.Current:34479[1];HGNC.Current:34479[1>0];Ensembl.HGNC:28904[3>0]
NP_001278850	Ensembl.RefSeq_peptide:13161[1];Ensembl.RefSeq_peptide:13161[1>0]	ENSG00000186350	CURATED:217[0];HGNC.Current:34479[1];HGNC.Current:34479[1>0];Ensembl.HGNC:28904[3>0]
NP_001278918	Ensembl.RefSeq_peptide:57018[1];Ensembl.RefSeq_peptide:70205[1>0]	ENSG00000204231	CURATED:218[0];HGNC.Current:34480[1];HGNC.Current:34480[1>0];Ensembl.HGNC:132824[3>0]
NP_001278918	Ensembl.RefSeq_peptide:57018[1];Ensembl.RefSeq_peptide:86095[1>0]	ENSG00000206289	CURATED:218[0];HGNC.Current:34480[1];HGNC.Current:34480[1>0];Ensembl.HGNC:159249[3>0]
NP_001278918	Ensembl.RefSeq_peptide:57018[1];Ensembl.RefSeq_peptide:66471[1>0]	ENSG00000227322	CURATED:218[0];HGNC.Current:34480[1];HGNC.Current:34480[1>0];Ensembl.HGNC:127023[3>0]
NP_001278918	Ensembl.RefSeq_peptide:57018[1];Ensembl.RefSeq_peptide:75970[1>0]	ENSG00000228333	CURATED:218[0];HGNC.Current:34480[1];HGNC.Current:34480[1>0];Ensembl.HGNC:141878[3>0]
NP_001278918	Ensembl.RefSeq_peptide:57018[1];Ensembl.RefSeq_peptide:57018[1>0]	ENSG00000231321	CURATED:218[0];HGNC.Current:34480[1];HGNC.Current:34480[1>0];Ensembl.HGNC:111135[3>0]
NP_001278918	Ensembl.RefSeq_peptide:57018[1];Ensembl.RefSeq_peptide:83141[1>0]	ENSG00000235712	CURATED:218[0];HGNC.Current:34480[1];HGNC.Current:34480[1>0];Ensembl.HGNC:154394[3>0]
NP_001281211	Ensembl.RefSeq_peptide:59159[1];Ensembl.RefSeq_peptide:59159[1>0]	ENSG00000185697	CURATED:176[0];HGNC.Current:21954[1];HGNC.Current:21954[1>0];Ensembl.HGNC:114079[3>0]
NP_001284502	Ensembl.RefSeq_peptide:91988[1];Ensembl.RefSeq_peptide:91988[1>0]	ENSG00000124496	CURATED:263[0];HGNC.Current:40191[1];HGNC.Current:40191[1>0];Ensembl.HGNC:169689[3>0]
NP_001284627	Ensembl.RefSeq_peptide:15987[1];Ensembl.RefSeq_peptide:15987[1>0]	ENSG00000111704	CURATED:178[0];HGNC.Current:22193[1];HGNC.Current:22193[1>0];Ensembl.HGNC:35294[3>0]
NP_001287903	Ensembl.RefSeq_peptide:109173[1];Ensembl.RefSeq_peptide:109173[1>0]	ENSG00000105672	CURATED:52[0];HGNC.Current:8357[1];HGNC.Current:8357[1>0];Ensembl.HGNC:200549[3>0]
NP_001288616	Ensembl.RefSeq_peptide:142614[1];Ensembl.RefSeq_peptide:142614[1>0]	ENSG00000168505	CURATED:82[0];HGNC.Current:10102[1];HGNC.Current:10102[1>0];Ensembl.HGNC:260357[3>0]
NP_001291	Ensembl.RefSeq_peptide:4043[1];Ensembl.RefSeq_peptide:4043[1>0]	ENSG00000067082	CURATED:146[0];HGNC.Current:14134[1];HGNC.Current:14134[1>0];Ensembl.HGNC:9725[3>0]
NP_001291448	Ensembl.RefSeq_peptide:80129[1];Ensembl.RefSeq_peptide:80129[1>0]	ENSG00000106038	CURATED:55[0];HGNC.Current:8385[1];HGNC.Current:8385[1>0];Ensembl.HGNC:149490[3>0]
NP_001291449	Ensembl.RefSeq_peptide:80130[1];Ensembl.RefSeq_peptide:80130[1>0]	ENSG00000106038	CURATED:55[0];HGNC.Current:8385[1];HGNC.Current:8385[1>0];Ensembl.HGNC:149490[3>0]
NP_001291478	Ensembl.RefSeq_peptide:109150[1];Ensembl.RefSeq_peptide:109150[1>0]	ENSG00000105672	CURATED:52[0];HGNC.Current:8357[1];HGNC.Current:8357[1>0];Ensembl.HGNC:200549[3>0]
NP_001291498	Ensembl.RefSeq_peptide:94489[1];Ensembl.RefSeq_peptide:94489[1>0]	ENSG00000075891	CURATED:195[0];HGNC.Current:24883[1];HGNC.Current:24883[1>0];Ensembl.HGNC:174222[3>0]
NP_001293136	Ensembl.RefSeq_peptide:8142[1];Ensembl.RefSeq_peptide:8142[1>0]	ENSG00000196628	CURATED:254[0];HGNC.Current:38510[1];HGNC.Current:38510[1>0];Ensembl.HGNC:12536[3>0]
NP_001293137	Ensembl.RefSeq_peptide:8199[1];Ensembl.RefSeq_peptide:8199[1>0]	ENSG00000196628	CURATED:254[0];HGNC.Current:38510[1];HGNC.Current:38510[1>0];Ensembl.HGNC:12536[3>0]
NP_001294868	Ensembl.RefSeq_peptide:56606[1];Ensembl.RefSeq_peptide:56606[1>0]	ENSG00000179361	CURATED:7[0];HGNC.Current:1543[1];HGNC.Current:1543[1>0];Ensembl.HGNC:110538[3>0]
NP_001294931	Ensembl.RefSeq_peptide:142334[1];Ensembl.RefSeq_peptide:142334[1>0]	ENSG00000081189	CURATED:162[0];HGNC.Current:18379[1];HGNC.Current:18379[1>0];Ensembl.HGNC:259555[3>0]
NP_001295022	Ensembl.RefSeq_peptide:14549[1];Ensembl.RefSeq_peptide:60722[1>0]	ENSG00000136574	CURATED:79[0];HGNC.Current:10072[1];HGNC.Current:10072[1>0];Ensembl.HGNC:117007[3>0]
NP_001295022	Ensembl.RefSeq_peptide:14549[1];Ensembl.RefSeq_peptide:14549[1>0]	ENSG00000285109	CURATED:79[0];HGNC.Current:10072[1];HGNC.Current:10072[1>0];Ensembl.HGNC:32079[3>0]
NP_001295023	Ensembl.RefSeq_peptide:14545[1];Ensembl.RefSeq_peptide:60701[1>0]	ENSG00000136574	CURATED:79[0];HGNC.Current:10072[1];HGNC.Current:10072[1>0];Ensembl.HGNC:117007[3>0]
NP_001295023	Ensembl.RefSeq_peptide:14545[1];Ensembl.RefSeq_peptide:14545[1>0]	ENSG00000285109	CURATED:79[0];HGNC.Current:10072[1];HGNC.Current:10072[1>0];Ensembl.HGNC:32079[3>0]
NP_001297087	Ensembl.RefSeq_peptide:119791[1];Ensembl.RefSeq_peptide:119791[1>0]	ENSG00000007372	CURATED:198[0];HGNC.Current:24887[1];HGNC.Current:24887[1>0];Ensembl.HGNC:216546[3>0]
NP_001297088	Ensembl.RefSeq_peptide:119990[1];Ensembl.RefSeq_peptide:119990[1>0]	ENSG00000007372	CURATED:198[0];HGNC.Current:24887[1];HGNC.Current:24887[1>0];Ensembl.HGNC:216546[3>0]
NP_001297089	Ensembl.RefSeq_peptide:119818[1];Ensembl.RefSeq_peptide:119818[1>0]	ENSG00000007372	CURATED:198[0];HGNC.Current:24887[1];HGNC.Current:24887[1>0];Ensembl.HGNC:216546[3>0]
NP_001297090	Ensembl.RefSeq_peptide:119830[1];Ensembl.RefSeq_peptide:119830[1>0]	ENSG00000007372	CURATED:198[0];HGNC.Current:24887[1];HGNC.Current:24887[1>0];Ensembl.HGNC:216546[3>0]
NP_001300829	Ensembl.RefSeq_peptide:143038[1];Ensembl.RefSeq_peptide:143038[1>0]	ENSG00000116044	CURATED:182[0];HGNC.Current:22659[1];HGNC.Current:22659[1>0];Ensembl.HGNC:260805[3>0]
NP_001300830	Ensembl.RefSeq_peptide:143039[1];Ensembl.RefSeq_peptide:143039[1>0]	ENSG00000116044	CURATED:182[0];HGNC.Current:22659[1];HGNC.Current:22659[1>0];Ensembl.HGNC:260805[3>0]
NP_001300831	Ensembl.RefSeq_peptide:143051[1];Ensembl.RefSeq_peptide:143051[1>0]	ENSG00000116044	CURATED:182[0];HGNC.Current:22659[1];HGNC.Current:22659[1>0];Ensembl.HGNC:260805[3>0]
NP_001300832	Ensembl.RefSeq_peptide:143055[1];Ensembl.RefSeq_peptide:143055[1>0]	ENSG00000116044	CURATED:182[0];HGNC.Current:22659[1];HGNC.Current:22659[1>0];Ensembl.HGNC:260805[3>0]
NP_001300833	Ensembl.RefSeq_peptide:143037[1];Ensembl.RefSeq_peptide:143037[1>0]	ENSG00000116044	CURATED:182[0];HGNC.Current:22659[1];HGNC.Current:22659[1>0];Ensembl.HGNC:260805[3>0]
NP_001300981	Ensembl.RefSeq_peptide:12533[1];Ensembl.RefSeq_peptide:12533[1>0]	ENSG00000136826	CURATED:144[0];HGNC.Current:14131[1];HGNC.Current:14131[1>0];Ensembl.HGNC:28028[3>0]
NP_001304879	Ensembl.RefSeq_peptide:79884[1];Ensembl.RefSeq_peptide:79884[1>0]	ENSG00000106948	CURATED:2[0];HGNC.Current:787[1];HGNC.Current:787[1>0];Ensembl.HGNC:148750[3>0]
NP_001304881	Ensembl.RefSeq_peptide:79900[1];Ensembl.RefSeq_peptide:79900[1>0]	ENSG00000106948	CURATED:2[0];HGNC.Current:787[1];HGNC.Current:787[1>0];Ensembl.HGNC:148750[3>0]
NP_001306006	Ensembl.RefSeq_peptide:105507[1];Ensembl.RefSeq_peptide:105507[1>0]	ENSG00000137309	CURATED:99[0];HGNC.Current:11744[1];HGNC.Current:11744[1>0];Ensembl.HGNC:193473[3>0]
NP_001306007	Ensembl.RefSeq_peptide:105479[1];Ensembl.RefSeq_peptide:105479[1>0]	ENSG00000137309	CURATED:99[0];HGNC.Current:11744[1];HGNC.Current:11744[1>0];Ensembl.HGNC:193473[3>0]
NP_001306008	Ensembl.RefSeq_peptide:105503[1];Ensembl.RefSeq_peptide:105503[1>0]	ENSG00000137309	CURATED:99[0];HGNC.Current:11744[1];HGNC.Current:11744[1>0];Ensembl.HGNC:193473[3>0]
NP_001306009	Ensembl.RefSeq_peptide:105509[1];Ensembl.RefSeq_peptide:105509[1>0]	ENSG00000137309	CURATED:99[0];HGNC.Current:11744[1];HGNC.Current:11744[1>0];Ensembl.HGNC:193473[3>0]
NP_001306010	Ensembl.RefSeq_peptide:105480[1];Ensembl.RefSeq_peptide:105480[1>0]	ENSG00000137309	CURATED:99[0];HGNC.Current:11744[1];HGNC.Current:11744[1>0];Ensembl.HGNC:193473[3>0]
NP_001306011	Ensembl.RefSeq_peptide:105501[1];Ensembl.RefSeq_peptide:105501[1>0]	ENSG00000137309	CURATED:99[0];HGNC.Current:11744[1];HGNC.Current:11744[1>0];Ensembl.HGNC:193473[3>0]
NP_001306135	Ensembl.RefSeq_peptide:95557[1];Ensembl.RefSeq_peptide:95557[1>0]	ENSG00000068305	CURATED:161[0];HGNC.Current:18376[1];HGNC.Current:18376[1>0];Ensembl.HGNC:175896[3>0]
NP_001306155	Ensembl.RefSeq_peptide:88277[1];Ensembl.RefSeq_peptide:88277[1>0]	ENSG00000109320	CURATED:184[0];HGNC.Current:22673[1];HGNC.Current:22673[1>0];Ensembl.HGNC:162880[3>0]
NP_001307312	Ensembl.RefSeq_peptide:11392[1];Ensembl.RefSeq_peptide:11392[1>0]	ENSG00000160221	CURATED:90[0];HGNC.Current:11563[1];HGNC.Current:10083[8>1];HGNC.Current:10083[1];HGNC.Current:10083[1>0];Ensembl.HGNC:25032[3>0]
NP_001307313	Ensembl.RefSeq_peptide:11342[1];Ensembl.RefSeq_peptide:11342[1>0]	ENSG00000160221	CURATED:90[0];HGNC.Current:11563[1];HGNC.Current:10083[8>1];HGNC.Current:10083[1];HGNC.Current:10083[1>0];Ensembl.HGNC:25032[3>0]
NP_001307601	Ensembl.RefSeq_peptide:149395[1];Ensembl.RefSeq_peptide:149395[1>0]	ENSG00000020633	CURATED:216[0];HGNC.Current:34454[1];HGNC.Current:34454[1>0];Ensembl.HGNC:273507[3>0]
NP_001307722	Ensembl.RefSeq_peptide:135319[1];Ensembl.RefSeq_peptide:135319[1>0]	ENSG00000118260	CURATED:24[0];HGNC.Current:5501[1];HGNC.Current:5501[1>0];Ensembl.HGNC:246988[3>0]
NP_001307966	Ensembl.RefSeq_peptide:59254[1];Ensembl.RefSeq_peptide:59254[1>0]	ENSG00000122877	CURATED:41[0];HGNC.Current:7620[1];HGNC.Current:7620[1>0];Ensembl.HGNC:114586[3>0]
NP_001308049	Ensembl.RefSeq_peptide:140004[1];Ensembl.RefSeq_peptide:140004[1>0]	ENSG00000121075	CURATED:249[0];HGNC.Current:38455[1];HGNC.Current:38455[1>0];Ensembl.HGNC:255722[3>0]
NP_001308079	Ensembl.RefSeq_peptide:112888[1];Ensembl.RefSeq_peptide:112888[1>0]	ENSG00000105698	CURATED:266[0];HGNC.Current:41753[1];HGNC.Current:41753[1>0];Ensembl.HGNC:206880[3>0]
NP_001309800	Ensembl.RefSeq_peptide:130935[1];Ensembl.RefSeq_peptide:130935[1>0]	ENSG00000182568	CURATED:220[0];HGNC.Current:34631[1];HGNC.Current:34631[1>0];Ensembl.HGNC:237609[3>0]
NP_001309801	Ensembl.RefSeq_peptide:130942[1];Ensembl.RefSeq_peptide:130942[1>0]	ENSG00000182568	CURATED:220[0];HGNC.Current:34631[1];HGNC.Current:34631[1>0];Ensembl.HGNC:237609[3>0]
NP_001309802	Ensembl.RefSeq_peptide:130932[1];Ensembl.RefSeq_peptide:130932[1>0]	ENSG00000182568	CURATED:220[0];HGNC.Current:34631[1];HGNC.Current:34631[1>0];Ensembl.HGNC:237609[3>0]
NP_001309803	Ensembl.RefSeq_peptide:130943[1];Ensembl.RefSeq_peptide:130943[1>0]	ENSG00000182568	CURATED:220[0];HGNC.Current:34631[1];HGNC.Current:34631[1>0];Ensembl.HGNC:237609[3>0]
NP_001309804	Ensembl.RefSeq_peptide:130933[1];Ensembl.RefSeq_peptide:130933[1>0]	ENSG00000182568	CURATED:220[0];HGNC.Current:34631[1];HGNC.Current:34631[1>0];Ensembl.HGNC:237609[3>0]
NP_001309805	Ensembl.RefSeq_peptide:130941[1];Ensembl.RefSeq_peptide:130941[1>0]	ENSG00000182568	CURATED:220[0];HGNC.Current:34631[1];HGNC.Current:34631[1>0];Ensembl.HGNC:237609[3>0]
NP_001310570	Ensembl.RefSeq_peptide:46473[1];Ensembl.RefSeq_peptide:46473[1>0]	ENSG00000148516	CURATED:271[0];HGNC.Current:42924[1];HGNC.Current:42924[1>0];Ensembl.HGNC:92740[3>0]
NP_001310571	Ensembl.RefSeq_peptide:46501[1];Ensembl.RefSeq_peptide:46501[1>0]	ENSG00000148516	CURATED:271[0];HGNC.Current:42924[1];HGNC.Current:42924[1>0];Ensembl.HGNC:92740[3>0]
NP_001310572	Ensembl.RefSeq_peptide:46499[1];Ensembl.RefSeq_peptide:46499[1>0]	ENSG00000148516	CURATED:271[0];HGNC.Current:42924[1];HGNC.Current:42924[1>0];Ensembl.HGNC:92740[3>0]
NP_001310573	Ensembl.RefSeq_peptide:46506[1];Ensembl.RefSeq_peptide:46506[1>0]	ENSG00000148516	CURATED:271[0];HGNC.Current:42924[1];HGNC.Current:42924[1>0];Ensembl.HGNC:92740[3>0]
NP_001310574	Ensembl.RefSeq_peptide:46494[1];Ensembl.RefSeq_peptide:46494[1>0]	ENSG00000148516	CURATED:271[0];HGNC.Current:42924[1];HGNC.Current:42924[1>0];Ensembl.HGNC:92740[3>0]
NP_001310575	Ensembl.RefSeq_peptide:46498[1];Ensembl.RefSeq_peptide:46498[1>0]	ENSG00000148516	CURATED:271[0];HGNC.Current:42924[1];HGNC.Current:42924[1>0];Ensembl.HGNC:92740[3>0]
NP_001310576	Ensembl.RefSeq_peptide:46472[1];Ensembl.RefSeq_peptide:46472[1>0]	ENSG00000148516	CURATED:271[0];HGNC.Current:42924[1];HGNC.Current:42924[1>0];Ensembl.HGNC:92740[3>0]
NP_001310577	Ensembl.RefSeq_peptide:46481[1];Ensembl.RefSeq_peptide:46481[1>0]	ENSG00000148516	CURATED:271[0];HGNC.Current:42924[1];HGNC.Current:42924[1>0];Ensembl.HGNC:92740[3>0]
NP_001310578	Ensembl.RefSeq_peptide:46480[1];Ensembl.RefSeq_peptide:46480[1>0]	ENSG00000148516	CURATED:271[0];HGNC.Current:42924[1];HGNC.Current:42924[1>0];Ensembl.HGNC:92740[3>0]
NP_001310579	Ensembl.RefSeq_peptide:46474[1];Ensembl.RefSeq_peptide:46474[1>0]	ENSG00000148516	CURATED:271[0];HGNC.Current:42924[1];HGNC.Current:42924[1>0];Ensembl.HGNC:92740[3>0]
NP_001310580	Ensembl.RefSeq_peptide:46484[1];Ensembl.RefSeq_peptide:46484[1>0]	ENSG00000148516	CURATED:271[0];HGNC.Current:42924[1];HGNC.Current:42924[1>0];Ensembl.HGNC:92740[3>0]
NP_001310581	Ensembl.RefSeq_peptide:46485[1];Ensembl.RefSeq_peptide:46485[1>0]	ENSG00000148516	CURATED:271[0];HGNC.Current:42924[1];HGNC.Current:42924[1>0];Ensembl.HGNC:92740[3>0]
NP_001310582	Ensembl.RefSeq_peptide:46482[1];Ensembl.RefSeq_peptide:46482[1>0]	ENSG00000148516	CURATED:271[0];HGNC.Current:42924[1];HGNC.Current:42924[1>0];Ensembl.HGNC:92740[3>0]
NP_001310583	Ensembl.RefSeq_peptide:46475[1];Ensembl.RefSeq_peptide:46475[1>0]	ENSG00000148516	CURATED:271[0];HGNC.Current:42924[1];HGNC.Current:42924[1>0];Ensembl.HGNC:92740[3>0]
NP_001310584	Ensembl.RefSeq_peptide:46477[1];Ensembl.RefSeq_peptide:46477[1>0]	ENSG00000148516	CURATED:271[0];HGNC.Current:42924[1];HGNC.Current:42924[1>0];Ensembl.HGNC:92740[3>0]
NP_001310585	Ensembl.RefSeq_peptide:46479[1];Ensembl.RefSeq_peptide:46479[1>0]	ENSG00000148516	CURATED:271[0];HGNC.Current:42924[1];HGNC.Current:42924[1>0];Ensembl.HGNC:92740[3>0]
NP_001310586	Ensembl.RefSeq_peptide:46486[1];Ensembl.RefSeq_peptide:46486[1>0]	ENSG00000148516	CURATED:271[0];HGNC.Current:42924[1];HGNC.Current:42924[1>0];Ensembl.HGNC:92740[3>0]
NP_001310587	Ensembl.RefSeq_peptide:46507[1];Ensembl.RefSeq_peptide:46507[1>0]	ENSG00000148516	CURATED:271[0];HGNC.Current:42924[1];HGNC.Current:42924[1>0];Ensembl.HGNC:92740[3>0]
NP_001310588	Ensembl.RefSeq_peptide:46478[1];Ensembl.RefSeq_peptide:46478[1>0]	ENSG00000148516	CURATED:271[0];HGNC.Current:42924[1];HGNC.Current:42924[1>0];Ensembl.HGNC:92740[3>0]
NP_001310589	Ensembl.RefSeq_peptide:46483[1];Ensembl.RefSeq_peptide:46483[1>0]	ENSG00000148516	CURATED:271[0];HGNC.Current:42924[1];HGNC.Current:42924[1>0];Ensembl.HGNC:92740[3>0]
NP_001310590	Ensembl.RefSeq_peptide:46497[1];Ensembl.RefSeq_peptide:46497[1>0]	ENSG00000148516	CURATED:271[0];HGNC.Current:42924[1];HGNC.Current:42924[1>0];Ensembl.HGNC:92740[3>0]
NP_001310591	Ensembl.RefSeq_peptide:46524[1];Ensembl.RefSeq_peptide:46524[1>0]	ENSG00000148516	CURATED:271[0];HGNC.Current:42924[1];HGNC.Current:42924[1>0];Ensembl.HGNC:92740[3>0]
NP_001310592	Ensembl.RefSeq_peptide:46519[1];Ensembl.RefSeq_peptide:46519[1>0]	ENSG00000148516	CURATED:271[0];HGNC.Current:42924[1];HGNC.Current:42924[1>0];Ensembl.HGNC:92740[3>0]
NP_001310593	Ensembl.RefSeq_peptide:46522[1];Ensembl.RefSeq_peptide:46522[1>0]	ENSG00000148516	CURATED:271[0];HGNC.Current:42924[1];HGNC.Current:42924[1>0];Ensembl.HGNC:92740[3>0]
NP_001310594	Ensembl.RefSeq_peptide:46521[1];Ensembl.RefSeq_peptide:46521[1>0]	ENSG00000148516	CURATED:271[0];HGNC.Current:42924[1];HGNC.Current:42924[1>0];Ensembl.HGNC:92740[3>0]
NP_001310595	Ensembl.RefSeq_peptide:46487[1];Ensembl.RefSeq_peptide:46487[1>0]	ENSG00000148516	CURATED:271[0];HGNC.Current:42924[1];HGNC.Current:42924[1>0];Ensembl.HGNC:92740[3>0]
NP_001310600	Ensembl.RefSeq_peptide:46493[1];Ensembl.RefSeq_peptide:46493[1>0]	ENSG00000148516	CURATED:271[0];HGNC.Current:42924[1];HGNC.Current:42924[1>0];Ensembl.HGNC:92740[3>0]
NP_001310601	Ensembl.RefSeq_peptide:46500[1];Ensembl.RefSeq_peptide:46500[1>0]	ENSG00000148516	CURATED:271[0];HGNC.Current:42924[1];HGNC.Current:42924[1>0];Ensembl.HGNC:92740[3>0]
NP_001310602	Ensembl.RefSeq_peptide:46496[1];Ensembl.RefSeq_peptide:46496[1>0]	ENSG00000148516	CURATED:271[0];HGNC.Current:42924[1];HGNC.Current:42924[1>0];Ensembl.HGNC:92740[3>0]
NP_001310603	Ensembl.RefSeq_peptide:46476[1];Ensembl.RefSeq_peptide:46476[1>0]	ENSG00000148516	CURATED:271[0];HGNC.Current:42924[1];HGNC.Current:42924[1>0];Ensembl.HGNC:92740[3>0]
NP_001310604	Ensembl.RefSeq_peptide:46488[1];Ensembl.RefSeq_peptide:46488[1>0]	ENSG00000148516	CURATED:271[0];HGNC.Current:42924[1];HGNC.Current:42924[1>0];Ensembl.HGNC:92740[3>0]
NP_001310605	Ensembl.RefSeq_peptide:46495[1];Ensembl.RefSeq_peptide:46495[1>0]	ENSG00000148516	CURATED:271[0];HGNC.Current:42924[1];HGNC.Current:42924[1>0];Ensembl.HGNC:92740[3>0]
NP_001310606	Ensembl.RefSeq_peptide:46470[1];Ensembl.RefSeq_peptide:46470[1>0]	ENSG00000148516	CURATED:271[0];HGNC.Current:42924[1];HGNC.Current:42924[1>0];Ensembl.HGNC:92740[3>0]
NP_001310607	Ensembl.RefSeq_peptide:46523[1];Ensembl.RefSeq_peptide:46523[1>0]	ENSG00000148516	CURATED:271[0];HGNC.Current:42924[1];HGNC.Current:42924[1>0];Ensembl.HGNC:92740[3>0]
NP_001311028	Ensembl.RefSeq_peptide:7419[1];Ensembl.RefSeq_peptide:7419[1>0]	ENSG00000102349	CURATED:148[0];HGNC.Current:14138[1];HGNC.Current:14138[1>0];Ensembl.HGNC:17096[3>0]
NP_001311029	Ensembl.RefSeq_peptide:7406[1];Ensembl.RefSeq_peptide:7406[1>0]	ENSG00000102349	CURATED:148[0];HGNC.Current:14138[1];HGNC.Current:14138[1>0];Ensembl.HGNC:17096[3>0]
NP_001311030	Ensembl.RefSeq_peptide:143319[1];Ensembl.RefSeq_peptide:143319[1>0]	ENSG00000164330	CURATED:36[0];HGNC.Current:7389[1];HGNC.Current:7389[1>0];Ensembl.HGNC:261467[3>0]
NP_001311031	Ensembl.RefSeq_peptide:7409[1];Ensembl.RefSeq_peptide:7409[1>0]	ENSG00000102349	CURATED:148[0];HGNC.Current:14138[1];HGNC.Current:14138[1>0];Ensembl.HGNC:17096[3>0]
NP_001311032	Ensembl.RefSeq_peptide:143311[1];Ensembl.RefSeq_peptide:143311[1>0]	ENSG00000164330	CURATED:36[0];HGNC.Current:7389[1];HGNC.Current:7389[1>0];Ensembl.HGNC:261467[3>0]
NP_001311033	Ensembl.RefSeq_peptide:7405[1];Ensembl.RefSeq_peptide:7405[1>0]	ENSG00000102349	CURATED:148[0];HGNC.Current:14138[1];HGNC.Current:14138[1>0];Ensembl.HGNC:17096[3>0]
NP_001311034	Ensembl.RefSeq_peptide:7407[1];Ensembl.RefSeq_peptide:7407[1>0]	ENSG00000102349	CURATED:148[0];HGNC.Current:14138[1];HGNC.Current:14138[1>0];Ensembl.HGNC:17096[3>0]
NP_001311035	Ensembl.RefSeq_peptide:143314[1];Ensembl.RefSeq_peptide:143314[1>0]	ENSG00000164330	CURATED:36[0];HGNC.Current:7389[1];HGNC.Current:7389[1>0];Ensembl.HGNC:261467[3>0]
NP_001311036	Ensembl.RefSeq_peptide:143320[1];Ensembl.RefSeq_peptide:143320[1>0]	ENSG00000164330	CURATED:36[0];HGNC.Current:7389[1];HGNC.Current:7389[1>0];Ensembl.HGNC:261467[3>0]
NP_001311037	Ensembl.RefSeq_peptide:143310[1];Ensembl.RefSeq_peptide:143310[1>0]	ENSG00000164330	CURATED:36[0];HGNC.Current:7389[1];HGNC.Current:7389[1>0];Ensembl.HGNC:261467[3>0]
NP_001311038	Ensembl.RefSeq_peptide:143324[1];Ensembl.RefSeq_peptide:143324[1>0]	ENSG00000164330	CURATED:36[0];HGNC.Current:7389[1];HGNC.Current:7389[1>0];Ensembl.HGNC:261467[3>0]
NP_001311040	Ensembl.RefSeq_peptide:143312[1];Ensembl.RefSeq_peptide:143312[1>0]	ENSG00000164330	CURATED:36[0];HGNC.Current:7389[1];HGNC.Current:7389[1>0];Ensembl.HGNC:261467[3>0]
NP_001313471	Ensembl.RefSeq_peptide:10116[1];Ensembl.RefSeq_peptide:10116[1>0]	ENSG00000105866	CURATED:235[0];HGNC.Current:37163[1];HGNC.Current:37163[1>0];Ensembl.HGNC:22722[3>0]
NP_001313472	Ensembl.RefSeq_peptide:10115[1];Ensembl.RefSeq_peptide:10115[1>0]	ENSG00000105866	CURATED:235[0];HGNC.Current:37163[1];HGNC.Current:37163[1>0];Ensembl.HGNC:22722[3>0]
NP_001317304	Ensembl.RefSeq_peptide:138239[1];Ensembl.RefSeq_peptide:138239[1>0]	ENSG00000108924	CURATED:97[0];HGNC.Current:11726[1];HGNC.Current:11726[1>0];Ensembl.HGNC:252335[3>0]
NP_001317380	Ensembl.RefSeq_peptide:132428[1];Ensembl.RefSeq_peptide:132428[1>0]	ENSG00000134954	CURATED:50[0];HGNC.Current:8351[1];HGNC.Current:8351[1>0];Ensembl.HGNC:242014[3>0]
NP_001317533	Ensembl.RefSeq_peptide:7675[1];Ensembl.RefSeq_peptide:7675[1>0]	ENSG00000196628	CURATED:254[0];HGNC.Current:38510[1];HGNC.Current:38510[1>0];Ensembl.HGNC:12536[3>0]
NP_001317534	Ensembl.RefSeq_peptide:7848[1];Ensembl.RefSeq_peptide:7848[1>0]	ENSG00000196628	CURATED:254[0];HGNC.Current:38510[1];HGNC.Current:38510[1>0];Ensembl.HGNC:12536[3>0]
NP_001317658	Ensembl.RefSeq_peptide:144813[1];Ensembl.RefSeq_peptide:144813[1>0]	ENSG00000168036	CURATED:26[0];HGNC.Current:5816[1];HGNC.Current:5816[1>0];Ensembl.HGNC:263315[3>0]
NP_001317954	Ensembl.RefSeq_peptide:6894[1];Ensembl.RefSeq_peptide:6894[1>0]	ENSG00000157554	CURATED:49[0];HGNC.Current:8145[1];HGNC.Current:8145[1>0];Ensembl.HGNC:15734[3>0]
NP_001317965	Ensembl.RefSeq_peptide:79758[1];Ensembl.RefSeq_peptide:79758[1>0]	ENSG00000109381	CURATED:43[0];HGNC.Current:7811[1];HGNC.Current:7811[1>0];Ensembl.HGNC:148522[3>0]
NP_001333354	Ensembl.RefSeq_peptide:140744[1];Ensembl.RefSeq_peptide:140744[1>0]	ENSG00000081059	CURATED:255[0];HGNC.Current:38513[1];HGNC.Current:38513[1>0];Ensembl.HGNC:256964[3>0]
NP_001333379	Ensembl.RefSeq_peptide:140778[1];Ensembl.RefSeq_peptide:140778[1>0]	ENSG00000081059	CURATED:255[0];HGNC.Current:38513[1];HGNC.Current:38513[1>0];Ensembl.HGNC:256964[3>0]
NP_001335140	Ensembl.RefSeq_peptide:8137[1];Ensembl.RefSeq_peptide:8137[1>0]	ENSG00000196628	CURATED:254[0];HGNC.Current:38510[1];HGNC.Current:38510[1>0];Ensembl.HGNC:12536[3>0]
NP_001335141	Ensembl.RefSeq_peptide:8181[1];Ensembl.RefSeq_peptide:8181[1>0]	ENSG00000196628	CURATED:254[0];HGNC.Current:38510[1];HGNC.Current:38510[1>0];Ensembl.HGNC:12536[3>0]
NP_001335142	Ensembl.RefSeq_peptide:8173[1];Ensembl.RefSeq_peptide:8173[1>0]	ENSG00000196628	CURATED:254[0];HGNC.Current:38510[1];HGNC.Current:38510[1>0];Ensembl.HGNC:12536[3>0]
NP_001335143	Ensembl.RefSeq_peptide:8113[1];Ensembl.RefSeq_peptide:8113[1>0]	ENSG00000196628	CURATED:254[0];HGNC.Current:38510[1];HGNC.Current:38510[1>0];Ensembl.HGNC:12536[3>0]
NP_001335144	Ensembl.RefSeq_peptide:7858[1];Ensembl.RefSeq_peptide:7858[1>0]	ENSG00000196628	CURATED:254[0];HGNC.Current:38510[1];HGNC.Current:38510[1>0];Ensembl.HGNC:12536[3>0]
NP_001335145	Ensembl.RefSeq_peptide:8188[1];Ensembl.RefSeq_peptide:8188[1>0]	ENSG00000196628	CURATED:254[0];HGNC.Current:38510[1];HGNC.Current:38510[1>0];Ensembl.HGNC:12536[3>0]
NP_001335146	Ensembl.RefSeq_peptide:8132[1];Ensembl.RefSeq_peptide:8132[1>0]	ENSG00000196628	CURATED:254[0];HGNC.Current:38510[1];HGNC.Current:38510[1>0];Ensembl.HGNC:12536[3>0]
NP_001335147	Ensembl.RefSeq_peptide:8131[1];Ensembl.RefSeq_peptide:8131[1>0]	ENSG00000196628	CURATED:254[0];HGNC.Current:38510[1];HGNC.Current:38510[1>0];Ensembl.HGNC:12536[3>0]
NP_001335148	Ensembl.RefSeq_peptide:8141[1];Ensembl.RefSeq_peptide:8141[1>0]	ENSG00000196628	CURATED:254[0];HGNC.Current:38510[1];HGNC.Current:38510[1>0];Ensembl.HGNC:12536[3>0]
NP_001335149	Ensembl.RefSeq_peptide:8160[1];Ensembl.RefSeq_peptide:8160[1>0]	ENSG00000196628	CURATED:254[0];HGNC.Current:38510[1];HGNC.Current:38510[1>0];Ensembl.HGNC:12536[3>0]
NP_001335729	Ensembl.RefSeq_peptide:133846[1];Ensembl.RefSeq_peptide:133846[1>0]	ENSG00000181722	CURATED:270[0];HGNC.Current:42809[1];HGNC.Current:42809[1>0];Ensembl.HGNC:244837[3>0]
NP_001335730	Ensembl.RefSeq_peptide:133850[1];Ensembl.RefSeq_peptide:133850[1>0]	ENSG00000181722	CURATED:270[0];HGNC.Current:42809[1];HGNC.Current:42809[1>0];Ensembl.HGNC:244837[3>0]
NP_001335731	Ensembl.RefSeq_peptide:133851[1];Ensembl.RefSeq_peptide:133851[1>0]	ENSG00000181722	CURATED:270[0];HGNC.Current:42809[1];HGNC.Current:42809[1>0];Ensembl.HGNC:244837[3>0]
NP_001335732	Ensembl.RefSeq_peptide:133847[1];Ensembl.RefSeq_peptide:133847[1>0]	ENSG00000181722	CURATED:270[0];HGNC.Current:42809[1];HGNC.Current:42809[1>0];Ensembl.HGNC:244837[3>0]
NP_001335733	Ensembl.RefSeq_peptide:133852[1];Ensembl.RefSeq_peptide:133852[1>0]	ENSG00000181722	CURATED:270[0];HGNC.Current:42809[1];HGNC.Current:42809[1>0];Ensembl.HGNC:244837[3>0]
NP_001335734	Ensembl.RefSeq_peptide:133853[1];Ensembl.RefSeq_peptide:133853[1>0]	ENSG00000181722	CURATED:270[0];HGNC.Current:42809[1];HGNC.Current:42809[1>0];Ensembl.HGNC:244837[3>0]
NP_001335857	Ensembl.RefSeq_peptide:121171[1];Ensembl.RefSeq_peptide:121171[1>0]	ENSG00000121570	CURATED:33[0];HGNC.Current:7060[1];HGNC.Current:7060[1>0];Ensembl.HGNC:220992[3>0]
NP_001335858	Ensembl.RefSeq_peptide:121172[1];Ensembl.RefSeq_peptide:121172[1>0]	ENSG00000121570	CURATED:33[0];HGNC.Current:7060[1];HGNC.Current:7060[1>0];Ensembl.HGNC:220992[3>0]
NP_001336266	Ensembl.RefSeq_peptide:110816[1];Ensembl.RefSeq_peptide:110816[1>0]	ENSG00000114861	CURATED:73[0];HGNC.Current:9478[1];HGNC.Current:9478[1>0];Ensembl.HGNC:201807[3>0]
NP_001336267	Ensembl.RefSeq_peptide:110694[1];Ensembl.RefSeq_peptide:110694[1>0]	ENSG00000114861	CURATED:73[0];HGNC.Current:9478[1];HGNC.Current:9478[1>0];Ensembl.HGNC:201807[3>0]
NP_001336269	Ensembl.RefSeq_peptide:110693[1];Ensembl.RefSeq_peptide:110693[1>0]	ENSG00000114861	CURATED:73[0];HGNC.Current:9478[1];HGNC.Current:9478[1>0];Ensembl.HGNC:201807[3>0]
NP_001336270	Ensembl.RefSeq_peptide:110813[1];Ensembl.RefSeq_peptide:110813[1>0]	ENSG00000114861	CURATED:73[0];HGNC.Current:9478[1];HGNC.Current:9478[1>0];Ensembl.HGNC:201807[3>0]
NP_001336271	Ensembl.RefSeq_peptide:110833[1];Ensembl.RefSeq_peptide:110833[1>0]	ENSG00000114861	CURATED:73[0];HGNC.Current:9478[1];HGNC.Current:9478[1>0];Ensembl.HGNC:201807[3>0]
NP_001336272	Ensembl.RefSeq_peptide:110831[1];Ensembl.RefSeq_peptide:110831[1>0]	ENSG00000114861	CURATED:73[0];HGNC.Current:9478[1];HGNC.Current:9478[1>0];Ensembl.HGNC:201807[3>0]
NP_001336273	Ensembl.RefSeq_peptide:110777[1];Ensembl.RefSeq_peptide:110777[1>0]	ENSG00000114861	CURATED:73[0];HGNC.Current:9478[1];HGNC.Current:9478[1>0];Ensembl.HGNC:201807[3>0]
NP_001336537	Ensembl.RefSeq_peptide:150244[1];Ensembl.RefSeq_peptide:150244[1>0]	ENSG00000171735	CURATED:14[0];HGNC.Current:3339[1];HGNC.Current:3339[1>0];Ensembl.HGNC:275261[3>0]
NP_001336538	Ensembl.RefSeq_peptide:150255[1];Ensembl.RefSeq_peptide:150255[1>0]	ENSG00000171735	CURATED:14[0];HGNC.Current:3339[1];HGNC.Current:3339[1>0];Ensembl.HGNC:275261[3>0]
NP_001336539	Ensembl.RefSeq_peptide:150250[1];Ensembl.RefSeq_peptide:150250[1>0]	ENSG00000171735	CURATED:14[0];HGNC.Current:3339[1];HGNC.Current:3339[1>0];Ensembl.HGNC:275261[3>0]
NP_001336541	Ensembl.RefSeq_peptide:150251[1];Ensembl.RefSeq_peptide:150251[1>0]	ENSG00000171735	CURATED:14[0];HGNC.Current:3339[1];HGNC.Current:3339[1>0];Ensembl.HGNC:275261[3>0]
NP_001336542	Ensembl.RefSeq_peptide:150265[1];Ensembl.RefSeq_peptide:150265[1>0]	ENSG00000171735	CURATED:14[0];HGNC.Current:3339[1];HGNC.Current:3339[1>0];Ensembl.HGNC:275261[3>0]
NP_001336543	Ensembl.RefSeq_peptide:150277[1];Ensembl.RefSeq_peptide:150277[1>0]	ENSG00000171735	CURATED:14[0];HGNC.Current:3339[1];HGNC.Current:3339[1>0];Ensembl.HGNC:275261[3>0]
NP_001336544	Ensembl.RefSeq_peptide:150274[1];Ensembl.RefSeq_peptide:150274[1>0]	ENSG00000171735	CURATED:14[0];HGNC.Current:3339[1];HGNC.Current:3339[1>0];Ensembl.HGNC:275261[3>0]
NP_001336545	Ensembl.RefSeq_peptide:150263[1];Ensembl.RefSeq_peptide:150263[1>0]	ENSG00000171735	CURATED:14[0];HGNC.Current:3339[1];HGNC.Current:3339[1>0];Ensembl.HGNC:275261[3>0]
NP_001336546	Ensembl.RefSeq_peptide:150267[1];Ensembl.RefSeq_peptide:150267[1>0]	ENSG00000171735	CURATED:14[0];HGNC.Current:3339[1];HGNC.Current:3339[1>0];Ensembl.HGNC:275261[3>0]
NP_001336547	Ensembl.RefSeq_peptide:150268[1];Ensembl.RefSeq_peptide:150268[1>0]	ENSG00000171735	CURATED:14[0];HGNC.Current:3339[1];HGNC.Current:3339[1>0];Ensembl.HGNC:275261[3>0]
NP_001336548	Ensembl.RefSeq_peptide:150273[1];Ensembl.RefSeq_peptide:150273[1>0]	ENSG00000171735	CURATED:14[0];HGNC.Current:3339[1];HGNC.Current:3339[1>0];Ensembl.HGNC:275261[3>0]
NP_001336549	Ensembl.RefSeq_peptide:150272[1];Ensembl.RefSeq_peptide:150272[1>0]	ENSG00000171735	CURATED:14[0];HGNC.Current:3339[1];HGNC.Current:3339[1>0];Ensembl.HGNC:275261[3>0]
NP_001336550	Ensembl.RefSeq_peptide:150278[1];Ensembl.RefSeq_peptide:150278[1>0]	ENSG00000171735	CURATED:14[0];HGNC.Current:3339[1];HGNC.Current:3339[1>0];Ensembl.HGNC:275261[3>0]
NP_001336551	Ensembl.RefSeq_peptide:150279[1];Ensembl.RefSeq_peptide:150279[1>0]	ENSG00000171735	CURATED:14[0];HGNC.Current:3339[1];HGNC.Current:3339[1>0];Ensembl.HGNC:275261[3>0]
NP_001336552	Ensembl.RefSeq_peptide:150275[1];Ensembl.RefSeq_peptide:150275[1>0]	ENSG00000171735	CURATED:14[0];HGNC.Current:3339[1];HGNC.Current:3339[1>0];Ensembl.HGNC:275261[3>0]
NP_001336553	Ensembl.RefSeq_peptide:150276[1];Ensembl.RefSeq_peptide:150276[1>0]	ENSG00000171735	CURATED:14[0];HGNC.Current:3339[1];HGNC.Current:3339[1>0];Ensembl.HGNC:275261[3>0]
NP_001336554	Ensembl.RefSeq_peptide:150266[1];Ensembl.RefSeq_peptide:150266[1>0]	ENSG00000171735	CURATED:14[0];HGNC.Current:3339[1];HGNC.Current:3339[1>0];Ensembl.HGNC:275261[3>0]
NP_001336555	Ensembl.RefSeq_peptide:150264[1];Ensembl.RefSeq_peptide:150264[1>0]	ENSG00000171735	CURATED:14[0];HGNC.Current:3339[1];HGNC.Current:3339[1>0];Ensembl.HGNC:275261[3>0]
NP_001336556	Ensembl.RefSeq_peptide:150254[1];Ensembl.RefSeq_peptide:150254[1>0]	ENSG00000171735	CURATED:14[0];HGNC.Current:3339[1];HGNC.Current:3339[1>0];Ensembl.HGNC:275261[3>0]
NP_001336799	Ensembl.RefSeq_peptide:84320[1];Ensembl.RefSeq_peptide:84320[1>0]	ENSG00000148737	CURATED:254[0];HGNC.Current:38510[1];HGNC.Current:38516[10>1];HGNC.Current:38516[1];HGNC.Current:38516[1>0];Ensembl.HGNC:152776[3>0]
NP_001336800	Ensembl.RefSeq_peptide:84305[1];Ensembl.RefSeq_peptide:84305[1>0]	ENSG00000148737	CURATED:254[0];HGNC.Current:38510[1];HGNC.Current:38516[10>1];HGNC.Current:38516[1];HGNC.Current:38516[1>0];Ensembl.HGNC:152776[3>0]
NP_001338707	Ensembl.RefSeq_peptide:122999[1];Ensembl.RefSeq_peptide:122999[1>0]	ENSG00000071564	CURATED:253[0];HGNC.Current:38508[1];HGNC.Current:38508[1>0];Ensembl.HGNC:224257[3>0]
NP_001338708	Ensembl.RefSeq_peptide:123029[1];Ensembl.RefSeq_peptide:123029[1>0]	ENSG00000071564	CURATED:253[0];HGNC.Current:38508[1];HGNC.Current:38508[1>0];Ensembl.HGNC:224257[3>0]
NP_001339374	Ensembl.RefSeq_peptide:91016[1];Ensembl.RefSeq_peptide:91016[1>0]	ENSG00000095794	CURATED:25[0];HGNC.Current:5517[1];HGNC.Current:5517[1>0];Ensembl.HGNC:166924[3>0]
NP_001339375	Ensembl.RefSeq_peptide:90294[1];Ensembl.RefSeq_peptide:90294[1>0]	ENSG00000095794	CURATED:25[0];HGNC.Current:5517[1];HGNC.Current:5517[1>0];Ensembl.HGNC:166924[3>0]
NP_001339394	Ensembl.RefSeq_peptide:90293[1];Ensembl.RefSeq_peptide:90293[1>0]	ENSG00000095794	CURATED:25[0];HGNC.Current:5517[1];HGNC.Current:5517[1>0];Ensembl.HGNC:166924[3>0]
NP_001339395	Ensembl.RefSeq_peptide:90806[1];Ensembl.RefSeq_peptide:90806[1>0]	ENSG00000095794	CURATED:25[0];HGNC.Current:5517[1];HGNC.Current:5517[1>0];Ensembl.HGNC:166924[3>0]
NP_001339396	Ensembl.RefSeq_peptide:90805[1];Ensembl.RefSeq_peptide:90805[1>0]	ENSG00000095794	CURATED:25[0];HGNC.Current:5517[1];HGNC.Current:5517[1>0];Ensembl.HGNC:166924[3>0]
NP_001339543	Ensembl.RefSeq_peptide:95537[1];Ensembl.RefSeq_peptide:95537[1>0]	ENSG00000068305	CURATED:161[0];HGNC.Current:18376[1];HGNC.Current:18376[1>0];Ensembl.HGNC:175896[3>0]
NP_001339544	Ensembl.RefSeq_peptide:95531[1];Ensembl.RefSeq_peptide:95531[1>0]	ENSG00000068305	CURATED:161[0];HGNC.Current:18376[1];HGNC.Current:18376[1>0];Ensembl.HGNC:175896[3>0]
NP_001339545	Ensembl.RefSeq_peptide:95561[1];Ensembl.RefSeq_peptide:95561[1>0]	ENSG00000068305	CURATED:161[0];HGNC.Current:18376[1];HGNC.Current:18376[1>0];Ensembl.HGNC:175896[3>0]
NP_001339546	Ensembl.RefSeq_peptide:95476[1];Ensembl.RefSeq_peptide:95476[1>0]	ENSG00000068305	CURATED:161[0];HGNC.Current:18376[1];HGNC.Current:18376[1>0];Ensembl.HGNC:175896[3>0]
NP_001339547	Ensembl.RefSeq_peptide:95471[1];Ensembl.RefSeq_peptide:95471[1>0]	ENSG00000068305	CURATED:161[0];HGNC.Current:18376[1];HGNC.Current:18376[1>0];Ensembl.HGNC:175896[3>0]
NP_001340059	Ensembl.RefSeq_peptide:147948[1];Ensembl.RefSeq_peptide:147948[1>0]	ENSG00000185630	CURATED:199[0];HGNC.Current:24905[1];HGNC.Current:24905[1>0];Ensembl.HGNC:269930[3>0]
NP_001340060	Ensembl.RefSeq_peptide:147940[1];Ensembl.RefSeq_peptide:147940[1>0]	ENSG00000185630	CURATED:199[0];HGNC.Current:24905[1];HGNC.Current:24905[1>0];Ensembl.HGNC:269930[3>0]
NP_001341533	Ensembl.RefSeq_peptide:141409[1];Ensembl.RefSeq_peptide:141409[1>0]	ENSG00000187098	CURATED:169[0];HGNC.Current:20644[1];HGNC.Current:20644[1>0];Ensembl.HGNC:258015[3>0]
NP_001341534	Ensembl.RefSeq_peptide:141408[1];Ensembl.RefSeq_peptide:141408[1>0]	ENSG00000187098	CURATED:169[0];HGNC.Current:20644[1];HGNC.Current:20644[1>0];Ensembl.HGNC:258015[3>0]
NP_001341535	Ensembl.RefSeq_peptide:141411[1];Ensembl.RefSeq_peptide:141411[1>0]	ENSG00000187098	CURATED:169[0];HGNC.Current:20644[1];HGNC.Current:20644[1>0];Ensembl.HGNC:258015[3>0]
NP_001341536	Ensembl.RefSeq_peptide:141397[1];Ensembl.RefSeq_peptide:141397[1>0]	ENSG00000187098	CURATED:169[0];HGNC.Current:20644[1];HGNC.Current:20644[1>0];Ensembl.HGNC:258015[3>0]
NP_001341537	Ensembl.RefSeq_peptide:141417[1];Ensembl.RefSeq_peptide:141417[1>0]	ENSG00000187098	CURATED:169[0];HGNC.Current:20644[1];HGNC.Current:20644[1>0];Ensembl.HGNC:258015[3>0]
NP_001341629	Ensembl.RefSeq_peptide:20492[1];Ensembl.RefSeq_peptide:20492[1>0]	ENSG00000165556	CURATED:16[0];HGNC.Current:4223[1];HGNC.Current:4223[1>0];Ensembl.HGNC:44351[3>0]
NP_001341679	Ensembl.RefSeq_peptide:88458[1];Ensembl.RefSeq_peptide:88458[1>0]	ENSG00000109906	CURATED:269[0];HGNC.Current:42806[1];HGNC.Current:42806[1>0];Ensembl.HGNC:163499[3>0]
NP_001341680	Ensembl.RefSeq_peptide:88472[1];Ensembl.RefSeq_peptide:88472[1>0]	ENSG00000109906	CURATED:269[0];HGNC.Current:42806[1];HGNC.Current:42806[1>0];Ensembl.HGNC:163499[3>0]
NP_001341681	Ensembl.RefSeq_peptide:88461[1];Ensembl.RefSeq_peptide:88461[1>0]	ENSG00000109906	CURATED:269[0];HGNC.Current:42806[1];HGNC.Current:42806[1>0];Ensembl.HGNC:163499[3>0]
NP_001341799	Ensembl.RefSeq_peptide:99203[1];Ensembl.RefSeq_peptide:99203[1>0]	ENSG00000136997	CURATED:177[0];HGNC.Current:21961[1];HGNC.Current:21961[1>0];Ensembl.HGNC:181822[3>0]
NP_001341853	Ensembl.RefSeq_peptide:122368[1];Ensembl.RefSeq_peptide:122368[1>0]	ENSG00000125347	CURATED:128[0];HGNC.Current:13494[1];HGNC.Current:13494[1>0];Ensembl.HGNC:223200[3>0]
NP_001341854	Ensembl.RefSeq_peptide:122357[1];Ensembl.RefSeq_peptide:122357[1>0]	ENSG00000125347	CURATED:128[0];HGNC.Current:13494[1];HGNC.Current:13494[1>0];Ensembl.HGNC:223200[3>0]
NP_001350382	Ensembl.RefSeq_peptide:37510[1];Ensembl.RefSeq_peptide:37510[1>0]	ENSG00000084093	CURATED:210[0];HGNC.Current:28171[1];HGNC.Current:28171[1>0];Ensembl.HGNC:75638[3>0]
NP_001350430	Ensembl.RefSeq_peptide:84097[1];Ensembl.RefSeq_peptide:84097[1>0]	ENSG00000148737	CURATED:254[0];HGNC.Current:38510[1];HGNC.Current:38516[10>1];HGNC.Current:38516[1];HGNC.Current:38516[1>0];Ensembl.HGNC:152776[3>0]
NP_001350510	Ensembl.RefSeq_peptide:142320[1];Ensembl.RefSeq_peptide:142320[1>0]	ENSG00000081189	CURATED:162[0];HGNC.Current:18379[1];HGNC.Current:18379[1>0];Ensembl.HGNC:259555[3>0]
NP_001350555	Ensembl.RefSeq_peptide:98681[1];Ensembl.RefSeq_peptide:98681[1>0]	ENSG00000120149	CURATED:172[0];HGNC.Current:21209[1];HGNC.Current:21209[1>0];Ensembl.HGNC:180970[3>0]
NP_001350602	Ensembl.RefSeq_peptide:113981[1];Ensembl.RefSeq_peptide:113981[1>0]	ENSG00000130165	CURATED:42[0];HGNC.Current:7810[1];HGNC.Current:7894[8>1];HGNC.Current:7894[1];HGNC.Current:7894[1>0];Ensembl.HGNC:208723[3>0]
NP_001350603	Ensembl.RefSeq_peptide:113978[1];Ensembl.RefSeq_peptide:113978[1>0]	ENSG00000130165	CURATED:42[0];HGNC.Current:7810[1];HGNC.Current:7894[8>1];HGNC.Current:7894[1];HGNC.Current:7894[1>0];Ensembl.HGNC:208723[3>0]
NP_001350604	Ensembl.RefSeq_peptide:113980[1];Ensembl.RefSeq_peptide:113980[1>0]	ENSG00000130165	CURATED:42[0];HGNC.Current:7810[1];HGNC.Current:7894[8>1];HGNC.Current:7894[1];HGNC.Current:7894[1>0];Ensembl.HGNC:208723[3>0]
NP_001350793	Ensembl.RefSeq_peptide:25470[1];Ensembl.RefSeq_peptide:25470[1>0]	ENSG00000119866	CURATED:12[0];HGNC.Current:2342[1];HGNC.Current:2342[1>0];Ensembl.HGNC:53924[3>0]
NP_001350836	Ensembl.RefSeq_peptide:103830[1];Ensembl.RefSeq_peptide:103830[1>0]	ENSG00000140968	CURATED:131[0];HGNC.Current:13506[1];HGNC.Current:13506[1>0];Ensembl.HGNC:190659[3>0]
NP_001350837	Ensembl.RefSeq_peptide:103842[1];Ensembl.RefSeq_peptide:103842[1>0]	ENSG00000140968	CURATED:131[0];HGNC.Current:13506[1];HGNC.Current:13506[1>0];Ensembl.HGNC:190659[3>0]
NP_001351084	Ensembl.RefSeq_peptide:143323[1];Ensembl.RefSeq_peptide:143323[1>0]	ENSG00000164330	CURATED:36[0];HGNC.Current:7389[1];HGNC.Current:7389[1>0];Ensembl.HGNC:261467[3>0]
NP_001351085	Ensembl.RefSeq_peptide:143318[1];Ensembl.RefSeq_peptide:143318[1>0]	ENSG00000164330	CURATED:36[0];HGNC.Current:7389[1];HGNC.Current:7389[1>0];Ensembl.HGNC:261467[3>0]
NP_001351086	Ensembl.RefSeq_peptide:143316[1];Ensembl.RefSeq_peptide:143316[1>0]	ENSG00000164330	CURATED:36[0];HGNC.Current:7389[1];HGNC.Current:7389[1>0];Ensembl.HGNC:261467[3>0]
NP_001351087	Ensembl.RefSeq_peptide:143317[1];Ensembl.RefSeq_peptide:143317[1>0]	ENSG00000164330	CURATED:36[0];HGNC.Current:7389[1];HGNC.Current:7389[1>0];Ensembl.HGNC:261467[3>0]
NP_001351088	Ensembl.RefSeq_peptide:143315[1];Ensembl.RefSeq_peptide:143315[1>0]	ENSG00000164330	CURATED:36[0];HGNC.Current:7389[1];HGNC.Current:7389[1>0];Ensembl.HGNC:261467[3>0]
NP_001351258	Ensembl.RefSeq_peptide:142283[1];Ensembl.RefSeq_peptide:142283[1>0]	ENSG00000081189	CURATED:162[0];HGNC.Current:18379[1];HGNC.Current:18379[1>0];Ensembl.HGNC:259555[3>0]
NP_001351259	Ensembl.RefSeq_peptide:142284[1];Ensembl.RefSeq_peptide:142284[1>0]	ENSG00000081189	CURATED:162[0];HGNC.Current:18379[1];HGNC.Current:18379[1>0];Ensembl.HGNC:259555[3>0]
NP_001351260	Ensembl.RefSeq_peptide:142287[1];Ensembl.RefSeq_peptide:142287[1>0]	ENSG00000081189	CURATED:162[0];HGNC.Current:18379[1];HGNC.Current:18379[1>0];Ensembl.HGNC:259555[3>0]
NP_001351261	Ensembl.RefSeq_peptide:142348[1];Ensembl.RefSeq_peptide:142348[1>0]	ENSG00000081189	CURATED:162[0];HGNC.Current:18379[1];HGNC.Current:18379[1>0];Ensembl.HGNC:259555[3>0]
NP_001351262	Ensembl.RefSeq_peptide:142333[1];Ensembl.RefSeq_peptide:142333[1>0]	ENSG00000081189	CURATED:162[0];HGNC.Current:18379[1];HGNC.Current:18379[1>0];Ensembl.HGNC:259555[3>0]
NP_001351263	Ensembl.RefSeq_peptide:142319[1];Ensembl.RefSeq_peptide:142319[1>0]	ENSG00000081189	CURATED:162[0];HGNC.Current:18379[1];HGNC.Current:18379[1>0];Ensembl.HGNC:259555[3>0]
NP_001351264	Ensembl.RefSeq_peptide:142308[1];Ensembl.RefSeq_peptide:142308[1>0]	ENSG00000081189	CURATED:162[0];HGNC.Current:18379[1];HGNC.Current:18379[1>0];Ensembl.HGNC:259555[3>0]
NP_001351265	Ensembl.RefSeq_peptide:142324[1];Ensembl.RefSeq_peptide:142324[1>0]	ENSG00000081189	CURATED:162[0];HGNC.Current:18379[1];HGNC.Current:18379[1>0];Ensembl.HGNC:259555[3>0]
NP_001351266	Ensembl.RefSeq_peptide:142323[1];Ensembl.RefSeq_peptide:142323[1>0]	ENSG00000081189	CURATED:162[0];HGNC.Current:18379[1];HGNC.Current:18379[1>0];Ensembl.HGNC:259555[3>0]
NP_001351267	Ensembl.RefSeq_peptide:142297[1];Ensembl.RefSeq_peptide:142297[1>0]	ENSG00000081189	CURATED:162[0];HGNC.Current:18379[1];HGNC.Current:18379[1>0];Ensembl.HGNC:259555[3>0]
NP_001351268	Ensembl.RefSeq_peptide:142312[1];Ensembl.RefSeq_peptide:142312[1>0]	ENSG00000081189	CURATED:162[0];HGNC.Current:18379[1];HGNC.Current:18379[1>0];Ensembl.HGNC:259555[3>0]
NP_001351269	Ensembl.RefSeq_peptide:142313[1];Ensembl.RefSeq_peptide:142313[1>0]	ENSG00000081189	CURATED:162[0];HGNC.Current:18379[1];HGNC.Current:18379[1>0];Ensembl.HGNC:259555[3>0]
NP_001351270	Ensembl.RefSeq_peptide:142315[1];Ensembl.RefSeq_peptide:142315[1>0]	ENSG00000081189	CURATED:162[0];HGNC.Current:18379[1];HGNC.Current:18379[1>0];Ensembl.HGNC:259555[3>0]
NP_001351271	Ensembl.RefSeq_peptide:142314[1];Ensembl.RefSeq_peptide:142314[1>0]	ENSG00000081189	CURATED:162[0];HGNC.Current:18379[1];HGNC.Current:18379[1>0];Ensembl.HGNC:259555[3>0]
NP_001351272	Ensembl.RefSeq_peptide:142332[1];Ensembl.RefSeq_peptide:142332[1>0]	ENSG00000081189	CURATED:162[0];HGNC.Current:18379[1];HGNC.Current:18379[1>0];Ensembl.HGNC:259555[3>0]
NP_001351273	Ensembl.RefSeq_peptide:142345[1];Ensembl.RefSeq_peptide:142345[1>0]	ENSG00000081189	CURATED:162[0];HGNC.Current:18379[1];HGNC.Current:18379[1>0];Ensembl.HGNC:259555[3>0]
NP_001351274	Ensembl.RefSeq_peptide:142317[1];Ensembl.RefSeq_peptide:142317[1>0]	ENSG00000081189	CURATED:162[0];HGNC.Current:18379[1];HGNC.Current:18379[1>0];Ensembl.HGNC:259555[3>0]
NP_001351275	Ensembl.RefSeq_peptide:142316[1];Ensembl.RefSeq_peptide:142316[1>0]	ENSG00000081189	CURATED:162[0];HGNC.Current:18379[1];HGNC.Current:18379[1>0];Ensembl.HGNC:259555[3>0]
NP_001351276	Ensembl.RefSeq_peptide:142318[1];Ensembl.RefSeq_peptide:142318[1>0]	ENSG00000081189	CURATED:162[0];HGNC.Current:18379[1];HGNC.Current:18379[1>0];Ensembl.HGNC:259555[3>0]
NP_001351277	Ensembl.RefSeq_peptide:142309[1];Ensembl.RefSeq_peptide:142309[1>0]	ENSG00000081189	CURATED:162[0];HGNC.Current:18379[1];HGNC.Current:18379[1>0];Ensembl.HGNC:259555[3>0]
NP_001351278	Ensembl.RefSeq_peptide:142311[1];Ensembl.RefSeq_peptide:142311[1>0]	ENSG00000081189	CURATED:162[0];HGNC.Current:18379[1];HGNC.Current:18379[1>0];Ensembl.HGNC:259555[3>0]
NP_001351279	Ensembl.RefSeq_peptide:142310[1];Ensembl.RefSeq_peptide:142310[1>0]	ENSG00000081189	CURATED:162[0];HGNC.Current:18379[1];HGNC.Current:18379[1>0];Ensembl.HGNC:259555[3>0]
NP_001351281	Ensembl.RefSeq_peptide:142331[1];Ensembl.RefSeq_peptide:142331[1>0]	ENSG00000081189	CURATED:162[0];HGNC.Current:18379[1];HGNC.Current:18379[1>0];Ensembl.HGNC:259555[3>0]
NP_001351282	Ensembl.RefSeq_peptide:142300[1];Ensembl.RefSeq_peptide:142300[1>0]	ENSG00000081189	CURATED:162[0];HGNC.Current:18379[1];HGNC.Current:18379[1>0];Ensembl.HGNC:259555[3>0]
NP_001351283	Ensembl.RefSeq_peptide:142347[1];Ensembl.RefSeq_peptide:142347[1>0]	ENSG00000081189	CURATED:162[0];HGNC.Current:18379[1];HGNC.Current:18379[1>0];Ensembl.HGNC:259555[3>0]
NP_001351284	Ensembl.RefSeq_peptide:142346[1];Ensembl.RefSeq_peptide:142346[1>0]	ENSG00000081189	CURATED:162[0];HGNC.Current:18379[1];HGNC.Current:18379[1>0];Ensembl.HGNC:259555[3>0]
NP_001351285	Ensembl.RefSeq_peptide:142343[1];Ensembl.RefSeq_peptide:142343[1>0]	ENSG00000081189	CURATED:162[0];HGNC.Current:18379[1];HGNC.Current:18379[1>0];Ensembl.HGNC:259555[3>0]
NP_001351286	Ensembl.RefSeq_peptide:142342[1];Ensembl.RefSeq_peptide:142342[1>0]	ENSG00000081189	CURATED:162[0];HGNC.Current:18379[1];HGNC.Current:18379[1>0];Ensembl.HGNC:259555[3>0]
NP_001351796	Ensembl.RefSeq_peptide:142617[1];Ensembl.RefSeq_peptide:142617[1>0]	ENSG00000163565	CURATED:124[0];HGNC.Current:12568[1];HGNC.Current:12568[1>0];Ensembl.HGNC:260310[3>0]
NP_001351952	Ensembl.RefSeq_peptide:14220[1];Ensembl.RefSeq_peptide:14220[1>0]	ENSG00000198963	CURATED:212[0];HGNC.Current:32137[1];HGNC.Current:32137[1>0];Ensembl.HGNC:31655[3>0]
NP_001352130	Ensembl.RefSeq_peptide:95541[1];Ensembl.RefSeq_peptide:95541[1>0]	ENSG00000068305	CURATED:161[0];HGNC.Current:18376[1];HGNC.Current:18376[1>0];Ensembl.HGNC:175896[3>0]
NP_001352131	Ensembl.RefSeq_peptide:95579[1];Ensembl.RefSeq_peptide:95579[1>0]	ENSG00000068305	CURATED:161[0];HGNC.Current:18376[1];HGNC.Current:18376[1>0];Ensembl.HGNC:175896[3>0]
NP_001352132	Ensembl.RefSeq_peptide:95585[1];Ensembl.RefSeq_peptide:95585[1>0]	ENSG00000068305	CURATED:161[0];HGNC.Current:18376[1];HGNC.Current:18376[1>0];Ensembl.HGNC:175896[3>0]
NP_001352133	Ensembl.RefSeq_peptide:95586[1];Ensembl.RefSeq_peptide:95586[1>0]	ENSG00000068305	CURATED:161[0];HGNC.Current:18376[1];HGNC.Current:18376[1>0];Ensembl.HGNC:175896[3>0]
NP_001352134	Ensembl.RefSeq_peptide:95559[1];Ensembl.RefSeq_peptide:95559[1>0]	ENSG00000068305	CURATED:161[0];HGNC.Current:18376[1];HGNC.Current:18376[1>0];Ensembl.HGNC:175896[3>0]
NP_001352135	Ensembl.RefSeq_peptide:95472[1];Ensembl.RefSeq_peptide:95472[1>0]	ENSG00000068305	CURATED:161[0];HGNC.Current:18376[1];HGNC.Current:18376[1>0];Ensembl.HGNC:175896[3>0]
NP_001352136	Ensembl.RefSeq_peptide:95483[1];Ensembl.RefSeq_peptide:95483[1>0]	ENSG00000068305	CURATED:161[0];HGNC.Current:18376[1];HGNC.Current:18376[1>0];Ensembl.HGNC:175896[3>0]
NP_001352137	Ensembl.RefSeq_peptide:95538[1];Ensembl.RefSeq_peptide:95538[1>0]	ENSG00000068305	CURATED:161[0];HGNC.Current:18376[1];HGNC.Current:18376[1>0];Ensembl.HGNC:175896[3>0]
NP_001352138	Ensembl.RefSeq_peptide:95515[1];Ensembl.RefSeq_peptide:95515[1>0]	ENSG00000068305	CURATED:161[0];HGNC.Current:18376[1];HGNC.Current:18376[1>0];Ensembl.HGNC:175896[3>0]
NP_001352538	Ensembl.RefSeq_peptide:25517[1];Ensembl.RefSeq_peptide:25517[1>0]	ENSG00000119866	CURATED:12[0];HGNC.Current:2342[1];HGNC.Current:2342[1>0];Ensembl.HGNC:53924[3>0]
NP_001352777	Ensembl.RefSeq_peptide:44107[1];Ensembl.RefSeq_peptide:44107[1>0]	ENSG00000143190	CURATED:201[0];HGNC.Current:26330[1];HGNC.Current:26330[1>0];Ensembl.HGNC:87858[3>0]
NP_001352778	Ensembl.RefSeq_peptide:44108[1];Ensembl.RefSeq_peptide:44108[1>0]	ENSG00000143190	CURATED:201[0];HGNC.Current:26330[1];HGNC.Current:26330[1>0];Ensembl.HGNC:87858[3>0]
NP_001353214	Ensembl.RefSeq_peptide:39682[1];Ensembl.RefSeq_peptide:39682[1>0]	ENSG00000164458	CURATED:245[0];HGNC.Current:38471[10];HGNC.Current:38471[10>1];HGNC.Current:38471[1];HGNC.Current:38471[1>0];Ensembl.HGNC:79837[3>0]
NP_001353215	Ensembl.RefSeq_peptide:39681[1];Ensembl.RefSeq_peptide:39681[1>0]	ENSG00000164458	CURATED:245[0];HGNC.Current:38471[10];HGNC.Current:38471[10>1];HGNC.Current:38471[1];HGNC.Current:38471[1>0];Ensembl.HGNC:79837[3>0]
NP_001353431	Ensembl.RefSeq_peptide:140787[1];Ensembl.RefSeq_peptide:140787[1>0]	ENSG00000081059	CURATED:255[0];HGNC.Current:38513[1];HGNC.Current:38513[1>0];Ensembl.HGNC:256964[3>0]
NP_001353641	Ensembl.RefSeq_peptide:16498[1];Ensembl.RefSeq_peptide:16498[1>0]	ENSG00000276644	CURATED:27[0];HGNC.Current:6166[1];HGNC.Current:6166[1>0];Ensembl.HGNC:36339[3>0]
NP_001354413	Ensembl.RefSeq_peptide:131123[1];Ensembl.RefSeq_peptide:131123[1>0]	ENSG00000174332	CURATED:85[0];HGNC.Current:10350[1];HGNC.Current:10350[1>0];Ensembl.HGNC:238114[3>0]
NP_001354638	Ensembl.RefSeq_peptide:109872[1];Ensembl.RefSeq_peptide:109872[1>0]	ENSG00000102908	CURATED:179[0];HGNC.Current:22649[1];HGNC.Current:22649[1>0];Ensembl.HGNC:201339[3>0]
NP_001354801	Ensembl.RefSeq_peptide:103082[1];Ensembl.RefSeq_peptide:103082[1>0]	ENSG00000110693	CURATED:231[0];HGNC.Current:37140[1];HGNC.Current:37140[1>0];Ensembl.HGNC:188565[3>0]
NP_001354802	Ensembl.RefSeq_peptide:103108[1];Ensembl.RefSeq_peptide:103108[1>0]	ENSG00000110693	CURATED:231[0];HGNC.Current:37140[1];HGNC.Current:37140[1>0];Ensembl.HGNC:188565[3>0]
NP_001354872	Ensembl.RefSeq_peptide:84061[1];Ensembl.RefSeq_peptide:84061[1>0]	ENSG00000148737	CURATED:254[0];HGNC.Current:38510[1];HGNC.Current:38516[10>1];HGNC.Current:38516[1];HGNC.Current:38516[1>0];Ensembl.HGNC:152776[3>0]
NP_001355816	Ensembl.RefSeq_peptide:119777[1];Ensembl.RefSeq_peptide:119777[1>0]	ENSG00000007372	CURATED:198[0];HGNC.Current:24887[1];HGNC.Current:24887[1>0];Ensembl.HGNC:216546[3>0]
NP_001355817	Ensembl.RefSeq_peptide:119776[1];Ensembl.RefSeq_peptide:119776[1>0]	ENSG00000007372	CURATED:198[0];HGNC.Current:24887[1];HGNC.Current:24887[1>0];Ensembl.HGNC:216546[3>0]
NP_001355818	Ensembl.RefSeq_peptide:119771[1];Ensembl.RefSeq_peptide:119771[1>0]	ENSG00000007372	CURATED:198[0];HGNC.Current:24887[1];HGNC.Current:24887[1>0];Ensembl.HGNC:216546[3>0]
NP_001355819	Ensembl.RefSeq_peptide:119775[1];Ensembl.RefSeq_peptide:119775[1>0]	ENSG00000007372	CURATED:198[0];HGNC.Current:24887[1];HGNC.Current:24887[1>0];Ensembl.HGNC:216546[3>0]
NP_001355820	Ensembl.RefSeq_peptide:119779[1];Ensembl.RefSeq_peptide:119779[1>0]	ENSG00000007372	CURATED:198[0];HGNC.Current:24887[1];HGNC.Current:24887[1>0];Ensembl.HGNC:216546[3>0]
NP_001355821	Ensembl.RefSeq_peptide:119623[1];Ensembl.RefSeq_peptide:119623[1>0]	ENSG00000007372	CURATED:198[0];HGNC.Current:24887[1];HGNC.Current:24887[1>0];Ensembl.HGNC:216546[3>0]
NP_001355822	Ensembl.RefSeq_peptide:119781[1];Ensembl.RefSeq_peptide:119781[1>0]	ENSG00000007372	CURATED:198[0];HGNC.Current:24887[1];HGNC.Current:24887[1>0];Ensembl.HGNC:216546[3>0]
NP_001355823	Ensembl.RefSeq_peptide:119782[1];Ensembl.RefSeq_peptide:119782[1>0]	ENSG00000007372	CURATED:198[0];HGNC.Current:24887[1];HGNC.Current:24887[1>0];Ensembl.HGNC:216546[3>0]
NP_001355828	Ensembl.RefSeq_peptide:119703[1];Ensembl.RefSeq_peptide:119703[1>0]	ENSG00000007372	CURATED:198[0];HGNC.Current:24887[1];HGNC.Current:24887[1>0];Ensembl.HGNC:216546[3>0]
NP_001355829	Ensembl.RefSeq_peptide:119819[1];Ensembl.RefSeq_peptide:119819[1>0]	ENSG00000007372	CURATED:198[0];HGNC.Current:24887[1];HGNC.Current:24887[1>0];Ensembl.HGNC:216546[3>0]
NP_001355830	Ensembl.RefSeq_peptide:119702[1];Ensembl.RefSeq_peptide:119702[1>0]	ENSG00000007372	CURATED:198[0];HGNC.Current:24887[1];HGNC.Current:24887[1>0];Ensembl.HGNC:216546[3>0]
NP_001355831	Ensembl.RefSeq_peptide:119820[1];Ensembl.RefSeq_peptide:119820[1>0]	ENSG00000007372	CURATED:198[0];HGNC.Current:24887[1];HGNC.Current:24887[1>0];Ensembl.HGNC:216546[3>0]
NP_001355832	Ensembl.RefSeq_peptide:119821[1];Ensembl.RefSeq_peptide:119821[1>0]	ENSG00000007372	CURATED:198[0];HGNC.Current:24887[1];HGNC.Current:24887[1>0];Ensembl.HGNC:216546[3>0]
NP_001355833	Ensembl.RefSeq_peptide:119700[1];Ensembl.RefSeq_peptide:119700[1>0]	ENSG00000007372	CURATED:198[0];HGNC.Current:24887[1];HGNC.Current:24887[1>0];Ensembl.HGNC:216546[3>0]
NP_001355834	Ensembl.RefSeq_peptide:119817[1];Ensembl.RefSeq_peptide:119817[1>0]	ENSG00000007372	CURATED:198[0];HGNC.Current:24887[1];HGNC.Current:24887[1>0];Ensembl.HGNC:216546[3>0]
NP_001355835	Ensembl.RefSeq_peptide:119701[1];Ensembl.RefSeq_peptide:119701[1>0]	ENSG00000007372	CURATED:198[0];HGNC.Current:24887[1];HGNC.Current:24887[1>0];Ensembl.HGNC:216546[3>0]
NP_001355836	Ensembl.RefSeq_peptide:119704[1];Ensembl.RefSeq_peptide:119704[1>0]	ENSG00000007372	CURATED:198[0];HGNC.Current:24887[1];HGNC.Current:24887[1>0];Ensembl.HGNC:216546[3>0]
NP_001355837	Ensembl.RefSeq_peptide:119829[1];Ensembl.RefSeq_peptide:119829[1>0]	ENSG00000007372	CURATED:198[0];HGNC.Current:24887[1];HGNC.Current:24887[1>0];Ensembl.HGNC:216546[3>0]
NP_001355838	Ensembl.RefSeq_peptide:119699[1];Ensembl.RefSeq_peptide:119699[1>0]	ENSG00000007372	CURATED:198[0];HGNC.Current:24887[1];HGNC.Current:24887[1>0];Ensembl.HGNC:216546[3>0]
NP_001355839	Ensembl.RefSeq_peptide:119764[1];Ensembl.RefSeq_peptide:119764[1>0]	ENSG00000007372	CURATED:198[0];HGNC.Current:24887[1];HGNC.Current:24887[1>0];Ensembl.HGNC:216546[3>0]
NP_001355840	Ensembl.RefSeq_peptide:120004[1];Ensembl.RefSeq_peptide:120004[1>0]	ENSG00000007372	CURATED:198[0];HGNC.Current:24887[1];HGNC.Current:24887[1>0];Ensembl.HGNC:216546[3>0]
NP_001355841	Ensembl.RefSeq_peptide:119869[1];Ensembl.RefSeq_peptide:119869[1>0]	ENSG00000007372	CURATED:198[0];HGNC.Current:24887[1];HGNC.Current:24887[1>0];Ensembl.HGNC:216546[3>0]
NP_001355842	Ensembl.RefSeq_peptide:119871[1];Ensembl.RefSeq_peptide:119871[1>0]	ENSG00000007372	CURATED:198[0];HGNC.Current:24887[1];HGNC.Current:24887[1>0];Ensembl.HGNC:216546[3>0]
NP_001355843	Ensembl.RefSeq_peptide:119870[1];Ensembl.RefSeq_peptide:119870[1>0]	ENSG00000007372	CURATED:198[0];HGNC.Current:24887[1];HGNC.Current:24887[1>0];Ensembl.HGNC:216546[3>0]
NP_001355844	Ensembl.RefSeq_peptide:119793[1];Ensembl.RefSeq_peptide:119793[1>0]	ENSG00000007372	CURATED:198[0];HGNC.Current:24887[1];HGNC.Current:24887[1>0];Ensembl.HGNC:216546[3>0]
NP_001355845	Ensembl.RefSeq_peptide:119795[1];Ensembl.RefSeq_peptide:119795[1>0]	ENSG00000007372	CURATED:198[0];HGNC.Current:24887[1];HGNC.Current:24887[1>0];Ensembl.HGNC:216546[3>0]
NP_001355846	Ensembl.RefSeq_peptide:119794[1];Ensembl.RefSeq_peptide:119794[1>0]	ENSG00000007372	CURATED:198[0];HGNC.Current:24887[1];HGNC.Current:24887[1>0];Ensembl.HGNC:216546[3>0]
NP_001355847	Ensembl.RefSeq_peptide:119622[1];Ensembl.RefSeq_peptide:119622[1>0]	ENSG00000007372	CURATED:198[0];HGNC.Current:24887[1];HGNC.Current:24887[1>0];Ensembl.HGNC:216546[3>0]
NP_001355848	Ensembl.RefSeq_peptide:119758[1];Ensembl.RefSeq_peptide:119758[1>0]	ENSG00000007372	CURATED:198[0];HGNC.Current:24887[1];HGNC.Current:24887[1>0];Ensembl.HGNC:216546[3>0]
NP_001355849	Ensembl.RefSeq_peptide:119774[1];Ensembl.RefSeq_peptide:119774[1>0]	ENSG00000007372	CURATED:198[0];HGNC.Current:24887[1];HGNC.Current:24887[1>0];Ensembl.HGNC:216546[3>0]
NP_001355850	Ensembl.RefSeq_peptide:119853[1];Ensembl.RefSeq_peptide:119853[1>0]	ENSG00000007372	CURATED:198[0];HGNC.Current:24887[1];HGNC.Current:24887[1>0];Ensembl.HGNC:216546[3>0]
NP_001355851	Ensembl.RefSeq_peptide:119856[1];Ensembl.RefSeq_peptide:119856[1>0]	ENSG00000007372	CURATED:198[0];HGNC.Current:24887[1];HGNC.Current:24887[1>0];Ensembl.HGNC:216546[3>0]
NP_001355852	Ensembl.RefSeq_peptide:119852[1];Ensembl.RefSeq_peptide:119852[1>0]	ENSG00000007372	CURATED:198[0];HGNC.Current:24887[1];HGNC.Current:24887[1>0];Ensembl.HGNC:216546[3>0]
NP_001355853	Ensembl.RefSeq_peptide:119851[1];Ensembl.RefSeq_peptide:119851[1>0]	ENSG00000007372	CURATED:198[0];HGNC.Current:24887[1];HGNC.Current:24887[1>0];Ensembl.HGNC:216546[3>0]
NP_001355854	Ensembl.RefSeq_peptide:119854[1];Ensembl.RefSeq_peptide:119854[1>0]	ENSG00000007372	CURATED:198[0];HGNC.Current:24887[1];HGNC.Current:24887[1>0];Ensembl.HGNC:216546[3>0]
NP_001355855	Ensembl.RefSeq_peptide:119855[1];Ensembl.RefSeq_peptide:119855[1>0]	ENSG00000007372	CURATED:198[0];HGNC.Current:24887[1];HGNC.Current:24887[1>0];Ensembl.HGNC:216546[3>0]
NP_001355856	Ensembl.RefSeq_peptide:119857[1];Ensembl.RefSeq_peptide:119857[1>0]	ENSG00000007372	CURATED:198[0];HGNC.Current:24887[1];HGNC.Current:24887[1>0];Ensembl.HGNC:216546[3>0]
NP_001355857	Ensembl.RefSeq_peptide:119834[1];Ensembl.RefSeq_peptide:119834[1>0]	ENSG00000007372	CURATED:198[0];HGNC.Current:24887[1];HGNC.Current:24887[1>0];Ensembl.HGNC:216546[3>0]
NP_001355858	Ensembl.RefSeq_peptide:119816[1];Ensembl.RefSeq_peptide:119816[1>0]	ENSG00000007372	CURATED:198[0];HGNC.Current:24887[1];HGNC.Current:24887[1>0];Ensembl.HGNC:216546[3>0]
NP_001355859	Ensembl.RefSeq_peptide:119796[1];Ensembl.RefSeq_peptide:119796[1>0]	ENSG00000007372	CURATED:198[0];HGNC.Current:24887[1];HGNC.Current:24887[1>0];Ensembl.HGNC:216546[3>0]
NP_001355949	Ensembl.RefSeq_peptide:115470[1];Ensembl.RefSeq_peptide:115470[1>0]	ENSG00000118520	CURATED:5[0];HGNC.Current:1429[1];HGNC.Current:1429[1>0];Ensembl.HGNC:210990[3>0]
NP_001356326	Ensembl.RefSeq_peptide:133984[1];Ensembl.RefSeq_peptide:133984[1>0]	ENSG00000108511	CURATED:113[0];HGNC.Current:12161[1];HGNC.Current:12161[1>0];Ensembl.HGNC:245120[3>0]
NP_001356334	Ensembl.RefSeq_peptide:11770[1];Ensembl.RefSeq_peptide:11770[1>0]	ENSG00000124813	CURATED:215[0];HGNC.Current:34452[1];HGNC.Current:34452[1>0];Ensembl.HGNC:25880[3>0]
NP_001356420	Ensembl.RefSeq_peptide:29147[1];Ensembl.RefSeq_peptide:29147[1>0]	ENSG00000143013	CURATED:154[0];HGNC.Current:17422[1];HGNC.Current:17422[1>0];Ensembl.HGNC:61609[3>0]
NP_001356441	Ensembl.RefSeq_peptide:145797[1];Ensembl.RefSeq_peptide:145797[1>0]	ENSG00000168610	CURATED:242[0];HGNC.Current:37779[1];HGNC.Current:37779[1>0];Ensembl.HGNC:265687[3>0]
NP_001356442	Ensembl.RefSeq_peptide:145798[1];Ensembl.RefSeq_peptide:145798[1>0]	ENSG00000168610	CURATED:242[0];HGNC.Current:37779[1];HGNC.Current:37779[1>0];Ensembl.HGNC:265687[3>0]
NP_001356443	Ensembl.RefSeq_peptide:145830[1];Ensembl.RefSeq_peptide:145830[1>0]	ENSG00000168610	CURATED:242[0];HGNC.Current:37779[1];HGNC.Current:37779[1>0];Ensembl.HGNC:265687[3>0]
NP_001356445	Ensembl.RefSeq_peptide:145831[1];Ensembl.RefSeq_peptide:145831[1>0]	ENSG00000168610	CURATED:242[0];HGNC.Current:37779[1];HGNC.Current:37779[1>0];Ensembl.HGNC:265687[3>0]
NP_001356446	Ensembl.RefSeq_peptide:145843[1];Ensembl.RefSeq_peptide:145843[1>0]	ENSG00000168610	CURATED:242[0];HGNC.Current:37779[1];HGNC.Current:37779[1>0];Ensembl.HGNC:265687[3>0]
NP_001356447	Ensembl.RefSeq_peptide:145834[1];Ensembl.RefSeq_peptide:145834[1>0]	ENSG00000168610	CURATED:242[0];HGNC.Current:37779[1];HGNC.Current:37779[1>0];Ensembl.HGNC:265687[3>0]
NP_001356448	Ensembl.RefSeq_peptide:145839[1];Ensembl.RefSeq_peptide:145839[1>0]	ENSG00000168610	CURATED:242[0];HGNC.Current:37779[1];HGNC.Current:37779[1>0];Ensembl.HGNC:265687[3>0]
NP_001356449	Ensembl.RefSeq_peptide:145842[1];Ensembl.RefSeq_peptide:145842[1>0]	ENSG00000168610	CURATED:242[0];HGNC.Current:37779[1];HGNC.Current:37779[1>0];Ensembl.HGNC:265687[3>0]
NP_001356496	Ensembl.RefSeq_peptide:8124[1];Ensembl.RefSeq_peptide:8124[1>0]	ENSG00000196628	CURATED:254[0];HGNC.Current:38510[1];HGNC.Current:38510[1>0];Ensembl.HGNC:12536[3>0]
NP_001356497	Ensembl.RefSeq_peptide:7676[1];Ensembl.RefSeq_peptide:7676[1>0]	ENSG00000196628	CURATED:254[0];HGNC.Current:38510[1];HGNC.Current:38510[1>0];Ensembl.HGNC:12536[3>0]
NP_001356498	Ensembl.RefSeq_peptide:7674[1];Ensembl.RefSeq_peptide:7674[1>0]	ENSG00000196628	CURATED:254[0];HGNC.Current:38510[1];HGNC.Current:38510[1>0];Ensembl.HGNC:12536[3>0]
NP_001356499	Ensembl.RefSeq_peptide:7673[1];Ensembl.RefSeq_peptide:7673[1>0]	ENSG00000196628	CURATED:254[0];HGNC.Current:38510[1];HGNC.Current:38510[1>0];Ensembl.HGNC:12536[3>0]
NP_001356500	Ensembl.RefSeq_peptide:7852[1];Ensembl.RefSeq_peptide:7852[1>0]	ENSG00000196628	CURATED:254[0];HGNC.Current:38510[1];HGNC.Current:38510[1>0];Ensembl.HGNC:12536[3>0]
NP_001356501	Ensembl.RefSeq_peptide:7853[1];Ensembl.RefSeq_peptide:7853[1>0]	ENSG00000196628	CURATED:254[0];HGNC.Current:38510[1];HGNC.Current:38510[1>0];Ensembl.HGNC:12536[3>0]
NP_001356502	Ensembl.RefSeq_peptide:7851[1];Ensembl.RefSeq_peptide:7851[1>0]	ENSG00000196628	CURATED:254[0];HGNC.Current:38510[1];HGNC.Current:38510[1>0];Ensembl.HGNC:12536[3>0]
NP_001356503	Ensembl.RefSeq_peptide:7850[1];Ensembl.RefSeq_peptide:7850[1>0]	ENSG00000196628	CURATED:254[0];HGNC.Current:38510[1];HGNC.Current:38510[1>0];Ensembl.HGNC:12536[3>0]
NP_001356504	Ensembl.RefSeq_peptide:8130[1];Ensembl.RefSeq_peptide:8130[1>0]	ENSG00000196628	CURATED:254[0];HGNC.Current:38510[1];HGNC.Current:38510[1>0];Ensembl.HGNC:12536[3>0]
NP_001356505	Ensembl.RefSeq_peptide:8146[1];Ensembl.RefSeq_peptide:8146[1>0]	ENSG00000196628	CURATED:254[0];HGNC.Current:38510[1];HGNC.Current:38510[1>0];Ensembl.HGNC:12536[3>0]
NP_001356506	Ensembl.RefSeq_peptide:8145[1];Ensembl.RefSeq_peptide:8145[1>0]	ENSG00000196628	CURATED:254[0];HGNC.Current:38510[1];HGNC.Current:38510[1>0];Ensembl.HGNC:12536[3>0]
NP_001356507	Ensembl.RefSeq_peptide:8126[1];Ensembl.RefSeq_peptide:8126[1>0]	ENSG00000196628	CURATED:254[0];HGNC.Current:38510[1];HGNC.Current:38510[1>0];Ensembl.HGNC:12536[3>0]
NP_001356508	Ensembl.RefSeq_peptide:8128[1];Ensembl.RefSeq_peptide:8128[1>0]	ENSG00000196628	CURATED:254[0];HGNC.Current:38510[1];HGNC.Current:38510[1>0];Ensembl.HGNC:12536[3>0]
NP_001356509	Ensembl.RefSeq_peptide:8129[1];Ensembl.RefSeq_peptide:8129[1>0]	ENSG00000196628	CURATED:254[0];HGNC.Current:38510[1];HGNC.Current:38510[1>0];Ensembl.HGNC:12536[3>0]
NP_001356510	Ensembl.RefSeq_peptide:8127[1];Ensembl.RefSeq_peptide:8127[1>0]	ENSG00000196628	CURATED:254[0];HGNC.Current:38510[1];HGNC.Current:38510[1>0];Ensembl.HGNC:12536[3>0]
NP_001356511	Ensembl.RefSeq_peptide:8139[1];Ensembl.RefSeq_peptide:8139[1>0]	ENSG00000196628	CURATED:254[0];HGNC.Current:38510[1];HGNC.Current:38510[1>0];Ensembl.HGNC:12536[3>0]
NP_001356512	Ensembl.RefSeq_peptide:8140[1];Ensembl.RefSeq_peptide:8140[1>0]	ENSG00000196628	CURATED:254[0];HGNC.Current:38510[1];HGNC.Current:38510[1>0];Ensembl.HGNC:12536[3>0]
NP_001356513	Ensembl.RefSeq_peptide:8158[1];Ensembl.RefSeq_peptide:8158[1>0]	ENSG00000196628	CURATED:254[0];HGNC.Current:38510[1];HGNC.Current:38510[1>0];Ensembl.HGNC:12536[3>0]
NP_001356514	Ensembl.RefSeq_peptide:8159[1];Ensembl.RefSeq_peptide:8159[1>0]	ENSG00000196628	CURATED:254[0];HGNC.Current:38510[1];HGNC.Current:38510[1>0];Ensembl.HGNC:12536[3>0]
NP_001356515	Ensembl.RefSeq_peptide:8147[1];Ensembl.RefSeq_peptide:8147[1>0]	ENSG00000196628	CURATED:254[0];HGNC.Current:38510[1];HGNC.Current:38510[1>0];Ensembl.HGNC:12536[3>0]
NP_001357258	Ensembl.RefSeq_peptide:1105[1];Ensembl.RefSeq_peptide:1105[1>0]	ENSG00000120690	CURATED:42[0];HGNC.Current:7810[1];HGNC.Current:7810[1>0];Ensembl.HGNC:2739[3>0]
NP_001357259	Ensembl.RefSeq_peptide:1106[1];Ensembl.RefSeq_peptide:1106[1>0]	ENSG00000120690	CURATED:42[0];HGNC.Current:7810[1];HGNC.Current:7810[1>0];Ensembl.HGNC:2739[3>0]
NP_001357260	Ensembl.RefSeq_peptide:1109[1];Ensembl.RefSeq_peptide:1109[1>0]	ENSG00000120690	CURATED:42[0];HGNC.Current:7810[1];HGNC.Current:7810[1>0];Ensembl.HGNC:2739[3>0]
NP_001357261	Ensembl.RefSeq_peptide:1108[1];Ensembl.RefSeq_peptide:1108[1>0]	ENSG00000120690	CURATED:42[0];HGNC.Current:7810[1];HGNC.Current:7810[1>0];Ensembl.HGNC:2739[3>0]
NP_001357477	Ensembl.RefSeq_peptide:110791[1];Ensembl.RefSeq_peptide:110791[1>0]	ENSG00000114861	CURATED:73[0];HGNC.Current:9478[1];HGNC.Current:9478[1>0];Ensembl.HGNC:201807[3>0]
NP_001358203	Ensembl.RefSeq_peptide:149687[1];Ensembl.RefSeq_peptide:149687[1>0]	ENSG00000030419	CURATED:126[0];HGNC.Current:13182[1];HGNC.Current:13182[1>0];Ensembl.HGNC:273958[3>0]
NP_001358204	Ensembl.RefSeq_peptide:149694[1];Ensembl.RefSeq_peptide:149694[1>0]	ENSG00000030419	CURATED:126[0];HGNC.Current:13182[1];HGNC.Current:13182[1>0];Ensembl.HGNC:273958[3>0]
NP_001358205	Ensembl.RefSeq_peptide:149692[1];Ensembl.RefSeq_peptide:149692[1>0]	ENSG00000030419	CURATED:126[0];HGNC.Current:13182[1];HGNC.Current:13182[1>0];Ensembl.HGNC:273958[3>0]
NP_001358206	Ensembl.RefSeq_peptide:149691[1];Ensembl.RefSeq_peptide:149691[1>0]	ENSG00000030419	CURATED:126[0];HGNC.Current:13182[1];HGNC.Current:13182[1>0];Ensembl.HGNC:273958[3>0]
NP_001358253	Ensembl.RefSeq_peptide:79756[1];Ensembl.RefSeq_peptide:79756[1>0]	ENSG00000109381	CURATED:43[0];HGNC.Current:7811[1];HGNC.Current:7811[1>0];Ensembl.HGNC:148522[3>0]
NP_001358265	Ensembl.RefSeq_peptide:79757[1];Ensembl.RefSeq_peptide:79757[1>0]	ENSG00000109381	CURATED:43[0];HGNC.Current:7811[1];HGNC.Current:7811[1>0];Ensembl.HGNC:148522[3>0]
NP_001358266	Ensembl.RefSeq_peptide:79795[1];Ensembl.RefSeq_peptide:79795[1>0]	ENSG00000109381	CURATED:43[0];HGNC.Current:7811[1];HGNC.Current:7811[1>0];Ensembl.HGNC:148522[3>0]
NP_001358267	Ensembl.RefSeq_peptide:79792[1];Ensembl.RefSeq_peptide:79792[1>0]	ENSG00000109381	CURATED:43[0];HGNC.Current:7811[1];HGNC.Current:7811[1>0];Ensembl.HGNC:148522[3>0]
NP_001358268	Ensembl.RefSeq_peptide:79791[1];Ensembl.RefSeq_peptide:79791[1>0]	ENSG00000109381	CURATED:43[0];HGNC.Current:7811[1];HGNC.Current:7811[1>0];Ensembl.HGNC:148522[3>0]
NP_001358355	Ensembl.RefSeq_peptide:135312[1];Ensembl.RefSeq_peptide:135312[1>0]	ENSG00000118260	CURATED:24[0];HGNC.Current:5501[1];HGNC.Current:5501[1>0];Ensembl.HGNC:246988[3>0]
NP_001358356	Ensembl.RefSeq_peptide:135321[1];Ensembl.RefSeq_peptide:135321[1>0]	ENSG00000118260	CURATED:24[0];HGNC.Current:5501[1];HGNC.Current:5501[1>0];Ensembl.HGNC:246988[3>0]
NP_001358357	Ensembl.RefSeq_peptide:135330[1];Ensembl.RefSeq_peptide:135330[1>0]	ENSG00000118260	CURATED:24[0];HGNC.Current:5501[1];HGNC.Current:5501[1>0];Ensembl.HGNC:246988[3>0]
NP_001358837	Ensembl.RefSeq_peptide:43594[1];Ensembl.RefSeq_peptide:43594[1>0]	ENSG00000165702	CURATED:84[0];HGNC.Current:10205[1];HGNC.Current:10205[1>0];Ensembl.HGNC:87544[3>0]
NP_001358995	Ensembl.RefSeq_peptide:52462[1];Ensembl.RefSeq_peptide:52462[1>0]	ENSG00000137203	CURATED:256[0];HGNC.Current:38706[1];HGNC.Current:38706[1>0];Ensembl.HGNC:103510[3>0]
NP_001361202	Ensembl.RefSeq_peptide:14546[1];Ensembl.RefSeq_peptide:60702[1>0]	ENSG00000136574	CURATED:79[0];HGNC.Current:10072[1];HGNC.Current:10072[1>0];Ensembl.HGNC:117007[3>0]
NP_001361202	Ensembl.RefSeq_peptide:14546[1];Ensembl.RefSeq_peptide:14546[1>0]	ENSG00000285109	CURATED:79[0];HGNC.Current:10072[1];HGNC.Current:10072[1>0];Ensembl.HGNC:32079[3>0]
NP_001361203	Ensembl.RefSeq_peptide:14544[1];Ensembl.RefSeq_peptide:60700[1>0]	ENSG00000136574	CURATED:79[0];HGNC.Current:10072[1];HGNC.Current:10072[1>0];Ensembl.HGNC:117007[3>0]
NP_001361203	Ensembl.RefSeq_peptide:14544[1];Ensembl.RefSeq_peptide:14544[1>0]	ENSG00000285109	CURATED:79[0];HGNC.Current:10072[1];HGNC.Current:10072[1>0];Ensembl.HGNC:32079[3>0]
NP_001362308	Ensembl.RefSeq_peptide:47032[1];Ensembl.RefSeq_peptide:47032[1>0]	ENSG00000108001	CURATED:38[0];HGNC.Current:7391[1];HGNC.Current:7391[1>0];Ensembl.HGNC:94333[3>0]
NP_001362309	Ensembl.RefSeq_peptide:47018[1];Ensembl.RefSeq_peptide:47018[1>0]	ENSG00000108001	CURATED:38[0];HGNC.Current:7391[1];HGNC.Current:7391[1>0];Ensembl.HGNC:94333[3>0]
NP_001362318	Ensembl.RefSeq_peptide:47017[1];Ensembl.RefSeq_peptide:47017[1>0]	ENSG00000108001	CURATED:38[0];HGNC.Current:7391[1];HGNC.Current:7391[1>0];Ensembl.HGNC:94333[3>0]
NP_001362319	Ensembl.RefSeq_peptide:47016[1];Ensembl.RefSeq_peptide:47016[1>0]	ENSG00000108001	CURATED:38[0];HGNC.Current:7391[1];HGNC.Current:7391[1>0];Ensembl.HGNC:94333[3>0]
NP_001362320	Ensembl.RefSeq_peptide:47021[1];Ensembl.RefSeq_peptide:47021[1>0]	ENSG00000108001	CURATED:38[0];HGNC.Current:7391[1];HGNC.Current:7391[1>0];Ensembl.HGNC:94333[3>0]
NP_001362321	Ensembl.RefSeq_peptide:47031[1];Ensembl.RefSeq_peptide:47031[1>0]	ENSG00000108001	CURATED:38[0];HGNC.Current:7391[1];HGNC.Current:7391[1>0];Ensembl.HGNC:94333[3>0]
NP_001362371	Ensembl.RefSeq_peptide:126109[1];Ensembl.RefSeq_peptide:126109[1>0]	ENSG00000170802	CURATED:69[0];HGNC.Current:9464[1];HGNC.Current:9464[1>0];Ensembl.HGNC:229707[3>0]
NP_001362372	Ensembl.RefSeq_peptide:126108[1];Ensembl.RefSeq_peptide:126108[1>0]	ENSG00000170802	CURATED:69[0];HGNC.Current:9464[1];HGNC.Current:9464[1>0];Ensembl.HGNC:229707[3>0]
NP_001362373	Ensembl.RefSeq_peptide:126119[1];Ensembl.RefSeq_peptide:126119[1>0]	ENSG00000170802	CURATED:69[0];HGNC.Current:9464[1];HGNC.Current:9464[1>0];Ensembl.HGNC:229707[3>0]
NP_001362374	Ensembl.RefSeq_peptide:126117[1];Ensembl.RefSeq_peptide:126117[1>0]	ENSG00000170802	CURATED:69[0];HGNC.Current:9464[1];HGNC.Current:9464[1>0];Ensembl.HGNC:229707[3>0]
NP_001362375	Ensembl.RefSeq_peptide:126116[1];Ensembl.RefSeq_peptide:126116[1>0]	ENSG00000170802	CURATED:69[0];HGNC.Current:9464[1];HGNC.Current:9464[1>0];Ensembl.HGNC:229707[3>0]
NP_001362376	Ensembl.RefSeq_peptide:126115[1];Ensembl.RefSeq_peptide:126115[1>0]	ENSG00000170802	CURATED:69[0];HGNC.Current:9464[1];HGNC.Current:9464[1>0];Ensembl.HGNC:229707[3>0]
NP_001362377	Ensembl.RefSeq_peptide:126114[1];Ensembl.RefSeq_peptide:126114[1>0]	ENSG00000170802	CURATED:69[0];HGNC.Current:9464[1];HGNC.Current:9464[1>0];Ensembl.HGNC:229707[3>0]
NP_001362378	Ensembl.RefSeq_peptide:126112[1];Ensembl.RefSeq_peptide:126112[1>0]	ENSG00000170802	CURATED:69[0];HGNC.Current:9464[1];HGNC.Current:9464[1>0];Ensembl.HGNC:229707[3>0]
NP_001362379	Ensembl.RefSeq_peptide:126113[1];Ensembl.RefSeq_peptide:126113[1>0]	ENSG00000170802	CURATED:69[0];HGNC.Current:9464[1];HGNC.Current:9464[1>0];Ensembl.HGNC:229707[3>0]
NP_001362380	Ensembl.RefSeq_peptide:126111[1];Ensembl.RefSeq_peptide:126111[1>0]	ENSG00000170802	CURATED:69[0];HGNC.Current:9464[1];HGNC.Current:9464[1>0];Ensembl.HGNC:229707[3>0]
NP_001362381	Ensembl.RefSeq_peptide:126110[1];Ensembl.RefSeq_peptide:126110[1>0]	ENSG00000170802	CURATED:69[0];HGNC.Current:9464[1];HGNC.Current:9464[1>0];Ensembl.HGNC:229707[3>0]
NP_001362685	Ensembl.RefSeq_peptide:63488[1];Ensembl.RefSeq_peptide:63488[1>0]	ENSG00000114126	CURATED:259[0];HGNC.Current:38724[1];HGNC.Current:38724[1>0];Ensembl.HGNC:121918[3>0]
NP_001362702	Ensembl.RefSeq_peptide:63382[1];Ensembl.RefSeq_peptide:63382[1>0]	ENSG00000114126	CURATED:259[0];HGNC.Current:38724[1];HGNC.Current:38724[1>0];Ensembl.HGNC:121918[3>0]
NP_001362703	Ensembl.RefSeq_peptide:63486[1];Ensembl.RefSeq_peptide:63486[1>0]	ENSG00000114126	CURATED:259[0];HGNC.Current:38724[1];HGNC.Current:38724[1>0];Ensembl.HGNC:121918[3>0]
NP_001362704	Ensembl.RefSeq_peptide:63556[1];Ensembl.RefSeq_peptide:63556[1>0]	ENSG00000114126	CURATED:259[0];HGNC.Current:38724[1];HGNC.Current:38724[1>0];Ensembl.HGNC:121918[3>0]
NP_001362705	Ensembl.RefSeq_peptide:63482[1];Ensembl.RefSeq_peptide:63482[1>0]	ENSG00000114126	CURATED:259[0];HGNC.Current:38724[1];HGNC.Current:38724[1>0];Ensembl.HGNC:121918[3>0]
NP_001362707	Ensembl.RefSeq_peptide:63487[1];Ensembl.RefSeq_peptide:63487[1>0]	ENSG00000114126	CURATED:259[0];HGNC.Current:38724[1];HGNC.Current:38724[1>0];Ensembl.HGNC:121918[3>0]
NP_001362708	Ensembl.RefSeq_peptide:63462[1];Ensembl.RefSeq_peptide:63462[1>0]	ENSG00000114126	CURATED:259[0];HGNC.Current:38724[1];HGNC.Current:38724[1>0];Ensembl.HGNC:121918[3>0]
NP_001362709	Ensembl.RefSeq_peptide:63463[1];Ensembl.RefSeq_peptide:63463[1>0]	ENSG00000114126	CURATED:259[0];HGNC.Current:38724[1];HGNC.Current:38724[1>0];Ensembl.HGNC:121918[3>0]
NP_001362710	Ensembl.RefSeq_peptide:126093[1];Ensembl.RefSeq_peptide:126093[1>0]	ENSG00000170802	CURATED:69[0];HGNC.Current:9464[1];HGNC.Current:9464[1>0];Ensembl.HGNC:229707[3>0]
NP_001362987	Ensembl.RefSeq_peptide:21637[1];Ensembl.RefSeq_peptide:21637[1>0]	ENSG00000163666	CURATED:95[0];HGNC.Current:11570[1];HGNC.Current:11570[1>0];Ensembl.HGNC:46737[3>0]
NP_001362988	Ensembl.RefSeq_peptide:21636[1];Ensembl.RefSeq_peptide:21636[1>0]	ENSG00000163666	CURATED:95[0];HGNC.Current:11570[1];HGNC.Current:11570[1>0];Ensembl.HGNC:46737[3>0]
NP_001362989	Ensembl.RefSeq_peptide:21638[1];Ensembl.RefSeq_peptide:21638[1>0]	ENSG00000163666	CURATED:95[0];HGNC.Current:11570[1];HGNC.Current:11570[1>0];Ensembl.HGNC:46737[3>0]
NP_001362990	Ensembl.RefSeq_peptide:21639[1];Ensembl.RefSeq_peptide:21639[1>0]	ENSG00000163666	CURATED:95[0];HGNC.Current:11570[1];HGNC.Current:11570[1>0];Ensembl.HGNC:46737[3>0]
NP_001363516	Ensembl.RefSeq_peptide:142618[1];Ensembl.RefSeq_peptide:142618[1>0]	ENSG00000163565	CURATED:124[0];HGNC.Current:12568[1];HGNC.Current:12568[1>0];Ensembl.HGNC:260310[3>0]
NP_001363517	Ensembl.RefSeq_peptide:142610[1];Ensembl.RefSeq_peptide:142610[1>0]	ENSG00000163565	CURATED:124[0];HGNC.Current:12568[1];HGNC.Current:12568[1>0];Ensembl.HGNC:260310[3>0]
NP_001363518	Ensembl.RefSeq_peptide:142611[1];Ensembl.RefSeq_peptide:142611[1>0]	ENSG00000163565	CURATED:124[0];HGNC.Current:12568[1];HGNC.Current:12568[1>0];Ensembl.HGNC:260310[3>0]
NP_001363520	Ensembl.RefSeq_peptide:142629[1];Ensembl.RefSeq_peptide:142629[1>0]	ENSG00000163565	CURATED:124[0];HGNC.Current:12568[1];HGNC.Current:12568[1>0];Ensembl.HGNC:260310[3>0]
NP_001363521	Ensembl.RefSeq_peptide:142630[1];Ensembl.RefSeq_peptide:142630[1>0]	ENSG00000163565	CURATED:124[0];HGNC.Current:12568[1];HGNC.Current:12568[1>0];Ensembl.HGNC:260310[3>0]
NP_001364233	Ensembl.RefSeq_peptide:43602[1];Ensembl.RefSeq_peptide:43602[1>0]	ENSG00000165702	CURATED:84[0];HGNC.Current:10205[1];HGNC.Current:10205[1>0];Ensembl.HGNC:87544[3>0]
NP_001364234	Ensembl.RefSeq_peptide:43606[1];Ensembl.RefSeq_peptide:43606[1>0]	ENSG00000165702	CURATED:84[0];HGNC.Current:10205[1];HGNC.Current:10205[1>0];Ensembl.HGNC:87544[3>0]
NP_001365861	Ensembl.RefSeq_peptide:117618[1];Ensembl.RefSeq_peptide:117618[1>0]	ENSG00000184557	CURATED:224[0];HGNC.Current:37079[1];HGNC.Current:37079[1>0];Ensembl.HGNC:214861[3>0]
NP_001365862	Ensembl.RefSeq_peptide:117616[1];Ensembl.RefSeq_peptide:117616[1>0]	ENSG00000184557	CURATED:224[0];HGNC.Current:37079[1];HGNC.Current:37079[1>0];Ensembl.HGNC:214861[3>0]
NP_001369554	Ensembl.RefSeq_peptide:88278[1];Ensembl.RefSeq_peptide:88278[1>0]	ENSG00000109320	CURATED:184[0];HGNC.Current:22673[1];HGNC.Current:22673[1>0];Ensembl.HGNC:162880[3>0]
NP_001369555	Ensembl.RefSeq_peptide:88266[1];Ensembl.RefSeq_peptide:88266[1>0]	ENSG00000109320	CURATED:184[0];HGNC.Current:22673[1];HGNC.Current:22673[1>0];Ensembl.HGNC:162880[3>0]
NP_001369556	Ensembl.RefSeq_peptide:88254[1];Ensembl.RefSeq_peptide:88254[1>0]	ENSG00000109320	CURATED:184[0];HGNC.Current:22673[1];HGNC.Current:22673[1>0];Ensembl.HGNC:162880[3>0]
NP_001369557	Ensembl.RefSeq_peptide:88253[1];Ensembl.RefSeq_peptide:88253[1>0]	ENSG00000109320	CURATED:184[0];HGNC.Current:22673[1];HGNC.Current:22673[1>0];Ensembl.HGNC:162880[3>0]
NP_001371264	Ensembl.RefSeq_peptide:82475[1];Ensembl.RefSeq_peptide:82475[1>0]	ENSG00000105997	CURATED:105[0];HGNC.Current:12140[1];HGNC.Current:12140[1>0];Ensembl.HGNC:153294[3>0]
NP_001371265	Ensembl.RefSeq_peptide:82465[1];Ensembl.RefSeq_peptide:82465[1>0]	ENSG00000105997	CURATED:105[0];HGNC.Current:12140[1];HGNC.Current:12140[1>0];Ensembl.HGNC:153294[3>0]
NP_001371266	Ensembl.RefSeq_peptide:82468[1];Ensembl.RefSeq_peptide:82468[1>0]	ENSG00000105997	CURATED:105[0];HGNC.Current:12140[1];HGNC.Current:12140[1>0];Ensembl.HGNC:153294[3>0]
NP_001371267	Ensembl.RefSeq_peptide:82466[1];Ensembl.RefSeq_peptide:82466[1>0]	ENSG00000105997	CURATED:105[0];HGNC.Current:12140[1];HGNC.Current:12140[1>0];Ensembl.HGNC:153294[3>0]
NP_001371268	Ensembl.RefSeq_peptide:82469[1];Ensembl.RefSeq_peptide:82469[1>0]	ENSG00000105997	CURATED:105[0];HGNC.Current:12140[1];HGNC.Current:12140[1>0];Ensembl.HGNC:153294[3>0]
NP_001371269	Ensembl.RefSeq_peptide:82467[1];Ensembl.RefSeq_peptide:82467[1>0]	ENSG00000105997	CURATED:105[0];HGNC.Current:12140[1];HGNC.Current:12140[1>0];Ensembl.HGNC:153294[3>0]
NP_001371270	Ensembl.RefSeq_peptide:82471[1];Ensembl.RefSeq_peptide:82471[1>0]	ENSG00000105997	CURATED:105[0];HGNC.Current:12140[1];HGNC.Current:12140[1>0];Ensembl.HGNC:153294[3>0]
NP_001371271	Ensembl.RefSeq_peptide:82470[1];Ensembl.RefSeq_peptide:82470[1>0]	ENSG00000105997	CURATED:105[0];HGNC.Current:12140[1];HGNC.Current:12140[1>0];Ensembl.HGNC:153294[3>0]
NP_001371272	Ensembl.RefSeq_peptide:82456[1];Ensembl.RefSeq_peptide:82456[1>0]	ENSG00000105997	CURATED:105[0];HGNC.Current:12140[1];HGNC.Current:12140[1>0];Ensembl.HGNC:153294[3>0]
NP_001371273	Ensembl.RefSeq_peptide:82472[1];Ensembl.RefSeq_peptide:82472[1>0]	ENSG00000105997	CURATED:105[0];HGNC.Current:12140[1];HGNC.Current:12140[1>0];Ensembl.HGNC:153294[3>0]
NP_001371274	Ensembl.RefSeq_peptide:82458[1];Ensembl.RefSeq_peptide:82458[1>0]	ENSG00000105997	CURATED:105[0];HGNC.Current:12140[1];HGNC.Current:12140[1>0];Ensembl.HGNC:153294[3>0]
NP_001371275	Ensembl.RefSeq_peptide:82459[1];Ensembl.RefSeq_peptide:82459[1>0]	ENSG00000105997	CURATED:105[0];HGNC.Current:12140[1];HGNC.Current:12140[1>0];Ensembl.HGNC:153294[3>0]
NP_001371809	Ensembl.RefSeq_peptide:140737[1];Ensembl.RefSeq_peptide:140737[1>0]	ENSG00000115415	CURATED:241[0];HGNC.Current:37777[1];HGNC.Current:37777[1>0];Ensembl.HGNC:256520[3>0]
NP_001371810	Ensembl.RefSeq_peptide:140736[1];Ensembl.RefSeq_peptide:140736[1>0]	ENSG00000115415	CURATED:241[0];HGNC.Current:37777[1];HGNC.Current:37777[1>0];Ensembl.HGNC:256520[3>0]
NP_001371811	Ensembl.RefSeq_peptide:140794[1];Ensembl.RefSeq_peptide:140794[1>0]	ENSG00000115415	CURATED:241[0];HGNC.Current:37777[1];HGNC.Current:37777[1>0];Ensembl.HGNC:256520[3>0]
NP_001371812	Ensembl.RefSeq_peptide:140751[1];Ensembl.RefSeq_peptide:140751[1>0]	ENSG00000115415	CURATED:241[0];HGNC.Current:37777[1];HGNC.Current:37777[1>0];Ensembl.HGNC:256520[3>0]
NP_001371813	Ensembl.RefSeq_peptide:140735[1];Ensembl.RefSeq_peptide:140735[1>0]	ENSG00000115415	CURATED:241[0];HGNC.Current:37777[1];HGNC.Current:37777[1>0];Ensembl.HGNC:256520[3>0]
NP_001371814	Ensembl.RefSeq_peptide:140750[1];Ensembl.RefSeq_peptide:140750[1>0]	ENSG00000115415	CURATED:241[0];HGNC.Current:37777[1];HGNC.Current:37777[1>0];Ensembl.HGNC:256520[3>0]
NP_001371815	Ensembl.RefSeq_peptide:140753[1];Ensembl.RefSeq_peptide:140753[1>0]	ENSG00000115415	CURATED:241[0];HGNC.Current:37777[1];HGNC.Current:37777[1>0];Ensembl.HGNC:256520[3>0]
NP_001371816	Ensembl.RefSeq_peptide:140747[1];Ensembl.RefSeq_peptide:140747[1>0]	ENSG00000115415	CURATED:241[0];HGNC.Current:37777[1];HGNC.Current:37777[1>0];Ensembl.HGNC:256520[3>0]
NP_001371817	Ensembl.RefSeq_peptide:140752[1];Ensembl.RefSeq_peptide:140752[1>0]	ENSG00000115415	CURATED:241[0];HGNC.Current:37777[1];HGNC.Current:37777[1>0];Ensembl.HGNC:256520[3>0]
NP_001371818	Ensembl.RefSeq_peptide:140748[1];Ensembl.RefSeq_peptide:140748[1>0]	ENSG00000115415	CURATED:241[0];HGNC.Current:37777[1];HGNC.Current:37777[1>0];Ensembl.HGNC:256520[3>0]
NP_001371819	Ensembl.RefSeq_peptide:140754[1];Ensembl.RefSeq_peptide:140754[1>0]	ENSG00000115415	CURATED:241[0];HGNC.Current:37777[1];HGNC.Current:37777[1>0];Ensembl.HGNC:256520[3>0]
NP_001371820	Ensembl.RefSeq_peptide:140749[1];Ensembl.RefSeq_peptide:140749[1>0]	ENSG00000115415	CURATED:241[0];HGNC.Current:37777[1];HGNC.Current:37777[1>0];Ensembl.HGNC:256520[3>0]
NP_001371913	Ensembl.RefSeq_peptide:145819[1];Ensembl.RefSeq_peptide:145819[1>0]	ENSG00000168610	CURATED:242[0];HGNC.Current:37779[1];HGNC.Current:37779[1>0];Ensembl.HGNC:265687[3>0]
NP_001371914	Ensembl.RefSeq_peptide:145796[1];Ensembl.RefSeq_peptide:145796[1>0]	ENSG00000168610	CURATED:242[0];HGNC.Current:37779[1];HGNC.Current:37779[1>0];Ensembl.HGNC:265687[3>0]
NP_001371915	Ensembl.RefSeq_peptide:145840[1];Ensembl.RefSeq_peptide:145840[1>0]	ENSG00000168610	CURATED:242[0];HGNC.Current:37779[1];HGNC.Current:37779[1>0];Ensembl.HGNC:265687[3>0]
NP_001371916	Ensembl.RefSeq_peptide:145832[1];Ensembl.RefSeq_peptide:145832[1>0]	ENSG00000168610	CURATED:242[0];HGNC.Current:37779[1];HGNC.Current:37779[1>0];Ensembl.HGNC:265687[3>0]
NP_001371917	Ensembl.RefSeq_peptide:145856[1];Ensembl.RefSeq_peptide:145856[1>0]	ENSG00000168610	CURATED:242[0];HGNC.Current:37779[1];HGNC.Current:37779[1>0];Ensembl.HGNC:265687[3>0]
NP_001371918	Ensembl.RefSeq_peptide:145823[1];Ensembl.RefSeq_peptide:145823[1>0]	ENSG00000168610	CURATED:242[0];HGNC.Current:37779[1];HGNC.Current:37779[1>0];Ensembl.HGNC:265687[3>0]
NP_001371919	Ensembl.RefSeq_peptide:145838[1];Ensembl.RefSeq_peptide:145838[1>0]	ENSG00000168610	CURATED:242[0];HGNC.Current:37779[1];HGNC.Current:37779[1>0];Ensembl.HGNC:265687[3>0]
NP_001371920	Ensembl.RefSeq_peptide:145828[1];Ensembl.RefSeq_peptide:145828[1>0]	ENSG00000168610	CURATED:242[0];HGNC.Current:37779[1];HGNC.Current:37779[1>0];Ensembl.HGNC:265687[3>0]
NP_001371921	Ensembl.RefSeq_peptide:145795[1];Ensembl.RefSeq_peptide:145795[1>0]	ENSG00000168610	CURATED:242[0];HGNC.Current:37779[1];HGNC.Current:37779[1>0];Ensembl.HGNC:265687[3>0]
NP_001371922	Ensembl.RefSeq_peptide:145846[1];Ensembl.RefSeq_peptide:145846[1>0]	ENSG00000168610	CURATED:242[0];HGNC.Current:37779[1];HGNC.Current:37779[1>0];Ensembl.HGNC:265687[3>0]
NP_001373664	Ensembl.RefSeq_peptide:19860[1];Ensembl.RefSeq_peptide:19860[1>0]	ENSG00000140836	CURATED:273[0];HGNC.Current:42949[1];HGNC.Current:42949[1>0];Ensembl.HGNC:42920[3>0]
NP_001374149	Ensembl.RefSeq_peptide:149688[1];Ensembl.RefSeq_peptide:149688[1>0]	ENSG00000030419	CURATED:126[0];HGNC.Current:13182[1];HGNC.Current:13182[1>0];Ensembl.HGNC:273958[3>0]
NP_001377765	Ensembl.RefSeq_peptide:131122[1];Ensembl.RefSeq_peptide:131122[1>0]	ENSG00000174332	CURATED:85[0];HGNC.Current:10350[1];HGNC.Current:10350[1>0];Ensembl.HGNC:238114[3>0]
NP_001377766	Ensembl.RefSeq_peptide:131124[1];Ensembl.RefSeq_peptide:131124[1>0]	ENSG00000174332	CURATED:85[0];HGNC.Current:10350[1];HGNC.Current:10350[1>0];Ensembl.HGNC:238114[3>0]
NP_001377767	Ensembl.RefSeq_peptide:131121[1];Ensembl.RefSeq_peptide:131121[1>0]	ENSG00000174332	CURATED:85[0];HGNC.Current:10350[1];HGNC.Current:10350[1>0];Ensembl.HGNC:238114[3>0]
NP_001378912	Ensembl.RefSeq_peptide:91987[1];Ensembl.RefSeq_peptide:91987[1>0]	ENSG00000124496	CURATED:263[0];HGNC.Current:40191[1];HGNC.Current:40191[1>0];Ensembl.HGNC:169689[3>0]
NP_001378913	Ensembl.RefSeq_peptide:92003[1];Ensembl.RefSeq_peptide:92003[1>0]	ENSG00000124496	CURATED:263[0];HGNC.Current:40191[1];HGNC.Current:40191[1>0];Ensembl.HGNC:169689[3>0]
NP_001380322	Ensembl.RefSeq_peptide:133878[1];Ensembl.RefSeq_peptide:133878[1>0]	ENSG00000181722	CURATED:270[0];HGNC.Current:42809[1];HGNC.Current:42809[1>0];Ensembl.HGNC:244837[3>0]
NP_001380323	Ensembl.RefSeq_peptide:133879[1];Ensembl.RefSeq_peptide:133879[1>0]	ENSG00000181722	CURATED:270[0];HGNC.Current:42809[1];HGNC.Current:42809[1>0];Ensembl.HGNC:244837[3>0]
NP_001380324	Ensembl.RefSeq_peptide:133877[1];Ensembl.RefSeq_peptide:133877[1>0]	ENSG00000181722	CURATED:270[0];HGNC.Current:42809[1];HGNC.Current:42809[1>0];Ensembl.HGNC:244837[3>0]
NP_001380325	Ensembl.RefSeq_peptide:133868[1];Ensembl.RefSeq_peptide:133868[1>0]	ENSG00000181722	CURATED:270[0];HGNC.Current:42809[1];HGNC.Current:42809[1>0];Ensembl.HGNC:244837[3>0]
NP_001380487	Ensembl.RefSeq_peptide:95470[1];Ensembl.RefSeq_peptide:95470[1>0]	ENSG00000068305	CURATED:161[0];HGNC.Current:18376[1];HGNC.Current:18376[1>0];Ensembl.HGNC:175896[3>0]
NP_001380488	Ensembl.RefSeq_peptide:95576[1];Ensembl.RefSeq_peptide:95576[1>0]	ENSG00000068305	CURATED:161[0];HGNC.Current:18376[1];HGNC.Current:18376[1>0];Ensembl.HGNC:175896[3>0]
NP_001380489	Ensembl.RefSeq_peptide:95524[1];Ensembl.RefSeq_peptide:95524[1>0]	ENSG00000068305	CURATED:161[0];HGNC.Current:18376[1];HGNC.Current:18376[1>0];Ensembl.HGNC:175896[3>0]
NP_001380863	Ensembl.RefSeq_peptide:104056[1];Ensembl.RefSeq_peptide:104056[1>0]	ENSG00000028277	CURATED:202[0];HGNC.Current:26332[1];HGNC.Current:26332[1>0];Ensembl.HGNC:190104[3>0]
NP_001380864	Ensembl.RefSeq_peptide:104055[1];Ensembl.RefSeq_peptide:104055[1>0]	ENSG00000028277	CURATED:202[0];HGNC.Current:26332[1];HGNC.Current:26332[1>0];Ensembl.HGNC:190104[3>0]
NP_001380865	Ensembl.RefSeq_peptide:104061[1];Ensembl.RefSeq_peptide:104061[1>0]	ENSG00000028277	CURATED:202[0];HGNC.Current:26332[1];HGNC.Current:26332[1>0];Ensembl.HGNC:190104[3>0]
NP_001380928	Ensembl.RefSeq_peptide:51797[1];Ensembl.RefSeq_peptide:51797[1>0]	ENSG00000100219	CURATED:268[0];HGNC.Current:42573[1];HGNC.Current:42573[1>0];Ensembl.HGNC:102325[3>0]
NP_001380929	Ensembl.RefSeq_peptide:51798[1];Ensembl.RefSeq_peptide:51798[1>0]	ENSG00000100219	CURATED:268[0];HGNC.Current:42573[1];HGNC.Current:42573[1>0];Ensembl.HGNC:102325[3>0]
NP_001381305	Ensembl.RefSeq_peptide:104057[1];Ensembl.RefSeq_peptide:104057[1>0]	ENSG00000028277	CURATED:202[0];HGNC.Current:26332[1];HGNC.Current:26332[1>0];Ensembl.HGNC:190104[3>0]
NP_001381306	Ensembl.RefSeq_peptide:104069[1];Ensembl.RefSeq_peptide:104069[1>0]	ENSG00000028277	CURATED:202[0];HGNC.Current:26332[1];HGNC.Current:26332[1>0];Ensembl.HGNC:190104[3>0]
NP_001381307	Ensembl.RefSeq_peptide:104059[1];Ensembl.RefSeq_peptide:104059[1>0]	ENSG00000028277	CURATED:202[0];HGNC.Current:26332[1];HGNC.Current:26332[1>0];Ensembl.HGNC:190104[3>0]
NP_001381524	Ensembl.RefSeq_peptide:90783[1];Ensembl.RefSeq_peptide:90783[1>0]	ENSG00000095794	CURATED:25[0];HGNC.Current:5517[1];HGNC.Current:5517[1>0];Ensembl.HGNC:166924[3>0]
NP_001381527	Ensembl.RefSeq_peptide:90795[1];Ensembl.RefSeq_peptide:90795[1>0]	ENSG00000095794	CURATED:25[0];HGNC.Current:5517[1];HGNC.Current:5517[1>0];Ensembl.HGNC:166924[3>0]
NP_001381529	Ensembl.RefSeq_peptide:90782[1];Ensembl.RefSeq_peptide:90782[1>0]	ENSG00000095794	CURATED:25[0];HGNC.Current:5517[1];HGNC.Current:5517[1>0];Ensembl.HGNC:166924[3>0]
NP_001381531	Ensembl.RefSeq_peptide:90689[1];Ensembl.RefSeq_peptide:90689[1>0]	ENSG00000095794	CURATED:25[0];HGNC.Current:5517[1];HGNC.Current:5517[1>0];Ensembl.HGNC:166924[3>0]
NP_001381532	Ensembl.RefSeq_peptide:90688[1];Ensembl.RefSeq_peptide:90688[1>0]	ENSG00000095794	CURATED:25[0];HGNC.Current:5517[1];HGNC.Current:5517[1>0];Ensembl.HGNC:166924[3>0]
NP_001381534	Ensembl.RefSeq_peptide:90894[1];Ensembl.RefSeq_peptide:90894[1>0]	ENSG00000095794	CURATED:25[0];HGNC.Current:5517[1];HGNC.Current:5517[1>0];Ensembl.HGNC:166924[3>0]
NP_001381537	Ensembl.RefSeq_peptide:90855[1];Ensembl.RefSeq_peptide:90855[1>0]	ENSG00000095794	CURATED:25[0];HGNC.Current:5517[1];HGNC.Current:5517[1>0];Ensembl.HGNC:166924[3>0]
NP_001381539	Ensembl.RefSeq_peptide:90814[1];Ensembl.RefSeq_peptide:90814[1>0]	ENSG00000095794	CURATED:25[0];HGNC.Current:5517[1];HGNC.Current:5517[1>0];Ensembl.HGNC:166924[3>0]
NP_001381542	Ensembl.RefSeq_peptide:90856[1];Ensembl.RefSeq_peptide:90856[1>0]	ENSG00000095794	CURATED:25[0];HGNC.Current:5517[1];HGNC.Current:5517[1>0];Ensembl.HGNC:166924[3>0]
NP_001381543	Ensembl.RefSeq_peptide:90684[1];Ensembl.RefSeq_peptide:90684[1>0]	ENSG00000095794	CURATED:25[0];HGNC.Current:5517[1];HGNC.Current:5517[1>0];Ensembl.HGNC:166924[3>0]
NP_001381544	Ensembl.RefSeq_peptide:90868[1];Ensembl.RefSeq_peptide:90868[1>0]	ENSG00000095794	CURATED:25[0];HGNC.Current:5517[1];HGNC.Current:5517[1>0];Ensembl.HGNC:166924[3>0]
NP_001381545	Ensembl.RefSeq_peptide:90854[1];Ensembl.RefSeq_peptide:90854[1>0]	ENSG00000095794	CURATED:25[0];HGNC.Current:5517[1];HGNC.Current:5517[1>0];Ensembl.HGNC:166924[3>0]
NP_001381546	Ensembl.RefSeq_peptide:90877[1];Ensembl.RefSeq_peptide:90877[1>0]	ENSG00000095794	CURATED:25[0];HGNC.Current:5517[1];HGNC.Current:5517[1>0];Ensembl.HGNC:166924[3>0]
NP_001381547	Ensembl.RefSeq_peptide:90876[1];Ensembl.RefSeq_peptide:90876[1>0]	ENSG00000095794	CURATED:25[0];HGNC.Current:5517[1];HGNC.Current:5517[1>0];Ensembl.HGNC:166924[3>0]
NP_001381548	Ensembl.RefSeq_peptide:90878[1];Ensembl.RefSeq_peptide:90878[1>0]	ENSG00000095794	CURATED:25[0];HGNC.Current:5517[1];HGNC.Current:5517[1>0];Ensembl.HGNC:166924[3>0]
NP_001381549	Ensembl.RefSeq_peptide:90825[1];Ensembl.RefSeq_peptide:90825[1>0]	ENSG00000095794	CURATED:25[0];HGNC.Current:5517[1];HGNC.Current:5517[1>0];Ensembl.HGNC:166924[3>0]
NP_001381551	Ensembl.RefSeq_peptide:90875[1];Ensembl.RefSeq_peptide:90875[1>0]	ENSG00000095794	CURATED:25[0];HGNC.Current:5517[1];HGNC.Current:5517[1>0];Ensembl.HGNC:166924[3>0]
NP_001381552	Ensembl.RefSeq_peptide:90803[1];Ensembl.RefSeq_peptide:90803[1>0]	ENSG00000095794	CURATED:25[0];HGNC.Current:5517[1];HGNC.Current:5517[1>0];Ensembl.HGNC:166924[3>0]
NP_001381554	Ensembl.RefSeq_peptide:90909[1];Ensembl.RefSeq_peptide:90909[1>0]	ENSG00000095794	CURATED:25[0];HGNC.Current:5517[1];HGNC.Current:5517[1>0];Ensembl.HGNC:166924[3>0]
NP_001381555	Ensembl.RefSeq_peptide:90816[1];Ensembl.RefSeq_peptide:90816[1>0]	ENSG00000095794	CURATED:25[0];HGNC.Current:5517[1];HGNC.Current:5517[1>0];Ensembl.HGNC:166924[3>0]
NP_001381556	Ensembl.RefSeq_peptide:90815[1];Ensembl.RefSeq_peptide:90815[1>0]	ENSG00000095794	CURATED:25[0];HGNC.Current:5517[1];HGNC.Current:5517[1>0];Ensembl.HGNC:166924[3>0]
NP_001381557	Ensembl.RefSeq_peptide:90804[1];Ensembl.RefSeq_peptide:90804[1>0]	ENSG00000095794	CURATED:25[0];HGNC.Current:5517[1];HGNC.Current:5517[1>0];Ensembl.HGNC:166924[3>0]
NP_001381558	Ensembl.RefSeq_peptide:90802[1];Ensembl.RefSeq_peptide:90802[1>0]	ENSG00000095794	CURATED:25[0];HGNC.Current:5517[1];HGNC.Current:5517[1>0];Ensembl.HGNC:166924[3>0]
NP_001381560	Ensembl.RefSeq_peptide:90718[1];Ensembl.RefSeq_peptide:90718[1>0]	ENSG00000095794	CURATED:25[0];HGNC.Current:5517[1];HGNC.Current:5517[1>0];Ensembl.HGNC:166924[3>0]
NP_001382096	Ensembl.RefSeq_peptide:60470[1];Ensembl.RefSeq_peptide:60470[1>0]	ENSG00000088881	CURATED:39[0];HGNC.Current:7393[1];HGNC.Current:7393[1>0];Ensembl.HGNC:116723[3>0]
NP_001382097	Ensembl.RefSeq_peptide:60469[1];Ensembl.RefSeq_peptide:60469[1>0]	ENSG00000088881	CURATED:39[0];HGNC.Current:7393[1];HGNC.Current:7393[1>0];Ensembl.HGNC:116723[3>0]
NP_001382419	Ensembl.RefSeq_peptide:91984[1];Ensembl.RefSeq_peptide:91984[1>0]	ENSG00000124496	CURATED:263[0];HGNC.Current:40191[1];HGNC.Current:40191[1>0];Ensembl.HGNC:169689[3>0]
NP_001386957	Ensembl.RefSeq_peptide:95525[1];Ensembl.RefSeq_peptide:95525[1>0]	ENSG00000068305	CURATED:161[0];HGNC.Current:18376[1];HGNC.Current:18376[1>0];Ensembl.HGNC:175896[3>0]
NP_001386958	Ensembl.RefSeq_peptide:95588[1];Ensembl.RefSeq_peptide:95588[1>0]	ENSG00000068305	CURATED:161[0];HGNC.Current:18376[1];HGNC.Current:18376[1>0];Ensembl.HGNC:175896[3>0]
NP_001386959	Ensembl.RefSeq_peptide:95587[1];Ensembl.RefSeq_peptide:95587[1>0]	ENSG00000068305	CURATED:161[0];HGNC.Current:18376[1];HGNC.Current:18376[1>0];Ensembl.HGNC:175896[3>0]
NP_001386960	Ensembl.RefSeq_peptide:95554[1];Ensembl.RefSeq_peptide:95554[1>0]	ENSG00000068305	CURATED:161[0];HGNC.Current:18376[1];HGNC.Current:18376[1>0];Ensembl.HGNC:175896[3>0]
NP_001386961	Ensembl.RefSeq_peptide:95555[1];Ensembl.RefSeq_peptide:95555[1>0]	ENSG00000068305	CURATED:161[0];HGNC.Current:18376[1];HGNC.Current:18376[1>0];Ensembl.HGNC:175896[3>0]
NP_001386962	Ensembl.RefSeq_peptide:95558[1];Ensembl.RefSeq_peptide:95558[1>0]	ENSG00000068305	CURATED:161[0];HGNC.Current:18376[1];HGNC.Current:18376[1>0];Ensembl.HGNC:175896[3>0]
NP_001386963	Ensembl.RefSeq_peptide:95560[1];Ensembl.RefSeq_peptide:95560[1>0]	ENSG00000068305	CURATED:161[0];HGNC.Current:18376[1];HGNC.Current:18376[1>0];Ensembl.HGNC:175896[3>0]
NP_001386964	Ensembl.RefSeq_peptide:95556[1];Ensembl.RefSeq_peptide:95556[1>0]	ENSG00000068305	CURATED:161[0];HGNC.Current:18376[1];HGNC.Current:18376[1>0];Ensembl.HGNC:175896[3>0]
NP_001386965	Ensembl.RefSeq_peptide:95553[1];Ensembl.RefSeq_peptide:95553[1>0]	ENSG00000068305	CURATED:161[0];HGNC.Current:18376[1];HGNC.Current:18376[1>0];Ensembl.HGNC:175896[3>0]
NP_001386966	Ensembl.RefSeq_peptide:95473[1];Ensembl.RefSeq_peptide:95473[1>0]	ENSG00000068305	CURATED:161[0];HGNC.Current:18376[1];HGNC.Current:18376[1>0];Ensembl.HGNC:175896[3>0]
NP_001386967	Ensembl.RefSeq_peptide:95481[1];Ensembl.RefSeq_peptide:95481[1>0]	ENSG00000068305	CURATED:161[0];HGNC.Current:18376[1];HGNC.Current:18376[1>0];Ensembl.HGNC:175896[3>0]
NP_001386968	Ensembl.RefSeq_peptide:95477[1];Ensembl.RefSeq_peptide:95477[1>0]	ENSG00000068305	CURATED:161[0];HGNC.Current:18376[1];HGNC.Current:18376[1>0];Ensembl.HGNC:175896[3>0]
NP_001386969	Ensembl.RefSeq_peptide:95480[1];Ensembl.RefSeq_peptide:95480[1>0]	ENSG00000068305	CURATED:161[0];HGNC.Current:18376[1];HGNC.Current:18376[1>0];Ensembl.HGNC:175896[3>0]
NP_001386978	Ensembl.RefSeq_peptide:95475[1];Ensembl.RefSeq_peptide:95475[1>0]	ENSG00000068305	CURATED:161[0];HGNC.Current:18376[1];HGNC.Current:18376[1>0];Ensembl.HGNC:175896[3>0]
NP_001386979	Ensembl.RefSeq_peptide:95479[1];Ensembl.RefSeq_peptide:95479[1>0]	ENSG00000068305	CURATED:161[0];HGNC.Current:18376[1];HGNC.Current:18376[1>0];Ensembl.HGNC:175896[3>0]
NP_001386980	Ensembl.RefSeq_peptide:95485[1];Ensembl.RefSeq_peptide:95485[1>0]	ENSG00000068305	CURATED:161[0];HGNC.Current:18376[1];HGNC.Current:18376[1>0];Ensembl.HGNC:175896[3>0]
NP_001386981	Ensembl.RefSeq_peptide:95484[1];Ensembl.RefSeq_peptide:95484[1>0]	ENSG00000068305	CURATED:161[0];HGNC.Current:18376[1];HGNC.Current:18376[1>0];Ensembl.HGNC:175896[3>0]
NP_001386982	Ensembl.RefSeq_peptide:95478[1];Ensembl.RefSeq_peptide:95478[1>0]	ENSG00000068305	CURATED:161[0];HGNC.Current:18376[1];HGNC.Current:18376[1>0];Ensembl.HGNC:175896[3>0]
NP_001386983	Ensembl.RefSeq_peptide:95539[1];Ensembl.RefSeq_peptide:95539[1>0]	ENSG00000068305	CURATED:161[0];HGNC.Current:18376[1];HGNC.Current:18376[1>0];Ensembl.HGNC:175896[3>0]
NP_001386984	Ensembl.RefSeq_peptide:95580[1];Ensembl.RefSeq_peptide:95580[1>0]	ENSG00000068305	CURATED:161[0];HGNC.Current:18376[1];HGNC.Current:18376[1>0];Ensembl.HGNC:175896[3>0]
NP_001386985	Ensembl.RefSeq_peptide:95534[1];Ensembl.RefSeq_peptide:95534[1>0]	ENSG00000068305	CURATED:161[0];HGNC.Current:18376[1];HGNC.Current:18376[1>0];Ensembl.HGNC:175896[3>0]
NP_001386986	Ensembl.RefSeq_peptide:95526[1];Ensembl.RefSeq_peptide:95526[1>0]	ENSG00000068305	CURATED:161[0];HGNC.Current:18376[1];HGNC.Current:18376[1>0];Ensembl.HGNC:175896[3>0]
NP_001386987	Ensembl.RefSeq_peptide:95533[1];Ensembl.RefSeq_peptide:95533[1>0]	ENSG00000068305	CURATED:161[0];HGNC.Current:18376[1];HGNC.Current:18376[1>0];Ensembl.HGNC:175896[3>0]
NP_001386988	Ensembl.RefSeq_peptide:95530[1];Ensembl.RefSeq_peptide:95530[1>0]	ENSG00000068305	CURATED:161[0];HGNC.Current:18376[1];HGNC.Current:18376[1>0];Ensembl.HGNC:175896[3>0]
NP_001386989	Ensembl.RefSeq_peptide:95583[1];Ensembl.RefSeq_peptide:95583[1>0]	ENSG00000068305	CURATED:161[0];HGNC.Current:18376[1];HGNC.Current:18376[1>0];Ensembl.HGNC:175896[3>0]
NP_001386990	Ensembl.RefSeq_peptide:95528[1];Ensembl.RefSeq_peptide:95528[1>0]	ENSG00000068305	CURATED:161[0];HGNC.Current:18376[1];HGNC.Current:18376[1>0];Ensembl.HGNC:175896[3>0]
NP_001386991	Ensembl.RefSeq_peptide:95581[1];Ensembl.RefSeq_peptide:95581[1>0]	ENSG00000068305	CURATED:161[0];HGNC.Current:18376[1];HGNC.Current:18376[1>0];Ensembl.HGNC:175896[3>0]
NP_001386992	Ensembl.RefSeq_peptide:95532[1];Ensembl.RefSeq_peptide:95532[1>0]	ENSG00000068305	CURATED:161[0];HGNC.Current:18376[1];HGNC.Current:18376[1>0];Ensembl.HGNC:175896[3>0]
NP_001386993	Ensembl.RefSeq_peptide:95527[1];Ensembl.RefSeq_peptide:95527[1>0]	ENSG00000068305	CURATED:161[0];HGNC.Current:18376[1];HGNC.Current:18376[1>0];Ensembl.HGNC:175896[3>0]
NP_001386994	Ensembl.RefSeq_peptide:95536[1];Ensembl.RefSeq_peptide:95536[1>0]	ENSG00000068305	CURATED:161[0];HGNC.Current:18376[1];HGNC.Current:18376[1>0];Ensembl.HGNC:175896[3>0]
NP_001386995	Ensembl.RefSeq_peptide:95529[1];Ensembl.RefSeq_peptide:95529[1>0]	ENSG00000068305	CURATED:161[0];HGNC.Current:18376[1];HGNC.Current:18376[1>0];Ensembl.HGNC:175896[3>0]
NP_001386996	Ensembl.RefSeq_peptide:95584[1];Ensembl.RefSeq_peptide:95584[1>0]	ENSG00000068305	CURATED:161[0];HGNC.Current:18376[1];HGNC.Current:18376[1>0];Ensembl.HGNC:175896[3>0]
NP_001386997	Ensembl.RefSeq_peptide:95474[1];Ensembl.RefSeq_peptide:95474[1>0]	ENSG00000068305	CURATED:161[0];HGNC.Current:18376[1];HGNC.Current:18376[1>0];Ensembl.HGNC:175896[3>0]
NP_001386998	Ensembl.RefSeq_peptide:95575[1];Ensembl.RefSeq_peptide:95575[1>0]	ENSG00000068305	CURATED:161[0];HGNC.Current:18376[1];HGNC.Current:18376[1>0];Ensembl.HGNC:175896[3>0]
NP_001387294	Ensembl.RefSeq_peptide:88199[1];Ensembl.RefSeq_peptide:88199[1>0]	ENSG00000123405	CURATED:181[0];HGNC.Current:22656[1];HGNC.Current:22656[1>0];Ensembl.HGNC:162846[3>0]
NP_001387301	Ensembl.RefSeq_peptide:88197[1];Ensembl.RefSeq_peptide:88197[1>0]	ENSG00000123405	CURATED:181[0];HGNC.Current:22656[1];HGNC.Current:22656[1>0];Ensembl.HGNC:162846[3>0]
NP_001392637	Ensembl.RefSeq_peptide:25500[1];Ensembl.RefSeq_peptide:25500[1>0]	ENSG00000119866	CURATED:12[0];HGNC.Current:2342[1];HGNC.Current:2342[1>0];Ensembl.HGNC:53924[3>0]
NP_001392638	Ensembl.RefSeq_peptide:25501[1];Ensembl.RefSeq_peptide:25501[1>0]	ENSG00000119866	CURATED:12[0];HGNC.Current:2342[1];HGNC.Current:2342[1>0];Ensembl.HGNC:53924[3>0]
NP_001392639	Ensembl.RefSeq_peptide:25451[1];Ensembl.RefSeq_peptide:25451[1>0]	ENSG00000119866	CURATED:12[0];HGNC.Current:2342[1];HGNC.Current:2342[1>0];Ensembl.HGNC:53924[3>0]
NP_001392640	Ensembl.RefSeq_peptide:25516[1];Ensembl.RefSeq_peptide:25516[1>0]	ENSG00000119866	CURATED:12[0];HGNC.Current:2342[1];HGNC.Current:2342[1>0];Ensembl.HGNC:53924[3>0]
NP_001392641	Ensembl.RefSeq_peptide:25515[1];Ensembl.RefSeq_peptide:25515[1>0]	ENSG00000119866	CURATED:12[0];HGNC.Current:2342[1];HGNC.Current:2342[1>0];Ensembl.HGNC:53924[3>0]
NP_001392642	Ensembl.RefSeq_peptide:25495[1];Ensembl.RefSeq_peptide:25495[1>0]	ENSG00000119866	CURATED:12[0];HGNC.Current:2342[1];HGNC.Current:2342[1>0];Ensembl.HGNC:53924[3>0]
NP_001392643	Ensembl.RefSeq_peptide:25496[1];Ensembl.RefSeq_peptide:25496[1>0]	ENSG00000119866	CURATED:12[0];HGNC.Current:2342[1];HGNC.Current:2342[1>0];Ensembl.HGNC:53924[3>0]
NP_001392644	Ensembl.RefSeq_peptide:25498[1];Ensembl.RefSeq_peptide:25498[1>0]	ENSG00000119866	CURATED:12[0];HGNC.Current:2342[1];HGNC.Current:2342[1>0];Ensembl.HGNC:53924[3>0]
NP_001392645	Ensembl.RefSeq_peptide:25449[1];Ensembl.RefSeq_peptide:25449[1>0]	ENSG00000119866	CURATED:12[0];HGNC.Current:2342[1];HGNC.Current:2342[1>0];Ensembl.HGNC:53924[3>0]
NP_001392647	Ensembl.RefSeq_peptide:25465[1];Ensembl.RefSeq_peptide:25465[1>0]	ENSG00000119866	CURATED:12[0];HGNC.Current:2342[1];HGNC.Current:2342[1>0];Ensembl.HGNC:53924[3>0]
NP_001392648	Ensembl.RefSeq_peptide:25468[1];Ensembl.RefSeq_peptide:25468[1>0]	ENSG00000119866	CURATED:12[0];HGNC.Current:2342[1];HGNC.Current:2342[1>0];Ensembl.HGNC:53924[3>0]
NP_001392649	Ensembl.RefSeq_peptide:25520[1];Ensembl.RefSeq_peptide:25520[1>0]	ENSG00000119866	CURATED:12[0];HGNC.Current:2342[1];HGNC.Current:2342[1>0];Ensembl.HGNC:53924[3>0]
NP_001392650	Ensembl.RefSeq_peptide:25499[1];Ensembl.RefSeq_peptide:25499[1>0]	ENSG00000119866	CURATED:12[0];HGNC.Current:2342[1];HGNC.Current:2342[1>0];Ensembl.HGNC:53924[3>0]
NP_001392651	Ensembl.RefSeq_peptide:25448[1];Ensembl.RefSeq_peptide:25448[1>0]	ENSG00000119866	CURATED:12[0];HGNC.Current:2342[1];HGNC.Current:2342[1>0];Ensembl.HGNC:53924[3>0]
NP_001392652	Ensembl.RefSeq_peptide:25447[1];Ensembl.RefSeq_peptide:25447[1>0]	ENSG00000119866	CURATED:12[0];HGNC.Current:2342[1];HGNC.Current:2342[1>0];Ensembl.HGNC:53924[3>0]
NP_001392653	Ensembl.RefSeq_peptide:25469[1];Ensembl.RefSeq_peptide:25469[1>0]	ENSG00000119866	CURATED:12[0];HGNC.Current:2342[1];HGNC.Current:2342[1>0];Ensembl.HGNC:53924[3>0]
NP_001392654	Ensembl.RefSeq_peptide:25494[1];Ensembl.RefSeq_peptide:25494[1>0]	ENSG00000119866	CURATED:12[0];HGNC.Current:2342[1];HGNC.Current:2342[1>0];Ensembl.HGNC:53924[3>0]
NP_001392655	Ensembl.RefSeq_peptide:25445[1];Ensembl.RefSeq_peptide:25445[1>0]	ENSG00000119866	CURATED:12[0];HGNC.Current:2342[1];HGNC.Current:2342[1>0];Ensembl.HGNC:53924[3>0]
NP_001392656	Ensembl.RefSeq_peptide:25521[1];Ensembl.RefSeq_peptide:25521[1>0]	ENSG00000119866	CURATED:12[0];HGNC.Current:2342[1];HGNC.Current:2342[1>0];Ensembl.HGNC:53924[3>0]
NP_001392657	Ensembl.RefSeq_peptide:25493[1];Ensembl.RefSeq_peptide:25493[1>0]	ENSG00000119866	CURATED:12[0];HGNC.Current:2342[1];HGNC.Current:2342[1>0];Ensembl.HGNC:53924[3>0]
NP_001392658	Ensembl.RefSeq_peptide:25497[1];Ensembl.RefSeq_peptide:25497[1>0]	ENSG00000119866	CURATED:12[0];HGNC.Current:2342[1];HGNC.Current:2342[1>0];Ensembl.HGNC:53924[3>0]
NP_001392659	Ensembl.RefSeq_peptide:25450[1];Ensembl.RefSeq_peptide:25450[1>0]	ENSG00000119866	CURATED:12[0];HGNC.Current:2342[1];HGNC.Current:2342[1>0];Ensembl.HGNC:53924[3>0]
NP_001392660	Ensembl.RefSeq_peptide:25446[1];Ensembl.RefSeq_peptide:25446[1>0]	ENSG00000119866	CURATED:12[0];HGNC.Current:2342[1];HGNC.Current:2342[1>0];Ensembl.HGNC:53924[3>0]
NP_001392661	Ensembl.RefSeq_peptide:25455[1];Ensembl.RefSeq_peptide:25455[1>0]	ENSG00000119866	CURATED:12[0];HGNC.Current:2342[1];HGNC.Current:2342[1>0];Ensembl.HGNC:53924[3>0]
NP_001392662	Ensembl.RefSeq_peptide:25462[1];Ensembl.RefSeq_peptide:25462[1>0]	ENSG00000119866	CURATED:12[0];HGNC.Current:2342[1];HGNC.Current:2342[1>0];Ensembl.HGNC:53924[3>0]
NP_001392663	Ensembl.RefSeq_peptide:25458[1];Ensembl.RefSeq_peptide:25458[1>0]	ENSG00000119866	CURATED:12[0];HGNC.Current:2342[1];HGNC.Current:2342[1>0];Ensembl.HGNC:53924[3>0]
NP_001392664	Ensembl.RefSeq_peptide:25457[1];Ensembl.RefSeq_peptide:25457[1>0]	ENSG00000119866	CURATED:12[0];HGNC.Current:2342[1];HGNC.Current:2342[1>0];Ensembl.HGNC:53924[3>0]
NP_001392665	Ensembl.RefSeq_peptide:25464[1];Ensembl.RefSeq_peptide:25464[1>0]	ENSG00000119866	CURATED:12[0];HGNC.Current:2342[1];HGNC.Current:2342[1>0];Ensembl.HGNC:53924[3>0]
NP_001397666	Ensembl.RefSeq_peptide:150256[1];Ensembl.RefSeq_peptide:150256[1>0]	ENSG00000171735	CURATED:14[0];HGNC.Current:3339[1];HGNC.Current:3339[1>0];Ensembl.HGNC:275261[3>0]
NP_001397667	Ensembl.RefSeq_peptide:150257[1];Ensembl.RefSeq_peptide:150257[1>0]	ENSG00000171735	CURATED:14[0];HGNC.Current:3339[1];HGNC.Current:3339[1>0];Ensembl.HGNC:275261[3>0]
NP_001397683	Ensembl.RefSeq_peptide:137799[1];Ensembl.RefSeq_peptide:137799[1>0]	ENSG00000175745	CURATED:189[0];HGNC.Current:23166[1];HGNC.Current:23166[1>0];Ensembl.HGNC:251584[3>0]
NP_001397808	Ensembl.RefSeq_peptide:102979[1];Ensembl.RefSeq_peptide:102979[1>0]	ENSG00000185811	CURATED:125[0];HGNC.Current:13181[1];HGNC.Current:13181[1>0];Ensembl.HGNC:188341[3>0]
NP_001397860	Ensembl.RefSeq_peptide:59258[1];Ensembl.RefSeq_peptide:59258[1>0]	ENSG00000122877	CURATED:41[0];HGNC.Current:7620[1];HGNC.Current:7620[1>0];Ensembl.HGNC:114586[3>0]
NP_001397998	Ensembl.RefSeq_peptide:130216[1];Ensembl.RefSeq_peptide:130216[1>0]	ENSG00000125740	CURATED:58[0];HGNC.Current:9415[1];HGNC.Current:9415[1>0];Ensembl.HGNC:236716[3>0]
NP_001398032	Ensembl.RefSeq_peptide:85487[1];Ensembl.RefSeq_peptide:85487[1>0]	ENSG00000126561	CURATED:244[0];HGNC.Current:37782[1];HGNC.Current:37782[1>0];Ensembl.HGNC:157910[3>0]
NP_001400689	Ensembl.RefSeq_peptide:26458[1];Ensembl.RefSeq_peptide:26458[1>0]	ENSG00000111145	CURATED:44[0];HGNC.Current:7827[1];HGNC.Current:7827[1>0];Ensembl.HGNC:56353[3>0]
NP_001400690	Ensembl.RefSeq_peptide:26457[1];Ensembl.RefSeq_peptide:26457[1>0]	ENSG00000111145	CURATED:44[0];HGNC.Current:7827[1];HGNC.Current:7827[1>0];Ensembl.HGNC:56353[3>0]
NP_001400691	Ensembl.RefSeq_peptide:26456[1];Ensembl.RefSeq_peptide:26456[1>0]	ENSG00000111145	CURATED:44[0];HGNC.Current:7827[1];HGNC.Current:7827[1>0];Ensembl.HGNC:56353[3>0]
NP_001400692	Ensembl.RefSeq_peptide:26453[1];Ensembl.RefSeq_peptide:26453[1>0]	ENSG00000111145	CURATED:44[0];HGNC.Current:7827[1];HGNC.Current:7827[1>0];Ensembl.HGNC:56353[3>0]
NP_001400693	Ensembl.RefSeq_peptide:26455[1];Ensembl.RefSeq_peptide:26455[1>0]	ENSG00000111145	CURATED:44[0];HGNC.Current:7827[1];HGNC.Current:7827[1>0];Ensembl.HGNC:56353[3>0]
NP_001400694	Ensembl.RefSeq_peptide:26454[1];Ensembl.RefSeq_peptide:26454[1>0]	ENSG00000111145	CURATED:44[0];HGNC.Current:7827[1];HGNC.Current:7827[1>0];Ensembl.HGNC:56353[3>0]
NP_001400842	Ensembl.RefSeq_peptide:9050[1];Ensembl.RefSeq_peptide:9050[1>0]	ENSG00000139083	CURATED:54[0];HGNC.Current:8363[1];HGNC.Current:8363[1>0];Ensembl.HGNC:20793[3>0]
NP_001400843	Ensembl.RefSeq_peptide:9052[1];Ensembl.RefSeq_peptide:9052[1>0]	ENSG00000139083	CURATED:54[0];HGNC.Current:8363[1];HGNC.Current:8363[1>0];Ensembl.HGNC:20793[3>0]
NP_001400844	Ensembl.RefSeq_peptide:9053[1];Ensembl.RefSeq_peptide:9053[1>0]	ENSG00000139083	CURATED:54[0];HGNC.Current:8363[1];HGNC.Current:8363[1>0];Ensembl.HGNC:20793[3>0]
NP_001400845	Ensembl.RefSeq_peptide:9051[1];Ensembl.RefSeq_peptide:9051[1>0]	ENSG00000139083	CURATED:54[0];HGNC.Current:8363[1];HGNC.Current:8363[1>0];Ensembl.HGNC:20793[3>0]
NP_001400846	Ensembl.RefSeq_peptide:9049[1];Ensembl.RefSeq_peptide:9049[1>0]	ENSG00000139083	CURATED:54[0];HGNC.Current:8363[1];HGNC.Current:8363[1>0];Ensembl.HGNC:20793[3>0]
NP_001401447	Ensembl.RefSeq_peptide:92367[1];Ensembl.RefSeq_peptide:92367[1>0]	ENSG00000120837	CURATED:185[0];HGNC.Current:22690[1];HGNC.Current:22690[1>0];Ensembl.HGNC:170326[3>0]
NP_001401448	Ensembl.RefSeq_peptide:92368[1];Ensembl.RefSeq_peptide:92368[1>0]	ENSG00000120837	CURATED:185[0];HGNC.Current:22690[1];HGNC.Current:22690[1>0];Ensembl.HGNC:170326[3>0]
NP_001401449	Ensembl.RefSeq_peptide:92371[1];Ensembl.RefSeq_peptide:92371[1>0]	ENSG00000120837	CURATED:185[0];HGNC.Current:22690[1];HGNC.Current:22690[1>0];Ensembl.HGNC:170326[3>0]
NP_001401450	Ensembl.RefSeq_peptide:92370[1];Ensembl.RefSeq_peptide:92370[1>0]	ENSG00000120837	CURATED:185[0];HGNC.Current:22690[1];HGNC.Current:22690[1>0];Ensembl.HGNC:170326[3>0]
NP_001401451	Ensembl.RefSeq_peptide:92358[1];Ensembl.RefSeq_peptide:92358[1>0]	ENSG00000120837	CURATED:185[0];HGNC.Current:22690[1];HGNC.Current:22690[1>0];Ensembl.HGNC:170326[3>0]
NP_001401452	Ensembl.RefSeq_peptide:92366[1];Ensembl.RefSeq_peptide:92366[1>0]	ENSG00000120837	CURATED:185[0];HGNC.Current:22690[1];HGNC.Current:22690[1>0];Ensembl.HGNC:170326[3>0]
NP_001401453	Ensembl.RefSeq_peptide:92351[1];Ensembl.RefSeq_peptide:92351[1>0]	ENSG00000120837	CURATED:185[0];HGNC.Current:22690[1];HGNC.Current:22690[1>0];Ensembl.HGNC:170326[3>0]
NP_001401454	Ensembl.RefSeq_peptide:92352[1];Ensembl.RefSeq_peptide:92352[1>0]	ENSG00000120837	CURATED:185[0];HGNC.Current:22690[1];HGNC.Current:22690[1>0];Ensembl.HGNC:170326[3>0]
NP_001401455	Ensembl.RefSeq_peptide:92356[1];Ensembl.RefSeq_peptide:92356[1>0]	ENSG00000120837	CURATED:185[0];HGNC.Current:22690[1];HGNC.Current:22690[1>0];Ensembl.HGNC:170326[3>0]
NP_001401456	Ensembl.RefSeq_peptide:92353[1];Ensembl.RefSeq_peptide:92353[1>0]	ENSG00000120837	CURATED:185[0];HGNC.Current:22690[1];HGNC.Current:22690[1>0];Ensembl.HGNC:170326[3>0]
NP_001401457	Ensembl.RefSeq_peptide:92355[1];Ensembl.RefSeq_peptide:92355[1>0]	ENSG00000120837	CURATED:185[0];HGNC.Current:22690[1];HGNC.Current:22690[1>0];Ensembl.HGNC:170326[3>0]
NP_001401458	Ensembl.RefSeq_peptide:92357[1];Ensembl.RefSeq_peptide:92357[1>0]	ENSG00000120837	CURATED:185[0];HGNC.Current:22690[1];HGNC.Current:22690[1>0];Ensembl.HGNC:170326[3>0]
NP_001401459	Ensembl.RefSeq_peptide:92350[1];Ensembl.RefSeq_peptide:92350[1>0]	ENSG00000120837	CURATED:185[0];HGNC.Current:22690[1];HGNC.Current:22690[1>0];Ensembl.HGNC:170326[3>0]
NP_001401460	Ensembl.RefSeq_peptide:92354[1];Ensembl.RefSeq_peptide:92354[1>0]	ENSG00000120837	CURATED:185[0];HGNC.Current:22690[1];HGNC.Current:22690[1>0];Ensembl.HGNC:170326[3>0]
NP_001401461	Ensembl.RefSeq_peptide:92365[1];Ensembl.RefSeq_peptide:92365[1>0]	ENSG00000120837	CURATED:185[0];HGNC.Current:22690[1];HGNC.Current:22690[1>0];Ensembl.HGNC:170326[3>0]
NP_001402068	Ensembl.RefSeq_peptide:23879[1];Ensembl.RefSeq_peptide:23879[1>0]	ENSG00000118689	CURATED:71[0];HGNC.Current:9473[1];HGNC.Current:9473[1>0];Ensembl.HGNC:51505[3>0]
NP_001402069	Ensembl.RefSeq_peptide:23872[1];Ensembl.RefSeq_peptide:23872[1>0]	ENSG00000118689	CURATED:71[0];HGNC.Current:9473[1];HGNC.Current:9473[1>0];Ensembl.HGNC:51505[3>0]
NP_001402071	Ensembl.RefSeq_peptide:23880[1];Ensembl.RefSeq_peptide:23880[1>0]	ENSG00000118689	CURATED:71[0];HGNC.Current:9473[1];HGNC.Current:9473[1>0];Ensembl.HGNC:51505[3>0]
NP_001402073	Ensembl.RefSeq_peptide:23898[1];Ensembl.RefSeq_peptide:23898[1>0]	ENSG00000118689	CURATED:71[0];HGNC.Current:9473[1];HGNC.Current:9473[1>0];Ensembl.HGNC:51505[3>0]
NP_001402074	Ensembl.RefSeq_peptide:23897[1];Ensembl.RefSeq_peptide:23897[1>0]	ENSG00000118689	CURATED:71[0];HGNC.Current:9473[1];HGNC.Current:9473[1>0];Ensembl.HGNC:51505[3>0]
NP_001402075	Ensembl.RefSeq_peptide:23893[1];Ensembl.RefSeq_peptide:23893[1>0]	ENSG00000118689	CURATED:71[0];HGNC.Current:9473[1];HGNC.Current:9473[1>0];Ensembl.HGNC:51505[3>0]
NP_001402076	Ensembl.RefSeq_peptide:23896[1];Ensembl.RefSeq_peptide:23896[1>0]	ENSG00000118689	CURATED:71[0];HGNC.Current:9473[1];HGNC.Current:9473[1>0];Ensembl.HGNC:51505[3>0]
NP_001402077	Ensembl.RefSeq_peptide:23894[1];Ensembl.RefSeq_peptide:23894[1>0]	ENSG00000118689	CURATED:71[0];HGNC.Current:9473[1];HGNC.Current:9473[1>0];Ensembl.HGNC:51505[3>0]
NP_001402078	Ensembl.RefSeq_peptide:23895[1];Ensembl.RefSeq_peptide:23895[1>0]	ENSG00000118689	CURATED:71[0];HGNC.Current:9473[1];HGNC.Current:9473[1>0];Ensembl.HGNC:51505[3>0]
NP_001402079	Ensembl.RefSeq_peptide:23871[1];Ensembl.RefSeq_peptide:23871[1>0]	ENSG00000118689	CURATED:71[0];HGNC.Current:9473[1];HGNC.Current:9473[1>0];Ensembl.HGNC:51505[3>0]
NP_001417	Ensembl.RefSeq_peptide:30602[1];Ensembl.RefSeq_peptide:30602[1>0]	ENSG00000163064	CURATED:46[0];HGNC.Current:7952[1];HGNC.Current:7952[1>0];Ensembl.HGNC:64320[3>0]
NP_001421	Ensembl.RefSeq_peptide:24644[1];Ensembl.RefSeq_peptide:24644[1>0]	ENSG00000116016	CURATED:48[0];HGNC.Current:8043[1];HGNC.Current:8043[1>0];Ensembl.HGNC:52410[3>0]
NP_001442	Ensembl.RefSeq_peptide:20495[1];Ensembl.RefSeq_peptide:20495[1>0]	ENSG00000103241	CURATED:66[0];HGNC.Current:9443[1];HGNC.Current:9443[1>0];Ensembl.HGNC:44356[3>0]
NP_001443	Ensembl.RefSeq_peptide:8982[1];Ensembl.RefSeq_peptide:8982[1>0]	ENSG00000137273	CURATED:67[0];HGNC.Current:9444[1];HGNC.Current:9444[1>0];Ensembl.HGNC:20629[3>0]
NP_001444	Ensembl.RefSeq_peptide:10465[1];Ensembl.RefSeq_peptide:10465[1>0]	ENSG00000054598	CURATED:62[0];HGNC.Current:9425[1];HGNC.Current:9425[1>0];Ensembl.HGNC:23520[3>0]
NP_001445	Ensembl.RefSeq_peptide:61921[1];Ensembl.RefSeq_peptide:61921[1>0]	ENSG00000129654	CURATED:68[0];HGNC.Current:9452[1];HGNC.Current:9452[1>0];Ensembl.HGNC:119773[3>0]
NP_001446	Ensembl.RefSeq_peptide:23881[1];Ensembl.RefSeq_peptide:23881[1>0]	ENSG00000118689	CURATED:71[0];HGNC.Current:9473[1];HGNC.Current:9473[1>0];Ensembl.HGNC:51505[3>0]
NP_001476	Ensembl.RefSeq_peptide:142608[1];Ensembl.RefSeq_peptide:142608[1>0]	ENSG00000168505	CURATED:82[0];HGNC.Current:10102[1];HGNC.Current:10102[1>0];Ensembl.HGNC:260357[3>0]
NP_001563	Ensembl.RefSeq_peptide:14588[1];Ensembl.RefSeq_peptide:127539[1>0]	ENSG00000185507	CURATED:130[0];HGNC.Current:13505[1];HGNC.Current:13505[1>0];Ensembl.HGNC:231997[3>0]
NP_001563	Ensembl.RefSeq_peptide:14588[1];Ensembl.RefSeq_peptide:14588[1>0]	ENSG00000276561	CURATED:130[0];HGNC.Current:13505[1];HGNC.Current:13505[1>0];Ensembl.HGNC:32151[3>0]
NP_001595	Ensembl.RefSeq_peptide:119780[1];Ensembl.RefSeq_peptide:119780[1>0]	ENSG00000007372	CURATED:198[0];HGNC.Current:24887[1];HGNC.Current:24887[1>0];Ensembl.HGNC:216546[3>0]
NP_001612	Ensembl.RefSeq_peptide:9894[1];Ensembl.RefSeq_peptide:9894[1>0]	ENSG00000106546	CURATED:1[0];HGNC.Current:702[1];HGNC.Current:702[1>0];Ensembl.HGNC:22321[3>0]
NP_001721	Ensembl.RefSeq_peptide:1205[1];Ensembl.RefSeq_peptide:1205[1>0]	ENSG00000102554	CURATED:23[0];HGNC.Current:4824[1];HGNC.Current:14133[8>1];HGNC.Current:14133[1];HGNC.Current:14133[1>0];Ensembl.HGNC:2993[3>0]
NP_001745	Ensembl.RefSeq_peptide:17698[1];Ensembl.RefSeq_peptide:17698[1>0]	ENSG00000159216	CURATED:214[0];HGNC.Current:34448[1];HGNC.Current:34448[1>0];Ensembl.HGNC:38975[3>0]
NP_001795	Ensembl.RefSeq_peptide:128145[1];Ensembl.RefSeq_peptide:128145[1>0]	ENSG00000113722	CURATED:15[0];HGNC.Current:4222[1];HGNC.Current:4222[1>0];Ensembl.HGNC:232981[3>0]
NP_001796	Ensembl.RefSeq_peptide:92841[1];Ensembl.RefSeq_peptide:92841[1>0]	ENSG00000092067	CURATED:21[0];HGNC.Current:4284[1];HGNC.Current:4284[1>0];Ensembl.HGNC:171124[3>0]
NP_001872	Ensembl.RefSeq_peptide:90719[1];Ensembl.RefSeq_peptide:90719[1>0]	ENSG00000095794	CURATED:25[0];HGNC.Current:5517[1];HGNC.Current:5517[1>0];Ensembl.HGNC:166924[3>0]
NP_001895	Ensembl.RefSeq_peptide:144847[1];Ensembl.RefSeq_peptide:144847[1>0]	ENSG00000168036	CURATED:26[0];HGNC.Current:5816[1];HGNC.Current:5816[1>0];Ensembl.HGNC:263315[3>0]
NP_001940	Ensembl.RefSeq_peptide:82866[1];Ensembl.RefSeq_peptide:82866[1>0]	ENSG00000112242	CURATED:34[0];HGNC.Current:7366[1];HGNC.Current:7366[1>0];Ensembl.HGNC:153786[3>0]
NP_001941	Ensembl.RefSeq_peptide:57502[1];Ensembl.RefSeq_peptide:57502[1>0]	ENSG00000205250	CURATED:35[0];HGNC.Current:7370[1];HGNC.Current:7370[1>0];Ensembl.HGNC:111885[3>0]
NP_001955	Ensembl.RefSeq_peptide:121828[1];Ensembl.RefSeq_peptide:121828[1>0]	ENSG00000120738	CURATED:40[0];HGNC.Current:7619[1];HGNC.Current:7619[1>0];Ensembl.HGNC:222433[3>0]
NP_001964	Ensembl.RefSeq_peptide:151559[1];Ensembl.RefSeq_peptide:151559[1>0]	ENSG00000158711	CURATED:45[0];HGNC.Current:7828[1];HGNC.Current:7828[1>0];Ensembl.HGNC:277771[3>0]
NP_001978	Ensembl.RefSeq_peptide:9054[1];Ensembl.RefSeq_peptide:9054[1>0]	ENSG00000139083	CURATED:54[0];HGNC.Current:8363[1];HGNC.Current:8363[1>0];Ensembl.HGNC:20793[3>0]
NP_001980	Ensembl.RefSeq_peptide:80131[1];Ensembl.RefSeq_peptide:80131[1>0]	ENSG00000106038	CURATED:55[0];HGNC.Current:8385[1];HGNC.Current:8385[1>0];Ensembl.HGNC:149490[3>0]
NP_002006	Ensembl.RefSeq_peptide:1595[1];Ensembl.RefSeq_peptide:1595[1>0]	ENSG00000150907	CURATED:70[0];HGNC.Current:9471[1];HGNC.Current:9471[1>0];Ensembl.HGNC:4000[3>0]
NP_002008	Ensembl.RefSeq_peptide:125272[1];Ensembl.RefSeq_peptide:125272[1>0]	ENSG00000151702	CURATED:56[0];HGNC.Current:9325[1];HGNC.Current:9325[1>0];Ensembl.HGNC:228559[3>0]
NP_002040	Ensembl.RefSeq_peptide:72381[1];Ensembl.RefSeq_peptide:72381[1>0]	ENSG00000102145	CURATED:76[0];HGNC.Current:10067[1];HGNC.Current:10067[1>0];Ensembl.HGNC:136420[3>0]
NP_002042	Ensembl.RefSeq_peptide:79939[1];Ensembl.RefSeq_peptide:79939[1>0]	ENSG00000107485	CURATED:78[0];HGNC.Current:10070[1];HGNC.Current:10070[1>0];Ensembl.HGNC:149020[3>0]
NP_002043	Ensembl.RefSeq_peptide:14542[1];Ensembl.RefSeq_peptide:60740[1>0]	ENSG00000136574	CURATED:79[0];HGNC.Current:10072[1];HGNC.Current:10072[1>0];Ensembl.HGNC:117007[3>0]
NP_002043	Ensembl.RefSeq_peptide:14542[1];Ensembl.RefSeq_peptide:14542[1>0]	ENSG00000285109	CURATED:79[0];HGNC.Current:10072[1];HGNC.Current:10072[1>0];Ensembl.HGNC:32079[3>0]
NP_002088	Ensembl.RefSeq_peptide:26524[1];Ensembl.RefSeq_peptide:26524[1>0]	ENSG00000122034	CURATED:87[0];HGNC.Current:11034[1];HGNC.Current:11034[1>0];Ensembl.HGNC:56375[3>0]
NP_002117	Ensembl.RefSeq_peptide:138236[1];Ensembl.RefSeq_peptide:138236[1>0]	ENSG00000108924	CURATED:97[0];HGNC.Current:11726[1];HGNC.Current:11726[1>0];Ensembl.HGNC:252335[3>0]
NP_002122	Ensembl.RefSeq_peptide:105506[1];Ensembl.RefSeq_peptide:105506[1>0]	ENSG00000137309	CURATED:99[0];HGNC.Current:11744[1];HGNC.Current:11744[1>0];Ensembl.HGNC:193473[3>0]
NP_002132	Ensembl.RefSeq_peptide:121623[1];Ensembl.RefSeq_peptide:121623[1>0]	ENSG00000197576	CURATED:106[0];HGNC.Current:12141[1];HGNC.Current:12141[1>0];Ensembl.HGNC:221881[3>0]
NP_002135	Ensembl.RefSeq_peptide:133917[1];Ensembl.RefSeq_peptide:133917[1>0]	ENSG00000120094	CURATED:110[0];HGNC.Current:12156[1];HGNC.Current:12156[1>0];Ensembl.HGNC:244944[3>0]
NP_002138	Ensembl.RefSeq_peptide:133981[1];Ensembl.RefSeq_peptide:133981[1>0]	ENSG00000120075	CURATED:112[0];HGNC.Current:12160[1];HGNC.Current:12160[1>0];Ensembl.HGNC:245119[3>0]
NP_002149	Ensembl.RefSeq_peptide:126118[1];Ensembl.RefSeq_peptide:126118[1>0]	ENSG00000170802	CURATED:69[0];HGNC.Current:9464[1];HGNC.Current:9464[1>0];Ensembl.HGNC:229707[3>0]
NP_002154	Ensembl.RefSeq_peptide:103798[1];Ensembl.RefSeq_peptide:103798[1>0]	ENSG00000140968	CURATED:131[0];HGNC.Current:13506[1];HGNC.Current:13506[1>0];Ensembl.HGNC:190659[3>0]
NP_002156	Ensembl.RefSeq_peptide:12401[1];Ensembl.RefSeq_peptide:12401[1>0]	ENSG00000125968	CURATED:121[0];HGNC.Current:12530[1];HGNC.Current:12530[1>0];Ensembl.HGNC:27803[3>0]
NP_002157	Ensembl.RefSeq_peptide:121082[1];Ensembl.RefSeq_peptide:121082[1>0]	ENSG00000115738	CURATED:122[0];HGNC.Current:12531[1];HGNC.Current:12531[1>0];Ensembl.HGNC:220791[3>0]
NP_002158	Ensembl.RefSeq_peptide:38459[1];Ensembl.RefSeq_peptide:60586[1>0]	ENSG00000117318	CURATED:123[0];HGNC.Current:12534[1];HGNC.Current:12534[1>0];Ensembl.HGNC:117025[3>0]
NP_002158	Ensembl.RefSeq_peptide:38459[1];Ensembl.RefSeq_peptide:38459[1>0]	ENSG00000283060	CURATED:123[0];HGNC.Current:12534[1];HGNC.Current:12534[1>0];Ensembl.HGNC:77361[3>0]
NP_002189	Ensembl.RefSeq_peptide:122350[1];Ensembl.RefSeq_peptide:122350[1>0]	ENSG00000125347	CURATED:128[0];HGNC.Current:13494[1];HGNC.Current:13494[1>0];Ensembl.HGNC:223200[3>0]
NP_002193	Ensembl.RefSeq_peptide:78849[1];Ensembl.RefSeq_peptide:78849[1>0]	ENSG00000016082	CURATED:135[0];HGNC.Current:13543[1];HGNC.Current:13543[1>0];Ensembl.HGNC:146828[3>0]
NP_002219	Ensembl.RefSeq_peptide:150242[1];Ensembl.RefSeq_peptide:150242[1>0]	ENSG00000177606	CURATED:136[0];HGNC.Current:13714[1];HGNC.Current:13714[1>0];Ensembl.HGNC:275258[3>0]
NP_002220	Ensembl.RefSeq_peptide:62226[1];Ensembl.RefSeq_peptide:62226[1>0]	ENSG00000171223	CURATED:137[0];HGNC.Current:13716[1];HGNC.Current:13716[1>0];Ensembl.HGNC:120393[3>0]
NP_002307	Ensembl.RefSeq_peptide:8950[1];Ensembl.RefSeq_peptide:8950[1>0]	ENSG00000136944	CURATED:156[0];HGNC.Current:17435[1];HGNC.Current:17435[1>0];Ensembl.HGNC:20365[3>0]
NP_002348	Ensembl.RefSeq_peptide:114027[1];Ensembl.RefSeq_peptide:114027[1>0]	ENSG00000059728	CURATED:173[0];HGNC.Current:21937[1];HGNC.Current:21937[1>0];Ensembl.HGNC:208732[3>0]
NP_002350	Ensembl.RefSeq_peptide:77030[1];Ensembl.RefSeq_peptide:77030[1>0]	ENSG00000197063	CURATED:160[0];HGNC.Current:17880[1];HGNC.Current:17880[1>0];Ensembl.HGNC:144002[3>0]
NP_002388	Ensembl.RefSeq_peptide:142286[1];Ensembl.RefSeq_peptide:142286[1>0]	ENSG00000081189	CURATED:162[0];HGNC.Current:18379[1];HGNC.Current:18379[1>0];Ensembl.HGNC:259555[3>0]
NP_002389	Ensembl.RefSeq_peptide:149884[1];Ensembl.RefSeq_peptide:149884[1>0]	ENSG00000143995	CURATED:164[0];HGNC.Current:18399[1];HGNC.Current:18399[1>0];Ensembl.HGNC:274483[3>0]
NP_002390	Ensembl.RefSeq_peptide:96173[1];Ensembl.RefSeq_peptide:96173[1>0]	ENSG00000134138	CURATED:165[0];HGNC.Current:18402[1];HGNC.Current:18402[1>0];Ensembl.HGNC:176618[3>0]
NP_002439	Ensembl.RefSeq_peptide:5567[1];Ensembl.RefSeq_peptide:5567[1>0]	ENSG00000163132	CURATED:171[0];HGNC.Current:21208[1];HGNC.Current:21208[1>0];Ensembl.HGNC:13236[3>0]
NP_002440	Ensembl.RefSeq_peptide:98679[1];Ensembl.RefSeq_peptide:98679[1>0]	ENSG00000120149	CURATED:172[0];HGNC.Current:21209[1];HGNC.Current:21209[1>0];Ensembl.HGNC:180970[3>0]
NP_002451	Ensembl.RefSeq_peptide:93723[1];Ensembl.RefSeq_peptide:93723[1>0]	ENSG00000137265	CURATED:129[0];HGNC.Current:13501[1];HGNC.Current:13501[1>0];Ensembl.HGNC:172659[3>0]
NP_002458	Ensembl.RefSeq_peptide:99224[1];Ensembl.RefSeq_peptide:99224[1>0]	ENSG00000136997	CURATED:177[0];HGNC.Current:21961[1];HGNC.Current:21961[1>0];Ensembl.HGNC:181822[3>0]
NP_002576	Ensembl.RefSeq_peptide:147934[1];Ensembl.RefSeq_peptide:147934[1>0]	ENSG00000185630	CURATED:199[0];HGNC.Current:24905[1];HGNC.Current:24905[1>0];Ensembl.HGNC:269930[3>0]
NP_002644	Ensembl.RefSeq_peptide:136284[1];Ensembl.RefSeq_peptide:136284[1>0]	ENSG00000069011	CURATED:200[0];HGNC.Current:25825[1];HGNC.Current:25825[1>0];Ensembl.HGNC:248371[3>0]
NP_002688	Ensembl.RefSeq_peptide:43900[1];Ensembl.RefSeq_peptide:43900[1>0]	ENSG00000143190	CURATED:201[0];HGNC.Current:26330[1];HGNC.Current:26330[1>0];Ensembl.HGNC:87858[3>0]
NP_002689	Ensembl.RefSeq_peptide:104060[1];Ensembl.RefSeq_peptide:104060[1>0]	ENSG00000028277	CURATED:202[0];HGNC.Current:26332[1];HGNC.Current:26332[1>0];Ensembl.HGNC:190104[3>0]
NP_002690	Ensembl.RefSeq_peptide:150376[1];Ensembl.RefSeq_peptide:150376[1>0]	ENSG00000185668	CURATED:203[0];HGNC.Current:26335[1];HGNC.Current:26335[1>0];Ensembl.HGNC:275427[3>0]
NP_002720	Ensembl.RefSeq_peptide:9900[1];Ensembl.RefSeq_peptide:9900[1>0]	ENSG00000152804	CURATED:96[0];HGNC.Current:11595[1];HGNC.Current:11595[1>0];Ensembl.HGNC:22360[3>0]
NP_002888	Ensembl.RefSeq_peptide:125266[1];Ensembl.RefSeq_peptide:125266[1>0]	ENSG00000153250	CURATED:209[0];HGNC.Current:27978[1];HGNC.Current:27978[1>0];Ensembl.HGNC:228378[3>0]
NP_002934	Ensembl.RefSeq_peptide:18908[1];Ensembl.RefSeq_peptide:18908[1>0]	ENSG00000069667	CURATED:211[0];HGNC.Current:32134[1];HGNC.Current:32134[1>0];Ensembl.HGNC:40538[3>0]
NP_002948	Ensembl.RefSeq_peptide:13157[1];Ensembl.RefSeq_peptide:13157[1>0]	ENSG00000186350	CURATED:217[0];HGNC.Current:34479[1];HGNC.Current:34479[1>0];Ensembl.HGNC:28904[3>0]
NP_002962	Ensembl.RefSeq_peptide:130934[1];Ensembl.RefSeq_peptide:130934[1>0]	ENSG00000182568	CURATED:220[0];HGNC.Current:34631[1];HGNC.Current:34631[1>0];Ensembl.HGNC:237609[3>0]
NP_003059	Ensembl.RefSeq_peptide:17543[1];Ensembl.RefSeq_peptide:17543[1>0]	ENSG00000019549	CURATED:223[0];HGNC.Current:36262[1];HGNC.Current:36262[1>0];Ensembl.HGNC:38704[3>0]
NP_003097	Ensembl.RefSeq_peptide:33883[1];Ensembl.RefSeq_peptide:33883[1>0]	ENSG00000181449	CURATED:228[0];HGNC.Current:37133[1];HGNC.Current:37133[1>0];Ensembl.HGNC:69969[3>0]
NP_003098	Ensembl.RefSeq_peptide:9001[1];Ensembl.RefSeq_peptide:9001[1>0]	ENSG00000124766	CURATED:230[0];HGNC.Current:37136[1];HGNC.Current:37136[1>0];Ensembl.HGNC:20684[3>0]
NP_003102	Ensembl.RefSeq_peptide:119208[1];Ensembl.RefSeq_peptide:119208[1>0]	ENSG00000172845	CURATED:234[0];HGNC.Current:37161[1];HGNC.Current:37161[1>0];Ensembl.HGNC:217108[3>0]
NP_003103	Ensembl.RefSeq_peptide:10111[1];Ensembl.RefSeq_peptide:10111[1>0]	ENSG00000105866	CURATED:235[0];HGNC.Current:37163[1];HGNC.Current:37163[1>0];Ensembl.HGNC:22722[3>0]
NP_003111	Ensembl.RefSeq_peptide:139906[1];Ensembl.RefSeq_peptide:139906[1>0]	ENSG00000066336	CURATED:239[0];HGNC.Current:37337[1];HGNC.Current:37337[1>0];Ensembl.HGNC:255480[3>0]
NP_003112	Ensembl.RefSeq_peptide:92148[1];Ensembl.RefSeq_peptide:92148[1>0]	ENSG00000269404	CURATED:240[0];HGNC.Current:37338[1];HGNC.Current:37338[1>0];Ensembl.HGNC:169888[3>0]
NP_003141	Ensembl.RefSeq_peptide:145829[1];Ensembl.RefSeq_peptide:145829[1>0]	ENSG00000168610	CURATED:242[0];HGNC.Current:37779[1];HGNC.Current:37779[1>0];Ensembl.HGNC:265687[3>0]
NP_003142	Ensembl.RefSeq_peptide:149055[1];Ensembl.RefSeq_peptide:149055[1>0]	ENSG00000138378	CURATED:243[0];HGNC.Current:37780[1];HGNC.Current:37780[1>0];Ensembl.HGNC:272621[3>0]
NP_003143	Ensembl.RefSeq_peptide:85470[1];Ensembl.RefSeq_peptide:85470[1>0]	ENSG00000126561	CURATED:244[0];HGNC.Current:37782[1];HGNC.Current:37782[1>0];Ensembl.HGNC:157910[3>0]
NP_003172	Ensembl.RefSeq_peptide:39699[1];Ensembl.RefSeq_peptide:39699[1>0]	ENSG00000164458	CURATED:245[0];HGNC.Current:38471[10];HGNC.Current:38471[10>1];HGNC.Current:38471[1];HGNC.Current:38471[1>0];Ensembl.HGNC:79837[3>0]
NP_003180	Ensembl.RefSeq_peptide:139766[1];Ensembl.RefSeq_peptide:139766[1>0]	ENSG00000162367	CURATED:246[0];HGNC.Current:38264[1];HGNC.Current:38264[1>0];Ensembl.HGNC:255251[3>0]
NP_003190	Ensembl.RefSeq_peptide:7854[1];Ensembl.RefSeq_peptide:7854[1>0]	ENSG00000196628	CURATED:254[0];HGNC.Current:38510[1];HGNC.Current:38510[1>0];Ensembl.HGNC:12536[3>0]
NP_003191	Ensembl.RefSeq_peptide:123000[1];Ensembl.RefSeq_peptide:123000[1>0]	ENSG00000071564	CURATED:253[0];HGNC.Current:38508[1];HGNC.Current:38508[1>0];Ensembl.HGNC:224257[3>0]
NP_003193	Ensembl.RefSeq_peptide:140745[1];Ensembl.RefSeq_peptide:140745[1>0]	ENSG00000081059	CURATED:255[0];HGNC.Current:38513[1];HGNC.Current:38513[1>0];Ensembl.HGNC:256964[3>0]
NP_003213	Ensembl.RefSeq_peptide:5884[1];Ensembl.RefSeq_peptide:5884[1>0]	ENSG00000087510	CURATED:257[0];HGNC.Current:38710[1];HGNC.Current:38710[1>0];Ensembl.HGNC:13931[3>0]
NP_003358	Ensembl.RefSeq_peptide:112872[1];Ensembl.RefSeq_peptide:112872[1>0]	ENSG00000105698	CURATED:266[0];HGNC.Current:41753[1];HGNC.Current:41753[1>0];Ensembl.HGNC:206880[3>0]
NP_003568	Ensembl.RefSeq_peptide:41877[1];Ensembl.RefSeq_peptide:41877[1>0]	ENSG00000171794	CURATED:267[0];HGNC.Current:41914[1];HGNC.Current:41914[1>0];Ensembl.HGNC:84471[3>0]
NP_003700	Ensembl.RefSeq_peptide:145210[1];Ensembl.RefSeq_peptide:145210[1>0]	ENSG00000118263	CURATED:147[0];HGNC.Current:14135[1];HGNC.Current:14135[1>0];Ensembl.HGNC:265108[3>0]
NP_003856	Ensembl.RefSeq_peptide:21645[1];Ensembl.RefSeq_peptide:21645[1>0]	ENSG00000163666	CURATED:95[0];HGNC.Current:11570[1];HGNC.Current:11570[1>0];Ensembl.HGNC:46737[3>0]
NP_003946	Ensembl.RefSeq_peptide:117617[1];Ensembl.RefSeq_peptide:117617[1>0]	ENSG00000184557	CURATED:224[0];HGNC.Current:37079[1];HGNC.Current:37079[1>0];Ensembl.HGNC:214861[3>0]
NP_003978	Ensembl.RefSeq_peptide:94508[1];Ensembl.RefSeq_peptide:94508[1>0]	ENSG00000075891	CURATED:195[0];HGNC.Current:24883[1];HGNC.Current:24883[1>0];Ensembl.HGNC:174222[3>0]
NP_003979	Ensembl.RefSeq_peptide:94506[1];Ensembl.RefSeq_peptide:94506[1>0]	ENSG00000075891	CURATED:195[0];HGNC.Current:24883[1];HGNC.Current:24883[1>0];Ensembl.HGNC:174222[3>0]
NP_003980	Ensembl.RefSeq_peptide:94497[1];Ensembl.RefSeq_peptide:94497[1>0]	ENSG00000075891	CURATED:195[0];HGNC.Current:24883[1];HGNC.Current:24883[1>0];Ensembl.HGNC:174222[3>0]
NP_003981	Ensembl.RefSeq_peptide:94494[1];Ensembl.RefSeq_peptide:94494[1>0]	ENSG00000075891	CURATED:195[0];HGNC.Current:24883[1];HGNC.Current:24883[1>0];Ensembl.HGNC:174222[3>0]
NP_003989	Ensembl.RefSeq_peptide:88267[1];Ensembl.RefSeq_peptide:88267[1>0]	ENSG00000109320	CURATED:184[0];HGNC.Current:22673[1];HGNC.Current:22673[1>0];Ensembl.HGNC:162880[3>0]
NP_004020	Ensembl.RefSeq_peptide:14577[1];Ensembl.RefSeq_peptide:127538[1>0]	ENSG00000185507	CURATED:130[0];HGNC.Current:13505[1];HGNC.Current:13505[1>0];Ensembl.HGNC:231997[3>0]
NP_004020	Ensembl.RefSeq_peptide:14577[1];Ensembl.RefSeq_peptide:14577[1>0]	ENSG00000276561	CURATED:130[0];HGNC.Current:13505[1];HGNC.Current:13505[1>0];Ensembl.HGNC:32151[3>0]
NP_004022	Ensembl.RefSeq_peptide:14614[1];Ensembl.RefSeq_peptide:127546[1>0]	ENSG00000185507	CURATED:130[0];HGNC.Current:13505[1];HGNC.Current:13505[1>0];Ensembl.HGNC:231997[3>0]
NP_004022	Ensembl.RefSeq_peptide:14614[1];Ensembl.RefSeq_peptide:14614[1>0]	ENSG00000276561	CURATED:130[0];HGNC.Current:13505[1];HGNC.Current:13505[1>0];Ensembl.HGNC:32151[3>0]
NP_004179	Ensembl.RefSeq_peptide:43593[1];Ensembl.RefSeq_peptide:43593[1>0]	ENSG00000165702	CURATED:84[0];HGNC.Current:10205[1];HGNC.Current:10205[1>0];Ensembl.HGNC:87544[3>0]
NP_004226	Ensembl.RefSeq_peptide:12534[1];Ensembl.RefSeq_peptide:12534[1>0]	ENSG00000136826	CURATED:144[0];HGNC.Current:14131[1];HGNC.Current:14131[1>0];Ensembl.HGNC:28028[3>0]
NP_004341	Ensembl.RefSeq_peptide:149394[1];Ensembl.RefSeq_peptide:149394[1>0]	ENSG00000020633	CURATED:216[0];HGNC.Current:34454[1];HGNC.Current:34454[1>0];Ensembl.HGNC:273507[3>0]
NP_004355	Ensembl.RefSeq_peptide:123966[1];Ensembl.RefSeq_peptide:123966[1>0]	ENSG00000245848	CURATED:18[0];HGNC.Current:4279[1];HGNC.Current:4279[1>0];Ensembl.HGNC:226663[3>0]
NP_004370	Ensembl.RefSeq_peptide:135320[1];Ensembl.RefSeq_peptide:135320[1>0]	ENSG00000118260	CURATED:24[0];HGNC.Current:5501[1];HGNC.Current:5501[1>0];Ensembl.HGNC:246988[3>0]
NP_004378	Ensembl.RefSeq_peptide:101745[1];Ensembl.RefSeq_peptide:101745[1>0]	ENSG00000183072	CURATED:187[0];HGNC.Current:22811[1];HGNC.Current:22811[1>0];Ensembl.HGNC:186032[3>0]
NP_004383	Ensembl.RefSeq_peptide:16499[1];Ensembl.RefSeq_peptide:16499[1>0]	ENSG00000276644	CURATED:27[0];HGNC.Current:6166[1];HGNC.Current:6166[1>0];Ensembl.HGNC:36339[3>0]
NP_004440	Ensembl.RefSeq_peptide:6996[1];Ensembl.RefSeq_peptide:6996[1>0]	ENSG00000157554	CURATED:49[0];HGNC.Current:8145[1];HGNC.Current:8145[1>0];Ensembl.HGNC:15734[3>0]
NP_004445	Ensembl.RefSeq_peptide:43037[1];Ensembl.RefSeq_peptide:43037[1>0]	ENSG00000244405	CURATED:53[0];HGNC.Current:8361[1];HGNC.Current:8361[1>0];Ensembl.HGNC:86215[3>0]
NP_004463	Ensembl.RefSeq_peptide:115734[1];Ensembl.RefSeq_peptide:115734[1>0]	ENSG00000251493	CURATED:64[0];HGNC.Current:9429[1];HGNC.Current:9429[1>0];Ensembl.HGNC:211581[3>0]
NP_004487	Ensembl.RefSeq_peptide:92106[1];Ensembl.RefSeq_peptide:92106[1>0]	ENSG00000129514	CURATED:60[0];HGNC.Current:9420[1];HGNC.Current:9420[1>0];Ensembl.HGNC:169876[3>0]
NP_004506	Ensembl.RefSeq_peptide:43307[1];Ensembl.RefSeq_peptide:43307[1>0]	ENSG00000143621	CURATED:127[0];HGNC.Current:13290[1];HGNC.Current:13290[1>0];Ensembl.HGNC:87072[3>0]
NP_004518	Ensembl.RefSeq_peptide:136654[1];Ensembl.RefSeq_peptide:136654[1>0]	ENSG00000005102	CURATED:166[0];HGNC.Current:18417[1];HGNC.Current:18417[1>0];Ensembl.HGNC:249646[3>0]
NP_004546	Ensembl.RefSeq_peptide:40140[1];Ensembl.RefSeq_peptide:40140[1>0]	ENSG00000072736	CURATED:180[0];HGNC.Current:22654[1];HGNC.Current:22654[1>0];Ensembl.HGNC:77902[3>0]
NP_004599	Ensembl.RefSeq_peptide:91105[1];Ensembl.RefSeq_peptide:91105[1>0]	ENSG00000149922	CURATED:251[0];HGNC.Current:38458[1];HGNC.Current:38458[1>0];Ensembl.HGNC:168356[3>0]
NP_004600	Ensembl.RefSeq_peptide:30186[1];Ensembl.RefSeq_peptide:30186[1>0]	ENSG00000125878	CURATED:252[0];HGNC.Current:38519[1];HGNC.Current:38519[1>0];Ensembl.HGNC:63667[3>0]
NP_004640	Ensembl.RefSeq_peptide:11391[1];Ensembl.RefSeq_peptide:11391[1>0]	ENSG00000160221	CURATED:90[0];HGNC.Current:11563[1];HGNC.Current:10083[8>1];HGNC.Current:10083[1];HGNC.Current:10083[1>0];Ensembl.HGNC:25032[3>0]
NP_004780	Ensembl.RefSeq_peptide:64275[1];Ensembl.RefSeq_peptide:64275[1>0]	ENSG00000106689	CURATED:152[0];HGNC.Current:14928[1];HGNC.Current:14928[1>0];Ensembl.HGNC:123593[3>0]
NP_004812	Ensembl.RefSeq_peptide:96881[1];Ensembl.RefSeq_peptide:96881[1>0]	ENSG00000113196	CURATED:88[0];HGNC.Current:11351[1];HGNC.Current:11351[1>0];Ensembl.HGNC:178456[3>0]
NP_005051	Ensembl.RefSeq_peptide:146664[1];Ensembl.RefSeq_peptide:146664[1>0]	ENSG00000143365	CURATED:213[0];HGNC.Current:32139[1];HGNC.Current:32139[1>0];Ensembl.HGNC:267709[3>0]
NP_005069	Ensembl.RefSeq_peptide:73756[1];Ensembl.RefSeq_peptide:73756[1>0]	ENSG00000140332	CURATED:261[0];HGNC.Current:38963[1];HGNC.Current:38963[1>0];Ensembl.HGNC:135860[3>0]
NP_005071	Ensembl.RefSeq_peptide:51788[1];Ensembl.RefSeq_peptide:51788[1>0]	ENSG00000100219	CURATED:268[0];HGNC.Current:42573[1];HGNC.Current:42573[1>0];Ensembl.HGNC:102325[3>0]
NP_005161	Ensembl.RefSeq_peptide:122458[1];Ensembl.RefSeq_peptide:122458[1>0]	ENSG00000183734	CURATED:9[0];HGNC.Current:1749[1];HGNC.Current:1749[1>0];Ensembl.HGNC:223545[3>0]
NP_005184	Ensembl.RefSeq_peptide:87907[1];Ensembl.RefSeq_peptide:87907[1>0]	ENSG00000131264	CURATED:17[0];HGNC.Current:4224[1];HGNC.Current:4224[1>0];Ensembl.HGNC:162344[3>0]
NP_005185	Ensembl.RefSeq_peptide:32135[1];Ensembl.RefSeq_peptide:32135[1>0]	ENSG00000172216	CURATED:19[0];HGNC.Current:4281[1];HGNC.Current:4281[1>0];Ensembl.HGNC:67120[3>0]
NP_005186	Ensembl.RefSeq_peptide:80945[1];Ensembl.RefSeq_peptide:80945[1>0]	ENSG00000221869	CURATED:20[0];HGNC.Current:4283[1];HGNC.Current:4283[1>0];Ensembl.HGNC:151057[3>0]
NP_005211	Ensembl.RefSeq_peptide:36774[1];Ensembl.RefSeq_peptide:36774[1>0]	ENSG00000064195	CURATED:28[0];HGNC.Current:6740[1];HGNC.Current:6740[1>0];Ensembl.HGNC:74615[3>0]
NP_005212	Ensembl.RefSeq_peptide:30142[1];Ensembl.RefSeq_peptide:30142[1>0]	ENSG00000105880	CURATED:29[0];HGNC.Current:6742[1];HGNC.Current:6742[1>0];Ensembl.HGNC:63611[3>0]
NP_005213	Ensembl.RefSeq_peptide:31997[1];Ensembl.RefSeq_peptide:31997[1>0]	ENSG00000006377	CURATED:30[0];HGNC.Current:6743[1];HGNC.Current:6743[1>0];Ensembl.HGNC:66752[3>0]
NP_005215	Ensembl.RefSeq_peptide:8610[1];Ensembl.RefSeq_peptide:8610[1>0]	ENSG00000116017	CURATED:6[0];HGNC.Current:1542[1];HGNC.Current:1542[1>0];Ensembl.HGNC:19551[3>0]
NP_005221	Ensembl.RefSeq_peptide:26459[1];Ensembl.RefSeq_peptide:26459[1>0]	ENSG00000111145	CURATED:44[0];HGNC.Current:7827[1];HGNC.Current:7827[1>0];Ensembl.HGNC:56353[3>0]
NP_005229	Ensembl.RefSeq_peptide:132424[1];Ensembl.RefSeq_peptide:132424[1>0]	ENSG00000134954	CURATED:50[0];HGNC.Current:8351[1];HGNC.Current:8351[1>0];Ensembl.HGNC:242014[3>0]
NP_005230	Ensembl.RefSeq_peptide:1127[1];Ensembl.RefSeq_peptide:1127[1>0]	ENSG00000157557	CURATED:51[0];HGNC.Current:8353[1];HGNC.Current:8353[1>0];Ensembl.HGNC:2798[3>0]
NP_005242	Ensembl.RefSeq_peptide:16417[1];Ensembl.RefSeq_peptide:16417[1>0]	ENSG00000176692	CURATED:63[0];HGNC.Current:9426[1];HGNC.Current:9426[1>0];Ensembl.HGNC:36349[3>0]
NP_005243	Ensembl.RefSeq_peptide:5693[1];Ensembl.RefSeq_peptide:5693[1>0]	ENSG00000170345	CURATED:57[0];HGNC.Current:9414[1];HGNC.Current:9414[1>0];Ensembl.HGNC:13428[3>0]
NP_005244	Ensembl.RefSeq_peptide:139572[1];Ensembl.RefSeq_peptide:139572[1>0]	ENSG00000075426	CURATED:59[0];HGNC.Current:9418[1];HGNC.Current:9418[1>0];Ensembl.HGNC:254874[3>0]
NP_005248	Ensembl.RefSeq_peptide:9599[1];Ensembl.RefSeq_peptide:9599[1>0]	ENSG00000141448	CURATED:81[0];HGNC.Current:10074[1];HGNC.Current:10074[1>0];Ensembl.HGNC:21659[3>0]
NP_005254	Ensembl.RefSeq_peptide:145208[1];Ensembl.RefSeq_peptide:145208[1>0]	ENSG00000162676	CURATED:83[0];HGNC.Current:10204[1];HGNC.Current:10204[1>0];Ensembl.HGNC:265092[3>0]
NP_005345	Ensembl.RefSeq_peptide:45917[1];Ensembl.RefSeq_peptide:45917[1>0]	ENSG00000130522	CURATED:138[0];HGNC.Current:13717[1];HGNC.Current:13717[1>0];Ensembl.HGNC:92038[3>0]
NP_005351	Ensembl.RefSeq_peptide:15579[1];Ensembl.RefSeq_peptide:15579[1>0]	ENSG00000178573	CURATED:158[0];HGNC.Current:17873[1];HGNC.Current:17873[1>0];Ensembl.HGNC:34664[3>0]
NP_005366	Ensembl.RefSeq_peptide:124989[1];Ensembl.RefSeq_peptide:124989[1>0]	ENSG00000118513	CURATED:175[0];HGNC.Current:21951[1];HGNC.Current:21951[1>0];Ensembl.HGNC:222938[3>0]
NP_005404	Ensembl.RefSeq_peptide:147979[1];Ensembl.RefSeq_peptide:147979[1>0]	ENSG00000138083	CURATED:221[0];HGNC.Current:35457[1];HGNC.Current:35457[1>0];Ensembl.HGNC:270022[3>0]
NP_005433	Ensembl.RefSeq_peptide:132499[1];Ensembl.RefSeq_peptide:132499[1>0]	ENSG00000163508	CURATED:47[0];HGNC.Current:8038[1];HGNC.Current:8038[1>0];Ensembl.HGNC:242266[3>0]
NP_005452	Ensembl.RefSeq_peptide:19362[1];Ensembl.RefSeq_peptide:19362[1>0]	ENSG00000204103	CURATED:159[0];HGNC.Current:17878[1];HGNC.Current:17878[1>0];Ensembl.HGNC:42092[3>0]
NP_005513	Ensembl.RefSeq_peptide:79910[1];Ensembl.RefSeq_peptide:79910[1>0]	ENSG00000105991	CURATED:102[0];HGNC.Current:12138[1];HGNC.Current:12138[1>0];Ensembl.HGNC:149106[3>0]
NP_005514	Ensembl.RefSeq_peptide:80054[1];Ensembl.RefSeq_peptide:80054[1>0]	ENSG00000005073	CURATED:104[0];HGNC.Current:12148[1];HGNC.Current:12148[1>0];Ensembl.HGNC:149325[3>0]
NP_005515	Ensembl.RefSeq_peptide:143857[1];Ensembl.RefSeq_peptide:143857[1>0]	ENSG00000114315	CURATED:90[0];HGNC.Current:11563[1];HGNC.Current:11563[1>0];Ensembl.HGNC:262356[3>0]
NP_005522	Ensembl.RefSeq_peptide:142612[1];Ensembl.RefSeq_peptide:142612[1>0]	ENSG00000163565	CURATED:124[0];HGNC.Current:12568[1];HGNC.Current:12568[1>0];Ensembl.HGNC:260310[3>0]
NP_005559	Ensembl.RefSeq_peptide:28547[1];Ensembl.RefSeq_peptide:74853[1>0]	ENSG00000273706	CURATED:151[0];HGNC.Current:14926[1];HGNC.Current:14926[1>0];Ensembl.HGNC:140197[3>0]
NP_005559	Ensembl.RefSeq_peptide:28547[1];Ensembl.RefSeq_peptide:28547[1>0]	ENSG00000274577	CURATED:151[0];HGNC.Current:14926[1];HGNC.Current:14926[1>0];Ensembl.HGNC:60516[3>0]
NP_005565	Ensembl.RefSeq_peptide:131200[1];Ensembl.RefSeq_peptide:131200[1>0]	ENSG00000135363	CURATED:153[0];HGNC.Current:17420[1];HGNC.Current:17420[1>0];Ensembl.HGNC:238384[3>0]
NP_005574	Ensembl.RefSeq_peptide:49332[1];Ensembl.RefSeq_peptide:49332[1>0]	ENSG00000104903	CURATED:157[0];HGNC.Current:17792[1];HGNC.Current:17792[1>0];Ensembl.HGNC:98495[3>0]
NP_005578	Ensembl.RefSeq_peptide:95482[1];Ensembl.RefSeq_peptide:95482[1>0]	ENSG00000068305	CURATED:161[0];HGNC.Current:18376[1];HGNC.Current:18376[1>0];Ensembl.HGNC:175896[3>0]
NP_005586	Ensembl.RefSeq_peptide:148091[1];Ensembl.RefSeq_peptide:148091[1>0]	ENSG00000162599	CURATED:183[0];HGNC.Current:22664[1];HGNC.Current:22664[1>0];Ensembl.HGNC:270168[3>0]
NP_005603	Ensembl.RefSeq_peptide:37475[1];Ensembl.RefSeq_peptide:37475[1>0]	ENSG00000084093	CURATED:210[0];HGNC.Current:28171[1];HGNC.Current:28171[1>0];Ensembl.HGNC:75638[3>0]
NP_005625	Ensembl.RefSeq_peptide:21720[1];Ensembl.RefSeq_peptide:21720[1>0]	ENSG00000134595	CURATED:229[0];HGNC.Current:37135[1];HGNC.Current:37135[1>0];Ensembl.HGNC:46999[3>0]
NP_005645	Ensembl.RefSeq_peptide:137785[1];Ensembl.RefSeq_peptide:137785[1>0]	ENSG00000175745	CURATED:189[0];HGNC.Current:23166[1];HGNC.Current:23166[1>0];Ensembl.HGNC:251584[3>0]
NP_005646	Ensembl.RefSeq_peptide:55086[1];Ensembl.RefSeq_peptide:55086[1>0]	ENSG00000155090	CURATED:140[0];HGNC.Current:14142[1];HGNC.Current:14142[1>0];Ensembl.HGNC:107950[3>0]
NP_005751	Ensembl.RefSeq_peptide:57517[1];Ensembl.RefSeq_peptide:57517[1>0]	ENSG00000115816	CURATED:22[0];HGNC.Current:4286[1];HGNC.Current:4286[1>0];Ensembl.HGNC:111824[3>0]
NP_005844	Ensembl.RefSeq_peptide:90737[1];Ensembl.RefSeq_peptide:90737[1>0]	ENSG00000176842	CURATED:134[0];HGNC.Current:13524[1];HGNC.Current:13524[1>0];Ensembl.HGNC:167880[3>0]
NP_005911	Ensembl.RefSeq_peptide:8679[1];Ensembl.RefSeq_peptide:133167[1>0]	ENSG00000116604	CURATED:163[0];HGNC.Current:18382[1];HGNC.Current:18382[1>0];Ensembl.HGNC:243358[3>0]
NP_005911	Ensembl.RefSeq_peptide:8679[1];Ensembl.RefSeq_peptide:8679[1>0]	ENSG00000291761	CURATED:163[0];HGNC.Current:18382[1];HGNC.Current:18382[1>0];Ensembl.HGNC:19939[3>0]
NP_005915	Ensembl.RefSeq_peptide:5883[1];Ensembl.RefSeq_peptide:5883[1>0]	ENSG00000106511	CURATED:167[0];HGNC.Current:18418[1];HGNC.Current:18418[1>0];Ensembl.HGNC:13963[3>0]
NP_005929	Ensembl.RefSeq_peptide:24056[1];Ensembl.RefSeq_peptide:24056[1>0]	ENSG00000184481	CURATED:72[0];HGNC.Current:9475[1];HGNC.Current:9475[1>0];Ensembl.HGNC:51809[3>0]
NP_005953	Ensembl.RefSeq_peptide:36686[1];Ensembl.RefSeq_peptide:36686[1>0]	ENSG00000119950	CURATED:174[0];HGNC.Current:21940[1];HGNC.Current:21940[1>0];Ensembl.HGNC:73472[3>0]
NP_005976	Ensembl.RefSeq_peptide:77986[1];Ensembl.RefSeq_peptide:77986[1>0]	ENSG00000124216	CURATED:222[0];HGNC.Current:36260[1];HGNC.Current:36260[1>0];Ensembl.HGNC:145717[3>0]
NP_005977	Ensembl.RefSeq_peptide:1902[1];Ensembl.RefSeq_peptide:1902[1>0]	ENSG00000182968	CURATED:225[0];HGNC.Current:37131[1];HGNC.Current:37131[1>0];Ensembl.HGNC:4791[3>0]
NP_005987	Ensembl.RefSeq_peptide:51285[1];Ensembl.RefSeq_peptide:51285[1>0]	ENSG00000135111	CURATED:248[0];HGNC.Current:38453[1];HGNC.Current:38453[1>0];Ensembl.HGNC:101417[3>0]
NP_005997	Ensembl.RefSeq_peptide:88459[1];Ensembl.RefSeq_peptide:88459[1>0]	ENSG00000109906	CURATED:269[0];HGNC.Current:42806[1];HGNC.Current:42806[1>0];Ensembl.HGNC:163499[3>0]
NP_006051	Ensembl.RefSeq_peptide:102982[1];Ensembl.RefSeq_peptide:102982[1>0]	ENSG00000185811	CURATED:125[0];HGNC.Current:13181[1];HGNC.Current:13181[1>0];Ensembl.HGNC:188341[3>0]
NP_006154	Ensembl.RefSeq_peptide:88196[1];Ensembl.RefSeq_peptide:88196[1>0]	ENSG00000123405	CURATED:181[0];HGNC.Current:22656[1];HGNC.Current:22656[1>0];Ensembl.HGNC:162846[3>0]
NP_006155	Ensembl.RefSeq_peptide:143052[1];Ensembl.RefSeq_peptide:143052[1>0]	ENSG00000116044	CURATED:182[0];HGNC.Current:22659[1];HGNC.Current:22659[1>0];Ensembl.HGNC:260805[3>0]
NP_006157	Ensembl.RefSeq_peptide:92359[1];Ensembl.RefSeq_peptide:92359[1>0]	ENSG00000120837	CURATED:185[0];HGNC.Current:22690[1];HGNC.Current:22690[1>0];Ensembl.HGNC:170326[3>0]
NP_006277	Ensembl.RefSeq_peptide:63442[1];Ensembl.RefSeq_peptide:63442[1>0]	ENSG00000114126	CURATED:259[0];HGNC.Current:38724[1];HGNC.Current:38724[1>0];Ensembl.HGNC:121918[3>0]
NP_006390	Ensembl.RefSeq_peptide:38916[1];Ensembl.RefSeq_peptide:38916[1>0]	ENSG00000156127	CURATED:11[0];HGNC.Current:2257[1];HGNC.Current:2257[1>0];Ensembl.HGNC:78242[3>0]
NP_006456	Ensembl.RefSeq_peptide:56614[1];Ensembl.RefSeq_peptide:56614[1>0]	ENSG00000179361	CURATED:7[0];HGNC.Current:1543[1];HGNC.Current:1543[1>0];Ensembl.HGNC:110538[3>0]
NP_006554	Ensembl.RefSeq_peptide:95767[1];Ensembl.RefSeq_peptide:95767[1>0]	ENSG00000105610	CURATED:139[0];HGNC.Current:14120[1];HGNC.Current:14120[1>0];Ensembl.HGNC:176476[3>0]
NP_006590	Ensembl.RefSeq_peptide:109875[1];Ensembl.RefSeq_peptide:109875[1>0]	ENSG00000102908	CURATED:179[0];HGNC.Current:22649[1];HGNC.Current:22649[1>0];Ensembl.HGNC:201339[3>0]
NP_006713	Ensembl.RefSeq_peptide:141422[1];Ensembl.RefSeq_peptide:141422[1>0]	ENSG00000187098	CURATED:169[0];HGNC.Current:20644[1];HGNC.Current:20644[1>0];Ensembl.HGNC:258015[3>0]
NP_006723	Ensembl.RefSeq_peptide:130215[1];Ensembl.RefSeq_peptide:130215[1>0]	ENSG00000125740	CURATED:58[0];HGNC.Current:9415[1];HGNC.Current:9415[1>0];Ensembl.HGNC:236716[3>0]
NP_006760	Ensembl.RefSeq_peptide:29116[1];Ensembl.RefSeq_peptide:29116[1>0]	ENSG00000143013	CURATED:154[0];HGNC.Current:17422[1];HGNC.Current:17422[1>0];Ensembl.HGNC:61609[3>0]
NP_006865	Ensembl.RefSeq_peptide:79778[1];Ensembl.RefSeq_peptide:79778[1>0]	ENSG00000109381	CURATED:43[0];HGNC.Current:7811[1];HGNC.Current:7811[1>0];Ensembl.HGNC:148522[3>0]
NP_008816	Ensembl.RefSeq_peptide:19839[1];Ensembl.RefSeq_peptide:19839[1>0]	ENSG00000140836	CURATED:273[0];HGNC.Current:42949[1];HGNC.Current:42949[1>0];Ensembl.HGNC:42920[3>0]
NP_008818	Ensembl.RefSeq_peptide:146437[1];Ensembl.RefSeq_peptide:146437[1>0]	ENSG00000152518	CURATED:274[0];HGNC.Current:42963[1];HGNC.Current:42963[1>0];Ensembl.HGNC:267292[3>0]
NP_008827	Ensembl.RefSeq_peptide:79990[1];Ensembl.RefSeq_peptide:79990[1>0]	ENSG00000122592	CURATED:108[0];HGNC.Current:12144[1];HGNC.Current:12144[1>0];Ensembl.HGNC:149263[3>0]
NP_008828	Ensembl.RefSeq_peptide:129485[1];Ensembl.RefSeq_peptide:129485[1>0]	ENSG00000180806	CURATED:117[0];HGNC.Current:12174[1];HGNC.Current:12174[1>0];Ensembl.HGNC:235085[3>0]
NP_008829	Ensembl.RefSeq_peptide:115515[1];Ensembl.RefSeq_peptide:115515[1>0]	ENSG00000128652	CURATED:118[0];HGNC.Current:12183[1];HGNC.Current:12183[1>0];Ensembl.HGNC:211200[3>0]
NP_008845	Ensembl.RefSeq_peptide:14208[1];Ensembl.RefSeq_peptide:14208[1>0]	ENSG00000198963	CURATED:212[0];HGNC.Current:32137[1];HGNC.Current:32137[1>0];Ensembl.HGNC:31655[3>0]
NP_008848	Ensembl.RefSeq_peptide:44411[1];Ensembl.RefSeq_peptide:44411[1>0]	ENSG00000143171	CURATED:219[0];HGNC.Current:34481[1];HGNC.Current:34481[1>0];Ensembl.HGNC:88940[3>0]
NP_008913	Ensembl.RefSeq_peptide:23717[1];Ensembl.RefSeq_peptide:23717[1>0]	ENSG00000180318	CURATED:3[0];HGNC.Current:936[1];HGNC.Current:936[1>0];Ensembl.HGNC:51228[3>0]
NP_009042	Ensembl.RefSeq_peptide:7997[1];Ensembl.RefSeq_peptide:7997[1>0]	ENSG00000198176	CURATED:258[0];HGNC.Current:38720[1];HGNC.Current:38720[1>0];Ensembl.HGNC:18429[3>0]
NP_009181	Ensembl.RefSeq_peptide:7408[1];Ensembl.RefSeq_peptide:7408[1>0]	ENSG00000102349	CURATED:148[0];HGNC.Current:14138[1];HGNC.Current:14138[1>0];Ensembl.HGNC:17096[3>0]
NP_009330	Ensembl.RefSeq_peptide:140755[1];Ensembl.RefSeq_peptide:140755[1>0]	ENSG00000115415	CURATED:241[0];HGNC.Current:37777[1];HGNC.Current:37777[1>0];Ensembl.HGNC:256520[3>0]
NP_036315	Ensembl.RefSeq_peptide:146577[1];Ensembl.RefSeq_peptide:146577[1>0]	ENSG00000187140	CURATED:65[0];HGNC.Current:9433[1];HGNC.Current:9433[1>0];Ensembl.HGNC:267558[3>0]
NP_036384	Ensembl.RefSeq_peptide:30539[1];Ensembl.RefSeq_peptide:30539[1>0]	ENSG00000105967	CURATED:260[0];HGNC.Current:38728[1];HGNC.Current:38728[1>0];Ensembl.HGNC:64107[3>0]
NP_036517	Ensembl.RefSeq_peptide:67840[1];Ensembl.RefSeq_peptide:67840[1>0]	ENSG00000176046	CURATED:191[0];HGNC.Current:23426[1];HGNC.Current:23426[1>0];Ensembl.HGNC:129412[3>0]
NP_037483	Ensembl.RefSeq_peptide:64405[1];Ensembl.RefSeq_peptide:64405[1>0]	ENSG00000073861	CURATED:247[0];HGNC.Current:38465[1];HGNC.Current:38465[1>0];Ensembl.HGNC:123898[3>0]
NP_039230	Ensembl.RefSeq_peptide:65828[1];Ensembl.RefSeq_peptide:65828[1>0]	ENSG00000135903	CURATED:196[0];HGNC.Current:24884[1];HGNC.Current:24884[1>0];Ensembl.HGNC:125892[3>0]
NP_054705	Ensembl.RefSeq_peptide:136658[1];Ensembl.RefSeq_peptide:136658[1>0]	ENSG00000005102	CURATED:166[0];HGNC.Current:18417[1];HGNC.Current:18417[1>0];Ensembl.HGNC:249646[3>0]
NP_054728	Ensembl.RefSeq_peptide:79871[1];Ensembl.RefSeq_peptide:79871[1>0]	ENSG00000049768	CURATED:74[0];HGNC.Current:9483[1];HGNC.Current:9483[1>0];Ensembl.HGNC:148487[3>0]
NP_055024	Ensembl.RefSeq_peptide:109167[1];Ensembl.RefSeq_peptide:109167[1>0]	ENSG00000105672	CURATED:52[0];HGNC.Current:8357[1];HGNC.Current:8357[1>0];Ensembl.HGNC:200549[3>0]
NP_055028	Ensembl.RefSeq_peptide:115426[1];Ensembl.RefSeq_peptide:115426[1>0]	ENSG00000128709	CURATED:120[0];HGNC.Current:12186[1];HGNC.Current:12186[1>0];Ensembl.HGNC:211063[3>0]
NP_055206	Ensembl.RefSeq_peptide:25582[1];Ensembl.RefSeq_peptide:25582[1>0]	ENSG00000148677	CURATED:4[0];HGNC.Current:1049[1];HGNC.Current:1049[1>0];Ensembl.HGNC:54389[3>0]
NP_055377	Ensembl.RefSeq_peptide:27827[1];Ensembl.RefSeq_peptide:27827[1>0]	ENSG00000115507	CURATED:193[0];HGNC.Current:24602[1];HGNC.Current:24602[1>0];Ensembl.HGNC:59128[3>0]
NP_055436	Ensembl.RefSeq_peptide:115444[1];Ensembl.RefSeq_peptide:115444[1>0]	ENSG00000170166	CURATED:119[0];HGNC.Current:12184[1];HGNC.Current:12184[1>0];Ensembl.HGNC:211076[3>0]
NP_055544	Ensembl.RefSeq_peptide:21175[1];Ensembl.RefSeq_peptide:21175[1>0]	ENSG00000198846	CURATED:262[0];HGNC.Current:39612[1];HGNC.Current:39612[1>0];Ensembl.HGNC:45861[3>0]
NP_055610	Ensembl.RefSeq_peptide:130516[1];Ensembl.RefSeq_peptide:130516[1>0]	ENSG00000169554	CURATED:272[0];HGNC.Current:42926[1];HGNC.Current:42926[1>0];Ensembl.HGNC:236783[3>0]
NP_056030	Ensembl.RefSeq_peptide:150245[1];Ensembl.RefSeq_peptide:150245[1>0]	ENSG00000171735	CURATED:14[0];HGNC.Current:3339[1];HGNC.Current:3339[1>0];Ensembl.HGNC:275261[3>0]
NP_056457	Ensembl.RefSeq_peptide:133849[1];Ensembl.RefSeq_peptide:133849[1>0]	ENSG00000181722	CURATED:270[0];HGNC.Current:42809[1];HGNC.Current:42809[1>0];Ensembl.HGNC:244837[3>0]
NP_056955	Ensembl.RefSeq_peptide:151004[1];Ensembl.RefSeq_peptide:151004[1>0]	ENSG00000142684	CURATED:276[0];HGNC.Current:43496[1];HGNC.Current:43496[1>0];Ensembl.HGNC:276739[3>0]
NP_057079	Ensembl.RefSeq_peptide:19833[1];Ensembl.RefSeq_peptide:49484[1>0]	ENSG00000169926	CURATED:141[0];HGNC.Current:14146[1];HGNC.Current:14146[1>0];Ensembl.HGNC:98850[3>0]
NP_057079	Ensembl.RefSeq_peptide:19833[1];Ensembl.RefSeq_peptide:19833[1>0]	ENSG00000275746	CURATED:141[0];HGNC.Current:14146[1];HGNC.Current:14146[1>0];Ensembl.HGNC:43059[3>0]
NP_057180	Ensembl.RefSeq_peptide:12056[1];Ensembl.RefSeq_peptide:12056[1>0]	ENSG00000120963	CURATED:277[0];HGNC.Current:43605[1];HGNC.Current:43605[1>0];Ensembl.HGNC:26769[3>0]
NP_057236	Ensembl.RefSeq_peptide:118490[1];Ensembl.RefSeq_peptide:118490[1>0]	ENSG00000077092	CURATED:207[0];HGNC.Current:27803[1];HGNC.Current:27803[1>0];Ensembl.HGNC:215599[3>0]
NP_057344	Ensembl.RefSeq_peptide:149689[1];Ensembl.RefSeq_peptide:149689[1>0]	ENSG00000030419	CURATED:126[0];HGNC.Current:13182[1];HGNC.Current:13182[1>0];Ensembl.HGNC:273958[3>0]
NP_057353	Ensembl.RefSeq_peptide:59297[1];Ensembl.RefSeq_peptide:59297[1>0]	ENSG00000138795	CURATED:150[0];HGNC.Current:14850[1];HGNC.Current:14850[1>0];Ensembl.HGNC:114307[3>0]
NP_057354	Ensembl.RefSeq_peptide:133282[1];Ensembl.RefSeq_peptide:133282[1>0]	ENSG00000127528	CURATED:142[0];HGNC.Current:14121[1];HGNC.Current:14121[1>0];Ensembl.HGNC:243641[3>0]
NP_057391	Ensembl.RefSeq_peptide:12594[1];Ensembl.RefSeq_peptide:12594[1>0]	ENSG00000167157	CURATED:205[0];HGNC.Current:27024[1];HGNC.Current:27024[1>0];Ensembl.HGNC:28108[3>0]
NP_057410	Ensembl.RefSeq_peptide:62875[1];Ensembl.RefSeq_peptide:62875[1>0]	ENSG00000217555	CURATED:23[0];HGNC.Current:4824[1];HGNC.Current:4824[1>0];Ensembl.HGNC:121272[3>0]
NP_057615	Ensembl.RefSeq_peptide:9783[1];Ensembl.RefSeq_peptide:9783[1>0]	ENSG00000109787	CURATED:143[0];HGNC.Current:14127[1];HGNC.Current:14127[1>0];Ensembl.HGNC:22235[3>0]
NP_057653	Ensembl.RefSeq_peptide:51288[1];Ensembl.RefSeq_peptide:51288[1>0]	ENSG00000135111	CURATED:248[0];HGNC.Current:38453[1];HGNC.Current:38453[1>0];Ensembl.HGNC:101417[3>0]
NP_057953	Ensembl.RefSeq_peptide:5795[1];Ensembl.RefSeq_peptide:5795[1>0]	ENSG00000196092	CURATED:197[0];HGNC.Current:24886[1];HGNC.Current:24886[1>0];Ensembl.HGNC:12927[3>0]
NP_058520	Ensembl.RefSeq_peptide:125267[1];Ensembl.RefSeq_peptide:125267[1>0]	ENSG00000153250	CURATED:209[0];HGNC.Current:27978[1];HGNC.Current:27978[1>0];Ensembl.HGNC:228378[3>0]
NP_058647	Ensembl.RefSeq_peptide:62876[1];Ensembl.RefSeq_peptide:62876[1>0]	ENSG00000217555	CURATED:23[0];HGNC.Current:4824[1];HGNC.Current:4824[1>0];Ensembl.HGNC:121272[3>0]
NP_059978	Ensembl.RefSeq_peptide:103088[1];Ensembl.RefSeq_peptide:103088[1>0]	ENSG00000110693	CURATED:231[0];HGNC.Current:37140[1];HGNC.Current:37140[1>0];Ensembl.HGNC:188565[3>0]
NP_060484	Ensembl.RefSeq_peptide:25452[1];Ensembl.RefSeq_peptide:25452[1>0]	ENSG00000119866	CURATED:12[0];HGNC.Current:2342[1];HGNC.Current:2342[1>0];Ensembl.HGNC:53924[3>0]
NP_060659	Ensembl.RefSeq_peptide:121173[1];Ensembl.RefSeq_peptide:121173[1>0]	ENSG00000121570	CURATED:33[0];HGNC.Current:7060[1];HGNC.Current:7060[1>0];Ensembl.HGNC:220992[3>0]
NP_060889	Ensembl.RefSeq_peptide:5236[1];Ensembl.RefSeq_peptide:5236[1>0]	ENSG00000203883	CURATED:227[0];HGNC.Current:37152[1];HGNC.Current:37152[1>0];Ensembl.HGNC:12468[3>0]
NP_060958	Ensembl.RefSeq_peptide:140013[1];Ensembl.RefSeq_peptide:140013[1>0]	ENSG00000121075	CURATED:249[0];HGNC.Current:38455[1];HGNC.Current:38455[1>0];Ensembl.HGNC:255722[3>0]
NP_061115	Ensembl.RefSeq_peptide:62401[1];Ensembl.RefSeq_peptide:62401[1>0]	ENSG00000144485	CURATED:93[0];HGNC.Current:11568[1];HGNC.Current:11568[1>0];Ensembl.HGNC:120592[3>0]
NP_061140	Ensembl.RefSeq_peptide:77709[1];Ensembl.RefSeq_peptide:77709[1>0]	ENSG00000166823	CURATED:168[0];HGNC.Current:18430[1];HGNC.Current:18430[1>0];Ensembl.HGNC:145235[3>0]
NP_061824	Ensembl.RefSeq_peptide:91932[1];Ensembl.RefSeq_peptide:91932[1>0]	ENSG00000253293	CURATED:103[0];HGNC.Current:12146[1];HGNC.Current:12146[1>0];Ensembl.HGNC:169678[3>0]
NP_061825	Ensembl.RefSeq_peptide:133982[1];Ensembl.RefSeq_peptide:133982[1>0]	ENSG00000108511	CURATED:113[0];HGNC.Current:12161[1];HGNC.Current:12161[1>0];Ensembl.HGNC:245120[3>0]
NP_061826	Ensembl.RefSeq_peptide:132049[1];Ensembl.RefSeq_peptide:132049[1>0]	ENSG00000172789	CURATED:115[0];HGNC.Current:12171[1];HGNC.Current:12171[1>0];Ensembl.HGNC:241442[3>0]
NP_061975	Ensembl.RefSeq_peptide:79963[1];Ensembl.RefSeq_peptide:79963[1>0]	ENSG00000106004	CURATED:107[0];HGNC.Current:12142[1];HGNC.Current:12142[1>0];Ensembl.HGNC:149226[3>0]
NP_065959	Ensembl.RefSeq_peptide:73762[1];Ensembl.RefSeq_peptide:73762[1>0]	ENSG00000140332	CURATED:261[0];HGNC.Current:38963[1];HGNC.Current:38963[1>0];Ensembl.HGNC:135860[3>0]
NP_066285	Ensembl.RefSeq_peptide:22114[1];Ensembl.RefSeq_peptide:22114[1>0]	ENSG00000185551	CURATED:190[0];HGNC.Current:23168[1];HGNC.Current:23168[1>0];Ensembl.HGNC:47561[3>0]
NP_068374	Ensembl.RefSeq_peptide:60592[1];Ensembl.RefSeq_peptide:60592[1>0]	ENSG00000165588	CURATED:194[0];HGNC.Current:24603[1];HGNC.Current:24603[1>0];Ensembl.HGNC:116891[3>0]
NP_068556	Ensembl.RefSeq_peptide:54797[1];Ensembl.RefSeq_peptide:54797[1>0]	ENSG00000125798	CURATED:61[0];HGNC.Current:9421[1];HGNC.Current:9421[1>0];Ensembl.HGNC:107540[3>0]
NP_068567	Ensembl.RefSeq_peptide:151560[1];Ensembl.RefSeq_peptide:151560[1>0]	ENSG00000158711	CURATED:45[0];HGNC.Current:7828[1];HGNC.Current:7828[1>0];Ensembl.HGNC:277771[3>0]
NP_068777	Ensembl.RefSeq_peptide:99441[1];Ensembl.RefSeq_peptide:99441[1>0]	ENSG00000136630	CURATED:98[0];HGNC.Current:11731[1];HGNC.Current:11731[1>0];Ensembl.HGNC:182301[3>0]
NP_068808	Ensembl.RefSeq_peptide:34900[1];Ensembl.RefSeq_peptide:34900[1>0]	ENSG00000164107	CURATED:89[0];HGNC.Current:11352[1];HGNC.Current:11352[1>0];Ensembl.HGNC:71616[3>0]
NP_068811	Ensembl.RefSeq_peptide:57022[1];Ensembl.RefSeq_peptide:70208[1>0]	ENSG00000204231	CURATED:218[0];HGNC.Current:34480[1];HGNC.Current:34480[1>0];Ensembl.HGNC:132824[3>0]
NP_068811	Ensembl.RefSeq_peptide:57022[1];Ensembl.RefSeq_peptide:86086[1>0]	ENSG00000206289	CURATED:218[0];HGNC.Current:34480[1];HGNC.Current:34480[1>0];Ensembl.HGNC:159249[3>0]
NP_068811	Ensembl.RefSeq_peptide:57022[1];Ensembl.RefSeq_peptide:66461[1>0]	ENSG00000227322	CURATED:218[0];HGNC.Current:34480[1];HGNC.Current:34480[1>0];Ensembl.HGNC:127023[3>0]
NP_068811	Ensembl.RefSeq_peptide:57022[1];Ensembl.RefSeq_peptide:75980[1>0]	ENSG00000228333	CURATED:218[0];HGNC.Current:34480[1];HGNC.Current:34480[1>0];Ensembl.HGNC:141878[3>0]
NP_068811	Ensembl.RefSeq_peptide:57022[1];Ensembl.RefSeq_peptide:57022[1>0]	ENSG00000231321	CURATED:218[0];HGNC.Current:34480[1];HGNC.Current:34480[1>0];Ensembl.HGNC:111135[3>0]
NP_068811	Ensembl.RefSeq_peptide:57022[1];Ensembl.RefSeq_peptide:83146[1>0]	ENSG00000235712	CURATED:218[0];HGNC.Current:34480[1];HGNC.Current:34480[1>0];Ensembl.HGNC:154394[3>0]
NP_071447	Ensembl.RefSeq_peptide:95170[1];Ensembl.RefSeq_peptide:95170[1>0]	ENSG00000142910	CURATED:5[0];HGNC.Current:1429[1];HGNC.Current:38928[8>1];HGNC.Current:38928[1];HGNC.Current:38928[1>0];Ensembl.HGNC:175588[3>0]
NP_071899	Ensembl.RefSeq_peptide:99296[1];Ensembl.RefSeq_peptide:99296[1>0]	ENSG00000164736	CURATED:226[0];HGNC.Current:37151[1];HGNC.Current:37151[1>0];Ensembl.HGNC:181961[3>0]
NP_073149	Ensembl.RefSeq_peptide:129488[1];Ensembl.RefSeq_peptide:129488[1>0]	ENSG00000037965	CURATED:116[0];HGNC.Current:12173[1];HGNC.Current:12173[1>0];Ensembl.HGNC:235091[3>0]
NP_073150	Ensembl.RefSeq_peptide:4231[1];Ensembl.RefSeq_peptide:4231[1>0]	ENSG00000221818	CURATED:37[0];HGNC.Current:7390[1];HGNC.Current:7390[1>0];Ensembl.HGNC:10324[3>0]
NP_075044	Ensembl.RefSeq_peptide:25502[1];Ensembl.RefSeq_peptide:25502[1>0]	ENSG00000119866	CURATED:12[0];HGNC.Current:2342[1];HGNC.Current:2342[1>0];Ensembl.HGNC:53924[3>0]
NP_075049	Ensembl.RefSeq_peptide:96989[1];Ensembl.RefSeq_peptide:96989[1>0]	ENSG00000127152	CURATED:13[0];HGNC.Current:2343[1];HGNC.Current:2343[1>0];Ensembl.HGNC:178608[3>0]
NP_076870	Ensembl.RefSeq_peptide:143321[1];Ensembl.RefSeq_peptide:143321[1>0]	ENSG00000164330	CURATED:36[0];HGNC.Current:7389[1];HGNC.Current:7389[1>0];Ensembl.HGNC:261467[3>0]
NP_076920	Ensembl.RefSeq_peptide:133980[1];Ensembl.RefSeq_peptide:133980[1>0]	ENSG00000182742	CURATED:111[0];HGNC.Current:12159[1];HGNC.Current:12159[1>0];Ensembl.HGNC:245107[3>0]
NP_076922	Ensembl.RefSeq_peptide:133998[1];Ensembl.RefSeq_peptide:133998[1>0]	ENSG00000170689	CURATED:114[0];HGNC.Current:12164[1];HGNC.Current:12164[1>0];Ensembl.HGNC:245139[3>0]
NP_077312	Ensembl.RefSeq_peptide:118097[1];Ensembl.RefSeq_peptide:118097[1>0]	ENSG00000177508	CURATED:133[0];HGNC.Current:13520[1];HGNC.Current:13520[1>0];Ensembl.HGNC:215397[3>0]
NP_079141	Ensembl.RefSeq_peptide:15977[1];Ensembl.RefSeq_peptide:15977[1>0]	ENSG00000111704	CURATED:178[0];HGNC.Current:22193[1];HGNC.Current:22193[1>0];Ensembl.HGNC:35294[3>0]
NP_109377	Ensembl.RefSeq_peptide:82457[1];Ensembl.RefSeq_peptide:82457[1>0]	ENSG00000105997	CURATED:105[0];HGNC.Current:12140[1];HGNC.Current:12140[1>0];Ensembl.HGNC:153294[3>0]
NP_110378	Ensembl.RefSeq_peptide:46471[1];Ensembl.RefSeq_peptide:46471[1>0]	ENSG00000148516	CURATED:271[0];HGNC.Current:42924[1];HGNC.Current:42924[1>0];Ensembl.HGNC:92740[3>0]
NP_110383	Ensembl.RefSeq_peptide:84106[1];Ensembl.RefSeq_peptide:84106[1>0]	ENSG00000148737	CURATED:254[0];HGNC.Current:38510[1];HGNC.Current:38516[10>1];HGNC.Current:38516[1];HGNC.Current:38516[1>0];Ensembl.HGNC:152776[3>0]
NP_110394	Ensembl.RefSeq_peptide:79885[1];Ensembl.RefSeq_peptide:79885[1>0]	ENSG00000106948	CURATED:2[0];HGNC.Current:787[1];HGNC.Current:787[1>0];Ensembl.HGNC:148750[3>0]
NP_112573	Ensembl.RefSeq_peptide:25906[1];Ensembl.RefSeq_peptide:25906[1>0]	ENSG00000152284	CURATED:253[0];HGNC.Current:38508[1];HGNC.Current:38514[10>1];HGNC.Current:38514[1];HGNC.Current:38514[1>0];Ensembl.HGNC:54909[3>0]
NP_112573	Ensembl.RefSeq_peptide:25906[1];Ensembl.RefSeq_peptide:42264[1>0]	ENSG00000292149	CURATED:253[0];HGNC.Current:38508[1];HGNC.Current:38514[10>1];HGNC.Current:38514[1];HGNC.Current:38514[1>0];Ensembl.HGNC:85177[3>0]
NP_113627	Ensembl.RefSeq_peptide:14624[1];Ensembl.RefSeq_peptide:106532[1>0]	ENSG00000171056	CURATED:232[0];HGNC.Current:37141[1];HGNC.Current:37141[1>0];Ensembl.HGNC:195500[3>0]
NP_113627	Ensembl.RefSeq_peptide:14624[1];Ensembl.RefSeq_peptide:14624[1>0]	ENSG00000285438	CURATED:232[0];HGNC.Current:37141[1];HGNC.Current:37141[1>0];Ensembl.HGNC:32344[3>0]
NP_114150	Ensembl.RefSeq_peptide:95506[1];Ensembl.RefSeq_peptide:95506[1>0]	ENSG00000185155	CURATED:170[0];HGNC.Current:20651[1];HGNC.Current:20651[1>0];Ensembl.HGNC:176207[3>0]
NP_114432	Ensembl.RefSeq_peptide:94614[1];Ensembl.RefSeq_peptide:94614[1>0]	ENSG00000136492	CURATED:10[0];HGNC.Current:2206[1];HGNC.Current:2696[8>1];HGNC.Current:2696[1];HGNC.Current:2696[1>0];Ensembl.HGNC:174538[3>0]
NP_115575	Ensembl.RefSeq_peptide:40681[1];Ensembl.RefSeq_peptide:40681[1>0]	ENSG00000150347	CURATED:8[0];HGNC.Current:1549[1];HGNC.Current:1549[1>0];Ensembl.HGNC:81884[3>0]
NP_115753	Ensembl.RefSeq_peptide:113977[1];Ensembl.RefSeq_peptide:113977[1>0]	ENSG00000130165	CURATED:42[0];HGNC.Current:7810[1];HGNC.Current:7894[8>1];HGNC.Current:7894[1];HGNC.Current:7894[1>0];Ensembl.HGNC:208723[3>0]
NP_115884	Ensembl.RefSeq_peptide:117452[1];Ensembl.RefSeq_peptide:117452[1>0]	ENSG00000171476	CURATED:101[0];HGNC.Current:12128[1];HGNC.Current:12128[1>0];Ensembl.HGNC:214506[3>0]
NP_115969	Ensembl.RefSeq_peptide:41522[1];Ensembl.RefSeq_peptide:41522[1>0]	ENSG00000179111	CURATED:94[0];HGNC.Current:11569[1];HGNC.Current:11569[1>0];Ensembl.HGNC:83428[3>0]
NP_116027	Ensembl.RefSeq_peptide:140922[1];Ensembl.RefSeq_peptide:140922[1>0]	ENSG00000179348	CURATED:77[0];HGNC.Current:10068[1];HGNC.Current:10068[1>0];Ensembl.HGNC:257262[3>0]
NP_116071	Ensembl.RefSeq_peptide:110689[1];Ensembl.RefSeq_peptide:110689[1>0]	ENSG00000114861	CURATED:73[0];HGNC.Current:9478[1];HGNC.Current:9478[1>0];Ensembl.HGNC:201807[3>0]
NP_116100	Ensembl.RefSeq_peptide:77031[1];Ensembl.RefSeq_peptide:77031[1>0]	ENSG00000197063	CURATED:160[0];HGNC.Current:17880[1];HGNC.Current:17880[1>0];Ensembl.HGNC:144002[3>0]
NP_150285	Ensembl.RefSeq_peptide:7857[1];Ensembl.RefSeq_peptide:7857[1>0]	ENSG00000164379	CURATED:75[0];HGNC.Current:9486[1];HGNC.Current:9486[1>0];Ensembl.HGNC:18335[3>0]
NP_150366	Ensembl.RefSeq_peptide:117966[1];Ensembl.RefSeq_peptide:117966[1>0]	ENSG00000170561	CURATED:132[0];HGNC.Current:13518[1];HGNC.Current:13518[1>0];Ensembl.HGNC:215180[3>0]
NP_201583	Ensembl.RefSeq_peptide:103107[1];Ensembl.RefSeq_peptide:103107[1>0]	ENSG00000110693	CURATED:231[0];HGNC.Current:37140[1];HGNC.Current:37140[1>0];Ensembl.HGNC:188565[3>0]
NP_277037	Ensembl.RefSeq_peptide:91991[1];Ensembl.RefSeq_peptide:91991[1>0]	ENSG00000124496	CURATED:263[0];HGNC.Current:40191[1];HGNC.Current:40191[1>0];Ensembl.HGNC:169689[3>0]
NP_476527	Ensembl.RefSeq_peptide:12057[1];Ensembl.RefSeq_peptide:148391[1>0]	ENSG00000233608	CURATED:265[0];HGNC.Current:41287[1];HGNC.Current:41287[1>0];Ensembl.HGNC:271493[3>0]
NP_476527	Ensembl.RefSeq_peptide:12057[1];Ensembl.RefSeq_peptide:12057[1>0]	ENSG00000288335	CURATED:265[0];HGNC.Current:41287[1];HGNC.Current:41287[1>0];Ensembl.HGNC:26844[3>0]
NP_536721	Ensembl.RefSeq_peptide:7085[1];Ensembl.RefSeq_peptide:7085[1>0]	ENSG00000130700	CURATED:80[0];HGNC.Current:10073[1];HGNC.Current:10073[1>0];Ensembl.HGNC:16452[3>0]
NP_542448	Ensembl.RefSeq_peptide:53940[1];Ensembl.RefSeq_peptide:53940[1>0]	ENSG00000089225	CURATED:250[0];HGNC.Current:38456[1];HGNC.Current:38456[1>0];Ensembl.HGNC:105693[3>0]
NP_542937	Ensembl.RefSeq_peptide:16494[1];Ensembl.RefSeq_peptide:16494[1>0]	ENSG00000276644	CURATED:27[0];HGNC.Current:6166[1];HGNC.Current:6166[1>0];Ensembl.HGNC:36339[3>0]
NP_542938	Ensembl.RefSeq_peptide:16493[1];Ensembl.RefSeq_peptide:16493[1>0]	ENSG00000276644	CURATED:27[0];HGNC.Current:6166[1];HGNC.Current:6166[1>0];Ensembl.HGNC:36339[3>0]
NP_569157	Ensembl.RefSeq_peptide:36633[1];Ensembl.RefSeq_peptide:36633[1>0]	ENSG00000119950	CURATED:174[0];HGNC.Current:21940[1];HGNC.Current:21940[1>0];Ensembl.HGNC:73472[3>0]
NP_599022	Ensembl.RefSeq_peptide:18913[1];Ensembl.RefSeq_peptide:18913[1>0]	ENSG00000069667	CURATED:211[0];HGNC.Current:32134[1];HGNC.Current:32134[1>0];Ensembl.HGNC:40538[3>0]
NP_599023	Ensembl.RefSeq_peptide:18895[1];Ensembl.RefSeq_peptide:18895[1>0]	ENSG00000069667	CURATED:211[0];HGNC.Current:32134[1];HGNC.Current:32134[1>0];Ensembl.HGNC:40538[3>0]
NP_599024	Ensembl.RefSeq_peptide:18926[1];Ensembl.RefSeq_peptide:18926[1>0]	ENSG00000069667	CURATED:211[0];HGNC.Current:32134[1];HGNC.Current:32134[1>0];Ensembl.HGNC:40538[3>0]
NP_604391	Ensembl.RefSeq_peptide:135311[1];Ensembl.RefSeq_peptide:135311[1>0]	ENSG00000118260	CURATED:24[0];HGNC.Current:5501[1];HGNC.Current:5501[1>0];Ensembl.HGNC:246988[3>0]
NP_612569	Ensembl.RefSeq_peptide:25454[1];Ensembl.RefSeq_peptide:25454[1>0]	ENSG00000119866	CURATED:12[0];HGNC.Current:2342[1];HGNC.Current:2342[1>0];Ensembl.HGNC:53924[3>0]
NP_612808	Ensembl.RefSeq_peptide:96994[1];Ensembl.RefSeq_peptide:96994[1>0]	ENSG00000127152	CURATED:13[0];HGNC.Current:2343[1];HGNC.Current:2343[1>0];Ensembl.HGNC:178608[3>0]
NP_619727	Ensembl.RefSeq_peptide:109856[1];Ensembl.RefSeq_peptide:109856[1>0]	ENSG00000102908	CURATED:179[0];HGNC.Current:22649[1];HGNC.Current:22649[1>0];Ensembl.HGNC:201339[3>0]
NP_619728	Ensembl.RefSeq_peptide:109871[1];Ensembl.RefSeq_peptide:109871[1>0]	ENSG00000102908	CURATED:179[0];HGNC.Current:22649[1];HGNC.Current:22649[1>0];Ensembl.HGNC:201339[3>0]
NP_620170	Ensembl.RefSeq_peptide:22093[1];Ensembl.RefSeq_peptide:22093[1>0]	ENSG00000163530	CURATED:31[0];HGNC.Current:7042[1];HGNC.Current:7042[1>0];Ensembl.HGNC:47553[3>0]
NP_620450	Ensembl.RefSeq_peptide:5760[1];Ensembl.RefSeq_peptide:5760[1>0]	ENSG00000184221	CURATED:192[0];HGNC.Current:23585[1];HGNC.Current:23585[1>0];Ensembl.HGNC:13596[3>0]
NP_631957	Ensembl.RefSeq_peptide:117442[1];Ensembl.RefSeq_peptide:117442[1>0]	ENSG00000171476	CURATED:101[0];HGNC.Current:12128[1];HGNC.Current:12128[1>0];Ensembl.HGNC:214506[3>0]
NP_631958	Ensembl.RefSeq_peptide:117451[1];Ensembl.RefSeq_peptide:117451[1>0]	ENSG00000171476	CURATED:101[0];HGNC.Current:12128[1];HGNC.Current:12128[1>0];Ensembl.HGNC:214506[3>0]
NP_644671	Ensembl.RefSeq_peptide:140815[1];Ensembl.RefSeq_peptide:140815[1>0]	ENSG00000115415	CURATED:241[0];HGNC.Current:37777[1];HGNC.Current:37777[1>0];Ensembl.HGNC:256520[3>0]
NP_644805	Ensembl.RefSeq_peptide:145799[1];Ensembl.RefSeq_peptide:145799[1>0]	ENSG00000168610	CURATED:242[0];HGNC.Current:37779[1];HGNC.Current:37779[1>0];Ensembl.HGNC:265687[3>0]
NP_665906	Ensembl.RefSeq_peptide:105502[1];Ensembl.RefSeq_peptide:105502[1>0]	ENSG00000137309	CURATED:99[0];HGNC.Current:11744[1];HGNC.Current:11744[1>0];Ensembl.HGNC:193473[3>0]
NP_665908	Ensembl.RefSeq_peptide:105478[1];Ensembl.RefSeq_peptide:105478[1>0]	ENSG00000137309	CURATED:99[0];HGNC.Current:11744[1];HGNC.Current:11744[1>0];Ensembl.HGNC:193473[3>0]
NP_665909	Ensembl.RefSeq_peptide:105505[1];Ensembl.RefSeq_peptide:105505[1>0]	ENSG00000137309	CURATED:99[0];HGNC.Current:11744[1];HGNC.Current:11744[1>0];Ensembl.HGNC:193473[3>0]
NP_665910	Ensembl.RefSeq_peptide:105504[1];Ensembl.RefSeq_peptide:105504[1>0]	ENSG00000137309	CURATED:99[0];HGNC.Current:11744[1];HGNC.Current:11744[1>0];Ensembl.HGNC:193473[3>0]
NP_665912	Ensembl.RefSeq_peptide:105510[1];Ensembl.RefSeq_peptide:105510[1>0]	ENSG00000137309	CURATED:99[0];HGNC.Current:11744[1];HGNC.Current:11744[1>0];Ensembl.HGNC:193473[3>0]
NP_671726	Ensembl.RefSeq_peptide:131120[1];Ensembl.RefSeq_peptide:131120[1>0]	ENSG00000174332	CURATED:85[0];HGNC.Current:10350[1];HGNC.Current:10350[1>0];Ensembl.HGNC:238114[3>0]
NP_689952	Ensembl.RefSeq_peptide:80009[1];Ensembl.RefSeq_peptide:80009[1>0]	ENSG00000078399	CURATED:109[0];HGNC.Current:12145[1];HGNC.Current:12145[1>0];Ensembl.HGNC:149267[3>0]
NP_705873	Ensembl.RefSeq_peptide:79914[1];Ensembl.RefSeq_peptide:79914[1>0]	ENSG00000105991	CURATED:102[0];HGNC.Current:12138[1];HGNC.Current:12138[1>0];Ensembl.HGNC:149106[3>0]
NP_705895	Ensembl.RefSeq_peptide:82474[1];Ensembl.RefSeq_peptide:82474[1>0]	ENSG00000105997	CURATED:105[0];HGNC.Current:12140[1];HGNC.Current:12140[1>0];Ensembl.HGNC:153294[3>0]
NP_710141	Ensembl.RefSeq_peptide:54818[1];Ensembl.RefSeq_peptide:54818[1>0]	ENSG00000125798	CURATED:61[0];HGNC.Current:9421[1];HGNC.Current:9421[1>0];Ensembl.HGNC:107540[3>0]
NP_722520	Ensembl.RefSeq_peptide:101133[1];Ensembl.RefSeq_peptide:101133[1>0]	ENSG00000179588	CURATED:275[0];HGNC.Current:42980[1];HGNC.Current:42980[1>0];Ensembl.HGNC:185219[3>0]
NP_733774	Ensembl.RefSeq_peptide:96243[1];Ensembl.RefSeq_peptide:96243[1>0]	ENSG00000134138	CURATED:165[0];HGNC.Current:18402[1];HGNC.Current:18402[1>0];Ensembl.HGNC:176618[3>0]
NP_733775	Ensembl.RefSeq_peptide:96153[1];Ensembl.RefSeq_peptide:96153[1>0]	ENSG00000134138	CURATED:165[0];HGNC.Current:18402[1];HGNC.Current:18402[1>0];Ensembl.HGNC:176618[3>0]
NP_733776	Ensembl.RefSeq_peptide:96164[1];Ensembl.RefSeq_peptide:96164[1>0]	ENSG00000134138	CURATED:165[0];HGNC.Current:18402[1];HGNC.Current:18402[1>0];Ensembl.HGNC:176618[3>0]
NP_733777	Ensembl.RefSeq_peptide:96223[1];Ensembl.RefSeq_peptide:96223[1>0]	ENSG00000134138	CURATED:165[0];HGNC.Current:18402[1];HGNC.Current:18402[1>0];Ensembl.HGNC:176618[3>0]
NP_758526	Ensembl.RefSeq_peptide:96200[1];Ensembl.RefSeq_peptide:96200[1>0]	ENSG00000134138	CURATED:165[0];HGNC.Current:18402[1];HGNC.Current:18402[1>0];Ensembl.HGNC:176618[3>0]
NP_758527	Ensembl.RefSeq_peptide:96216[1];Ensembl.RefSeq_peptide:96216[1>0]	ENSG00000134138	CURATED:165[0];HGNC.Current:18402[1];HGNC.Current:18402[1>0];Ensembl.HGNC:176618[3>0]
NP_758840	Ensembl.RefSeq_peptide:60597[1];Ensembl.RefSeq_peptide:60597[1>0]	ENSG00000165588	CURATED:194[0];HGNC.Current:24603[1];HGNC.Current:24603[1>0];Ensembl.HGNC:116891[3>0]
NP_758961	Ensembl.RefSeq_peptide:1107[1];Ensembl.RefSeq_peptide:1107[1>0]	ENSG00000120690	CURATED:42[0];HGNC.Current:7810[1];HGNC.Current:7810[1>0];Ensembl.HGNC:2739[3>0]
NP_775186	Ensembl.RefSeq_peptide:40114[1];Ensembl.RefSeq_peptide:40114[1>0]	ENSG00000072736	CURATED:180[0];HGNC.Current:22654[1];HGNC.Current:22654[1>0];Ensembl.HGNC:77902[3>0]
NP_775188	Ensembl.RefSeq_peptide:40089[1];Ensembl.RefSeq_peptide:40089[1>0]	ENSG00000072736	CURATED:180[0];HGNC.Current:22654[1];HGNC.Current:22654[1>0];Ensembl.HGNC:77902[3>0]
NP_775321	Ensembl.RefSeq_peptide:109874[1];Ensembl.RefSeq_peptide:109874[1>0]	ENSG00000102908	CURATED:179[0];HGNC.Current:22649[1];HGNC.Current:22649[1>0];Ensembl.HGNC:201339[3>0]
NP_775322	Ensembl.RefSeq_peptide:109873[1];Ensembl.RefSeq_peptide:109873[1>0]	ENSG00000102908	CURATED:179[0];HGNC.Current:22649[1];HGNC.Current:22649[1>0];Ensembl.HGNC:201339[3>0]
NP_776248	Ensembl.RefSeq_peptide:38227[1];Ensembl.RefSeq_peptide:38227[1>0]	ENSG00000133937	CURATED:86[0];HGNC.Current:10922[1];HGNC.Current:10922[1>0];Ensembl.HGNC:76972[3>0]
NP_787110	Ensembl.RefSeq_peptide:64962[1];Ensembl.RefSeq_peptide:64962[1>0]	ENSG00000101076	CURATED:100[0];HGNC.Current:11954[1];HGNC.Current:11954[1>0];Ensembl.HGNC:124322[3>0]
NP_796372	Ensembl.RefSeq_peptide:47727[1];Ensembl.RefSeq_peptide:47727[1>0]	ENSG00000162761	CURATED:155[0];HGNC.Current:17432[1];HGNC.Current:17432[1>0];Ensembl.HGNC:95877[3>0]
NP_849180	Ensembl.RefSeq_peptide:65021[1];Ensembl.RefSeq_peptide:65021[1>0]	ENSG00000101076	CURATED:100[0];HGNC.Current:11954[1];HGNC.Current:11954[1>0];Ensembl.HGNC:124322[3>0]
NP_849181	Ensembl.RefSeq_peptide:65015[1];Ensembl.RefSeq_peptide:65015[1>0]	ENSG00000101076	CURATED:100[0];HGNC.Current:11954[1];HGNC.Current:11954[1>0];Ensembl.HGNC:124322[3>0]
NP_851998	Ensembl.RefSeq_peptide:12387[1];Ensembl.RefSeq_peptide:12387[1>0]	ENSG00000125968	CURATED:121[0];HGNC.Current:12530[1];HGNC.Current:12530[1>0];Ensembl.HGNC:27803[3>0]
NP_852122	Ensembl.RefSeq_peptide:65792[1];Ensembl.RefSeq_peptide:65792[1>0]	ENSG00000135903	CURATED:196[0];HGNC.Current:24884[1];HGNC.Current:24884[1>0];Ensembl.HGNC:125892[3>0]
NP_852123	Ensembl.RefSeq_peptide:65750[1];Ensembl.RefSeq_peptide:65750[1>0]	ENSG00000135903	CURATED:196[0];HGNC.Current:24884[1];HGNC.Current:24884[1>0];Ensembl.HGNC:125892[3>0]
NP_852124	Ensembl.RefSeq_peptide:65744[1];Ensembl.RefSeq_peptide:65744[1>0]	ENSG00000135903	CURATED:196[0];HGNC.Current:24884[1];HGNC.Current:24884[1>0];Ensembl.HGNC:125892[3>0]
NP_852125	Ensembl.RefSeq_peptide:65762[1];Ensembl.RefSeq_peptide:65762[1>0]	ENSG00000135903	CURATED:196[0];HGNC.Current:24884[1];HGNC.Current:24884[1>0];Ensembl.HGNC:125892[3>0]
NP_852126	Ensembl.RefSeq_peptide:65767[1];Ensembl.RefSeq_peptide:65767[1>0]	ENSG00000135903	CURATED:196[0];HGNC.Current:24884[1];HGNC.Current:24884[1>0];Ensembl.HGNC:125892[3>0]
NP_852259	Ensembl.RefSeq_peptide:53924[1];Ensembl.RefSeq_peptide:53924[1>0]	ENSG00000089225	CURATED:250[0];HGNC.Current:38456[1];HGNC.Current:38456[1>0];Ensembl.HGNC:105693[3>0]
NP_853549	Ensembl.RefSeq_peptide:90827[1];Ensembl.RefSeq_peptide:90827[1>0]	ENSG00000095794	CURATED:25[0];HGNC.Current:5517[1];HGNC.Current:5517[1>0];Ensembl.HGNC:166924[3>0]
NP_857591	Ensembl.RefSeq_peptide:62873[1];Ensembl.RefSeq_peptide:62873[1>0]	ENSG00000217555	CURATED:23[0];HGNC.Current:4824[1];HGNC.Current:4824[1>0];Ensembl.HGNC:121272[3>0]
NP_857592	Ensembl.RefSeq_peptide:62863[1];Ensembl.RefSeq_peptide:62863[1>0]	ENSG00000217555	CURATED:23[0];HGNC.Current:4824[1];HGNC.Current:4824[1>0];Ensembl.HGNC:121272[3>0]
NP_874359	Ensembl.RefSeq_peptide:87449[1];Ensembl.RefSeq_peptide:87449[1>0]	ENSG00000164651	CURATED:238[0];HGNC.Current:37167[1];HGNC.Current:37167[1>0];Ensembl.HGNC:161528[3>0]
NP_874367	Ensembl.RefSeq_peptide:143322[1];Ensembl.RefSeq_peptide:143322[1>0]	ENSG00000164330	CURATED:36[0];HGNC.Current:7389[1];HGNC.Current:7389[1>0];Ensembl.HGNC:261467[3>0]
NP_874386	Ensembl.RefSeq_peptide:90930[1];Ensembl.RefSeq_peptide:90930[1>0]	ENSG00000095794	CURATED:25[0];HGNC.Current:5517[1];HGNC.Current:5517[1>0];Ensembl.HGNC:166924[3>0]
NP_874387	Ensembl.RefSeq_peptide:90941[1];Ensembl.RefSeq_peptide:90941[1>0]	ENSG00000095794	CURATED:25[0];HGNC.Current:5517[1];HGNC.Current:5517[1>0];Ensembl.HGNC:166924[3>0]
NP_874388	Ensembl.RefSeq_peptide:90928[1];Ensembl.RefSeq_peptide:90928[1>0]	ENSG00000095794	CURATED:25[0];HGNC.Current:5517[1];HGNC.Current:5517[1>0];Ensembl.HGNC:166924[3>0]
NP_874389	Ensembl.RefSeq_peptide:90960[1];Ensembl.RefSeq_peptide:90960[1>0]	ENSG00000095794	CURATED:25[0];HGNC.Current:5517[1];HGNC.Current:5517[1>0];Ensembl.HGNC:166924[3>0]
NP_874390	Ensembl.RefSeq_peptide:90977[1];Ensembl.RefSeq_peptide:90977[1>0]	ENSG00000095794	CURATED:25[0];HGNC.Current:5517[1];HGNC.Current:5517[1>0];Ensembl.HGNC:166924[3>0]
NP_874392	Ensembl.RefSeq_peptide:90965[1];Ensembl.RefSeq_peptide:90965[1>0]	ENSG00000095794	CURATED:25[0];HGNC.Current:5517[1];HGNC.Current:5517[1>0];Ensembl.HGNC:166924[3>0]
NP_874393	Ensembl.RefSeq_peptide:91018[1];Ensembl.RefSeq_peptide:91018[1>0]	ENSG00000095794	CURATED:25[0];HGNC.Current:5517[1];HGNC.Current:5517[1>0];Ensembl.HGNC:166924[3>0]
NP_877570	Ensembl.RefSeq_peptide:90895[1];Ensembl.RefSeq_peptide:90895[1>0]	ENSG00000095794	CURATED:25[0];HGNC.Current:5517[1];HGNC.Current:5517[1>0];Ensembl.HGNC:166924[3>0]
NP_877571	Ensembl.RefSeq_peptide:90893[1];Ensembl.RefSeq_peptide:90893[1>0]	ENSG00000095794	CURATED:25[0];HGNC.Current:5517[1];HGNC.Current:5517[1>0];Ensembl.HGNC:166924[3>0]
NP_877572	Ensembl.RefSeq_peptide:90865[1];Ensembl.RefSeq_peptide:90865[1>0]	ENSG00000095794	CURATED:25[0];HGNC.Current:5517[1];HGNC.Current:5517[1>0];Ensembl.HGNC:166924[3>0]
NP_877573	Ensembl.RefSeq_peptide:90864[1];Ensembl.RefSeq_peptide:90864[1>0]	ENSG00000095794	CURATED:25[0];HGNC.Current:5517[1];HGNC.Current:5517[1>0];Ensembl.HGNC:166924[3>0]
NP_878911	Ensembl.RefSeq_peptide:12919[1];Ensembl.RefSeq_peptide:12919[1>0]	ENSG00000057657	CURATED:204[0];HGNC.Current:26725[1];HGNC.Current:26725[1>0];Ensembl.HGNC:28303[3>0]
NP_891548	Ensembl.RefSeq_peptide:6952[1];Ensembl.RefSeq_peptide:6952[1>0]	ENSG00000157554	CURATED:49[0];HGNC.Current:8145[1];HGNC.Current:8145[1>0];Ensembl.HGNC:15734[3>0]
NP_898829	Ensembl.RefSeq_peptide:90690[1];Ensembl.RefSeq_peptide:90690[1>0]	ENSG00000095794	CURATED:25[0];HGNC.Current:5517[1];HGNC.Current:5517[1>0];Ensembl.HGNC:166924[3>0]
NP_898830	Ensembl.RefSeq_peptide:90842[1];Ensembl.RefSeq_peptide:90842[1>0]	ENSG00000095794	CURATED:25[0];HGNC.Current:5517[1];HGNC.Current:5517[1>0];Ensembl.HGNC:166924[3>0]
NP_898831	Ensembl.RefSeq_peptide:90817[1];Ensembl.RefSeq_peptide:90817[1>0]	ENSG00000095794	CURATED:25[0];HGNC.Current:5517[1];HGNC.Current:5517[1>0];Ensembl.HGNC:166924[3>0]
NP_898883	Ensembl.RefSeq_peptide:90857[1];Ensembl.RefSeq_peptide:90857[1>0]	ENSG00000095794	CURATED:25[0];HGNC.Current:5517[1];HGNC.Current:5517[1>0];Ensembl.HGNC:166924[3>0]
NP_937798	Ensembl.RefSeq_peptide:11379[1];Ensembl.RefSeq_peptide:11379[1>0]	ENSG00000160221	CURATED:90[0];HGNC.Current:11563[1];HGNC.Current:10083[8>1];HGNC.Current:10083[1];HGNC.Current:10083[1>0];Ensembl.HGNC:25032[3>0]
NP_937801	Ensembl.RefSeq_peptide:141441[1];Ensembl.RefSeq_peptide:141441[1>0]	ENSG00000187098	CURATED:169[0];HGNC.Current:20644[1];HGNC.Current:20644[1>0];Ensembl.HGNC:258015[3>0]
NP_937802	Ensembl.RefSeq_peptide:141412[1];Ensembl.RefSeq_peptide:141412[1>0]	ENSG00000187098	CURATED:169[0];HGNC.Current:20644[1];HGNC.Current:20644[1>0];Ensembl.HGNC:258015[3>0]
NP_937820	Ensembl.RefSeq_peptide:141429[1];Ensembl.RefSeq_peptide:141429[1>0]	ENSG00000187098	CURATED:169[0];HGNC.Current:20644[1];HGNC.Current:20644[1>0];Ensembl.HGNC:258015[3>0]
NP_937821	Ensembl.RefSeq_peptide:141467[1];Ensembl.RefSeq_peptide:141467[1>0]	ENSG00000187098	CURATED:169[0];HGNC.Current:20644[1];HGNC.Current:20644[1>0];Ensembl.HGNC:258015[3>0]
NP_945194	Ensembl.RefSeq_peptide:87459[1];Ensembl.RefSeq_peptide:87459[1>0]	ENSG00000164651	CURATED:238[0];HGNC.Current:37167[1];HGNC.Current:37167[1>0];Ensembl.HGNC:161528[3>0]
NP_954871	Ensembl.RefSeq_peptide:141900[1];Ensembl.RefSeq_peptide:141900[1>0]	ENSG00000189120	CURATED:237[0];HGNC.Current:37165[1];HGNC.Current:37165[1>0];Ensembl.HGNC:259036[3>0]
NP_954980	Ensembl.RefSeq_peptide:13206[1];Ensembl.RefSeq_peptide:13206[1>0]	ENSG00000187569	CURATED:32[0];HGNC.Current:7047[1];HGNC.Current:7047[1>0];Ensembl.HGNC:29231[3>0]
NP_963853	Ensembl.RefSeq_peptide:23873[1];Ensembl.RefSeq_peptide:23873[1>0]	ENSG00000118689	CURATED:71[0];HGNC.Current:9473[1];HGNC.Current:9473[1>0];Ensembl.HGNC:51505[3>0]
NP_963963	Ensembl.RefSeq_peptide:140796[1];Ensembl.RefSeq_peptide:140796[1>0]	ENSG00000081059	CURATED:255[0];HGNC.Current:38513[1];HGNC.Current:38513[1>0];Ensembl.HGNC:256964[3>0]
NP_963965	Ensembl.RefSeq_peptide:140783[1];Ensembl.RefSeq_peptide:140783[1>0]	ENSG00000081059	CURATED:255[0];HGNC.Current:38513[1];HGNC.Current:38513[1>0];Ensembl.HGNC:256964[3>0]
NP_973728	Ensembl.RefSeq_peptide:79755[1];Ensembl.RefSeq_peptide:79755[1>0]	ENSG00000109381	CURATED:43[0];HGNC.Current:7811[1];HGNC.Current:7811[1>0];Ensembl.HGNC:148522[3>0]
NP_996749	Ensembl.RefSeq_peptide:1095[1];Ensembl.RefSeq_peptide:1095[1>0]	ENSG00000156273	CURATED:10[0];HGNC.Current:2206[1];HGNC.Current:2206[1>0];Ensembl.HGNC:2711[3>0]
NP_997174	Ensembl.RefSeq_peptide:112879[1];Ensembl.RefSeq_peptide:112879[1>0]	ENSG00000105698	CURATED:266[0];HGNC.Current:41753[1];HGNC.Current:41753[1>0];Ensembl.HGNC:206880[3>0]
NP_998813	Ensembl.RefSeq_peptide:140795[1];Ensembl.RefSeq_peptide:140795[1>0]	ENSG00000081059	CURATED:255[0];HGNC.Current:38513[1];HGNC.Current:38513[1>0];Ensembl.HGNC:256964[3>0]
NP_998827	Ensembl.RefSeq_peptide:145835[1];Ensembl.RefSeq_peptide:145835[1>0]	ENSG00000168610	CURATED:242[0];HGNC.Current:37779[1];HGNC.Current:37779[1>0];Ensembl.HGNC:265687[3>0]
NR_026580	Ensembl.RefSeq_ncRNA:18519[1];Ensembl.RefSeq_ncRNA:18519[1>0]	ENSG00000198176	CURATED:258[0];HGNC.Current:38720[1];HGNC.Current:38720[1>0];Ensembl.HGNC:18429[3>0]
NR_027653	Ensembl.RefSeq_ncRNA:9858[1];Ensembl.RefSeq_ncRNA:9858[1>0]	ENSG00000067082	CURATED:146[0];HGNC.Current:14134[1];HGNC.Current:14134[1>0];Ensembl.HGNC:9725[3>0]
NR_033258	Ensembl.RefSeq_ncRNA:240096[1];Ensembl.RefSeq_ncRNA:240096[1>0]	ENSG00000169554	CURATED:272[0];HGNC.Current:42926[1];HGNC.Current:42926[1>0];Ensembl.HGNC:236783[3>0]
NR_033368	Ensembl.RefSeq_ncRNA:2821[1];Ensembl.RefSeq_ncRNA:2821[1>0]	ENSG00000156273	CURATED:10[0];HGNC.Current:2206[1];HGNC.Current:2206[1>0];Ensembl.HGNC:2711[3>0]
NR_033449	Ensembl.RefSeq_ncRNA:260433[1];Ensembl.RefSeq_ncRNA:260433[1>0]	ENSG00000081059	CURATED:255[0];HGNC.Current:38513[1];HGNC.Current:38513[1>0];Ensembl.HGNC:256964[3>0]
NR_033824	Ensembl.RefSeq_ncRNA:89701[1];Ensembl.RefSeq_ncRNA:89701[1>0]	ENSG00000143171	CURATED:219[0];HGNC.Current:34481[1];HGNC.Current:34481[1>0];Ensembl.HGNC:88940[3>0]
NR_037163	Ensembl.RefSeq_ncRNA:89091[1];Ensembl.RefSeq_ncRNA:89091[1>0]	ENSG00000143190	CURATED:201[0];HGNC.Current:26330[1];HGNC.Current:26330[1>0];Ensembl.HGNC:87858[3>0]
NR_038934	Ensembl.RefSeq_ncRNA:278971[1];Ensembl.RefSeq_ncRNA:278971[1>0]	ENSG00000171735	CURATED:14[0];HGNC.Current:3339[1];HGNC.Current:3339[1>0];Ensembl.HGNC:275261[3>0]
NR_046000	Ensembl.RefSeq_ncRNA:174416[1];Ensembl.RefSeq_ncRNA:174416[1>0]	ENSG00000137265	CURATED:129[0];HGNC.Current:13501[1];HGNC.Current:13501[1>0];Ensembl.HGNC:172659[3>0]
NR_051953	Ensembl.RefSeq_ncRNA:178986[1];Ensembl.RefSeq_ncRNA:178986[1>0]	ENSG00000134138	CURATED:165[0];HGNC.Current:18402[1];HGNC.Current:18402[1>0];Ensembl.HGNC:176618[3>0]
NR_073034	Ensembl.RefSeq_ncRNA:118062[1];Ensembl.RefSeq_ncRNA:118062[1>0]	ENSG00000165588	CURATED:194[0];HGNC.Current:24603[1];HGNC.Current:24603[1>0];Ensembl.HGNC:116891[3>0]
NR_073108	Ensembl.RefSeq_ncRNA:268629[1];Ensembl.RefSeq_ncRNA:268629[1>0]	ENSG00000118263	CURATED:147[0];HGNC.Current:14135[1];HGNC.Current:14135[1>0];Ensembl.HGNC:265108[3>0]
NR_073512	Ensembl.RefSeq_ncRNA:39180[1];Ensembl.RefSeq_ncRNA:39180[1>0]	ENSG00000159216	CURATED:214[0];HGNC.Current:34448[1];HGNC.Current:34448[1>0];Ensembl.HGNC:38975[3>0]
NR_103532	Ensembl.RefSeq_ncRNA:25976[1];Ensembl.RefSeq_ncRNA:25976[1>0]	ENSG00000124813	CURATED:215[0];HGNC.Current:34452[1];HGNC.Current:34452[1>0];Ensembl.HGNC:25880[3>0]
NR_103533	Ensembl.RefSeq_ncRNA:25977[1];Ensembl.RefSeq_ncRNA:25977[1>0]	ENSG00000124813	CURATED:215[0];HGNC.Current:34452[1];HGNC.Current:34452[1>0];Ensembl.HGNC:25880[3>0]
NR_103999	Ensembl.RefSeq_ncRNA:13690[1];Ensembl.RefSeq_ncRNA:13690[1>0]	ENSG00000196092	CURATED:197[0];HGNC.Current:24886[1];HGNC.Current:24886[1>0];Ensembl.HGNC:12927[3>0]
NR_104000	Ensembl.RefSeq_ncRNA:13891[1];Ensembl.RefSeq_ncRNA:13891[1>0]	ENSG00000196092	CURATED:197[0];HGNC.Current:24886[1];HGNC.Current:24886[1>0];Ensembl.HGNC:12927[3>0]
NR_110892	Ensembl.RefSeq_ncRNA:218561[1];Ensembl.RefSeq_ncRNA:218561[1>0]	ENSG00000077092	CURATED:207[0];HGNC.Current:27803[1];HGNC.Current:27803[1>0];Ensembl.HGNC:215599[3>0]
NR_110893	Ensembl.RefSeq_ncRNA:218557[1];Ensembl.RefSeq_ncRNA:218557[1>0]	ENSG00000077092	CURATED:207[0];HGNC.Current:27803[1];HGNC.Current:27803[1>0];Ensembl.HGNC:215599[3>0]
NR_111949	Ensembl.RefSeq_ncRNA:16151[1];Ensembl.RefSeq_ncRNA:16151[1>0]	ENSG00000157554	CURATED:49[0];HGNC.Current:8145[1];HGNC.Current:8145[1>0];Ensembl.HGNC:15734[3>0]
NR_121662	Ensembl.RefSeq_ncRNA:247914[1];Ensembl.RefSeq_ncRNA:247914[1>0]	ENSG00000181722	CURATED:270[0];HGNC.Current:42809[1];HGNC.Current:42809[1>0];Ensembl.HGNC:244837[3>0]
NR_130153	Ensembl.RefSeq_ncRNA:59324[1];Ensembl.RefSeq_ncRNA:59324[1>0]	ENSG00000115507	CURATED:193[0];HGNC.Current:24602[1];HGNC.Current:24602[1>0];Ensembl.HGNC:59128[3>0]
NR_134958	Ensembl.RefSeq_ncRNA:230678[1];Ensembl.RefSeq_ncRNA:230678[1>0]	ENSG00000118513	CURATED:175[0];HGNC.Current:21951[1];HGNC.Current:21951[1>0];Ensembl.HGNC:222938[3>0]
NR_134959	Ensembl.RefSeq_ncRNA:230675[1];Ensembl.RefSeq_ncRNA:230675[1>0]	ENSG00000118513	CURATED:175[0];HGNC.Current:21951[1];HGNC.Current:21951[1>0];Ensembl.HGNC:222938[3>0]
NR_134960	Ensembl.RefSeq_ncRNA:230393[1];Ensembl.RefSeq_ncRNA:230393[1>0]	ENSG00000118513	CURATED:175[0];HGNC.Current:21951[1];HGNC.Current:21951[1>0];Ensembl.HGNC:222938[3>0]
NR_134961	Ensembl.RefSeq_ncRNA:230685[1];Ensembl.RefSeq_ncRNA:230685[1>0]	ENSG00000118513	CURATED:175[0];HGNC.Current:21951[1];HGNC.Current:21951[1>0];Ensembl.HGNC:222938[3>0]
NR_134962	Ensembl.RefSeq_ncRNA:230679[1];Ensembl.RefSeq_ncRNA:230679[1>0]	ENSG00000118513	CURATED:175[0];HGNC.Current:21951[1];HGNC.Current:21951[1>0];Ensembl.HGNC:222938[3>0]
NR_134963	Ensembl.RefSeq_ncRNA:229764[1];Ensembl.RefSeq_ncRNA:229764[1>0]	ENSG00000118513	CURATED:175[0];HGNC.Current:21951[1];HGNC.Current:21951[1>0];Ensembl.HGNC:222938[3>0]
NR_134964	Ensembl.RefSeq_ncRNA:230394[1];Ensembl.RefSeq_ncRNA:230394[1>0]	ENSG00000118513	CURATED:175[0];HGNC.Current:21951[1];HGNC.Current:21951[1>0];Ensembl.HGNC:222938[3>0]
NR_134965	Ensembl.RefSeq_ncRNA:230943[1];Ensembl.RefSeq_ncRNA:230943[1>0]	ENSG00000118513	CURATED:175[0];HGNC.Current:21951[1];HGNC.Current:21951[1>0];Ensembl.HGNC:222938[3>0]
NR_135220	Ensembl.RefSeq_ncRNA:25531[1];Ensembl.RefSeq_ncRNA:25531[1>0]	ENSG00000160221	CURATED:90[0];HGNC.Current:11563[1];HGNC.Current:10083[8>1];HGNC.Current:10083[1];HGNC.Current:10083[1>0];Ensembl.HGNC:25032[3>0]
NR_135473	Ensembl.RefSeq_ncRNA:250185[1];Ensembl.RefSeq_ncRNA:250185[1>0]	ENSG00000118260	CURATED:24[0];HGNC.Current:5501[1];HGNC.Current:5501[1>0];Ensembl.HGNC:246988[3>0]
NR_136704	Ensembl.RefSeq_ncRNA:17247[1];Ensembl.RefSeq_ncRNA:17247[1>0]	ENSG00000102349	CURATED:148[0];HGNC.Current:14138[1];HGNC.Current:14138[1>0];Ensembl.HGNC:17096[3>0]
NR_136705	Ensembl.RefSeq_ncRNA:17140[1];Ensembl.RefSeq_ncRNA:17140[1>0]	ENSG00000102349	CURATED:148[0];HGNC.Current:14138[1];HGNC.Current:14138[1>0];Ensembl.HGNC:17096[3>0]
NR_137166	Ensembl.RefSeq_ncRNA:22878[1];Ensembl.RefSeq_ncRNA:22878[1>0]	ENSG00000105866	CURATED:235[0];HGNC.Current:37163[1];HGNC.Current:37163[1>0];Ensembl.HGNC:22722[3>0]
NR_138537	Ensembl.RefSeq_ncRNA:117834[1];Ensembl.RefSeq_ncRNA:117834[1>0]	ENSG00000088881	CURATED:39[0];HGNC.Current:7393[1];HGNC.Current:7393[1>0];Ensembl.HGNC:116723[3>0]
NR_146142	Ensembl.RefSeq_ncRNA:205285[1];Ensembl.RefSeq_ncRNA:205285[1>0]	ENSG00000114861	CURATED:73[0];HGNC.Current:9478[1];HGNC.Current:9478[1>0];Ensembl.HGNC:201807[3>0]
NR_146143	Ensembl.RefSeq_ncRNA:205284[1];Ensembl.RefSeq_ncRNA:205284[1>0]	ENSG00000114861	CURATED:73[0];HGNC.Current:9478[1];HGNC.Current:9478[1>0];Ensembl.HGNC:201807[3>0]
NR_146202	Ensembl.RefSeq_ncRNA:278970[1];Ensembl.RefSeq_ncRNA:278970[1>0]	ENSG00000171735	CURATED:14[0];HGNC.Current:3339[1];HGNC.Current:3339[1>0];Ensembl.HGNC:275261[3>0]
NR_146203	Ensembl.RefSeq_ncRNA:278969[1];Ensembl.RefSeq_ncRNA:278969[1>0]	ENSG00000171735	CURATED:14[0];HGNC.Current:3339[1];HGNC.Current:3339[1>0];Ensembl.HGNC:275261[3>0]
NR_146204	Ensembl.RefSeq_ncRNA:278967[1];Ensembl.RefSeq_ncRNA:278967[1>0]	ENSG00000171735	CURATED:14[0];HGNC.Current:3339[1];HGNC.Current:3339[1>0];Ensembl.HGNC:275261[3>0]
NR_148241	Ensembl.RefSeq_ncRNA:213715[1];Ensembl.RefSeq_ncRNA:213715[1>0]	ENSG00000128652	CURATED:118[0];HGNC.Current:12183[1];HGNC.Current:12183[1>0];Ensembl.HGNC:211200[3>0]
NR_149001	Ensembl.RefSeq_ncRNA:22511[1];Ensembl.RefSeq_ncRNA:22511[1>0]	ENSG00000122691	CURATED:264[0];HGNC.Current:41286[1];HGNC.Current:41286[1>0];Ensembl.HGNC:22392[3>0]
NR_149068	Ensembl.RefSeq_ncRNA:226004[1];Ensembl.RefSeq_ncRNA:226004[1>0]	ENSG00000125347	CURATED:128[0];HGNC.Current:13494[1];HGNC.Current:13494[1>0];Ensembl.HGNC:223200[3>0]
NR_149069	Ensembl.RefSeq_ncRNA:226044[1];Ensembl.RefSeq_ncRNA:226044[1>0]	ENSG00000125347	CURATED:128[0];HGNC.Current:13494[1];HGNC.Current:13494[1>0];Ensembl.HGNC:223200[3>0]
NR_160916	Ensembl.RefSeq_ncRNA:220642[1];Ensembl.RefSeq_ncRNA:220642[1>0]	ENSG00000007372	CURATED:198[0];HGNC.Current:24887[1];HGNC.Current:24887[1>0];Ensembl.HGNC:216546[3>0]
NR_160917	Ensembl.RefSeq_ncRNA:221043[1];Ensembl.RefSeq_ncRNA:221043[1>0]	ENSG00000007372	CURATED:198[0];HGNC.Current:24887[1];HGNC.Current:24887[1>0];Ensembl.HGNC:216546[3>0]
NR_160934	Ensembl.RefSeq_ncRNA:213585[1];Ensembl.RefSeq_ncRNA:213585[1>0]	ENSG00000118520	CURATED:5[0];HGNC.Current:1429[1];HGNC.Current:1429[1>0];Ensembl.HGNC:210990[3>0]
NR_163946	Ensembl.RefSeq_ncRNA:250197[1];Ensembl.RefSeq_ncRNA:250197[1>0]	ENSG00000118260	CURATED:24[0];HGNC.Current:5501[1];HGNC.Current:5501[1>0];Ensembl.HGNC:246988[3>0]
NR_163947	Ensembl.RefSeq_ncRNA:250198[1];Ensembl.RefSeq_ncRNA:250198[1>0]	ENSG00000118260	CURATED:24[0];HGNC.Current:5501[1];HGNC.Current:5501[1>0];Ensembl.HGNC:246988[3>0]
NR_163978	Ensembl.RefSeq_ncRNA:43278[1];Ensembl.RefSeq_ncRNA:43278[1>0]	ENSG00000140836	CURATED:273[0];HGNC.Current:42949[1];HGNC.Current:42949[1>0];Ensembl.HGNC:42920[3>0]
NR_164686	Ensembl.RefSeq_ncRNA:232547[1];Ensembl.RefSeq_ncRNA:232547[1>0]	ENSG00000170802	CURATED:69[0];HGNC.Current:9464[1];HGNC.Current:9464[1>0];Ensembl.HGNC:229707[3>0]
NR_172138	Ensembl.RefSeq_ncRNA:169506[1];Ensembl.RefSeq_ncRNA:169506[1>0]	ENSG00000095794	CURATED:25[0];HGNC.Current:5517[1];HGNC.Current:5517[1>0];Ensembl.HGNC:166924[3>0]
NR_175964	Ensembl.RefSeq_ncRNA:54538[1];Ensembl.RefSeq_ncRNA:54538[1>0]	ENSG00000119866	CURATED:12[0];HGNC.Current:2342[1];HGNC.Current:2342[1>0];Ensembl.HGNC:53924[3>0]
NR_182212	Ensembl.RefSeq_ncRNA:56495[1];Ensembl.RefSeq_ncRNA:56495[1>0]	ENSG00000111145	CURATED:44[0];HGNC.Current:7827[1];HGNC.Current:7827[1>0];Ensembl.HGNC:56353[3>0]
NR_182213	Ensembl.RefSeq_ncRNA:56493[1];Ensembl.RefSeq_ncRNA:56493[1>0]	ENSG00000111145	CURATED:44[0];HGNC.Current:7827[1];HGNC.Current:7827[1>0];Ensembl.HGNC:56353[3>0]
NR_182214	Ensembl.RefSeq_ncRNA:56494[1];Ensembl.RefSeq_ncRNA:56494[1>0]	ENSG00000111145	CURATED:44[0];HGNC.Current:7827[1];HGNC.Current:7827[1>0];Ensembl.HGNC:56353[3>0]
NR_182215	Ensembl.RefSeq_ncRNA:56492[1];Ensembl.RefSeq_ncRNA:56492[1>0]	ENSG00000111145	CURATED:44[0];HGNC.Current:7827[1];HGNC.Current:7827[1>0];Ensembl.HGNC:56353[3>0]
NR_182773	Ensembl.RefSeq_ncRNA:172024[1];Ensembl.RefSeq_ncRNA:172024[1>0]	ENSG00000120837	CURATED:185[0];HGNC.Current:22690[1];HGNC.Current:22690[1>0];Ensembl.HGNC:170326[3>0]
NR_182774	Ensembl.RefSeq_ncRNA:172023[1];Ensembl.RefSeq_ncRNA:172023[1>0]	ENSG00000120837	CURATED:185[0];HGNC.Current:22690[1];HGNC.Current:22690[1>0];Ensembl.HGNC:170326[3>0]
