name	source	ensembl_gene	ensembl_source
uc001ajn.4	Ensembl.UCSC:39762[3];Ensembl.UCSC:39762[3>0]	ENSG00000197921	CURATED:92[0];HGNC.Current:11567[1];HGNC.Current:11567[1>0];Ensembl.HGNC:39975[3>0]
uc001aoh.4	Ensembl.UCSC:275644[3];Ensembl.UCSC:275644[3>0]	ENSG00000171735	CURATED:14[0];HGNC.Current:3339[1];HGNC.Current:3339[1>0];Ensembl.HGNC:275261[3>0]
uc001aoi.4	Ensembl.UCSC:275641[3];Ensembl.UCSC:275641[3>0]	ENSG00000171735	CURATED:14[0];HGNC.Current:3339[1];HGNC.Current:3339[1>0];Ensembl.HGNC:275261[3>0]
uc001bhh.6	Ensembl.UCSC:116851[3];Ensembl.UCSC:116851[3>0]	ENSG00000117318	CURATED:123[0];HGNC.Current:12534[1];HGNC.Current:12534[1>0];Ensembl.HGNC:117025[3>0]
uc001bjq.5	Ensembl.UCSC:273831[3];Ensembl.UCSC:273831[3>0]	ENSG00000020633	CURATED:216[0];HGNC.Current:34454[1];HGNC.Current:34454[1>0];Ensembl.HGNC:273507[3>0]
uc001bjr.3	Ensembl.UCSC:273833[3];Ensembl.UCSC:273833[3>0]	ENSG00000020633	CURATED:216[0];HGNC.Current:34454[1];HGNC.Current:34454[1>0];Ensembl.HGNC:273507[3>0]
uc001bll.7	Ensembl.UCSC:277120[3];Ensembl.UCSC:277120[3>0]	ENSG00000142684	CURATED:276[0];HGNC.Current:43496[1];HGNC.Current:43496[1>0];Ensembl.HGNC:276739[3>0]
uc001bta.5	Ensembl.UCSC:175374[3];Ensembl.UCSC:175374[3>0]	ENSG00000142910	CURATED:5[0];HGNC.Current:1429[1];HGNC.Current:38928[8>1];HGNC.Current:38928[1];HGNC.Current:38928[1>0];Ensembl.HGNC:175588[3>0]
uc001ccp.4	Ensembl.UCSC:275806[3];Ensembl.UCSC:275806[3>0]	ENSG00000185668	CURATED:203[0];HGNC.Current:26335[1];HGNC.Current:26335[1>0];Ensembl.HGNC:275427[3>0]
uc001cqx.4	Ensembl.UCSC:255557[3];Ensembl.UCSC:255557[3>0]	ENSG00000162367	CURATED:246[0];HGNC.Current:38264[1];HGNC.Current:38264[1>0];Ensembl.HGNC:255251[3>0]
uc001cqy.3	Ensembl.UCSC:255553[3];Ensembl.UCSC:255553[3>0]	ENSG00000162367	CURATED:246[0];HGNC.Current:38264[1];HGNC.Current:38264[1>0];Ensembl.HGNC:255251[3>0]
uc001cvr.2	Ensembl.UCSC:238339[3];Ensembl.UCSC:238339[3>0]	ENSG00000174332	CURATED:85[0];HGNC.Current:10350[1];HGNC.Current:10350[1>0];Ensembl.HGNC:238114[3>0]
uc001cze.5	Ensembl.UCSC:275638[3];Ensembl.UCSC:275638[3>0]	ENSG00000177606	CURATED:136[0];HGNC.Current:13714[1];HGNC.Current:13714[1>0];Ensembl.HGNC:275258[3>0]
uc001czv.4	Ensembl.UCSC:270559[3];Ensembl.UCSC:270559[3>0]	ENSG00000162599	CURATED:183[0];HGNC.Current:22664[1];HGNC.Current:22664[1>0];Ensembl.HGNC:270168[3>0]
uc001czw.5	Ensembl.UCSC:270558[3];Ensembl.UCSC:270558[3>0]	ENSG00000162599	CURATED:183[0];HGNC.Current:22664[1];HGNC.Current:22664[1>0];Ensembl.HGNC:270168[3>0]
uc001czx.4	Ensembl.UCSC:270571[3];Ensembl.UCSC:270571[3>0]	ENSG00000162599	CURATED:183[0];HGNC.Current:22664[1];HGNC.Current:22664[1>0];Ensembl.HGNC:270168[3>0]
uc001czy.4	Ensembl.UCSC:270545[3];Ensembl.UCSC:270545[3>0]	ENSG00000162599	CURATED:183[0];HGNC.Current:22664[1];HGNC.Current:22664[1>0];Ensembl.HGNC:270168[3>0]
uc001dax.4	Ensembl.UCSC:267912[3];Ensembl.UCSC:267912[3>0]	ENSG00000187140	CURATED:65[0];HGNC.Current:9433[1];HGNC.Current:9433[1>0];Ensembl.HGNC:267558[3>0]
uc001dmi.5	Ensembl.UCSC:61246[3];Ensembl.UCSC:61246[3>0]	ENSG00000143013	CURATED:154[0];HGNC.Current:17422[1];HGNC.Current:17422[1>0];Ensembl.HGNC:61609[3>0]
uc001dmj.5	Ensembl.UCSC:61281[3];Ensembl.UCSC:61281[3>0]	ENSG00000143013	CURATED:154[0];HGNC.Current:17422[1];HGNC.Current:17422[1>0];Ensembl.HGNC:61609[3>0]
uc001dou.5	Ensembl.UCSC:265443[3];Ensembl.UCSC:265443[3>0]	ENSG00000162676	CURATED:83[0];HGNC.Current:10204[1];HGNC.Current:10204[1>0];Ensembl.HGNC:265092[3>0]
uc001dov.6	Ensembl.UCSC:265444[3];Ensembl.UCSC:265444[3>0]	ENSG00000162676	CURATED:83[0];HGNC.Current:10204[1];HGNC.Current:10204[1>0];Ensembl.HGNC:265092[3>0]
uc001dow.6	Ensembl.UCSC:265437[3];Ensembl.UCSC:265437[3>0]	ENSG00000162676	CURATED:83[0];HGNC.Current:10204[1];HGNC.Current:10204[1>0];Ensembl.HGNC:265092[3>0]
uc001ezg.5	Ensembl.UCSC:268094[3];Ensembl.UCSC:268094[3>0]	ENSG00000143365	CURATED:213[0];HGNC.Current:32139[1];HGNC.Current:32139[1>0];Ensembl.HGNC:267709[3>0]
uc001ezh.5	Ensembl.UCSC:268100[3];Ensembl.UCSC:268100[3>0]	ENSG00000143365	CURATED:213[0];HGNC.Current:32139[1];HGNC.Current:32139[1>0];Ensembl.HGNC:267709[3>0]
uc001fcr.6	Ensembl.UCSC:86663[3];Ensembl.UCSC:86663[3>0]	ENSG00000143621	CURATED:127[0];HGNC.Current:13290[1];HGNC.Current:13290[1>0];Ensembl.HGNC:87072[3>0]
uc001fpb.5	Ensembl.UCSC:243701[3];Ensembl.UCSC:243701[3>0]	ENSG00000116604	CURATED:163[0];HGNC.Current:18382[1];HGNC.Current:18382[1>0];Ensembl.HGNC:243358[3>0]
uc001fpc.6	Ensembl.UCSC:243680[3];Ensembl.UCSC:243680[3>0]	ENSG00000116604	CURATED:163[0];HGNC.Current:18382[1];HGNC.Current:18382[1>0];Ensembl.HGNC:243358[3>0]
uc001ftg.4	Ensembl.UCSC:260685[3];Ensembl.UCSC:260685[3>0]	ENSG00000163565	CURATED:124[0];HGNC.Current:12568[1];HGNC.Current:12568[1>0];Ensembl.HGNC:260310[3>0]
uc001gcs.4	Ensembl.UCSC:270307[3];Ensembl.UCSC:270307[3>0]	ENSG00000185630	CURATED:199[0];HGNC.Current:24905[1];HGNC.Current:24905[1>0];Ensembl.HGNC:269930[3>0]
uc001gct.5	Ensembl.UCSC:270302[3];Ensembl.UCSC:270302[3>0]	ENSG00000185630	CURATED:199[0];HGNC.Current:24905[1];HGNC.Current:24905[1>0];Ensembl.HGNC:269930[3>0]
uc001gcu.1	Ensembl.UCSC:270316[3];Ensembl.UCSC:270316[3>0]	ENSG00000185630	CURATED:199[0];HGNC.Current:24905[1];HGNC.Current:24905[1>0];Ensembl.HGNC:269930[3>0]
uc001gcz.3	Ensembl.UCSC:95399[3];Ensembl.UCSC:95399[3>0]	ENSG00000162761	CURATED:155[0];HGNC.Current:17432[1];HGNC.Current:17432[1>0];Ensembl.HGNC:95877[3>0]
uc001gda.5	Ensembl.UCSC:88760[3];Ensembl.UCSC:88760[3>0]	ENSG00000143171	CURATED:219[0];HGNC.Current:34481[1];HGNC.Current:34481[1>0];Ensembl.HGNC:88940[3>0]
uc001gdb.3	Ensembl.UCSC:88780[3];Ensembl.UCSC:88780[3>0]	ENSG00000143171	CURATED:219[0];HGNC.Current:34481[1];HGNC.Current:34481[1>0];Ensembl.HGNC:88940[3>0]
uc001gec.4	Ensembl.UCSC:88225[3];Ensembl.UCSC:88225[3>0]	ENSG00000143190	CURATED:201[0];HGNC.Current:26330[1];HGNC.Current:26330[1>0];Ensembl.HGNC:87858[3>0]
uc001gee.4	Ensembl.UCSC:87773[3];Ensembl.UCSC:87773[3>0]	ENSG00000143190	CURATED:201[0];HGNC.Current:26330[1];HGNC.Current:26330[1>0];Ensembl.HGNC:87858[3>0]
uc001gef.3	Ensembl.UCSC:88243[3];Ensembl.UCSC:88243[3>0]	ENSG00000143190	CURATED:201[0];HGNC.Current:26330[1];HGNC.Current:26330[1>0];Ensembl.HGNC:87858[3>0]
uc001hcy.4	Ensembl.UCSC:278165[3];Ensembl.UCSC:278165[3>0]	ENSG00000158711	CURATED:45[0];HGNC.Current:7828[1];HGNC.Current:7828[1>0];Ensembl.HGNC:277771[3>0]
uc001hcz.4	Ensembl.UCSC:278166[3];Ensembl.UCSC:278166[3>0]	ENSG00000158711	CURATED:45[0];HGNC.Current:7828[1];HGNC.Current:7828[1>0];Ensembl.HGNC:277771[3>0]
uc001hmv.6	Ensembl.UCSC:182215[3];Ensembl.UCSC:182215[3>0]	ENSG00000136630	CURATED:98[0];HGNC.Current:11731[1];HGNC.Current:11731[1>0];Ensembl.HGNC:182301[3>0]
uc001iha.5	Ensembl.UCSC:9714[3];Ensembl.UCSC:9714[3>0]	ENSG00000067082	CURATED:146[0];HGNC.Current:14134[1];HGNC.Current:14134[1>0];Ensembl.HGNC:9725[3>0]
uc001ihb.3	Ensembl.UCSC:9731[3];Ensembl.UCSC:9731[3>0]	ENSG00000067082	CURATED:146[0];HGNC.Current:14134[1];HGNC.Current:14134[1>0];Ensembl.HGNC:9725[3>0]
uc001ijz.6	Ensembl.UCSC:148978[3];Ensembl.UCSC:148978[3>0]	ENSG00000107485	CURATED:78[0];HGNC.Current:10070[1];HGNC.Current:10070[1>0];Ensembl.HGNC:149020[3>0]
uc001ika.5	Ensembl.UCSC:148990[3];Ensembl.UCSC:148990[3>0]	ENSG00000107485	CURATED:78[0];HGNC.Current:10070[1];HGNC.Current:10070[1>0];Ensembl.HGNC:149020[3>0]
uc001ivs.5	Ensembl.UCSC:92789[3];Ensembl.UCSC:92789[3>0]	ENSG00000148516	CURATED:271[0];HGNC.Current:42924[1];HGNC.Current:42924[1>0];Ensembl.HGNC:92740[3>0]
uc001ivv.5	Ensembl.UCSC:92791[3];Ensembl.UCSC:92791[3>0]	ENSG00000148516	CURATED:271[0];HGNC.Current:42924[1];HGNC.Current:42924[1>0];Ensembl.HGNC:92740[3>0]
uc001ixx.4	Ensembl.UCSC:167685[3];Ensembl.UCSC:167685[3>0]	ENSG00000095794	CURATED:25[0];HGNC.Current:5517[1];HGNC.Current:5517[1>0];Ensembl.HGNC:166924[3>0]
uc001ixy.4	Ensembl.UCSC:166798[3];Ensembl.UCSC:166798[3>0]	ENSG00000095794	CURATED:25[0];HGNC.Current:5517[1];HGNC.Current:5517[1>0];Ensembl.HGNC:166924[3>0]
uc001ixz.4	Ensembl.UCSC:167890[3];Ensembl.UCSC:167890[3>0]	ENSG00000095794	CURATED:25[0];HGNC.Current:5517[1];HGNC.Current:5517[1>0];Ensembl.HGNC:166924[3>0]
uc001iya.4	Ensembl.UCSC:167900[3];Ensembl.UCSC:167900[3>0]	ENSG00000095794	CURATED:25[0];HGNC.Current:5517[1];HGNC.Current:5517[1>0];Ensembl.HGNC:166924[3>0]
uc001iyb.4	Ensembl.UCSC:167911[3];Ensembl.UCSC:167911[3>0]	ENSG00000095794	CURATED:25[0];HGNC.Current:5517[1];HGNC.Current:5517[1>0];Ensembl.HGNC:166924[3>0]
uc001iyd.4	Ensembl.UCSC:167925[3];Ensembl.UCSC:167925[3>0]	ENSG00000095794	CURATED:25[0];HGNC.Current:5517[1];HGNC.Current:5517[1>0];Ensembl.HGNC:166924[3>0]
uc001iye.4	Ensembl.UCSC:167930[3];Ensembl.UCSC:167930[3>0]	ENSG00000095794	CURATED:25[0];HGNC.Current:5517[1];HGNC.Current:5517[1>0];Ensembl.HGNC:166924[3>0]
uc001iyf.4	Ensembl.UCSC:167973[3];Ensembl.UCSC:167973[3>0]	ENSG00000095794	CURATED:25[0];HGNC.Current:5517[1];HGNC.Current:5517[1>0];Ensembl.HGNC:166924[3>0]
uc001iyh.4	Ensembl.UCSC:168028[3];Ensembl.UCSC:168028[3>0]	ENSG00000095794	CURATED:25[0];HGNC.Current:5517[1];HGNC.Current:5517[1>0];Ensembl.HGNC:166924[3>0]
uc001iyl.4	Ensembl.UCSC:168062[3];Ensembl.UCSC:168062[3>0]	ENSG00000095794	CURATED:25[0];HGNC.Current:5517[1];HGNC.Current:5517[1>0];Ensembl.HGNC:166924[3>0]
uc001iym.4	Ensembl.UCSC:168067[3];Ensembl.UCSC:168067[3>0]	ENSG00000095794	CURATED:25[0];HGNC.Current:5517[1];HGNC.Current:5517[1>0];Ensembl.HGNC:166924[3>0]
uc001iyn.4	Ensembl.UCSC:168075[3];Ensembl.UCSC:168075[3>0]	ENSG00000095794	CURATED:25[0];HGNC.Current:5517[1];HGNC.Current:5517[1>0];Ensembl.HGNC:166924[3>0]
uc001iyo.4	Ensembl.UCSC:168083[3];Ensembl.UCSC:168083[3>0]	ENSG00000095794	CURATED:25[0];HGNC.Current:5517[1];HGNC.Current:5517[1>0];Ensembl.HGNC:166924[3>0]
uc001iyp.4	Ensembl.UCSC:168093[3];Ensembl.UCSC:168093[3>0]	ENSG00000095794	CURATED:25[0];HGNC.Current:5517[1];HGNC.Current:5517[1>0];Ensembl.HGNC:166924[3>0]
uc001iyq.4	Ensembl.UCSC:168133[3];Ensembl.UCSC:168133[3>0]	ENSG00000095794	CURATED:25[0];HGNC.Current:5517[1];HGNC.Current:5517[1>0];Ensembl.HGNC:166924[3>0]
uc001iyr.4	Ensembl.UCSC:168103[3];Ensembl.UCSC:168103[3>0]	ENSG00000095794	CURATED:25[0];HGNC.Current:5517[1];HGNC.Current:5517[1>0];Ensembl.HGNC:166924[3>0]
uc001iyt.4	Ensembl.UCSC:168123[3];Ensembl.UCSC:168123[3>0]	ENSG00000095794	CURATED:25[0];HGNC.Current:5517[1];HGNC.Current:5517[1>0];Ensembl.HGNC:166924[3>0]
uc001jlt.4	Ensembl.UCSC:81756[3];Ensembl.UCSC:81756[3>0]	ENSG00000150347	CURATED:8[0];HGNC.Current:1549[1];HGNC.Current:1549[1>0];Ensembl.HGNC:81884[3>0]
uc001jlu.3	Ensembl.UCSC:81772[3];Ensembl.UCSC:81772[3>0]	ENSG00000150347	CURATED:8[0];HGNC.Current:1549[1];HGNC.Current:1549[1>0];Ensembl.HGNC:81884[3>0]
uc001jmi.5	Ensembl.UCSC:114502[3];Ensembl.UCSC:114502[3>0]	ENSG00000122877	CURATED:41[0];HGNC.Current:7620[1];HGNC.Current:7620[1>0];Ensembl.HGNC:114586[3>0]
uc001khe.3	Ensembl.UCSC:54151[3];Ensembl.UCSC:54151[3>0]	ENSG00000148677	CURATED:4[0];HGNC.Current:1049[1];HGNC.Current:1049[1>0];Ensembl.HGNC:54389[3>0]
uc001kid.5	Ensembl.UCSC:22192[3];Ensembl.UCSC:22192[3>0]	ENSG00000152804	CURATED:96[0];HGNC.Current:11595[1];HGNC.Current:11595[1>0];Ensembl.HGNC:22360[3>0]
uc001krl.4	Ensembl.UCSC:174384[3];Ensembl.UCSC:174384[3>0]	ENSG00000075891	CURATED:195[0];HGNC.Current:24883[1];HGNC.Current:24883[1>0];Ensembl.HGNC:174222[3>0]
uc001krm.4	Ensembl.UCSC:174386[3];Ensembl.UCSC:174386[3>0]	ENSG00000075891	CURATED:195[0];HGNC.Current:24883[1];HGNC.Current:24883[1>0];Ensembl.HGNC:174222[3>0]
uc001kro.5	Ensembl.UCSC:174369[3];Ensembl.UCSC:174369[3>0]	ENSG00000075891	CURATED:195[0];HGNC.Current:24883[1];HGNC.Current:24883[1>0];Ensembl.HGNC:174222[3>0]
uc001kyy.3	Ensembl.UCSC:74049[3];Ensembl.UCSC:74049[3>0]	ENSG00000119950	CURATED:174[0];HGNC.Current:21940[1];HGNC.Current:21940[1>0];Ensembl.HGNC:73472[3>0]
uc001kyz.4	Ensembl.UCSC:74136[3];Ensembl.UCSC:74136[3>0]	ENSG00000119950	CURATED:174[0];HGNC.Current:21940[1];HGNC.Current:21940[1>0];Ensembl.HGNC:73472[3>0]
uc001kza.4	Ensembl.UCSC:74149[3];Ensembl.UCSC:74149[3>0]	ENSG00000119950	CURATED:174[0];HGNC.Current:21940[1];HGNC.Current:21940[1>0];Ensembl.HGNC:73472[3>0]
uc001lac.5	Ensembl.UCSC:156104[3];Ensembl.UCSC:156104[3>0]	ENSG00000148737	CURATED:254[0];HGNC.Current:38510[1];HGNC.Current:38516[10>1];HGNC.Current:38516[1];HGNC.Current:38516[1>0];Ensembl.HGNC:152776[3>0]
uc001lae.6	Ensembl.UCSC:156039[3];Ensembl.UCSC:156039[3>0]	ENSG00000148737	CURATED:254[0];HGNC.Current:38510[1];HGNC.Current:38516[10>1];HGNC.Current:38516[1];HGNC.Current:38516[1>0];Ensembl.HGNC:152776[3>0]
uc001lag.6	Ensembl.UCSC:156149[3];Ensembl.UCSC:156149[3>0]	ENSG00000148737	CURATED:254[0];HGNC.Current:38510[1];HGNC.Current:38516[10>1];HGNC.Current:38516[1];HGNC.Current:38516[1>0];Ensembl.HGNC:152776[3>0]
uc001lki.4	Ensembl.UCSC:93896[3];Ensembl.UCSC:93896[3>0]	ENSG00000108001	CURATED:38[0];HGNC.Current:7391[1];HGNC.Current:7391[1>0];Ensembl.HGNC:94333[3>0]
uc001lmc.4	Ensembl.UCSC:84062[3];Ensembl.UCSC:84062[3>0]	ENSG00000171794	CURATED:267[0];HGNC.Current:41914[1];HGNC.Current:41914[1>0];Ensembl.HGNC:84471[3>0]
uc001lqg.3	Ensembl.UCSC:232239[3];Ensembl.UCSC:232239[3>0]	ENSG00000185507	CURATED:130[0];HGNC.Current:13505[1];HGNC.Current:13505[1>0];Ensembl.HGNC:231997[3>0]
uc001lvu.5	Ensembl.UCSC:223624[3];Ensembl.UCSC:223624[3>0]	ENSG00000183734	CURATED:9[0];HGNC.Current:1749[1];HGNC.Current:1749[1>0];Ensembl.HGNC:223545[3>0]
uc001mmd.5	Ensembl.UCSC:188761[3];Ensembl.UCSC:188761[3>0]	ENSG00000110693	CURATED:231[0];HGNC.Current:37140[1];HGNC.Current:37140[1>0];Ensembl.HGNC:188565[3>0]
uc001mmf.4	Ensembl.UCSC:188743[3];Ensembl.UCSC:188743[3>0]	ENSG00000110693	CURATED:231[0];HGNC.Current:37140[1];HGNC.Current:37140[1>0];Ensembl.HGNC:188565[3>0]
uc001mmg.3	Ensembl.UCSC:188845[3];Ensembl.UCSC:188845[3>0]	ENSG00000110693	CURATED:231[0];HGNC.Current:37140[1];HGNC.Current:37140[1>0];Ensembl.HGNC:188565[3>0]
uc001mmh.2	Ensembl.UCSC:188804[3];Ensembl.UCSC:188804[3>0]	ENSG00000110693	CURATED:231[0];HGNC.Current:37140[1];HGNC.Current:37140[1>0];Ensembl.HGNC:188565[3>0]
uc001mmj.4	Ensembl.UCSC:188811[3];Ensembl.UCSC:188811[3>0]	ENSG00000110693	CURATED:231[0];HGNC.Current:37140[1];HGNC.Current:37140[1>0];Ensembl.HGNC:188565[3>0]
uc001mte.7	Ensembl.UCSC:218555[3];Ensembl.UCSC:218555[3>0]	ENSG00000007372	CURATED:198[0];HGNC.Current:24887[1];HGNC.Current:24887[1>0];Ensembl.HGNC:216546[3>0]
uc001mtf.7	Ensembl.UCSC:218522[3];Ensembl.UCSC:218522[3>0]	ENSG00000007372	CURATED:198[0];HGNC.Current:24887[1];HGNC.Current:24887[1>0];Ensembl.HGNC:216546[3>0]
uc001mtg.7	Ensembl.UCSC:218515[3];Ensembl.UCSC:218515[3>0]	ENSG00000007372	CURATED:198[0];HGNC.Current:24887[1];HGNC.Current:24887[1>0];Ensembl.HGNC:216546[3>0]
uc001mth.7	Ensembl.UCSC:218543[3];Ensembl.UCSC:218543[3>0]	ENSG00000007372	CURATED:198[0];HGNC.Current:24887[1];HGNC.Current:24887[1>0];Ensembl.HGNC:216546[3>0]
uc001mvc.5	Ensembl.UCSC:238589[3];Ensembl.UCSC:238589[3>0]	ENSG00000135363	CURATED:153[0];HGNC.Current:17420[1];HGNC.Current:17420[1>0];Ensembl.HGNC:238384[3>0]
uc001mve.5	Ensembl.UCSC:238615[3];Ensembl.UCSC:238615[3>0]	ENSG00000135363	CURATED:153[0];HGNC.Current:17420[1];HGNC.Current:17420[1>0];Ensembl.HGNC:238384[3>0]
uc001nfb.2	Ensembl.UCSC:255810[3];Ensembl.UCSC:255810[3>0]	ENSG00000066336	CURATED:239[0];HGNC.Current:37337[1];HGNC.Current:37337[1>0];Ensembl.HGNC:255480[3>0]
uc001nfc.3	Ensembl.UCSC:255783[3];Ensembl.UCSC:255783[3>0]	ENSG00000066336	CURATED:239[0];HGNC.Current:37337[1];HGNC.Current:37337[1>0];Ensembl.HGNC:255480[3>0]
uc001pop.5	Ensembl.UCSC:163365[3];Ensembl.UCSC:163365[3>0]	ENSG00000109906	CURATED:269[0];HGNC.Current:42806[1];HGNC.Current:42806[1>0];Ensembl.HGNC:163499[3>0]
uc001poq.4	Ensembl.UCSC:163395[3];Ensembl.UCSC:163395[3>0]	ENSG00000109906	CURATED:269[0];HGNC.Current:42806[1];HGNC.Current:42806[1>0];Ensembl.HGNC:163499[3>0]
uc001qej.3	Ensembl.UCSC:242364[3];Ensembl.UCSC:242364[3>0]	ENSG00000134954	CURATED:50[0];HGNC.Current:8351[1];HGNC.Current:8351[1>0];Ensembl.HGNC:242014[3>0]
uc001qtf.5	Ensembl.UCSC:28837[3];Ensembl.UCSC:28837[3>0]	ENSG00000187569	CURATED:32[0];HGNC.Current:7047[1];HGNC.Current:7047[1>0];Ensembl.HGNC:29231[3>0]
uc001qzz.5	Ensembl.UCSC:20581[3];Ensembl.UCSC:20581[3>0]	ENSG00000139083	CURATED:54[0];HGNC.Current:8363[1];HGNC.Current:8363[1>0];Ensembl.HGNC:20793[3>0]
uc001scd.4	Ensembl.UCSC:49209[3];Ensembl.UCSC:49209[3>0]	ENSG00000172819	CURATED:208[0];HGNC.Current:27805[1];HGNC.Current:27805[1>0];Ensembl.HGNC:49004[3>0]
uc001scf.5	Ensembl.UCSC:49180[3];Ensembl.UCSC:49180[3>0]	ENSG00000172819	CURATED:208[0];HGNC.Current:27805[1];HGNC.Current:27805[1>0];Ensembl.HGNC:49004[3>0]
uc001scg.4	Ensembl.UCSC:49524[3];Ensembl.UCSC:49524[3>0]	ENSG00000172819	CURATED:208[0];HGNC.Current:27805[1];HGNC.Current:27805[1>0];Ensembl.HGNC:49004[3>0]
uc001seq.5	Ensembl.UCSC:235309[3];Ensembl.UCSC:235309[3>0]	ENSG00000180806	CURATED:117[0];HGNC.Current:12174[1];HGNC.Current:12174[1>0];Ensembl.HGNC:235085[3>0]
uc001ser.5	Ensembl.UCSC:235313[3];Ensembl.UCSC:235313[3>0]	ENSG00000037965	CURATED:116[0];HGNC.Current:12173[1];HGNC.Current:12173[1>0];Ensembl.HGNC:235091[3>0]
uc001sew.5	Ensembl.UCSC:241664[3];Ensembl.UCSC:241664[3>0]	ENSG00000172789	CURATED:115[0];HGNC.Current:12171[1];HGNC.Current:12171[1>0];Ensembl.HGNC:241442[3>0]
uc001sfq.5	Ensembl.UCSC:162704[3];Ensembl.UCSC:162704[3>0]	ENSG00000123405	CURATED:181[0];HGNC.Current:22656[1];HGNC.Current:22656[1>0];Ensembl.HGNC:162846[3>0]
uc001sfr.7	Ensembl.UCSC:162708[3];Ensembl.UCSC:162708[3>0]	ENSG00000123405	CURATED:181[0];HGNC.Current:22656[1];HGNC.Current:22656[1>0];Ensembl.HGNC:162846[3>0]
uc001tae.6	Ensembl.UCSC:50772[3];Ensembl.UCSC:50772[3>0]	ENSG00000180318	CURATED:3[0];HGNC.Current:936[1];HGNC.Current:936[1>0];Ensembl.HGNC:51228[3>0]
uc001teo.3	Ensembl.UCSC:55886[3];Ensembl.UCSC:55886[3>0]	ENSG00000111145	CURATED:44[0];HGNC.Current:7827[1];HGNC.Current:7827[1>0];Ensembl.HGNC:56353[3>0]
uc001tkl.3	Ensembl.UCSC:170161[3];Ensembl.UCSC:170161[3>0]	ENSG00000120837	CURATED:185[0];HGNC.Current:22690[1];HGNC.Current:22690[1>0];Ensembl.HGNC:170326[3>0]
uc001tvo.6	Ensembl.UCSC:105686[3];Ensembl.UCSC:105686[3>0]	ENSG00000089225	CURATED:250[0];HGNC.Current:38456[1];HGNC.Current:38456[1>0];Ensembl.HGNC:105693[3>0]
uc001tvp.4	Ensembl.UCSC:105713[3];Ensembl.UCSC:105713[3>0]	ENSG00000089225	CURATED:250[0];HGNC.Current:38456[1];HGNC.Current:38456[1>0];Ensembl.HGNC:105693[3>0]
uc001tvq.4	Ensembl.UCSC:105709[3];Ensembl.UCSC:105709[3>0]	ENSG00000089225	CURATED:250[0];HGNC.Current:38456[1];HGNC.Current:38456[1>0];Ensembl.HGNC:105693[3>0]
uc001tvt.2	Ensembl.UCSC:101305[3];Ensembl.UCSC:101305[3>0]	ENSG00000135111	CURATED:248[0];HGNC.Current:38453[1];HGNC.Current:38453[1>0];Ensembl.HGNC:101417[3>0]
uc001tvu.2	Ensembl.UCSC:101298[3];Ensembl.UCSC:101298[3>0]	ENSG00000135111	CURATED:248[0];HGNC.Current:38453[1];HGNC.Current:38453[1>0];Ensembl.HGNC:101417[3>0]
uc001urg.3	Ensembl.UCSC:55996[3];Ensembl.UCSC:55996[3>0]	ENSG00000122034	CURATED:87[0];HGNC.Current:11034[1];HGNC.Current:11034[1>0];Ensembl.HGNC:56375[3>0]
uc001urv.6	Ensembl.UCSC:44107[3];Ensembl.UCSC:44107[3>0]	ENSG00000165556	CURATED:16[0];HGNC.Current:4223[1];HGNC.Current:4223[1>0];Ensembl.HGNC:44351[3>0]
uc001uxl.6	Ensembl.UCSC:3976[3];Ensembl.UCSC:3976[3>0]	ENSG00000150907	CURATED:70[0];HGNC.Current:9471[1];HGNC.Current:9471[1>0];Ensembl.HGNC:4000[3>0]
uc001uxs.5	Ensembl.UCSC:2758[3];Ensembl.UCSC:2758[3>0]	ENSG00000120690	CURATED:42[0];HGNC.Current:7810[1];HGNC.Current:7810[1>0];Ensembl.HGNC:2739[3>0]
uc001vjd.5	Ensembl.UCSC:3019[3];Ensembl.UCSC:3019[3>0]	ENSG00000102554	CURATED:23[0];HGNC.Current:4824[1];HGNC.Current:14133[8>1];HGNC.Current:14133[1];HGNC.Current:14133[1>0];Ensembl.HGNC:2993[3>0]
uc001vje.5	Ensembl.UCSC:3015[3];Ensembl.UCSC:3015[3>0]	ENSG00000102554	CURATED:23[0];HGNC.Current:4824[1];HGNC.Current:14133[8>1];HGNC.Current:14133[1];HGNC.Current:14133[1>0];Ensembl.HGNC:2993[3>0]
uc001vsb.3	Ensembl.UCSC:4726[3];Ensembl.UCSC:4726[3>0]	ENSG00000182968	CURATED:225[0];HGNC.Current:37131[1];HGNC.Current:37131[1>0];Ensembl.HGNC:4791[3>0]
uc001vtv.4	Ensembl.UCSC:18150[3];Ensembl.UCSC:18150[3>0]	ENSG00000198176	CURATED:258[0];HGNC.Current:38720[1];HGNC.Current:38720[1>0];Ensembl.HGNC:18429[3>0]
uc001vtw.5	Ensembl.UCSC:18248[3];Ensembl.UCSC:18248[3>0]	ENSG00000198176	CURATED:258[0];HGNC.Current:38720[1];HGNC.Current:38720[1>0];Ensembl.HGNC:18429[3>0]
uc001wiv.4	Ensembl.UCSC:170980[3];Ensembl.UCSC:170980[3>0]	ENSG00000092067	CURATED:21[0];HGNC.Current:4284[1];HGNC.Current:4284[1>0];Ensembl.HGNC:171124[3>0]
uc001wuf.7	Ensembl.UCSC:169737[3];Ensembl.UCSC:169737[3>0]	ENSG00000129514	CURATED:60[0];HGNC.Current:9420[1];HGNC.Current:9420[1>0];Ensembl.HGNC:169876[3>0]
uc001xcp.6	Ensembl.UCSC:116869[3];Ensembl.UCSC:116869[3>0]	ENSG00000165588	CURATED:194[0];HGNC.Current:24603[1];HGNC.Current:24603[1>0];Ensembl.HGNC:116891[3>0]
uc001xcq.6	Ensembl.UCSC:116840[3];Ensembl.UCSC:116840[3>0]	ENSG00000165588	CURATED:194[0];HGNC.Current:24603[1];HGNC.Current:24603[1>0];Ensembl.HGNC:116891[3>0]
uc001xrn.5	Ensembl.UCSC:13270[3];Ensembl.UCSC:13270[3>0]	ENSG00000170345	CURATED:57[0];HGNC.Current:9414[1];HGNC.Current:9414[1>0];Ensembl.HGNC:13428[3>0]
uc001xrr.6	Ensembl.UCSC:78117[3];Ensembl.UCSC:78117[3>0]	ENSG00000156127	CURATED:11[0];HGNC.Current:2257[1];HGNC.Current:2257[1>0];Ensembl.HGNC:78242[3>0]
uc001ydu.5	Ensembl.UCSC:76794[3];Ensembl.UCSC:76794[3>0]	ENSG00000133937	CURATED:86[0];HGNC.Current:10922[1];HGNC.Current:10922[1>0];Ensembl.HGNC:76972[3>0]
uc001yga.6	Ensembl.UCSC:178565[3];Ensembl.UCSC:178565[3>0]	ENSG00000127152	CURATED:13[0];HGNC.Current:2343[1];HGNC.Current:2343[1>0];Ensembl.HGNC:178608[3>0]
uc001ygb.5	Ensembl.UCSC:178555[3];Ensembl.UCSC:178555[3>0]	ENSG00000127152	CURATED:13[0];HGNC.Current:2343[1];HGNC.Current:2343[1>0];Ensembl.HGNC:178608[3>0]
uc001zfo.5	Ensembl.UCSC:98368[3];Ensembl.UCSC:98368[3>0]	ENSG00000169926	CURATED:141[0];HGNC.Current:14146[1];HGNC.Current:14146[1>0];Ensembl.HGNC:98850[3>0]
uc001zfp.2	Ensembl.UCSC:98381[3];Ensembl.UCSC:98381[3>0]	ENSG00000169926	CURATED:141[0];HGNC.Current:14146[1];HGNC.Current:14146[1>0];Ensembl.HGNC:98850[3>0]
uc001zjl.4	Ensembl.UCSC:177072[3];Ensembl.UCSC:177072[3>0]	ENSG00000134138	CURATED:165[0];HGNC.Current:18402[1];HGNC.Current:18402[1>0];Ensembl.HGNC:176618[3>0]
uc001zjm.4	Ensembl.UCSC:177094[3];Ensembl.UCSC:177094[3>0]	ENSG00000134138	CURATED:165[0];HGNC.Current:18402[1];HGNC.Current:18402[1>0];Ensembl.HGNC:176618[3>0]
uc001zjo.5	Ensembl.UCSC:177099[3];Ensembl.UCSC:177099[3>0]	ENSG00000134138	CURATED:165[0];HGNC.Current:18402[1];HGNC.Current:18402[1>0];Ensembl.HGNC:176618[3>0]
uc001zjr.6	Ensembl.UCSC:176983[3];Ensembl.UCSC:176983[3>0]	ENSG00000134138	CURATED:165[0];HGNC.Current:18402[1];HGNC.Current:18402[1>0];Ensembl.HGNC:176618[3>0]
uc001zjt.4	Ensembl.UCSC:177008[3];Ensembl.UCSC:177008[3>0]	ENSG00000134138	CURATED:165[0];HGNC.Current:18402[1];HGNC.Current:18402[1>0];Ensembl.HGNC:176618[3>0]
uc001zju.4	Ensembl.UCSC:177034[3];Ensembl.UCSC:177034[3>0]	ENSG00000134138	CURATED:165[0];HGNC.Current:18402[1];HGNC.Current:18402[1>0];Ensembl.HGNC:176618[3>0]
uc002agt.5	Ensembl.UCSC:40909[3];Ensembl.UCSC:40909[3>0]	ENSG00000069667	CURATED:211[0];HGNC.Current:32134[1];HGNC.Current:32134[1>0];Ensembl.HGNC:40538[3>0]
uc002agv.4	Ensembl.UCSC:40892[3];Ensembl.UCSC:40892[3>0]	ENSG00000069667	CURATED:211[0];HGNC.Current:32134[1];HGNC.Current:32134[1>0];Ensembl.HGNC:40538[3>0]
uc002agw.4	Ensembl.UCSC:40879[3];Ensembl.UCSC:40879[3>0]	ENSG00000069667	CURATED:211[0];HGNC.Current:32134[1];HGNC.Current:32134[1>0];Ensembl.HGNC:40538[3>0]
uc002agx.5	Ensembl.UCSC:40845[3];Ensembl.UCSC:40845[3>0]	ENSG00000069667	CURATED:211[0];HGNC.Current:32134[1];HGNC.Current:32134[1>0];Ensembl.HGNC:40538[3>0]
uc002asl.4	Ensembl.UCSC:138566[3];Ensembl.UCSC:138566[3>0]	ENSG00000140332	CURATED:261[0];HGNC.Current:38963[1];HGNC.Current:38963[1>0];Ensembl.HGNC:135860[3>0]
uc002asm.4	Ensembl.UCSC:138348[3];Ensembl.UCSC:138348[3>0]	ENSG00000140332	CURATED:261[0];HGNC.Current:38963[1];HGNC.Current:38963[1>0];Ensembl.HGNC:135860[3>0]
uc002asn.4	Ensembl.UCSC:138354[3];Ensembl.UCSC:138354[3>0]	ENSG00000140332	CURATED:261[0];HGNC.Current:38963[1];HGNC.Current:38963[1>0];Ensembl.HGNC:135860[3>0]
uc002aso.4	Ensembl.UCSC:138827[3];Ensembl.UCSC:138827[3>0]	ENSG00000140332	CURATED:261[0];HGNC.Current:38963[1];HGNC.Current:38963[1>0];Ensembl.HGNC:135860[3>0]
uc002asp.4	Ensembl.UCSC:138575[3];Ensembl.UCSC:138575[3>0]	ENSG00000140332	CURATED:261[0];HGNC.Current:38963[1];HGNC.Current:38963[1>0];Ensembl.HGNC:135860[3>0]
uc002ayd.5	Ensembl.UCSC:110315[3];Ensembl.UCSC:110315[3>0]	ENSG00000179361	CURATED:7[0];HGNC.Current:1543[1];HGNC.Current:1543[1>0];Ensembl.HGNC:110538[3>0]
uc002aye.4	Ensembl.UCSC:110305[3];Ensembl.UCSC:110305[3>0]	ENSG00000179361	CURATED:7[0];HGNC.Current:1543[1];HGNC.Current:1543[1>0];Ensembl.HGNC:110538[3>0]
uc002bol.5	Ensembl.UCSC:144855[3];Ensembl.UCSC:144855[3>0]	ENSG00000166823	CURATED:168[0];HGNC.Current:18430[1];HGNC.Current:18430[1>0];Ensembl.HGNC:145235[3>0]
uc002btp.4	Ensembl.UCSC:47276[3];Ensembl.UCSC:47276[3>0]	ENSG00000185551	CURATED:190[0];HGNC.Current:23168[1];HGNC.Current:23168[1>0];Ensembl.HGNC:47561[3>0]
uc002bve.5	Ensembl.UCSC:175968[3];Ensembl.UCSC:175968[3>0]	ENSG00000068305	CURATED:161[0];HGNC.Current:18376[1];HGNC.Current:18376[1>0];Ensembl.HGNC:175896[3>0]
uc002bvf.4	Ensembl.UCSC:175923[3];Ensembl.UCSC:175923[3>0]	ENSG00000068305	CURATED:161[0];HGNC.Current:18376[1];HGNC.Current:18376[1>0];Ensembl.HGNC:175896[3>0]
uc002dqd.2	Ensembl.UCSC:129080[3];Ensembl.UCSC:129080[3>0]	ENSG00000176046	CURATED:191[0];HGNC.Current:23426[1];HGNC.Current:23426[1>0];Ensembl.HGNC:129412[3>0]
uc002dqe.3	Ensembl.UCSC:129075[3];Ensembl.UCSC:129075[3>0]	ENSG00000176046	CURATED:191[0];HGNC.Current:23426[1];HGNC.Current:23426[1>0];Ensembl.HGNC:129412[3>0]
uc002dwk.1	Ensembl.UCSC:168335[3];Ensembl.UCSC:168335[3>0]	ENSG00000149922	CURATED:251[0];HGNC.Current:38458[1];HGNC.Current:38458[1>0];Ensembl.HGNC:168356[3>0]
uc002eht.3	Ensembl.UCSC:215492[3];Ensembl.UCSC:215492[3>0]	ENSG00000177508	CURATED:133[0];HGNC.Current:13520[1];HGNC.Current:13520[1>0];Ensembl.HGNC:215397[3>0]
uc002ehv.5	Ensembl.UCSC:167745[3];Ensembl.UCSC:167745[3>0]	ENSG00000176842	CURATED:134[0];HGNC.Current:13524[1];HGNC.Current:13524[1>0];Ensembl.HGNC:167880[3>0]
uc002ehw.5	Ensembl.UCSC:167773[3];Ensembl.UCSC:167773[3>0]	ENSG00000176842	CURATED:134[0];HGNC.Current:13524[1];HGNC.Current:13524[1>0];Ensembl.HGNC:167880[3>0]
uc002eot.4	Ensembl.UCSC:121139[3];Ensembl.UCSC:121139[3>0]	ENSG00000217555	CURATED:23[0];HGNC.Current:4824[1];HGNC.Current:4824[1>0];Ensembl.HGNC:121272[3>0]
uc002eou.4	Ensembl.UCSC:121150[3];Ensembl.UCSC:121150[3>0]	ENSG00000217555	CURATED:23[0];HGNC.Current:4824[1];HGNC.Current:4824[1>0];Ensembl.HGNC:121272[3>0]
uc002eov.4	Ensembl.UCSC:121152[3];Ensembl.UCSC:121152[3>0]	ENSG00000217555	CURATED:23[0];HGNC.Current:4824[1];HGNC.Current:4824[1>0];Ensembl.HGNC:121272[3>0]
uc002eow.5	Ensembl.UCSC:121154[3];Ensembl.UCSC:121154[3>0]	ENSG00000217555	CURATED:23[0];HGNC.Current:4824[1];HGNC.Current:4824[1>0];Ensembl.HGNC:121272[3>0]
uc002eox.3	Ensembl.UCSC:121156[3];Ensembl.UCSC:121156[3>0]	ENSG00000217555	CURATED:23[0];HGNC.Current:4824[1];HGNC.Current:4824[1>0];Ensembl.HGNC:121272[3>0]
uc002erz.5	Ensembl.UCSC:111796[3];Ensembl.UCSC:111796[3>0]	ENSG00000205250	CURATED:35[0];HGNC.Current:7370[1];HGNC.Current:7370[1>0];Ensembl.HGNC:111885[3>0]
uc002evm.3	Ensembl.UCSC:80779[3];Ensembl.UCSC:80779[3>0]	ENSG00000072736	CURATED:180[0];HGNC.Current:22654[1];HGNC.Current:22654[1>0];Ensembl.HGNC:77902[3>0]
uc002evn.3	Ensembl.UCSC:80749[3];Ensembl.UCSC:80749[3>0]	ENSG00000072736	CURATED:180[0];HGNC.Current:22654[1];HGNC.Current:22654[1>0];Ensembl.HGNC:77902[3>0]
uc002evo.4	Ensembl.UCSC:80719[3];Ensembl.UCSC:80719[3>0]	ENSG00000072736	CURATED:180[0];HGNC.Current:22654[1];HGNC.Current:22654[1>0];Ensembl.HGNC:77902[3>0]
uc002exi.5	Ensembl.UCSC:201713[3];Ensembl.UCSC:201713[3>0]	ENSG00000102908	CURATED:179[0];HGNC.Current:22649[1];HGNC.Current:22649[1>0];Ensembl.HGNC:201339[3>0]
uc002exj.4	Ensembl.UCSC:201631[3];Ensembl.UCSC:201631[3>0]	ENSG00000102908	CURATED:179[0];HGNC.Current:22649[1];HGNC.Current:22649[1>0];Ensembl.HGNC:201339[3>0]
uc002exk.4	Ensembl.UCSC:201702[3];Ensembl.UCSC:201702[3>0]	ENSG00000102908	CURATED:179[0];HGNC.Current:22649[1];HGNC.Current:22649[1>0];Ensembl.HGNC:201339[3>0]
uc002exl.4	Ensembl.UCSC:201657[3];Ensembl.UCSC:201657[3>0]	ENSG00000102908	CURATED:179[0];HGNC.Current:22649[1];HGNC.Current:22649[1>0];Ensembl.HGNC:201339[3>0]
uc002exm.3	Ensembl.UCSC:201650[3];Ensembl.UCSC:201650[3>0]	ENSG00000102908	CURATED:179[0];HGNC.Current:22649[1];HGNC.Current:22649[1>0];Ensembl.HGNC:201339[3>0]
uc002exn.3	Ensembl.UCSC:201695[3];Ensembl.UCSC:201695[3>0]	ENSG00000102908	CURATED:179[0];HGNC.Current:22649[1];HGNC.Current:22649[1>0];Ensembl.HGNC:201339[3>0]
uc002fck.5	Ensembl.UCSC:42767[3];Ensembl.UCSC:42767[3>0]	ENSG00000140836	CURATED:273[0];HGNC.Current:42949[1];HGNC.Current:42949[1>0];Ensembl.HGNC:42920[3>0]
uc002fcl.4	Ensembl.UCSC:42780[3];Ensembl.UCSC:42780[3>0]	ENSG00000140836	CURATED:273[0];HGNC.Current:42949[1];HGNC.Current:42949[1>0];Ensembl.HGNC:42920[3>0]
uc002ffm.5	Ensembl.UCSC:34399[3];Ensembl.UCSC:34399[3>0]	ENSG00000178573	CURATED:158[0];HGNC.Current:17873[1];HGNC.Current:17873[1>0];Ensembl.HGNC:34664[3>0]
uc002ffn.4	Ensembl.UCSC:34404[3];Ensembl.UCSC:34404[3>0]	ENSG00000178573	CURATED:158[0];HGNC.Current:17873[1];HGNC.Current:17873[1>0];Ensembl.HGNC:34664[3>0]
uc002fjh.5	Ensembl.UCSC:190468[3];Ensembl.UCSC:190468[3>0]	ENSG00000140968	CURATED:131[0];HGNC.Current:13506[1];HGNC.Current:13506[1>0];Ensembl.HGNC:190659[3>0]
uc002fji.4	Ensembl.UCSC:190516[3];Ensembl.UCSC:190516[3>0]	ENSG00000140968	CURATED:131[0];HGNC.Current:13506[1];HGNC.Current:13506[1>0];Ensembl.HGNC:190659[3>0]
uc002fjl.5	Ensembl.UCSC:44109[3];Ensembl.UCSC:44109[3>0]	ENSG00000103241	CURATED:66[0];HGNC.Current:9443[1];HGNC.Current:9443[1>0];Ensembl.HGNC:44356[3>0]
uc002fkv.5	Ensembl.UCSC:185233[3];Ensembl.UCSC:185233[3>0]	ENSG00000179588	CURATED:275[0];HGNC.Current:42980[1];HGNC.Current:42980[1>0];Ensembl.HGNC:185219[3>0]
uc002gkb.4	Ensembl.UCSC:83324[3];Ensembl.UCSC:83324[3>0]	ENSG00000179111	CURATED:94[0];HGNC.Current:11569[1];HGNC.Current:11569[1>0];Ensembl.HGNC:83428[3>0]
uc002gkc.4	Ensembl.UCSC:83329[3];Ensembl.UCSC:83329[3>0]	ENSG00000179111	CURATED:94[0];HGNC.Current:11569[1];HGNC.Current:11569[1>0];Ensembl.HGNC:83428[3>0]
uc002huk.4	Ensembl.UCSC:42976[3];Ensembl.UCSC:42976[3>0]	ENSG00000131759	CURATED:206[0];HGNC.Current:27801[1];HGNC.Current:27801[1>0];Ensembl.HGNC:42605[3>0]
uc002hul.5	Ensembl.UCSC:42985[3];Ensembl.UCSC:42985[3>0]	ENSG00000131759	CURATED:206[0];HGNC.Current:27801[1];HGNC.Current:27801[1>0];Ensembl.HGNC:42605[3>0]
uc002hun.3	Ensembl.UCSC:43026[3];Ensembl.UCSC:43026[3>0]	ENSG00000131759	CURATED:206[0];HGNC.Current:27801[1];HGNC.Current:27801[1>0];Ensembl.HGNC:42605[3>0]
uc002hzj.3	Ensembl.UCSC:158269[3];Ensembl.UCSC:158269[3>0]	ENSG00000126561	CURATED:244[0];HGNC.Current:37782[1];HGNC.Current:37782[1>0];Ensembl.HGNC:157910[3>0]
uc002hzl.3	Ensembl.UCSC:266245[3];Ensembl.UCSC:266245[3>0]	ENSG00000168610	CURATED:242[0];HGNC.Current:37779[1];HGNC.Current:37779[1>0];Ensembl.HGNC:265687[3>0]
uc002hzm.2	Ensembl.UCSC:266336[3];Ensembl.UCSC:266336[3>0]	ENSG00000168610	CURATED:242[0];HGNC.Current:37779[1];HGNC.Current:37779[1>0];Ensembl.HGNC:265687[3>0]
uc002hzn.2	Ensembl.UCSC:266325[3];Ensembl.UCSC:266325[3>0]	ENSG00000168610	CURATED:242[0];HGNC.Current:37779[1];HGNC.Current:37779[1>0];Ensembl.HGNC:265687[3>0]
uc002idz.5	Ensembl.UCSC:249767[3];Ensembl.UCSC:249767[3>0]	ENSG00000005102	CURATED:166[0];HGNC.Current:18417[1];HGNC.Current:18417[1>0];Ensembl.HGNC:249646[3>0]
uc002ieb.4	Ensembl.UCSC:249778[3];Ensembl.UCSC:249778[3>0]	ENSG00000005102	CURATED:166[0];HGNC.Current:18417[1];HGNC.Current:18417[1>0];Ensembl.HGNC:249646[3>0]
uc002ilv.2	Ensembl.UCSC:123741[3];Ensembl.UCSC:123741[3>0]	ENSG00000073861	CURATED:247[0];HGNC.Current:38465[1];HGNC.Current:38465[1>0];Ensembl.HGNC:123898[3>0]
uc002img.4	Ensembl.UCSC:259230[3];Ensembl.UCSC:259230[3>0]	ENSG00000189120	CURATED:237[0];HGNC.Current:37165[1];HGNC.Current:37165[1>0];Ensembl.HGNC:259036[3>0]
uc002imh.2	Ensembl.UCSC:259233[3];Ensembl.UCSC:259233[3>0]	ENSG00000189120	CURATED:237[0];HGNC.Current:37165[1];HGNC.Current:37165[1>0];Ensembl.HGNC:259036[3>0]
uc002ink.3	Ensembl.UCSC:245189[3];Ensembl.UCSC:245189[3>0]	ENSG00000120094	CURATED:110[0];HGNC.Current:12156[1];HGNC.Current:12156[1>0];Ensembl.HGNC:244944[3>0]
uc002inp.5	Ensembl.UCSC:245309[3];Ensembl.UCSC:245309[3>0]	ENSG00000182742	CURATED:111[0];HGNC.Current:12159[1];HGNC.Current:12159[1>0];Ensembl.HGNC:245107[3>0]
uc002inr.5	Ensembl.UCSC:245312[3];Ensembl.UCSC:245312[3>0]	ENSG00000120075	CURATED:112[0];HGNC.Current:12160[1];HGNC.Current:12160[1>0];Ensembl.HGNC:245119[3>0]
uc002ins.3	Ensembl.UCSC:245313[3];Ensembl.UCSC:245313[3>0]	ENSG00000108511	CURATED:113[0];HGNC.Current:12161[1];HGNC.Current:12161[1>0];Ensembl.HGNC:245120[3>0]
uc002inx.5	Ensembl.UCSC:245343[3];Ensembl.UCSC:245343[3>0]	ENSG00000170689	CURATED:114[0];HGNC.Current:12164[1];HGNC.Current:12164[1>0];Ensembl.HGNC:245139[3>0]
uc002ipy.3	Ensembl.UCSC:74300[3];Ensembl.UCSC:74300[3>0]	ENSG00000064195	CURATED:28[0];HGNC.Current:6740[1];HGNC.Current:6740[1>0];Ensembl.HGNC:74615[3>0]
uc002iug.3	Ensembl.UCSC:252611[3];Ensembl.UCSC:252611[3>0]	ENSG00000108924	CURATED:97[0];HGNC.Current:11726[1];HGNC.Current:11726[1>0];Ensembl.HGNC:252335[3>0]
uc002iuh.3	Ensembl.UCSC:252623[3];Ensembl.UCSC:252623[3>0]	ENSG00000108924	CURATED:97[0];HGNC.Current:11726[1];HGNC.Current:11726[1>0];Ensembl.HGNC:252335[3>0]
uc002izi.3	Ensembl.UCSC:256076[3];Ensembl.UCSC:256076[3>0]	ENSG00000121075	CURATED:249[0];HGNC.Current:38455[1];HGNC.Current:38455[1>0];Ensembl.HGNC:255722[3>0]
uc002izk.4	Ensembl.UCSC:174603[3];Ensembl.UCSC:174603[3>0]	ENSG00000136492	CURATED:10[0];HGNC.Current:2206[1];HGNC.Current:2696[8>1];HGNC.Current:2696[1];HGNC.Current:2696[1>0];Ensembl.HGNC:174538[3>0]
uc002izl.2	Ensembl.UCSC:174668[3];Ensembl.UCSC:174668[3>0]	ENSG00000136492	CURATED:10[0];HGNC.Current:2206[1];HGNC.Current:2696[8>1];HGNC.Current:2696[1];HGNC.Current:2696[1>0];Ensembl.HGNC:174538[3>0]
uc002jiw.5	Ensembl.UCSC:72140[3];Ensembl.UCSC:72140[3>0]	ENSG00000125398	CURATED:233[0];HGNC.Current:37143[1];HGNC.Current:37143[1>0];Ensembl.HGNC:72413[3>0]
uc002jqx.5	Ensembl.UCSC:119619[3];Ensembl.UCSC:119619[3>0]	ENSG00000129654	CURATED:68[0];HGNC.Current:9452[1];HGNC.Current:9452[1>0];Ensembl.HGNC:119773[3>0]
uc002jvl.4	Ensembl.UCSC:214906[3];Ensembl.UCSC:214906[3>0]	ENSG00000184557	CURATED:224[0];HGNC.Current:37079[1];HGNC.Current:37079[1>0];Ensembl.HGNC:214861[3>0]
uc002kcm.4	Ensembl.UCSC:143686[3];Ensembl.UCSC:143686[3>0]	ENSG00000197063	CURATED:160[0];HGNC.Current:17880[1];HGNC.Current:17880[1>0];Ensembl.HGNC:144002[3>0]
uc002kcn.5	Ensembl.UCSC:143680[3];Ensembl.UCSC:143680[3>0]	ENSG00000197063	CURATED:160[0];HGNC.Current:17880[1];HGNC.Current:17880[1>0];Ensembl.HGNC:144002[3>0]
uc002ktt.4	Ensembl.UCSC:21512[3];Ensembl.UCSC:21512[3>0]	ENSG00000141448	CURATED:81[0];HGNC.Current:10074[1];HGNC.Current:10074[1>0];Ensembl.HGNC:21659[3>0]
uc002ktu.3	Ensembl.UCSC:21517[3];Ensembl.UCSC:21517[3>0]	ENSG00000141448	CURATED:81[0];HGNC.Current:10074[1];HGNC.Current:10074[1>0];Ensembl.HGNC:21659[3>0]
uc002lfw.5	Ensembl.UCSC:18498[3];Ensembl.UCSC:18498[3>0]	ENSG00000196628	CURATED:254[0];HGNC.Current:38510[1];HGNC.Current:38510[1>0];Ensembl.HGNC:12536[3>0]
uc002lfx.3	Ensembl.UCSC:18564[3];Ensembl.UCSC:18564[3>0]	ENSG00000196628	CURATED:254[0];HGNC.Current:38510[1];HGNC.Current:38510[1>0];Ensembl.HGNC:12536[3>0]
uc002lfy.3	Ensembl.UCSC:18503[3];Ensembl.UCSC:18503[3>0]	ENSG00000196628	CURATED:254[0];HGNC.Current:38510[1];HGNC.Current:38510[1>0];Ensembl.HGNC:12536[3>0]
uc002lfz.3	Ensembl.UCSC:18044[3];Ensembl.UCSC:18044[3>0]	ENSG00000196628	CURATED:254[0];HGNC.Current:38510[1];HGNC.Current:38510[1>0];Ensembl.HGNC:12536[3>0]
uc002lga.4	Ensembl.UCSC:18680[3];Ensembl.UCSC:18680[3>0]	ENSG00000196628	CURATED:254[0];HGNC.Current:38510[1];HGNC.Current:38510[1>0];Ensembl.HGNC:12536[3>0]
uc002lgc.6	Ensembl.UCSC:18791[3];Ensembl.UCSC:18791[3>0]	ENSG00000196628	CURATED:254[0];HGNC.Current:38510[1];HGNC.Current:38510[1>0];Ensembl.HGNC:12536[3>0]
uc002lql.5	Ensembl.UCSC:19553[3];Ensembl.UCSC:19553[3>0]	ENSG00000116017	CURATED:6[0];HGNC.Current:1542[1];HGNC.Current:1542[1>0];Ensembl.HGNC:19551[3>0]
uc002ltr.5	Ensembl.UCSC:224587[3];Ensembl.UCSC:224587[3>0]	ENSG00000071564	CURATED:253[0];HGNC.Current:38508[1];HGNC.Current:38508[1>0];Ensembl.HGNC:224257[3>0]
uc002ltt.6	Ensembl.UCSC:224644[3];Ensembl.UCSC:224644[3>0]	ENSG00000071564	CURATED:253[0];HGNC.Current:38508[1];HGNC.Current:38508[1>0];Ensembl.HGNC:224257[3>0]
uc002msd.2	Ensembl.UCSC:208865[3];Ensembl.UCSC:208865[3>0]	ENSG00000130165	CURATED:42[0];HGNC.Current:7810[1];HGNC.Current:7894[8>1];HGNC.Current:7894[1];HGNC.Current:7894[1>0];Ensembl.HGNC:208723[3>0]
uc002mse.2	Ensembl.UCSC:208861[3];Ensembl.UCSC:208861[3>0]	ENSG00000130165	CURATED:42[0];HGNC.Current:7810[1];HGNC.Current:7894[8>1];HGNC.Current:7894[1];HGNC.Current:7894[1>0];Ensembl.HGNC:208723[3>0]
uc002mvc.5	Ensembl.UCSC:120240[3];Ensembl.UCSC:120240[3>0]	ENSG00000171223	CURATED:137[0];HGNC.Current:13716[1];HGNC.Current:13716[1>0];Ensembl.HGNC:120393[3>0]
uc002mvo.6	Ensembl.UCSC:176263[3];Ensembl.UCSC:176263[3>0]	ENSG00000105610	CURATED:139[0];HGNC.Current:14120[1];HGNC.Current:14120[1>0];Ensembl.HGNC:176476[3>0]
uc002mwi.5	Ensembl.UCSC:98072[3];Ensembl.UCSC:98072[3>0]	ENSG00000104903	CURATED:157[0];HGNC.Current:17792[1];HGNC.Current:17792[1>0];Ensembl.HGNC:98495[3>0]
uc002ndw.5	Ensembl.UCSC:243911[3];Ensembl.UCSC:243911[3>0]	ENSG00000127528	CURATED:142[0];HGNC.Current:14121[1];HGNC.Current:14121[1>0];Ensembl.HGNC:243641[3>0]
uc002nip.5	Ensembl.UCSC:91598[3];Ensembl.UCSC:91598[3>0]	ENSG00000130522	CURATED:138[0];HGNC.Current:13717[1];HGNC.Current:13717[1>0];Ensembl.HGNC:92038[3>0]
uc002nun.5	Ensembl.UCSC:226675[3];Ensembl.UCSC:226675[3>0]	ENSG00000245848	CURATED:18[0];HGNC.Current:4279[1];HGNC.Current:4279[1>0];Ensembl.HGNC:226663[3>0]
uc002nyq.3	Ensembl.UCSC:207215[3];Ensembl.UCSC:207215[3>0]	ENSG00000105698	CURATED:266[0];HGNC.Current:41753[1];HGNC.Current:41753[1>0];Ensembl.HGNC:206880[3>0]
uc002nyr.2	Ensembl.UCSC:207224[3];Ensembl.UCSC:207224[3>0]	ENSG00000105698	CURATED:266[0];HGNC.Current:41753[1];HGNC.Current:41753[1>0];Ensembl.HGNC:206880[3>0]
uc002nyt.2	Ensembl.UCSC:207236[3];Ensembl.UCSC:207236[3>0]	ENSG00000105698	CURATED:266[0];HGNC.Current:41753[1];HGNC.Current:41753[1>0];Ensembl.HGNC:206880[3>0]
uc002oar.2	Ensembl.UCSC:200436[3];Ensembl.UCSC:200436[3>0]	ENSG00000105672	CURATED:52[0];HGNC.Current:8357[1];HGNC.Current:8357[1>0];Ensembl.HGNC:200549[3>0]
uc002oas.2	Ensembl.UCSC:200433[3];Ensembl.UCSC:200433[3>0]	ENSG00000105672	CURATED:52[0];HGNC.Current:8357[1];HGNC.Current:8357[1>0];Ensembl.HGNC:200549[3>0]
uc002oat.3	Ensembl.UCSC:200455[3];Ensembl.UCSC:200455[3>0]	ENSG00000105672	CURATED:52[0];HGNC.Current:8357[1];HGNC.Current:8357[1>0];Ensembl.HGNC:200549[3>0]
uc002oau.2	Ensembl.UCSC:200394[3];Ensembl.UCSC:200394[3>0]	ENSG00000105672	CURATED:52[0];HGNC.Current:8357[1];HGNC.Current:8357[1>0];Ensembl.HGNC:200549[3>0]
uc002osn.4	Ensembl.UCSC:191141[3];Ensembl.UCSC:191141[3>0]	ENSG00000028277	CURATED:202[0];HGNC.Current:26332[1];HGNC.Current:26332[1>0];Ensembl.HGNC:190104[3>0]
uc002osp.4	Ensembl.UCSC:191177[3];Ensembl.UCSC:191177[3>0]	ENSG00000028277	CURATED:202[0];HGNC.Current:26332[1];HGNC.Current:26332[1>0];Ensembl.HGNC:190104[3>0]
uc002osq.4	Ensembl.UCSC:191188[3];Ensembl.UCSC:191188[3>0]	ENSG00000028277	CURATED:202[0];HGNC.Current:26332[1];HGNC.Current:26332[1>0];Ensembl.HGNC:190104[3>0]
uc002osr.3	Ensembl.UCSC:191246[3];Ensembl.UCSC:191246[3>0]	ENSG00000028277	CURATED:202[0];HGNC.Current:26332[1];HGNC.Current:26332[1>0];Ensembl.HGNC:190104[3>0]
uc002pbw.4	Ensembl.UCSC:236843[3];Ensembl.UCSC:236843[3>0]	ENSG00000125740	CURATED:58[0];HGNC.Current:9415[1];HGNC.Current:9415[1>0];Ensembl.HGNC:236716[3>0]
uc002pbx.6	Ensembl.UCSC:236845[3];Ensembl.UCSC:236845[3>0]	ENSG00000125740	CURATED:58[0];HGNC.Current:9415[1];HGNC.Current:9415[1>0];Ensembl.HGNC:236716[3>0]
uc002pby.5	Ensembl.UCSC:236830[3];Ensembl.UCSC:236830[3>0]	ENSG00000125740	CURATED:58[0];HGNC.Current:9415[1];HGNC.Current:9415[1>0];Ensembl.HGNC:236716[3>0]
uc002psd.5	Ensembl.UCSC:169818[3];Ensembl.UCSC:169818[3>0]	ENSG00000269404	CURATED:240[0];HGNC.Current:37338[1];HGNC.Current:37338[1>0];Ensembl.HGNC:169888[3>0]
uc002pse.4	Ensembl.UCSC:169842[3];Ensembl.UCSC:169842[3>0]	ENSG00000269404	CURATED:240[0];HGNC.Current:37338[1];HGNC.Current:37338[1>0];Ensembl.HGNC:169888[3>0]
uc002qza.4	Ensembl.UCSC:220901[3];Ensembl.UCSC:220901[3>0]	ENSG00000115738	CURATED:122[0];HGNC.Current:12531[1];HGNC.Current:12531[1>0];Ensembl.HGNC:220791[3>0]
uc002rma.5	Ensembl.UCSC:255165[3];Ensembl.UCSC:255165[3>0]	ENSG00000075426	CURATED:59[0];HGNC.Current:9418[1];HGNC.Current:9418[1>0];Ensembl.HGNC:254874[3>0]
uc002rpz.6	Ensembl.UCSC:111807[3];Ensembl.UCSC:111807[3>0]	ENSG00000115816	CURATED:22[0];HGNC.Current:4286[1];HGNC.Current:4286[1>0];Ensembl.HGNC:111824[3>0]
uc002rsv.6	Ensembl.UCSC:267625[3];Ensembl.UCSC:267625[3>0]	ENSG00000152518	CURATED:274[0];HGNC.Current:42963[1];HGNC.Current:42963[1>0];Ensembl.HGNC:267292[3>0]
uc002run.3	Ensembl.UCSC:270393[3];Ensembl.UCSC:270393[3>0]	ENSG00000138083	CURATED:221[0];HGNC.Current:35457[1];HGNC.Current:35457[1>0];Ensembl.HGNC:270022[3>0]
uc002ruv.4	Ensembl.UCSC:52261[3];Ensembl.UCSC:52261[3>0]	ENSG00000116016	CURATED:48[0];HGNC.Current:8043[1];HGNC.Current:8043[1>0];Ensembl.HGNC:52410[3>0]
uc002rwh.3	Ensembl.UCSC:229952[3];Ensembl.UCSC:229952[3>0]	ENSG00000170802	CURATED:69[0];HGNC.Current:9464[1];HGNC.Current:9464[1>0];Ensembl.HGNC:229707[3>0]
uc002sab.5	Ensembl.UCSC:53885[3];Ensembl.UCSC:53885[3>0]	ENSG00000119866	CURATED:12[0];HGNC.Current:2342[1];HGNC.Current:2342[1>0];Ensembl.HGNC:53924[3>0]
uc002sac.5	Ensembl.UCSC:53899[3];Ensembl.UCSC:53899[3>0]	ENSG00000119866	CURATED:12[0];HGNC.Current:2342[1];HGNC.Current:2342[1>0];Ensembl.HGNC:53924[3>0]
uc002sae.4	Ensembl.UCSC:53973[3];Ensembl.UCSC:53973[3>0]	ENSG00000119866	CURATED:12[0];HGNC.Current:2342[1];HGNC.Current:2342[1>0];Ensembl.HGNC:53924[3>0]
uc002saf.3	Ensembl.UCSC:53996[3];Ensembl.UCSC:53996[3>0]	ENSG00000119866	CURATED:12[0];HGNC.Current:2342[1];HGNC.Current:2342[1>0];Ensembl.HGNC:53924[3>0]
uc002scd.5	Ensembl.UCSC:58687[3];Ensembl.UCSC:58687[3>0]	ENSG00000115507	CURATED:193[0];HGNC.Current:24602[1];HGNC.Current:24602[1>0];Ensembl.HGNC:59128[3>0]
uc002sdt.4	Ensembl.UCSC:274866[3];Ensembl.UCSC:274866[3>0]	ENSG00000143995	CURATED:164[0];HGNC.Current:18399[1];HGNC.Current:18399[1>0];Ensembl.HGNC:274483[3>0]
uc002sdu.5	Ensembl.UCSC:274862[3];Ensembl.UCSC:274862[3>0]	ENSG00000143995	CURATED:164[0];HGNC.Current:18399[1];HGNC.Current:18399[1>0];Ensembl.HGNC:274483[3>0]
uc002sfy.5	Ensembl.UCSC:208938[3];Ensembl.UCSC:208938[3>0]	ENSG00000059728	CURATED:173[0];HGNC.Current:21937[1];HGNC.Current:21937[1>0];Ensembl.HGNC:208732[3>0]
uc002soy.5	Ensembl.UCSC:54707[3];Ensembl.UCSC:54707[3>0]	ENSG00000152284	CURATED:253[0];HGNC.Current:38508[1];HGNC.Current:38514[10>1];HGNC.Current:38514[1];HGNC.Current:38514[1>0];Ensembl.HGNC:54909[3>0]
uc002tlm.5	Ensembl.UCSC:63980[3];Ensembl.UCSC:63980[3>0]	ENSG00000163064	CURATED:46[0];HGNC.Current:7952[1];HGNC.Current:7952[1>0];Ensembl.HGNC:64320[3>0]
uc002tvu.5	Ensembl.UCSC:237284[3];Ensembl.UCSC:237284[3>0]	ENSG00000169554	CURATED:272[0];HGNC.Current:42926[1];HGNC.Current:42926[1>0];Ensembl.HGNC:236783[3>0]
uc002tvx.2	Ensembl.UCSC:237391[3];Ensembl.UCSC:237391[3>0]	ENSG00000169554	CURATED:272[0];HGNC.Current:42926[1];HGNC.Current:42926[1>0];Ensembl.HGNC:236783[3>0]
uc002ubo.5	Ensembl.UCSC:228602[3];Ensembl.UCSC:228602[3>0]	ENSG00000153250	CURATED:209[0];HGNC.Current:27978[1];HGNC.Current:27978[1>0];Ensembl.HGNC:228378[3>0]
uc002uge.5	Ensembl.UCSC:251502[3];Ensembl.UCSC:251502[3>0]	ENSG00000204335	CURATED:236[0];HGNC.Current:37164[1];HGNC.Current:37164[1>0];Ensembl.HGNC:251313[3>0]
uc002uig.5	Ensembl.UCSC:217206[3];Ensembl.UCSC:217206[3>0]	ENSG00000172845	CURATED:234[0];HGNC.Current:37161[1];HGNC.Current:37161[1>0];Ensembl.HGNC:217108[3>0]
uc002ukr.4	Ensembl.UCSC:211330[3];Ensembl.UCSC:211330[3>0]	ENSG00000128652	CURATED:118[0];HGNC.Current:12183[1];HGNC.Current:12183[1>0];Ensembl.HGNC:211200[3>0]
uc002uks.5	Ensembl.UCSC:211169[3];Ensembl.UCSC:211169[3>0]	ENSG00000170166	CURATED:119[0];HGNC.Current:12184[1];HGNC.Current:12184[1>0];Ensembl.HGNC:211076[3>0]
uc002ukt.2	Ensembl.UCSC:211346[3];Ensembl.UCSC:211346[3>0]	ENSG00000128652	CURATED:118[0];HGNC.Current:12183[1];HGNC.Current:12183[1>0];Ensembl.HGNC:211200[3>0]
uc002ulg.7	Ensembl.UCSC:261251[3];Ensembl.UCSC:261251[3>0]	ENSG00000116044	CURATED:182[0];HGNC.Current:22659[1];HGNC.Current:22659[1>0];Ensembl.HGNC:260805[3>0]
uc002ulh.7	Ensembl.UCSC:261281[3];Ensembl.UCSC:261281[3>0]	ENSG00000116044	CURATED:182[0];HGNC.Current:22659[1];HGNC.Current:22659[1>0];Ensembl.HGNC:260805[3>0]
uc002uli.6	Ensembl.UCSC:261287[3];Ensembl.UCSC:261287[3>0]	ENSG00000116044	CURATED:182[0];HGNC.Current:22659[1];HGNC.Current:22659[1>0];Ensembl.HGNC:260805[3>0]
uc002usj.4	Ensembl.UCSC:257317[3];Ensembl.UCSC:257317[3>0]	ENSG00000115415	CURATED:241[0];HGNC.Current:37777[1];HGNC.Current:37777[1>0];Ensembl.HGNC:256520[3>0]
uc002usk.3	Ensembl.UCSC:257415[3];Ensembl.UCSC:257415[3>0]	ENSG00000115415	CURATED:241[0];HGNC.Current:37777[1];HGNC.Current:37777[1>0];Ensembl.HGNC:256520[3>0]
uc002usl.3	Ensembl.UCSC:257439[3];Ensembl.UCSC:257439[3>0]	ENSG00000115415	CURATED:241[0];HGNC.Current:37777[1];HGNC.Current:37777[1>0];Ensembl.HGNC:256520[3>0]
uc002usm.4	Ensembl.UCSC:272973[3];Ensembl.UCSC:272973[3>0]	ENSG00000138378	CURATED:243[0];HGNC.Current:37780[1];HGNC.Current:37780[1>0];Ensembl.HGNC:272621[3>0]
uc002usn.3	Ensembl.UCSC:272975[3];Ensembl.UCSC:272975[3>0]	ENSG00000138378	CURATED:243[0];HGNC.Current:37780[1];HGNC.Current:37780[1>0];Ensembl.HGNC:272621[3>0]
uc002usp.5	Ensembl.UCSC:273006[3];Ensembl.UCSC:273006[3>0]	ENSG00000138378	CURATED:243[0];HGNC.Current:37780[1];HGNC.Current:37780[1>0];Ensembl.HGNC:272621[3>0]
uc002vbz.4	Ensembl.UCSC:265439[3];Ensembl.UCSC:265439[3>0]	ENSG00000118263	CURATED:147[0];HGNC.Current:14135[1];HGNC.Current:14135[1>0];Ensembl.HGNC:265108[3>0]
uc002vca.3	Ensembl.UCSC:265457[3];Ensembl.UCSC:265457[3>0]	ENSG00000118263	CURATED:147[0];HGNC.Current:14135[1];HGNC.Current:14135[1>0];Ensembl.HGNC:265108[3>0]
uc002vcc.4	Ensembl.UCSC:247360[3];Ensembl.UCSC:247360[3>0]	ENSG00000118260	CURATED:24[0];HGNC.Current:5501[1];HGNC.Current:5501[1>0];Ensembl.HGNC:246988[3>0]
uc002vcd.5	Ensembl.UCSC:247372[3];Ensembl.UCSC:247372[3>0]	ENSG00000118260	CURATED:24[0];HGNC.Current:5501[1];HGNC.Current:5501[1>0];Ensembl.HGNC:246988[3>0]
uc002ven.5	Ensembl.UCSC:274333[3];Ensembl.UCSC:274333[3>0]	ENSG00000030419	CURATED:126[0];HGNC.Current:13182[1];HGNC.Current:13182[1>0];Ensembl.HGNC:273958[3>0]
uc002vmt.3	Ensembl.UCSC:125813[3];Ensembl.UCSC:125813[3>0]	ENSG00000135903	CURATED:196[0];HGNC.Current:24884[1];HGNC.Current:24884[1>0];Ensembl.HGNC:125892[3>0]
uc002vmv.4	Ensembl.UCSC:125820[3];Ensembl.UCSC:125820[3>0]	ENSG00000135903	CURATED:196[0];HGNC.Current:24884[1];HGNC.Current:24884[1>0];Ensembl.HGNC:125892[3>0]
uc002vmw.4	Ensembl.UCSC:125846[3];Ensembl.UCSC:125846[3>0]	ENSG00000135903	CURATED:196[0];HGNC.Current:24884[1];HGNC.Current:24884[1>0];Ensembl.HGNC:125892[3>0]
uc002vmx.4	Ensembl.UCSC:125878[3];Ensembl.UCSC:125878[3>0]	ENSG00000135903	CURATED:196[0];HGNC.Current:24884[1];HGNC.Current:24884[1>0];Ensembl.HGNC:125892[3>0]
uc002vmy.3	Ensembl.UCSC:125894[3];Ensembl.UCSC:125894[3>0]	ENSG00000135903	CURATED:196[0];HGNC.Current:24884[1];HGNC.Current:24884[1>0];Ensembl.HGNC:125892[3>0]
uc002vmz.4	Ensembl.UCSC:125948[3];Ensembl.UCSC:125948[3>0]	ENSG00000135903	CURATED:196[0];HGNC.Current:24884[1];HGNC.Current:24884[1>0];Ensembl.HGNC:125892[3>0]
uc002vna.3	Ensembl.UCSC:125931[3];Ensembl.UCSC:125931[3>0]	ENSG00000135903	CURATED:196[0];HGNC.Current:24884[1];HGNC.Current:24884[1>0];Ensembl.HGNC:125892[3>0]
uc002vvw.3	Ensembl.UCSC:260672[3];Ensembl.UCSC:260672[3>0]	ENSG00000168505	CURATED:82[0];HGNC.Current:10102[1];HGNC.Current:10102[1>0];Ensembl.HGNC:260357[3>0]
uc002vxz.5	Ensembl.UCSC:120522[3];Ensembl.UCSC:120522[3>0]	ENSG00000144485	CURATED:93[0];HGNC.Current:11568[1];HGNC.Current:11568[1>0];Ensembl.HGNC:120592[3>0]
uc002vya.5	Ensembl.UCSC:120534[3];Ensembl.UCSC:120534[3>0]	ENSG00000144485	CURATED:93[0];HGNC.Current:11568[1];HGNC.Current:11568[1>0];Ensembl.HGNC:120592[3>0]
uc002vyb.4	Ensembl.UCSC:120530[3];Ensembl.UCSC:120530[3>0]	ENSG00000144485	CURATED:93[0];HGNC.Current:11568[1];HGNC.Current:11568[1>0];Ensembl.HGNC:120592[3>0]
uc002wdz.5	Ensembl.UCSC:63286[3];Ensembl.UCSC:63286[3>0]	ENSG00000125878	CURATED:252[0];HGNC.Current:38519[1];HGNC.Current:38519[1>0];Ensembl.HGNC:63667[3>0]
uc002wgt.6	Ensembl.UCSC:116666[3];Ensembl.UCSC:116666[3>0]	ENSG00000088881	CURATED:39[0];HGNC.Current:7393[1];HGNC.Current:7393[1>0];Ensembl.HGNC:116723[3>0]
uc002wsm.5	Ensembl.UCSC:107113[3];Ensembl.UCSC:107113[3>0]	ENSG00000125798	CURATED:61[0];HGNC.Current:9421[1];HGNC.Current:9421[1>0];Ensembl.HGNC:107540[3>0]
uc002wsn.4	Ensembl.UCSC:107140[3];Ensembl.UCSC:107140[3>0]	ENSG00000125798	CURATED:61[0];HGNC.Current:9421[1];HGNC.Current:9421[1>0];Ensembl.HGNC:107540[3>0]
uc002wwg.4	Ensembl.UCSC:27344[3];Ensembl.UCSC:27344[3>0]	ENSG00000125968	CURATED:121[0];HGNC.Current:12530[1];HGNC.Current:12530[1>0];Ensembl.HGNC:27803[3>0]
uc002wwh.3	Ensembl.UCSC:27328[3];Ensembl.UCSC:27328[3>0]	ENSG00000125968	CURATED:121[0];HGNC.Current:12530[1];HGNC.Current:12530[1>0];Ensembl.HGNC:27803[3>0]
uc002xji.5	Ensembl.UCSC:41771[3];Ensembl.UCSC:41771[3>0]	ENSG00000204103	CURATED:159[0];HGNC.Current:17878[1];HGNC.Current:17878[1>0];Ensembl.HGNC:42092[3>0]
uc002xlt.4	Ensembl.UCSC:124519[3];Ensembl.UCSC:124519[3>0]	ENSG00000101076	CURATED:100[0];HGNC.Current:11954[1];HGNC.Current:11954[1>0];Ensembl.HGNC:124322[3>0]
uc002xlu.5	Ensembl.UCSC:124524[3];Ensembl.UCSC:124524[3>0]	ENSG00000101076	CURATED:100[0];HGNC.Current:11954[1];HGNC.Current:11954[1>0];Ensembl.HGNC:124322[3>0]
uc002xlv.6	Ensembl.UCSC:124516[3];Ensembl.UCSC:124516[3>0]	ENSG00000101076	CURATED:100[0];HGNC.Current:11954[1];HGNC.Current:11954[1>0];Ensembl.HGNC:124322[3>0]
uc002xly.5	Ensembl.UCSC:124628[3];Ensembl.UCSC:124628[3>0]	ENSG00000101076	CURATED:100[0];HGNC.Current:11954[1];HGNC.Current:11954[1>0];Ensembl.HGNC:124322[3>0]
uc002xlz.5	Ensembl.UCSC:124641[3];Ensembl.UCSC:124641[3>0]	ENSG00000101076	CURATED:100[0];HGNC.Current:11954[1];HGNC.Current:11954[1>0];Ensembl.HGNC:124322[3>0]
uc002xma.7	Ensembl.UCSC:124529[3];Ensembl.UCSC:124529[3>0]	ENSG00000101076	CURATED:100[0];HGNC.Current:11954[1];HGNC.Current:11954[1>0];Ensembl.HGNC:124322[3>0]
uc002xuz.5	Ensembl.UCSC:145453[3];Ensembl.UCSC:145453[3>0]	ENSG00000124216	CURATED:222[0];HGNC.Current:36260[1];HGNC.Current:36260[1>0];Ensembl.HGNC:145717[3>0]
uc002xvi.5	Ensembl.UCSC:66809[3];Ensembl.UCSC:66809[3>0]	ENSG00000172216	CURATED:19[0];HGNC.Current:4281[1];HGNC.Current:4281[1>0];Ensembl.HGNC:67120[3>0]
uc002xya.5	Ensembl.UCSC:13773[3];Ensembl.UCSC:13773[3>0]	ENSG00000087510	CURATED:257[0];HGNC.Current:38710[1];HGNC.Current:38710[1>0];Ensembl.HGNC:13931[3>0]
uc002ycx.2	Ensembl.UCSC:16215[3];Ensembl.UCSC:16215[3>0]	ENSG00000130700	CURATED:80[0];HGNC.Current:10073[1];HGNC.Current:10073[1>0];Ensembl.HGNC:16452[3>0]
uc002yhs.5	Ensembl.UCSC:12397[3];Ensembl.UCSC:12397[3>0]	ENSG00000203883	CURATED:227[0];HGNC.Current:37152[1];HGNC.Current:37152[1>0];Ensembl.HGNC:12468[3>0]
uc002ynj.5	Ensembl.UCSC:2731[3];Ensembl.UCSC:2731[3>0]	ENSG00000156273	CURATED:10[0];HGNC.Current:2206[1];HGNC.Current:2206[1>0];Ensembl.HGNC:2711[3>0]
uc002ynk.3	Ensembl.UCSC:2733[3];Ensembl.UCSC:2733[3>0]	ENSG00000156273	CURATED:10[0];HGNC.Current:2206[1];HGNC.Current:2206[1>0];Ensembl.HGNC:2711[3>0]
uc002ynp.1	Ensembl.UCSC:2741[3];Ensembl.UCSC:2741[3>0]	ENSG00000156273	CURATED:10[0];HGNC.Current:2206[1];HGNC.Current:2206[1>0];Ensembl.HGNC:2711[3>0]
uc002yqz.5	Ensembl.UCSC:13416[3];Ensembl.UCSC:13416[3>0]	ENSG00000184221	CURATED:192[0];HGNC.Current:23585[1];HGNC.Current:23585[1>0];Ensembl.HGNC:13596[3>0]
uc002yuh.3	Ensembl.UCSC:38673[3];Ensembl.UCSC:38673[3>0]	ENSG00000159216	CURATED:214[0];HGNC.Current:34448[1];HGNC.Current:34448[1>0];Ensembl.HGNC:38975[3>0]
uc002yuk.6	Ensembl.UCSC:38685[3];Ensembl.UCSC:38685[3>0]	ENSG00000159216	CURATED:214[0];HGNC.Current:34448[1];HGNC.Current:34448[1>0];Ensembl.HGNC:38975[3>0]
uc002yun.2	Ensembl.UCSC:38700[3];Ensembl.UCSC:38700[3>0]	ENSG00000159216	CURATED:214[0];HGNC.Current:34448[1];HGNC.Current:34448[1>0];Ensembl.HGNC:38975[3>0]
uc002yuo.2	Ensembl.UCSC:38704[3];Ensembl.UCSC:38704[3>0]	ENSG00000159216	CURATED:214[0];HGNC.Current:34448[1];HGNC.Current:34448[1>0];Ensembl.HGNC:38975[3>0]
uc002yxa.5	Ensembl.UCSC:15806[3];Ensembl.UCSC:15806[3>0]	ENSG00000157554	CURATED:49[0];HGNC.Current:8145[1];HGNC.Current:8145[1>0];Ensembl.HGNC:15734[3>0]
uc002yxb.4	Ensembl.UCSC:15905[3];Ensembl.UCSC:15905[3>0]	ENSG00000157554	CURATED:49[0];HGNC.Current:8145[1];HGNC.Current:8145[1>0];Ensembl.HGNC:15734[3>0]
uc002yxf.5	Ensembl.UCSC:2801[3];Ensembl.UCSC:2801[3>0]	ENSG00000157557	CURATED:51[0];HGNC.Current:8353[1];HGNC.Current:8353[1>0];Ensembl.HGNC:2798[3>0]
uc002yxg.6	Ensembl.UCSC:2806[3];Ensembl.UCSC:2806[3>0]	ENSG00000157557	CURATED:51[0];HGNC.Current:8353[1];HGNC.Current:8353[1>0];Ensembl.HGNC:2798[3>0]
uc002zec.6	Ensembl.UCSC:25208[3];Ensembl.UCSC:25208[3>0]	ENSG00000160221	CURATED:90[0];HGNC.Current:11563[1];HGNC.Current:10083[8>1];HGNC.Current:10083[1];HGNC.Current:10083[1>0];Ensembl.HGNC:25032[3>0]
uc002zed.5	Ensembl.UCSC:25175[3];Ensembl.UCSC:25175[3>0]	ENSG00000160221	CURATED:90[0];HGNC.Current:11563[1];HGNC.Current:10083[8>1];HGNC.Current:10083[1];HGNC.Current:10083[1>0];Ensembl.HGNC:25032[3>0]
uc003aec.4	Ensembl.UCSC:102170[3];Ensembl.UCSC:102170[3>0]	ENSG00000100219	CURATED:268[0];HGNC.Current:42573[1];HGNC.Current:42573[1>0];Ensembl.HGNC:102325[3>0]
uc003cbh.5	Ensembl.UCSC:237849[3];Ensembl.UCSC:237849[3>0]	ENSG00000182568	CURATED:220[0];HGNC.Current:34631[1];HGNC.Current:34631[1>0];Ensembl.HGNC:237609[3>0]
uc003cbi.4	Ensembl.UCSC:237850[3];Ensembl.UCSC:237850[3>0]	ENSG00000182568	CURATED:220[0];HGNC.Current:34631[1];HGNC.Current:34631[1>0];Ensembl.HGNC:237609[3>0]
uc003cbj.4	Ensembl.UCSC:237852[3];Ensembl.UCSC:237852[3>0]	ENSG00000182568	CURATED:220[0];HGNC.Current:34631[1];HGNC.Current:34631[1>0];Ensembl.HGNC:237609[3>0]
uc003cdh.5	Ensembl.UCSC:216107[3];Ensembl.UCSC:216107[3>0]	ENSG00000077092	CURATED:207[0];HGNC.Current:27803[1];HGNC.Current:27803[1>0];Ensembl.HGNC:215599[3>0]
uc003cdi.4	Ensembl.UCSC:216103[3];Ensembl.UCSC:216103[3>0]	ENSG00000077092	CURATED:207[0];HGNC.Current:27803[1];HGNC.Current:27803[1>0];Ensembl.HGNC:215599[3>0]
uc003cdx.5	Ensembl.UCSC:242485[3];Ensembl.UCSC:242485[3>0]	ENSG00000163508	CURATED:47[0];HGNC.Current:8038[1];HGNC.Current:8038[1>0];Ensembl.HGNC:242266[3>0]
uc003cdy.6	Ensembl.UCSC:242488[3];Ensembl.UCSC:242488[3>0]	ENSG00000163508	CURATED:47[0];HGNC.Current:8038[1];HGNC.Current:8038[1>0];Ensembl.HGNC:242266[3>0]
uc003ckp.3	Ensembl.UCSC:264348[3];Ensembl.UCSC:264348[3>0]	ENSG00000168036	CURATED:26[0];HGNC.Current:5816[1];HGNC.Current:5816[1>0];Ensembl.HGNC:263315[3>0]
uc003ckq.4	Ensembl.UCSC:264332[3];Ensembl.UCSC:264332[3>0]	ENSG00000168036	CURATED:26[0];HGNC.Current:5816[1];HGNC.Current:5816[1>0];Ensembl.HGNC:263315[3>0]
uc003ckr.5	Ensembl.UCSC:264443[3];Ensembl.UCSC:264443[3>0]	ENSG00000168036	CURATED:26[0];HGNC.Current:5816[1];HGNC.Current:5816[1>0];Ensembl.HGNC:263315[3>0]
uc003din.6	Ensembl.UCSC:46511[3];Ensembl.UCSC:46511[3>0]	ENSG00000163666	CURATED:95[0];HGNC.Current:11570[1];HGNC.Current:11570[1>0];Ensembl.HGNC:46737[3>0]
uc003dnz.5	Ensembl.UCSC:258441[3];Ensembl.UCSC:258441[3>0]	ENSG00000187098	CURATED:169[0];HGNC.Current:20644[1];HGNC.Current:20644[1>0];Ensembl.HGNC:258015[3>0]
uc003dob.6	Ensembl.UCSC:258467[3];Ensembl.UCSC:258467[3>0]	ENSG00000187098	CURATED:169[0];HGNC.Current:20644[1];HGNC.Current:20644[1>0];Ensembl.HGNC:258015[3>0]
uc003doe.4	Ensembl.UCSC:258486[3];Ensembl.UCSC:258486[3>0]	ENSG00000187098	CURATED:169[0];HGNC.Current:20644[1];HGNC.Current:20644[1>0];Ensembl.HGNC:258015[3>0]
uc003dof.6	Ensembl.UCSC:258493[3];Ensembl.UCSC:258493[3>0]	ENSG00000187098	CURATED:169[0];HGNC.Current:20644[1];HGNC.Current:20644[1>0];Ensembl.HGNC:258015[3>0]
uc003doj.7	Ensembl.UCSC:203271[3];Ensembl.UCSC:203271[3>0]	ENSG00000114861	CURATED:73[0];HGNC.Current:9478[1];HGNC.Current:9478[1>0];Ensembl.HGNC:201807[3>0]
uc003dol.6	Ensembl.UCSC:203277[3];Ensembl.UCSC:203277[3>0]	ENSG00000114861	CURATED:73[0];HGNC.Current:9478[1];HGNC.Current:9478[1>0];Ensembl.HGNC:201807[3>0]
uc003dom.4	Ensembl.UCSC:203317[3];Ensembl.UCSC:203317[3>0]	ENSG00000114861	CURATED:73[0];HGNC.Current:9478[1];HGNC.Current:9478[1>0];Ensembl.HGNC:201807[3>0]
uc003doo.5	Ensembl.UCSC:203084[3];Ensembl.UCSC:203084[3>0]	ENSG00000114861	CURATED:73[0];HGNC.Current:9478[1];HGNC.Current:9478[1>0];Ensembl.HGNC:201807[3>0]
uc003dop.7	Ensembl.UCSC:202992[3];Ensembl.UCSC:202992[3>0]	ENSG00000114861	CURATED:73[0];HGNC.Current:9478[1];HGNC.Current:9478[1>0];Ensembl.HGNC:201807[3>0]
uc003dos.4	Ensembl.UCSC:203451[3];Ensembl.UCSC:203451[3>0]	ENSG00000114861	CURATED:73[0];HGNC.Current:9478[1];HGNC.Current:9478[1>0];Ensembl.HGNC:201807[3>0]
uc003dxo.3	Ensembl.UCSC:47274[3];Ensembl.UCSC:47274[3>0]	ENSG00000163530	CURATED:31[0];HGNC.Current:7042[1];HGNC.Current:7042[1>0];Ensembl.HGNC:47553[3>0]
uc003dxq.5	Ensembl.UCSC:221083[3];Ensembl.UCSC:221083[3>0]	ENSG00000121570	CURATED:33[0];HGNC.Current:7060[1];HGNC.Current:7060[1>0];Ensembl.HGNC:220992[3>0]
uc003ebi.6	Ensembl.UCSC:245097[3];Ensembl.UCSC:245097[3>0]	ENSG00000181722	CURATED:270[0];HGNC.Current:42809[1];HGNC.Current:42809[1>0];Ensembl.HGNC:244837[3>0]
uc003ebj.5	Ensembl.UCSC:245090[3];Ensembl.UCSC:245090[3>0]	ENSG00000181722	CURATED:270[0];HGNC.Current:42809[1];HGNC.Current:42809[1>0];Ensembl.HGNC:244837[3>0]
uc003ebk.5	Ensembl.UCSC:245100[3];Ensembl.UCSC:245100[3>0]	ENSG00000181722	CURATED:270[0];HGNC.Current:42809[1];HGNC.Current:42809[1>0];Ensembl.HGNC:244837[3>0]
uc003ebl.5	Ensembl.UCSC:245092[3];Ensembl.UCSC:245092[3>0]	ENSG00000181722	CURATED:270[0];HGNC.Current:42809[1];HGNC.Current:42809[1>0];Ensembl.HGNC:244837[3>0]
uc003ebm.5	Ensembl.UCSC:245083[3];Ensembl.UCSC:245083[3>0]	ENSG00000181722	CURATED:270[0];HGNC.Current:42809[1];HGNC.Current:42809[1>0];Ensembl.HGNC:244837[3>0]
uc003ebn.6	Ensembl.UCSC:245079[3];Ensembl.UCSC:245079[3>0]	ENSG00000181722	CURATED:270[0];HGNC.Current:42809[1];HGNC.Current:42809[1>0];Ensembl.HGNC:244837[3>0]
uc003ebp.4	Ensembl.UCSC:245139[3];Ensembl.UCSC:245139[3>0]	ENSG00000181722	CURATED:270[0];HGNC.Current:42809[1];HGNC.Current:42809[1>0];Ensembl.HGNC:244837[3>0]
uc003ekm.5	Ensembl.UCSC:257610[3];Ensembl.UCSC:257610[3>0]	ENSG00000179348	CURATED:77[0];HGNC.Current:10068[1];HGNC.Current:10068[1>0];Ensembl.HGNC:257262[3>0]
uc003ekn.4	Ensembl.UCSC:257630[3];Ensembl.UCSC:257630[3>0]	ENSG00000179348	CURATED:77[0];HGNC.Current:10068[1];HGNC.Current:10068[1>0];Ensembl.HGNC:257262[3>0]
uc003eko.4	Ensembl.UCSC:257619[3];Ensembl.UCSC:257619[3>0]	ENSG00000179348	CURATED:77[0];HGNC.Current:10068[1];HGNC.Current:10068[1>0];Ensembl.HGNC:257262[3>0]
uc003euk.5	Ensembl.UCSC:122160[3];Ensembl.UCSC:122160[3>0]	ENSG00000114126	CURATED:259[0];HGNC.Current:38724[1];HGNC.Current:38724[1>0];Ensembl.HGNC:121918[3>0]
uc003eul.5	Ensembl.UCSC:121945[3];Ensembl.UCSC:121945[3>0]	ENSG00000114126	CURATED:259[0];HGNC.Current:38724[1];HGNC.Current:38724[1>0];Ensembl.HGNC:121918[3>0]
uc003eum.5	Ensembl.UCSC:122019[3];Ensembl.UCSC:122019[3>0]	ENSG00000114126	CURATED:259[0];HGNC.Current:38724[1];HGNC.Current:38724[1>0];Ensembl.HGNC:121918[3>0]
uc003eun.6	Ensembl.UCSC:121853[3];Ensembl.UCSC:121853[3>0]	ENSG00000114126	CURATED:259[0];HGNC.Current:38724[1];HGNC.Current:38724[1>0];Ensembl.HGNC:121918[3>0]
uc003fkx.5	Ensembl.UCSC:69660[3];Ensembl.UCSC:69660[3>0]	ENSG00000181449	CURATED:228[0];HGNC.Current:37133[1];HGNC.Current:37133[1>0];Ensembl.HGNC:69969[3>0]
uc003fpz.5	Ensembl.UCSC:85997[3];Ensembl.UCSC:85997[3>0]	ENSG00000244405	CURATED:53[0];HGNC.Current:8361[1];HGNC.Current:8361[1>0];Ensembl.HGNC:86215[3>0]
uc003ftq.4	Ensembl.UCSC:262683[3];Ensembl.UCSC:262683[3>0]	ENSG00000114315	CURATED:90[0];HGNC.Current:11563[1];HGNC.Current:11563[1>0];Ensembl.HGNC:262356[3>0]
uc003gif.5	Ensembl.UCSC:13049[3];Ensembl.UCSC:13049[3>0]	ENSG00000163132	CURATED:171[0];HGNC.Current:21208[1];HGNC.Current:21208[1>0];Ensembl.HGNC:13236[3>0]
uc003gtg.3	Ensembl.UCSC:22011[3];Ensembl.UCSC:22011[3>0]	ENSG00000109787	CURATED:143[0];HGNC.Current:14127[1];HGNC.Current:14127[1>0];Ensembl.HGNC:22235[3>0]
uc003gth.6	Ensembl.UCSC:22006[3];Ensembl.UCSC:22006[3>0]	ENSG00000109787	CURATED:143[0];HGNC.Current:14127[1];HGNC.Current:14127[1>0];Ensembl.HGNC:22235[3>0]
uc003hbz.3	Ensembl.UCSC:214601[3];Ensembl.UCSC:214601[3>0]	ENSG00000171476	CURATED:101[0];HGNC.Current:12128[1];HGNC.Current:12128[1>0];Ensembl.HGNC:214506[3>0]
uc003hca.3	Ensembl.UCSC:214611[3];Ensembl.UCSC:214611[3>0]	ENSG00000171476	CURATED:101[0];HGNC.Current:12128[1];HGNC.Current:12128[1>0];Ensembl.HGNC:214506[3>0]
uc003hcb.4	Ensembl.UCSC:214610[3];Ensembl.UCSC:214610[3>0]	ENSG00000171476	CURATED:101[0];HGNC.Current:12128[1];HGNC.Current:12128[1>0];Ensembl.HGNC:214506[3>0]
uc003hcc.3	Ensembl.UCSC:214565[3];Ensembl.UCSC:214565[3>0]	ENSG00000171476	CURATED:101[0];HGNC.Current:12128[1];HGNC.Current:12128[1>0];Ensembl.HGNC:214506[3>0]
uc003hch.5	Ensembl.UCSC:75552[3];Ensembl.UCSC:75552[3>0]	ENSG00000084093	CURATED:210[0];HGNC.Current:28171[1];HGNC.Current:28171[1>0];Ensembl.HGNC:75638[3>0]
uc003hci.5	Ensembl.UCSC:75622[3];Ensembl.UCSC:75622[3>0]	ENSG00000084093	CURATED:210[0];HGNC.Current:28171[1];HGNC.Current:28171[1>0];Ensembl.HGNC:75638[3>0]
uc003hyt.4	Ensembl.UCSC:114607[3];Ensembl.UCSC:114607[3>0]	ENSG00000138795	CURATED:150[0];HGNC.Current:14850[1];HGNC.Current:14850[1>0];Ensembl.HGNC:114307[3>0]
uc003hyu.3	Ensembl.UCSC:114791[3];Ensembl.UCSC:114791[3>0]	ENSG00000138795	CURATED:150[0];HGNC.Current:14850[1];HGNC.Current:14850[1>0];Ensembl.HGNC:114307[3>0]
uc003hyv.2	Ensembl.UCSC:114566[3];Ensembl.UCSC:114566[3>0]	ENSG00000138795	CURATED:150[0];HGNC.Current:14850[1];HGNC.Current:14850[1>0];Ensembl.HGNC:114307[3>0]
uc003ihm.3	Ensembl.UCSC:148677[3];Ensembl.UCSC:148677[3>0]	ENSG00000109381	CURATED:43[0];HGNC.Current:7811[1];HGNC.Current:7811[1>0];Ensembl.HGNC:148522[3>0]
uc003ihn.3	Ensembl.UCSC:148704[3];Ensembl.UCSC:148704[3>0]	ENSG00000109381	CURATED:43[0];HGNC.Current:7811[1];HGNC.Current:7811[1>0];Ensembl.HGNC:148522[3>0]
uc003iho.3	Ensembl.UCSC:148697[3];Ensembl.UCSC:148697[3>0]	ENSG00000109381	CURATED:43[0];HGNC.Current:7811[1];HGNC.Current:7811[1>0];Ensembl.HGNC:148522[3>0]
uc003ihp.2	Ensembl.UCSC:148646[3];Ensembl.UCSC:148646[3>0]	ENSG00000109381	CURATED:43[0];HGNC.Current:7811[1];HGNC.Current:7811[1>0];Ensembl.HGNC:148522[3>0]
uc003ith.2	Ensembl.UCSC:71299[3];Ensembl.UCSC:71299[3>0]	ENSG00000164107	CURATED:89[0];HGNC.Current:11352[1];HGNC.Current:11352[1>0];Ensembl.HGNC:71616[3>0]
uc003jda.4	Ensembl.UCSC:215327[3];Ensembl.UCSC:215327[3>0]	ENSG00000170561	CURATED:132[0];HGNC.Current:13518[1];HGNC.Current:13518[1>0];Ensembl.HGNC:215180[3>0]
uc003jdb.5	Ensembl.UCSC:215330[3];Ensembl.UCSC:215330[3>0]	ENSG00000170561	CURATED:132[0];HGNC.Current:13518[1];HGNC.Current:13518[1>0];Ensembl.HGNC:215180[3>0]
uc003jor.5	Ensembl.UCSC:146658[3];Ensembl.UCSC:146658[3>0]	ENSG00000016082	CURATED:135[0];HGNC.Current:13543[1];HGNC.Current:13543[1>0];Ensembl.HGNC:146828[3>0]
uc003kjj.5	Ensembl.UCSC:260188[3];Ensembl.UCSC:260188[3>0]	ENSG00000081189	CURATED:162[0];HGNC.Current:18379[1];HGNC.Current:18379[1>0];Ensembl.HGNC:259555[3>0]
uc003kjk.4	Ensembl.UCSC:260212[3];Ensembl.UCSC:260212[3>0]	ENSG00000081189	CURATED:162[0];HGNC.Current:18379[1];HGNC.Current:18379[1>0];Ensembl.HGNC:259555[3>0]
uc003kjl.4	Ensembl.UCSC:260200[3];Ensembl.UCSC:260200[3>0]	ENSG00000081189	CURATED:162[0];HGNC.Current:18379[1];HGNC.Current:18379[1>0];Ensembl.HGNC:259555[3>0]
uc003kjm.4	Ensembl.UCSC:260201[3];Ensembl.UCSC:260201[3>0]	ENSG00000081189	CURATED:162[0];HGNC.Current:18379[1];HGNC.Current:18379[1>0];Ensembl.HGNC:259555[3>0]
uc003kkj.5	Ensembl.UCSC:251820[3];Ensembl.UCSC:251820[3>0]	ENSG00000175745	CURATED:189[0];HGNC.Current:23166[1];HGNC.Current:23166[1>0];Ensembl.HGNC:251584[3>0]
uc003kxa.4	Ensembl.UCSC:223422[3];Ensembl.UCSC:223422[3>0]	ENSG00000125347	CURATED:128[0];HGNC.Current:13494[1];HGNC.Current:13494[1>0];Ensembl.HGNC:223200[3>0]
uc003kyt.5	Ensembl.UCSC:257307[3];Ensembl.UCSC:257307[3>0]	ENSG00000081059	CURATED:255[0];HGNC.Current:38513[1];HGNC.Current:38513[1>0];Ensembl.HGNC:256964[3>0]
uc003kyu.3	Ensembl.UCSC:257381[3];Ensembl.UCSC:257381[3>0]	ENSG00000081059	CURATED:255[0];HGNC.Current:38513[1];HGNC.Current:38513[1>0];Ensembl.HGNC:256964[3>0]
uc003kyv.3	Ensembl.UCSC:257368[3];Ensembl.UCSC:257368[3>0]	ENSG00000081059	CURATED:255[0];HGNC.Current:38513[1];HGNC.Current:38513[1>0];Ensembl.HGNC:256964[3>0]
uc003kyw.4	Ensembl.UCSC:257387[3];Ensembl.UCSC:257387[3>0]	ENSG00000081059	CURATED:255[0];HGNC.Current:38513[1];HGNC.Current:38513[1>0];Ensembl.HGNC:256964[3>0]
uc003kyy.4	Ensembl.UCSC:257373[3];Ensembl.UCSC:257373[3>0]	ENSG00000081059	CURATED:255[0];HGNC.Current:38513[1];HGNC.Current:38513[1>0];Ensembl.HGNC:256964[3>0]
uc003ldb.3	Ensembl.UCSC:222496[3];Ensembl.UCSC:222496[3>0]	ENSG00000120738	CURATED:40[0];HGNC.Current:7619[1];HGNC.Current:7619[1>0];Ensembl.HGNC:222433[3>0]
uc003lrq.5	Ensembl.UCSC:233162[3];Ensembl.UCSC:233162[3>0]	ENSG00000113722	CURATED:15[0];HGNC.Current:4222[1];HGNC.Current:4222[1>0];Ensembl.HGNC:232981[3>0]
uc003lvn.4	Ensembl.UCSC:178322[3];Ensembl.UCSC:178322[3>0]	ENSG00000113196	CURATED:88[0];HGNC.Current:11351[1];HGNC.Current:11351[1>0];Ensembl.HGNC:178456[3>0]
uc003lxl.7	Ensembl.UCSC:261793[3];Ensembl.UCSC:261793[3>0]	ENSG00000164330	CURATED:36[0];HGNC.Current:7389[1];HGNC.Current:7389[1>0];Ensembl.HGNC:261467[3>0]
uc003mcm.4	Ensembl.UCSC:186058[3];Ensembl.UCSC:186058[3>0]	ENSG00000183072	CURATED:187[0];HGNC.Current:22811[1];HGNC.Current:22811[1>0];Ensembl.HGNC:186032[3>0]
uc003mcy.5	Ensembl.UCSC:180911[3];Ensembl.UCSC:180911[3>0]	ENSG00000120149	CURATED:172[0];HGNC.Current:21209[1];HGNC.Current:21209[1>0];Ensembl.HGNC:180970[3>0]
uc003msz.6	Ensembl.UCSC:172535[3];Ensembl.UCSC:172535[3>0]	ENSG00000137265	CURATED:129[0];HGNC.Current:13501[1];HGNC.Current:13501[1>0];Ensembl.HGNC:172659[3>0]
uc003mtl.7	Ensembl.UCSC:18048[3];Ensembl.UCSC:18048[3>0]	ENSG00000164379	CURATED:75[0];HGNC.Current:9486[1];HGNC.Current:9486[1>0];Ensembl.HGNC:18335[3>0]
uc003mtm.4	Ensembl.UCSC:20424[3];Ensembl.UCSC:20424[3>0]	ENSG00000137273	CURATED:67[0];HGNC.Current:9444[1];HGNC.Current:9444[1>0];Ensembl.HGNC:20629[3>0]
uc003myq.6	Ensembl.UCSC:103342[3];Ensembl.UCSC:103342[3>0]	ENSG00000137203	CURATED:256[0];HGNC.Current:38706[1];HGNC.Current:38706[1>0];Ensembl.HGNC:103510[3>0]
uc003myr.7	Ensembl.UCSC:103361[3];Ensembl.UCSC:103361[3>0]	ENSG00000137203	CURATED:256[0];HGNC.Current:38706[1];HGNC.Current:38706[1>0];Ensembl.HGNC:103510[3>0]
uc003myt.4	Ensembl.UCSC:103422[3];Ensembl.UCSC:103422[3>0]	ENSG00000137203	CURATED:256[0];HGNC.Current:38706[1];HGNC.Current:38706[1>0];Ensembl.HGNC:103510[3>0]
uc003nda.4	Ensembl.UCSC:153645[3];Ensembl.UCSC:153645[3>0]	ENSG00000112242	CURATED:34[0];HGNC.Current:7366[1];HGNC.Current:7366[1>0];Ensembl.HGNC:153786[3>0]
uc003ndi.6	Ensembl.UCSC:20456[3];Ensembl.UCSC:20456[3>0]	ENSG00000124766	CURATED:230[0];HGNC.Current:37136[1];HGNC.Current:37136[1>0];Ensembl.HGNC:20684[3>0]
uc003odb.6	Ensembl.UCSC:132647[3];Ensembl.UCSC:132647[3>0]	ENSG00000204231	CURATED:218[0];HGNC.Current:34480[1];HGNC.Current:34480[1>0];Ensembl.HGNC:132824[3>0]
uc003odc.5	Ensembl.UCSC:132645[3];Ensembl.UCSC:132645[3>0]	ENSG00000204231	CURATED:218[0];HGNC.Current:34480[1];HGNC.Current:34480[1>0];Ensembl.HGNC:132824[3>0]
uc003ode.2	Ensembl.UCSC:132688[3];Ensembl.UCSC:132688[3>0]	ENSG00000204231	CURATED:218[0];HGNC.Current:34480[1];HGNC.Current:34480[1>0];Ensembl.HGNC:132824[3>0]
uc003oit.4	Ensembl.UCSC:193395[3];Ensembl.UCSC:193395[3>0]	ENSG00000137309	CURATED:99[0];HGNC.Current:11744[1];HGNC.Current:11744[1>0];Ensembl.HGNC:193473[3>0]
uc003oiv.4	Ensembl.UCSC:193402[3];Ensembl.UCSC:193402[3>0]	ENSG00000137309	CURATED:99[0];HGNC.Current:11744[1];HGNC.Current:11744[1>0];Ensembl.HGNC:193473[3>0]
uc003oiw.4	Ensembl.UCSC:193401[3];Ensembl.UCSC:193401[3>0]	ENSG00000137309	CURATED:99[0];HGNC.Current:11744[1];HGNC.Current:11744[1>0];Ensembl.HGNC:193473[3>0]
uc003oiz.4	Ensembl.UCSC:193352[3];Ensembl.UCSC:193352[3>0]	ENSG00000137309	CURATED:99[0];HGNC.Current:11744[1];HGNC.Current:11744[1>0];Ensembl.HGNC:193473[3>0]
uc003ojc.4	Ensembl.UCSC:193406[3];Ensembl.UCSC:193406[3>0]	ENSG00000137309	CURATED:99[0];HGNC.Current:11744[1];HGNC.Current:11744[1>0];Ensembl.HGNC:193473[3>0]
uc003osc.4	Ensembl.UCSC:169545[3];Ensembl.UCSC:169545[3>0]	ENSG00000124496	CURATED:263[0];HGNC.Current:40191[1];HGNC.Current:40191[1>0];Ensembl.HGNC:169689[3>0]
uc003osd.3	Ensembl.UCSC:169540[3];Ensembl.UCSC:169540[3>0]	ENSG00000124496	CURATED:263[0];HGNC.Current:40191[1];HGNC.Current:40191[1>0];Ensembl.HGNC:169689[3>0]
uc003ose.3	Ensembl.UCSC:169536[3];Ensembl.UCSC:169536[3>0]	ENSG00000124496	CURATED:263[0];HGNC.Current:40191[1];HGNC.Current:40191[1>0];Ensembl.HGNC:169689[3>0]
uc003oxt.5	Ensembl.UCSC:26104[3];Ensembl.UCSC:26104[3>0]	ENSG00000124813	CURATED:215[0];HGNC.Current:34452[1];HGNC.Current:34452[1>0];Ensembl.HGNC:25880[3>0]
uc003prd.4	Ensembl.UCSC:28293[3];Ensembl.UCSC:28293[3>0]	ENSG00000057657	CURATED:204[0];HGNC.Current:26725[1];HGNC.Current:26725[1>0];Ensembl.HGNC:28303[3>0]
uc003pre.4	Ensembl.UCSC:28324[3];Ensembl.UCSC:28324[3>0]	ENSG00000057657	CURATED:204[0];HGNC.Current:26725[1];HGNC.Current:26725[1>0];Ensembl.HGNC:28303[3>0]
uc003psk.3	Ensembl.UCSC:51039[3];Ensembl.UCSC:51039[3>0]	ENSG00000118689	CURATED:71[0];HGNC.Current:9473[1];HGNC.Current:9473[1>0];Ensembl.HGNC:51505[3>0]
uc003psm.3	Ensembl.UCSC:51045[3];Ensembl.UCSC:51045[3>0]	ENSG00000118689	CURATED:71[0];HGNC.Current:9473[1];HGNC.Current:9473[1>0];Ensembl.HGNC:51505[3>0]
uc003qcp.4	Ensembl.UCSC:211207[3];Ensembl.UCSC:211207[3>0]	ENSG00000118520	CURATED:5[0];HGNC.Current:1429[1];HGNC.Current:1429[1>0];Ensembl.HGNC:210990[3>0]
uc003qfc.4	Ensembl.UCSC:228117[3];Ensembl.UCSC:228117[3>0]	ENSG00000118513	CURATED:175[0];HGNC.Current:21951[1];HGNC.Current:21951[1>0];Ensembl.HGNC:222938[3>0]
uc003qfh.5	Ensembl.UCSC:227200[3];Ensembl.UCSC:227200[3>0]	ENSG00000118513	CURATED:175[0];HGNC.Current:21951[1];HGNC.Current:21951[1>0];Ensembl.HGNC:222938[3>0]
uc003qfi.4	Ensembl.UCSC:228328[3];Ensembl.UCSC:228328[3>0]	ENSG00000118513	CURATED:175[0];HGNC.Current:21951[1];HGNC.Current:21951[1>0];Ensembl.HGNC:222938[3>0]
uc003qfo.4	Ensembl.UCSC:228129[3];Ensembl.UCSC:228129[3>0]	ENSG00000118513	CURATED:175[0];HGNC.Current:21951[1];HGNC.Current:21951[1>0];Ensembl.HGNC:222938[3>0]
uc003qfq.4	Ensembl.UCSC:228303[3];Ensembl.UCSC:228303[3>0]	ENSG00000118513	CURATED:175[0];HGNC.Current:21951[1];HGNC.Current:21951[1>0];Ensembl.HGNC:222938[3>0]
uc003qfu.5	Ensembl.UCSC:227206[3];Ensembl.UCSC:227206[3>0]	ENSG00000118513	CURATED:175[0];HGNC.Current:21951[1];HGNC.Current:21951[1>0];Ensembl.HGNC:222938[3>0]
uc003qgc.4	Ensembl.UCSC:228380[3];Ensembl.UCSC:228380[3>0]	ENSG00000118513	CURATED:175[0];HGNC.Current:21951[1];HGNC.Current:21951[1>0];Ensembl.HGNC:222938[3>0]
uc003qgd.2	Ensembl.UCSC:228386[3];Ensembl.UCSC:228386[3>0]	ENSG00000118513	CURATED:175[0];HGNC.Current:21951[1];HGNC.Current:21951[1>0];Ensembl.HGNC:222938[3>0]
uc003qge.2	Ensembl.UCSC:228391[3];Ensembl.UCSC:228391[3>0]	ENSG00000118513	CURATED:175[0];HGNC.Current:21951[1];HGNC.Current:21951[1>0];Ensembl.HGNC:222938[3>0]
uc003quu.4	Ensembl.UCSC:79793[3];Ensembl.UCSC:79793[3>0]	ENSG00000164458	CURATED:245[0];HGNC.Current:38471[10];HGNC.Current:38471[10>1];HGNC.Current:38471[1];HGNC.Current:38471[1>0];Ensembl.HGNC:79837[3>0]
uc003quv.4	Ensembl.UCSC:79811[3];Ensembl.UCSC:79811[3>0]	ENSG00000164458	CURATED:245[0];HGNC.Current:38471[10];HGNC.Current:38471[10>1];HGNC.Current:38471[1];HGNC.Current:38471[1>0];Ensembl.HGNC:79837[3>0]
uc003stc.5	Ensembl.UCSC:13765[3];Ensembl.UCSC:13765[3>0]	ENSG00000106511	CURATED:167[0];HGNC.Current:18418[1];HGNC.Current:18418[1>0];Ensembl.HGNC:13963[3>0]
uc003sum.4	Ensembl.UCSC:22223[3];Ensembl.UCSC:22223[3>0]	ENSG00000122691	CURATED:264[0];HGNC.Current:41286[1];HGNC.Current:41286[1>0];Ensembl.HGNC:22392[3>0]
uc003sva.5	Ensembl.UCSC:22551[3];Ensembl.UCSC:22551[3>0]	ENSG00000105866	CURATED:235[0];HGNC.Current:37163[1];HGNC.Current:37163[1>0];Ensembl.HGNC:22722[3>0]
uc003syd.4	Ensembl.UCSC:148947[3];Ensembl.UCSC:148947[3>0]	ENSG00000105991	CURATED:102[0];HGNC.Current:12138[1];HGNC.Current:12138[1>0];Ensembl.HGNC:149106[3>0]
uc003syk.4	Ensembl.UCSC:153066[3];Ensembl.UCSC:153066[3>0]	ENSG00000105997	CURATED:105[0];HGNC.Current:12140[1];HGNC.Current:12140[1>0];Ensembl.HGNC:153294[3>0]
uc003sym.4	Ensembl.UCSC:222039[3];Ensembl.UCSC:222039[3>0]	ENSG00000197576	CURATED:106[0];HGNC.Current:12141[1];HGNC.Current:12141[1>0];Ensembl.HGNC:221881[3>0]
uc003syn.3	Ensembl.UCSC:149056[3];Ensembl.UCSC:149056[3>0]	ENSG00000106004	CURATED:107[0];HGNC.Current:12142[1];HGNC.Current:12142[1>0];Ensembl.HGNC:149226[3>0]
uc003sys.5	Ensembl.UCSC:149094[3];Ensembl.UCSC:149094[3>0]	ENSG00000122592	CURATED:108[0];HGNC.Current:12144[1];HGNC.Current:12144[1>0];Ensembl.HGNC:149263[3>0]
uc003syt.5	Ensembl.UCSC:149121[3];Ensembl.UCSC:149121[3>0]	ENSG00000078399	CURATED:109[0];HGNC.Current:12145[1];HGNC.Current:12145[1>0];Ensembl.HGNC:149267[3>0]
uc003syx.5	Ensembl.UCSC:149188[3];Ensembl.UCSC:149188[3>0]	ENSG00000005073	CURATED:104[0];HGNC.Current:12148[1];HGNC.Current:12148[1>0];Ensembl.HGNC:149325[3>0]
uc003szd.3	Ensembl.UCSC:149356[3];Ensembl.UCSC:149356[3>0]	ENSG00000106038	CURATED:55[0];HGNC.Current:8385[1];HGNC.Current:8385[1>0];Ensembl.HGNC:149490[3>0]
uc003tov.2	Ensembl.UCSC:188456[3];Ensembl.UCSC:188456[3>0]	ENSG00000185811	CURATED:125[0];HGNC.Current:13181[1];HGNC.Current:13181[1>0];Ensembl.HGNC:188341[3>0]
uc003tox.5	Ensembl.UCSC:188486[3];Ensembl.UCSC:188486[3>0]	ENSG00000185811	CURATED:125[0];HGNC.Current:13181[1];HGNC.Current:13181[1>0];Ensembl.HGNC:188341[3>0]
uc003toy.6	Ensembl.UCSC:188502[3];Ensembl.UCSC:188502[3>0]	ENSG00000185811	CURATED:125[0];HGNC.Current:13181[1];HGNC.Current:13181[1>0];Ensembl.HGNC:188341[3>0]
uc003vhj.4	Ensembl.UCSC:63863[3];Ensembl.UCSC:63863[3>0]	ENSG00000105967	CURATED:260[0];HGNC.Current:38728[1];HGNC.Current:38728[1>0];Ensembl.HGNC:64107[3>0]
uc003vhk.3	Ensembl.UCSC:63877[3];Ensembl.UCSC:63877[3>0]	ENSG00000105967	CURATED:260[0];HGNC.Current:38728[1];HGNC.Current:38728[1>0];Ensembl.HGNC:64107[3>0]
uc003vhl.6	Ensembl.UCSC:63887[3];Ensembl.UCSC:63887[3>0]	ENSG00000105967	CURATED:260[0];HGNC.Current:38728[1];HGNC.Current:38728[1>0];Ensembl.HGNC:64107[3>0]
uc003vhm.2	Ensembl.UCSC:63922[3];Ensembl.UCSC:63922[3>0]	ENSG00000105967	CURATED:260[0];HGNC.Current:38728[1];HGNC.Current:38728[1>0];Ensembl.HGNC:64107[3>0]
uc003wtf.6	Ensembl.UCSC:195323[3];Ensembl.UCSC:195323[3>0]	ENSG00000171056	CURATED:232[0];HGNC.Current:37141[1];HGNC.Current:37141[1>0];Ensembl.HGNC:195500[3>0]
uc003wub.1	Ensembl.UCSC:117011[3];Ensembl.UCSC:117011[3>0]	ENSG00000136574	CURATED:79[0];HGNC.Current:10072[1];HGNC.Current:10072[1>0];Ensembl.HGNC:117007[3>0]
uc003wuc.3	Ensembl.UCSC:117080[3];Ensembl.UCSC:117080[3>0]	ENSG00000136574	CURATED:79[0];HGNC.Current:10072[1];HGNC.Current:10072[1>0];Ensembl.HGNC:117007[3>0]
uc003xes.4	Ensembl.UCSC:10452[3];Ensembl.UCSC:10452[3>0]	ENSG00000221818	CURATED:37[0];HGNC.Current:7390[1];HGNC.Current:7390[1>0];Ensembl.HGNC:10324[3>0]
uc003xet.3	Ensembl.UCSC:10501[3];Ensembl.UCSC:10501[3>0]	ENSG00000221818	CURATED:37[0];HGNC.Current:7390[1];HGNC.Current:7390[1>0];Ensembl.HGNC:10324[3>0]
uc003xqh.3	Ensembl.UCSC:150814[3];Ensembl.UCSC:150814[3>0]	ENSG00000221869	CURATED:20[0];HGNC.Current:4283[1];HGNC.Current:4283[1>0];Ensembl.HGNC:151057[3>0]
uc003xsb.6	Ensembl.UCSC:181895[3];Ensembl.UCSC:181895[3>0]	ENSG00000164736	CURATED:226[0];HGNC.Current:37151[1];HGNC.Current:37151[1>0];Ensembl.HGNC:181961[3>0]
uc003xtw.2	Ensembl.UCSC:45664[3];Ensembl.UCSC:45664[3>0]	ENSG00000198846	CURATED:262[0];HGNC.Current:39612[1];HGNC.Current:39612[1>0];Ensembl.HGNC:45861[3>0]
uc003xwj.5	Ensembl.UCSC:114291[3];Ensembl.UCSC:114291[3>0]	ENSG00000185697	CURATED:176[0];HGNC.Current:21954[1];HGNC.Current:21954[1>0];Ensembl.HGNC:114079[3>0]
uc003xwl.4	Ensembl.UCSC:114333[3];Ensembl.UCSC:114333[3>0]	ENSG00000185697	CURATED:176[0];HGNC.Current:21954[1];HGNC.Current:21954[1>0];Ensembl.HGNC:114079[3>0]
uc003xwm.3	Ensembl.UCSC:114361[3];Ensembl.UCSC:114361[3>0]	ENSG00000185697	CURATED:176[0];HGNC.Current:21954[1];HGNC.Current:21954[1>0];Ensembl.HGNC:114079[3>0]
uc003yka.4	Ensembl.UCSC:26688[3];Ensembl.UCSC:26688[3>0]	ENSG00000120963	CURATED:277[0];HGNC.Current:43605[1];HGNC.Current:43605[1>0];Ensembl.HGNC:26769[3>0]
uc003ykb.5	Ensembl.UCSC:26649[3];Ensembl.UCSC:26649[3>0]	ENSG00000120963	CURATED:277[0];HGNC.Current:43605[1];HGNC.Current:43605[1>0];Ensembl.HGNC:26769[3>0]
uc003ysh.3	Ensembl.UCSC:181680[3];Ensembl.UCSC:181680[3>0]	ENSG00000136997	CURATED:177[0];HGNC.Current:21961[1];HGNC.Current:21961[1>0];Ensembl.HGNC:181822[3>0]
uc003zzo.4	Ensembl.UCSC:13493[3];Ensembl.UCSC:13493[3>0]	ENSG00000196092	CURATED:197[0];HGNC.Current:24886[1];HGNC.Current:24886[1>0];Ensembl.HGNC:12927[3>0]
uc004aht.5	Ensembl.UCSC:106148[3];Ensembl.UCSC:106148[3>0]	ENSG00000119138	CURATED:149[0];HGNC.Current:14140[1];HGNC.Current:14140[1>0];Ensembl.HGNC:106454[3>0]
uc004ajh.5	Ensembl.UCSC:31485[3];Ensembl.UCSC:31485[3>0]	ENSG00000198963	CURATED:212[0];HGNC.Current:32137[1];HGNC.Current:32137[1>0];Ensembl.HGNC:31655[3>0]
uc004aji.4	Ensembl.UCSC:31489[3];Ensembl.UCSC:31489[3>0]	ENSG00000198963	CURATED:212[0];HGNC.Current:32137[1];HGNC.Current:32137[1>0];Ensembl.HGNC:31655[3>0]
uc004bdf.3	Ensembl.UCSC:27518[3];Ensembl.UCSC:27518[3>0]	ENSG00000136826	CURATED:144[0];HGNC.Current:14131[1];HGNC.Current:14131[1>0];Ensembl.HGNC:28028[3>0]
uc004bdg.5	Ensembl.UCSC:27559[3];Ensembl.UCSC:27559[3>0]	ENSG00000136826	CURATED:144[0];HGNC.Current:14131[1];HGNC.Current:14131[1>0];Ensembl.HGNC:28028[3>0]
uc004bio.5	Ensembl.UCSC:148900[3];Ensembl.UCSC:148900[3>0]	ENSG00000106948	CURATED:2[0];HGNC.Current:787[1];HGNC.Current:787[1>0];Ensembl.HGNC:148750[3>0]
uc004bip.5	Ensembl.UCSC:148910[3];Ensembl.UCSC:148910[3>0]	ENSG00000106948	CURATED:2[0];HGNC.Current:787[1];HGNC.Current:787[1>0];Ensembl.HGNC:148750[3>0]
uc004bir.6	Ensembl.UCSC:148883[3];Ensembl.UCSC:148883[3>0]	ENSG00000106948	CURATED:2[0];HGNC.Current:787[1];HGNC.Current:787[1>0];Ensembl.HGNC:148750[3>0]
uc004bis.5	Ensembl.UCSC:148885[3];Ensembl.UCSC:148885[3>0]	ENSG00000106948	CURATED:2[0];HGNC.Current:787[1];HGNC.Current:787[1>0];Ensembl.HGNC:148750[3>0]
uc004biv.2	Ensembl.UCSC:148922[3];Ensembl.UCSC:148922[3>0]	ENSG00000106948	CURATED:2[0];HGNC.Current:787[1];HGNC.Current:787[1>0];Ensembl.HGNC:148750[3>0]
uc004boe.3	Ensembl.UCSC:123481[3];Ensembl.UCSC:123481[3>0]	ENSG00000106689	CURATED:152[0];HGNC.Current:14928[1];HGNC.Current:14928[1>0];Ensembl.HGNC:123593[3>0]
uc004bqi.5	Ensembl.UCSC:20337[3];Ensembl.UCSC:20337[3>0]	ENSG00000136944	CURATED:156[0];HGNC.Current:17435[1];HGNC.Current:17435[1>0];Ensembl.HGNC:20365[3>0]
uc004bqj.4	Ensembl.UCSC:20345[3];Ensembl.UCSC:20345[3>0]	ENSG00000136944	CURATED:156[0];HGNC.Current:17435[1];HGNC.Current:17435[1>0];Ensembl.HGNC:20365[3>0]
uc004byh.5	Ensembl.UCSC:27663[3];Ensembl.UCSC:27663[3>0]	ENSG00000167157	CURATED:205[0];HGNC.Current:27024[1];HGNC.Current:27024[1>0];Ensembl.HGNC:28108[3>0]
uc004ccf.5	Ensembl.UCSC:87033[3];Ensembl.UCSC:87033[3>0]	ENSG00000165702	CURATED:84[0];HGNC.Current:10205[1];HGNC.Current:10205[1>0];Ensembl.HGNC:87544[3>0]
uc004ccg.5	Ensembl.UCSC:87129[3];Ensembl.UCSC:87129[3>0]	ENSG00000165702	CURATED:84[0];HGNC.Current:10205[1];HGNC.Current:10205[1>0];Ensembl.HGNC:87544[3>0]
uc004cfa.2	Ensembl.UCSC:28458[3];Ensembl.UCSC:28458[3>0]	ENSG00000186350	CURATED:217[0];HGNC.Current:34479[1];HGNC.Current:34479[1>0];Ensembl.HGNC:28904[3>0]
uc004cfb.4	Ensembl.UCSC:28708[3];Ensembl.UCSC:28708[3>0]	ENSG00000186350	CURATED:217[0];HGNC.Current:34479[1];HGNC.Current:34479[1>0];Ensembl.HGNC:28904[3>0]
uc004dkq.7	Ensembl.UCSC:136168[3];Ensembl.UCSC:136168[3>0]	ENSG00000102145	CURATED:76[0];HGNC.Current:10067[1];HGNC.Current:10067[1>0];Ensembl.HGNC:136420[3>0]
uc004dne.6	Ensembl.UCSC:148864[3];Ensembl.UCSC:148864[3>0]	ENSG00000049768	CURATED:74[0];HGNC.Current:9483[1];HGNC.Current:9483[1>0];Ensembl.HGNC:148487[3>0]
uc004dnf.6	Ensembl.UCSC:148852[3];Ensembl.UCSC:148852[3>0]	ENSG00000049768	CURATED:74[0];HGNC.Current:9483[1];HGNC.Current:9483[1>0];Ensembl.HGNC:148487[3>0]
uc004dur.5	Ensembl.UCSC:16973[3];Ensembl.UCSC:16973[3>0]	ENSG00000102349	CURATED:148[0];HGNC.Current:14138[1];HGNC.Current:14138[1>0];Ensembl.HGNC:17096[3>0]
uc004dys.4	Ensembl.UCSC:51386[3];Ensembl.UCSC:51386[3>0]	ENSG00000184481	CURATED:72[0];HGNC.Current:9475[1];HGNC.Current:9475[1>0];Ensembl.HGNC:51809[3>0]
uc004dyt.3	Ensembl.UCSC:51392[3];Ensembl.UCSC:51392[3>0]	ENSG00000184481	CURATED:72[0];HGNC.Current:9475[1];HGNC.Current:9475[1>0];Ensembl.HGNC:51809[3>0]
uc004fbd.4	Ensembl.UCSC:46637[3];Ensembl.UCSC:46637[3>0]	ENSG00000134595	CURATED:229[0];HGNC.Current:37135[1];HGNC.Current:37135[1>0];Ensembl.HGNC:46999[3>0]
uc009vly.3	Ensembl.UCSC:274456[3];Ensembl.UCSC:274456[3>0]	ENSG00000173673	CURATED:91[0];HGNC.Current:11565[1];HGNC.Current:11565[1>0];Ensembl.HGNC:274092[3>0]
uc009vrj.5	Ensembl.UCSC:273832[3];Ensembl.UCSC:273832[3>0]	ENSG00000020633	CURATED:216[0];HGNC.Current:34454[1];HGNC.Current:34454[1>0];Ensembl.HGNC:273507[3>0]
uc009xll.3	Ensembl.UCSC:92808[3];Ensembl.UCSC:92808[3>0]	ENSG00000148516	CURATED:271[0];HGNC.Current:42924[1];HGNC.Current:42924[1>0];Ensembl.HGNC:92740[3>0]
uc009xlm.2	Ensembl.UCSC:92814[3];Ensembl.UCSC:92814[3>0]	ENSG00000148516	CURATED:271[0];HGNC.Current:42924[1];HGNC.Current:42924[1>0];Ensembl.HGNC:92740[3>0]
uc009xln.2	Ensembl.UCSC:92824[3];Ensembl.UCSC:92824[3>0]	ENSG00000148516	CURATED:271[0];HGNC.Current:42924[1];HGNC.Current:42924[1>0];Ensembl.HGNC:92740[3>0]
uc009xlp.5	Ensembl.UCSC:92819[3];Ensembl.UCSC:92819[3>0]	ENSG00000148516	CURATED:271[0];HGNC.Current:42924[1];HGNC.Current:42924[1>0];Ensembl.HGNC:92740[3>0]
uc009xph.6	Ensembl.UCSC:114517[3];Ensembl.UCSC:114517[3>0]	ENSG00000122877	CURATED:41[0];HGNC.Current:7620[1];HGNC.Current:7620[1>0];Ensembl.HGNC:114586[3>0]
uc009zcg.3	Ensembl.UCSC:242372[3];Ensembl.UCSC:242372[3>0]	ENSG00000134954	CURATED:50[0];HGNC.Current:8351[1];HGNC.Current:8351[1>0];Ensembl.HGNC:242014[3>0]
uc009zch.2	Ensembl.UCSC:242311[3];Ensembl.UCSC:242311[3>0]	ENSG00000134954	CURATED:50[0];HGNC.Current:8351[1];HGNC.Current:8351[1>0];Ensembl.HGNC:242014[3>0]
uc009zci.4	Ensembl.UCSC:228600[3];Ensembl.UCSC:228600[3>0]	ENSG00000151702	CURATED:56[0];HGNC.Current:9325[1];HGNC.Current:9325[1>0];Ensembl.HGNC:228559[3>0]
uc009zfy.3	Ensembl.UCSC:35098[3];Ensembl.UCSC:35098[3>0]	ENSG00000111704	CURATED:178[0];HGNC.Current:22193[1];HGNC.Current:22193[1>0];Ensembl.HGNC:35294[3>0]
uc009znk.5	Ensembl.UCSC:162712[3];Ensembl.UCSC:162712[3>0]	ENSG00000123405	CURATED:181[0];HGNC.Current:22656[1];HGNC.Current:22656[1>0];Ensembl.HGNC:162846[3>0]
uc009znl.5	Ensembl.UCSC:162719[3];Ensembl.UCSC:162719[3>0]	ENSG00000123405	CURATED:181[0];HGNC.Current:22656[1];HGNC.Current:22656[1>0];Ensembl.HGNC:162846[3>0]
uc009zum.2	Ensembl.UCSC:170180[3];Ensembl.UCSC:170180[3>0]	ENSG00000120837	CURATED:185[0];HGNC.Current:22690[1];HGNC.Current:22690[1>0];Ensembl.HGNC:170326[3>0]
uc010aou.5	Ensembl.UCSC:116887[3];Ensembl.UCSC:116887[3>0]	ENSG00000165588	CURATED:194[0];HGNC.Current:24603[1];HGNC.Current:24603[1>0];Ensembl.HGNC:116891[3>0]
uc010asi.4	Ensembl.UCSC:13295[3];Ensembl.UCSC:13295[3>0]	ENSG00000170345	CURATED:57[0];HGNC.Current:9414[1];HGNC.Current:9414[1>0];Ensembl.HGNC:13428[3>0]
uc010bil.4	Ensembl.UCSC:138835[3];Ensembl.UCSC:138835[3>0]	ENSG00000140332	CURATED:261[0];HGNC.Current:38963[1];HGNC.Current:38963[1>0];Ensembl.HGNC:135860[3>0]
uc010bos.5	Ensembl.UCSC:175962[3];Ensembl.UCSC:175962[3>0]	ENSG00000068305	CURATED:161[0];HGNC.Current:18376[1];HGNC.Current:18376[1>0];Ensembl.HGNC:175896[3>0]
uc010cux.2	Ensembl.UCSC:140110[3];Ensembl.UCSC:140110[3>0]	ENSG00000273706	CURATED:151[0];HGNC.Current:14926[1];HGNC.Current:14926[1>0];Ensembl.HGNC:140197[3>0]
uc010cya.4	Ensembl.UCSC:158271[3];Ensembl.UCSC:158271[3>0]	ENSG00000126561	CURATED:244[0];HGNC.Current:37782[1];HGNC.Current:37782[1>0];Ensembl.HGNC:157910[3>0]
uc010cyb.3	Ensembl.UCSC:158325[3];Ensembl.UCSC:158325[3>0]	ENSG00000126561	CURATED:244[0];HGNC.Current:37782[1];HGNC.Current:37782[1>0];Ensembl.HGNC:157910[3>0]
uc010cyc.3	Ensembl.UCSC:158283[3];Ensembl.UCSC:158283[3>0]	ENSG00000126561	CURATED:244[0];HGNC.Current:37782[1];HGNC.Current:37782[1>0];Ensembl.HGNC:157910[3>0]
uc010cyd.2	Ensembl.UCSC:158379[3];Ensembl.UCSC:158379[3>0]	ENSG00000126561	CURATED:244[0];HGNC.Current:37782[1];HGNC.Current:37782[1>0];Ensembl.HGNC:157910[3>0]
uc010cye.3	Ensembl.UCSC:158382[3];Ensembl.UCSC:158382[3>0]	ENSG00000126561	CURATED:244[0];HGNC.Current:37782[1];HGNC.Current:37782[1>0];Ensembl.HGNC:157910[3>0]
uc010cyf.3	Ensembl.UCSC:266300[3];Ensembl.UCSC:266300[3>0]	ENSG00000168610	CURATED:242[0];HGNC.Current:37779[1];HGNC.Current:37779[1>0];Ensembl.HGNC:265687[3>0]
uc010dbh.2	Ensembl.UCSC:245315[3];Ensembl.UCSC:245315[3>0]	ENSG00000108511	CURATED:113[0];HGNC.Current:12161[1];HGNC.Current:12161[1>0];Ensembl.HGNC:245120[3>0]
uc010dce.2	Ensembl.UCSC:252618[3];Ensembl.UCSC:252618[3>0]	ENSG00000108924	CURATED:97[0];HGNC.Current:11726[1];HGNC.Current:11726[1>0];Ensembl.HGNC:252335[3>0]
uc010dph.3	Ensembl.UCSC:17629[3];Ensembl.UCSC:17629[3>0]	ENSG00000196628	CURATED:254[0];HGNC.Current:38510[1];HGNC.Current:38510[1>0];Ensembl.HGNC:12536[3>0]
uc010dpi.4	Ensembl.UCSC:18669[3];Ensembl.UCSC:18669[3>0]	ENSG00000196628	CURATED:254[0];HGNC.Current:38510[1];HGNC.Current:38510[1>0];Ensembl.HGNC:12536[3>0]
uc010dso.2	Ensembl.UCSC:224678[3];Ensembl.UCSC:224678[3>0]	ENSG00000071564	CURATED:253[0];HGNC.Current:38508[1];HGNC.Current:38508[1>0];Ensembl.HGNC:224257[3>0]
uc010ekb.2	Ensembl.UCSC:236847[3];Ensembl.UCSC:236847[3>0]	ENSG00000125740	CURATED:58[0];HGNC.Current:9415[1];HGNC.Current:9415[1>0];Ensembl.HGNC:236716[3>0]
uc010eke.4	Ensembl.UCSC:236835[3];Ensembl.UCSC:236835[3>0]	ENSG00000125740	CURATED:58[0];HGNC.Current:9415[1];HGNC.Current:9415[1>0];Ensembl.HGNC:236716[3>0]
uc010ekf.4	Ensembl.UCSC:236840[3];Ensembl.UCSC:236840[3>0]	ENSG00000125740	CURATED:58[0];HGNC.Current:9415[1];HGNC.Current:9415[1>0];Ensembl.HGNC:236716[3>0]
uc010ekg.4	Ensembl.UCSC:236832[3];Ensembl.UCSC:236832[3>0]	ENSG00000125740	CURATED:58[0];HGNC.Current:9415[1];HGNC.Current:9415[1>0];Ensembl.HGNC:236716[3>0]
uc010fcg.6	Ensembl.UCSC:54021[3];Ensembl.UCSC:54021[3>0]	ENSG00000119866	CURATED:12[0];HGNC.Current:2342[1];HGNC.Current:2342[1>0];Ensembl.HGNC:53924[3>0]
uc010fra.5	Ensembl.UCSC:261322[3];Ensembl.UCSC:261322[3>0]	ENSG00000116044	CURATED:182[0];HGNC.Current:22659[1];HGNC.Current:22659[1>0];Ensembl.HGNC:260805[3>0]
uc010fse.3	Ensembl.UCSC:257394[3];Ensembl.UCSC:257394[3>0]	ENSG00000115415	CURATED:241[0];HGNC.Current:37777[1];HGNC.Current:37777[1>0];Ensembl.HGNC:256520[3>0]
uc010fwo.5	Ensembl.UCSC:125906[3];Ensembl.UCSC:125906[3>0]	ENSG00000135903	CURATED:196[0];HGNC.Current:24884[1];HGNC.Current:24884[1>0];Ensembl.HGNC:125892[3>0]
uc010gnv.4	Ensembl.UCSC:15737[3];Ensembl.UCSC:15737[3>0]	ENSG00000157554	CURATED:49[0];HGNC.Current:8145[1];HGNC.Current:8145[1>0];Ensembl.HGNC:15734[3>0]
uc010gnw.4	Ensembl.UCSC:15827[3];Ensembl.UCSC:15827[3>0]	ENSG00000157554	CURATED:49[0];HGNC.Current:8145[1];HGNC.Current:8145[1>0];Ensembl.HGNC:15734[3>0]
uc010gnz.5	Ensembl.UCSC:15902[3];Ensembl.UCSC:15902[3>0]	ENSG00000157554	CURATED:49[0];HGNC.Current:8145[1];HGNC.Current:8145[1>0];Ensembl.HGNC:15734[3>0]
uc010hia.3	Ensembl.UCSC:264282[3];Ensembl.UCSC:264282[3>0]	ENSG00000168036	CURATED:26[0];HGNC.Current:5816[1];HGNC.Current:5816[1>0];Ensembl.HGNC:263315[3>0]
uc010jea.5	Ensembl.UCSC:248644[3];Ensembl.UCSC:248644[3>0]	ENSG00000069011	CURATED:200[0];HGNC.Current:25825[1];HGNC.Current:25825[1>0];Ensembl.HGNC:248371[3>0]
uc010jip.5	Ensembl.UCSC:261791[3];Ensembl.UCSC:261791[3>0]	ENSG00000164330	CURATED:36[0];HGNC.Current:7389[1];HGNC.Current:7389[1>0];Ensembl.HGNC:261467[3>0]
uc010jjt.3	Ensembl.UCSC:186066[3];Ensembl.UCSC:186066[3>0]	ENSG00000183072	CURATED:187[0];HGNC.Current:22811[1];HGNC.Current:22811[1>0];Ensembl.HGNC:186032[3>0]
uc010kdj.2	Ensembl.UCSC:51063[3];Ensembl.UCSC:51063[3>0]	ENSG00000118689	CURATED:71[0];HGNC.Current:9473[1];HGNC.Current:9473[1>0];Ensembl.HGNC:51505[3>0]
uc010kfm.3	Ensembl.UCSC:211192[3];Ensembl.UCSC:211192[3>0]	ENSG00000118520	CURATED:5[0];HGNC.Current:1429[1];HGNC.Current:1429[1>0];Ensembl.HGNC:210990[3>0]
uc010kgi.4	Ensembl.UCSC:228325[3];Ensembl.UCSC:228325[3>0]	ENSG00000118513	CURATED:175[0];HGNC.Current:21951[1];HGNC.Current:21951[1>0];Ensembl.HGNC:222938[3>0]
uc010kgj.4	Ensembl.UCSC:228322[3];Ensembl.UCSC:228322[3>0]	ENSG00000118513	CURATED:175[0];HGNC.Current:21951[1];HGNC.Current:21951[1>0];Ensembl.HGNC:222938[3>0]
uc010kuy.2	Ensembl.UCSC:149349[3];Ensembl.UCSC:149349[3>0]	ENSG00000106038	CURATED:55[0];HGNC.Current:8385[1];HGNC.Current:8385[1>0];Ensembl.HGNC:149490[3>0]
uc010mlo.4	Ensembl.UCSC:13495[3];Ensembl.UCSC:13495[3>0]	ENSG00000196092	CURATED:197[0];HGNC.Current:24886[1];HGNC.Current:24886[1>0];Ensembl.HGNC:12927[3>0]
uc010mlp.3	Ensembl.UCSC:13574[3];Ensembl.UCSC:13574[3>0]	ENSG00000196092	CURATED:197[0];HGNC.Current:24886[1];HGNC.Current:24886[1>0];Ensembl.HGNC:12927[3>0]
uc010mlr.4	Ensembl.UCSC:13510[3];Ensembl.UCSC:13510[3>0]	ENSG00000196092	CURATED:197[0];HGNC.Current:24886[1];HGNC.Current:24886[1>0];Ensembl.HGNC:12927[3>0]
uc010mls.4	Ensembl.UCSC:13597[3];Ensembl.UCSC:13597[3>0]	ENSG00000196092	CURATED:197[0];HGNC.Current:24886[1];HGNC.Current:24886[1>0];Ensembl.HGNC:12927[3>0]
uc010mzy.5	Ensembl.UCSC:87132[3];Ensembl.UCSC:87132[3>0]	ENSG00000165702	CURATED:84[0];HGNC.Current:10205[1];HGNC.Current:10205[1>0];Ensembl.HGNC:87544[3>0]
uc010ogj.3	Ensembl.UCSC:175370[3];Ensembl.UCSC:175370[3>0]	ENSG00000142910	CURATED:5[0];HGNC.Current:1429[1];HGNC.Current:38928[8>1];HGNC.Current:38928[1];HGNC.Current:38928[1>0];Ensembl.HGNC:175588[3>0]
uc010oos.3	Ensembl.UCSC:270549[3];Ensembl.UCSC:270549[3>0]	ENSG00000162599	CURATED:183[0];HGNC.Current:22664[1];HGNC.Current:22664[1>0];Ensembl.HGNC:270168[3>0]
uc010pdy.3	Ensembl.UCSC:86681[3];Ensembl.UCSC:86681[3>0]	ENSG00000143621	CURATED:127[0];HGNC.Current:13290[1];HGNC.Current:13290[1>0];Ensembl.HGNC:87072[3>0]
uc010pis.3	Ensembl.UCSC:260699[3];Ensembl.UCSC:260699[3>0]	ENSG00000163565	CURATED:124[0];HGNC.Current:12568[1];HGNC.Current:12568[1>0];Ensembl.HGNC:260310[3>0]
uc010pku.3	Ensembl.UCSC:270305[3];Ensembl.UCSC:270305[3>0]	ENSG00000185630	CURATED:199[0];HGNC.Current:24905[1];HGNC.Current:24905[1>0];Ensembl.HGNC:269930[3>0]
uc010plh.3	Ensembl.UCSC:88202[3];Ensembl.UCSC:88202[3>0]	ENSG00000143190	CURATED:201[0];HGNC.Current:26330[1];HGNC.Current:26330[1>0];Ensembl.HGNC:87858[3>0]
uc010pvm.5	Ensembl.UCSC:175937[3];Ensembl.UCSC:175937[3>0]	ENSG00000185155	CURATED:170[0];HGNC.Current:20651[1];HGNC.Current:20651[1>0];Ensembl.HGNC:176207[3>0]
uc010qaj.3	Ensembl.UCSC:9746[3];Ensembl.UCSC:9746[3>0]	ENSG00000067082	CURATED:146[0];HGNC.Current:14134[1];HGNC.Current:14134[1>0];Ensembl.HGNC:9725[3>0]
uc010qeh.3	Ensembl.UCSC:92799[3];Ensembl.UCSC:92799[3>0]	ENSG00000148516	CURATED:271[0];HGNC.Current:42924[1];HGNC.Current:42924[1>0];Ensembl.HGNC:92740[3>0]
uc010qin.5	Ensembl.UCSC:114514[3];Ensembl.UCSC:114514[3>0]	ENSG00000122877	CURATED:41[0];HGNC.Current:7620[1];HGNC.Current:7620[1>0];Ensembl.HGNC:114586[3>0]
uc010qps.3	Ensembl.UCSC:174393[3];Ensembl.UCSC:174393[3>0]	ENSG00000075891	CURATED:195[0];HGNC.Current:24883[1];HGNC.Current:24883[1>0];Ensembl.HGNC:174222[3>0]
uc010qrc.3	Ensembl.UCSC:74157[3];Ensembl.UCSC:74157[3>0]	ENSG00000119950	CURATED:174[0];HGNC.Current:21940[1];HGNC.Current:21940[1>0];Ensembl.HGNC:73472[3>0]
uc010qrn.3	Ensembl.UCSC:156095[3];Ensembl.UCSC:156095[3>0]	ENSG00000148737	CURATED:254[0];HGNC.Current:38510[1];HGNC.Current:38516[10>1];HGNC.Current:38516[1];HGNC.Current:38516[1>0];Ensembl.HGNC:152776[3>0]
uc010qrp.4	Ensembl.UCSC:156217[3];Ensembl.UCSC:156217[3>0]	ENSG00000148737	CURATED:254[0];HGNC.Current:38510[1];HGNC.Current:38516[10>1];HGNC.Current:38516[1];HGNC.Current:38516[1>0];Ensembl.HGNC:152776[3>0]
uc010quf.4	Ensembl.UCSC:41680[3];Ensembl.UCSC:41680[3>0]	ENSG00000229544	CURATED:186[0];HGNC.Current:22804[1];HGNC.Current:22804[1>0];Ensembl.HGNC:41996[3>0]
uc010rem.4	Ensembl.UCSC:238628[3];Ensembl.UCSC:238628[3>0]	ENSG00000135363	CURATED:153[0];HGNC.Current:17420[1];HGNC.Current:17420[1>0];Ensembl.HGNC:238384[3>0]
uc010sbs.3	Ensembl.UCSC:242361[3];Ensembl.UCSC:242361[3>0]	ENSG00000134954	CURATED:50[0];HGNC.Current:8351[1];HGNC.Current:8351[1>0];Ensembl.HGNC:242014[3>0]
uc010sbt.3	Ensembl.UCSC:228594[3];Ensembl.UCSC:228594[3>0]	ENSG00000151702	CURATED:56[0];HGNC.Current:9325[1];HGNC.Current:9325[1>0];Ensembl.HGNC:228559[3>0]
uc010sbu.4	Ensembl.UCSC:228612[3];Ensembl.UCSC:228612[3>0]	ENSG00000151702	CURATED:56[0];HGNC.Current:9325[1];HGNC.Current:9325[1>0];Ensembl.HGNC:228559[3>0]
uc010sbv.3	Ensembl.UCSC:228627[3];Ensembl.UCSC:228627[3>0]	ENSG00000151702	CURATED:56[0];HGNC.Current:9325[1];HGNC.Current:9325[1>0];Ensembl.HGNC:228559[3>0]
uc010sob.3	Ensembl.UCSC:49218[3];Ensembl.UCSC:49218[3>0]	ENSG00000172819	CURATED:208[0];HGNC.Current:27805[1];HGNC.Current:27805[1>0];Ensembl.HGNC:49004[3>0]
uc010syv.3	Ensembl.UCSC:105717[3];Ensembl.UCSC:105717[3>0]	ENSG00000089225	CURATED:250[0];HGNC.Current:38456[1];HGNC.Current:38456[1>0];Ensembl.HGNC:105693[3>0]
uc010tfc.3	Ensembl.UCSC:2761[3];Ensembl.UCSC:2761[3>0]	ENSG00000120690	CURATED:42[0];HGNC.Current:7810[1];HGNC.Current:7810[1>0];Ensembl.HGNC:2739[3>0]
uc010tva.3	Ensembl.UCSC:13289[3];Ensembl.UCSC:13289[3>0]	ENSG00000170345	CURATED:57[0];HGNC.Current:9414[1];HGNC.Current:9414[1>0];Ensembl.HGNC:13428[3>0]
uc010ukd.3	Ensembl.UCSC:138800[3];Ensembl.UCSC:138800[3>0]	ENSG00000140332	CURATED:261[0];HGNC.Current:38963[1];HGNC.Current:38963[1>0];Ensembl.HGNC:135860[3>0]
uc010uri.4	Ensembl.UCSC:47319[3];Ensembl.UCSC:47319[3>0]	ENSG00000185551	CURATED:190[0];HGNC.Current:23168[1];HGNC.Current:23168[1>0];Ensembl.HGNC:47561[3>0]
uc010urj.2	Ensembl.UCSC:47358[3];Ensembl.UCSC:47358[3>0]	ENSG00000185551	CURATED:190[0];HGNC.Current:23168[1];HGNC.Current:23168[1>0];Ensembl.HGNC:47561[3>0]
uc010urk.3	Ensembl.UCSC:47352[3];Ensembl.UCSC:47352[3>0]	ENSG00000185551	CURATED:190[0];HGNC.Current:23168[1];HGNC.Current:23168[1>0];Ensembl.HGNC:47561[3>0]
uc010urv.3	Ensembl.UCSC:175949[3];Ensembl.UCSC:175949[3>0]	ENSG00000068305	CURATED:161[0];HGNC.Current:18376[1];HGNC.Current:18376[1>0];Ensembl.HGNC:175896[3>0]
uc010veh.4	Ensembl.UCSC:168300[3];Ensembl.UCSC:168300[3>0]	ENSG00000149922	CURATED:251[0];HGNC.Current:38458[1];HGNC.Current:38458[1>0];Ensembl.HGNC:168356[3>0]
uc010vkl.3	Ensembl.UCSC:79417[3];Ensembl.UCSC:79417[3>0]	ENSG00000072736	CURATED:180[0];HGNC.Current:22654[1];HGNC.Current:22654[1>0];Ensembl.HGNC:77902[3>0]
uc010vko.3	Ensembl.UCSC:79716[3];Ensembl.UCSC:79716[3>0]	ENSG00000072736	CURATED:180[0];HGNC.Current:22654[1];HGNC.Current:22654[1>0];Ensembl.HGNC:77902[3>0]
uc010wfe.3	Ensembl.UCSC:42992[3];Ensembl.UCSC:42992[3>0]	ENSG00000131759	CURATED:206[0];HGNC.Current:27801[1];HGNC.Current:27801[1>0];Ensembl.HGNC:42605[3>0]
uc010wgh.2	Ensembl.UCSC:266320[3];Ensembl.UCSC:266320[3>0]	ENSG00000168610	CURATED:242[0];HGNC.Current:37779[1];HGNC.Current:37779[1>0];Ensembl.HGNC:265687[3>0]
uc010xdu.2	Ensembl.UCSC:18559[3];Ensembl.UCSC:18559[3>0]	ENSG00000196628	CURATED:254[0];HGNC.Current:38510[1];HGNC.Current:38510[1>0];Ensembl.HGNC:12536[3>0]
uc010xdv.2	Ensembl.UCSC:18691[3];Ensembl.UCSC:18691[3>0]	ENSG00000196628	CURATED:254[0];HGNC.Current:38510[1];HGNC.Current:38510[1>0];Ensembl.HGNC:12536[3>0]
uc010xdw.2	Ensembl.UCSC:18580[3];Ensembl.UCSC:18580[3>0]	ENSG00000196628	CURATED:254[0];HGNC.Current:38510[1];HGNC.Current:38510[1>0];Ensembl.HGNC:12536[3>0]
uc010xdx.2	Ensembl.UCSC:18511[3];Ensembl.UCSC:18511[3>0]	ENSG00000196628	CURATED:254[0];HGNC.Current:38510[1];HGNC.Current:38510[1>0];Ensembl.HGNC:12536[3>0]
uc010xdy.2	Ensembl.UCSC:18523[3];Ensembl.UCSC:18523[3>0]	ENSG00000196628	CURATED:254[0];HGNC.Current:38510[1];HGNC.Current:38510[1>0];Ensembl.HGNC:12536[3>0]
uc010ycc.3	Ensembl.UCSC:169756[3];Ensembl.UCSC:169756[3>0]	ENSG00000269404	CURATED:240[0];HGNC.Current:37338[1];HGNC.Current:37338[1>0];Ensembl.HGNC:169888[3>0]
uc010yqi.2	Ensembl.UCSC:274870[3];Ensembl.UCSC:274870[3>0]	ENSG00000143995	CURATED:164[0];HGNC.Current:18399[1];HGNC.Current:18399[1>0];Ensembl.HGNC:274483[3>0]
uc010yqs.3	Ensembl.UCSC:208922[3];Ensembl.UCSC:208922[3>0]	ENSG00000059728	CURATED:173[0];HGNC.Current:21937[1];HGNC.Current:21937[1>0];Ensembl.HGNC:208732[3>0]
uc010yrd.4	Ensembl.UCSC:272432[3];Ensembl.UCSC:272432[3>0]	ENSG00000214513	CURATED:188[0];HGNC.Current:22989[1];HGNC.Current:22989[1>0];Ensembl.HGNC:272078[3>0]
uc010zbm.3	Ensembl.UCSC:237310[3];Ensembl.UCSC:237310[3>0]	ENSG00000169554	CURATED:272[0];HGNC.Current:42926[1];HGNC.Current:42926[1>0];Ensembl.HGNC:236783[3>0]
uc010zex.4	Ensembl.UCSC:211140[3];Ensembl.UCSC:211140[3>0]	ENSG00000128709	CURATED:120[0];HGNC.Current:12186[1];HGNC.Current:12186[1>0];Ensembl.HGNC:211063[3>0]
uc010zfa.4	Ensembl.UCSC:261274[3];Ensembl.UCSC:261274[3>0]	ENSG00000116044	CURATED:182[0];HGNC.Current:22659[1];HGNC.Current:22659[1>0];Ensembl.HGNC:260805[3>0]
uc010znx.2	Ensembl.UCSC:271857[3];Ensembl.UCSC:271857[3>0]	ENSG00000233608	CURATED:265[0];HGNC.Current:41287[1];HGNC.Current:41287[1>0];Ensembl.HGNC:271493[3>0]
uc011aek.3	Ensembl.UCSC:15815[3];Ensembl.UCSC:15815[3>0]	ENSG00000157554	CURATED:49[0];HGNC.Current:8145[1];HGNC.Current:8145[1>0];Ensembl.HGNC:15734[3>0]
uc011ael.3	Ensembl.UCSC:15781[3];Ensembl.UCSC:15781[3>0]	ENSG00000157554	CURATED:49[0];HGNC.Current:8145[1];HGNC.Current:8145[1>0];Ensembl.HGNC:15734[3>0]
uc011axc.3	Ensembl.UCSC:242497[3];Ensembl.UCSC:242497[3>0]	ENSG00000163508	CURATED:47[0];HGNC.Current:8038[1];HGNC.Current:8038[1>0];Ensembl.HGNC:242266[3>0]
uc011azf.3	Ensembl.UCSC:264367[3];Ensembl.UCSC:264367[3>0]	ENSG00000168036	CURATED:26[0];HGNC.Current:5816[1];HGNC.Current:5816[1>0];Ensembl.HGNC:263315[3>0]
uc011bgb.3	Ensembl.UCSC:258450[3];Ensembl.UCSC:258450[3>0]	ENSG00000187098	CURATED:169[0];HGNC.Current:20644[1];HGNC.Current:20644[1>0];Ensembl.HGNC:258015[3>0]
uc011bnf.3	Ensembl.UCSC:121985[3];Ensembl.UCSC:121985[3>0]	ENSG00000114126	CURATED:259[0];HGNC.Current:38724[1];HGNC.Current:38724[1>0];Ensembl.HGNC:121918[3>0]
uc011bng.3	Ensembl.UCSC:121966[3];Ensembl.UCSC:121966[3>0]	ENSG00000114126	CURATED:259[0];HGNC.Current:38724[1];HGNC.Current:38724[1>0];Ensembl.HGNC:121918[3>0]
uc011cad.2	Ensembl.UCSC:214600[3];Ensembl.UCSC:214600[3>0]	ENSG00000171476	CURATED:101[0];HGNC.Current:12128[1];HGNC.Current:12128[1>0];Ensembl.HGNC:214506[3>0]
uc011cep.3	Ensembl.UCSC:162983[3];Ensembl.UCSC:162983[3>0]	ENSG00000109320	CURATED:184[0];HGNC.Current:22673[1];HGNC.Current:22673[1>0];Ensembl.HGNC:162880[3>0]
uc011ceq.3	Ensembl.UCSC:162969[3];Ensembl.UCSC:162969[3>0]	ENSG00000109320	CURATED:184[0];HGNC.Current:22673[1];HGNC.Current:22673[1>0];Ensembl.HGNC:162880[3>0]
uc011cer.3	Ensembl.UCSC:163042[3];Ensembl.UCSC:163042[3>0]	ENSG00000109320	CURATED:184[0];HGNC.Current:22673[1];HGNC.Current:22673[1>0];Ensembl.HGNC:162880[3>0]
uc011cfk.3	Ensembl.UCSC:114807[3];Ensembl.UCSC:114807[3>0]	ENSG00000138795	CURATED:150[0];HGNC.Current:14850[1];HGNC.Current:14850[1>0];Ensembl.HGNC:114307[3>0]
uc011dfe.3	Ensembl.UCSC:186071[3];Ensembl.UCSC:186071[3>0]	ENSG00000183072	CURATED:187[0];HGNC.Current:22811[1];HGNC.Current:22811[1>0];Ensembl.HGNC:186032[3>0]
uc011dih.3	Ensembl.UCSC:103458[3];Ensembl.UCSC:103458[3>0]	ENSG00000137203	CURATED:256[0];HGNC.Current:38706[1];HGNC.Current:38706[1>0];Ensembl.HGNC:103510[3>0]
uc011dvy.2	Ensembl.UCSC:26115[3];Ensembl.UCSC:26115[3>0]	ENSG00000124813	CURATED:215[0];HGNC.Current:34452[1];HGNC.Current:34452[1>0];Ensembl.HGNC:25880[3>0]
uc011jxz.3	Ensembl.UCSC:22176[3];Ensembl.UCSC:22176[3>0]	ENSG00000106546	CURATED:1[0];HGNC.Current:702[1];HGNC.Current:702[1>0];Ensembl.HGNC:22321[3>0]
uc011jzl.3	Ensembl.UCSC:153044[3];Ensembl.UCSC:153044[3>0]	ENSG00000105997	CURATED:105[0];HGNC.Current:12140[1];HGNC.Current:12140[1>0];Ensembl.HGNC:153294[3>0]
uc011jzm.4	Ensembl.UCSC:169422[3];Ensembl.UCSC:169422[3>0]	ENSG00000253293	CURATED:103[0];HGNC.Current:12146[1];HGNC.Current:12146[1>0];Ensembl.HGNC:169678[3>0]
uc011kck.3	Ensembl.UCSC:188504[3];Ensembl.UCSC:188504[3>0]	ENSG00000185811	CURATED:125[0];HGNC.Current:13181[1];HGNC.Current:13181[1>0];Ensembl.HGNC:188341[3>0]
uc011kim.2	Ensembl.UCSC:63246[3];Ensembl.UCSC:63246[3>0]	ENSG00000105880	CURATED:29[0];HGNC.Current:6742[1];HGNC.Current:6742[1>0];Ensembl.HGNC:63611[3>0]
uc011kmw.4	Ensembl.UCSC:63903[3];Ensembl.UCSC:63903[3>0]	ENSG00000105967	CURATED:260[0];HGNC.Current:38728[1];HGNC.Current:38728[1>0];Ensembl.HGNC:64107[3>0]
uc011kxc.3	Ensembl.UCSC:117037[3];Ensembl.UCSC:117037[3>0]	ENSG00000136574	CURATED:79[0];HGNC.Current:10072[1];HGNC.Current:10072[1>0];Ensembl.HGNC:117007[3>0]
uc011lhj.3	Ensembl.UCSC:107582[3];Ensembl.UCSC:107582[3>0]	ENSG00000155090	CURATED:140[0];HGNC.Current:14142[1];HGNC.Current:14142[1>0];Ensembl.HGNC:107950[3>0]
uc011lhk.4	Ensembl.UCSC:107568[3];Ensembl.UCSC:107568[3>0]	ENSG00000155090	CURATED:140[0];HGNC.Current:14142[1];HGNC.Current:14142[1>0];Ensembl.HGNC:107950[3>0]
uc011lpw.3	Ensembl.UCSC:13706[3];Ensembl.UCSC:13706[3>0]	ENSG00000196092	CURATED:197[0];HGNC.Current:24886[1];HGNC.Current:24886[1>0];Ensembl.HGNC:12927[3>0]
uc011lpx.3	Ensembl.UCSC:13666[3];Ensembl.UCSC:13666[3>0]	ENSG00000196092	CURATED:197[0];HGNC.Current:24886[1];HGNC.Current:24886[1>0];Ensembl.HGNC:12927[3>0]
uc011lpy.3	Ensembl.UCSC:13688[3];Ensembl.UCSC:13688[3>0]	ENSG00000196092	CURATED:197[0];HGNC.Current:24886[1];HGNC.Current:24886[1>0];Ensembl.HGNC:12927[3>0]
uc011lpz.3	Ensembl.UCSC:13700[3];Ensembl.UCSC:13700[3>0]	ENSG00000196092	CURATED:197[0];HGNC.Current:24886[1];HGNC.Current:24886[1>0];Ensembl.HGNC:12927[3>0]
uc011lqa.3	Ensembl.UCSC:13683[3];Ensembl.UCSC:13683[3>0]	ENSG00000196092	CURATED:197[0];HGNC.Current:24886[1];HGNC.Current:24886[1>0];Ensembl.HGNC:12927[3>0]
uc011lqc.3	Ensembl.UCSC:13665[3];Ensembl.UCSC:13665[3>0]	ENSG00000196092	CURATED:197[0];HGNC.Current:24886[1];HGNC.Current:24886[1>0];Ensembl.HGNC:12927[3>0]
uc011maa.3	Ensembl.UCSC:20361[3];Ensembl.UCSC:20361[3>0]	ENSG00000136944	CURATED:156[0];HGNC.Current:17435[1];HGNC.Current:17435[1>0];Ensembl.HGNC:20365[3>0]
uc011mop.2	Ensembl.UCSC:16993[3];Ensembl.UCSC:16993[3>0]	ENSG00000102349	CURATED:148[0];HGNC.Current:14138[1];HGNC.Current:14138[1>0];Ensembl.HGNC:17096[3>0]
uc011mqk.4	Ensembl.UCSC:162172[3];Ensembl.UCSC:162172[3>0]	ENSG00000131264	CURATED:17[0];HGNC.Current:4224[1];HGNC.Current:4224[1>0];Ensembl.HGNC:162344[3>0]
uc021ofq.2	Ensembl.UCSC:275645[3];Ensembl.UCSC:275645[3>0]	ENSG00000171735	CURATED:14[0];HGNC.Current:3339[1];HGNC.Current:3339[1>0];Ensembl.HGNC:275261[3>0]
uc021ofr.2	Ensembl.UCSC:275642[3];Ensembl.UCSC:275642[3>0]	ENSG00000171735	CURATED:14[0];HGNC.Current:3339[1];HGNC.Current:3339[1>0];Ensembl.HGNC:275261[3>0]
uc021oko.2	Ensembl.UCSC:175390[3];Ensembl.UCSC:175390[3>0]	ENSG00000142910	CURATED:5[0];HGNC.Current:1429[1];HGNC.Current:38928[8>1];HGNC.Current:38928[1];HGNC.Current:38928[1>0];Ensembl.HGNC:175588[3>0]
uc021pdz.1	Ensembl.UCSC:95384[3];Ensembl.UCSC:95384[3>0]	ENSG00000162761	CURATED:155[0];HGNC.Current:17432[1];HGNC.Current:17432[1>0];Ensembl.HGNC:95877[3>0]
uc021pea.2	Ensembl.UCSC:88811[3];Ensembl.UCSC:88811[3>0]	ENSG00000143171	CURATED:219[0];HGNC.Current:34481[1];HGNC.Current:34481[1>0];Ensembl.HGNC:88940[3>0]
uc021pyi.3	Ensembl.UCSC:156029[3];Ensembl.UCSC:156029[3>0]	ENSG00000148737	CURATED:254[0];HGNC.Current:38510[1];HGNC.Current:38516[10>1];HGNC.Current:38516[1];HGNC.Current:38516[1>0];Ensembl.HGNC:152776[3>0]
uc021pyj.2	Ensembl.UCSC:156097[3];Ensembl.UCSC:156097[3>0]	ENSG00000148737	CURATED:254[0];HGNC.Current:38510[1];HGNC.Current:38516[10>1];HGNC.Current:38516[1];HGNC.Current:38516[1>0];Ensembl.HGNC:152776[3>0]
uc021pyk.2	Ensembl.UCSC:156323[3];Ensembl.UCSC:156323[3>0]	ENSG00000148737	CURATED:254[0];HGNC.Current:38510[1];HGNC.Current:38516[10>1];HGNC.Current:38516[1];HGNC.Current:38516[1>0];Ensembl.HGNC:152776[3>0]
uc021qfl.2	Ensembl.UCSC:218575[3];Ensembl.UCSC:218575[3>0]	ENSG00000007372	CURATED:198[0];HGNC.Current:24887[1];HGNC.Current:24887[1>0];Ensembl.HGNC:216546[3>0]
uc021tin.2	Ensembl.UCSC:167757[3];Ensembl.UCSC:167757[3>0]	ENSG00000176842	CURATED:134[0];HGNC.Current:13524[1];HGNC.Current:13524[1>0];Ensembl.HGNC:167880[3>0]
uc021tzf.1	Ensembl.UCSC:245194[3];Ensembl.UCSC:245194[3>0]	ENSG00000120094	CURATED:110[0];HGNC.Current:12156[1];HGNC.Current:12156[1>0];Ensembl.HGNC:244944[3>0]
uc021ukg.2	Ensembl.UCSC:18598[3];Ensembl.UCSC:18598[3>0]	ENSG00000196628	CURATED:254[0];HGNC.Current:38510[1];HGNC.Current:38510[1>0];Ensembl.HGNC:12536[3>0]
uc021ukh.2	Ensembl.UCSC:18471[3];Ensembl.UCSC:18471[3>0]	ENSG00000196628	CURATED:254[0];HGNC.Current:38510[1];HGNC.Current:38510[1>0];Ensembl.HGNC:12536[3>0]
uc021uki.2	Ensembl.UCSC:18624[3];Ensembl.UCSC:18624[3>0]	ENSG00000196628	CURATED:254[0];HGNC.Current:38510[1];HGNC.Current:38510[1>0];Ensembl.HGNC:12536[3>0]
uc021ukj.2	Ensembl.UCSC:17888[3];Ensembl.UCSC:17888[3>0]	ENSG00000196628	CURATED:254[0];HGNC.Current:38510[1];HGNC.Current:38510[1>0];Ensembl.HGNC:12536[3>0]
uc021ukl.2	Ensembl.UCSC:18642[3];Ensembl.UCSC:18642[3>0]	ENSG00000196628	CURATED:254[0];HGNC.Current:38510[1];HGNC.Current:38510[1>0];Ensembl.HGNC:12536[3>0]
uc021ukm.2	Ensembl.UCSC:18785[3];Ensembl.UCSC:18785[3>0]	ENSG00000196628	CURATED:254[0];HGNC.Current:38510[1];HGNC.Current:38510[1>0];Ensembl.HGNC:12536[3>0]
uc021vfg.2	Ensembl.UCSC:255160[3];Ensembl.UCSC:255160[3>0]	ENSG00000075426	CURATED:59[0];HGNC.Current:9418[1];HGNC.Current:9418[1>0];Ensembl.HGNC:254874[3>0]
uc021vim.2	Ensembl.UCSC:58667[3];Ensembl.UCSC:58667[3>0]	ENSG00000115507	CURATED:193[0];HGNC.Current:24602[1];HGNC.Current:24602[1>0];Ensembl.HGNC:59128[3>0]
uc021vqh.1	Ensembl.UCSC:237414[3];Ensembl.UCSC:237414[3>0]	ENSG00000169554	CURATED:272[0];HGNC.Current:42926[1];HGNC.Current:42926[1>0];Ensembl.HGNC:236783[3>0]
uc021vue.3	Ensembl.UCSC:257325[3];Ensembl.UCSC:257325[3>0]	ENSG00000115415	CURATED:241[0];HGNC.Current:37777[1];HGNC.Current:37777[1>0];Ensembl.HGNC:256520[3>0]
uc021xal.2	Ensembl.UCSC:258504[3];Ensembl.UCSC:258504[3>0]	ENSG00000187098	CURATED:169[0];HGNC.Current:20644[1];HGNC.Current:20644[1>0];Ensembl.HGNC:258015[3>0]
uc021xam.2	Ensembl.UCSC:258507[3];Ensembl.UCSC:258507[3>0]	ENSG00000187098	CURATED:169[0];HGNC.Current:20644[1];HGNC.Current:20644[1>0];Ensembl.HGNC:258015[3>0]
uc021xan.3	Ensembl.UCSC:203116[3];Ensembl.UCSC:203116[3>0]	ENSG00000114861	CURATED:73[0];HGNC.Current:9478[1];HGNC.Current:9478[1>0];Ensembl.HGNC:201807[3>0]
uc021xao.3	Ensembl.UCSC:203018[3];Ensembl.UCSC:203018[3>0]	ENSG00000114861	CURATED:73[0];HGNC.Current:9478[1];HGNC.Current:9478[1>0];Ensembl.HGNC:201807[3>0]
uc021ybg.2	Ensembl.UCSC:260237[3];Ensembl.UCSC:260237[3>0]	ENSG00000081189	CURATED:162[0];HGNC.Current:18379[1];HGNC.Current:18379[1>0];Ensembl.HGNC:259555[3>0]
uc021ybh.2	Ensembl.UCSC:260242[3];Ensembl.UCSC:260242[3>0]	ENSG00000081189	CURATED:162[0];HGNC.Current:18379[1];HGNC.Current:18379[1>0];Ensembl.HGNC:259555[3>0]
uc021ybk.3	Ensembl.UCSC:251829[3];Ensembl.UCSC:251829[3>0]	ENSG00000175745	CURATED:189[0];HGNC.Current:23166[1];HGNC.Current:23166[1>0];Ensembl.HGNC:251584[3>0]
uc021ymj.2	Ensembl.UCSC:153653[3];Ensembl.UCSC:153653[3>0]	ENSG00000112242	CURATED:34[0];HGNC.Current:7366[1];HGNC.Current:7366[1>0];Ensembl.HGNC:153786[3>0]
uc022aak.3	Ensembl.UCSC:161442[3];Ensembl.UCSC:161442[3>0]	ENSG00000164651	CURATED:238[0];HGNC.Current:37167[1];HGNC.Current:37167[1>0];Ensembl.HGNC:161528[3>0]
uc022aas.2	Ensembl.UCSC:149154[3];Ensembl.UCSC:149154[3>0]	ENSG00000078399	CURATED:109[0];HGNC.Current:12145[1];HGNC.Current:12145[1>0];Ensembl.HGNC:149267[3>0]
uc022acs.2	Ensembl.UCSC:188489[3];Ensembl.UCSC:188489[3>0]	ENSG00000185811	CURATED:125[0];HGNC.Current:13181[1];HGNC.Current:13181[1>0];Ensembl.HGNC:188341[3>0]
uc022acz.2	Ensembl.UCSC:188491[3];Ensembl.UCSC:188491[3>0]	ENSG00000185811	CURATED:125[0];HGNC.Current:13181[1];HGNC.Current:13181[1>0];Ensembl.HGNC:188341[3>0]
uc022ahu.3	Ensembl.UCSC:66503[3];Ensembl.UCSC:66503[3>0]	ENSG00000006377	CURATED:30[0];HGNC.Current:6743[1];HGNC.Current:6743[1>0];Ensembl.HGNC:66752[3>0]
uc022bbe.2	Ensembl.UCSC:181670[3];Ensembl.UCSC:181670[3>0]	ENSG00000136997	CURATED:177[0];HGNC.Current:21961[1];HGNC.Current:21961[1>0];Ensembl.HGNC:181822[3>0]
uc031pty.3	Ensembl.UCSC:167982[3];Ensembl.UCSC:167982[3>0]	ENSG00000095794	CURATED:25[0];HGNC.Current:5517[1];HGNC.Current:5517[1>0];Ensembl.HGNC:166924[3>0]
uc031pua.2	Ensembl.UCSC:167999[3];Ensembl.UCSC:167999[3>0]	ENSG00000095794	CURATED:25[0];HGNC.Current:5517[1];HGNC.Current:5517[1>0];Ensembl.HGNC:166924[3>0]
uc031pud.2	Ensembl.UCSC:168109[3];Ensembl.UCSC:168109[3>0]	ENSG00000095794	CURATED:25[0];HGNC.Current:5517[1];HGNC.Current:5517[1>0];Ensembl.HGNC:166924[3>0]
uc031pxz.2	Ensembl.UCSC:232270[3];Ensembl.UCSC:232270[3>0]	ENSG00000185507	CURATED:130[0];HGNC.Current:13505[1];HGNC.Current:13505[1>0];Ensembl.HGNC:231997[3>0]
uc031rqz.3	Ensembl.UCSC:265452[3];Ensembl.UCSC:265452[3>0]	ENSG00000118263	CURATED:147[0];HGNC.Current:14135[1];HGNC.Current:14135[1>0];Ensembl.HGNC:265108[3>0]
uc031rrb.2	Ensembl.UCSC:265441[3];Ensembl.UCSC:265441[3>0]	ENSG00000118263	CURATED:147[0];HGNC.Current:14135[1];HGNC.Current:14135[1>0];Ensembl.HGNC:265108[3>0]
uc031rvg.2	Ensembl.UCSC:38752[3];Ensembl.UCSC:38752[3>0]	ENSG00000159216	CURATED:214[0];HGNC.Current:34448[1];HGNC.Current:34448[1>0];Ensembl.HGNC:38975[3>0]
uc031sei.2	Ensembl.UCSC:214578[3];Ensembl.UCSC:214578[3>0]	ENSG00000171476	CURATED:101[0];HGNC.Current:12128[1];HGNC.Current:12128[1>0];Ensembl.HGNC:214506[3>0]
uc031ses.2	Ensembl.UCSC:75606[3];Ensembl.UCSC:75606[3>0]	ENSG00000084093	CURATED:210[0];HGNC.Current:28171[1];HGNC.Current:28171[1>0];Ensembl.HGNC:75638[3>0]
uc031tbu.2	Ensembl.UCSC:26694[3];Ensembl.UCSC:26694[3>0]	ENSG00000120963	CURATED:277[0];HGNC.Current:43605[1];HGNC.Current:43605[1>0];Ensembl.HGNC:26769[3>0]
uc031tbv.2	Ensembl.UCSC:26696[3];Ensembl.UCSC:26696[3>0]	ENSG00000120963	CURATED:277[0];HGNC.Current:43605[1];HGNC.Current:43605[1>0];Ensembl.HGNC:26769[3>0]
uc031tjr.2	Ensembl.UCSC:16998[3];Ensembl.UCSC:16998[3>0]	ENSG00000102349	CURATED:148[0];HGNC.Current:14138[1];HGNC.Current:14138[1>0];Ensembl.HGNC:17096[3>0]
uc031vpt.2	Ensembl.UCSC:175936[3];Ensembl.UCSC:175936[3>0]	ENSG00000185155	CURATED:170[0];HGNC.Current:20651[1];HGNC.Current:20651[1>0];Ensembl.HGNC:176207[3>0]
uc032eet.2	Ensembl.UCSC:42818[3];Ensembl.UCSC:42818[3>0]	ENSG00000140836	CURATED:273[0];HGNC.Current:42949[1];HGNC.Current:42949[1>0];Ensembl.HGNC:42920[3>0]
uc032feb.2	Ensembl.UCSC:140088[3];Ensembl.UCSC:140088[3>0]	ENSG00000273706	CURATED:151[0];HGNC.Current:14926[1];HGNC.Current:14926[1>0];Ensembl.HGNC:140197[3>0]
uc032iag.2	Ensembl.UCSC:236849[3];Ensembl.UCSC:236849[3>0]	ENSG00000125740	CURATED:58[0];HGNC.Current:9415[1];HGNC.Current:9415[1>0];Ensembl.HGNC:236716[3>0]
uc032iah.2	Ensembl.UCSC:236852[3];Ensembl.UCSC:236852[3>0]	ENSG00000125740	CURATED:58[0];HGNC.Current:9415[1];HGNC.Current:9415[1>0];Ensembl.HGNC:236716[3>0]
uc032owx.2	Ensembl.UCSC:120537[3];Ensembl.UCSC:120537[3>0]	ENSG00000144485	CURATED:93[0];HGNC.Current:11568[1];HGNC.Current:11568[1>0];Ensembl.HGNC:120592[3>0]
uc032owz.3	Ensembl.UCSC:271859[3];Ensembl.UCSC:271859[3>0]	ENSG00000233608	CURATED:265[0];HGNC.Current:41287[1];HGNC.Current:41287[1>0];Ensembl.HGNC:271493[3>0]
uc032pkp.3	Ensembl.UCSC:124670[3];Ensembl.UCSC:124670[3>0]	ENSG00000101076	CURATED:100[0];HGNC.Current:11954[1];HGNC.Current:11954[1>0];Ensembl.HGNC:124322[3>0]
uc032uyj.4	Ensembl.UCSC:211685[3];Ensembl.UCSC:211685[3>0]	ENSG00000251493	CURATED:64[0];HGNC.Current:9429[1];HGNC.Current:9429[1>0];Ensembl.HGNC:211581[3>0]
uc032vlq.2	Ensembl.UCSC:248650[3];Ensembl.UCSC:248650[3>0]	ENSG00000069011	CURATED:200[0];HGNC.Current:25825[1];HGNC.Current:25825[1>0];Ensembl.HGNC:248371[3>0]
uc032wwu.2	Ensembl.UCSC:26112[3];Ensembl.UCSC:26112[3>0]	ENSG00000124813	CURATED:215[0];HGNC.Current:34452[1];HGNC.Current:34452[1>0];Ensembl.HGNC:25880[3>0]
uc032zgm.3	Ensembl.UCSC:161425[3];Ensembl.UCSC:161425[3>0]	ENSG00000164651	CURATED:238[0];HGNC.Current:37167[1];HGNC.Current:37167[1>0];Ensembl.HGNC:161528[3>0]
uc033edd.3	Ensembl.UCSC:148894[3];Ensembl.UCSC:148894[3>0]	ENSG00000049768	CURATED:74[0];HGNC.Current:9483[1];HGNC.Current:9483[1>0];Ensembl.HGNC:148487[3>0]
uc057bwr.1	Ensembl.UCSC:275640[3];Ensembl.UCSC:275640[3>0]	ENSG00000171735	CURATED:14[0];HGNC.Current:3339[1];HGNC.Current:3339[1>0];Ensembl.HGNC:275261[3>0]
uc057bws.1	Ensembl.UCSC:275650[3];Ensembl.UCSC:275650[3>0]	ENSG00000171735	CURATED:14[0];HGNC.Current:3339[1];HGNC.Current:3339[1>0];Ensembl.HGNC:275261[3>0]
uc057bwt.1	Ensembl.UCSC:275653[3];Ensembl.UCSC:275653[3>0]	ENSG00000171735	CURATED:14[0];HGNC.Current:3339[1];HGNC.Current:3339[1>0];Ensembl.HGNC:275261[3>0]
uc057bwu.2	Ensembl.UCSC:275649[3];Ensembl.UCSC:275649[3>0]	ENSG00000171735	CURATED:14[0];HGNC.Current:3339[1];HGNC.Current:3339[1>0];Ensembl.HGNC:275261[3>0]
uc057bwv.1	Ensembl.UCSC:275655[3];Ensembl.UCSC:275655[3>0]	ENSG00000171735	CURATED:14[0];HGNC.Current:3339[1];HGNC.Current:3339[1>0];Ensembl.HGNC:275261[3>0]
uc057bww.1	Ensembl.UCSC:275656[3];Ensembl.UCSC:275656[3>0]	ENSG00000171735	CURATED:14[0];HGNC.Current:3339[1];HGNC.Current:3339[1>0];Ensembl.HGNC:275261[3>0]
uc057bwx.1	Ensembl.UCSC:275657[3];Ensembl.UCSC:275657[3>0]	ENSG00000171735	CURATED:14[0];HGNC.Current:3339[1];HGNC.Current:3339[1>0];Ensembl.HGNC:275261[3>0]
uc057bwy.1	Ensembl.UCSC:275658[3];Ensembl.UCSC:275658[3>0]	ENSG00000171735	CURATED:14[0];HGNC.Current:3339[1];HGNC.Current:3339[1>0];Ensembl.HGNC:275261[3>0]
uc057bwz.1	Ensembl.UCSC:275659[3];Ensembl.UCSC:275659[3>0]	ENSG00000171735	CURATED:14[0];HGNC.Current:3339[1];HGNC.Current:3339[1>0];Ensembl.HGNC:275261[3>0]
uc057bxk.2	Ensembl.UCSC:275664[3];Ensembl.UCSC:275664[3>0]	ENSG00000171735	CURATED:14[0];HGNC.Current:3339[1];HGNC.Current:3339[1>0];Ensembl.HGNC:275261[3>0]
uc057bxl.1	Ensembl.UCSC:275673[3];Ensembl.UCSC:275673[3>0]	ENSG00000171735	CURATED:14[0];HGNC.Current:3339[1];HGNC.Current:3339[1>0];Ensembl.HGNC:275261[3>0]
uc057bxm.2	Ensembl.UCSC:275651[3];Ensembl.UCSC:275651[3>0]	ENSG00000171735	CURATED:14[0];HGNC.Current:3339[1];HGNC.Current:3339[1>0];Ensembl.HGNC:275261[3>0]
uc057dgd.1	Ensembl.UCSC:116853[3];Ensembl.UCSC:116853[3>0]	ENSG00000117318	CURATED:123[0];HGNC.Current:12534[1];HGNC.Current:12534[1>0];Ensembl.HGNC:117025[3>0]
uc057dge.1	Ensembl.UCSC:116854[3];Ensembl.UCSC:116854[3>0]	ENSG00000117318	CURATED:123[0];HGNC.Current:12534[1];HGNC.Current:12534[1>0];Ensembl.HGNC:117025[3>0]
uc057dkq.1	Ensembl.UCSC:273834[3];Ensembl.UCSC:273834[3>0]	ENSG00000020633	CURATED:216[0];HGNC.Current:34454[1];HGNC.Current:34454[1>0];Ensembl.HGNC:273507[3>0]
uc057dkr.1	Ensembl.UCSC:273835[3];Ensembl.UCSC:273835[3>0]	ENSG00000020633	CURATED:216[0];HGNC.Current:34454[1];HGNC.Current:34454[1>0];Ensembl.HGNC:273507[3>0]
uc057dow.2	Ensembl.UCSC:277121[3];Ensembl.UCSC:277121[3>0]	ENSG00000142684	CURATED:276[0];HGNC.Current:43496[1];HGNC.Current:43496[1>0];Ensembl.HGNC:276739[3>0]
uc057eeh.1	Ensembl.UCSC:175378[3];Ensembl.UCSC:175378[3>0]	ENSG00000142910	CURATED:5[0];HGNC.Current:1429[1];HGNC.Current:38928[8>1];HGNC.Current:38928[1];HGNC.Current:38928[1>0];Ensembl.HGNC:175588[3>0]
uc057eei.1	Ensembl.UCSC:175379[3];Ensembl.UCSC:175379[3>0]	ENSG00000142910	CURATED:5[0];HGNC.Current:1429[1];HGNC.Current:38928[8>1];HGNC.Current:38928[1];HGNC.Current:38928[1>0];Ensembl.HGNC:175588[3>0]
uc057eej.1	Ensembl.UCSC:175383[3];Ensembl.UCSC:175383[3>0]	ENSG00000142910	CURATED:5[0];HGNC.Current:1429[1];HGNC.Current:38928[8>1];HGNC.Current:38928[1];HGNC.Current:38928[1>0];Ensembl.HGNC:175588[3>0]
uc057eek.1	Ensembl.UCSC:175385[3];Ensembl.UCSC:175385[3>0]	ENSG00000142910	CURATED:5[0];HGNC.Current:1429[1];HGNC.Current:38928[8>1];HGNC.Current:38928[1];HGNC.Current:38928[1>0];Ensembl.HGNC:175588[3>0]
uc057eel.1	Ensembl.UCSC:175389[3];Ensembl.UCSC:175389[3>0]	ENSG00000142910	CURATED:5[0];HGNC.Current:1429[1];HGNC.Current:38928[8>1];HGNC.Current:38928[1];HGNC.Current:38928[1>0];Ensembl.HGNC:175588[3>0]
uc057eem.1	Ensembl.UCSC:175392[3];Ensembl.UCSC:175392[3>0]	ENSG00000142910	CURATED:5[0];HGNC.Current:1429[1];HGNC.Current:38928[8>1];HGNC.Current:38928[1];HGNC.Current:38928[1>0];Ensembl.HGNC:175588[3>0]
uc057een.1	Ensembl.UCSC:175396[3];Ensembl.UCSC:175396[3>0]	ENSG00000142910	CURATED:5[0];HGNC.Current:1429[1];HGNC.Current:38928[8>1];HGNC.Current:38928[1];HGNC.Current:38928[1>0];Ensembl.HGNC:175588[3>0]
uc057eeo.1	Ensembl.UCSC:175397[3];Ensembl.UCSC:175397[3>0]	ENSG00000142910	CURATED:5[0];HGNC.Current:1429[1];HGNC.Current:38928[8>1];HGNC.Current:38928[1];HGNC.Current:38928[1>0];Ensembl.HGNC:175588[3>0]
uc057ghm.1	Ensembl.UCSC:255560[3];Ensembl.UCSC:255560[3>0]	ENSG00000162367	CURATED:246[0];HGNC.Current:38264[1];HGNC.Current:38264[1>0];Ensembl.HGNC:255251[3>0]
uc057gho.1	Ensembl.UCSC:255561[3];Ensembl.UCSC:255561[3>0]	ENSG00000162367	CURATED:246[0];HGNC.Current:38264[1];HGNC.Current:38264[1>0];Ensembl.HGNC:255251[3>0]
uc057ghp.1	Ensembl.UCSC:255562[3];Ensembl.UCSC:255562[3>0]	ENSG00000162367	CURATED:246[0];HGNC.Current:38264[1];HGNC.Current:38264[1>0];Ensembl.HGNC:255251[3>0]
uc057grx.2	Ensembl.UCSC:238342[3];Ensembl.UCSC:238342[3>0]	ENSG00000174332	CURATED:85[0];HGNC.Current:10350[1];HGNC.Current:10350[1>0];Ensembl.HGNC:238114[3>0]
uc057hbg.1	Ensembl.UCSC:270542[3];Ensembl.UCSC:270542[3>0]	ENSG00000162599	CURATED:183[0];HGNC.Current:22664[1];HGNC.Current:22664[1>0];Ensembl.HGNC:270168[3>0]
uc057hbk.1	Ensembl.UCSC:270544[3];Ensembl.UCSC:270544[3>0]	ENSG00000162599	CURATED:183[0];HGNC.Current:22664[1];HGNC.Current:22664[1>0];Ensembl.HGNC:270168[3>0]
uc057hbl.1	Ensembl.UCSC:270548[3];Ensembl.UCSC:270548[3>0]	ENSG00000162599	CURATED:183[0];HGNC.Current:22664[1];HGNC.Current:22664[1>0];Ensembl.HGNC:270168[3>0]
uc057hbm.1	Ensembl.UCSC:270562[3];Ensembl.UCSC:270562[3>0]	ENSG00000162599	CURATED:183[0];HGNC.Current:22664[1];HGNC.Current:22664[1>0];Ensembl.HGNC:270168[3>0]
uc057hbn.1	Ensembl.UCSC:270563[3];Ensembl.UCSC:270563[3>0]	ENSG00000162599	CURATED:183[0];HGNC.Current:22664[1];HGNC.Current:22664[1>0];Ensembl.HGNC:270168[3>0]
uc057hbo.1	Ensembl.UCSC:270564[3];Ensembl.UCSC:270564[3>0]	ENSG00000162599	CURATED:183[0];HGNC.Current:22664[1];HGNC.Current:22664[1>0];Ensembl.HGNC:270168[3>0]
uc057hbp.1	Ensembl.UCSC:270566[3];Ensembl.UCSC:270566[3>0]	ENSG00000162599	CURATED:183[0];HGNC.Current:22664[1];HGNC.Current:22664[1>0];Ensembl.HGNC:270168[3>0]
uc057hbq.2	Ensembl.UCSC:270565[3];Ensembl.UCSC:270565[3>0]	ENSG00000162599	CURATED:183[0];HGNC.Current:22664[1];HGNC.Current:22664[1>0];Ensembl.HGNC:270168[3>0]
uc057hbx.2	Ensembl.UCSC:270561[3];Ensembl.UCSC:270561[3>0]	ENSG00000162599	CURATED:183[0];HGNC.Current:22664[1];HGNC.Current:22664[1>0];Ensembl.HGNC:270168[3>0]
uc057hby.1	Ensembl.UCSC:270572[3];Ensembl.UCSC:270572[3>0]	ENSG00000162599	CURATED:183[0];HGNC.Current:22664[1];HGNC.Current:22664[1>0];Ensembl.HGNC:270168[3>0]
uc057icp.1	Ensembl.UCSC:61265[3];Ensembl.UCSC:61265[3>0]	ENSG00000143013	CURATED:154[0];HGNC.Current:17422[1];HGNC.Current:17422[1>0];Ensembl.HGNC:61609[3>0]
uc057icq.1	Ensembl.UCSC:61302[3];Ensembl.UCSC:61302[3>0]	ENSG00000143013	CURATED:154[0];HGNC.Current:17422[1];HGNC.Current:17422[1>0];Ensembl.HGNC:61609[3>0]
uc057ihs.1	Ensembl.UCSC:265449[3];Ensembl.UCSC:265449[3>0]	ENSG00000162676	CURATED:83[0];HGNC.Current:10204[1];HGNC.Current:10204[1>0];Ensembl.HGNC:265092[3>0]
uc057kzh.1	Ensembl.UCSC:268107[3];Ensembl.UCSC:268107[3>0]	ENSG00000143365	CURATED:213[0];HGNC.Current:32139[1];HGNC.Current:32139[1>0];Ensembl.HGNC:267709[3>0]
uc057lcu.1	Ensembl.UCSC:86665[3];Ensembl.UCSC:86665[3>0]	ENSG00000143621	CURATED:127[0];HGNC.Current:13290[1];HGNC.Current:13290[1>0];Ensembl.HGNC:87072[3>0]
uc057lcv.1	Ensembl.UCSC:86669[3];Ensembl.UCSC:86669[3>0]	ENSG00000143621	CURATED:127[0];HGNC.Current:13290[1];HGNC.Current:13290[1>0];Ensembl.HGNC:87072[3>0]
uc057lcw.1	Ensembl.UCSC:86672[3];Ensembl.UCSC:86672[3>0]	ENSG00000143621	CURATED:127[0];HGNC.Current:13290[1];HGNC.Current:13290[1>0];Ensembl.HGNC:87072[3>0]
uc057mac.1	Ensembl.UCSC:243661[3];Ensembl.UCSC:243661[3>0]	ENSG00000116604	CURATED:163[0];HGNC.Current:18382[1];HGNC.Current:18382[1>0];Ensembl.HGNC:243358[3>0]
uc057mae.1	Ensembl.UCSC:243709[3];Ensembl.UCSC:243709[3>0]	ENSG00000116604	CURATED:163[0];HGNC.Current:18382[1];HGNC.Current:18382[1>0];Ensembl.HGNC:243358[3>0]
uc057maf.1	Ensembl.UCSC:243715[3];Ensembl.UCSC:243715[3>0]	ENSG00000116604	CURATED:163[0];HGNC.Current:18382[1];HGNC.Current:18382[1>0];Ensembl.HGNC:243358[3>0]
uc057mag.1	Ensembl.UCSC:243718[3];Ensembl.UCSC:243718[3>0]	ENSG00000116604	CURATED:163[0];HGNC.Current:18382[1];HGNC.Current:18382[1>0];Ensembl.HGNC:243358[3>0]
uc057mgc.1	Ensembl.UCSC:260594[3];Ensembl.UCSC:260594[3>0]	ENSG00000163565	CURATED:124[0];HGNC.Current:12568[1];HGNC.Current:12568[1>0];Ensembl.HGNC:260310[3>0]
uc057mgd.1	Ensembl.UCSC:260603[3];Ensembl.UCSC:260603[3>0]	ENSG00000163565	CURATED:124[0];HGNC.Current:12568[1];HGNC.Current:12568[1>0];Ensembl.HGNC:260310[3>0]
uc057mge.1	Ensembl.UCSC:260606[3];Ensembl.UCSC:260606[3>0]	ENSG00000163565	CURATED:124[0];HGNC.Current:12568[1];HGNC.Current:12568[1>0];Ensembl.HGNC:260310[3>0]
uc057mgg.1	Ensembl.UCSC:260675[3];Ensembl.UCSC:260675[3>0]	ENSG00000163565	CURATED:124[0];HGNC.Current:12568[1];HGNC.Current:12568[1>0];Ensembl.HGNC:260310[3>0]
uc057mgh.1	Ensembl.UCSC:260691[3];Ensembl.UCSC:260691[3>0]	ENSG00000163565	CURATED:124[0];HGNC.Current:12568[1];HGNC.Current:12568[1>0];Ensembl.HGNC:260310[3>0]
uc057mgi.1	Ensembl.UCSC:260694[3];Ensembl.UCSC:260694[3>0]	ENSG00000163565	CURATED:124[0];HGNC.Current:12568[1];HGNC.Current:12568[1>0];Ensembl.HGNC:260310[3>0]
uc057mgj.2	Ensembl.UCSC:260683[3];Ensembl.UCSC:260683[3>0]	ENSG00000163565	CURATED:124[0];HGNC.Current:12568[1];HGNC.Current:12568[1>0];Ensembl.HGNC:260310[3>0]
uc057mgk.1	Ensembl.UCSC:260702[3];Ensembl.UCSC:260702[3>0]	ENSG00000163565	CURATED:124[0];HGNC.Current:12568[1];HGNC.Current:12568[1>0];Ensembl.HGNC:260310[3>0]
uc057mgl.1	Ensembl.UCSC:260704[3];Ensembl.UCSC:260704[3>0]	ENSG00000163565	CURATED:124[0];HGNC.Current:12568[1];HGNC.Current:12568[1>0];Ensembl.HGNC:260310[3>0]
uc057mgm.1	Ensembl.UCSC:260706[3];Ensembl.UCSC:260706[3>0]	ENSG00000163565	CURATED:124[0];HGNC.Current:12568[1];HGNC.Current:12568[1>0];Ensembl.HGNC:260310[3>0]
uc057mgn.1	Ensembl.UCSC:260709[3];Ensembl.UCSC:260709[3>0]	ENSG00000163565	CURATED:124[0];HGNC.Current:12568[1];HGNC.Current:12568[1>0];Ensembl.HGNC:260310[3>0]
uc057mwy.1	Ensembl.UCSC:270291[3];Ensembl.UCSC:270291[3>0]	ENSG00000185630	CURATED:199[0];HGNC.Current:24905[1];HGNC.Current:24905[1>0];Ensembl.HGNC:269930[3>0]
uc057mwz.1	Ensembl.UCSC:270303[3];Ensembl.UCSC:270303[3>0]	ENSG00000185630	CURATED:199[0];HGNC.Current:24905[1];HGNC.Current:24905[1>0];Ensembl.HGNC:269930[3>0]
uc057mxa.1	Ensembl.UCSC:270304[3];Ensembl.UCSC:270304[3>0]	ENSG00000185630	CURATED:199[0];HGNC.Current:24905[1];HGNC.Current:24905[1>0];Ensembl.HGNC:269930[3>0]
uc057mxb.1	Ensembl.UCSC:270306[3];Ensembl.UCSC:270306[3>0]	ENSG00000185630	CURATED:199[0];HGNC.Current:24905[1];HGNC.Current:24905[1>0];Ensembl.HGNC:269930[3>0]
uc057mxc.1	Ensembl.UCSC:270308[3];Ensembl.UCSC:270308[3>0]	ENSG00000185630	CURATED:199[0];HGNC.Current:24905[1];HGNC.Current:24905[1>0];Ensembl.HGNC:269930[3>0]
uc057mxd.1	Ensembl.UCSC:270310[3];Ensembl.UCSC:270310[3>0]	ENSG00000185630	CURATED:199[0];HGNC.Current:24905[1];HGNC.Current:24905[1>0];Ensembl.HGNC:269930[3>0]
uc057mxe.1	Ensembl.UCSC:270311[3];Ensembl.UCSC:270311[3>0]	ENSG00000185630	CURATED:199[0];HGNC.Current:24905[1];HGNC.Current:24905[1>0];Ensembl.HGNC:269930[3>0]
uc057mxf.1	Ensembl.UCSC:270312[3];Ensembl.UCSC:270312[3>0]	ENSG00000185630	CURATED:199[0];HGNC.Current:24905[1];HGNC.Current:24905[1>0];Ensembl.HGNC:269930[3>0]
uc057mxh.1	Ensembl.UCSC:270313[3];Ensembl.UCSC:270313[3>0]	ENSG00000185630	CURATED:199[0];HGNC.Current:24905[1];HGNC.Current:24905[1>0];Ensembl.HGNC:269930[3>0]
uc057mxi.1	Ensembl.UCSC:270314[3];Ensembl.UCSC:270314[3>0]	ENSG00000185630	CURATED:199[0];HGNC.Current:24905[1];HGNC.Current:24905[1>0];Ensembl.HGNC:269930[3>0]
uc057mxj.1	Ensembl.UCSC:270315[3];Ensembl.UCSC:270315[3>0]	ENSG00000185630	CURATED:199[0];HGNC.Current:24905[1];HGNC.Current:24905[1>0];Ensembl.HGNC:269930[3>0]
uc057mxk.1	Ensembl.UCSC:270317[3];Ensembl.UCSC:270317[3>0]	ENSG00000185630	CURATED:199[0];HGNC.Current:24905[1];HGNC.Current:24905[1>0];Ensembl.HGNC:269930[3>0]
uc057mxm.1	Ensembl.UCSC:270318[3];Ensembl.UCSC:270318[3>0]	ENSG00000185630	CURATED:199[0];HGNC.Current:24905[1];HGNC.Current:24905[1>0];Ensembl.HGNC:269930[3>0]
uc057mxp.1	Ensembl.UCSC:270321[3];Ensembl.UCSC:270321[3>0]	ENSG00000185630	CURATED:199[0];HGNC.Current:24905[1];HGNC.Current:24905[1>0];Ensembl.HGNC:269930[3>0]
uc057mxq.1	Ensembl.UCSC:270322[3];Ensembl.UCSC:270322[3>0]	ENSG00000185630	CURATED:199[0];HGNC.Current:24905[1];HGNC.Current:24905[1>0];Ensembl.HGNC:269930[3>0]
uc057mxr.2	Ensembl.UCSC:270323[3];Ensembl.UCSC:270323[3>0]	ENSG00000185630	CURATED:199[0];HGNC.Current:24905[1];HGNC.Current:24905[1>0];Ensembl.HGNC:269930[3>0]
uc057mxt.1	Ensembl.UCSC:270325[3];Ensembl.UCSC:270325[3>0]	ENSG00000185630	CURATED:199[0];HGNC.Current:24905[1];HGNC.Current:24905[1>0];Ensembl.HGNC:269930[3>0]
uc057mxy.1	Ensembl.UCSC:95413[3];Ensembl.UCSC:95413[3>0]	ENSG00000162761	CURATED:155[0];HGNC.Current:17432[1];HGNC.Current:17432[1>0];Ensembl.HGNC:95877[3>0]
uc057mxz.1	Ensembl.UCSC:95419[3];Ensembl.UCSC:95419[3>0]	ENSG00000162761	CURATED:155[0];HGNC.Current:17432[1];HGNC.Current:17432[1>0];Ensembl.HGNC:95877[3>0]
uc057myd.1	Ensembl.UCSC:88772[3];Ensembl.UCSC:88772[3>0]	ENSG00000143171	CURATED:219[0];HGNC.Current:34481[1];HGNC.Current:34481[1>0];Ensembl.HGNC:88940[3>0]
uc057nba.1	Ensembl.UCSC:87805[3];Ensembl.UCSC:87805[3>0]	ENSG00000143190	CURATED:201[0];HGNC.Current:26330[1];HGNC.Current:26330[1>0];Ensembl.HGNC:87858[3>0]
uc057nbb.1	Ensembl.UCSC:87896[3];Ensembl.UCSC:87896[3>0]	ENSG00000143190	CURATED:201[0];HGNC.Current:26330[1];HGNC.Current:26330[1>0];Ensembl.HGNC:87858[3>0]
uc057nbc.1	Ensembl.UCSC:88177[3];Ensembl.UCSC:88177[3>0]	ENSG00000143190	CURATED:201[0];HGNC.Current:26330[1];HGNC.Current:26330[1>0];Ensembl.HGNC:87858[3>0]
uc057nbd.1	Ensembl.UCSC:88192[3];Ensembl.UCSC:88192[3>0]	ENSG00000143190	CURATED:201[0];HGNC.Current:26330[1];HGNC.Current:26330[1>0];Ensembl.HGNC:87858[3>0]
uc057nbe.1	Ensembl.UCSC:88196[3];Ensembl.UCSC:88196[3>0]	ENSG00000143190	CURATED:201[0];HGNC.Current:26330[1];HGNC.Current:26330[1>0];Ensembl.HGNC:87858[3>0]
uc057nbf.1	Ensembl.UCSC:88206[3];Ensembl.UCSC:88206[3>0]	ENSG00000143190	CURATED:201[0];HGNC.Current:26330[1];HGNC.Current:26330[1>0];Ensembl.HGNC:87858[3>0]
uc057nbg.1	Ensembl.UCSC:88211[3];Ensembl.UCSC:88211[3>0]	ENSG00000143190	CURATED:201[0];HGNC.Current:26330[1];HGNC.Current:26330[1>0];Ensembl.HGNC:87858[3>0]
uc057nbh.1	Ensembl.UCSC:88245[3];Ensembl.UCSC:88245[3>0]	ENSG00000143190	CURATED:201[0];HGNC.Current:26330[1];HGNC.Current:26330[1>0];Ensembl.HGNC:87858[3>0]
uc057nbi.1	Ensembl.UCSC:88248[3];Ensembl.UCSC:88248[3>0]	ENSG00000143190	CURATED:201[0];HGNC.Current:26330[1];HGNC.Current:26330[1>0];Ensembl.HGNC:87858[3>0]
uc057nbj.1	Ensembl.UCSC:88251[3];Ensembl.UCSC:88251[3>0]	ENSG00000143190	CURATED:201[0];HGNC.Current:26330[1];HGNC.Current:26330[1>0];Ensembl.HGNC:87858[3>0]
uc057nbl.1	Ensembl.UCSC:88255[3];Ensembl.UCSC:88255[3>0]	ENSG00000143190	CURATED:201[0];HGNC.Current:26330[1];HGNC.Current:26330[1>0];Ensembl.HGNC:87858[3>0]
uc057nbm.1	Ensembl.UCSC:88258[3];Ensembl.UCSC:88258[3>0]	ENSG00000143190	CURATED:201[0];HGNC.Current:26330[1];HGNC.Current:26330[1>0];Ensembl.HGNC:87858[3>0]
uc057ouk.1	Ensembl.UCSC:278163[3];Ensembl.UCSC:278163[3>0]	ENSG00000158711	CURATED:45[0];HGNC.Current:7828[1];HGNC.Current:7828[1>0];Ensembl.HGNC:277771[3>0]
uc057oul.1	Ensembl.UCSC:278164[3];Ensembl.UCSC:278164[3>0]	ENSG00000158711	CURATED:45[0];HGNC.Current:7828[1];HGNC.Current:7828[1>0];Ensembl.HGNC:277771[3>0]
uc057oun.1	Ensembl.UCSC:278167[3];Ensembl.UCSC:278167[3>0]	ENSG00000158711	CURATED:45[0];HGNC.Current:7828[1];HGNC.Current:7828[1>0];Ensembl.HGNC:277771[3>0]
uc057pot.1	Ensembl.UCSC:182201[3];Ensembl.UCSC:182201[3>0]	ENSG00000136630	CURATED:98[0];HGNC.Current:11731[1];HGNC.Current:11731[1>0];Ensembl.HGNC:182301[3>0]
uc057pou.1	Ensembl.UCSC:182217[3];Ensembl.UCSC:182217[3>0]	ENSG00000136630	CURATED:98[0];HGNC.Current:11731[1];HGNC.Current:11731[1>0];Ensembl.HGNC:182301[3>0]
uc057pyf.1	Ensembl.UCSC:175942[3];Ensembl.UCSC:175942[3>0]	ENSG00000185155	CURATED:170[0];HGNC.Current:20651[1];HGNC.Current:20651[1>0];Ensembl.HGNC:176207[3>0]
uc057rhj.1	Ensembl.UCSC:9655[3];Ensembl.UCSC:9655[3>0]	ENSG00000067082	CURATED:146[0];HGNC.Current:14134[1];HGNC.Current:14134[1>0];Ensembl.HGNC:9725[3>0]
uc057rhk.1	Ensembl.UCSC:9722[3];Ensembl.UCSC:9722[3>0]	ENSG00000067082	CURATED:146[0];HGNC.Current:14134[1];HGNC.Current:14134[1>0];Ensembl.HGNC:9725[3>0]
uc057rhl.1	Ensembl.UCSC:9727[3];Ensembl.UCSC:9727[3>0]	ENSG00000067082	CURATED:146[0];HGNC.Current:14134[1];HGNC.Current:14134[1>0];Ensembl.HGNC:9725[3>0]
uc057rhm.1	Ensembl.UCSC:9739[3];Ensembl.UCSC:9739[3>0]	ENSG00000067082	CURATED:146[0];HGNC.Current:14134[1];HGNC.Current:14134[1>0];Ensembl.HGNC:9725[3>0]
uc057rpk.2	Ensembl.UCSC:148930[3];Ensembl.UCSC:148930[3>0]	ENSG00000107485	CURATED:78[0];HGNC.Current:10070[1];HGNC.Current:10070[1>0];Ensembl.HGNC:149020[3>0]
uc057rpl.1	Ensembl.UCSC:148994[3];Ensembl.UCSC:148994[3>0]	ENSG00000107485	CURATED:78[0];HGNC.Current:10070[1];HGNC.Current:10070[1>0];Ensembl.HGNC:149020[3>0]
uc057soh.1	Ensembl.UCSC:92486[3];Ensembl.UCSC:92486[3>0]	ENSG00000148516	CURATED:271[0];HGNC.Current:42924[1];HGNC.Current:42924[1>0];Ensembl.HGNC:92740[3>0]
uc057soi.1	Ensembl.UCSC:92492[3];Ensembl.UCSC:92492[3>0]	ENSG00000148516	CURATED:271[0];HGNC.Current:42924[1];HGNC.Current:42924[1>0];Ensembl.HGNC:92740[3>0]
uc057soj.1	Ensembl.UCSC:92508[3];Ensembl.UCSC:92508[3>0]	ENSG00000148516	CURATED:271[0];HGNC.Current:42924[1];HGNC.Current:42924[1>0];Ensembl.HGNC:92740[3>0]
uc057sok.1	Ensembl.UCSC:92513[3];Ensembl.UCSC:92513[3>0]	ENSG00000148516	CURATED:271[0];HGNC.Current:42924[1];HGNC.Current:42924[1>0];Ensembl.HGNC:92740[3>0]
uc057sol.1	Ensembl.UCSC:92790[3];Ensembl.UCSC:92790[3>0]	ENSG00000148516	CURATED:271[0];HGNC.Current:42924[1];HGNC.Current:42924[1>0];Ensembl.HGNC:92740[3>0]
uc057som.1	Ensembl.UCSC:92793[3];Ensembl.UCSC:92793[3>0]	ENSG00000148516	CURATED:271[0];HGNC.Current:42924[1];HGNC.Current:42924[1>0];Ensembl.HGNC:92740[3>0]
uc057son.2	Ensembl.UCSC:92795[3];Ensembl.UCSC:92795[3>0]	ENSG00000148516	CURATED:271[0];HGNC.Current:42924[1];HGNC.Current:42924[1>0];Ensembl.HGNC:92740[3>0]
uc057soo.1	Ensembl.UCSC:92797[3];Ensembl.UCSC:92797[3>0]	ENSG00000148516	CURATED:271[0];HGNC.Current:42924[1];HGNC.Current:42924[1>0];Ensembl.HGNC:92740[3>0]
uc057sop.1	Ensembl.UCSC:92800[3];Ensembl.UCSC:92800[3>0]	ENSG00000148516	CURATED:271[0];HGNC.Current:42924[1];HGNC.Current:42924[1>0];Ensembl.HGNC:92740[3>0]
uc057soq.1	Ensembl.UCSC:92801[3];Ensembl.UCSC:92801[3>0]	ENSG00000148516	CURATED:271[0];HGNC.Current:42924[1];HGNC.Current:42924[1>0];Ensembl.HGNC:92740[3>0]
uc057sor.1	Ensembl.UCSC:92806[3];Ensembl.UCSC:92806[3>0]	ENSG00000148516	CURATED:271[0];HGNC.Current:42924[1];HGNC.Current:42924[1>0];Ensembl.HGNC:92740[3>0]
uc057sot.1	Ensembl.UCSC:92831[3];Ensembl.UCSC:92831[3>0]	ENSG00000148516	CURATED:271[0];HGNC.Current:42924[1];HGNC.Current:42924[1>0];Ensembl.HGNC:92740[3>0]
uc057sou.1	Ensembl.UCSC:92834[3];Ensembl.UCSC:92834[3>0]	ENSG00000148516	CURATED:271[0];HGNC.Current:42924[1];HGNC.Current:42924[1>0];Ensembl.HGNC:92740[3>0]
uc057sov.1	Ensembl.UCSC:92839[3];Ensembl.UCSC:92839[3>0]	ENSG00000148516	CURATED:271[0];HGNC.Current:42924[1];HGNC.Current:42924[1>0];Ensembl.HGNC:92740[3>0]
uc057sow.1	Ensembl.UCSC:92843[3];Ensembl.UCSC:92843[3>0]	ENSG00000148516	CURATED:271[0];HGNC.Current:42924[1];HGNC.Current:42924[1>0];Ensembl.HGNC:92740[3>0]
uc057sox.1	Ensembl.UCSC:92846[3];Ensembl.UCSC:92846[3>0]	ENSG00000148516	CURATED:271[0];HGNC.Current:42924[1];HGNC.Current:42924[1>0];Ensembl.HGNC:92740[3>0]
uc057ssd.1	Ensembl.UCSC:167566[3];Ensembl.UCSC:167566[3>0]	ENSG00000095794	CURATED:25[0];HGNC.Current:5517[1];HGNC.Current:5517[1>0];Ensembl.HGNC:166924[3>0]
uc057sse.1	Ensembl.UCSC:167574[3];Ensembl.UCSC:167574[3>0]	ENSG00000095794	CURATED:25[0];HGNC.Current:5517[1];HGNC.Current:5517[1>0];Ensembl.HGNC:166924[3>0]
uc057ssf.1	Ensembl.UCSC:167581[3];Ensembl.UCSC:167581[3>0]	ENSG00000095794	CURATED:25[0];HGNC.Current:5517[1];HGNC.Current:5517[1>0];Ensembl.HGNC:166924[3>0]
uc057ssg.1	Ensembl.UCSC:167675[3];Ensembl.UCSC:167675[3>0]	ENSG00000095794	CURATED:25[0];HGNC.Current:5517[1];HGNC.Current:5517[1>0];Ensembl.HGNC:166924[3>0]
uc057ssh.1	Ensembl.UCSC:167793[3];Ensembl.UCSC:167793[3>0]	ENSG00000095794	CURATED:25[0];HGNC.Current:5517[1];HGNC.Current:5517[1>0];Ensembl.HGNC:166924[3>0]
uc057ssi.1	Ensembl.UCSC:167798[3];Ensembl.UCSC:167798[3>0]	ENSG00000095794	CURATED:25[0];HGNC.Current:5517[1];HGNC.Current:5517[1>0];Ensembl.HGNC:166924[3>0]
uc057ssj.1	Ensembl.UCSC:167800[3];Ensembl.UCSC:167800[3>0]	ENSG00000095794	CURATED:25[0];HGNC.Current:5517[1];HGNC.Current:5517[1>0];Ensembl.HGNC:166924[3>0]
uc057ssk.1	Ensembl.UCSC:167806[3];Ensembl.UCSC:167806[3>0]	ENSG00000095794	CURATED:25[0];HGNC.Current:5517[1];HGNC.Current:5517[1>0];Ensembl.HGNC:166924[3>0]
uc057ssl.1	Ensembl.UCSC:167852[3];Ensembl.UCSC:167852[3>0]	ENSG00000095794	CURATED:25[0];HGNC.Current:5517[1];HGNC.Current:5517[1>0];Ensembl.HGNC:166924[3>0]
uc057ssm.1	Ensembl.UCSC:167883[3];Ensembl.UCSC:167883[3>0]	ENSG00000095794	CURATED:25[0];HGNC.Current:5517[1];HGNC.Current:5517[1>0];Ensembl.HGNC:166924[3>0]
uc057ssn.1	Ensembl.UCSC:167886[3];Ensembl.UCSC:167886[3>0]	ENSG00000095794	CURATED:25[0];HGNC.Current:5517[1];HGNC.Current:5517[1>0];Ensembl.HGNC:166924[3>0]
uc057sso.1	Ensembl.UCSC:167895[3];Ensembl.UCSC:167895[3>0]	ENSG00000095794	CURATED:25[0];HGNC.Current:5517[1];HGNC.Current:5517[1>0];Ensembl.HGNC:166924[3>0]
uc057ssp.1	Ensembl.UCSC:167903[3];Ensembl.UCSC:167903[3>0]	ENSG00000095794	CURATED:25[0];HGNC.Current:5517[1];HGNC.Current:5517[1>0];Ensembl.HGNC:166924[3>0]
uc057ssq.1	Ensembl.UCSC:167908[3];Ensembl.UCSC:167908[3>0]	ENSG00000095794	CURATED:25[0];HGNC.Current:5517[1];HGNC.Current:5517[1>0];Ensembl.HGNC:166924[3>0]
uc057ssr.2	Ensembl.UCSC:167913[3];Ensembl.UCSC:167913[3>0]	ENSG00000095794	CURATED:25[0];HGNC.Current:5517[1];HGNC.Current:5517[1>0];Ensembl.HGNC:166924[3>0]
uc057sst.1	Ensembl.UCSC:167953[3];Ensembl.UCSC:167953[3>0]	ENSG00000095794	CURATED:25[0];HGNC.Current:5517[1];HGNC.Current:5517[1>0];Ensembl.HGNC:166924[3>0]
uc057ssv.1	Ensembl.UCSC:167957[3];Ensembl.UCSC:167957[3>0]	ENSG00000095794	CURATED:25[0];HGNC.Current:5517[1];HGNC.Current:5517[1>0];Ensembl.HGNC:166924[3>0]
uc057ssw.1	Ensembl.UCSC:167961[3];Ensembl.UCSC:167961[3>0]	ENSG00000095794	CURATED:25[0];HGNC.Current:5517[1];HGNC.Current:5517[1>0];Ensembl.HGNC:166924[3>0]
uc057ssx.1	Ensembl.UCSC:167979[3];Ensembl.UCSC:167979[3>0]	ENSG00000095794	CURATED:25[0];HGNC.Current:5517[1];HGNC.Current:5517[1>0];Ensembl.HGNC:166924[3>0]
uc057ssy.1	Ensembl.UCSC:167984[3];Ensembl.UCSC:167984[3>0]	ENSG00000095794	CURATED:25[0];HGNC.Current:5517[1];HGNC.Current:5517[1>0];Ensembl.HGNC:166924[3>0]
uc057ssz.1	Ensembl.UCSC:167991[3];Ensembl.UCSC:167991[3>0]	ENSG00000095794	CURATED:25[0];HGNC.Current:5517[1];HGNC.Current:5517[1>0];Ensembl.HGNC:166924[3>0]
uc057sta.1	Ensembl.UCSC:168033[3];Ensembl.UCSC:168033[3>0]	ENSG00000095794	CURATED:25[0];HGNC.Current:5517[1];HGNC.Current:5517[1>0];Ensembl.HGNC:166924[3>0]
uc057stb.1	Ensembl.UCSC:168038[3];Ensembl.UCSC:168038[3>0]	ENSG00000095794	CURATED:25[0];HGNC.Current:5517[1];HGNC.Current:5517[1>0];Ensembl.HGNC:166924[3>0]
uc057stc.1	Ensembl.UCSC:168045[3];Ensembl.UCSC:168045[3>0]	ENSG00000095794	CURATED:25[0];HGNC.Current:5517[1];HGNC.Current:5517[1>0];Ensembl.HGNC:166924[3>0]
uc057std.1	Ensembl.UCSC:168047[3];Ensembl.UCSC:168047[3>0]	ENSG00000095794	CURATED:25[0];HGNC.Current:5517[1];HGNC.Current:5517[1>0];Ensembl.HGNC:166924[3>0]
uc057ste.1	Ensembl.UCSC:168140[3];Ensembl.UCSC:168140[3>0]	ENSG00000095794	CURATED:25[0];HGNC.Current:5517[1];HGNC.Current:5517[1>0];Ensembl.HGNC:166924[3>0]
uc057uwi.1	Ensembl.UCSC:22198[3];Ensembl.UCSC:22198[3>0]	ENSG00000152804	CURATED:96[0];HGNC.Current:11595[1];HGNC.Current:11595[1>0];Ensembl.HGNC:22360[3>0]
uc057uwj.1	Ensembl.UCSC:22205[3];Ensembl.UCSC:22205[3>0]	ENSG00000152804	CURATED:96[0];HGNC.Current:11595[1];HGNC.Current:11595[1>0];Ensembl.HGNC:22360[3>0]
uc057uwk.1	Ensembl.UCSC:22211[3];Ensembl.UCSC:22211[3>0]	ENSG00000152804	CURATED:96[0];HGNC.Current:11595[1];HGNC.Current:11595[1>0];Ensembl.HGNC:22360[3>0]
uc057vko.1	Ensembl.UCSC:174365[3];Ensembl.UCSC:174365[3>0]	ENSG00000075891	CURATED:195[0];HGNC.Current:24883[1];HGNC.Current:24883[1>0];Ensembl.HGNC:174222[3>0]
uc057vkp.1	Ensembl.UCSC:174391[3];Ensembl.UCSC:174391[3>0]	ENSG00000075891	CURATED:195[0];HGNC.Current:24883[1];HGNC.Current:24883[1>0];Ensembl.HGNC:174222[3>0]
uc057vkq.2	Ensembl.UCSC:174371[3];Ensembl.UCSC:174371[3>0]	ENSG00000075891	CURATED:195[0];HGNC.Current:24883[1];HGNC.Current:24883[1>0];Ensembl.HGNC:174222[3>0]
uc057vkr.1	Ensembl.UCSC:174401[3];Ensembl.UCSC:174401[3>0]	ENSG00000075891	CURATED:195[0];HGNC.Current:24883[1];HGNC.Current:24883[1>0];Ensembl.HGNC:174222[3>0]
uc057vks.1	Ensembl.UCSC:174403[3];Ensembl.UCSC:174403[3>0]	ENSG00000075891	CURATED:195[0];HGNC.Current:24883[1];HGNC.Current:24883[1>0];Ensembl.HGNC:174222[3>0]
uc057vyg.1	Ensembl.UCSC:74055[3];Ensembl.UCSC:74055[3>0]	ENSG00000119950	CURATED:174[0];HGNC.Current:21940[1];HGNC.Current:21940[1>0];Ensembl.HGNC:73472[3>0]
uc057vyi.1	Ensembl.UCSC:74155[3];Ensembl.UCSC:74155[3>0]	ENSG00000119950	CURATED:174[0];HGNC.Current:21940[1];HGNC.Current:21940[1>0];Ensembl.HGNC:73472[3>0]
uc057vyj.1	Ensembl.UCSC:74202[3];Ensembl.UCSC:74202[3>0]	ENSG00000119950	CURATED:174[0];HGNC.Current:21940[1];HGNC.Current:21940[1>0];Ensembl.HGNC:73472[3>0]
uc057vyk.1	Ensembl.UCSC:74211[3];Ensembl.UCSC:74211[3>0]	ENSG00000119950	CURATED:174[0];HGNC.Current:21940[1];HGNC.Current:21940[1>0];Ensembl.HGNC:73472[3>0]
uc057vyl.2	Ensembl.UCSC:74229[3];Ensembl.UCSC:74229[3>0]	ENSG00000119950	CURATED:174[0];HGNC.Current:21940[1];HGNC.Current:21940[1>0];Ensembl.HGNC:73472[3>0]
uc057vym.1	Ensembl.UCSC:74221[3];Ensembl.UCSC:74221[3>0]	ENSG00000119950	CURATED:174[0];HGNC.Current:21940[1];HGNC.Current:21940[1>0];Ensembl.HGNC:73472[3>0]
uc057wbe.1	Ensembl.UCSC:156328[3];Ensembl.UCSC:156328[3>0]	ENSG00000148737	CURATED:254[0];HGNC.Current:38510[1];HGNC.Current:38516[10>1];HGNC.Current:38516[1];HGNC.Current:38516[1>0];Ensembl.HGNC:152776[3>0]
uc057wbg.2	Ensembl.UCSC:156048[3];Ensembl.UCSC:156048[3>0]	ENSG00000148737	CURATED:254[0];HGNC.Current:38510[1];HGNC.Current:38516[10>1];HGNC.Current:38516[1];HGNC.Current:38516[1>0];Ensembl.HGNC:152776[3>0]
uc057wbh.2	Ensembl.UCSC:156473[3];Ensembl.UCSC:156473[3>0]	ENSG00000148737	CURATED:254[0];HGNC.Current:38510[1];HGNC.Current:38516[10>1];HGNC.Current:38516[1];HGNC.Current:38516[1>0];Ensembl.HGNC:152776[3>0]
uc057wbj.1	Ensembl.UCSC:156475[3];Ensembl.UCSC:156475[3>0]	ENSG00000148737	CURATED:254[0];HGNC.Current:38510[1];HGNC.Current:38516[10>1];HGNC.Current:38516[1];HGNC.Current:38516[1>0];Ensembl.HGNC:152776[3>0]
uc057wbk.2	Ensembl.UCSC:156477[3];Ensembl.UCSC:156477[3>0]	ENSG00000148737	CURATED:254[0];HGNC.Current:38510[1];HGNC.Current:38516[10>1];HGNC.Current:38516[1];HGNC.Current:38516[1>0];Ensembl.HGNC:152776[3>0]
uc057wbl.1	Ensembl.UCSC:156479[3];Ensembl.UCSC:156479[3>0]	ENSG00000148737	CURATED:254[0];HGNC.Current:38510[1];HGNC.Current:38516[10>1];HGNC.Current:38516[1];HGNC.Current:38516[1>0];Ensembl.HGNC:152776[3>0]
uc057wbm.2	Ensembl.UCSC:156310[3];Ensembl.UCSC:156310[3>0]	ENSG00000148737	CURATED:254[0];HGNC.Current:38510[1];HGNC.Current:38516[10>1];HGNC.Current:38516[1];HGNC.Current:38516[1>0];Ensembl.HGNC:152776[3>0]
uc057wbn.1	Ensembl.UCSC:156481[3];Ensembl.UCSC:156481[3>0]	ENSG00000148737	CURATED:254[0];HGNC.Current:38510[1];HGNC.Current:38516[10>1];HGNC.Current:38516[1];HGNC.Current:38516[1>0];Ensembl.HGNC:152776[3>0]
uc057wvu.2	Ensembl.UCSC:93915[3];Ensembl.UCSC:93915[3>0]	ENSG00000108001	CURATED:38[0];HGNC.Current:7391[1];HGNC.Current:7391[1>0];Ensembl.HGNC:94333[3>0]
uc057wvw.2	Ensembl.UCSC:93884[3];Ensembl.UCSC:93884[3>0]	ENSG00000108001	CURATED:38[0];HGNC.Current:7391[1];HGNC.Current:7391[1>0];Ensembl.HGNC:94333[3>0]
uc057xio.1	Ensembl.UCSC:232266[3];Ensembl.UCSC:232266[3>0]	ENSG00000185507	CURATED:130[0];HGNC.Current:13505[1];HGNC.Current:13505[1>0];Ensembl.HGNC:231997[3>0]
uc057xiq.2	Ensembl.UCSC:232273[3];Ensembl.UCSC:232273[3>0]	ENSG00000185507	CURATED:130[0];HGNC.Current:13505[1];HGNC.Current:13505[1>0];Ensembl.HGNC:231997[3>0]
uc057xir.1	Ensembl.UCSC:232275[3];Ensembl.UCSC:232275[3>0]	ENSG00000185507	CURATED:130[0];HGNC.Current:13505[1];HGNC.Current:13505[1>0];Ensembl.HGNC:231997[3>0]
uc057xis.1	Ensembl.UCSC:232278[3];Ensembl.UCSC:232278[3>0]	ENSG00000185507	CURATED:130[0];HGNC.Current:13505[1];HGNC.Current:13505[1>0];Ensembl.HGNC:231997[3>0]
uc057xit.1	Ensembl.UCSC:232284[3];Ensembl.UCSC:232284[3>0]	ENSG00000185507	CURATED:130[0];HGNC.Current:13505[1];HGNC.Current:13505[1>0];Ensembl.HGNC:231997[3>0]
uc057xiu.1	Ensembl.UCSC:232285[3];Ensembl.UCSC:232285[3>0]	ENSG00000185507	CURATED:130[0];HGNC.Current:13505[1];HGNC.Current:13505[1>0];Ensembl.HGNC:231997[3>0]
uc057xiv.1	Ensembl.UCSC:232287[3];Ensembl.UCSC:232287[3>0]	ENSG00000185507	CURATED:130[0];HGNC.Current:13505[1];HGNC.Current:13505[1>0];Ensembl.HGNC:231997[3>0]
uc057xiw.1	Ensembl.UCSC:232290[3];Ensembl.UCSC:232290[3>0]	ENSG00000185507	CURATED:130[0];HGNC.Current:13505[1];HGNC.Current:13505[1>0];Ensembl.HGNC:231997[3>0]
uc057xix.1	Ensembl.UCSC:232291[3];Ensembl.UCSC:232291[3>0]	ENSG00000185507	CURATED:130[0];HGNC.Current:13505[1];HGNC.Current:13505[1>0];Ensembl.HGNC:231997[3>0]
uc057xiy.1	Ensembl.UCSC:232297[3];Ensembl.UCSC:232297[3>0]	ENSG00000185507	CURATED:130[0];HGNC.Current:13505[1];HGNC.Current:13505[1>0];Ensembl.HGNC:231997[3>0]
uc057zjs.1	Ensembl.UCSC:188690[3];Ensembl.UCSC:188690[3>0]	ENSG00000110693	CURATED:231[0];HGNC.Current:37140[1];HGNC.Current:37140[1>0];Ensembl.HGNC:188565[3>0]
uc057zjt.1	Ensembl.UCSC:188767[3];Ensembl.UCSC:188767[3>0]	ENSG00000110693	CURATED:231[0];HGNC.Current:37140[1];HGNC.Current:37140[1>0];Ensembl.HGNC:188565[3>0]
uc057zju.1	Ensembl.UCSC:188770[3];Ensembl.UCSC:188770[3>0]	ENSG00000110693	CURATED:231[0];HGNC.Current:37140[1];HGNC.Current:37140[1>0];Ensembl.HGNC:188565[3>0]
uc057zjw.1	Ensembl.UCSC:188774[3];Ensembl.UCSC:188774[3>0]	ENSG00000110693	CURATED:231[0];HGNC.Current:37140[1];HGNC.Current:37140[1>0];Ensembl.HGNC:188565[3>0]
uc057zjy.1	Ensembl.UCSC:188776[3];Ensembl.UCSC:188776[3>0]	ENSG00000110693	CURATED:231[0];HGNC.Current:37140[1];HGNC.Current:37140[1>0];Ensembl.HGNC:188565[3>0]
uc057zjz.1	Ensembl.UCSC:188778[3];Ensembl.UCSC:188778[3>0]	ENSG00000110693	CURATED:231[0];HGNC.Current:37140[1];HGNC.Current:37140[1>0];Ensembl.HGNC:188565[3>0]
uc057zka.1	Ensembl.UCSC:188807[3];Ensembl.UCSC:188807[3>0]	ENSG00000110693	CURATED:231[0];HGNC.Current:37140[1];HGNC.Current:37140[1>0];Ensembl.HGNC:188565[3>0]
uc057zkb.1	Ensembl.UCSC:188814[3];Ensembl.UCSC:188814[3>0]	ENSG00000110693	CURATED:231[0];HGNC.Current:37140[1];HGNC.Current:37140[1>0];Ensembl.HGNC:188565[3>0]
uc057zkc.1	Ensembl.UCSC:188818[3];Ensembl.UCSC:188818[3>0]	ENSG00000110693	CURATED:231[0];HGNC.Current:37140[1];HGNC.Current:37140[1>0];Ensembl.HGNC:188565[3>0]
uc057zkd.1	Ensembl.UCSC:188822[3];Ensembl.UCSC:188822[3>0]	ENSG00000110693	CURATED:231[0];HGNC.Current:37140[1];HGNC.Current:37140[1>0];Ensembl.HGNC:188565[3>0]
uc057zke.1	Ensembl.UCSC:188826[3];Ensembl.UCSC:188826[3>0]	ENSG00000110693	CURATED:231[0];HGNC.Current:37140[1];HGNC.Current:37140[1>0];Ensembl.HGNC:188565[3>0]
uc057zkf.1	Ensembl.UCSC:188831[3];Ensembl.UCSC:188831[3>0]	ENSG00000110693	CURATED:231[0];HGNC.Current:37140[1];HGNC.Current:37140[1>0];Ensembl.HGNC:188565[3>0]
uc058abp.2	Ensembl.UCSC:218551[3];Ensembl.UCSC:218551[3>0]	ENSG00000007372	CURATED:198[0];HGNC.Current:24887[1];HGNC.Current:24887[1>0];Ensembl.HGNC:216546[3>0]
uc058abq.2	Ensembl.UCSC:218544[3];Ensembl.UCSC:218544[3>0]	ENSG00000007372	CURATED:198[0];HGNC.Current:24887[1];HGNC.Current:24887[1>0];Ensembl.HGNC:216546[3>0]
uc058abr.2	Ensembl.UCSC:218571[3];Ensembl.UCSC:218571[3>0]	ENSG00000007372	CURATED:198[0];HGNC.Current:24887[1];HGNC.Current:24887[1>0];Ensembl.HGNC:216546[3>0]
uc058abs.2	Ensembl.UCSC:218585[3];Ensembl.UCSC:218585[3>0]	ENSG00000007372	CURATED:198[0];HGNC.Current:24887[1];HGNC.Current:24887[1>0];Ensembl.HGNC:216546[3>0]
uc058abt.2	Ensembl.UCSC:218612[3];Ensembl.UCSC:218612[3>0]	ENSG00000007372	CURATED:198[0];HGNC.Current:24887[1];HGNC.Current:24887[1>0];Ensembl.HGNC:216546[3>0]
uc058abu.2	Ensembl.UCSC:218680[3];Ensembl.UCSC:218680[3>0]	ENSG00000007372	CURATED:198[0];HGNC.Current:24887[1];HGNC.Current:24887[1>0];Ensembl.HGNC:216546[3>0]
uc058abv.2	Ensembl.UCSC:218631[3];Ensembl.UCSC:218631[3>0]	ENSG00000007372	CURATED:198[0];HGNC.Current:24887[1];HGNC.Current:24887[1>0];Ensembl.HGNC:216546[3>0]
uc058abw.2	Ensembl.UCSC:218548[3];Ensembl.UCSC:218548[3>0]	ENSG00000007372	CURATED:198[0];HGNC.Current:24887[1];HGNC.Current:24887[1>0];Ensembl.HGNC:216546[3>0]
uc058abx.1	Ensembl.UCSC:218694[3];Ensembl.UCSC:218694[3>0]	ENSG00000007372	CURATED:198[0];HGNC.Current:24887[1];HGNC.Current:24887[1>0];Ensembl.HGNC:216546[3>0]
uc058aby.1	Ensembl.UCSC:218980[3];Ensembl.UCSC:218980[3>0]	ENSG00000007372	CURATED:198[0];HGNC.Current:24887[1];HGNC.Current:24887[1>0];Ensembl.HGNC:216546[3>0]
uc058abz.2	Ensembl.UCSC:218780[3];Ensembl.UCSC:218780[3>0]	ENSG00000007372	CURATED:198[0];HGNC.Current:24887[1];HGNC.Current:24887[1>0];Ensembl.HGNC:216546[3>0]
uc058aca.2	Ensembl.UCSC:218840[3];Ensembl.UCSC:218840[3>0]	ENSG00000007372	CURATED:198[0];HGNC.Current:24887[1];HGNC.Current:24887[1>0];Ensembl.HGNC:216546[3>0]
uc058acb.3	Ensembl.UCSC:218380[3];Ensembl.UCSC:218380[3>0]	ENSG00000007372	CURATED:198[0];HGNC.Current:24887[1];HGNC.Current:24887[1>0];Ensembl.HGNC:216546[3>0]
uc058acc.2	Ensembl.UCSC:218700[3];Ensembl.UCSC:218700[3>0]	ENSG00000007372	CURATED:198[0];HGNC.Current:24887[1];HGNC.Current:24887[1>0];Ensembl.HGNC:216546[3>0]
uc058acd.2	Ensembl.UCSC:218649[3];Ensembl.UCSC:218649[3>0]	ENSG00000007372	CURATED:198[0];HGNC.Current:24887[1];HGNC.Current:24887[1>0];Ensembl.HGNC:216546[3>0]
uc058ace.2	Ensembl.UCSC:218833[3];Ensembl.UCSC:218833[3>0]	ENSG00000007372	CURATED:198[0];HGNC.Current:24887[1];HGNC.Current:24887[1>0];Ensembl.HGNC:216546[3>0]
uc058acf.1	Ensembl.UCSC:219013[3];Ensembl.UCSC:219013[3>0]	ENSG00000007372	CURATED:198[0];HGNC.Current:24887[1];HGNC.Current:24887[1>0];Ensembl.HGNC:216546[3>0]
uc058acg.2	Ensembl.UCSC:218961[3];Ensembl.UCSC:218961[3>0]	ENSG00000007372	CURATED:198[0];HGNC.Current:24887[1];HGNC.Current:24887[1>0];Ensembl.HGNC:216546[3>0]
uc058ach.2	Ensembl.UCSC:219014[3];Ensembl.UCSC:219014[3>0]	ENSG00000007372	CURATED:198[0];HGNC.Current:24887[1];HGNC.Current:24887[1>0];Ensembl.HGNC:216546[3>0]
uc058aci.2	Ensembl.UCSC:218821[3];Ensembl.UCSC:218821[3>0]	ENSG00000007372	CURATED:198[0];HGNC.Current:24887[1];HGNC.Current:24887[1>0];Ensembl.HGNC:216546[3>0]
uc058ack.3	Ensembl.UCSC:218560[3];Ensembl.UCSC:218560[3>0]	ENSG00000007372	CURATED:198[0];HGNC.Current:24887[1];HGNC.Current:24887[1>0];Ensembl.HGNC:216546[3>0]
uc058acl.1	Ensembl.UCSC:219018[3];Ensembl.UCSC:219018[3>0]	ENSG00000007372	CURATED:198[0];HGNC.Current:24887[1];HGNC.Current:24887[1>0];Ensembl.HGNC:216546[3>0]
uc058acm.1	Ensembl.UCSC:219019[3];Ensembl.UCSC:219019[3>0]	ENSG00000007372	CURATED:198[0];HGNC.Current:24887[1];HGNC.Current:24887[1>0];Ensembl.HGNC:216546[3>0]
uc058acn.2	Ensembl.UCSC:218771[3];Ensembl.UCSC:218771[3>0]	ENSG00000007372	CURATED:198[0];HGNC.Current:24887[1];HGNC.Current:24887[1>0];Ensembl.HGNC:216546[3>0]
uc058agf.1	Ensembl.UCSC:238592[3];Ensembl.UCSC:238592[3>0]	ENSG00000135363	CURATED:153[0];HGNC.Current:17420[1];HGNC.Current:17420[1>0];Ensembl.HGNC:238384[3>0]
uc058agh.1	Ensembl.UCSC:238633[3];Ensembl.UCSC:238633[3>0]	ENSG00000135363	CURATED:153[0];HGNC.Current:17420[1];HGNC.Current:17420[1>0];Ensembl.HGNC:238384[3>0]
uc058agi.1	Ensembl.UCSC:238639[3];Ensembl.UCSC:238639[3>0]	ENSG00000135363	CURATED:153[0];HGNC.Current:17420[1];HGNC.Current:17420[1>0];Ensembl.HGNC:238384[3>0]
uc058bed.1	Ensembl.UCSC:255814[3];Ensembl.UCSC:255814[3>0]	ENSG00000066336	CURATED:239[0];HGNC.Current:37337[1];HGNC.Current:37337[1>0];Ensembl.HGNC:255480[3>0]
uc058bee.1	Ensembl.UCSC:255818[3];Ensembl.UCSC:255818[3>0]	ENSG00000066336	CURATED:239[0];HGNC.Current:37337[1];HGNC.Current:37337[1>0];Ensembl.HGNC:255480[3>0]
uc058hmw.1	Ensembl.UCSC:163378[3];Ensembl.UCSC:163378[3>0]	ENSG00000109906	CURATED:269[0];HGNC.Current:42806[1];HGNC.Current:42806[1>0];Ensembl.HGNC:163499[3>0]
uc058hmx.1	Ensembl.UCSC:163381[3];Ensembl.UCSC:163381[3>0]	ENSG00000109906	CURATED:269[0];HGNC.Current:42806[1];HGNC.Current:42806[1>0];Ensembl.HGNC:163499[3>0]
uc058hmy.2	Ensembl.UCSC:163386[3];Ensembl.UCSC:163386[3>0]	ENSG00000109906	CURATED:269[0];HGNC.Current:42806[1];HGNC.Current:42806[1>0];Ensembl.HGNC:163499[3>0]
uc058hmz.1	Ensembl.UCSC:163421[3];Ensembl.UCSC:163421[3>0]	ENSG00000109906	CURATED:269[0];HGNC.Current:42806[1];HGNC.Current:42806[1>0];Ensembl.HGNC:163499[3>0]
uc058hnb.1	Ensembl.UCSC:163429[3];Ensembl.UCSC:163429[3>0]	ENSG00000109906	CURATED:269[0];HGNC.Current:42806[1];HGNC.Current:42806[1>0];Ensembl.HGNC:163499[3>0]
uc058hnd.1	Ensembl.UCSC:163437[3];Ensembl.UCSC:163437[3>0]	ENSG00000109906	CURATED:269[0];HGNC.Current:42806[1];HGNC.Current:42806[1>0];Ensembl.HGNC:163499[3>0]
uc058hne.1	Ensembl.UCSC:163439[3];Ensembl.UCSC:163439[3>0]	ENSG00000109906	CURATED:269[0];HGNC.Current:42806[1];HGNC.Current:42806[1>0];Ensembl.HGNC:163499[3>0]
uc058jam.1	Ensembl.UCSC:242365[3];Ensembl.UCSC:242365[3>0]	ENSG00000134954	CURATED:50[0];HGNC.Current:8351[1];HGNC.Current:8351[1>0];Ensembl.HGNC:242014[3>0]
uc058jan.1	Ensembl.UCSC:242373[3];Ensembl.UCSC:242373[3>0]	ENSG00000134954	CURATED:50[0];HGNC.Current:8351[1];HGNC.Current:8351[1>0];Ensembl.HGNC:242014[3>0]
uc058jao.1	Ensembl.UCSC:242375[3];Ensembl.UCSC:242375[3>0]	ENSG00000134954	CURATED:50[0];HGNC.Current:8351[1];HGNC.Current:8351[1>0];Ensembl.HGNC:242014[3>0]
uc058jap.1	Ensembl.UCSC:242377[3];Ensembl.UCSC:242377[3>0]	ENSG00000134954	CURATED:50[0];HGNC.Current:8351[1];HGNC.Current:8351[1>0];Ensembl.HGNC:242014[3>0]
uc058jaq.1	Ensembl.UCSC:242380[3];Ensembl.UCSC:242380[3>0]	ENSG00000134954	CURATED:50[0];HGNC.Current:8351[1];HGNC.Current:8351[1>0];Ensembl.HGNC:242014[3>0]
uc058jau.1	Ensembl.UCSC:228581[3];Ensembl.UCSC:228581[3>0]	ENSG00000151702	CURATED:56[0];HGNC.Current:9325[1];HGNC.Current:9325[1>0];Ensembl.HGNC:228559[3>0]
uc058jav.1	Ensembl.UCSC:228598[3];Ensembl.UCSC:228598[3>0]	ENSG00000151702	CURATED:56[0];HGNC.Current:9325[1];HGNC.Current:9325[1>0];Ensembl.HGNC:228559[3>0]
uc058jaw.1	Ensembl.UCSC:228621[3];Ensembl.UCSC:228621[3>0]	ENSG00000151702	CURATED:56[0];HGNC.Current:9325[1];HGNC.Current:9325[1>0];Ensembl.HGNC:228559[3>0]
uc058jax.1	Ensembl.UCSC:228636[3];Ensembl.UCSC:228636[3>0]	ENSG00000151702	CURATED:56[0];HGNC.Current:9325[1];HGNC.Current:9325[1>0];Ensembl.HGNC:228559[3>0]
uc058jay.1	Ensembl.UCSC:228638[3];Ensembl.UCSC:228638[3>0]	ENSG00000151702	CURATED:56[0];HGNC.Current:9325[1];HGNC.Current:9325[1>0];Ensembl.HGNC:228559[3>0]
uc058ktx.1	Ensembl.UCSC:35081[3];Ensembl.UCSC:35081[3>0]	ENSG00000111704	CURATED:178[0];HGNC.Current:22193[1];HGNC.Current:22193[1>0];Ensembl.HGNC:35294[3>0]
uc058kty.1	Ensembl.UCSC:35103[3];Ensembl.UCSC:35103[3>0]	ENSG00000111704	CURATED:178[0];HGNC.Current:22193[1];HGNC.Current:22193[1>0];Ensembl.HGNC:35294[3>0]
uc058ktz.1	Ensembl.UCSC:35112[3];Ensembl.UCSC:35112[3>0]	ENSG00000111704	CURATED:178[0];HGNC.Current:22193[1];HGNC.Current:22193[1>0];Ensembl.HGNC:35294[3>0]
uc058lhl.1	Ensembl.UCSC:20588[3];Ensembl.UCSC:20588[3>0]	ENSG00000139083	CURATED:54[0];HGNC.Current:8363[1];HGNC.Current:8363[1>0];Ensembl.HGNC:20793[3>0]
uc058lhm.1	Ensembl.UCSC:20592[3];Ensembl.UCSC:20592[3>0]	ENSG00000139083	CURATED:54[0];HGNC.Current:8363[1];HGNC.Current:8363[1>0];Ensembl.HGNC:20793[3>0]
uc058lhn.1	Ensembl.UCSC:20593[3];Ensembl.UCSC:20593[3>0]	ENSG00000139083	CURATED:54[0];HGNC.Current:8363[1];HGNC.Current:8363[1>0];Ensembl.HGNC:20793[3>0]
uc058lho.1	Ensembl.UCSC:20597[3];Ensembl.UCSC:20597[3>0]	ENSG00000139083	CURATED:54[0];HGNC.Current:8363[1];HGNC.Current:8363[1>0];Ensembl.HGNC:20793[3>0]
uc058omu.1	Ensembl.UCSC:49378[3];Ensembl.UCSC:49378[3>0]	ENSG00000172819	CURATED:208[0];HGNC.Current:27805[1];HGNC.Current:27805[1>0];Ensembl.HGNC:49004[3>0]
uc058omv.1	Ensembl.UCSC:49394[3];Ensembl.UCSC:49394[3>0]	ENSG00000172819	CURATED:208[0];HGNC.Current:27805[1];HGNC.Current:27805[1>0];Ensembl.HGNC:49004[3>0]
uc058omw.1	Ensembl.UCSC:49401[3];Ensembl.UCSC:49401[3>0]	ENSG00000172819	CURATED:208[0];HGNC.Current:27805[1];HGNC.Current:27805[1>0];Ensembl.HGNC:49004[3>0]
uc058omx.1	Ensembl.UCSC:49406[3];Ensembl.UCSC:49406[3>0]	ENSG00000172819	CURATED:208[0];HGNC.Current:27805[1];HGNC.Current:27805[1>0];Ensembl.HGNC:49004[3>0]
uc058omy.1	Ensembl.UCSC:49409[3];Ensembl.UCSC:49409[3>0]	ENSG00000172819	CURATED:208[0];HGNC.Current:27805[1];HGNC.Current:27805[1>0];Ensembl.HGNC:49004[3>0]
uc058omz.1	Ensembl.UCSC:49413[3];Ensembl.UCSC:49413[3>0]	ENSG00000172819	CURATED:208[0];HGNC.Current:27805[1];HGNC.Current:27805[1>0];Ensembl.HGNC:49004[3>0]
uc058ona.1	Ensembl.UCSC:49429[3];Ensembl.UCSC:49429[3>0]	ENSG00000172819	CURATED:208[0];HGNC.Current:27805[1];HGNC.Current:27805[1>0];Ensembl.HGNC:49004[3>0]
uc058onb.1	Ensembl.UCSC:49441[3];Ensembl.UCSC:49441[3>0]	ENSG00000172819	CURATED:208[0];HGNC.Current:27805[1];HGNC.Current:27805[1>0];Ensembl.HGNC:49004[3>0]
uc058onc.1	Ensembl.UCSC:49447[3];Ensembl.UCSC:49447[3>0]	ENSG00000172819	CURATED:208[0];HGNC.Current:27805[1];HGNC.Current:27805[1>0];Ensembl.HGNC:49004[3>0]
uc058ond.1	Ensembl.UCSC:49475[3];Ensembl.UCSC:49475[3>0]	ENSG00000172819	CURATED:208[0];HGNC.Current:27805[1];HGNC.Current:27805[1>0];Ensembl.HGNC:49004[3>0]
uc058one.1	Ensembl.UCSC:49488[3];Ensembl.UCSC:49488[3>0]	ENSG00000172819	CURATED:208[0];HGNC.Current:27805[1];HGNC.Current:27805[1>0];Ensembl.HGNC:49004[3>0]
uc058onf.1	Ensembl.UCSC:49493[3];Ensembl.UCSC:49493[3>0]	ENSG00000172819	CURATED:208[0];HGNC.Current:27805[1];HGNC.Current:27805[1>0];Ensembl.HGNC:49004[3>0]
uc058ong.1	Ensembl.UCSC:49497[3];Ensembl.UCSC:49497[3>0]	ENSG00000172819	CURATED:208[0];HGNC.Current:27805[1];HGNC.Current:27805[1>0];Ensembl.HGNC:49004[3>0]
uc058onh.1	Ensembl.UCSC:49505[3];Ensembl.UCSC:49505[3>0]	ENSG00000172819	CURATED:208[0];HGNC.Current:27805[1];HGNC.Current:27805[1>0];Ensembl.HGNC:49004[3>0]
uc058oub.1	Ensembl.UCSC:235302[3];Ensembl.UCSC:235302[3>0]	ENSG00000180806	CURATED:117[0];HGNC.Current:12174[1];HGNC.Current:12174[1>0];Ensembl.HGNC:235085[3>0]
uc058oud.1	Ensembl.UCSC:235304[3];Ensembl.UCSC:235304[3>0]	ENSG00000180806	CURATED:117[0];HGNC.Current:12174[1];HGNC.Current:12174[1>0];Ensembl.HGNC:235085[3>0]
uc058ovy.1	Ensembl.UCSC:162724[3];Ensembl.UCSC:162724[3>0]	ENSG00000123405	CURATED:181[0];HGNC.Current:22656[1];HGNC.Current:22656[1>0];Ensembl.HGNC:162846[3>0]
uc058sad.1	Ensembl.UCSC:55890[3];Ensembl.UCSC:55890[3>0]	ENSG00000111145	CURATED:44[0];HGNC.Current:7827[1];HGNC.Current:7827[1>0];Ensembl.HGNC:56353[3>0]
uc058sae.1	Ensembl.UCSC:55896[3];Ensembl.UCSC:55896[3>0]	ENSG00000111145	CURATED:44[0];HGNC.Current:7827[1];HGNC.Current:7827[1>0];Ensembl.HGNC:56353[3>0]
uc058saf.1	Ensembl.UCSC:55903[3];Ensembl.UCSC:55903[3>0]	ENSG00000111145	CURATED:44[0];HGNC.Current:7827[1];HGNC.Current:7827[1>0];Ensembl.HGNC:56353[3>0]
uc058sah.1	Ensembl.UCSC:55916[3];Ensembl.UCSC:55916[3>0]	ENSG00000111145	CURATED:44[0];HGNC.Current:7827[1];HGNC.Current:7827[1>0];Ensembl.HGNC:56353[3>0]
uc058sai.1	Ensembl.UCSC:55918[3];Ensembl.UCSC:55918[3>0]	ENSG00000111145	CURATED:44[0];HGNC.Current:7827[1];HGNC.Current:7827[1>0];Ensembl.HGNC:56353[3>0]
uc058snp.1	Ensembl.UCSC:170169[3];Ensembl.UCSC:170169[3>0]	ENSG00000120837	CURATED:185[0];HGNC.Current:22690[1];HGNC.Current:22690[1>0];Ensembl.HGNC:170326[3>0]
uc058snq.1	Ensembl.UCSC:170177[3];Ensembl.UCSC:170177[3>0]	ENSG00000120837	CURATED:185[0];HGNC.Current:22690[1];HGNC.Current:22690[1>0];Ensembl.HGNC:170326[3>0]
uc058snr.2	Ensembl.UCSC:170167[3];Ensembl.UCSC:170167[3>0]	ENSG00000120837	CURATED:185[0];HGNC.Current:22690[1];HGNC.Current:22690[1>0];Ensembl.HGNC:170326[3>0]
uc058tqt.1	Ensembl.UCSC:105724[3];Ensembl.UCSC:105724[3>0]	ENSG00000089225	CURATED:250[0];HGNC.Current:38456[1];HGNC.Current:38456[1>0];Ensembl.HGNC:105693[3>0]
uc058tra.1	Ensembl.UCSC:101309[3];Ensembl.UCSC:101309[3>0]	ENSG00000135111	CURATED:248[0];HGNC.Current:38453[1];HGNC.Current:38453[1>0];Ensembl.HGNC:101417[3>0]
uc058trb.1	Ensembl.UCSC:101310[3];Ensembl.UCSC:101310[3>0]	ENSG00000135111	CURATED:248[0];HGNC.Current:38453[1];HGNC.Current:38453[1>0];Ensembl.HGNC:101417[3>0]
uc058wav.3	Ensembl.UCSC:55980[3];Ensembl.UCSC:55980[3>0]	ENSG00000122034	CURATED:87[0];HGNC.Current:11034[1];HGNC.Current:11034[1>0];Ensembl.HGNC:56375[3>0]
uc058waw.1	Ensembl.UCSC:55985[3];Ensembl.UCSC:55985[3>0]	ENSG00000122034	CURATED:87[0];HGNC.Current:11034[1];HGNC.Current:11034[1>0];Ensembl.HGNC:56375[3>0]
uc058wax.1	Ensembl.UCSC:55989[3];Ensembl.UCSC:55989[3>0]	ENSG00000122034	CURATED:87[0];HGNC.Current:11034[1];HGNC.Current:11034[1>0];Ensembl.HGNC:56375[3>0]
uc058way.1	Ensembl.UCSC:55993[3];Ensembl.UCSC:55993[3>0]	ENSG00000122034	CURATED:87[0];HGNC.Current:11034[1];HGNC.Current:11034[1>0];Ensembl.HGNC:56375[3>0]
uc058waz.1	Ensembl.UCSC:55994[3];Ensembl.UCSC:55994[3>0]	ENSG00000122034	CURATED:87[0];HGNC.Current:11034[1];HGNC.Current:11034[1>0];Ensembl.HGNC:56375[3>0]
uc058wba.1	Ensembl.UCSC:55999[3];Ensembl.UCSC:55999[3>0]	ENSG00000122034	CURATED:87[0];HGNC.Current:11034[1];HGNC.Current:11034[1>0];Ensembl.HGNC:56375[3>0]
uc058wbb.1	Ensembl.UCSC:56003[3];Ensembl.UCSC:56003[3>0]	ENSG00000122034	CURATED:87[0];HGNC.Current:11034[1];HGNC.Current:11034[1>0];Ensembl.HGNC:56375[3>0]
uc058wby.1	Ensembl.UCSC:44112[3];Ensembl.UCSC:44112[3>0]	ENSG00000165556	CURATED:16[0];HGNC.Current:4223[1];HGNC.Current:4223[1>0];Ensembl.HGNC:44351[3>0]
uc058woy.1	Ensembl.UCSC:3978[3];Ensembl.UCSC:3978[3>0]	ENSG00000150907	CURATED:70[0];HGNC.Current:9471[1];HGNC.Current:9471[1>0];Ensembl.HGNC:4000[3>0]
uc058wph.1	Ensembl.UCSC:2738[3];Ensembl.UCSC:2738[3>0]	ENSG00000120690	CURATED:42[0];HGNC.Current:7810[1];HGNC.Current:7810[1>0];Ensembl.HGNC:2739[3>0]
uc058wpi.1	Ensembl.UCSC:2765[3];Ensembl.UCSC:2765[3>0]	ENSG00000120690	CURATED:42[0];HGNC.Current:7810[1];HGNC.Current:7810[1>0];Ensembl.HGNC:2739[3>0]
uc058xki.2	Ensembl.UCSC:36336[3];Ensembl.UCSC:36336[3>0]	ENSG00000276644	CURATED:27[0];HGNC.Current:6166[1];HGNC.Current:6166[1>0];Ensembl.HGNC:36339[3>0]
uc058xkk.2	Ensembl.UCSC:36344[3];Ensembl.UCSC:36344[3>0]	ENSG00000276644	CURATED:27[0];HGNC.Current:6166[1];HGNC.Current:6166[1>0];Ensembl.HGNC:36339[3>0]
uc058xlc.1	Ensembl.UCSC:2997[3];Ensembl.UCSC:2997[3>0]	ENSG00000102554	CURATED:23[0];HGNC.Current:4824[1];HGNC.Current:14133[8>1];HGNC.Current:14133[1];HGNC.Current:14133[1>0];Ensembl.HGNC:2993[3>0]
uc058xld.1	Ensembl.UCSC:3016[3];Ensembl.UCSC:3016[3>0]	ENSG00000102554	CURATED:23[0];HGNC.Current:4824[1];HGNC.Current:14133[8>1];HGNC.Current:14133[1];HGNC.Current:14133[1>0];Ensembl.HGNC:2993[3>0]
uc058xle.1	Ensembl.UCSC:3017[3];Ensembl.UCSC:3017[3>0]	ENSG00000102554	CURATED:23[0];HGNC.Current:4824[1];HGNC.Current:14133[8>1];HGNC.Current:14133[1];HGNC.Current:14133[1>0];Ensembl.HGNC:2993[3>0]
uc058yny.1	Ensembl.UCSC:18149[3];Ensembl.UCSC:18149[3>0]	ENSG00000198176	CURATED:258[0];HGNC.Current:38720[1];HGNC.Current:38720[1>0];Ensembl.HGNC:18429[3>0]
uc058ynz.1	Ensembl.UCSC:18152[3];Ensembl.UCSC:18152[3>0]	ENSG00000198176	CURATED:258[0];HGNC.Current:38720[1];HGNC.Current:38720[1>0];Ensembl.HGNC:18429[3>0]
uc058yoa.1	Ensembl.UCSC:18257[3];Ensembl.UCSC:18257[3>0]	ENSG00000198176	CURATED:258[0];HGNC.Current:38720[1];HGNC.Current:38720[1>0];Ensembl.HGNC:18429[3>0]
uc058yob.1	Ensembl.UCSC:18264[3];Ensembl.UCSC:18264[3>0]	ENSG00000198176	CURATED:258[0];HGNC.Current:38720[1];HGNC.Current:38720[1>0];Ensembl.HGNC:18429[3>0]
uc058yoc.1	Ensembl.UCSC:18270[3];Ensembl.UCSC:18270[3>0]	ENSG00000198176	CURATED:258[0];HGNC.Current:38720[1];HGNC.Current:38720[1>0];Ensembl.HGNC:18429[3>0]
uc058yod.1	Ensembl.UCSC:18278[3];Ensembl.UCSC:18278[3>0]	ENSG00000198176	CURATED:258[0];HGNC.Current:38720[1];HGNC.Current:38720[1>0];Ensembl.HGNC:18429[3>0]
uc059aym.1	Ensembl.UCSC:169738[3];Ensembl.UCSC:169738[3>0]	ENSG00000129514	CURATED:60[0];HGNC.Current:9420[1];HGNC.Current:9420[1>0];Ensembl.HGNC:169876[3>0]
uc059ayn.1	Ensembl.UCSC:169740[3];Ensembl.UCSC:169740[3>0]	ENSG00000129514	CURATED:60[0];HGNC.Current:9420[1];HGNC.Current:9420[1>0];Ensembl.HGNC:169876[3>0]
uc059ayo.1	Ensembl.UCSC:169743[3];Ensembl.UCSC:169743[3>0]	ENSG00000129514	CURATED:60[0];HGNC.Current:9420[1];HGNC.Current:9420[1>0];Ensembl.HGNC:169876[3>0]
uc059ayp.1	Ensembl.UCSC:169744[3];Ensembl.UCSC:169744[3>0]	ENSG00000129514	CURATED:60[0];HGNC.Current:9420[1];HGNC.Current:9420[1>0];Ensembl.HGNC:169876[3>0]
uc059bvn.1	Ensembl.UCSC:116893[3];Ensembl.UCSC:116893[3>0]	ENSG00000165588	CURATED:194[0];HGNC.Current:24603[1];HGNC.Current:24603[1>0];Ensembl.HGNC:116891[3>0]
uc059bvo.2	Ensembl.UCSC:116880[3];Ensembl.UCSC:116880[3>0]	ENSG00000165588	CURATED:194[0];HGNC.Current:24603[1];HGNC.Current:24603[1>0];Ensembl.HGNC:116891[3>0]
uc059bvp.1	Ensembl.UCSC:116896[3];Ensembl.UCSC:116896[3>0]	ENSG00000165588	CURATED:194[0];HGNC.Current:24603[1];HGNC.Current:24603[1>0];Ensembl.HGNC:116891[3>0]
uc059bvq.2	Ensembl.UCSC:116890[3];Ensembl.UCSC:116890[3>0]	ENSG00000165588	CURATED:194[0];HGNC.Current:24603[1];HGNC.Current:24603[1>0];Ensembl.HGNC:116891[3>0]
uc059dnp.1	Ensembl.UCSC:13277[3];Ensembl.UCSC:13277[3>0]	ENSG00000170345	CURATED:57[0];HGNC.Current:9414[1];HGNC.Current:9414[1>0];Ensembl.HGNC:13428[3>0]
uc059dnq.1	Ensembl.UCSC:13279[3];Ensembl.UCSC:13279[3>0]	ENSG00000170345	CURATED:57[0];HGNC.Current:9414[1];HGNC.Current:9414[1>0];Ensembl.HGNC:13428[3>0]
uc059dnr.1	Ensembl.UCSC:13284[3];Ensembl.UCSC:13284[3>0]	ENSG00000170345	CURATED:57[0];HGNC.Current:9414[1];HGNC.Current:9414[1>0];Ensembl.HGNC:13428[3>0]
uc059dns.1	Ensembl.UCSC:13292[3];Ensembl.UCSC:13292[3>0]	ENSG00000170345	CURATED:57[0];HGNC.Current:9414[1];HGNC.Current:9414[1>0];Ensembl.HGNC:13428[3>0]
uc059dnt.1	Ensembl.UCSC:13299[3];Ensembl.UCSC:13299[3>0]	ENSG00000170345	CURATED:57[0];HGNC.Current:9414[1];HGNC.Current:9414[1>0];Ensembl.HGNC:13428[3>0]
uc059dnu.1	Ensembl.UCSC:13303[3];Ensembl.UCSC:13303[3>0]	ENSG00000170345	CURATED:57[0];HGNC.Current:9414[1];HGNC.Current:9414[1>0];Ensembl.HGNC:13428[3>0]
uc059dnv.1	Ensembl.UCSC:13306[3];Ensembl.UCSC:13306[3>0]	ENSG00000170345	CURATED:57[0];HGNC.Current:9414[1];HGNC.Current:9414[1>0];Ensembl.HGNC:13428[3>0]
uc059doc.1	Ensembl.UCSC:78070[3];Ensembl.UCSC:78070[3>0]	ENSG00000156127	CURATED:11[0];HGNC.Current:2257[1];HGNC.Current:2257[1>0];Ensembl.HGNC:78242[3>0]
uc059dod.1	Ensembl.UCSC:78120[3];Ensembl.UCSC:78120[3>0]	ENSG00000156127	CURATED:11[0];HGNC.Current:2257[1];HGNC.Current:2257[1>0];Ensembl.HGNC:78242[3>0]
uc059ezf.1	Ensembl.UCSC:178568[3];Ensembl.UCSC:178568[3>0]	ENSG00000127152	CURATED:13[0];HGNC.Current:2343[1];HGNC.Current:2343[1>0];Ensembl.HGNC:178608[3>0]
uc059hdf.1	Ensembl.UCSC:98370[3];Ensembl.UCSC:98370[3>0]	ENSG00000169926	CURATED:141[0];HGNC.Current:14146[1];HGNC.Current:14146[1>0];Ensembl.HGNC:98850[3>0]
uc059hdg.1	Ensembl.UCSC:98372[3];Ensembl.UCSC:98372[3>0]	ENSG00000169926	CURATED:141[0];HGNC.Current:14146[1];HGNC.Current:14146[1>0];Ensembl.HGNC:98850[3>0]
uc059hdh.1	Ensembl.UCSC:98374[3];Ensembl.UCSC:98374[3>0]	ENSG00000169926	CURATED:141[0];HGNC.Current:14146[1];HGNC.Current:14146[1>0];Ensembl.HGNC:98850[3>0]
uc059hdi.1	Ensembl.UCSC:98376[3];Ensembl.UCSC:98376[3>0]	ENSG00000169926	CURATED:141[0];HGNC.Current:14146[1];HGNC.Current:14146[1>0];Ensembl.HGNC:98850[3>0]
uc059hdj.1	Ensembl.UCSC:98382[3];Ensembl.UCSC:98382[3>0]	ENSG00000169926	CURATED:141[0];HGNC.Current:14146[1];HGNC.Current:14146[1>0];Ensembl.HGNC:98850[3>0]
uc059hkm.1	Ensembl.UCSC:177016[3];Ensembl.UCSC:177016[3>0]	ENSG00000134138	CURATED:165[0];HGNC.Current:18402[1];HGNC.Current:18402[1>0];Ensembl.HGNC:176618[3>0]
uc059hkn.1	Ensembl.UCSC:177040[3];Ensembl.UCSC:177040[3>0]	ENSG00000134138	CURATED:165[0];HGNC.Current:18402[1];HGNC.Current:18402[1>0];Ensembl.HGNC:176618[3>0]
uc059hko.1	Ensembl.UCSC:177049[3];Ensembl.UCSC:177049[3>0]	ENSG00000134138	CURATED:165[0];HGNC.Current:18402[1];HGNC.Current:18402[1>0];Ensembl.HGNC:176618[3>0]
uc059hkp.1	Ensembl.UCSC:177081[3];Ensembl.UCSC:177081[3>0]	ENSG00000134138	CURATED:165[0];HGNC.Current:18402[1];HGNC.Current:18402[1>0];Ensembl.HGNC:176618[3>0]
uc059hkq.1	Ensembl.UCSC:177089[3];Ensembl.UCSC:177089[3>0]	ENSG00000134138	CURATED:165[0];HGNC.Current:18402[1];HGNC.Current:18402[1>0];Ensembl.HGNC:176618[3>0]
uc059hkr.1	Ensembl.UCSC:177109[3];Ensembl.UCSC:177109[3>0]	ENSG00000134138	CURATED:165[0];HGNC.Current:18402[1];HGNC.Current:18402[1>0];Ensembl.HGNC:176618[3>0]
uc059hks.1	Ensembl.UCSC:177113[3];Ensembl.UCSC:177113[3>0]	ENSG00000134138	CURATED:165[0];HGNC.Current:18402[1];HGNC.Current:18402[1>0];Ensembl.HGNC:176618[3>0]
uc059hkt.1	Ensembl.UCSC:177115[3];Ensembl.UCSC:177115[3>0]	ENSG00000134138	CURATED:165[0];HGNC.Current:18402[1];HGNC.Current:18402[1>0];Ensembl.HGNC:176618[3>0]
uc059hku.1	Ensembl.UCSC:177117[3];Ensembl.UCSC:177117[3>0]	ENSG00000134138	CURATED:165[0];HGNC.Current:18402[1];HGNC.Current:18402[1>0];Ensembl.HGNC:176618[3>0]
uc059hkv.1	Ensembl.UCSC:177122[3];Ensembl.UCSC:177122[3>0]	ENSG00000134138	CURATED:165[0];HGNC.Current:18402[1];HGNC.Current:18402[1>0];Ensembl.HGNC:176618[3>0]
uc059hkw.1	Ensembl.UCSC:177133[3];Ensembl.UCSC:177133[3>0]	ENSG00000134138	CURATED:165[0];HGNC.Current:18402[1];HGNC.Current:18402[1>0];Ensembl.HGNC:176618[3>0]
uc059hkx.1	Ensembl.UCSC:177136[3];Ensembl.UCSC:177136[3>0]	ENSG00000134138	CURATED:165[0];HGNC.Current:18402[1];HGNC.Current:18402[1>0];Ensembl.HGNC:176618[3>0]
uc059hky.1	Ensembl.UCSC:177145[3];Ensembl.UCSC:177145[3>0]	ENSG00000134138	CURATED:165[0];HGNC.Current:18402[1];HGNC.Current:18402[1>0];Ensembl.HGNC:176618[3>0]
uc059hkz.1	Ensembl.UCSC:177146[3];Ensembl.UCSC:177146[3>0]	ENSG00000134138	CURATED:165[0];HGNC.Current:18402[1];HGNC.Current:18402[1>0];Ensembl.HGNC:176618[3>0]
uc059hla.1	Ensembl.UCSC:177151[3];Ensembl.UCSC:177151[3>0]	ENSG00000134138	CURATED:165[0];HGNC.Current:18402[1];HGNC.Current:18402[1>0];Ensembl.HGNC:176618[3>0]
uc059hlc.1	Ensembl.UCSC:177154[3];Ensembl.UCSC:177154[3>0]	ENSG00000134138	CURATED:165[0];HGNC.Current:18402[1];HGNC.Current:18402[1>0];Ensembl.HGNC:176618[3>0]
uc059hld.1	Ensembl.UCSC:177159[3];Ensembl.UCSC:177159[3>0]	ENSG00000134138	CURATED:165[0];HGNC.Current:18402[1];HGNC.Current:18402[1>0];Ensembl.HGNC:176618[3>0]
uc059hle.1	Ensembl.UCSC:177162[3];Ensembl.UCSC:177162[3>0]	ENSG00000134138	CURATED:165[0];HGNC.Current:18402[1];HGNC.Current:18402[1>0];Ensembl.HGNC:176618[3>0]
uc059hlg.1	Ensembl.UCSC:177166[3];Ensembl.UCSC:177166[3>0]	ENSG00000134138	CURATED:165[0];HGNC.Current:18402[1];HGNC.Current:18402[1>0];Ensembl.HGNC:176618[3>0]
uc059hlh.2	Ensembl.UCSC:177169[3];Ensembl.UCSC:177169[3>0]	ENSG00000134138	CURATED:165[0];HGNC.Current:18402[1];HGNC.Current:18402[1>0];Ensembl.HGNC:176618[3>0]
uc059jyh.1	Ensembl.UCSC:40917[3];Ensembl.UCSC:40917[3>0]	ENSG00000069667	CURATED:211[0];HGNC.Current:32134[1];HGNC.Current:32134[1>0];Ensembl.HGNC:40538[3>0]
uc059jyj.1	Ensembl.UCSC:40918[3];Ensembl.UCSC:40918[3>0]	ENSG00000069667	CURATED:211[0];HGNC.Current:32134[1];HGNC.Current:32134[1>0];Ensembl.HGNC:40538[3>0]
uc059jyk.1	Ensembl.UCSC:40923[3];Ensembl.UCSC:40923[3>0]	ENSG00000069667	CURATED:211[0];HGNC.Current:32134[1];HGNC.Current:32134[1>0];Ensembl.HGNC:40538[3>0]
uc059jyl.1	Ensembl.UCSC:40926[3];Ensembl.UCSC:40926[3>0]	ENSG00000069667	CURATED:211[0];HGNC.Current:32134[1];HGNC.Current:32134[1>0];Ensembl.HGNC:40538[3>0]
uc059jyn.1	Ensembl.UCSC:40935[3];Ensembl.UCSC:40935[3>0]	ENSG00000069667	CURATED:211[0];HGNC.Current:32134[1];HGNC.Current:32134[1>0];Ensembl.HGNC:40538[3>0]
uc059jyp.1	Ensembl.UCSC:40938[3];Ensembl.UCSC:40938[3>0]	ENSG00000069667	CURATED:211[0];HGNC.Current:32134[1];HGNC.Current:32134[1>0];Ensembl.HGNC:40538[3>0]
uc059jyr.1	Ensembl.UCSC:40940[3];Ensembl.UCSC:40940[3>0]	ENSG00000069667	CURATED:211[0];HGNC.Current:32134[1];HGNC.Current:32134[1>0];Ensembl.HGNC:40538[3>0]
uc059jyt.1	Ensembl.UCSC:40943[3];Ensembl.UCSC:40943[3>0]	ENSG00000069667	CURATED:211[0];HGNC.Current:32134[1];HGNC.Current:32134[1>0];Ensembl.HGNC:40538[3>0]
uc059jza.1	Ensembl.UCSC:40946[3];Ensembl.UCSC:40946[3>0]	ENSG00000069667	CURATED:211[0];HGNC.Current:32134[1];HGNC.Current:32134[1>0];Ensembl.HGNC:40538[3>0]
uc059jzb.1	Ensembl.UCSC:40950[3];Ensembl.UCSC:40950[3>0]	ENSG00000069667	CURATED:211[0];HGNC.Current:32134[1];HGNC.Current:32134[1>0];Ensembl.HGNC:40538[3>0]
uc059kus.1	Ensembl.UCSC:138543[3];Ensembl.UCSC:138543[3>0]	ENSG00000140332	CURATED:261[0];HGNC.Current:38963[1];HGNC.Current:38963[1>0];Ensembl.HGNC:135860[3>0]
uc059kut.2	Ensembl.UCSC:138547[3];Ensembl.UCSC:138547[3>0]	ENSG00000140332	CURATED:261[0];HGNC.Current:38963[1];HGNC.Current:38963[1>0];Ensembl.HGNC:135860[3>0]
uc059kuu.1	Ensembl.UCSC:138549[3];Ensembl.UCSC:138549[3>0]	ENSG00000140332	CURATED:261[0];HGNC.Current:38963[1];HGNC.Current:38963[1>0];Ensembl.HGNC:135860[3>0]
uc059kuv.1	Ensembl.UCSC:138552[3];Ensembl.UCSC:138552[3>0]	ENSG00000140332	CURATED:261[0];HGNC.Current:38963[1];HGNC.Current:38963[1>0];Ensembl.HGNC:135860[3>0]
uc059kuw.1	Ensembl.UCSC:138555[3];Ensembl.UCSC:138555[3>0]	ENSG00000140332	CURATED:261[0];HGNC.Current:38963[1];HGNC.Current:38963[1>0];Ensembl.HGNC:135860[3>0]
uc059kux.1	Ensembl.UCSC:138569[3];Ensembl.UCSC:138569[3>0]	ENSG00000140332	CURATED:261[0];HGNC.Current:38963[1];HGNC.Current:38963[1>0];Ensembl.HGNC:135860[3>0]
uc059kuy.1	Ensembl.UCSC:138585[3];Ensembl.UCSC:138585[3>0]	ENSG00000140332	CURATED:261[0];HGNC.Current:38963[1];HGNC.Current:38963[1>0];Ensembl.HGNC:135860[3>0]
uc059kuz.1	Ensembl.UCSC:138595[3];Ensembl.UCSC:138595[3>0]	ENSG00000140332	CURATED:261[0];HGNC.Current:38963[1];HGNC.Current:38963[1>0];Ensembl.HGNC:135860[3>0]
uc059kva.1	Ensembl.UCSC:138795[3];Ensembl.UCSC:138795[3>0]	ENSG00000140332	CURATED:261[0];HGNC.Current:38963[1];HGNC.Current:38963[1>0];Ensembl.HGNC:135860[3>0]
uc059kvb.1	Ensembl.UCSC:138811[3];Ensembl.UCSC:138811[3>0]	ENSG00000140332	CURATED:261[0];HGNC.Current:38963[1];HGNC.Current:38963[1>0];Ensembl.HGNC:135860[3>0]
uc059kvc.1	Ensembl.UCSC:138826[3];Ensembl.UCSC:138826[3>0]	ENSG00000140332	CURATED:261[0];HGNC.Current:38963[1];HGNC.Current:38963[1>0];Ensembl.HGNC:135860[3>0]
uc059kvd.1	Ensembl.UCSC:138854[3];Ensembl.UCSC:138854[3>0]	ENSG00000140332	CURATED:261[0];HGNC.Current:38963[1];HGNC.Current:38963[1>0];Ensembl.HGNC:135860[3>0]
uc059kve.1	Ensembl.UCSC:138856[3];Ensembl.UCSC:138856[3>0]	ENSG00000140332	CURATED:261[0];HGNC.Current:38963[1];HGNC.Current:38963[1>0];Ensembl.HGNC:135860[3>0]
uc059kvf.2	Ensembl.UCSC:138860[3];Ensembl.UCSC:138860[3>0]	ENSG00000140332	CURATED:261[0];HGNC.Current:38963[1];HGNC.Current:38963[1>0];Ensembl.HGNC:135860[3>0]
uc059kvh.1	Ensembl.UCSC:138870[3];Ensembl.UCSC:138870[3>0]	ENSG00000140332	CURATED:261[0];HGNC.Current:38963[1];HGNC.Current:38963[1>0];Ensembl.HGNC:135860[3>0]
uc059kvi.1	Ensembl.UCSC:138877[3];Ensembl.UCSC:138877[3>0]	ENSG00000140332	CURATED:261[0];HGNC.Current:38963[1];HGNC.Current:38963[1>0];Ensembl.HGNC:135860[3>0]
uc059liv.1	Ensembl.UCSC:110324[3];Ensembl.UCSC:110324[3>0]	ENSG00000179361	CURATED:7[0];HGNC.Current:1543[1];HGNC.Current:1543[1>0];Ensembl.HGNC:110538[3>0]
uc059liw.1	Ensembl.UCSC:110331[3];Ensembl.UCSC:110331[3>0]	ENSG00000179361	CURATED:7[0];HGNC.Current:1543[1];HGNC.Current:1543[1>0];Ensembl.HGNC:110538[3>0]
uc059lix.1	Ensembl.UCSC:110337[3];Ensembl.UCSC:110337[3>0]	ENSG00000179361	CURATED:7[0];HGNC.Current:1543[1];HGNC.Current:1543[1>0];Ensembl.HGNC:110538[3>0]
uc059liy.1	Ensembl.UCSC:110341[3];Ensembl.UCSC:110341[3>0]	ENSG00000179361	CURATED:7[0];HGNC.Current:1543[1];HGNC.Current:1543[1>0];Ensembl.HGNC:110538[3>0]
uc059nbv.1	Ensembl.UCSC:144858[3];Ensembl.UCSC:144858[3>0]	ENSG00000166823	CURATED:168[0];HGNC.Current:18430[1];HGNC.Current:18430[1>0];Ensembl.HGNC:145235[3>0]
uc059nqg.1	Ensembl.UCSC:47326[3];Ensembl.UCSC:47326[3>0]	ENSG00000185551	CURATED:190[0];HGNC.Current:23168[1];HGNC.Current:23168[1>0];Ensembl.HGNC:47561[3>0]
uc059nul.1	Ensembl.UCSC:175786[3];Ensembl.UCSC:175786[3>0]	ENSG00000068305	CURATED:161[0];HGNC.Current:18376[1];HGNC.Current:18376[1>0];Ensembl.HGNC:175896[3>0]
uc059num.1	Ensembl.UCSC:175928[3];Ensembl.UCSC:175928[3>0]	ENSG00000068305	CURATED:161[0];HGNC.Current:18376[1];HGNC.Current:18376[1>0];Ensembl.HGNC:175896[3>0]
uc059nun.1	Ensembl.UCSC:175951[3];Ensembl.UCSC:175951[3>0]	ENSG00000068305	CURATED:161[0];HGNC.Current:18376[1];HGNC.Current:18376[1>0];Ensembl.HGNC:175896[3>0]
uc059nuo.1	Ensembl.UCSC:175956[3];Ensembl.UCSC:175956[3>0]	ENSG00000068305	CURATED:161[0];HGNC.Current:18376[1];HGNC.Current:18376[1>0];Ensembl.HGNC:175896[3>0]
uc059nup.1	Ensembl.UCSC:175959[3];Ensembl.UCSC:175959[3>0]	ENSG00000068305	CURATED:161[0];HGNC.Current:18376[1];HGNC.Current:18376[1>0];Ensembl.HGNC:175896[3>0]
uc059nuq.1	Ensembl.UCSC:175976[3];Ensembl.UCSC:175976[3>0]	ENSG00000068305	CURATED:161[0];HGNC.Current:18376[1];HGNC.Current:18376[1>0];Ensembl.HGNC:175896[3>0]
uc059nur.1	Ensembl.UCSC:175980[3];Ensembl.UCSC:175980[3>0]	ENSG00000068305	CURATED:161[0];HGNC.Current:18376[1];HGNC.Current:18376[1>0];Ensembl.HGNC:175896[3>0]
uc059nus.1	Ensembl.UCSC:175994[3];Ensembl.UCSC:175994[3>0]	ENSG00000068305	CURATED:161[0];HGNC.Current:18376[1];HGNC.Current:18376[1>0];Ensembl.HGNC:175896[3>0]
uc059nuu.1	Ensembl.UCSC:175998[3];Ensembl.UCSC:175998[3>0]	ENSG00000068305	CURATED:161[0];HGNC.Current:18376[1];HGNC.Current:18376[1>0];Ensembl.HGNC:175896[3>0]
uc059sns.1	Ensembl.UCSC:129077[3];Ensembl.UCSC:129077[3>0]	ENSG00000176046	CURATED:191[0];HGNC.Current:23426[1];HGNC.Current:23426[1>0];Ensembl.HGNC:129412[3>0]
uc059tac.1	Ensembl.UCSC:168316[3];Ensembl.UCSC:168316[3>0]	ENSG00000149922	CURATED:251[0];HGNC.Current:38458[1];HGNC.Current:38458[1>0];Ensembl.HGNC:168356[3>0]
uc059tae.1	Ensembl.UCSC:168322[3];Ensembl.UCSC:168322[3>0]	ENSG00000149922	CURATED:251[0];HGNC.Current:38458[1];HGNC.Current:38458[1>0];Ensembl.HGNC:168356[3>0]
uc059ugx.1	Ensembl.UCSC:215495[3];Ensembl.UCSC:215495[3>0]	ENSG00000177508	CURATED:133[0];HGNC.Current:13520[1];HGNC.Current:13520[1>0];Ensembl.HGNC:215397[3>0]
uc059ugy.1	Ensembl.UCSC:215500[3];Ensembl.UCSC:215500[3>0]	ENSG00000177508	CURATED:133[0];HGNC.Current:13520[1];HGNC.Current:13520[1>0];Ensembl.HGNC:215397[3>0]
uc059uhl.1	Ensembl.UCSC:167752[3];Ensembl.UCSC:167752[3>0]	ENSG00000176842	CURATED:134[0];HGNC.Current:13524[1];HGNC.Current:13524[1>0];Ensembl.HGNC:167880[3>0]
uc059vis.1	Ensembl.UCSC:121100[3];Ensembl.UCSC:121100[3>0]	ENSG00000217555	CURATED:23[0];HGNC.Current:4824[1];HGNC.Current:4824[1>0];Ensembl.HGNC:121272[3>0]
uc059vit.1	Ensembl.UCSC:121153[3];Ensembl.UCSC:121153[3>0]	ENSG00000217555	CURATED:23[0];HGNC.Current:4824[1];HGNC.Current:4824[1>0];Ensembl.HGNC:121272[3>0]
uc059viw.1	Ensembl.UCSC:121157[3];Ensembl.UCSC:121157[3>0]	ENSG00000217555	CURATED:23[0];HGNC.Current:4824[1];HGNC.Current:4824[1>0];Ensembl.HGNC:121272[3>0]
uc059vqp.1	Ensembl.UCSC:111802[3];Ensembl.UCSC:111802[3>0]	ENSG00000205250	CURATED:35[0];HGNC.Current:7370[1];HGNC.Current:7370[1>0];Ensembl.HGNC:111885[3>0]
uc059vqq.1	Ensembl.UCSC:111848[3];Ensembl.UCSC:111848[3>0]	ENSG00000205250	CURATED:35[0];HGNC.Current:7370[1];HGNC.Current:7370[1>0];Ensembl.HGNC:111885[3>0]
uc059vqr.1	Ensembl.UCSC:111857[3];Ensembl.UCSC:111857[3>0]	ENSG00000205250	CURATED:35[0];HGNC.Current:7370[1];HGNC.Current:7370[1>0];Ensembl.HGNC:111885[3>0]
uc059vqs.1	Ensembl.UCSC:111869[3];Ensembl.UCSC:111869[3>0]	ENSG00000205250	CURATED:35[0];HGNC.Current:7370[1];HGNC.Current:7370[1>0];Ensembl.HGNC:111885[3>0]
uc059vqt.1	Ensembl.UCSC:111877[3];Ensembl.UCSC:111877[3>0]	ENSG00000205250	CURATED:35[0];HGNC.Current:7370[1];HGNC.Current:7370[1>0];Ensembl.HGNC:111885[3>0]
uc059vqu.1	Ensembl.UCSC:111887[3];Ensembl.UCSC:111887[3>0]	ENSG00000205250	CURATED:35[0];HGNC.Current:7370[1];HGNC.Current:7370[1>0];Ensembl.HGNC:111885[3>0]
uc059vqv.1	Ensembl.UCSC:111896[3];Ensembl.UCSC:111896[3>0]	ENSG00000205250	CURATED:35[0];HGNC.Current:7370[1];HGNC.Current:7370[1>0];Ensembl.HGNC:111885[3>0]
uc059vqw.1	Ensembl.UCSC:111900[3];Ensembl.UCSC:111900[3>0]	ENSG00000205250	CURATED:35[0];HGNC.Current:7370[1];HGNC.Current:7370[1>0];Ensembl.HGNC:111885[3>0]
uc059vqx.1	Ensembl.UCSC:111906[3];Ensembl.UCSC:111906[3>0]	ENSG00000205250	CURATED:35[0];HGNC.Current:7370[1];HGNC.Current:7370[1>0];Ensembl.HGNC:111885[3>0]
uc059vqy.1	Ensembl.UCSC:111908[3];Ensembl.UCSC:111908[3>0]	ENSG00000205250	CURATED:35[0];HGNC.Current:7370[1];HGNC.Current:7370[1>0];Ensembl.HGNC:111885[3>0]
uc059vqz.1	Ensembl.UCSC:111909[3];Ensembl.UCSC:111909[3>0]	ENSG00000205250	CURATED:35[0];HGNC.Current:7370[1];HGNC.Current:7370[1>0];Ensembl.HGNC:111885[3>0]
uc059vra.1	Ensembl.UCSC:111913[3];Ensembl.UCSC:111913[3>0]	ENSG00000205250	CURATED:35[0];HGNC.Current:7370[1];HGNC.Current:7370[1>0];Ensembl.HGNC:111885[3>0]
uc059wct.1	Ensembl.UCSC:79597[3];Ensembl.UCSC:79597[3>0]	ENSG00000072736	CURATED:180[0];HGNC.Current:22654[1];HGNC.Current:22654[1>0];Ensembl.HGNC:77902[3>0]
uc059wcu.1	Ensembl.UCSC:79710[3];Ensembl.UCSC:79710[3>0]	ENSG00000072736	CURATED:180[0];HGNC.Current:22654[1];HGNC.Current:22654[1>0];Ensembl.HGNC:77902[3>0]
uc059wcv.1	Ensembl.UCSC:79717[3];Ensembl.UCSC:79717[3>0]	ENSG00000072736	CURATED:180[0];HGNC.Current:22654[1];HGNC.Current:22654[1>0];Ensembl.HGNC:77902[3>0]
uc059wcw.1	Ensembl.UCSC:79724[3];Ensembl.UCSC:79724[3>0]	ENSG00000072736	CURATED:180[0];HGNC.Current:22654[1];HGNC.Current:22654[1>0];Ensembl.HGNC:77902[3>0]
uc059wcx.1	Ensembl.UCSC:80678[3];Ensembl.UCSC:80678[3>0]	ENSG00000072736	CURATED:180[0];HGNC.Current:22654[1];HGNC.Current:22654[1>0];Ensembl.HGNC:77902[3>0]
uc059wcy.1	Ensembl.UCSC:80691[3];Ensembl.UCSC:80691[3>0]	ENSG00000072736	CURATED:180[0];HGNC.Current:22654[1];HGNC.Current:22654[1>0];Ensembl.HGNC:77902[3>0]
uc059wcz.1	Ensembl.UCSC:80720[3];Ensembl.UCSC:80720[3>0]	ENSG00000072736	CURATED:180[0];HGNC.Current:22654[1];HGNC.Current:22654[1>0];Ensembl.HGNC:77902[3>0]
uc059wda.1	Ensembl.UCSC:80723[3];Ensembl.UCSC:80723[3>0]	ENSG00000072736	CURATED:180[0];HGNC.Current:22654[1];HGNC.Current:22654[1>0];Ensembl.HGNC:77902[3>0]
uc059wdb.1	Ensembl.UCSC:80724[3];Ensembl.UCSC:80724[3>0]	ENSG00000072736	CURATED:180[0];HGNC.Current:22654[1];HGNC.Current:22654[1>0];Ensembl.HGNC:77902[3>0]
uc059wdc.1	Ensembl.UCSC:80750[3];Ensembl.UCSC:80750[3>0]	ENSG00000072736	CURATED:180[0];HGNC.Current:22654[1];HGNC.Current:22654[1>0];Ensembl.HGNC:77902[3>0]
uc059wdd.1	Ensembl.UCSC:80782[3];Ensembl.UCSC:80782[3>0]	ENSG00000072736	CURATED:180[0];HGNC.Current:22654[1];HGNC.Current:22654[1>0];Ensembl.HGNC:77902[3>0]
uc059wde.1	Ensembl.UCSC:80783[3];Ensembl.UCSC:80783[3>0]	ENSG00000072736	CURATED:180[0];HGNC.Current:22654[1];HGNC.Current:22654[1>0];Ensembl.HGNC:77902[3>0]
uc059wdf.1	Ensembl.UCSC:80786[3];Ensembl.UCSC:80786[3>0]	ENSG00000072736	CURATED:180[0];HGNC.Current:22654[1];HGNC.Current:22654[1>0];Ensembl.HGNC:77902[3>0]
uc059wdg.1	Ensembl.UCSC:80787[3];Ensembl.UCSC:80787[3>0]	ENSG00000072736	CURATED:180[0];HGNC.Current:22654[1];HGNC.Current:22654[1>0];Ensembl.HGNC:77902[3>0]
uc059wdh.1	Ensembl.UCSC:80791[3];Ensembl.UCSC:80791[3>0]	ENSG00000072736	CURATED:180[0];HGNC.Current:22654[1];HGNC.Current:22654[1>0];Ensembl.HGNC:77902[3>0]
uc059wdi.1	Ensembl.UCSC:80796[3];Ensembl.UCSC:80796[3>0]	ENSG00000072736	CURATED:180[0];HGNC.Current:22654[1];HGNC.Current:22654[1>0];Ensembl.HGNC:77902[3>0]
uc059wdk.1	Ensembl.UCSC:80798[3];Ensembl.UCSC:80798[3>0]	ENSG00000072736	CURATED:180[0];HGNC.Current:22654[1];HGNC.Current:22654[1>0];Ensembl.HGNC:77902[3>0]
uc059wlp.1	Ensembl.UCSC:201458[3];Ensembl.UCSC:201458[3>0]	ENSG00000102908	CURATED:179[0];HGNC.Current:22649[1];HGNC.Current:22649[1>0];Ensembl.HGNC:201339[3>0]
uc059wlq.1	Ensembl.UCSC:201682[3];Ensembl.UCSC:201682[3>0]	ENSG00000102908	CURATED:179[0];HGNC.Current:22649[1];HGNC.Current:22649[1>0];Ensembl.HGNC:201339[3>0]
uc059wls.2	Ensembl.UCSC:201708[3];Ensembl.UCSC:201708[3>0]	ENSG00000102908	CURATED:179[0];HGNC.Current:22649[1];HGNC.Current:22649[1>0];Ensembl.HGNC:201339[3>0]
uc059wlt.1	Ensembl.UCSC:201727[3];Ensembl.UCSC:201727[3>0]	ENSG00000102908	CURATED:179[0];HGNC.Current:22649[1];HGNC.Current:22649[1>0];Ensembl.HGNC:201339[3>0]
uc059wlu.1	Ensembl.UCSC:201730[3];Ensembl.UCSC:201730[3>0]	ENSG00000102908	CURATED:179[0];HGNC.Current:22649[1];HGNC.Current:22649[1>0];Ensembl.HGNC:201339[3>0]
uc059wlv.1	Ensembl.UCSC:201733[3];Ensembl.UCSC:201733[3>0]	ENSG00000102908	CURATED:179[0];HGNC.Current:22649[1];HGNC.Current:22649[1>0];Ensembl.HGNC:201339[3>0]
uc059xab.2	Ensembl.UCSC:42794[3];Ensembl.UCSC:42794[3>0]	ENSG00000140836	CURATED:273[0];HGNC.Current:42949[1];HGNC.Current:42949[1>0];Ensembl.HGNC:42920[3>0]
uc059xaf.1	Ensembl.UCSC:42804[3];Ensembl.UCSC:42804[3>0]	ENSG00000140836	CURATED:273[0];HGNC.Current:42949[1];HGNC.Current:42949[1>0];Ensembl.HGNC:42920[3>0]
uc059xal.1	Ensembl.UCSC:42809[3];Ensembl.UCSC:42809[3>0]	ENSG00000140836	CURATED:273[0];HGNC.Current:42949[1];HGNC.Current:42949[1>0];Ensembl.HGNC:42920[3>0]
uc059xlc.1	Ensembl.UCSC:34382[3];Ensembl.UCSC:34382[3>0]	ENSG00000178573	CURATED:158[0];HGNC.Current:17873[1];HGNC.Current:17873[1>0];Ensembl.HGNC:34664[3>0]
uc059yav.1	Ensembl.UCSC:190476[3];Ensembl.UCSC:190476[3>0]	ENSG00000140968	CURATED:131[0];HGNC.Current:13506[1];HGNC.Current:13506[1>0];Ensembl.HGNC:190659[3>0]
uc059yaw.1	Ensembl.UCSC:190505[3];Ensembl.UCSC:190505[3>0]	ENSG00000140968	CURATED:131[0];HGNC.Current:13506[1];HGNC.Current:13506[1>0];Ensembl.HGNC:190659[3>0]
uc059yax.1	Ensembl.UCSC:190527[3];Ensembl.UCSC:190527[3>0]	ENSG00000140968	CURATED:131[0];HGNC.Current:13506[1];HGNC.Current:13506[1>0];Ensembl.HGNC:190659[3>0]
uc059yay.2	Ensembl.UCSC:190532[3];Ensembl.UCSC:190532[3>0]	ENSG00000140968	CURATED:131[0];HGNC.Current:13506[1];HGNC.Current:13506[1>0];Ensembl.HGNC:190659[3>0]
uc059yaz.1	Ensembl.UCSC:190553[3];Ensembl.UCSC:190553[3>0]	ENSG00000140968	CURATED:131[0];HGNC.Current:13506[1];HGNC.Current:13506[1>0];Ensembl.HGNC:190659[3>0]
uc059yba.2	Ensembl.UCSC:190480[3];Ensembl.UCSC:190480[3>0]	ENSG00000140968	CURATED:131[0];HGNC.Current:13506[1];HGNC.Current:13506[1>0];Ensembl.HGNC:190659[3>0]
uc059ybb.1	Ensembl.UCSC:190571[3];Ensembl.UCSC:190571[3>0]	ENSG00000140968	CURATED:131[0];HGNC.Current:13506[1];HGNC.Current:13506[1>0];Ensembl.HGNC:190659[3>0]
uc059ybc.1	Ensembl.UCSC:190578[3];Ensembl.UCSC:190578[3>0]	ENSG00000140968	CURATED:131[0];HGNC.Current:13506[1];HGNC.Current:13506[1>0];Ensembl.HGNC:190659[3>0]
uc059ybd.2	Ensembl.UCSC:190564[3];Ensembl.UCSC:190564[3>0]	ENSG00000140968	CURATED:131[0];HGNC.Current:13506[1];HGNC.Current:13506[1>0];Ensembl.HGNC:190659[3>0]
uc059ygu.1	Ensembl.UCSC:185237[3];Ensembl.UCSC:185237[3>0]	ENSG00000179588	CURATED:275[0];HGNC.Current:42980[1];HGNC.Current:42980[1>0];Ensembl.HGNC:185219[3>0]
uc059ygv.1	Ensembl.UCSC:185238[3];Ensembl.UCSC:185238[3>0]	ENSG00000179588	CURATED:275[0];HGNC.Current:42980[1];HGNC.Current:42980[1>0];Ensembl.HGNC:185219[3>0]
uc059ygw.1	Ensembl.UCSC:185245[3];Ensembl.UCSC:185245[3>0]	ENSG00000179588	CURATED:275[0];HGNC.Current:42980[1];HGNC.Current:42980[1>0];Ensembl.HGNC:185219[3>0]
uc059ygx.1	Ensembl.UCSC:185248[3];Ensembl.UCSC:185248[3>0]	ENSG00000179588	CURATED:275[0];HGNC.Current:42980[1];HGNC.Current:42980[1>0];Ensembl.HGNC:185219[3>0]
uc060aya.1	Ensembl.UCSC:83333[3];Ensembl.UCSC:83333[3>0]	ENSG00000179111	CURATED:94[0];HGNC.Current:11569[1];HGNC.Current:11569[1>0];Ensembl.HGNC:83428[3>0]
uc060eio.1	Ensembl.UCSC:140043[3];Ensembl.UCSC:140043[3>0]	ENSG00000273706	CURATED:151[0];HGNC.Current:14926[1];HGNC.Current:14926[1>0];Ensembl.HGNC:140197[3>0]
uc060eip.1	Ensembl.UCSC:140103[3];Ensembl.UCSC:140103[3>0]	ENSG00000273706	CURATED:151[0];HGNC.Current:14926[1];HGNC.Current:14926[1>0];Ensembl.HGNC:140197[3>0]
uc060eir.1	Ensembl.UCSC:140121[3];Ensembl.UCSC:140121[3>0]	ENSG00000273706	CURATED:151[0];HGNC.Current:14926[1];HGNC.Current:14926[1>0];Ensembl.HGNC:140197[3>0]
uc060eyg.1	Ensembl.UCSC:42336[3];Ensembl.UCSC:42336[3>0]	ENSG00000131759	CURATED:206[0];HGNC.Current:27801[1];HGNC.Current:27801[1>0];Ensembl.HGNC:42605[3>0]
uc060eyh.1	Ensembl.UCSC:42999[3];Ensembl.UCSC:42999[3>0]	ENSG00000131759	CURATED:206[0];HGNC.Current:27801[1];HGNC.Current:27801[1>0];Ensembl.HGNC:42605[3>0]
uc060eyj.1	Ensembl.UCSC:43017[3];Ensembl.UCSC:43017[3>0]	ENSG00000131759	CURATED:206[0];HGNC.Current:27801[1];HGNC.Current:27801[1>0];Ensembl.HGNC:42605[3>0]
uc060eyk.1	Ensembl.UCSC:43035[3];Ensembl.UCSC:43035[3>0]	ENSG00000131759	CURATED:206[0];HGNC.Current:27801[1];HGNC.Current:27801[1>0];Ensembl.HGNC:42605[3>0]
uc060eyl.1	Ensembl.UCSC:43042[3];Ensembl.UCSC:43042[3>0]	ENSG00000131759	CURATED:206[0];HGNC.Current:27801[1];HGNC.Current:27801[1>0];Ensembl.HGNC:42605[3>0]
uc060eyn.1	Ensembl.UCSC:43049[3];Ensembl.UCSC:43049[3>0]	ENSG00000131759	CURATED:206[0];HGNC.Current:27801[1];HGNC.Current:27801[1>0];Ensembl.HGNC:42605[3>0]
uc060fic.2	Ensembl.UCSC:158299[3];Ensembl.UCSC:158299[3>0]	ENSG00000126561	CURATED:244[0];HGNC.Current:37782[1];HGNC.Current:37782[1>0];Ensembl.HGNC:157910[3>0]
uc060fid.1	Ensembl.UCSC:158305[3];Ensembl.UCSC:158305[3>0]	ENSG00000126561	CURATED:244[0];HGNC.Current:37782[1];HGNC.Current:37782[1>0];Ensembl.HGNC:157910[3>0]
uc060fig.1	Ensembl.UCSC:158335[3];Ensembl.UCSC:158335[3>0]	ENSG00000126561	CURATED:244[0];HGNC.Current:37782[1];HGNC.Current:37782[1>0];Ensembl.HGNC:157910[3>0]
uc060fih.1	Ensembl.UCSC:158373[3];Ensembl.UCSC:158373[3>0]	ENSG00000126561	CURATED:244[0];HGNC.Current:37782[1];HGNC.Current:37782[1>0];Ensembl.HGNC:157910[3>0]
uc060fii.1	Ensembl.UCSC:266311[3];Ensembl.UCSC:266311[3>0]	ENSG00000168610	CURATED:242[0];HGNC.Current:37779[1];HGNC.Current:37779[1>0];Ensembl.HGNC:265687[3>0]
uc060fij.2	Ensembl.UCSC:266302[3];Ensembl.UCSC:266302[3>0]	ENSG00000168610	CURATED:242[0];HGNC.Current:37779[1];HGNC.Current:37779[1>0];Ensembl.HGNC:265687[3>0]
uc060fik.1	Ensembl.UCSC:266339[3];Ensembl.UCSC:266339[3>0]	ENSG00000168610	CURATED:242[0];HGNC.Current:37779[1];HGNC.Current:37779[1>0];Ensembl.HGNC:265687[3>0]
uc060fil.1	Ensembl.UCSC:266346[3];Ensembl.UCSC:266346[3>0]	ENSG00000168610	CURATED:242[0];HGNC.Current:37779[1];HGNC.Current:37779[1>0];Ensembl.HGNC:265687[3>0]
uc060fim.1	Ensembl.UCSC:266347[3];Ensembl.UCSC:266347[3>0]	ENSG00000168610	CURATED:242[0];HGNC.Current:37779[1];HGNC.Current:37779[1>0];Ensembl.HGNC:265687[3>0]
uc060fin.1	Ensembl.UCSC:266353[3];Ensembl.UCSC:266353[3>0]	ENSG00000168610	CURATED:242[0];HGNC.Current:37779[1];HGNC.Current:37779[1>0];Ensembl.HGNC:265687[3>0]
uc060fio.1	Ensembl.UCSC:266357[3];Ensembl.UCSC:266357[3>0]	ENSG00000168610	CURATED:242[0];HGNC.Current:37779[1];HGNC.Current:37779[1>0];Ensembl.HGNC:265687[3>0]
uc060fiq.1	Ensembl.UCSC:266359[3];Ensembl.UCSC:266359[3>0]	ENSG00000168610	CURATED:242[0];HGNC.Current:37779[1];HGNC.Current:37779[1>0];Ensembl.HGNC:265687[3>0]
uc060fuh.2	Ensembl.UCSC:249771[3];Ensembl.UCSC:249771[3>0]	ENSG00000005102	CURATED:166[0];HGNC.Current:18417[1];HGNC.Current:18417[1>0];Ensembl.HGNC:249646[3>0]
uc060gpu.1	Ensembl.UCSC:123746[3];Ensembl.UCSC:123746[3>0]	ENSG00000073861	CURATED:247[0];HGNC.Current:38465[1];HGNC.Current:38465[1>0];Ensembl.HGNC:123898[3>0]
uc060gwe.1	Ensembl.UCSC:245317[3];Ensembl.UCSC:245317[3>0]	ENSG00000108511	CURATED:113[0];HGNC.Current:12161[1];HGNC.Current:12161[1>0];Ensembl.HGNC:245120[3>0]
uc060gwf.1	Ensembl.UCSC:245319[3];Ensembl.UCSC:245319[3>0]	ENSG00000108511	CURATED:113[0];HGNC.Current:12161[1];HGNC.Current:12161[1>0];Ensembl.HGNC:245120[3>0]
uc060heb.1	Ensembl.UCSC:74305[3];Ensembl.UCSC:74305[3>0]	ENSG00000064195	CURATED:28[0];HGNC.Current:6740[1];HGNC.Current:6740[1>0];Ensembl.HGNC:74615[3>0]
uc060hra.1	Ensembl.UCSC:252622[3];Ensembl.UCSC:252622[3>0]	ENSG00000108924	CURATED:97[0];HGNC.Current:11726[1];HGNC.Current:11726[1>0];Ensembl.HGNC:252335[3>0]
uc060hrb.1	Ensembl.UCSC:252626[3];Ensembl.UCSC:252626[3>0]	ENSG00000108924	CURATED:97[0];HGNC.Current:11726[1];HGNC.Current:11726[1>0];Ensembl.HGNC:252335[3>0]
uc060hrc.1	Ensembl.UCSC:252628[3];Ensembl.UCSC:252628[3>0]	ENSG00000108924	CURATED:97[0];HGNC.Current:11726[1];HGNC.Current:11726[1>0];Ensembl.HGNC:252335[3>0]
uc060hre.1	Ensembl.UCSC:252630[3];Ensembl.UCSC:252630[3>0]	ENSG00000108924	CURATED:97[0];HGNC.Current:11726[1];HGNC.Current:11726[1>0];Ensembl.HGNC:252335[3>0]
uc060hrf.1	Ensembl.UCSC:252633[3];Ensembl.UCSC:252633[3>0]	ENSG00000108924	CURATED:97[0];HGNC.Current:11726[1];HGNC.Current:11726[1>0];Ensembl.HGNC:252335[3>0]
uc060hrg.1	Ensembl.UCSC:252635[3];Ensembl.UCSC:252635[3>0]	ENSG00000108924	CURATED:97[0];HGNC.Current:11726[1];HGNC.Current:11726[1>0];Ensembl.HGNC:252335[3>0]
uc060hrh.1	Ensembl.UCSC:252637[3];Ensembl.UCSC:252637[3>0]	ENSG00000108924	CURATED:97[0];HGNC.Current:11726[1];HGNC.Current:11726[1>0];Ensembl.HGNC:252335[3>0]
uc060hri.1	Ensembl.UCSC:252640[3];Ensembl.UCSC:252640[3>0]	ENSG00000108924	CURATED:97[0];HGNC.Current:11726[1];HGNC.Current:11726[1>0];Ensembl.HGNC:252335[3>0]
uc060ijs.1	Ensembl.UCSC:256028[3];Ensembl.UCSC:256028[3>0]	ENSG00000121075	CURATED:249[0];HGNC.Current:38455[1];HGNC.Current:38455[1>0];Ensembl.HGNC:255722[3>0]
uc060iju.1	Ensembl.UCSC:256086[3];Ensembl.UCSC:256086[3>0]	ENSG00000121075	CURATED:249[0];HGNC.Current:38455[1];HGNC.Current:38455[1>0];Ensembl.HGNC:255722[3>0]
uc060ijv.1	Ensembl.UCSC:256090[3];Ensembl.UCSC:256090[3>0]	ENSG00000121075	CURATED:249[0];HGNC.Current:38455[1];HGNC.Current:38455[1>0];Ensembl.HGNC:255722[3>0]
uc060ijw.1	Ensembl.UCSC:256095[3];Ensembl.UCSC:256095[3>0]	ENSG00000121075	CURATED:249[0];HGNC.Current:38455[1];HGNC.Current:38455[1>0];Ensembl.HGNC:255722[3>0]
uc060ijx.1	Ensembl.UCSC:256097[3];Ensembl.UCSC:256097[3>0]	ENSG00000121075	CURATED:249[0];HGNC.Current:38455[1];HGNC.Current:38455[1>0];Ensembl.HGNC:255722[3>0]
uc060ijz.2	Ensembl.UCSC:174680[3];Ensembl.UCSC:174680[3>0]	ENSG00000136492	CURATED:10[0];HGNC.Current:2206[1];HGNC.Current:2696[8>1];HGNC.Current:2696[1];HGNC.Current:2696[1>0];Ensembl.HGNC:174538[3>0]
uc060ika.1	Ensembl.UCSC:174692[3];Ensembl.UCSC:174692[3>0]	ENSG00000136492	CURATED:10[0];HGNC.Current:2206[1];HGNC.Current:2696[8>1];HGNC.Current:2696[1];HGNC.Current:2696[1>0];Ensembl.HGNC:174538[3>0]
uc060ikb.2	Ensembl.UCSC:174688[3];Ensembl.UCSC:174688[3>0]	ENSG00000136492	CURATED:10[0];HGNC.Current:2206[1];HGNC.Current:2696[8>1];HGNC.Current:2696[1];HGNC.Current:2696[1>0];Ensembl.HGNC:174538[3>0]
uc060ikc.2	Ensembl.UCSC:174697[3];Ensembl.UCSC:174697[3>0]	ENSG00000136492	CURATED:10[0];HGNC.Current:2206[1];HGNC.Current:2696[8>1];HGNC.Current:2696[1];HGNC.Current:2696[1>0];Ensembl.HGNC:174538[3>0]
uc060kud.1	Ensembl.UCSC:214909[3];Ensembl.UCSC:214909[3>0]	ENSG00000184557	CURATED:224[0];HGNC.Current:37079[1];HGNC.Current:37079[1>0];Ensembl.HGNC:214861[3>0]
uc060lrh.1	Ensembl.UCSC:143689[3];Ensembl.UCSC:143689[3>0]	ENSG00000197063	CURATED:160[0];HGNC.Current:17880[1];HGNC.Current:17880[1>0];Ensembl.HGNC:144002[3>0]
uc060pif.1	Ensembl.UCSC:18481[3];Ensembl.UCSC:18481[3>0]	ENSG00000196628	CURATED:254[0];HGNC.Current:38510[1];HGNC.Current:38510[1>0];Ensembl.HGNC:12536[3>0]
uc060pig.1	Ensembl.UCSC:18486[3];Ensembl.UCSC:18486[3>0]	ENSG00000196628	CURATED:254[0];HGNC.Current:38510[1];HGNC.Current:38510[1>0];Ensembl.HGNC:12536[3>0]
uc060pih.1	Ensembl.UCSC:18490[3];Ensembl.UCSC:18490[3>0]	ENSG00000196628	CURATED:254[0];HGNC.Current:38510[1];HGNC.Current:38510[1>0];Ensembl.HGNC:12536[3>0]
uc060pii.1	Ensembl.UCSC:18531[3];Ensembl.UCSC:18531[3>0]	ENSG00000196628	CURATED:254[0];HGNC.Current:38510[1];HGNC.Current:38510[1>0];Ensembl.HGNC:12536[3>0]
uc060pij.1	Ensembl.UCSC:18542[3];Ensembl.UCSC:18542[3>0]	ENSG00000196628	CURATED:254[0];HGNC.Current:38510[1];HGNC.Current:38510[1>0];Ensembl.HGNC:12536[3>0]
uc060pik.1	Ensembl.UCSC:18544[3];Ensembl.UCSC:18544[3>0]	ENSG00000196628	CURATED:254[0];HGNC.Current:38510[1];HGNC.Current:38510[1>0];Ensembl.HGNC:12536[3>0]
uc060pil.1	Ensembl.UCSC:18633[3];Ensembl.UCSC:18633[3>0]	ENSG00000196628	CURATED:254[0];HGNC.Current:38510[1];HGNC.Current:38510[1>0];Ensembl.HGNC:12536[3>0]
uc060pim.1	Ensembl.UCSC:18649[3];Ensembl.UCSC:18649[3>0]	ENSG00000196628	CURATED:254[0];HGNC.Current:38510[1];HGNC.Current:38510[1>0];Ensembl.HGNC:12536[3>0]
uc060pin.1	Ensembl.UCSC:18654[3];Ensembl.UCSC:18654[3>0]	ENSG00000196628	CURATED:254[0];HGNC.Current:38510[1];HGNC.Current:38510[1>0];Ensembl.HGNC:12536[3>0]
uc060pio.1	Ensembl.UCSC:18701[3];Ensembl.UCSC:18701[3>0]	ENSG00000196628	CURATED:254[0];HGNC.Current:38510[1];HGNC.Current:38510[1>0];Ensembl.HGNC:12536[3>0]
uc060pip.1	Ensembl.UCSC:18711[3];Ensembl.UCSC:18711[3>0]	ENSG00000196628	CURATED:254[0];HGNC.Current:38510[1];HGNC.Current:38510[1>0];Ensembl.HGNC:12536[3>0]
uc060piq.2	Ensembl.UCSC:18712[3];Ensembl.UCSC:18712[3>0]	ENSG00000196628	CURATED:254[0];HGNC.Current:38510[1];HGNC.Current:38510[1>0];Ensembl.HGNC:12536[3>0]
uc060pir.1	Ensembl.UCSC:18722[3];Ensembl.UCSC:18722[3>0]	ENSG00000196628	CURATED:254[0];HGNC.Current:38510[1];HGNC.Current:38510[1>0];Ensembl.HGNC:12536[3>0]
uc060pis.1	Ensembl.UCSC:18726[3];Ensembl.UCSC:18726[3>0]	ENSG00000196628	CURATED:254[0];HGNC.Current:38510[1];HGNC.Current:38510[1>0];Ensembl.HGNC:12536[3>0]
uc060pit.1	Ensembl.UCSC:18730[3];Ensembl.UCSC:18730[3>0]	ENSG00000196628	CURATED:254[0];HGNC.Current:38510[1];HGNC.Current:38510[1>0];Ensembl.HGNC:12536[3>0]
uc060piu.1	Ensembl.UCSC:18734[3];Ensembl.UCSC:18734[3>0]	ENSG00000196628	CURATED:254[0];HGNC.Current:38510[1];HGNC.Current:38510[1>0];Ensembl.HGNC:12536[3>0]
uc060piv.1	Ensembl.UCSC:18738[3];Ensembl.UCSC:18738[3>0]	ENSG00000196628	CURATED:254[0];HGNC.Current:38510[1];HGNC.Current:38510[1>0];Ensembl.HGNC:12536[3>0]
uc060piw.1	Ensembl.UCSC:18762[3];Ensembl.UCSC:18762[3>0]	ENSG00000196628	CURATED:254[0];HGNC.Current:38510[1];HGNC.Current:38510[1>0];Ensembl.HGNC:12536[3>0]
uc060pix.1	Ensembl.UCSC:18777[3];Ensembl.UCSC:18777[3>0]	ENSG00000196628	CURATED:254[0];HGNC.Current:38510[1];HGNC.Current:38510[1>0];Ensembl.HGNC:12536[3>0]
uc060piy.1	Ensembl.UCSC:18781[3];Ensembl.UCSC:18781[3>0]	ENSG00000196628	CURATED:254[0];HGNC.Current:38510[1];HGNC.Current:38510[1>0];Ensembl.HGNC:12536[3>0]
uc060piz.2	Ensembl.UCSC:18041[3];Ensembl.UCSC:18041[3>0]	ENSG00000196628	CURATED:254[0];HGNC.Current:38510[1];HGNC.Current:38510[1>0];Ensembl.HGNC:12536[3>0]
uc060pja.1	Ensembl.UCSC:18797[3];Ensembl.UCSC:18797[3>0]	ENSG00000196628	CURATED:254[0];HGNC.Current:38510[1];HGNC.Current:38510[1>0];Ensembl.HGNC:12536[3>0]
uc060pjb.1	Ensembl.UCSC:18810[3];Ensembl.UCSC:18810[3>0]	ENSG00000196628	CURATED:254[0];HGNC.Current:38510[1];HGNC.Current:38510[1>0];Ensembl.HGNC:12536[3>0]
uc060pjc.1	Ensembl.UCSC:18820[3];Ensembl.UCSC:18820[3>0]	ENSG00000196628	CURATED:254[0];HGNC.Current:38510[1];HGNC.Current:38510[1>0];Ensembl.HGNC:12536[3>0]
uc060pjd.1	Ensembl.UCSC:18826[3];Ensembl.UCSC:18826[3>0]	ENSG00000196628	CURATED:254[0];HGNC.Current:38510[1];HGNC.Current:38510[1>0];Ensembl.HGNC:12536[3>0]
uc060pje.1	Ensembl.UCSC:18835[3];Ensembl.UCSC:18835[3>0]	ENSG00000196628	CURATED:254[0];HGNC.Current:38510[1];HGNC.Current:38510[1>0];Ensembl.HGNC:12536[3>0]
uc060pjf.1	Ensembl.UCSC:18847[3];Ensembl.UCSC:18847[3>0]	ENSG00000196628	CURATED:254[0];HGNC.Current:38510[1];HGNC.Current:38510[1>0];Ensembl.HGNC:12536[3>0]
uc060pjg.1	Ensembl.UCSC:18854[3];Ensembl.UCSC:18854[3>0]	ENSG00000196628	CURATED:254[0];HGNC.Current:38510[1];HGNC.Current:38510[1>0];Ensembl.HGNC:12536[3>0]
uc060pjh.1	Ensembl.UCSC:18864[3];Ensembl.UCSC:18864[3>0]	ENSG00000196628	CURATED:254[0];HGNC.Current:38510[1];HGNC.Current:38510[1>0];Ensembl.HGNC:12536[3>0]
uc060pji.1	Ensembl.UCSC:18871[3];Ensembl.UCSC:18871[3>0]	ENSG00000196628	CURATED:254[0];HGNC.Current:38510[1];HGNC.Current:38510[1>0];Ensembl.HGNC:12536[3>0]
uc060pjj.1	Ensembl.UCSC:18881[3];Ensembl.UCSC:18881[3>0]	ENSG00000196628	CURATED:254[0];HGNC.Current:38510[1];HGNC.Current:38510[1>0];Ensembl.HGNC:12536[3>0]
uc060pjk.1	Ensembl.UCSC:18889[3];Ensembl.UCSC:18889[3>0]	ENSG00000196628	CURATED:254[0];HGNC.Current:38510[1];HGNC.Current:38510[1>0];Ensembl.HGNC:12536[3>0]
uc060pjl.1	Ensembl.UCSC:18900[3];Ensembl.UCSC:18900[3>0]	ENSG00000196628	CURATED:254[0];HGNC.Current:38510[1];HGNC.Current:38510[1>0];Ensembl.HGNC:12536[3>0]
uc060pjm.1	Ensembl.UCSC:18911[3];Ensembl.UCSC:18911[3>0]	ENSG00000196628	CURATED:254[0];HGNC.Current:38510[1];HGNC.Current:38510[1>0];Ensembl.HGNC:12536[3>0]
uc060pjn.1	Ensembl.UCSC:18921[3];Ensembl.UCSC:18921[3>0]	ENSG00000196628	CURATED:254[0];HGNC.Current:38510[1];HGNC.Current:38510[1>0];Ensembl.HGNC:12536[3>0]
uc060pjo.1	Ensembl.UCSC:18928[3];Ensembl.UCSC:18928[3>0]	ENSG00000196628	CURATED:254[0];HGNC.Current:38510[1];HGNC.Current:38510[1>0];Ensembl.HGNC:12536[3>0]
uc060pjp.1	Ensembl.UCSC:18937[3];Ensembl.UCSC:18937[3>0]	ENSG00000196628	CURATED:254[0];HGNC.Current:38510[1];HGNC.Current:38510[1>0];Ensembl.HGNC:12536[3>0]
uc060pjq.1	Ensembl.UCSC:18945[3];Ensembl.UCSC:18945[3>0]	ENSG00000196628	CURATED:254[0];HGNC.Current:38510[1];HGNC.Current:38510[1>0];Ensembl.HGNC:12536[3>0]
uc060pjr.1	Ensembl.UCSC:18951[3];Ensembl.UCSC:18951[3>0]	ENSG00000196628	CURATED:254[0];HGNC.Current:38510[1];HGNC.Current:38510[1>0];Ensembl.HGNC:12536[3>0]
uc060pjs.1	Ensembl.UCSC:18956[3];Ensembl.UCSC:18956[3>0]	ENSG00000196628	CURATED:254[0];HGNC.Current:38510[1];HGNC.Current:38510[1>0];Ensembl.HGNC:12536[3>0]
uc060pjt.1	Ensembl.UCSC:18958[3];Ensembl.UCSC:18958[3>0]	ENSG00000196628	CURATED:254[0];HGNC.Current:38510[1];HGNC.Current:38510[1>0];Ensembl.HGNC:12536[3>0]
uc060pju.1	Ensembl.UCSC:18967[3];Ensembl.UCSC:18967[3>0]	ENSG00000196628	CURATED:254[0];HGNC.Current:38510[1];HGNC.Current:38510[1>0];Ensembl.HGNC:12536[3>0]
uc060pjv.1	Ensembl.UCSC:18971[3];Ensembl.UCSC:18971[3>0]	ENSG00000196628	CURATED:254[0];HGNC.Current:38510[1];HGNC.Current:38510[1>0];Ensembl.HGNC:12536[3>0]
uc060pjw.1	Ensembl.UCSC:18974[3];Ensembl.UCSC:18974[3>0]	ENSG00000196628	CURATED:254[0];HGNC.Current:38510[1];HGNC.Current:38510[1>0];Ensembl.HGNC:12536[3>0]
uc060pjx.1	Ensembl.UCSC:18979[3];Ensembl.UCSC:18979[3>0]	ENSG00000196628	CURATED:254[0];HGNC.Current:38510[1];HGNC.Current:38510[1>0];Ensembl.HGNC:12536[3>0]
uc060pjy.1	Ensembl.UCSC:18981[3];Ensembl.UCSC:18981[3>0]	ENSG00000196628	CURATED:254[0];HGNC.Current:38510[1];HGNC.Current:38510[1>0];Ensembl.HGNC:12536[3>0]
uc060pjz.1	Ensembl.UCSC:18984[3];Ensembl.UCSC:18984[3>0]	ENSG00000196628	CURATED:254[0];HGNC.Current:38510[1];HGNC.Current:38510[1>0];Ensembl.HGNC:12536[3>0]
uc060pka.1	Ensembl.UCSC:18986[3];Ensembl.UCSC:18986[3>0]	ENSG00000196628	CURATED:254[0];HGNC.Current:38510[1];HGNC.Current:38510[1>0];Ensembl.HGNC:12536[3>0]
uc060pkb.1	Ensembl.UCSC:18987[3];Ensembl.UCSC:18987[3>0]	ENSG00000196628	CURATED:254[0];HGNC.Current:38510[1];HGNC.Current:38510[1>0];Ensembl.HGNC:12536[3>0]
uc060pkc.1	Ensembl.UCSC:18988[3];Ensembl.UCSC:18988[3>0]	ENSG00000196628	CURATED:254[0];HGNC.Current:38510[1];HGNC.Current:38510[1>0];Ensembl.HGNC:12536[3>0]
uc060pke.1	Ensembl.UCSC:18996[3];Ensembl.UCSC:18996[3>0]	ENSG00000196628	CURATED:254[0];HGNC.Current:38510[1];HGNC.Current:38510[1>0];Ensembl.HGNC:12536[3>0]
uc060pkf.1	Ensembl.UCSC:19000[3];Ensembl.UCSC:19000[3>0]	ENSG00000196628	CURATED:254[0];HGNC.Current:38510[1];HGNC.Current:38510[1>0];Ensembl.HGNC:12536[3>0]
uc060pkg.1	Ensembl.UCSC:19008[3];Ensembl.UCSC:19008[3>0]	ENSG00000196628	CURATED:254[0];HGNC.Current:38510[1];HGNC.Current:38510[1>0];Ensembl.HGNC:12536[3>0]
uc060pki.1	Ensembl.UCSC:19013[3];Ensembl.UCSC:19013[3>0]	ENSG00000196628	CURATED:254[0];HGNC.Current:38510[1];HGNC.Current:38510[1>0];Ensembl.HGNC:12536[3>0]
uc060pkj.1	Ensembl.UCSC:19017[3];Ensembl.UCSC:19017[3>0]	ENSG00000196628	CURATED:254[0];HGNC.Current:38510[1];HGNC.Current:38510[1>0];Ensembl.HGNC:12536[3>0]
uc060pkk.1	Ensembl.UCSC:19019[3];Ensembl.UCSC:19019[3>0]	ENSG00000196628	CURATED:254[0];HGNC.Current:38510[1];HGNC.Current:38510[1>0];Ensembl.HGNC:12536[3>0]
uc060qsk.1	Ensembl.UCSC:19393[3];Ensembl.UCSC:19393[3>0]	ENSG00000116017	CURATED:6[0];HGNC.Current:1542[1];HGNC.Current:1542[1>0];Ensembl.HGNC:19551[3>0]
uc060qsm.1	Ensembl.UCSC:19559[3];Ensembl.UCSC:19559[3>0]	ENSG00000116017	CURATED:6[0];HGNC.Current:1542[1];HGNC.Current:1542[1>0];Ensembl.HGNC:19551[3>0]
uc060qsn.1	Ensembl.UCSC:19561[3];Ensembl.UCSC:19561[3>0]	ENSG00000116017	CURATED:6[0];HGNC.Current:1542[1];HGNC.Current:1542[1>0];Ensembl.HGNC:19551[3>0]
uc060qso.1	Ensembl.UCSC:19567[3];Ensembl.UCSC:19567[3>0]	ENSG00000116017	CURATED:6[0];HGNC.Current:1542[1];HGNC.Current:1542[1>0];Ensembl.HGNC:19551[3>0]
uc060qsq.1	Ensembl.UCSC:19569[3];Ensembl.UCSC:19569[3>0]	ENSG00000116017	CURATED:6[0];HGNC.Current:1542[1];HGNC.Current:1542[1>0];Ensembl.HGNC:19551[3>0]
uc060qsr.1	Ensembl.UCSC:19571[3];Ensembl.UCSC:19571[3>0]	ENSG00000116017	CURATED:6[0];HGNC.Current:1542[1];HGNC.Current:1542[1>0];Ensembl.HGNC:19551[3>0]
uc060rea.1	Ensembl.UCSC:224362[3];Ensembl.UCSC:224362[3>0]	ENSG00000071564	CURATED:253[0];HGNC.Current:38508[1];HGNC.Current:38508[1>0];Ensembl.HGNC:224257[3>0]
uc060reb.1	Ensembl.UCSC:224645[3];Ensembl.UCSC:224645[3>0]	ENSG00000071564	CURATED:253[0];HGNC.Current:38508[1];HGNC.Current:38508[1>0];Ensembl.HGNC:224257[3>0]
uc060rec.1	Ensembl.UCSC:224647[3];Ensembl.UCSC:224647[3>0]	ENSG00000071564	CURATED:253[0];HGNC.Current:38508[1];HGNC.Current:38508[1>0];Ensembl.HGNC:224257[3>0]
uc060ree.1	Ensembl.UCSC:224650[3];Ensembl.UCSC:224650[3>0]	ENSG00000071564	CURATED:253[0];HGNC.Current:38508[1];HGNC.Current:38508[1>0];Ensembl.HGNC:224257[3>0]
uc060ref.1	Ensembl.UCSC:224652[3];Ensembl.UCSC:224652[3>0]	ENSG00000071564	CURATED:253[0];HGNC.Current:38508[1];HGNC.Current:38508[1>0];Ensembl.HGNC:224257[3>0]
uc060reg.1	Ensembl.UCSC:224653[3];Ensembl.UCSC:224653[3>0]	ENSG00000071564	CURATED:253[0];HGNC.Current:38508[1];HGNC.Current:38508[1>0];Ensembl.HGNC:224257[3>0]
uc060reh.1	Ensembl.UCSC:224658[3];Ensembl.UCSC:224658[3>0]	ENSG00000071564	CURATED:253[0];HGNC.Current:38508[1];HGNC.Current:38508[1>0];Ensembl.HGNC:224257[3>0]
uc060rei.1	Ensembl.UCSC:224660[3];Ensembl.UCSC:224660[3>0]	ENSG00000071564	CURATED:253[0];HGNC.Current:38508[1];HGNC.Current:38508[1>0];Ensembl.HGNC:224257[3>0]
uc060rej.1	Ensembl.UCSC:224668[3];Ensembl.UCSC:224668[3>0]	ENSG00000071564	CURATED:253[0];HGNC.Current:38508[1];HGNC.Current:38508[1>0];Ensembl.HGNC:224257[3>0]
uc060rek.1	Ensembl.UCSC:224671[3];Ensembl.UCSC:224671[3>0]	ENSG00000071564	CURATED:253[0];HGNC.Current:38508[1];HGNC.Current:38508[1>0];Ensembl.HGNC:224257[3>0]
uc060rel.1	Ensembl.UCSC:224674[3];Ensembl.UCSC:224674[3>0]	ENSG00000071564	CURATED:253[0];HGNC.Current:38508[1];HGNC.Current:38508[1>0];Ensembl.HGNC:224257[3>0]
uc060rem.1	Ensembl.UCSC:224676[3];Ensembl.UCSC:224676[3>0]	ENSG00000071564	CURATED:253[0];HGNC.Current:38508[1];HGNC.Current:38508[1>0];Ensembl.HGNC:224257[3>0]
uc060ren.1	Ensembl.UCSC:224677[3];Ensembl.UCSC:224677[3>0]	ENSG00000071564	CURATED:253[0];HGNC.Current:38508[1];HGNC.Current:38508[1>0];Ensembl.HGNC:224257[3>0]
uc060rep.2	Ensembl.UCSC:224682[3];Ensembl.UCSC:224682[3>0]	ENSG00000071564	CURATED:253[0];HGNC.Current:38508[1];HGNC.Current:38508[1>0];Ensembl.HGNC:224257[3>0]
uc060req.1	Ensembl.UCSC:224685[3];Ensembl.UCSC:224685[3>0]	ENSG00000071564	CURATED:253[0];HGNC.Current:38508[1];HGNC.Current:38508[1>0];Ensembl.HGNC:224257[3>0]
uc060tul.1	Ensembl.UCSC:208860[3];Ensembl.UCSC:208860[3>0]	ENSG00000130165	CURATED:42[0];HGNC.Current:7810[1];HGNC.Current:7894[8>1];HGNC.Current:7894[1];HGNC.Current:7894[1>0];Ensembl.HGNC:208723[3>0]
uc060tum.1	Ensembl.UCSC:208868[3];Ensembl.UCSC:208868[3>0]	ENSG00000130165	CURATED:42[0];HGNC.Current:7810[1];HGNC.Current:7894[8>1];HGNC.Current:7894[1];HGNC.Current:7894[1>0];Ensembl.HGNC:208723[3>0]
uc060tun.1	Ensembl.UCSC:208869[3];Ensembl.UCSC:208869[3>0]	ENSG00000130165	CURATED:42[0];HGNC.Current:7810[1];HGNC.Current:7894[8>1];HGNC.Current:7894[1];HGNC.Current:7894[1>0];Ensembl.HGNC:208723[3>0]
uc060tuo.1	Ensembl.UCSC:208872[3];Ensembl.UCSC:208872[3>0]	ENSG00000130165	CURATED:42[0];HGNC.Current:7810[1];HGNC.Current:7894[8>1];HGNC.Current:7894[1];HGNC.Current:7894[1>0];Ensembl.HGNC:208723[3>0]
uc060tup.1	Ensembl.UCSC:208875[3];Ensembl.UCSC:208875[3>0]	ENSG00000130165	CURATED:42[0];HGNC.Current:7810[1];HGNC.Current:7894[8>1];HGNC.Current:7894[1];HGNC.Current:7894[1>0];Ensembl.HGNC:208723[3>0]
uc060tuq.1	Ensembl.UCSC:208878[3];Ensembl.UCSC:208878[3>0]	ENSG00000130165	CURATED:42[0];HGNC.Current:7810[1];HGNC.Current:7894[8>1];HGNC.Current:7894[1];HGNC.Current:7894[1>0];Ensembl.HGNC:208723[3>0]
uc060tur.1	Ensembl.UCSC:208882[3];Ensembl.UCSC:208882[3>0]	ENSG00000130165	CURATED:42[0];HGNC.Current:7810[1];HGNC.Current:7894[8>1];HGNC.Current:7894[1];HGNC.Current:7894[1>0];Ensembl.HGNC:208723[3>0]
uc060ugv.1	Ensembl.UCSC:98083[3];Ensembl.UCSC:98083[3>0]	ENSG00000104903	CURATED:157[0];HGNC.Current:17792[1];HGNC.Current:17792[1>0];Ensembl.HGNC:98495[3>0]
uc060ugw.1	Ensembl.UCSC:98088[3];Ensembl.UCSC:98088[3>0]	ENSG00000104903	CURATED:157[0];HGNC.Current:17792[1];HGNC.Current:17792[1>0];Ensembl.HGNC:98495[3>0]
uc060uym.1	Ensembl.UCSC:243912[3];Ensembl.UCSC:243912[3>0]	ENSG00000127528	CURATED:142[0];HGNC.Current:14121[1];HGNC.Current:14121[1>0];Ensembl.HGNC:243641[3>0]
uc060vps.1	Ensembl.UCSC:91601[3];Ensembl.UCSC:91601[3>0]	ENSG00000130522	CURATED:138[0];HGNC.Current:13717[1];HGNC.Current:13717[1>0];Ensembl.HGNC:92038[3>0]
uc060xam.1	Ensembl.UCSC:207231[3];Ensembl.UCSC:207231[3>0]	ENSG00000105698	CURATED:266[0];HGNC.Current:41753[1];HGNC.Current:41753[1>0];Ensembl.HGNC:206880[3>0]
uc060xan.1	Ensembl.UCSC:207239[3];Ensembl.UCSC:207239[3>0]	ENSG00000105698	CURATED:266[0];HGNC.Current:41753[1];HGNC.Current:41753[1>0];Ensembl.HGNC:206880[3>0]
uc060xao.1	Ensembl.UCSC:207241[3];Ensembl.UCSC:207241[3>0]	ENSG00000105698	CURATED:266[0];HGNC.Current:41753[1];HGNC.Current:41753[1>0];Ensembl.HGNC:206880[3>0]
uc060xap.1	Ensembl.UCSC:207247[3];Ensembl.UCSC:207247[3>0]	ENSG00000105698	CURATED:266[0];HGNC.Current:41753[1];HGNC.Current:41753[1>0];Ensembl.HGNC:206880[3>0]
uc060xaq.1	Ensembl.UCSC:207251[3];Ensembl.UCSC:207251[3>0]	ENSG00000105698	CURATED:266[0];HGNC.Current:41753[1];HGNC.Current:41753[1>0];Ensembl.HGNC:206880[3>0]
uc060xar.1	Ensembl.UCSC:207253[3];Ensembl.UCSC:207253[3>0]	ENSG00000105698	CURATED:266[0];HGNC.Current:41753[1];HGNC.Current:41753[1>0];Ensembl.HGNC:206880[3>0]
uc060xas.1	Ensembl.UCSC:207259[3];Ensembl.UCSC:207259[3>0]	ENSG00000105698	CURATED:266[0];HGNC.Current:41753[1];HGNC.Current:41753[1>0];Ensembl.HGNC:206880[3>0]
uc060xat.1	Ensembl.UCSC:207265[3];Ensembl.UCSC:207265[3>0]	ENSG00000105698	CURATED:266[0];HGNC.Current:41753[1];HGNC.Current:41753[1>0];Ensembl.HGNC:206880[3>0]
uc060xau.1	Ensembl.UCSC:207268[3];Ensembl.UCSC:207268[3>0]	ENSG00000105698	CURATED:266[0];HGNC.Current:41753[1];HGNC.Current:41753[1>0];Ensembl.HGNC:206880[3>0]
uc060xav.1	Ensembl.UCSC:207270[3];Ensembl.UCSC:207270[3>0]	ENSG00000105698	CURATED:266[0];HGNC.Current:41753[1];HGNC.Current:41753[1>0];Ensembl.HGNC:206880[3>0]
uc060xaw.1	Ensembl.UCSC:207273[3];Ensembl.UCSC:207273[3>0]	ENSG00000105698	CURATED:266[0];HGNC.Current:41753[1];HGNC.Current:41753[1>0];Ensembl.HGNC:206880[3>0]
uc060xax.1	Ensembl.UCSC:207276[3];Ensembl.UCSC:207276[3>0]	ENSG00000105698	CURATED:266[0];HGNC.Current:41753[1];HGNC.Current:41753[1>0];Ensembl.HGNC:206880[3>0]
uc060xay.1	Ensembl.UCSC:207278[3];Ensembl.UCSC:207278[3>0]	ENSG00000105698	CURATED:266[0];HGNC.Current:41753[1];HGNC.Current:41753[1>0];Ensembl.HGNC:206880[3>0]
uc060xgm.1	Ensembl.UCSC:200463[3];Ensembl.UCSC:200463[3>0]	ENSG00000105672	CURATED:52[0];HGNC.Current:8357[1];HGNC.Current:8357[1>0];Ensembl.HGNC:200549[3>0]
uc060xgn.1	Ensembl.UCSC:200471[3];Ensembl.UCSC:200471[3>0]	ENSG00000105672	CURATED:52[0];HGNC.Current:8357[1];HGNC.Current:8357[1>0];Ensembl.HGNC:200549[3>0]
uc060zez.1	Ensembl.UCSC:191149[3];Ensembl.UCSC:191149[3>0]	ENSG00000028277	CURATED:202[0];HGNC.Current:26332[1];HGNC.Current:26332[1>0];Ensembl.HGNC:190104[3>0]
uc060zfa.1	Ensembl.UCSC:191151[3];Ensembl.UCSC:191151[3>0]	ENSG00000028277	CURATED:202[0];HGNC.Current:26332[1];HGNC.Current:26332[1>0];Ensembl.HGNC:190104[3>0]
uc060zfb.1	Ensembl.UCSC:191194[3];Ensembl.UCSC:191194[3>0]	ENSG00000028277	CURATED:202[0];HGNC.Current:26332[1];HGNC.Current:26332[1>0];Ensembl.HGNC:190104[3>0]
uc060zfc.1	Ensembl.UCSC:191221[3];Ensembl.UCSC:191221[3>0]	ENSG00000028277	CURATED:202[0];HGNC.Current:26332[1];HGNC.Current:26332[1>0];Ensembl.HGNC:190104[3>0]
uc060zfd.1	Ensembl.UCSC:191228[3];Ensembl.UCSC:191228[3>0]	ENSG00000028277	CURATED:202[0];HGNC.Current:26332[1];HGNC.Current:26332[1>0];Ensembl.HGNC:190104[3>0]
uc060zfe.1	Ensembl.UCSC:191232[3];Ensembl.UCSC:191232[3>0]	ENSG00000028277	CURATED:202[0];HGNC.Current:26332[1];HGNC.Current:26332[1>0];Ensembl.HGNC:190104[3>0]
uc060zff.1	Ensembl.UCSC:191252[3];Ensembl.UCSC:191252[3>0]	ENSG00000028277	CURATED:202[0];HGNC.Current:26332[1];HGNC.Current:26332[1>0];Ensembl.HGNC:190104[3>0]
uc060zfg.1	Ensembl.UCSC:191256[3];Ensembl.UCSC:191256[3>0]	ENSG00000028277	CURATED:202[0];HGNC.Current:26332[1];HGNC.Current:26332[1>0];Ensembl.HGNC:190104[3>0]
uc060zfh.2	Ensembl.UCSC:191266[3];Ensembl.UCSC:191266[3>0]	ENSG00000028277	CURATED:202[0];HGNC.Current:26332[1];HGNC.Current:26332[1>0];Ensembl.HGNC:190104[3>0]
uc060zfi.1	Ensembl.UCSC:191282[3];Ensembl.UCSC:191282[3>0]	ENSG00000028277	CURATED:202[0];HGNC.Current:26332[1];HGNC.Current:26332[1>0];Ensembl.HGNC:190104[3>0]
uc060zfj.1	Ensembl.UCSC:191286[3];Ensembl.UCSC:191286[3>0]	ENSG00000028277	CURATED:202[0];HGNC.Current:26332[1];HGNC.Current:26332[1>0];Ensembl.HGNC:190104[3>0]
uc060zfk.1	Ensembl.UCSC:191296[3];Ensembl.UCSC:191296[3>0]	ENSG00000028277	CURATED:202[0];HGNC.Current:26332[1];HGNC.Current:26332[1>0];Ensembl.HGNC:190104[3>0]
uc060zfl.2	Ensembl.UCSC:191309[3];Ensembl.UCSC:191309[3>0]	ENSG00000028277	CURATED:202[0];HGNC.Current:26332[1];HGNC.Current:26332[1>0];Ensembl.HGNC:190104[3>0]
uc060zfm.2	Ensembl.UCSC:191319[3];Ensembl.UCSC:191319[3>0]	ENSG00000028277	CURATED:202[0];HGNC.Current:26332[1];HGNC.Current:26332[1>0];Ensembl.HGNC:190104[3>0]
uc060zyt.1	Ensembl.UCSC:236851[3];Ensembl.UCSC:236851[3>0]	ENSG00000125740	CURATED:58[0];HGNC.Current:9415[1];HGNC.Current:9415[1>0];Ensembl.HGNC:236716[3>0]
uc060zyu.1	Ensembl.UCSC:236853[3];Ensembl.UCSC:236853[3>0]	ENSG00000125740	CURATED:58[0];HGNC.Current:9415[1];HGNC.Current:9415[1>0];Ensembl.HGNC:236716[3>0]
uc060zyv.1	Ensembl.UCSC:236854[3];Ensembl.UCSC:236854[3>0]	ENSG00000125740	CURATED:58[0];HGNC.Current:9415[1];HGNC.Current:9415[1>0];Ensembl.HGNC:236716[3>0]
uc061bqp.1	Ensembl.UCSC:169819[3];Ensembl.UCSC:169819[3>0]	ENSG00000269404	CURATED:240[0];HGNC.Current:37338[1];HGNC.Current:37338[1>0];Ensembl.HGNC:169888[3>0]
uc061bqq.1	Ensembl.UCSC:169821[3];Ensembl.UCSC:169821[3>0]	ENSG00000269404	CURATED:240[0];HGNC.Current:37338[1];HGNC.Current:37338[1>0];Ensembl.HGNC:169888[3>0]
uc061bqr.1	Ensembl.UCSC:169827[3];Ensembl.UCSC:169827[3>0]	ENSG00000269404	CURATED:240[0];HGNC.Current:37338[1];HGNC.Current:37338[1>0];Ensembl.HGNC:169888[3>0]
uc061bqs.1	Ensembl.UCSC:169833[3];Ensembl.UCSC:169833[3>0]	ENSG00000269404	CURATED:240[0];HGNC.Current:37338[1];HGNC.Current:37338[1>0];Ensembl.HGNC:169888[3>0]
uc061bqt.1	Ensembl.UCSC:169839[3];Ensembl.UCSC:169839[3>0]	ENSG00000269404	CURATED:240[0];HGNC.Current:37338[1];HGNC.Current:37338[1>0];Ensembl.HGNC:169888[3>0]
uc061glp.2	Ensembl.UCSC:220906[3];Ensembl.UCSC:220906[3>0]	ENSG00000115738	CURATED:122[0];HGNC.Current:12531[1];HGNC.Current:12531[1>0];Ensembl.HGNC:220791[3>0]
uc061glq.1	Ensembl.UCSC:220904[3];Ensembl.UCSC:220904[3>0]	ENSG00000115738	CURATED:122[0];HGNC.Current:12531[1];HGNC.Current:12531[1>0];Ensembl.HGNC:220791[3>0]
uc061glr.1	Ensembl.UCSC:220912[3];Ensembl.UCSC:220912[3>0]	ENSG00000115738	CURATED:122[0];HGNC.Current:12531[1];HGNC.Current:12531[1>0];Ensembl.HGNC:220791[3>0]
uc061hsc.1	Ensembl.UCSC:255154[3];Ensembl.UCSC:255154[3>0]	ENSG00000075426	CURATED:59[0];HGNC.Current:9418[1];HGNC.Current:9418[1>0];Ensembl.HGNC:254874[3>0]
uc061hsd.1	Ensembl.UCSC:255167[3];Ensembl.UCSC:255167[3>0]	ENSG00000075426	CURATED:59[0];HGNC.Current:9418[1];HGNC.Current:9418[1>0];Ensembl.HGNC:254874[3>0]
uc061idp.1	Ensembl.UCSC:111810[3];Ensembl.UCSC:111810[3>0]	ENSG00000115816	CURATED:22[0];HGNC.Current:4286[1];HGNC.Current:4286[1>0];Ensembl.HGNC:111824[3>0]
uc061ids.1	Ensembl.UCSC:111816[3];Ensembl.UCSC:111816[3>0]	ENSG00000115816	CURATED:22[0];HGNC.Current:4286[1];HGNC.Current:4286[1>0];Ensembl.HGNC:111824[3>0]
uc061iux.1	Ensembl.UCSC:52077[3];Ensembl.UCSC:52077[3>0]	ENSG00000116016	CURATED:48[0];HGNC.Current:8043[1];HGNC.Current:8043[1>0];Ensembl.HGNC:52410[3>0]
uc061iuy.1	Ensembl.UCSC:52148[3];Ensembl.UCSC:52148[3>0]	ENSG00000116016	CURATED:48[0];HGNC.Current:8043[1];HGNC.Current:8043[1>0];Ensembl.HGNC:52410[3>0]
uc061iuz.1	Ensembl.UCSC:52285[3];Ensembl.UCSC:52285[3>0]	ENSG00000116016	CURATED:48[0];HGNC.Current:8043[1];HGNC.Current:8043[1>0];Ensembl.HGNC:52410[3>0]
uc061iva.1	Ensembl.UCSC:52290[3];Ensembl.UCSC:52290[3>0]	ENSG00000116016	CURATED:48[0];HGNC.Current:8043[1];HGNC.Current:8043[1>0];Ensembl.HGNC:52410[3>0]
uc061ivb.1	Ensembl.UCSC:52296[3];Ensembl.UCSC:52296[3>0]	ENSG00000116016	CURATED:48[0];HGNC.Current:8043[1];HGNC.Current:8043[1>0];Ensembl.HGNC:52410[3>0]
uc061ivc.1	Ensembl.UCSC:52305[3];Ensembl.UCSC:52305[3>0]	ENSG00000116016	CURATED:48[0];HGNC.Current:8043[1];HGNC.Current:8043[1>0];Ensembl.HGNC:52410[3>0]
uc061ivd.1	Ensembl.UCSC:52324[3];Ensembl.UCSC:52324[3>0]	ENSG00000116016	CURATED:48[0];HGNC.Current:8043[1];HGNC.Current:8043[1>0];Ensembl.HGNC:52410[3>0]
uc061ive.1	Ensembl.UCSC:52330[3];Ensembl.UCSC:52330[3>0]	ENSG00000116016	CURATED:48[0];HGNC.Current:8043[1];HGNC.Current:8043[1>0];Ensembl.HGNC:52410[3>0]
uc061ivf.1	Ensembl.UCSC:52334[3];Ensembl.UCSC:52334[3>0]	ENSG00000116016	CURATED:48[0];HGNC.Current:8043[1];HGNC.Current:8043[1>0];Ensembl.HGNC:52410[3>0]
uc061izu.1	Ensembl.UCSC:229937[3];Ensembl.UCSC:229937[3>0]	ENSG00000170802	CURATED:69[0];HGNC.Current:9464[1];HGNC.Current:9464[1>0];Ensembl.HGNC:229707[3>0]
uc061jkw.3	Ensembl.UCSC:53904[3];Ensembl.UCSC:53904[3>0]	ENSG00000119866	CURATED:12[0];HGNC.Current:2342[1];HGNC.Current:2342[1>0];Ensembl.HGNC:53924[3>0]
uc061jky.2	Ensembl.UCSC:53954[3];Ensembl.UCSC:53954[3>0]	ENSG00000119866	CURATED:12[0];HGNC.Current:2342[1];HGNC.Current:2342[1>0];Ensembl.HGNC:53924[3>0]
uc061jkz.1	Ensembl.UCSC:54006[3];Ensembl.UCSC:54006[3>0]	ENSG00000119866	CURATED:12[0];HGNC.Current:2342[1];HGNC.Current:2342[1>0];Ensembl.HGNC:53924[3>0]
uc061jlb.2	Ensembl.UCSC:54031[3];Ensembl.UCSC:54031[3>0]	ENSG00000119866	CURATED:12[0];HGNC.Current:2342[1];HGNC.Current:2342[1>0];Ensembl.HGNC:53924[3>0]
uc061jqn.1	Ensembl.UCSC:58673[3];Ensembl.UCSC:58673[3>0]	ENSG00000115507	CURATED:193[0];HGNC.Current:24602[1];HGNC.Current:24602[1>0];Ensembl.HGNC:59128[3>0]
uc061jqo.1	Ensembl.UCSC:58695[3];Ensembl.UCSC:58695[3>0]	ENSG00000115507	CURATED:193[0];HGNC.Current:24602[1];HGNC.Current:24602[1>0];Ensembl.HGNC:59128[3>0]
uc061jqp.1	Ensembl.UCSC:58701[3];Ensembl.UCSC:58701[3>0]	ENSG00000115507	CURATED:193[0];HGNC.Current:24602[1];HGNC.Current:24602[1>0];Ensembl.HGNC:59128[3>0]
uc061jqq.1	Ensembl.UCSC:58705[3];Ensembl.UCSC:58705[3>0]	ENSG00000115507	CURATED:193[0];HGNC.Current:24602[1];HGNC.Current:24602[1>0];Ensembl.HGNC:59128[3>0]
uc061jwc.1	Ensembl.UCSC:274848[3];Ensembl.UCSC:274848[3>0]	ENSG00000143995	CURATED:164[0];HGNC.Current:18399[1];HGNC.Current:18399[1>0];Ensembl.HGNC:274483[3>0]
uc061jwd.1	Ensembl.UCSC:274863[3];Ensembl.UCSC:274863[3>0]	ENSG00000143995	CURATED:164[0];HGNC.Current:18399[1];HGNC.Current:18399[1>0];Ensembl.HGNC:274483[3>0]
uc061jwe.1	Ensembl.UCSC:274865[3];Ensembl.UCSC:274865[3>0]	ENSG00000143995	CURATED:164[0];HGNC.Current:18399[1];HGNC.Current:18399[1>0];Ensembl.HGNC:274483[3>0]
uc061jwf.1	Ensembl.UCSC:274867[3];Ensembl.UCSC:274867[3>0]	ENSG00000143995	CURATED:164[0];HGNC.Current:18399[1];HGNC.Current:18399[1>0];Ensembl.HGNC:274483[3>0]
uc061jwg.1	Ensembl.UCSC:274868[3];Ensembl.UCSC:274868[3>0]	ENSG00000143995	CURATED:164[0];HGNC.Current:18399[1];HGNC.Current:18399[1>0];Ensembl.HGNC:274483[3>0]
uc061jwj.1	Ensembl.UCSC:274872[3];Ensembl.UCSC:274872[3>0]	ENSG00000143995	CURATED:164[0];HGNC.Current:18399[1];HGNC.Current:18399[1>0];Ensembl.HGNC:274483[3>0]
uc061jwk.1	Ensembl.UCSC:274873[3];Ensembl.UCSC:274873[3>0]	ENSG00000143995	CURATED:164[0];HGNC.Current:18399[1];HGNC.Current:18399[1>0];Ensembl.HGNC:274483[3>0]
uc061jwl.1	Ensembl.UCSC:274875[3];Ensembl.UCSC:274875[3>0]	ENSG00000143995	CURATED:164[0];HGNC.Current:18399[1];HGNC.Current:18399[1>0];Ensembl.HGNC:274483[3>0]
uc061jwm.1	Ensembl.UCSC:274877[3];Ensembl.UCSC:274877[3>0]	ENSG00000143995	CURATED:164[0];HGNC.Current:18399[1];HGNC.Current:18399[1>0];Ensembl.HGNC:274483[3>0]
uc061jwn.1	Ensembl.UCSC:274878[3];Ensembl.UCSC:274878[3>0]	ENSG00000143995	CURATED:164[0];HGNC.Current:18399[1];HGNC.Current:18399[1>0];Ensembl.HGNC:274483[3>0]
uc061jwo.1	Ensembl.UCSC:274879[3];Ensembl.UCSC:274879[3>0]	ENSG00000143995	CURATED:164[0];HGNC.Current:18399[1];HGNC.Current:18399[1>0];Ensembl.HGNC:274483[3>0]
uc061jwp.1	Ensembl.UCSC:274881[3];Ensembl.UCSC:274881[3>0]	ENSG00000143995	CURATED:164[0];HGNC.Current:18399[1];HGNC.Current:18399[1>0];Ensembl.HGNC:274483[3>0]
uc061jwq.1	Ensembl.UCSC:274883[3];Ensembl.UCSC:274883[3>0]	ENSG00000143995	CURATED:164[0];HGNC.Current:18399[1];HGNC.Current:18399[1>0];Ensembl.HGNC:274483[3>0]
uc061jwr.1	Ensembl.UCSC:274886[3];Ensembl.UCSC:274886[3>0]	ENSG00000143995	CURATED:164[0];HGNC.Current:18399[1];HGNC.Current:18399[1>0];Ensembl.HGNC:274483[3>0]
uc061kat.1	Ensembl.UCSC:208911[3];Ensembl.UCSC:208911[3>0]	ENSG00000059728	CURATED:173[0];HGNC.Current:21937[1];HGNC.Current:21937[1>0];Ensembl.HGNC:208732[3>0]
uc061kaw.1	Ensembl.UCSC:208924[3];Ensembl.UCSC:208924[3>0]	ENSG00000059728	CURATED:173[0];HGNC.Current:21937[1];HGNC.Current:21937[1>0];Ensembl.HGNC:208732[3>0]
uc061kax.1	Ensembl.UCSC:208943[3];Ensembl.UCSC:208943[3>0]	ENSG00000059728	CURATED:173[0];HGNC.Current:21937[1];HGNC.Current:21937[1>0];Ensembl.HGNC:208732[3>0]
uc061kay.1	Ensembl.UCSC:208947[3];Ensembl.UCSC:208947[3>0]	ENSG00000059728	CURATED:173[0];HGNC.Current:21937[1];HGNC.Current:21937[1>0];Ensembl.HGNC:208732[3>0]
uc061lex.1	Ensembl.UCSC:54712[3];Ensembl.UCSC:54712[3>0]	ENSG00000152284	CURATED:253[0];HGNC.Current:38508[1];HGNC.Current:38514[10>1];HGNC.Current:38514[1];HGNC.Current:38514[1>0];Ensembl.HGNC:54909[3>0]
uc061lfa.1	Ensembl.UCSC:54714[3];Ensembl.UCSC:54714[3>0]	ENSG00000152284	CURATED:253[0];HGNC.Current:38508[1];HGNC.Current:38514[10>1];HGNC.Current:38514[1];HGNC.Current:38514[1>0];Ensembl.HGNC:54909[3>0]
uc061lfc.1	Ensembl.UCSC:54716[3];Ensembl.UCSC:54716[3>0]	ENSG00000152284	CURATED:253[0];HGNC.Current:38508[1];HGNC.Current:38514[10>1];HGNC.Current:38514[1];HGNC.Current:38514[1>0];Ensembl.HGNC:54909[3>0]
uc061nht.1	Ensembl.UCSC:63982[3];Ensembl.UCSC:63982[3>0]	ENSG00000163064	CURATED:46[0];HGNC.Current:7952[1];HGNC.Current:7952[1>0];Ensembl.HGNC:64320[3>0]
uc061ofw.1	Ensembl.UCSC:237290[3];Ensembl.UCSC:237290[3>0]	ENSG00000169554	CURATED:272[0];HGNC.Current:42926[1];HGNC.Current:42926[1>0];Ensembl.HGNC:236783[3>0]
uc061ofx.1	Ensembl.UCSC:237293[3];Ensembl.UCSC:237293[3>0]	ENSG00000169554	CURATED:272[0];HGNC.Current:42926[1];HGNC.Current:42926[1>0];Ensembl.HGNC:236783[3>0]
uc061ofy.1	Ensembl.UCSC:237312[3];Ensembl.UCSC:237312[3>0]	ENSG00000169554	CURATED:272[0];HGNC.Current:42926[1];HGNC.Current:42926[1>0];Ensembl.HGNC:236783[3>0]
uc061ofz.1	Ensembl.UCSC:237315[3];Ensembl.UCSC:237315[3>0]	ENSG00000169554	CURATED:272[0];HGNC.Current:42926[1];HGNC.Current:42926[1>0];Ensembl.HGNC:236783[3>0]
uc061oga.2	Ensembl.UCSC:237296[3];Ensembl.UCSC:237296[3>0]	ENSG00000169554	CURATED:272[0];HGNC.Current:42926[1];HGNC.Current:42926[1>0];Ensembl.HGNC:236783[3>0]
uc061ogb.1	Ensembl.UCSC:237323[3];Ensembl.UCSC:237323[3>0]	ENSG00000169554	CURATED:272[0];HGNC.Current:42926[1];HGNC.Current:42926[1>0];Ensembl.HGNC:236783[3>0]
uc061ogc.1	Ensembl.UCSC:237331[3];Ensembl.UCSC:237331[3>0]	ENSG00000169554	CURATED:272[0];HGNC.Current:42926[1];HGNC.Current:42926[1>0];Ensembl.HGNC:236783[3>0]
uc061ogd.1	Ensembl.UCSC:237334[3];Ensembl.UCSC:237334[3>0]	ENSG00000169554	CURATED:272[0];HGNC.Current:42926[1];HGNC.Current:42926[1>0];Ensembl.HGNC:236783[3>0]
uc061oge.1	Ensembl.UCSC:237337[3];Ensembl.UCSC:237337[3>0]	ENSG00000169554	CURATED:272[0];HGNC.Current:42926[1];HGNC.Current:42926[1>0];Ensembl.HGNC:236783[3>0]
uc061ogf.2	Ensembl.UCSC:237145[3];Ensembl.UCSC:237145[3>0]	ENSG00000169554	CURATED:272[0];HGNC.Current:42926[1];HGNC.Current:42926[1>0];Ensembl.HGNC:236783[3>0]
uc061ogg.1	Ensembl.UCSC:237339[3];Ensembl.UCSC:237339[3>0]	ENSG00000169554	CURATED:272[0];HGNC.Current:42926[1];HGNC.Current:42926[1>0];Ensembl.HGNC:236783[3>0]
uc061ogh.1	Ensembl.UCSC:237345[3];Ensembl.UCSC:237345[3>0]	ENSG00000169554	CURATED:272[0];HGNC.Current:42926[1];HGNC.Current:42926[1>0];Ensembl.HGNC:236783[3>0]
uc061ogi.1	Ensembl.UCSC:237348[3];Ensembl.UCSC:237348[3>0]	ENSG00000169554	CURATED:272[0];HGNC.Current:42926[1];HGNC.Current:42926[1>0];Ensembl.HGNC:236783[3>0]
uc061ogj.1	Ensembl.UCSC:237357[3];Ensembl.UCSC:237357[3>0]	ENSG00000169554	CURATED:272[0];HGNC.Current:42926[1];HGNC.Current:42926[1>0];Ensembl.HGNC:236783[3>0]
uc061ogk.1	Ensembl.UCSC:237359[3];Ensembl.UCSC:237359[3>0]	ENSG00000169554	CURATED:272[0];HGNC.Current:42926[1];HGNC.Current:42926[1>0];Ensembl.HGNC:236783[3>0]
uc061ogl.1	Ensembl.UCSC:237362[3];Ensembl.UCSC:237362[3>0]	ENSG00000169554	CURATED:272[0];HGNC.Current:42926[1];HGNC.Current:42926[1>0];Ensembl.HGNC:236783[3>0]
uc061ogm.1	Ensembl.UCSC:237367[3];Ensembl.UCSC:237367[3>0]	ENSG00000169554	CURATED:272[0];HGNC.Current:42926[1];HGNC.Current:42926[1>0];Ensembl.HGNC:236783[3>0]
uc061ogn.1	Ensembl.UCSC:237371[3];Ensembl.UCSC:237371[3>0]	ENSG00000169554	CURATED:272[0];HGNC.Current:42926[1];HGNC.Current:42926[1>0];Ensembl.HGNC:236783[3>0]
uc061ogo.1	Ensembl.UCSC:237374[3];Ensembl.UCSC:237374[3>0]	ENSG00000169554	CURATED:272[0];HGNC.Current:42926[1];HGNC.Current:42926[1>0];Ensembl.HGNC:236783[3>0]
uc061ogp.1	Ensembl.UCSC:237378[3];Ensembl.UCSC:237378[3>0]	ENSG00000169554	CURATED:272[0];HGNC.Current:42926[1];HGNC.Current:42926[1>0];Ensembl.HGNC:236783[3>0]
uc061ogq.1	Ensembl.UCSC:237382[3];Ensembl.UCSC:237382[3>0]	ENSG00000169554	CURATED:272[0];HGNC.Current:42926[1];HGNC.Current:42926[1>0];Ensembl.HGNC:236783[3>0]
uc061ogr.1	Ensembl.UCSC:237386[3];Ensembl.UCSC:237386[3>0]	ENSG00000169554	CURATED:272[0];HGNC.Current:42926[1];HGNC.Current:42926[1>0];Ensembl.HGNC:236783[3>0]
uc061ogt.1	Ensembl.UCSC:237394[3];Ensembl.UCSC:237394[3>0]	ENSG00000169554	CURATED:272[0];HGNC.Current:42926[1];HGNC.Current:42926[1>0];Ensembl.HGNC:236783[3>0]
uc061ogu.1	Ensembl.UCSC:237398[3];Ensembl.UCSC:237398[3>0]	ENSG00000169554	CURATED:272[0];HGNC.Current:42926[1];HGNC.Current:42926[1>0];Ensembl.HGNC:236783[3>0]
uc061ogv.1	Ensembl.UCSC:237405[3];Ensembl.UCSC:237405[3>0]	ENSG00000169554	CURATED:272[0];HGNC.Current:42926[1];HGNC.Current:42926[1>0];Ensembl.HGNC:236783[3>0]
uc061ogw.1	Ensembl.UCSC:237406[3];Ensembl.UCSC:237406[3>0]	ENSG00000169554	CURATED:272[0];HGNC.Current:42926[1];HGNC.Current:42926[1>0];Ensembl.HGNC:236783[3>0]
uc061ogx.1	Ensembl.UCSC:237420[3];Ensembl.UCSC:237420[3>0]	ENSG00000169554	CURATED:272[0];HGNC.Current:42926[1];HGNC.Current:42926[1>0];Ensembl.HGNC:236783[3>0]
uc061ogy.2	Ensembl.UCSC:237328[3];Ensembl.UCSC:237328[3>0]	ENSG00000169554	CURATED:272[0];HGNC.Current:42926[1];HGNC.Current:42926[1>0];Ensembl.HGNC:236783[3>0]
uc061owy.1	Ensembl.UCSC:228459[3];Ensembl.UCSC:228459[3>0]	ENSG00000153250	CURATED:209[0];HGNC.Current:27978[1];HGNC.Current:27978[1>0];Ensembl.HGNC:228378[3>0]
uc061oxa.1	Ensembl.UCSC:228604[3];Ensembl.UCSC:228604[3>0]	ENSG00000153250	CURATED:209[0];HGNC.Current:27978[1];HGNC.Current:27978[1>0];Ensembl.HGNC:228378[3>0]
uc061oxb.1	Ensembl.UCSC:228608[3];Ensembl.UCSC:228608[3>0]	ENSG00000153250	CURATED:209[0];HGNC.Current:27978[1];HGNC.Current:27978[1>0];Ensembl.HGNC:228378[3>0]
uc061oxc.1	Ensembl.UCSC:228618[3];Ensembl.UCSC:228618[3>0]	ENSG00000153250	CURATED:209[0];HGNC.Current:27978[1];HGNC.Current:27978[1>0];Ensembl.HGNC:228378[3>0]
uc061oxd.1	Ensembl.UCSC:228624[3];Ensembl.UCSC:228624[3>0]	ENSG00000153250	CURATED:209[0];HGNC.Current:27978[1];HGNC.Current:27978[1>0];Ensembl.HGNC:228378[3>0]
uc061oxe.1	Ensembl.UCSC:228626[3];Ensembl.UCSC:228626[3>0]	ENSG00000153250	CURATED:209[0];HGNC.Current:27978[1];HGNC.Current:27978[1>0];Ensembl.HGNC:228378[3>0]
uc061oxf.1	Ensembl.UCSC:228630[3];Ensembl.UCSC:228630[3>0]	ENSG00000153250	CURATED:209[0];HGNC.Current:27978[1];HGNC.Current:27978[1>0];Ensembl.HGNC:228378[3>0]
uc061oxg.1	Ensembl.UCSC:228634[3];Ensembl.UCSC:228634[3>0]	ENSG00000153250	CURATED:209[0];HGNC.Current:27978[1];HGNC.Current:27978[1>0];Ensembl.HGNC:228378[3>0]
uc061oxh.1	Ensembl.UCSC:228637[3];Ensembl.UCSC:228637[3>0]	ENSG00000153250	CURATED:209[0];HGNC.Current:27978[1];HGNC.Current:27978[1>0];Ensembl.HGNC:228378[3>0]
uc061oxi.1	Ensembl.UCSC:228641[3];Ensembl.UCSC:228641[3>0]	ENSG00000153250	CURATED:209[0];HGNC.Current:27978[1];HGNC.Current:27978[1>0];Ensembl.HGNC:228378[3>0]
uc061oxj.1	Ensembl.UCSC:228642[3];Ensembl.UCSC:228642[3>0]	ENSG00000153250	CURATED:209[0];HGNC.Current:27978[1];HGNC.Current:27978[1>0];Ensembl.HGNC:228378[3>0]
uc061oxk.1	Ensembl.UCSC:228645[3];Ensembl.UCSC:228645[3>0]	ENSG00000153250	CURATED:209[0];HGNC.Current:27978[1];HGNC.Current:27978[1>0];Ensembl.HGNC:228378[3>0]
uc061oxl.1	Ensembl.UCSC:228647[3];Ensembl.UCSC:228647[3>0]	ENSG00000153250	CURATED:209[0];HGNC.Current:27978[1];HGNC.Current:27978[1>0];Ensembl.HGNC:228378[3>0]
uc061pna.1	Ensembl.UCSC:251505[3];Ensembl.UCSC:251505[3>0]	ENSG00000204335	CURATED:236[0];HGNC.Current:37164[1];HGNC.Current:37164[1>0];Ensembl.HGNC:251313[3>0]
uc061pto.1	Ensembl.UCSC:217195[3];Ensembl.UCSC:217195[3>0]	ENSG00000172845	CURATED:234[0];HGNC.Current:37161[1];HGNC.Current:37161[1>0];Ensembl.HGNC:217108[3>0]
uc061ptp.2	Ensembl.UCSC:217208[3];Ensembl.UCSC:217208[3>0]	ENSG00000172845	CURATED:234[0];HGNC.Current:37161[1];HGNC.Current:37161[1>0];Ensembl.HGNC:217108[3>0]
uc061ptq.1	Ensembl.UCSC:217209[3];Ensembl.UCSC:217209[3>0]	ENSG00000172845	CURATED:234[0];HGNC.Current:37161[1];HGNC.Current:37161[1>0];Ensembl.HGNC:217108[3>0]
uc061ptr.1	Ensembl.UCSC:217211[3];Ensembl.UCSC:217211[3>0]	ENSG00000172845	CURATED:234[0];HGNC.Current:37161[1];HGNC.Current:37161[1>0];Ensembl.HGNC:217108[3>0]
uc061pts.1	Ensembl.UCSC:217215[3];Ensembl.UCSC:217215[3>0]	ENSG00000172845	CURATED:234[0];HGNC.Current:37161[1];HGNC.Current:37161[1>0];Ensembl.HGNC:217108[3>0]
uc061ptt.1	Ensembl.UCSC:217217[3];Ensembl.UCSC:217217[3>0]	ENSG00000172845	CURATED:234[0];HGNC.Current:37161[1];HGNC.Current:37161[1>0];Ensembl.HGNC:217108[3>0]
uc061ptu.1	Ensembl.UCSC:217219[3];Ensembl.UCSC:217219[3>0]	ENSG00000172845	CURATED:234[0];HGNC.Current:37161[1];HGNC.Current:37161[1>0];Ensembl.HGNC:217108[3>0]
uc061pyg.1	Ensembl.UCSC:211333[3];Ensembl.UCSC:211333[3>0]	ENSG00000128652	CURATED:118[0];HGNC.Current:12183[1];HGNC.Current:12183[1>0];Ensembl.HGNC:211200[3>0]
uc061pyi.1	Ensembl.UCSC:211344[3];Ensembl.UCSC:211344[3>0]	ENSG00000128652	CURATED:118[0];HGNC.Current:12183[1];HGNC.Current:12183[1>0];Ensembl.HGNC:211200[3>0]
uc061pzy.2	Ensembl.UCSC:261244[3];Ensembl.UCSC:261244[3>0]	ENSG00000116044	CURATED:182[0];HGNC.Current:22659[1];HGNC.Current:22659[1>0];Ensembl.HGNC:260805[3>0]
uc061qaa.2	Ensembl.UCSC:261307[3];Ensembl.UCSC:261307[3>0]	ENSG00000116044	CURATED:182[0];HGNC.Current:22659[1];HGNC.Current:22659[1>0];Ensembl.HGNC:260805[3>0]
uc061qac.2	Ensembl.UCSC:261285[3];Ensembl.UCSC:261285[3>0]	ENSG00000116044	CURATED:182[0];HGNC.Current:22659[1];HGNC.Current:22659[1>0];Ensembl.HGNC:260805[3>0]
uc061qad.2	Ensembl.UCSC:261276[3];Ensembl.UCSC:261276[3>0]	ENSG00000116044	CURATED:182[0];HGNC.Current:22659[1];HGNC.Current:22659[1>0];Ensembl.HGNC:260805[3>0]
uc061qae.2	Ensembl.UCSC:261376[3];Ensembl.UCSC:261376[3>0]	ENSG00000116044	CURATED:182[0];HGNC.Current:22659[1];HGNC.Current:22659[1>0];Ensembl.HGNC:260805[3>0]
uc061qaf.2	Ensembl.UCSC:261328[3];Ensembl.UCSC:261328[3>0]	ENSG00000116044	CURATED:182[0];HGNC.Current:22659[1];HGNC.Current:22659[1>0];Ensembl.HGNC:260805[3>0]
uc061qag.2	Ensembl.UCSC:261333[3];Ensembl.UCSC:261333[3>0]	ENSG00000116044	CURATED:182[0];HGNC.Current:22659[1];HGNC.Current:22659[1>0];Ensembl.HGNC:260805[3>0]
uc061qsz.2	Ensembl.UCSC:257275[3];Ensembl.UCSC:257275[3>0]	ENSG00000115415	CURATED:241[0];HGNC.Current:37777[1];HGNC.Current:37777[1>0];Ensembl.HGNC:256520[3>0]
uc061qta.2	Ensembl.UCSC:257366[3];Ensembl.UCSC:257366[3>0]	ENSG00000115415	CURATED:241[0];HGNC.Current:37777[1];HGNC.Current:37777[1>0];Ensembl.HGNC:256520[3>0]
uc061qtb.2	Ensembl.UCSC:257427[3];Ensembl.UCSC:257427[3>0]	ENSG00000115415	CURATED:241[0];HGNC.Current:37777[1];HGNC.Current:37777[1>0];Ensembl.HGNC:256520[3>0]
uc061qtc.1	Ensembl.UCSC:257443[3];Ensembl.UCSC:257443[3>0]	ENSG00000115415	CURATED:241[0];HGNC.Current:37777[1];HGNC.Current:37777[1>0];Ensembl.HGNC:256520[3>0]
uc061qtd.2	Ensembl.UCSC:257453[3];Ensembl.UCSC:257453[3>0]	ENSG00000115415	CURATED:241[0];HGNC.Current:37777[1];HGNC.Current:37777[1>0];Ensembl.HGNC:256520[3>0]
uc061qte.1	Ensembl.UCSC:257460[3];Ensembl.UCSC:257460[3>0]	ENSG00000115415	CURATED:241[0];HGNC.Current:37777[1];HGNC.Current:37777[1>0];Ensembl.HGNC:256520[3>0]
uc061qtf.1	Ensembl.UCSC:257463[3];Ensembl.UCSC:257463[3>0]	ENSG00000115415	CURATED:241[0];HGNC.Current:37777[1];HGNC.Current:37777[1>0];Ensembl.HGNC:256520[3>0]
uc061qtj.1	Ensembl.UCSC:272994[3];Ensembl.UCSC:272994[3>0]	ENSG00000138378	CURATED:243[0];HGNC.Current:37780[1];HGNC.Current:37780[1>0];Ensembl.HGNC:272621[3>0]
uc061qtk.1	Ensembl.UCSC:273000[3];Ensembl.UCSC:273000[3>0]	ENSG00000138378	CURATED:243[0];HGNC.Current:37780[1];HGNC.Current:37780[1>0];Ensembl.HGNC:272621[3>0]
uc061qtl.1	Ensembl.UCSC:273002[3];Ensembl.UCSC:273002[3>0]	ENSG00000138378	CURATED:243[0];HGNC.Current:37780[1];HGNC.Current:37780[1>0];Ensembl.HGNC:272621[3>0]
uc061qto.1	Ensembl.UCSC:273008[3];Ensembl.UCSC:273008[3>0]	ENSG00000138378	CURATED:243[0];HGNC.Current:37780[1];HGNC.Current:37780[1>0];Ensembl.HGNC:272621[3>0]
uc061rul.1	Ensembl.UCSC:265460[3];Ensembl.UCSC:265460[3>0]	ENSG00000118263	CURATED:147[0];HGNC.Current:14135[1];HGNC.Current:14135[1>0];Ensembl.HGNC:265108[3>0]
uc061run.2	Ensembl.UCSC:265442[3];Ensembl.UCSC:265442[3>0]	ENSG00000118263	CURATED:147[0];HGNC.Current:14135[1];HGNC.Current:14135[1>0];Ensembl.HGNC:265108[3>0]
uc061ruo.1	Ensembl.UCSC:265463[3];Ensembl.UCSC:265463[3>0]	ENSG00000118263	CURATED:147[0];HGNC.Current:14135[1];HGNC.Current:14135[1>0];Ensembl.HGNC:265108[3>0]
uc061rup.1	Ensembl.UCSC:265465[3];Ensembl.UCSC:265465[3>0]	ENSG00000118263	CURATED:147[0];HGNC.Current:14135[1];HGNC.Current:14135[1>0];Ensembl.HGNC:265108[3>0]
uc061ruq.1	Ensembl.UCSC:265468[3];Ensembl.UCSC:265468[3>0]	ENSG00000118263	CURATED:147[0];HGNC.Current:14135[1];HGNC.Current:14135[1>0];Ensembl.HGNC:265108[3>0]
uc061rvb.1	Ensembl.UCSC:247350[3];Ensembl.UCSC:247350[3>0]	ENSG00000118260	CURATED:24[0];HGNC.Current:5501[1];HGNC.Current:5501[1>0];Ensembl.HGNC:246988[3>0]
uc061rvc.1	Ensembl.UCSC:247363[3];Ensembl.UCSC:247363[3>0]	ENSG00000118260	CURATED:24[0];HGNC.Current:5501[1];HGNC.Current:5501[1>0];Ensembl.HGNC:246988[3>0]
uc061rvd.1	Ensembl.UCSC:247366[3];Ensembl.UCSC:247366[3>0]	ENSG00000118260	CURATED:24[0];HGNC.Current:5501[1];HGNC.Current:5501[1>0];Ensembl.HGNC:246988[3>0]
uc061rve.1	Ensembl.UCSC:247377[3];Ensembl.UCSC:247377[3>0]	ENSG00000118260	CURATED:24[0];HGNC.Current:5501[1];HGNC.Current:5501[1>0];Ensembl.HGNC:246988[3>0]
uc061rvf.1	Ensembl.UCSC:247379[3];Ensembl.UCSC:247379[3>0]	ENSG00000118260	CURATED:24[0];HGNC.Current:5501[1];HGNC.Current:5501[1>0];Ensembl.HGNC:246988[3>0]
uc061rvg.1	Ensembl.UCSC:247382[3];Ensembl.UCSC:247382[3>0]	ENSG00000118260	CURATED:24[0];HGNC.Current:5501[1];HGNC.Current:5501[1>0];Ensembl.HGNC:246988[3>0]
uc061rvh.1	Ensembl.UCSC:247385[3];Ensembl.UCSC:247385[3>0]	ENSG00000118260	CURATED:24[0];HGNC.Current:5501[1];HGNC.Current:5501[1>0];Ensembl.HGNC:246988[3>0]
uc061rvi.1	Ensembl.UCSC:247387[3];Ensembl.UCSC:247387[3>0]	ENSG00000118260	CURATED:24[0];HGNC.Current:5501[1];HGNC.Current:5501[1>0];Ensembl.HGNC:246988[3>0]
uc061rvj.1	Ensembl.UCSC:247389[3];Ensembl.UCSC:247389[3>0]	ENSG00000118260	CURATED:24[0];HGNC.Current:5501[1];HGNC.Current:5501[1>0];Ensembl.HGNC:246988[3>0]
uc061rvk.1	Ensembl.UCSC:247392[3];Ensembl.UCSC:247392[3>0]	ENSG00000118260	CURATED:24[0];HGNC.Current:5501[1];HGNC.Current:5501[1>0];Ensembl.HGNC:246988[3>0]
uc061rvl.1	Ensembl.UCSC:247398[3];Ensembl.UCSC:247398[3>0]	ENSG00000118260	CURATED:24[0];HGNC.Current:5501[1];HGNC.Current:5501[1>0];Ensembl.HGNC:246988[3>0]
uc061rvm.1	Ensembl.UCSC:247401[3];Ensembl.UCSC:247401[3>0]	ENSG00000118260	CURATED:24[0];HGNC.Current:5501[1];HGNC.Current:5501[1>0];Ensembl.HGNC:246988[3>0]
uc061rvn.1	Ensembl.UCSC:247403[3];Ensembl.UCSC:247403[3>0]	ENSG00000118260	CURATED:24[0];HGNC.Current:5501[1];HGNC.Current:5501[1>0];Ensembl.HGNC:246988[3>0]
uc061rvq.1	Ensembl.UCSC:247407[3];Ensembl.UCSC:247407[3>0]	ENSG00000118260	CURATED:24[0];HGNC.Current:5501[1];HGNC.Current:5501[1>0];Ensembl.HGNC:246988[3>0]
uc061rvr.1	Ensembl.UCSC:247409[3];Ensembl.UCSC:247409[3>0]	ENSG00000118260	CURATED:24[0];HGNC.Current:5501[1];HGNC.Current:5501[1>0];Ensembl.HGNC:246988[3>0]
uc061saf.1	Ensembl.UCSC:274328[3];Ensembl.UCSC:274328[3>0]	ENSG00000030419	CURATED:126[0];HGNC.Current:13182[1];HGNC.Current:13182[1>0];Ensembl.HGNC:273958[3>0]
uc061sag.1	Ensembl.UCSC:274329[3];Ensembl.UCSC:274329[3>0]	ENSG00000030419	CURATED:126[0];HGNC.Current:13182[1];HGNC.Current:13182[1>0];Ensembl.HGNC:273958[3>0]
uc061sah.1	Ensembl.UCSC:274331[3];Ensembl.UCSC:274331[3>0]	ENSG00000030419	CURATED:126[0];HGNC.Current:13182[1];HGNC.Current:13182[1>0];Ensembl.HGNC:273958[3>0]
uc061sai.2	Ensembl.UCSC:274330[3];Ensembl.UCSC:274330[3>0]	ENSG00000030419	CURATED:126[0];HGNC.Current:13182[1];HGNC.Current:13182[1>0];Ensembl.HGNC:273958[3>0]
uc061saj.1	Ensembl.UCSC:274332[3];Ensembl.UCSC:274332[3>0]	ENSG00000030419	CURATED:126[0];HGNC.Current:13182[1];HGNC.Current:13182[1>0];Ensembl.HGNC:273958[3>0]
uc061sak.1	Ensembl.UCSC:274337[3];Ensembl.UCSC:274337[3>0]	ENSG00000030419	CURATED:126[0];HGNC.Current:13182[1];HGNC.Current:13182[1>0];Ensembl.HGNC:273958[3>0]
uc061sal.1	Ensembl.UCSC:274338[3];Ensembl.UCSC:274338[3>0]	ENSG00000030419	CURATED:126[0];HGNC.Current:13182[1];HGNC.Current:13182[1>0];Ensembl.HGNC:273958[3>0]
uc061sam.1	Ensembl.UCSC:274340[3];Ensembl.UCSC:274340[3>0]	ENSG00000030419	CURATED:126[0];HGNC.Current:13182[1];HGNC.Current:13182[1>0];Ensembl.HGNC:273958[3>0]
uc061san.1	Ensembl.UCSC:274341[3];Ensembl.UCSC:274341[3>0]	ENSG00000030419	CURATED:126[0];HGNC.Current:13182[1];HGNC.Current:13182[1>0];Ensembl.HGNC:273958[3>0]
uc061sao.1	Ensembl.UCSC:274342[3];Ensembl.UCSC:274342[3>0]	ENSG00000030419	CURATED:126[0];HGNC.Current:13182[1];HGNC.Current:13182[1>0];Ensembl.HGNC:273958[3>0]
uc061sap.1	Ensembl.UCSC:274344[3];Ensembl.UCSC:274344[3>0]	ENSG00000030419	CURATED:126[0];HGNC.Current:13182[1];HGNC.Current:13182[1>0];Ensembl.HGNC:273958[3>0]
uc061saq.1	Ensembl.UCSC:274345[3];Ensembl.UCSC:274345[3>0]	ENSG00000030419	CURATED:126[0];HGNC.Current:13182[1];HGNC.Current:13182[1>0];Ensembl.HGNC:273958[3>0]
uc061sar.1	Ensembl.UCSC:274347[3];Ensembl.UCSC:274347[3>0]	ENSG00000030419	CURATED:126[0];HGNC.Current:13182[1];HGNC.Current:13182[1>0];Ensembl.HGNC:273958[3>0]
uc061tbg.2	Ensembl.UCSC:125862[3];Ensembl.UCSC:125862[3>0]	ENSG00000135903	CURATED:196[0];HGNC.Current:24884[1];HGNC.Current:24884[1>0];Ensembl.HGNC:125892[3>0]
uc061tbh.1	Ensembl.UCSC:125913[3];Ensembl.UCSC:125913[3>0]	ENSG00000135903	CURATED:196[0];HGNC.Current:24884[1];HGNC.Current:24884[1>0];Ensembl.HGNC:125892[3>0]
uc061tyi.1	Ensembl.UCSC:260678[3];Ensembl.UCSC:260678[3>0]	ENSG00000168505	CURATED:82[0];HGNC.Current:10102[1];HGNC.Current:10102[1>0];Ensembl.HGNC:260357[3>0]
uc061tyj.1	Ensembl.UCSC:260680[3];Ensembl.UCSC:260680[3>0]	ENSG00000168505	CURATED:82[0];HGNC.Current:10102[1];HGNC.Current:10102[1>0];Ensembl.HGNC:260357[3>0]
uc061uei.1	Ensembl.UCSC:120535[3];Ensembl.UCSC:120535[3>0]	ENSG00000144485	CURATED:93[0];HGNC.Current:11568[1];HGNC.Current:11568[1>0];Ensembl.HGNC:120592[3>0]
uc061uej.1	Ensembl.UCSC:120536[3];Ensembl.UCSC:120536[3>0]	ENSG00000144485	CURATED:93[0];HGNC.Current:11568[1];HGNC.Current:11568[1>0];Ensembl.HGNC:120592[3>0]
uc061uek.1	Ensembl.UCSC:120540[3];Ensembl.UCSC:120540[3>0]	ENSG00000144485	CURATED:93[0];HGNC.Current:11568[1];HGNC.Current:11568[1>0];Ensembl.HGNC:120592[3>0]
uc061uel.2	Ensembl.UCSC:120543[3];Ensembl.UCSC:120543[3>0]	ENSG00000144485	CURATED:93[0];HGNC.Current:11568[1];HGNC.Current:11568[1>0];Ensembl.HGNC:120592[3>0]
uc061uem.1	Ensembl.UCSC:120546[3];Ensembl.UCSC:120546[3>0]	ENSG00000144485	CURATED:93[0];HGNC.Current:11568[1];HGNC.Current:11568[1>0];Ensembl.HGNC:120592[3>0]
uc061vbv.1	Ensembl.UCSC:116671[3];Ensembl.UCSC:116671[3>0]	ENSG00000088881	CURATED:39[0];HGNC.Current:7393[1];HGNC.Current:7393[1>0];Ensembl.HGNC:116723[3>0]
uc061vbw.1	Ensembl.UCSC:116673[3];Ensembl.UCSC:116673[3>0]	ENSG00000088881	CURATED:39[0];HGNC.Current:7393[1];HGNC.Current:7393[1>0];Ensembl.HGNC:116723[3>0]
uc061vby.2	Ensembl.UCSC:116676[3];Ensembl.UCSC:116676[3>0]	ENSG00000088881	CURATED:39[0];HGNC.Current:7393[1];HGNC.Current:7393[1>0];Ensembl.HGNC:116723[3>0]
uc061vca.2	Ensembl.UCSC:116680[3];Ensembl.UCSC:116680[3>0]	ENSG00000088881	CURATED:39[0];HGNC.Current:7393[1];HGNC.Current:7393[1>0];Ensembl.HGNC:116723[3>0]
uc061vcd.1	Ensembl.UCSC:116685[3];Ensembl.UCSC:116685[3>0]	ENSG00000088881	CURATED:39[0];HGNC.Current:7393[1];HGNC.Current:7393[1>0];Ensembl.HGNC:116723[3>0]
uc061vce.1	Ensembl.UCSC:116689[3];Ensembl.UCSC:116689[3>0]	ENSG00000088881	CURATED:39[0];HGNC.Current:7393[1];HGNC.Current:7393[1>0];Ensembl.HGNC:116723[3>0]
uc061xet.1	Ensembl.UCSC:124528[3];Ensembl.UCSC:124528[3>0]	ENSG00000101076	CURATED:100[0];HGNC.Current:11954[1];HGNC.Current:11954[1>0];Ensembl.HGNC:124322[3>0]
uc061xew.1	Ensembl.UCSC:124607[3];Ensembl.UCSC:124607[3>0]	ENSG00000101076	CURATED:100[0];HGNC.Current:11954[1];HGNC.Current:11954[1>0];Ensembl.HGNC:124322[3>0]
uc061xxe.1	Ensembl.UCSC:13776[3];Ensembl.UCSC:13776[3>0]	ENSG00000087510	CURATED:257[0];HGNC.Current:38710[1];HGNC.Current:38710[1>0];Ensembl.HGNC:13931[3>0]
uc061zla.1	Ensembl.UCSC:2713[3];Ensembl.UCSC:2713[3>0]	ENSG00000156273	CURATED:10[0];HGNC.Current:2206[1];HGNC.Current:2206[1>0];Ensembl.HGNC:2711[3>0]
uc061zlb.1	Ensembl.UCSC:2719[3];Ensembl.UCSC:2719[3>0]	ENSG00000156273	CURATED:10[0];HGNC.Current:2206[1];HGNC.Current:2206[1>0];Ensembl.HGNC:2711[3>0]
uc061zlc.1	Ensembl.UCSC:2717[3];Ensembl.UCSC:2717[3>0]	ENSG00000156273	CURATED:10[0];HGNC.Current:2206[1];HGNC.Current:2206[1>0];Ensembl.HGNC:2711[3>0]
uc061zld.1	Ensembl.UCSC:2715[3];Ensembl.UCSC:2715[3>0]	ENSG00000156273	CURATED:10[0];HGNC.Current:2206[1];HGNC.Current:2206[1>0];Ensembl.HGNC:2711[3>0]
uc061zle.1	Ensembl.UCSC:2734[3];Ensembl.UCSC:2734[3>0]	ENSG00000156273	CURATED:10[0];HGNC.Current:2206[1];HGNC.Current:2206[1>0];Ensembl.HGNC:2711[3>0]
uc061zlf.1	Ensembl.UCSC:2735[3];Ensembl.UCSC:2735[3>0]	ENSG00000156273	CURATED:10[0];HGNC.Current:2206[1];HGNC.Current:2206[1>0];Ensembl.HGNC:2711[3>0]
uc061zlg.1	Ensembl.UCSC:2736[3];Ensembl.UCSC:2736[3>0]	ENSG00000156273	CURATED:10[0];HGNC.Current:2206[1];HGNC.Current:2206[1>0];Ensembl.HGNC:2711[3>0]
uc061zlh.1	Ensembl.UCSC:2737[3];Ensembl.UCSC:2737[3>0]	ENSG00000156273	CURATED:10[0];HGNC.Current:2206[1];HGNC.Current:2206[1>0];Ensembl.HGNC:2711[3>0]
uc061zli.1	Ensembl.UCSC:2739[3];Ensembl.UCSC:2739[3>0]	ENSG00000156273	CURATED:10[0];HGNC.Current:2206[1];HGNC.Current:2206[1>0];Ensembl.HGNC:2711[3>0]
uc061zlj.1	Ensembl.UCSC:2740[3];Ensembl.UCSC:2740[3>0]	ENSG00000156273	CURATED:10[0];HGNC.Current:2206[1];HGNC.Current:2206[1>0];Ensembl.HGNC:2711[3>0]
uc061zpe.1	Ensembl.UCSC:13423[3];Ensembl.UCSC:13423[3>0]	ENSG00000184221	CURATED:192[0];HGNC.Current:23585[1];HGNC.Current:23585[1>0];Ensembl.HGNC:13596[3>0]
uc061zpf.1	Ensembl.UCSC:13425[3];Ensembl.UCSC:13425[3>0]	ENSG00000184221	CURATED:192[0];HGNC.Current:23585[1];HGNC.Current:23585[1>0];Ensembl.HGNC:13596[3>0]
uc061zwe.1	Ensembl.UCSC:38696[3];Ensembl.UCSC:38696[3>0]	ENSG00000159216	CURATED:214[0];HGNC.Current:34448[1];HGNC.Current:34448[1>0];Ensembl.HGNC:38975[3>0]
uc061zwf.1	Ensembl.UCSC:38698[3];Ensembl.UCSC:38698[3>0]	ENSG00000159216	CURATED:214[0];HGNC.Current:34448[1];HGNC.Current:34448[1>0];Ensembl.HGNC:38975[3>0]
uc061zwg.1	Ensembl.UCSC:38708[3];Ensembl.UCSC:38708[3>0]	ENSG00000159216	CURATED:214[0];HGNC.Current:34448[1];HGNC.Current:34448[1>0];Ensembl.HGNC:38975[3>0]
uc061zwh.1	Ensembl.UCSC:38710[3];Ensembl.UCSC:38710[3>0]	ENSG00000159216	CURATED:214[0];HGNC.Current:34448[1];HGNC.Current:34448[1>0];Ensembl.HGNC:38975[3>0]
uc061zwi.1	Ensembl.UCSC:38714[3];Ensembl.UCSC:38714[3>0]	ENSG00000159216	CURATED:214[0];HGNC.Current:34448[1];HGNC.Current:34448[1>0];Ensembl.HGNC:38975[3>0]
uc061zwj.1	Ensembl.UCSC:38716[3];Ensembl.UCSC:38716[3>0]	ENSG00000159216	CURATED:214[0];HGNC.Current:34448[1];HGNC.Current:34448[1>0];Ensembl.HGNC:38975[3>0]
uc061zwk.1	Ensembl.UCSC:38730[3];Ensembl.UCSC:38730[3>0]	ENSG00000159216	CURATED:214[0];HGNC.Current:34448[1];HGNC.Current:34448[1>0];Ensembl.HGNC:38975[3>0]
uc061zwl.1	Ensembl.UCSC:38737[3];Ensembl.UCSC:38737[3>0]	ENSG00000159216	CURATED:214[0];HGNC.Current:34448[1];HGNC.Current:34448[1>0];Ensembl.HGNC:38975[3>0]
uc061zwm.1	Ensembl.UCSC:38745[3];Ensembl.UCSC:38745[3>0]	ENSG00000159216	CURATED:214[0];HGNC.Current:34448[1];HGNC.Current:34448[1>0];Ensembl.HGNC:38975[3>0]
uc061zwo.1	Ensembl.UCSC:38757[3];Ensembl.UCSC:38757[3>0]	ENSG00000159216	CURATED:214[0];HGNC.Current:34448[1];HGNC.Current:34448[1>0];Ensembl.HGNC:38975[3>0]
uc061zwr.1	Ensembl.UCSC:38767[3];Ensembl.UCSC:38767[3>0]	ENSG00000159216	CURATED:214[0];HGNC.Current:34448[1];HGNC.Current:34448[1>0];Ensembl.HGNC:38975[3>0]
uc062acd.1	Ensembl.UCSC:15668[3];Ensembl.UCSC:15668[3>0]	ENSG00000157554	CURATED:49[0];HGNC.Current:8145[1];HGNC.Current:8145[1>0];Ensembl.HGNC:15734[3>0]
uc062ace.1	Ensembl.UCSC:15689[3];Ensembl.UCSC:15689[3>0]	ENSG00000157554	CURATED:49[0];HGNC.Current:8145[1];HGNC.Current:8145[1>0];Ensembl.HGNC:15734[3>0]
uc062acf.1	Ensembl.UCSC:15769[3];Ensembl.UCSC:15769[3>0]	ENSG00000157554	CURATED:49[0];HGNC.Current:8145[1];HGNC.Current:8145[1>0];Ensembl.HGNC:15734[3>0]
uc062acg.1	Ensembl.UCSC:15795[3];Ensembl.UCSC:15795[3>0]	ENSG00000157554	CURATED:49[0];HGNC.Current:8145[1];HGNC.Current:8145[1>0];Ensembl.HGNC:15734[3>0]
uc062ach.1	Ensembl.UCSC:15880[3];Ensembl.UCSC:15880[3>0]	ENSG00000157554	CURATED:49[0];HGNC.Current:8145[1];HGNC.Current:8145[1>0];Ensembl.HGNC:15734[3>0]
uc062aci.1	Ensembl.UCSC:15890[3];Ensembl.UCSC:15890[3>0]	ENSG00000157554	CURATED:49[0];HGNC.Current:8145[1];HGNC.Current:8145[1>0];Ensembl.HGNC:15734[3>0]
uc062ack.1	Ensembl.UCSC:15894[3];Ensembl.UCSC:15894[3>0]	ENSG00000157554	CURATED:49[0];HGNC.Current:8145[1];HGNC.Current:8145[1>0];Ensembl.HGNC:15734[3>0]
uc062acl.1	Ensembl.UCSC:15899[3];Ensembl.UCSC:15899[3>0]	ENSG00000157554	CURATED:49[0];HGNC.Current:8145[1];HGNC.Current:8145[1>0];Ensembl.HGNC:15734[3>0]
uc062acp.1	Ensembl.UCSC:2807[3];Ensembl.UCSC:2807[3>0]	ENSG00000157557	CURATED:51[0];HGNC.Current:8353[1];HGNC.Current:8353[1>0];Ensembl.HGNC:2798[3>0]
uc062acq.1	Ensembl.UCSC:2811[3];Ensembl.UCSC:2811[3>0]	ENSG00000157557	CURATED:51[0];HGNC.Current:8353[1];HGNC.Current:8353[1>0];Ensembl.HGNC:2798[3>0]
uc062aqo.1	Ensembl.UCSC:25043[3];Ensembl.UCSC:25043[3>0]	ENSG00000160221	CURATED:90[0];HGNC.Current:11563[1];HGNC.Current:10083[8>1];HGNC.Current:10083[1];HGNC.Current:10083[1>0];Ensembl.HGNC:25032[3>0]
uc062aqp.1	Ensembl.UCSC:25091[3];Ensembl.UCSC:25091[3>0]	ENSG00000160221	CURATED:90[0];HGNC.Current:11563[1];HGNC.Current:10083[8>1];HGNC.Current:10083[1];HGNC.Current:10083[1>0];Ensembl.HGNC:25032[3>0]
uc062aqq.1	Ensembl.UCSC:25095[3];Ensembl.UCSC:25095[3>0]	ENSG00000160221	CURATED:90[0];HGNC.Current:11563[1];HGNC.Current:10083[8>1];HGNC.Current:10083[1];HGNC.Current:10083[1>0];Ensembl.HGNC:25032[3>0]
uc062aqr.1	Ensembl.UCSC:25104[3];Ensembl.UCSC:25104[3>0]	ENSG00000160221	CURATED:90[0];HGNC.Current:11563[1];HGNC.Current:10083[8>1];HGNC.Current:10083[1];HGNC.Current:10083[1>0];Ensembl.HGNC:25032[3>0]
uc062aqs.1	Ensembl.UCSC:25216[3];Ensembl.UCSC:25216[3>0]	ENSG00000160221	CURATED:90[0];HGNC.Current:11563[1];HGNC.Current:10083[8>1];HGNC.Current:10083[1];HGNC.Current:10083[1>0];Ensembl.HGNC:25032[3>0]
uc062aqu.1	Ensembl.UCSC:25227[3];Ensembl.UCSC:25227[3>0]	ENSG00000160221	CURATED:90[0];HGNC.Current:11563[1];HGNC.Current:10083[8>1];HGNC.Current:10083[1];HGNC.Current:10083[1>0];Ensembl.HGNC:25032[3>0]
uc062aqv.1	Ensembl.UCSC:25236[3];Ensembl.UCSC:25236[3>0]	ENSG00000160221	CURATED:90[0];HGNC.Current:11563[1];HGNC.Current:10083[8>1];HGNC.Current:10083[1];HGNC.Current:10083[1>0];Ensembl.HGNC:25032[3>0]
uc062aqw.1	Ensembl.UCSC:25241[3];Ensembl.UCSC:25241[3>0]	ENSG00000160221	CURATED:90[0];HGNC.Current:11563[1];HGNC.Current:10083[8>1];HGNC.Current:10083[1];HGNC.Current:10083[1>0];Ensembl.HGNC:25032[3>0]
uc062cvg.1	Ensembl.UCSC:102161[3];Ensembl.UCSC:102161[3>0]	ENSG00000100219	CURATED:268[0];HGNC.Current:42573[1];HGNC.Current:42573[1>0];Ensembl.HGNC:102325[3>0]
uc062cvh.1	Ensembl.UCSC:102168[3];Ensembl.UCSC:102168[3>0]	ENSG00000100219	CURATED:268[0];HGNC.Current:42573[1];HGNC.Current:42573[1>0];Ensembl.HGNC:102325[3>0]
uc062cvj.1	Ensembl.UCSC:102177[3];Ensembl.UCSC:102177[3>0]	ENSG00000100219	CURATED:268[0];HGNC.Current:42573[1];HGNC.Current:42573[1>0];Ensembl.HGNC:102325[3>0]
uc062cvk.2	Ensembl.UCSC:102173[3];Ensembl.UCSC:102173[3>0]	ENSG00000100219	CURATED:268[0];HGNC.Current:42573[1];HGNC.Current:42573[1>0];Ensembl.HGNC:102325[3>0]
uc062cvm.1	Ensembl.UCSC:102181[3];Ensembl.UCSC:102181[3>0]	ENSG00000100219	CURATED:268[0];HGNC.Current:42573[1];HGNC.Current:42573[1>0];Ensembl.HGNC:102325[3>0]
uc062hgx.1	Ensembl.UCSC:237862[3];Ensembl.UCSC:237862[3>0]	ENSG00000182568	CURATED:220[0];HGNC.Current:34631[1];HGNC.Current:34631[1>0];Ensembl.HGNC:237609[3>0]
uc062hgy.1	Ensembl.UCSC:237870[3];Ensembl.UCSC:237870[3>0]	ENSG00000182568	CURATED:220[0];HGNC.Current:34631[1];HGNC.Current:34631[1>0];Ensembl.HGNC:237609[3>0]
uc062hgz.1	Ensembl.UCSC:237871[3];Ensembl.UCSC:237871[3>0]	ENSG00000182568	CURATED:220[0];HGNC.Current:34631[1];HGNC.Current:34631[1>0];Ensembl.HGNC:237609[3>0]
uc062hha.1	Ensembl.UCSC:237878[3];Ensembl.UCSC:237878[3>0]	ENSG00000182568	CURATED:220[0];HGNC.Current:34631[1];HGNC.Current:34631[1>0];Ensembl.HGNC:237609[3>0]
uc062hhb.1	Ensembl.UCSC:237879[3];Ensembl.UCSC:237879[3>0]	ENSG00000182568	CURATED:220[0];HGNC.Current:34631[1];HGNC.Current:34631[1>0];Ensembl.HGNC:237609[3>0]
uc062hhd.1	Ensembl.UCSC:237882[3];Ensembl.UCSC:237882[3>0]	ENSG00000182568	CURATED:220[0];HGNC.Current:34631[1];HGNC.Current:34631[1>0];Ensembl.HGNC:237609[3>0]
uc062hhe.1	Ensembl.UCSC:237886[3];Ensembl.UCSC:237886[3>0]	ENSG00000182568	CURATED:220[0];HGNC.Current:34631[1];HGNC.Current:34631[1>0];Ensembl.HGNC:237609[3>0]
uc062hhf.1	Ensembl.UCSC:237889[3];Ensembl.UCSC:237889[3>0]	ENSG00000182568	CURATED:220[0];HGNC.Current:34631[1];HGNC.Current:34631[1>0];Ensembl.HGNC:237609[3>0]
uc062hhg.2	Ensembl.UCSC:237864[3];Ensembl.UCSC:237864[3>0]	ENSG00000182568	CURATED:220[0];HGNC.Current:34631[1];HGNC.Current:34631[1>0];Ensembl.HGNC:237609[3>0]
uc062hhh.2	Ensembl.UCSC:237866[3];Ensembl.UCSC:237866[3>0]	ENSG00000182568	CURATED:220[0];HGNC.Current:34631[1];HGNC.Current:34631[1>0];Ensembl.HGNC:237609[3>0]
uc062hhi.1	Ensembl.UCSC:237896[3];Ensembl.UCSC:237896[3>0]	ENSG00000182568	CURATED:220[0];HGNC.Current:34631[1];HGNC.Current:34631[1>0];Ensembl.HGNC:237609[3>0]
uc062hhj.1	Ensembl.UCSC:237900[3];Ensembl.UCSC:237900[3>0]	ENSG00000182568	CURATED:220[0];HGNC.Current:34631[1];HGNC.Current:34631[1>0];Ensembl.HGNC:237609[3>0]
uc062hhk.1	Ensembl.UCSC:237905[3];Ensembl.UCSC:237905[3>0]	ENSG00000182568	CURATED:220[0];HGNC.Current:34631[1];HGNC.Current:34631[1>0];Ensembl.HGNC:237609[3>0]
uc062hhl.1	Ensembl.UCSC:237908[3];Ensembl.UCSC:237908[3>0]	ENSG00000182568	CURATED:220[0];HGNC.Current:34631[1];HGNC.Current:34631[1>0];Ensembl.HGNC:237609[3>0]
uc062hhm.1	Ensembl.UCSC:237912[3];Ensembl.UCSC:237912[3>0]	ENSG00000182568	CURATED:220[0];HGNC.Current:34631[1];HGNC.Current:34631[1>0];Ensembl.HGNC:237609[3>0]
uc062hok.2	Ensembl.UCSC:216048[3];Ensembl.UCSC:216048[3>0]	ENSG00000077092	CURATED:207[0];HGNC.Current:27803[1];HGNC.Current:27803[1>0];Ensembl.HGNC:215599[3>0]
uc062hom.2	Ensembl.UCSC:216064[3];Ensembl.UCSC:216064[3>0]	ENSG00000077092	CURATED:207[0];HGNC.Current:27803[1];HGNC.Current:27803[1>0];Ensembl.HGNC:215599[3>0]
uc062hoq.2	Ensembl.UCSC:216116[3];Ensembl.UCSC:216116[3>0]	ENSG00000077092	CURATED:207[0];HGNC.Current:27803[1];HGNC.Current:27803[1>0];Ensembl.HGNC:215599[3>0]
uc062hor.2	Ensembl.UCSC:216114[3];Ensembl.UCSC:216114[3>0]	ENSG00000077092	CURATED:207[0];HGNC.Current:27803[1];HGNC.Current:27803[1>0];Ensembl.HGNC:215599[3>0]
uc062hos.2	Ensembl.UCSC:216110[3];Ensembl.UCSC:216110[3>0]	ENSG00000077092	CURATED:207[0];HGNC.Current:27803[1];HGNC.Current:27803[1>0];Ensembl.HGNC:215599[3>0]
uc062hot.2	Ensembl.UCSC:216119[3];Ensembl.UCSC:216119[3>0]	ENSG00000077092	CURATED:207[0];HGNC.Current:27803[1];HGNC.Current:27803[1>0];Ensembl.HGNC:215599[3>0]
uc062imj.2	Ensembl.UCSC:264316[3];Ensembl.UCSC:264316[3>0]	ENSG00000168036	CURATED:26[0];HGNC.Current:5816[1];HGNC.Current:5816[1>0];Ensembl.HGNC:263315[3>0]
uc062imk.2	Ensembl.UCSC:264319[3];Ensembl.UCSC:264319[3>0]	ENSG00000168036	CURATED:26[0];HGNC.Current:5816[1];HGNC.Current:5816[1>0];Ensembl.HGNC:263315[3>0]
uc062iml.2	Ensembl.UCSC:264509[3];Ensembl.UCSC:264509[3>0]	ENSG00000168036	CURATED:26[0];HGNC.Current:5816[1];HGNC.Current:5816[1>0];Ensembl.HGNC:263315[3>0]
uc062imm.2	Ensembl.UCSC:264527[3];Ensembl.UCSC:264527[3>0]	ENSG00000168036	CURATED:26[0];HGNC.Current:5816[1];HGNC.Current:5816[1>0];Ensembl.HGNC:263315[3>0]
uc062imn.2	Ensembl.UCSC:264535[3];Ensembl.UCSC:264535[3>0]	ENSG00000168036	CURATED:26[0];HGNC.Current:5816[1];HGNC.Current:5816[1>0];Ensembl.HGNC:263315[3>0]
uc062imo.2	Ensembl.UCSC:264543[3];Ensembl.UCSC:264543[3>0]	ENSG00000168036	CURATED:26[0];HGNC.Current:5816[1];HGNC.Current:5816[1>0];Ensembl.HGNC:263315[3>0]
uc062imp.1	Ensembl.UCSC:264546[3];Ensembl.UCSC:264546[3>0]	ENSG00000168036	CURATED:26[0];HGNC.Current:5816[1];HGNC.Current:5816[1>0];Ensembl.HGNC:263315[3>0]
uc062kwj.1	Ensembl.UCSC:46513[3];Ensembl.UCSC:46513[3>0]	ENSG00000163666	CURATED:95[0];HGNC.Current:11570[1];HGNC.Current:11570[1>0];Ensembl.HGNC:46737[3>0]
uc062kwk.1	Ensembl.UCSC:46519[3];Ensembl.UCSC:46519[3>0]	ENSG00000163666	CURATED:95[0];HGNC.Current:11570[1];HGNC.Current:11570[1>0];Ensembl.HGNC:46737[3>0]
uc062lky.4	Ensembl.UCSC:258454[3];Ensembl.UCSC:258454[3>0]	ENSG00000187098	CURATED:169[0];HGNC.Current:20644[1];HGNC.Current:20644[1>0];Ensembl.HGNC:258015[3>0]
uc062lkz.1	Ensembl.UCSC:258443[3];Ensembl.UCSC:258443[3>0]	ENSG00000187098	CURATED:169[0];HGNC.Current:20644[1];HGNC.Current:20644[1>0];Ensembl.HGNC:258015[3>0]
uc062lla.1	Ensembl.UCSC:258444[3];Ensembl.UCSC:258444[3>0]	ENSG00000187098	CURATED:169[0];HGNC.Current:20644[1];HGNC.Current:20644[1>0];Ensembl.HGNC:258015[3>0]
uc062llb.1	Ensembl.UCSC:258447[3];Ensembl.UCSC:258447[3>0]	ENSG00000187098	CURATED:169[0];HGNC.Current:20644[1];HGNC.Current:20644[1>0];Ensembl.HGNC:258015[3>0]
uc062llc.1	Ensembl.UCSC:258449[3];Ensembl.UCSC:258449[3>0]	ENSG00000187098	CURATED:169[0];HGNC.Current:20644[1];HGNC.Current:20644[1>0];Ensembl.HGNC:258015[3>0]
uc062lle.1	Ensembl.UCSC:258471[3];Ensembl.UCSC:258471[3>0]	ENSG00000187098	CURATED:169[0];HGNC.Current:20644[1];HGNC.Current:20644[1>0];Ensembl.HGNC:258015[3>0]
uc062llg.1	Ensembl.UCSC:258499[3];Ensembl.UCSC:258499[3>0]	ENSG00000187098	CURATED:169[0];HGNC.Current:20644[1];HGNC.Current:20644[1>0];Ensembl.HGNC:258015[3>0]
uc062llh.1	Ensembl.UCSC:258510[3];Ensembl.UCSC:258510[3>0]	ENSG00000187098	CURATED:169[0];HGNC.Current:20644[1];HGNC.Current:20644[1>0];Ensembl.HGNC:258015[3>0]
uc062lln.1	Ensembl.UCSC:203239[3];Ensembl.UCSC:203239[3>0]	ENSG00000114861	CURATED:73[0];HGNC.Current:9478[1];HGNC.Current:9478[1>0];Ensembl.HGNC:201807[3>0]
uc062llp.2	Ensembl.UCSC:203256[3];Ensembl.UCSC:203256[3>0]	ENSG00000114861	CURATED:73[0];HGNC.Current:9478[1];HGNC.Current:9478[1>0];Ensembl.HGNC:201807[3>0]
uc062llr.1	Ensembl.UCSC:203396[3];Ensembl.UCSC:203396[3>0]	ENSG00000114861	CURATED:73[0];HGNC.Current:9478[1];HGNC.Current:9478[1>0];Ensembl.HGNC:201807[3>0]
uc062lls.2	Ensembl.UCSC:203305[3];Ensembl.UCSC:203305[3>0]	ENSG00000114861	CURATED:73[0];HGNC.Current:9478[1];HGNC.Current:9478[1>0];Ensembl.HGNC:201807[3>0]
uc062llt.3	Ensembl.UCSC:203417[3];Ensembl.UCSC:203417[3>0]	ENSG00000114861	CURATED:73[0];HGNC.Current:9478[1];HGNC.Current:9478[1>0];Ensembl.HGNC:201807[3>0]
uc062llw.1	Ensembl.UCSC:203444[3];Ensembl.UCSC:203444[3>0]	ENSG00000114861	CURATED:73[0];HGNC.Current:9478[1];HGNC.Current:9478[1>0];Ensembl.HGNC:201807[3>0]
uc062llx.1	Ensembl.UCSC:203473[3];Ensembl.UCSC:203473[3>0]	ENSG00000114861	CURATED:73[0];HGNC.Current:9478[1];HGNC.Current:9478[1>0];Ensembl.HGNC:201807[3>0]
uc062lly.1	Ensembl.UCSC:203476[3];Ensembl.UCSC:203476[3>0]	ENSG00000114861	CURATED:73[0];HGNC.Current:9478[1];HGNC.Current:9478[1>0];Ensembl.HGNC:201807[3>0]
uc062llz.1	Ensembl.UCSC:203483[3];Ensembl.UCSC:203483[3>0]	ENSG00000114861	CURATED:73[0];HGNC.Current:9478[1];HGNC.Current:9478[1>0];Ensembl.HGNC:201807[3>0]
uc062lma.2	Ensembl.UCSC:203435[3];Ensembl.UCSC:203435[3>0]	ENSG00000114861	CURATED:73[0];HGNC.Current:9478[1];HGNC.Current:9478[1>0];Ensembl.HGNC:201807[3>0]
uc062lmb.2	Ensembl.UCSC:203468[3];Ensembl.UCSC:203468[3>0]	ENSG00000114861	CURATED:73[0];HGNC.Current:9478[1];HGNC.Current:9478[1>0];Ensembl.HGNC:201807[3>0]
uc062mhq.1	Ensembl.UCSC:221086[3];Ensembl.UCSC:221086[3>0]	ENSG00000121570	CURATED:33[0];HGNC.Current:7060[1];HGNC.Current:7060[1>0];Ensembl.HGNC:220992[3>0]
uc062mhr.1	Ensembl.UCSC:221094[3];Ensembl.UCSC:221094[3>0]	ENSG00000121570	CURATED:33[0];HGNC.Current:7060[1];HGNC.Current:7060[1>0];Ensembl.HGNC:220992[3>0]
uc062mhs.1	Ensembl.UCSC:221099[3];Ensembl.UCSC:221099[3>0]	ENSG00000121570	CURATED:33[0];HGNC.Current:7060[1];HGNC.Current:7060[1>0];Ensembl.HGNC:220992[3>0]
uc062mht.1	Ensembl.UCSC:221100[3];Ensembl.UCSC:221100[3>0]	ENSG00000121570	CURATED:33[0];HGNC.Current:7060[1];HGNC.Current:7060[1>0];Ensembl.HGNC:220992[3>0]
uc062mhu.1	Ensembl.UCSC:221102[3];Ensembl.UCSC:221102[3>0]	ENSG00000121570	CURATED:33[0];HGNC.Current:7060[1];HGNC.Current:7060[1>0];Ensembl.HGNC:220992[3>0]
uc062mhv.1	Ensembl.UCSC:221106[3];Ensembl.UCSC:221106[3>0]	ENSG00000121570	CURATED:33[0];HGNC.Current:7060[1];HGNC.Current:7060[1>0];Ensembl.HGNC:220992[3>0]
uc062mhw.1	Ensembl.UCSC:221111[3];Ensembl.UCSC:221111[3>0]	ENSG00000121570	CURATED:33[0];HGNC.Current:7060[1];HGNC.Current:7060[1>0];Ensembl.HGNC:220992[3>0]
uc062mqs.1	Ensembl.UCSC:245109[3];Ensembl.UCSC:245109[3>0]	ENSG00000181722	CURATED:270[0];HGNC.Current:42809[1];HGNC.Current:42809[1>0];Ensembl.HGNC:244837[3>0]
uc062mqt.2	Ensembl.UCSC:245105[3];Ensembl.UCSC:245105[3>0]	ENSG00000181722	CURATED:270[0];HGNC.Current:42809[1];HGNC.Current:42809[1>0];Ensembl.HGNC:244837[3>0]
uc062mqx.1	Ensembl.UCSC:245114[3];Ensembl.UCSC:245114[3>0]	ENSG00000181722	CURATED:270[0];HGNC.Current:42809[1];HGNC.Current:42809[1>0];Ensembl.HGNC:244837[3>0]
uc062mqy.1	Ensembl.UCSC:245119[3];Ensembl.UCSC:245119[3>0]	ENSG00000181722	CURATED:270[0];HGNC.Current:42809[1];HGNC.Current:42809[1>0];Ensembl.HGNC:244837[3>0]
uc062mqz.1	Ensembl.UCSC:245122[3];Ensembl.UCSC:245122[3>0]	ENSG00000181722	CURATED:270[0];HGNC.Current:42809[1];HGNC.Current:42809[1>0];Ensembl.HGNC:244837[3>0]
uc062mrb.1	Ensembl.UCSC:245125[3];Ensembl.UCSC:245125[3>0]	ENSG00000181722	CURATED:270[0];HGNC.Current:42809[1];HGNC.Current:42809[1>0];Ensembl.HGNC:244837[3>0]
uc062mrc.1	Ensembl.UCSC:245129[3];Ensembl.UCSC:245129[3>0]	ENSG00000181722	CURATED:270[0];HGNC.Current:42809[1];HGNC.Current:42809[1>0];Ensembl.HGNC:244837[3>0]
uc062mrd.1	Ensembl.UCSC:245131[3];Ensembl.UCSC:245131[3>0]	ENSG00000181722	CURATED:270[0];HGNC.Current:42809[1];HGNC.Current:42809[1>0];Ensembl.HGNC:244837[3>0]
uc062mre.1	Ensembl.UCSC:245135[3];Ensembl.UCSC:245135[3>0]	ENSG00000181722	CURATED:270[0];HGNC.Current:42809[1];HGNC.Current:42809[1>0];Ensembl.HGNC:244837[3>0]
uc062mri.1	Ensembl.UCSC:245137[3];Ensembl.UCSC:245137[3>0]	ENSG00000181722	CURATED:270[0];HGNC.Current:42809[1];HGNC.Current:42809[1>0];Ensembl.HGNC:244837[3>0]
uc062mrk.1	Ensembl.UCSC:245143[3];Ensembl.UCSC:245143[3>0]	ENSG00000181722	CURATED:270[0];HGNC.Current:42809[1];HGNC.Current:42809[1>0];Ensembl.HGNC:244837[3>0]
uc062mrm.1	Ensembl.UCSC:245146[3];Ensembl.UCSC:245146[3>0]	ENSG00000181722	CURATED:270[0];HGNC.Current:42809[1];HGNC.Current:42809[1>0];Ensembl.HGNC:244837[3>0]
uc062nnx.1	Ensembl.UCSC:257626[3];Ensembl.UCSC:257626[3>0]	ENSG00000179348	CURATED:77[0];HGNC.Current:10068[1];HGNC.Current:10068[1>0];Ensembl.HGNC:257262[3>0]
uc062nny.1	Ensembl.UCSC:257637[3];Ensembl.UCSC:257637[3>0]	ENSG00000179348	CURATED:77[0];HGNC.Current:10068[1];HGNC.Current:10068[1>0];Ensembl.HGNC:257262[3>0]
uc062nnz.1	Ensembl.UCSC:257661[3];Ensembl.UCSC:257661[3>0]	ENSG00000179348	CURATED:77[0];HGNC.Current:10068[1];HGNC.Current:10068[1>0];Ensembl.HGNC:257262[3>0]
uc062omz.1	Ensembl.UCSC:122025[3];Ensembl.UCSC:122025[3>0]	ENSG00000114126	CURATED:259[0];HGNC.Current:38724[1];HGNC.Current:38724[1>0];Ensembl.HGNC:121918[3>0]
uc062ona.1	Ensembl.UCSC:122045[3];Ensembl.UCSC:122045[3>0]	ENSG00000114126	CURATED:259[0];HGNC.Current:38724[1];HGNC.Current:38724[1>0];Ensembl.HGNC:121918[3>0]
uc062onb.1	Ensembl.UCSC:122051[3];Ensembl.UCSC:122051[3>0]	ENSG00000114126	CURATED:259[0];HGNC.Current:38724[1];HGNC.Current:38724[1>0];Ensembl.HGNC:121918[3>0]
uc062onc.1	Ensembl.UCSC:122056[3];Ensembl.UCSC:122056[3>0]	ENSG00000114126	CURATED:259[0];HGNC.Current:38724[1];HGNC.Current:38724[1>0];Ensembl.HGNC:121918[3>0]
uc062ond.1	Ensembl.UCSC:122064[3];Ensembl.UCSC:122064[3>0]	ENSG00000114126	CURATED:259[0];HGNC.Current:38724[1];HGNC.Current:38724[1>0];Ensembl.HGNC:121918[3>0]
uc062one.1	Ensembl.UCSC:122075[3];Ensembl.UCSC:122075[3>0]	ENSG00000114126	CURATED:259[0];HGNC.Current:38724[1];HGNC.Current:38724[1>0];Ensembl.HGNC:121918[3>0]
uc062onf.1	Ensembl.UCSC:122083[3];Ensembl.UCSC:122083[3>0]	ENSG00000114126	CURATED:259[0];HGNC.Current:38724[1];HGNC.Current:38724[1>0];Ensembl.HGNC:121918[3>0]
uc062ong.1	Ensembl.UCSC:122089[3];Ensembl.UCSC:122089[3>0]	ENSG00000114126	CURATED:259[0];HGNC.Current:38724[1];HGNC.Current:38724[1>0];Ensembl.HGNC:121918[3>0]
uc062onh.1	Ensembl.UCSC:122098[3];Ensembl.UCSC:122098[3>0]	ENSG00000114126	CURATED:259[0];HGNC.Current:38724[1];HGNC.Current:38724[1>0];Ensembl.HGNC:121918[3>0]
uc062oni.1	Ensembl.UCSC:122101[3];Ensembl.UCSC:122101[3>0]	ENSG00000114126	CURATED:259[0];HGNC.Current:38724[1];HGNC.Current:38724[1>0];Ensembl.HGNC:121918[3>0]
uc062onj.1	Ensembl.UCSC:122111[3];Ensembl.UCSC:122111[3>0]	ENSG00000114126	CURATED:259[0];HGNC.Current:38724[1];HGNC.Current:38724[1>0];Ensembl.HGNC:121918[3>0]
uc062onk.1	Ensembl.UCSC:122124[3];Ensembl.UCSC:122124[3>0]	ENSG00000114126	CURATED:259[0];HGNC.Current:38724[1];HGNC.Current:38724[1>0];Ensembl.HGNC:121918[3>0]
uc062onl.1	Ensembl.UCSC:122132[3];Ensembl.UCSC:122132[3>0]	ENSG00000114126	CURATED:259[0];HGNC.Current:38724[1];HGNC.Current:38724[1>0];Ensembl.HGNC:121918[3>0]
uc062onm.1	Ensembl.UCSC:122138[3];Ensembl.UCSC:122138[3>0]	ENSG00000114126	CURATED:259[0];HGNC.Current:38724[1];HGNC.Current:38724[1>0];Ensembl.HGNC:121918[3>0]
uc062onn.1	Ensembl.UCSC:122143[3];Ensembl.UCSC:122143[3>0]	ENSG00000114126	CURATED:259[0];HGNC.Current:38724[1];HGNC.Current:38724[1>0];Ensembl.HGNC:121918[3>0]
uc062ono.1	Ensembl.UCSC:122146[3];Ensembl.UCSC:122146[3>0]	ENSG00000114126	CURATED:259[0];HGNC.Current:38724[1];HGNC.Current:38724[1>0];Ensembl.HGNC:121918[3>0]
uc062onp.1	Ensembl.UCSC:122148[3];Ensembl.UCSC:122148[3>0]	ENSG00000114126	CURATED:259[0];HGNC.Current:38724[1];HGNC.Current:38724[1>0];Ensembl.HGNC:121918[3>0]
uc062onq.1	Ensembl.UCSC:122153[3];Ensembl.UCSC:122153[3>0]	ENSG00000114126	CURATED:259[0];HGNC.Current:38724[1];HGNC.Current:38724[1>0];Ensembl.HGNC:121918[3>0]
uc062raf.1	Ensembl.UCSC:86008[3];Ensembl.UCSC:86008[3>0]	ENSG00000244405	CURATED:53[0];HGNC.Current:8361[1];HGNC.Current:8361[1>0];Ensembl.HGNC:86215[3>0]
uc062rag.1	Ensembl.UCSC:86022[3];Ensembl.UCSC:86022[3>0]	ENSG00000244405	CURATED:53[0];HGNC.Current:8361[1];HGNC.Current:8361[1>0];Ensembl.HGNC:86215[3>0]
uc062rah.1	Ensembl.UCSC:86029[3];Ensembl.UCSC:86029[3>0]	ENSG00000244405	CURATED:53[0];HGNC.Current:8361[1];HGNC.Current:8361[1>0];Ensembl.HGNC:86215[3>0]
uc062rai.1	Ensembl.UCSC:86041[3];Ensembl.UCSC:86041[3>0]	ENSG00000244405	CURATED:53[0];HGNC.Current:8361[1];HGNC.Current:8361[1>0];Ensembl.HGNC:86215[3>0]
uc062raj.1	Ensembl.UCSC:86046[3];Ensembl.UCSC:86046[3>0]	ENSG00000244405	CURATED:53[0];HGNC.Current:8361[1];HGNC.Current:8361[1>0];Ensembl.HGNC:86215[3>0]
uc062rak.1	Ensembl.UCSC:86049[3];Ensembl.UCSC:86049[3>0]	ENSG00000244405	CURATED:53[0];HGNC.Current:8361[1];HGNC.Current:8361[1>0];Ensembl.HGNC:86215[3>0]
uc062ran.1	Ensembl.UCSC:86051[3];Ensembl.UCSC:86051[3>0]	ENSG00000244405	CURATED:53[0];HGNC.Current:8361[1];HGNC.Current:8361[1>0];Ensembl.HGNC:86215[3>0]
uc062rao.1	Ensembl.UCSC:86056[3];Ensembl.UCSC:86056[3>0]	ENSG00000244405	CURATED:53[0];HGNC.Current:8361[1];HGNC.Current:8361[1>0];Ensembl.HGNC:86215[3>0]
uc062rap.1	Ensembl.UCSC:86059[3];Ensembl.UCSC:86059[3>0]	ENSG00000244405	CURATED:53[0];HGNC.Current:8361[1];HGNC.Current:8361[1>0];Ensembl.HGNC:86215[3>0]
uc062raq.1	Ensembl.UCSC:86074[3];Ensembl.UCSC:86074[3>0]	ENSG00000244405	CURATED:53[0];HGNC.Current:8361[1];HGNC.Current:8361[1>0];Ensembl.HGNC:86215[3>0]
uc062rar.1	Ensembl.UCSC:86085[3];Ensembl.UCSC:86085[3>0]	ENSG00000244405	CURATED:53[0];HGNC.Current:8361[1];HGNC.Current:8361[1>0];Ensembl.HGNC:86215[3>0]
uc062ras.1	Ensembl.UCSC:86092[3];Ensembl.UCSC:86092[3>0]	ENSG00000244405	CURATED:53[0];HGNC.Current:8361[1];HGNC.Current:8361[1>0];Ensembl.HGNC:86215[3>0]
uc062rat.1	Ensembl.UCSC:86096[3];Ensembl.UCSC:86096[3>0]	ENSG00000244405	CURATED:53[0];HGNC.Current:8361[1];HGNC.Current:8361[1>0];Ensembl.HGNC:86215[3>0]
uc062rok.1	Ensembl.UCSC:262680[3];Ensembl.UCSC:262680[3>0]	ENSG00000114315	CURATED:90[0];HGNC.Current:11563[1];HGNC.Current:11563[1>0];Ensembl.HGNC:262356[3>0]
uc062uwx.1	Ensembl.UCSC:13053[3];Ensembl.UCSC:13053[3>0]	ENSG00000163132	CURATED:171[0];HGNC.Current:21208[1];HGNC.Current:21208[1>0];Ensembl.HGNC:13236[3>0]
uc062vyc.1	Ensembl.UCSC:22014[3];Ensembl.UCSC:22014[3>0]	ENSG00000109787	CURATED:143[0];HGNC.Current:14127[1];HGNC.Current:14127[1>0];Ensembl.HGNC:22235[3>0]
uc062wvb.1	Ensembl.UCSC:214598[3];Ensembl.UCSC:214598[3>0]	ENSG00000171476	CURATED:101[0];HGNC.Current:12128[1];HGNC.Current:12128[1>0];Ensembl.HGNC:214506[3>0]
uc062wvc.1	Ensembl.UCSC:214603[3];Ensembl.UCSC:214603[3>0]	ENSG00000171476	CURATED:101[0];HGNC.Current:12128[1];HGNC.Current:12128[1>0];Ensembl.HGNC:214506[3>0]
uc062wvd.1	Ensembl.UCSC:214607[3];Ensembl.UCSC:214607[3>0]	ENSG00000171476	CURATED:101[0];HGNC.Current:12128[1];HGNC.Current:12128[1>0];Ensembl.HGNC:214506[3>0]
uc062wve.1	Ensembl.UCSC:214608[3];Ensembl.UCSC:214608[3>0]	ENSG00000171476	CURATED:101[0];HGNC.Current:12128[1];HGNC.Current:12128[1>0];Ensembl.HGNC:214506[3>0]
uc062wvf.1	Ensembl.UCSC:214614[3];Ensembl.UCSC:214614[3>0]	ENSG00000171476	CURATED:101[0];HGNC.Current:12128[1];HGNC.Current:12128[1>0];Ensembl.HGNC:214506[3>0]
uc062wvg.1	Ensembl.UCSC:214615[3];Ensembl.UCSC:214615[3>0]	ENSG00000171476	CURATED:101[0];HGNC.Current:12128[1];HGNC.Current:12128[1>0];Ensembl.HGNC:214506[3>0]
uc062wvh.1	Ensembl.UCSC:214618[3];Ensembl.UCSC:214618[3>0]	ENSG00000171476	CURATED:101[0];HGNC.Current:12128[1];HGNC.Current:12128[1>0];Ensembl.HGNC:214506[3>0]
uc062wvi.1	Ensembl.UCSC:214622[3];Ensembl.UCSC:214622[3>0]	ENSG00000171476	CURATED:101[0];HGNC.Current:12128[1];HGNC.Current:12128[1>0];Ensembl.HGNC:214506[3>0]
uc062wvk.1	Ensembl.UCSC:214623[3];Ensembl.UCSC:214623[3>0]	ENSG00000171476	CURATED:101[0];HGNC.Current:12128[1];HGNC.Current:12128[1>0];Ensembl.HGNC:214506[3>0]
uc062wvu.2	Ensembl.UCSC:75608[3];Ensembl.UCSC:75608[3>0]	ENSG00000084093	CURATED:210[0];HGNC.Current:28171[1];HGNC.Current:28171[1>0];Ensembl.HGNC:75638[3>0]
uc062wvw.2	Ensembl.UCSC:75619[3];Ensembl.UCSC:75619[3>0]	ENSG00000084093	CURATED:210[0];HGNC.Current:28171[1];HGNC.Current:28171[1>0];Ensembl.HGNC:75638[3>0]
uc062wvy.2	Ensembl.UCSC:75609[3];Ensembl.UCSC:75609[3>0]	ENSG00000084093	CURATED:210[0];HGNC.Current:28171[1];HGNC.Current:28171[1>0];Ensembl.HGNC:75638[3>0]
uc062yok.2	Ensembl.UCSC:162929[3];Ensembl.UCSC:162929[3>0]	ENSG00000109320	CURATED:184[0];HGNC.Current:22673[1];HGNC.Current:22673[1>0];Ensembl.HGNC:162880[3>0]
uc062yol.1	Ensembl.UCSC:163013[3];Ensembl.UCSC:163013[3>0]	ENSG00000109320	CURATED:184[0];HGNC.Current:22673[1];HGNC.Current:22673[1>0];Ensembl.HGNC:162880[3>0]
uc062yom.2	Ensembl.UCSC:163017[3];Ensembl.UCSC:163017[3>0]	ENSG00000109320	CURATED:184[0];HGNC.Current:22673[1];HGNC.Current:22673[1>0];Ensembl.HGNC:162880[3>0]
uc062yon.1	Ensembl.UCSC:163031[3];Ensembl.UCSC:163031[3>0]	ENSG00000109320	CURATED:184[0];HGNC.Current:22673[1];HGNC.Current:22673[1>0];Ensembl.HGNC:162880[3>0]
uc062yoo.1	Ensembl.UCSC:163036[3];Ensembl.UCSC:163036[3>0]	ENSG00000109320	CURATED:184[0];HGNC.Current:22673[1];HGNC.Current:22673[1>0];Ensembl.HGNC:162880[3>0]
uc062yop.1	Ensembl.UCSC:163040[3];Ensembl.UCSC:163040[3>0]	ENSG00000109320	CURATED:184[0];HGNC.Current:22673[1];HGNC.Current:22673[1>0];Ensembl.HGNC:162880[3>0]
uc062yor.1	Ensembl.UCSC:163048[3];Ensembl.UCSC:163048[3>0]	ENSG00000109320	CURATED:184[0];HGNC.Current:22673[1];HGNC.Current:22673[1>0];Ensembl.HGNC:162880[3>0]
uc062yos.1	Ensembl.UCSC:163063[3];Ensembl.UCSC:163063[3>0]	ENSG00000109320	CURATED:184[0];HGNC.Current:22673[1];HGNC.Current:22673[1>0];Ensembl.HGNC:162880[3>0]
uc062ywm.1	Ensembl.UCSC:114690[3];Ensembl.UCSC:114690[3>0]	ENSG00000138795	CURATED:150[0];HGNC.Current:14850[1];HGNC.Current:14850[1>0];Ensembl.HGNC:114307[3>0]
uc062ywn.1	Ensembl.UCSC:114712[3];Ensembl.UCSC:114712[3>0]	ENSG00000138795	CURATED:150[0];HGNC.Current:14850[1];HGNC.Current:14850[1>0];Ensembl.HGNC:114307[3>0]
uc062ywo.1	Ensembl.UCSC:114738[3];Ensembl.UCSC:114738[3>0]	ENSG00000138795	CURATED:150[0];HGNC.Current:14850[1];HGNC.Current:14850[1>0];Ensembl.HGNC:114307[3>0]
uc062ywp.1	Ensembl.UCSC:114741[3];Ensembl.UCSC:114741[3>0]	ENSG00000138795	CURATED:150[0];HGNC.Current:14850[1];HGNC.Current:14850[1>0];Ensembl.HGNC:114307[3>0]
uc062ywq.1	Ensembl.UCSC:114744[3];Ensembl.UCSC:114744[3>0]	ENSG00000138795	CURATED:150[0];HGNC.Current:14850[1];HGNC.Current:14850[1>0];Ensembl.HGNC:114307[3>0]
uc062ywr.1	Ensembl.UCSC:114776[3];Ensembl.UCSC:114776[3>0]	ENSG00000138795	CURATED:150[0];HGNC.Current:14850[1];HGNC.Current:14850[1>0];Ensembl.HGNC:114307[3>0]
uc062yws.1	Ensembl.UCSC:114794[3];Ensembl.UCSC:114794[3>0]	ENSG00000138795	CURATED:150[0];HGNC.Current:14850[1];HGNC.Current:14850[1>0];Ensembl.HGNC:114307[3>0]
uc062ywt.1	Ensembl.UCSC:114797[3];Ensembl.UCSC:114797[3>0]	ENSG00000138795	CURATED:150[0];HGNC.Current:14850[1];HGNC.Current:14850[1>0];Ensembl.HGNC:114307[3>0]
uc062ywu.1	Ensembl.UCSC:114801[3];Ensembl.UCSC:114801[3>0]	ENSG00000138795	CURATED:150[0];HGNC.Current:14850[1];HGNC.Current:14850[1>0];Ensembl.HGNC:114307[3>0]
uc062ywv.1	Ensembl.UCSC:114815[3];Ensembl.UCSC:114815[3>0]	ENSG00000138795	CURATED:150[0];HGNC.Current:14850[1];HGNC.Current:14850[1>0];Ensembl.HGNC:114307[3>0]
uc062yww.1	Ensembl.UCSC:114819[3];Ensembl.UCSC:114819[3>0]	ENSG00000138795	CURATED:150[0];HGNC.Current:14850[1];HGNC.Current:14850[1>0];Ensembl.HGNC:114307[3>0]
uc062ywx.1	Ensembl.UCSC:114824[3];Ensembl.UCSC:114824[3>0]	ENSG00000138795	CURATED:150[0];HGNC.Current:14850[1];HGNC.Current:14850[1>0];Ensembl.HGNC:114307[3>0]
uc062ywy.1	Ensembl.UCSC:114830[3];Ensembl.UCSC:114830[3>0]	ENSG00000138795	CURATED:150[0];HGNC.Current:14850[1];HGNC.Current:14850[1>0];Ensembl.HGNC:114307[3>0]
uc062ywz.1	Ensembl.UCSC:114837[3];Ensembl.UCSC:114837[3>0]	ENSG00000138795	CURATED:150[0];HGNC.Current:14850[1];HGNC.Current:14850[1>0];Ensembl.HGNC:114307[3>0]
uc062yxa.1	Ensembl.UCSC:114840[3];Ensembl.UCSC:114840[3>0]	ENSG00000138795	CURATED:150[0];HGNC.Current:14850[1];HGNC.Current:14850[1>0];Ensembl.HGNC:114307[3>0]
uc062yxb.1	Ensembl.UCSC:114842[3];Ensembl.UCSC:114842[3>0]	ENSG00000138795	CURATED:150[0];HGNC.Current:14850[1];HGNC.Current:14850[1>0];Ensembl.HGNC:114307[3>0]
uc062yxc.1	Ensembl.UCSC:114848[3];Ensembl.UCSC:114848[3>0]	ENSG00000138795	CURATED:150[0];HGNC.Current:14850[1];HGNC.Current:14850[1>0];Ensembl.HGNC:114307[3>0]
uc062zri.1	Ensembl.UCSC:148330[3];Ensembl.UCSC:148330[3>0]	ENSG00000109381	CURATED:43[0];HGNC.Current:7811[1];HGNC.Current:7811[1>0];Ensembl.HGNC:148522[3>0]
uc062zrl.1	Ensembl.UCSC:148656[3];Ensembl.UCSC:148656[3>0]	ENSG00000109381	CURATED:43[0];HGNC.Current:7811[1];HGNC.Current:7811[1>0];Ensembl.HGNC:148522[3>0]
uc062zrn.1	Ensembl.UCSC:148709[3];Ensembl.UCSC:148709[3>0]	ENSG00000109381	CURATED:43[0];HGNC.Current:7811[1];HGNC.Current:7811[1>0];Ensembl.HGNC:148522[3>0]
uc062zro.1	Ensembl.UCSC:148717[3];Ensembl.UCSC:148717[3>0]	ENSG00000109381	CURATED:43[0];HGNC.Current:7811[1];HGNC.Current:7811[1>0];Ensembl.HGNC:148522[3>0]
uc062zrp.1	Ensembl.UCSC:148723[3];Ensembl.UCSC:148723[3>0]	ENSG00000109381	CURATED:43[0];HGNC.Current:7811[1];HGNC.Current:7811[1>0];Ensembl.HGNC:148522[3>0]
uc062zrq.1	Ensembl.UCSC:148733[3];Ensembl.UCSC:148733[3>0]	ENSG00000109381	CURATED:43[0];HGNC.Current:7811[1];HGNC.Current:7811[1>0];Ensembl.HGNC:148522[3>0]
uc062zrs.1	Ensembl.UCSC:148741[3];Ensembl.UCSC:148741[3>0]	ENSG00000109381	CURATED:43[0];HGNC.Current:7811[1];HGNC.Current:7811[1>0];Ensembl.HGNC:148522[3>0]
uc062zrt.1	Ensembl.UCSC:148747[3];Ensembl.UCSC:148747[3>0]	ENSG00000109381	CURATED:43[0];HGNC.Current:7811[1];HGNC.Current:7811[1>0];Ensembl.HGNC:148522[3>0]
uc063azp.1	Ensembl.UCSC:71277[3];Ensembl.UCSC:71277[3>0]	ENSG00000164107	CURATED:89[0];HGNC.Current:11352[1];HGNC.Current:11352[1>0];Ensembl.HGNC:71616[3>0]
uc063azs.1	Ensembl.UCSC:71306[3];Ensembl.UCSC:71306[3>0]	ENSG00000164107	CURATED:89[0];HGNC.Current:11352[1];HGNC.Current:11352[1>0];Ensembl.HGNC:71616[3>0]
uc063dml.1	Ensembl.UCSC:146664[3];Ensembl.UCSC:146664[3>0]	ENSG00000016082	CURATED:135[0];HGNC.Current:13543[1];HGNC.Current:13543[1>0];Ensembl.HGNC:146828[3>0]
uc063dmm.1	Ensembl.UCSC:146669[3];Ensembl.UCSC:146669[3>0]	ENSG00000016082	CURATED:135[0];HGNC.Current:13543[1];HGNC.Current:13543[1>0];Ensembl.HGNC:146828[3>0]
uc063eml.1	Ensembl.UCSC:211681[3];Ensembl.UCSC:211681[3>0]	ENSG00000251493	CURATED:64[0];HGNC.Current:9429[1];HGNC.Current:9429[1>0];Ensembl.HGNC:211581[3>0]
uc063fft.1	Ensembl.UCSC:260211[3];Ensembl.UCSC:260211[3>0]	ENSG00000081189	CURATED:162[0];HGNC.Current:18379[1];HGNC.Current:18379[1>0];Ensembl.HGNC:259555[3>0]
uc063ffu.1	Ensembl.UCSC:260213[3];Ensembl.UCSC:260213[3>0]	ENSG00000081189	CURATED:162[0];HGNC.Current:18379[1];HGNC.Current:18379[1>0];Ensembl.HGNC:259555[3>0]
uc063ffv.1	Ensembl.UCSC:260214[3];Ensembl.UCSC:260214[3>0]	ENSG00000081189	CURATED:162[0];HGNC.Current:18379[1];HGNC.Current:18379[1>0];Ensembl.HGNC:259555[3>0]
uc063ffw.1	Ensembl.UCSC:260215[3];Ensembl.UCSC:260215[3>0]	ENSG00000081189	CURATED:162[0];HGNC.Current:18379[1];HGNC.Current:18379[1>0];Ensembl.HGNC:259555[3>0]
uc063ffx.1	Ensembl.UCSC:260216[3];Ensembl.UCSC:260216[3>0]	ENSG00000081189	CURATED:162[0];HGNC.Current:18379[1];HGNC.Current:18379[1>0];Ensembl.HGNC:259555[3>0]
uc063ffy.1	Ensembl.UCSC:260219[3];Ensembl.UCSC:260219[3>0]	ENSG00000081189	CURATED:162[0];HGNC.Current:18379[1];HGNC.Current:18379[1>0];Ensembl.HGNC:259555[3>0]
uc063ffz.1	Ensembl.UCSC:260220[3];Ensembl.UCSC:260220[3>0]	ENSG00000081189	CURATED:162[0];HGNC.Current:18379[1];HGNC.Current:18379[1>0];Ensembl.HGNC:259555[3>0]
uc063fga.1	Ensembl.UCSC:260226[3];Ensembl.UCSC:260226[3>0]	ENSG00000081189	CURATED:162[0];HGNC.Current:18379[1];HGNC.Current:18379[1>0];Ensembl.HGNC:259555[3>0]
uc063fgb.1	Ensembl.UCSC:260227[3];Ensembl.UCSC:260227[3>0]	ENSG00000081189	CURATED:162[0];HGNC.Current:18379[1];HGNC.Current:18379[1>0];Ensembl.HGNC:259555[3>0]
uc063fgc.1	Ensembl.UCSC:260229[3];Ensembl.UCSC:260229[3>0]	ENSG00000081189	CURATED:162[0];HGNC.Current:18379[1];HGNC.Current:18379[1>0];Ensembl.HGNC:259555[3>0]
uc063fgd.1	Ensembl.UCSC:260233[3];Ensembl.UCSC:260233[3>0]	ENSG00000081189	CURATED:162[0];HGNC.Current:18379[1];HGNC.Current:18379[1>0];Ensembl.HGNC:259555[3>0]
uc063fge.1	Ensembl.UCSC:260243[3];Ensembl.UCSC:260243[3>0]	ENSG00000081189	CURATED:162[0];HGNC.Current:18379[1];HGNC.Current:18379[1>0];Ensembl.HGNC:259555[3>0]
uc063fgf.1	Ensembl.UCSC:260244[3];Ensembl.UCSC:260244[3>0]	ENSG00000081189	CURATED:162[0];HGNC.Current:18379[1];HGNC.Current:18379[1>0];Ensembl.HGNC:259555[3>0]
uc063fgg.1	Ensembl.UCSC:260246[3];Ensembl.UCSC:260246[3>0]	ENSG00000081189	CURATED:162[0];HGNC.Current:18379[1];HGNC.Current:18379[1>0];Ensembl.HGNC:259555[3>0]
uc063fgh.1	Ensembl.UCSC:260249[3];Ensembl.UCSC:260249[3>0]	ENSG00000081189	CURATED:162[0];HGNC.Current:18379[1];HGNC.Current:18379[1>0];Ensembl.HGNC:259555[3>0]
uc063fgi.2	Ensembl.UCSC:260234[3];Ensembl.UCSC:260234[3>0]	ENSG00000081189	CURATED:162[0];HGNC.Current:18379[1];HGNC.Current:18379[1>0];Ensembl.HGNC:259555[3>0]
uc063fgj.1	Ensembl.UCSC:260252[3];Ensembl.UCSC:260252[3>0]	ENSG00000081189	CURATED:162[0];HGNC.Current:18379[1];HGNC.Current:18379[1>0];Ensembl.HGNC:259555[3>0]
uc063fgk.1	Ensembl.UCSC:260255[3];Ensembl.UCSC:260255[3>0]	ENSG00000081189	CURATED:162[0];HGNC.Current:18379[1];HGNC.Current:18379[1>0];Ensembl.HGNC:259555[3>0]
uc063fgl.1	Ensembl.UCSC:260258[3];Ensembl.UCSC:260258[3>0]	ENSG00000081189	CURATED:162[0];HGNC.Current:18379[1];HGNC.Current:18379[1>0];Ensembl.HGNC:259555[3>0]
uc063fgm.1	Ensembl.UCSC:260261[3];Ensembl.UCSC:260261[3>0]	ENSG00000081189	CURATED:162[0];HGNC.Current:18379[1];HGNC.Current:18379[1>0];Ensembl.HGNC:259555[3>0]
uc063fgn.1	Ensembl.UCSC:260263[3];Ensembl.UCSC:260263[3>0]	ENSG00000081189	CURATED:162[0];HGNC.Current:18379[1];HGNC.Current:18379[1>0];Ensembl.HGNC:259555[3>0]
uc063fgo.1	Ensembl.UCSC:260267[3];Ensembl.UCSC:260267[3>0]	ENSG00000081189	CURATED:162[0];HGNC.Current:18379[1];HGNC.Current:18379[1>0];Ensembl.HGNC:259555[3>0]
uc063fgp.1	Ensembl.UCSC:260271[3];Ensembl.UCSC:260271[3>0]	ENSG00000081189	CURATED:162[0];HGNC.Current:18379[1];HGNC.Current:18379[1>0];Ensembl.HGNC:259555[3>0]
uc063fgq.1	Ensembl.UCSC:260273[3];Ensembl.UCSC:260273[3>0]	ENSG00000081189	CURATED:162[0];HGNC.Current:18379[1];HGNC.Current:18379[1>0];Ensembl.HGNC:259555[3>0]
uc063fgr.1	Ensembl.UCSC:260274[3];Ensembl.UCSC:260274[3>0]	ENSG00000081189	CURATED:162[0];HGNC.Current:18379[1];HGNC.Current:18379[1>0];Ensembl.HGNC:259555[3>0]
uc063fgs.1	Ensembl.UCSC:260275[3];Ensembl.UCSC:260275[3>0]	ENSG00000081189	CURATED:162[0];HGNC.Current:18379[1];HGNC.Current:18379[1>0];Ensembl.HGNC:259555[3>0]
uc063fgt.1	Ensembl.UCSC:260279[3];Ensembl.UCSC:260279[3>0]	ENSG00000081189	CURATED:162[0];HGNC.Current:18379[1];HGNC.Current:18379[1>0];Ensembl.HGNC:259555[3>0]
uc063fgw.1	Ensembl.UCSC:260283[3];Ensembl.UCSC:260283[3>0]	ENSG00000081189	CURATED:162[0];HGNC.Current:18379[1];HGNC.Current:18379[1>0];Ensembl.HGNC:259555[3>0]
uc063fjx.2	Ensembl.UCSC:251836[3];Ensembl.UCSC:251836[3>0]	ENSG00000175745	CURATED:189[0];HGNC.Current:23166[1];HGNC.Current:23166[1>0];Ensembl.HGNC:251584[3>0]
uc063fjy.2	Ensembl.UCSC:251840[3];Ensembl.UCSC:251840[3>0]	ENSG00000175745	CURATED:189[0];HGNC.Current:23166[1];HGNC.Current:23166[1>0];Ensembl.HGNC:251584[3>0]
uc063fjz.1	Ensembl.UCSC:251842[3];Ensembl.UCSC:251842[3>0]	ENSG00000175745	CURATED:189[0];HGNC.Current:23166[1];HGNC.Current:23166[1>0];Ensembl.HGNC:251584[3>0]
uc063guv.1	Ensembl.UCSC:223285[3];Ensembl.UCSC:223285[3>0]	ENSG00000125347	CURATED:128[0];HGNC.Current:13494[1];HGNC.Current:13494[1>0];Ensembl.HGNC:223200[3>0]
uc063gux.1	Ensembl.UCSC:223427[3];Ensembl.UCSC:223427[3>0]	ENSG00000125347	CURATED:128[0];HGNC.Current:13494[1];HGNC.Current:13494[1>0];Ensembl.HGNC:223200[3>0]
uc063guy.1	Ensembl.UCSC:223431[3];Ensembl.UCSC:223431[3>0]	ENSG00000125347	CURATED:128[0];HGNC.Current:13494[1];HGNC.Current:13494[1>0];Ensembl.HGNC:223200[3>0]
uc063guz.2	Ensembl.UCSC:223478[3];Ensembl.UCSC:223478[3>0]	ENSG00000125347	CURATED:128[0];HGNC.Current:13494[1];HGNC.Current:13494[1>0];Ensembl.HGNC:223200[3>0]
uc063gva.2	Ensembl.UCSC:223496[3];Ensembl.UCSC:223496[3>0]	ENSG00000125347	CURATED:128[0];HGNC.Current:13494[1];HGNC.Current:13494[1>0];Ensembl.HGNC:223200[3>0]
uc063gvb.1	Ensembl.UCSC:223490[3];Ensembl.UCSC:223490[3>0]	ENSG00000125347	CURATED:128[0];HGNC.Current:13494[1];HGNC.Current:13494[1>0];Ensembl.HGNC:223200[3>0]
uc063gvc.1	Ensembl.UCSC:223498[3];Ensembl.UCSC:223498[3>0]	ENSG00000125347	CURATED:128[0];HGNC.Current:13494[1];HGNC.Current:13494[1>0];Ensembl.HGNC:223200[3>0]
uc063gvd.2	Ensembl.UCSC:223527[3];Ensembl.UCSC:223527[3>0]	ENSG00000125347	CURATED:128[0];HGNC.Current:13494[1];HGNC.Current:13494[1>0];Ensembl.HGNC:223200[3>0]
uc063gve.1	Ensembl.UCSC:223504[3];Ensembl.UCSC:223504[3>0]	ENSG00000125347	CURATED:128[0];HGNC.Current:13494[1];HGNC.Current:13494[1>0];Ensembl.HGNC:223200[3>0]
uc063gvf.1	Ensembl.UCSC:223510[3];Ensembl.UCSC:223510[3>0]	ENSG00000125347	CURATED:128[0];HGNC.Current:13494[1];HGNC.Current:13494[1>0];Ensembl.HGNC:223200[3>0]
uc063gvh.1	Ensembl.UCSC:223520[3];Ensembl.UCSC:223520[3>0]	ENSG00000125347	CURATED:128[0];HGNC.Current:13494[1];HGNC.Current:13494[1>0];Ensembl.HGNC:223200[3>0]
uc063gzi.1	Ensembl.UCSC:257315[3];Ensembl.UCSC:257315[3>0]	ENSG00000081059	CURATED:255[0];HGNC.Current:38513[1];HGNC.Current:38513[1>0];Ensembl.HGNC:256964[3>0]
uc063gzj.1	Ensembl.UCSC:257334[3];Ensembl.UCSC:257334[3>0]	ENSG00000081059	CURATED:255[0];HGNC.Current:38513[1];HGNC.Current:38513[1>0];Ensembl.HGNC:256964[3>0]
uc063gzk.1	Ensembl.UCSC:257347[3];Ensembl.UCSC:257347[3>0]	ENSG00000081059	CURATED:255[0];HGNC.Current:38513[1];HGNC.Current:38513[1>0];Ensembl.HGNC:256964[3>0]
uc063gzl.1	Ensembl.UCSC:257352[3];Ensembl.UCSC:257352[3>0]	ENSG00000081059	CURATED:255[0];HGNC.Current:38513[1];HGNC.Current:38513[1>0];Ensembl.HGNC:256964[3>0]
uc063gzm.1	Ensembl.UCSC:257355[3];Ensembl.UCSC:257355[3>0]	ENSG00000081059	CURATED:255[0];HGNC.Current:38513[1];HGNC.Current:38513[1>0];Ensembl.HGNC:256964[3>0]
uc063gzn.2	Ensembl.UCSC:257361[3];Ensembl.UCSC:257361[3>0]	ENSG00000081059	CURATED:255[0];HGNC.Current:38513[1];HGNC.Current:38513[1>0];Ensembl.HGNC:256964[3>0]
uc063gzo.1	Ensembl.UCSC:257391[3];Ensembl.UCSC:257391[3>0]	ENSG00000081059	CURATED:255[0];HGNC.Current:38513[1];HGNC.Current:38513[1>0];Ensembl.HGNC:256964[3>0]
uc063gzp.1	Ensembl.UCSC:257395[3];Ensembl.UCSC:257395[3>0]	ENSG00000081059	CURATED:255[0];HGNC.Current:38513[1];HGNC.Current:38513[1>0];Ensembl.HGNC:256964[3>0]
uc063gzq.1	Ensembl.UCSC:257396[3];Ensembl.UCSC:257396[3>0]	ENSG00000081059	CURATED:255[0];HGNC.Current:38513[1];HGNC.Current:38513[1>0];Ensembl.HGNC:256964[3>0]
uc063gzr.1	Ensembl.UCSC:257400[3];Ensembl.UCSC:257400[3>0]	ENSG00000081059	CURATED:255[0];HGNC.Current:38513[1];HGNC.Current:38513[1>0];Ensembl.HGNC:256964[3>0]
uc063gzs.1	Ensembl.UCSC:257404[3];Ensembl.UCSC:257404[3>0]	ENSG00000081059	CURATED:255[0];HGNC.Current:38513[1];HGNC.Current:38513[1>0];Ensembl.HGNC:256964[3>0]
uc063gzt.1	Ensembl.UCSC:257410[3];Ensembl.UCSC:257410[3>0]	ENSG00000081059	CURATED:255[0];HGNC.Current:38513[1];HGNC.Current:38513[1>0];Ensembl.HGNC:256964[3>0]
uc063gzu.1	Ensembl.UCSC:257413[3];Ensembl.UCSC:257413[3>0]	ENSG00000081059	CURATED:255[0];HGNC.Current:38513[1];HGNC.Current:38513[1>0];Ensembl.HGNC:256964[3>0]
uc063gzv.1	Ensembl.UCSC:257416[3];Ensembl.UCSC:257416[3>0]	ENSG00000081059	CURATED:255[0];HGNC.Current:38513[1];HGNC.Current:38513[1>0];Ensembl.HGNC:256964[3>0]
uc063gzw.1	Ensembl.UCSC:257424[3];Ensembl.UCSC:257424[3>0]	ENSG00000081059	CURATED:255[0];HGNC.Current:38513[1];HGNC.Current:38513[1>0];Ensembl.HGNC:256964[3>0]
uc063gzx.1	Ensembl.UCSC:257429[3];Ensembl.UCSC:257429[3>0]	ENSG00000081059	CURATED:255[0];HGNC.Current:38513[1];HGNC.Current:38513[1>0];Ensembl.HGNC:256964[3>0]
uc063gzy.1	Ensembl.UCSC:257430[3];Ensembl.UCSC:257430[3>0]	ENSG00000081059	CURATED:255[0];HGNC.Current:38513[1];HGNC.Current:38513[1>0];Ensembl.HGNC:256964[3>0]
uc063gzz.1	Ensembl.UCSC:257436[3];Ensembl.UCSC:257436[3>0]	ENSG00000081059	CURATED:255[0];HGNC.Current:38513[1];HGNC.Current:38513[1>0];Ensembl.HGNC:256964[3>0]
uc063haa.1	Ensembl.UCSC:257440[3];Ensembl.UCSC:257440[3>0]	ENSG00000081059	CURATED:255[0];HGNC.Current:38513[1];HGNC.Current:38513[1>0];Ensembl.HGNC:256964[3>0]
uc063hdl.1	Ensembl.UCSC:248654[3];Ensembl.UCSC:248654[3>0]	ENSG00000069011	CURATED:200[0];HGNC.Current:25825[1];HGNC.Current:25825[1>0];Ensembl.HGNC:248371[3>0]
uc063hdm.1	Ensembl.UCSC:248656[3];Ensembl.UCSC:248656[3>0]	ENSG00000069011	CURATED:200[0];HGNC.Current:25825[1];HGNC.Current:25825[1>0];Ensembl.HGNC:248371[3>0]
uc063hdn.1	Ensembl.UCSC:248660[3];Ensembl.UCSC:248660[3>0]	ENSG00000069011	CURATED:200[0];HGNC.Current:25825[1];HGNC.Current:25825[1>0];Ensembl.HGNC:248371[3>0]
uc063hdo.1	Ensembl.UCSC:248665[3];Ensembl.UCSC:248665[3>0]	ENSG00000069011	CURATED:200[0];HGNC.Current:25825[1];HGNC.Current:25825[1>0];Ensembl.HGNC:248371[3>0]
uc063jep.1	Ensembl.UCSC:261778[3];Ensembl.UCSC:261778[3>0]	ENSG00000164330	CURATED:36[0];HGNC.Current:7389[1];HGNC.Current:7389[1>0];Ensembl.HGNC:261467[3>0]
uc063jeq.1	Ensembl.UCSC:261780[3];Ensembl.UCSC:261780[3>0]	ENSG00000164330	CURATED:36[0];HGNC.Current:7389[1];HGNC.Current:7389[1>0];Ensembl.HGNC:261467[3>0]
uc063jer.1	Ensembl.UCSC:261783[3];Ensembl.UCSC:261783[3>0]	ENSG00000164330	CURATED:36[0];HGNC.Current:7389[1];HGNC.Current:7389[1>0];Ensembl.HGNC:261467[3>0]
uc063jes.1	Ensembl.UCSC:261792[3];Ensembl.UCSC:261792[3>0]	ENSG00000164330	CURATED:36[0];HGNC.Current:7389[1];HGNC.Current:7389[1>0];Ensembl.HGNC:261467[3>0]
uc063jet.1	Ensembl.UCSC:261794[3];Ensembl.UCSC:261794[3>0]	ENSG00000164330	CURATED:36[0];HGNC.Current:7389[1];HGNC.Current:7389[1>0];Ensembl.HGNC:261467[3>0]
uc063jeu.1	Ensembl.UCSC:261795[3];Ensembl.UCSC:261795[3>0]	ENSG00000164330	CURATED:36[0];HGNC.Current:7389[1];HGNC.Current:7389[1>0];Ensembl.HGNC:261467[3>0]
uc063jev.1	Ensembl.UCSC:261796[3];Ensembl.UCSC:261796[3>0]	ENSG00000164330	CURATED:36[0];HGNC.Current:7389[1];HGNC.Current:7389[1>0];Ensembl.HGNC:261467[3>0]
uc063jey.1	Ensembl.UCSC:261797[3];Ensembl.UCSC:261797[3>0]	ENSG00000164330	CURATED:36[0];HGNC.Current:7389[1];HGNC.Current:7389[1>0];Ensembl.HGNC:261467[3>0]
uc063jta.1	Ensembl.UCSC:186076[3];Ensembl.UCSC:186076[3>0]	ENSG00000183072	CURATED:187[0];HGNC.Current:22811[1];HGNC.Current:22811[1>0];Ensembl.HGNC:186032[3>0]
uc063juz.1	Ensembl.UCSC:180915[3];Ensembl.UCSC:180915[3>0]	ENSG00000120149	CURATED:172[0];HGNC.Current:21209[1];HGNC.Current:21209[1>0];Ensembl.HGNC:180970[3>0]
uc063lje.1	Ensembl.UCSC:172524[3];Ensembl.UCSC:172524[3>0]	ENSG00000137265	CURATED:129[0];HGNC.Current:13501[1];HGNC.Current:13501[1>0];Ensembl.HGNC:172659[3>0]
uc063ljf.1	Ensembl.UCSC:172546[3];Ensembl.UCSC:172546[3>0]	ENSG00000137265	CURATED:129[0];HGNC.Current:13501[1];HGNC.Current:13501[1>0];Ensembl.HGNC:172659[3>0]
uc063ljg.2	Ensembl.UCSC:172551[3];Ensembl.UCSC:172551[3>0]	ENSG00000137265	CURATED:129[0];HGNC.Current:13501[1];HGNC.Current:13501[1>0];Ensembl.HGNC:172659[3>0]
uc063ljh.2	Ensembl.UCSC:172557[3];Ensembl.UCSC:172557[3>0]	ENSG00000137265	CURATED:129[0];HGNC.Current:13501[1];HGNC.Current:13501[1>0];Ensembl.HGNC:172659[3>0]
uc063lta.1	Ensembl.UCSC:103094[3];Ensembl.UCSC:103094[3>0]	ENSG00000137203	CURATED:256[0];HGNC.Current:38706[1];HGNC.Current:38706[1>0];Ensembl.HGNC:103510[3>0]
uc063ltb.1	Ensembl.UCSC:103402[3];Ensembl.UCSC:103402[3>0]	ENSG00000137203	CURATED:256[0];HGNC.Current:38706[1];HGNC.Current:38706[1>0];Ensembl.HGNC:103510[3>0]
uc063ltc.3	Ensembl.UCSC:103426[3];Ensembl.UCSC:103426[3>0]	ENSG00000137203	CURATED:256[0];HGNC.Current:38706[1];HGNC.Current:38706[1>0];Ensembl.HGNC:103510[3>0]
uc063ltd.2	Ensembl.UCSC:103436[3];Ensembl.UCSC:103436[3>0]	ENSG00000137203	CURATED:256[0];HGNC.Current:38706[1];HGNC.Current:38706[1>0];Ensembl.HGNC:103510[3>0]
uc063lte.1	Ensembl.UCSC:103480[3];Ensembl.UCSC:103480[3>0]	ENSG00000137203	CURATED:256[0];HGNC.Current:38706[1];HGNC.Current:38706[1>0];Ensembl.HGNC:103510[3>0]
uc063ltf.1	Ensembl.UCSC:103488[3];Ensembl.UCSC:103488[3>0]	ENSG00000137203	CURATED:256[0];HGNC.Current:38706[1];HGNC.Current:38706[1>0];Ensembl.HGNC:103510[3>0]
uc063ltg.1	Ensembl.UCSC:103505[3];Ensembl.UCSC:103505[3>0]	ENSG00000137203	CURATED:256[0];HGNC.Current:38706[1];HGNC.Current:38706[1>0];Ensembl.HGNC:103510[3>0]
uc063lth.3	Ensembl.UCSC:103510[3];Ensembl.UCSC:103510[3>0]	ENSG00000137203	CURATED:256[0];HGNC.Current:38706[1];HGNC.Current:38706[1>0];Ensembl.HGNC:103510[3>0]
uc063lti.1	Ensembl.UCSC:103528[3];Ensembl.UCSC:103528[3>0]	ENSG00000137203	CURATED:256[0];HGNC.Current:38706[1];HGNC.Current:38706[1>0];Ensembl.HGNC:103510[3>0]
uc063ltj.1	Ensembl.UCSC:103533[3];Ensembl.UCSC:103533[3>0]	ENSG00000137203	CURATED:256[0];HGNC.Current:38706[1];HGNC.Current:38706[1>0];Ensembl.HGNC:103510[3>0]
uc063ltk.1	Ensembl.UCSC:103539[3];Ensembl.UCSC:103539[3>0]	ENSG00000137203	CURATED:256[0];HGNC.Current:38706[1];HGNC.Current:38706[1>0];Ensembl.HGNC:103510[3>0]
uc063ltl.1	Ensembl.UCSC:103546[3];Ensembl.UCSC:103546[3>0]	ENSG00000137203	CURATED:256[0];HGNC.Current:38706[1];HGNC.Current:38706[1>0];Ensembl.HGNC:103510[3>0]
uc063ltm.1	Ensembl.UCSC:103550[3];Ensembl.UCSC:103550[3>0]	ENSG00000137203	CURATED:256[0];HGNC.Current:38706[1];HGNC.Current:38706[1>0];Ensembl.HGNC:103510[3>0]
uc063lto.1	Ensembl.UCSC:103554[3];Ensembl.UCSC:103554[3>0]	ENSG00000137203	CURATED:256[0];HGNC.Current:38706[1];HGNC.Current:38706[1>0];Ensembl.HGNC:103510[3>0]
uc063ltp.1	Ensembl.UCSC:103560[3];Ensembl.UCSC:103560[3>0]	ENSG00000137203	CURATED:256[0];HGNC.Current:38706[1];HGNC.Current:38706[1>0];Ensembl.HGNC:103510[3>0]
uc063nuj.1	Ensembl.UCSC:132680[3];Ensembl.UCSC:132680[3>0]	ENSG00000204231	CURATED:218[0];HGNC.Current:34480[1];HGNC.Current:34480[1>0];Ensembl.HGNC:132824[3>0]
uc063nuk.1	Ensembl.UCSC:132684[3];Ensembl.UCSC:132684[3>0]	ENSG00000204231	CURATED:218[0];HGNC.Current:34480[1];HGNC.Current:34480[1>0];Ensembl.HGNC:132824[3>0]
uc063nzh.1	Ensembl.UCSC:193405[3];Ensembl.UCSC:193405[3>0]	ENSG00000137309	CURATED:99[0];HGNC.Current:11744[1];HGNC.Current:11744[1>0];Ensembl.HGNC:193473[3>0]
uc063ont.1	Ensembl.UCSC:169554[3];Ensembl.UCSC:169554[3>0]	ENSG00000124496	CURATED:263[0];HGNC.Current:40191[1];HGNC.Current:40191[1>0];Ensembl.HGNC:169689[3>0]
uc063onu.1	Ensembl.UCSC:169557[3];Ensembl.UCSC:169557[3>0]	ENSG00000124496	CURATED:263[0];HGNC.Current:40191[1];HGNC.Current:40191[1>0];Ensembl.HGNC:169689[3>0]
uc063own.1	Ensembl.UCSC:25627[3];Ensembl.UCSC:25627[3>0]	ENSG00000124813	CURATED:215[0];HGNC.Current:34452[1];HGNC.Current:34452[1>0];Ensembl.HGNC:25880[3>0]
uc063owo.1	Ensembl.UCSC:25644[3];Ensembl.UCSC:25644[3>0]	ENSG00000124813	CURATED:215[0];HGNC.Current:34452[1];HGNC.Current:34452[1>0];Ensembl.HGNC:25880[3>0]
uc063owp.1	Ensembl.UCSC:26061[3];Ensembl.UCSC:26061[3>0]	ENSG00000124813	CURATED:215[0];HGNC.Current:34452[1];HGNC.Current:34452[1>0];Ensembl.HGNC:25880[3>0]
uc063owq.1	Ensembl.UCSC:26074[3];Ensembl.UCSC:26074[3>0]	ENSG00000124813	CURATED:215[0];HGNC.Current:34452[1];HGNC.Current:34452[1>0];Ensembl.HGNC:25880[3>0]
uc063owr.1	Ensembl.UCSC:26078[3];Ensembl.UCSC:26078[3>0]	ENSG00000124813	CURATED:215[0];HGNC.Current:34452[1];HGNC.Current:34452[1>0];Ensembl.HGNC:25880[3>0]
uc063ows.1	Ensembl.UCSC:26082[3];Ensembl.UCSC:26082[3>0]	ENSG00000124813	CURATED:215[0];HGNC.Current:34452[1];HGNC.Current:34452[1>0];Ensembl.HGNC:25880[3>0]
uc063owu.1	Ensembl.UCSC:26085[3];Ensembl.UCSC:26085[3>0]	ENSG00000124813	CURATED:215[0];HGNC.Current:34452[1];HGNC.Current:34452[1>0];Ensembl.HGNC:25880[3>0]
uc063qim.1	Ensembl.UCSC:28205[3];Ensembl.UCSC:28205[3>0]	ENSG00000057657	CURATED:204[0];HGNC.Current:26725[1];HGNC.Current:26725[1>0];Ensembl.HGNC:28303[3>0]
uc063qio.1	Ensembl.UCSC:28304[3];Ensembl.UCSC:28304[3>0]	ENSG00000057657	CURATED:204[0];HGNC.Current:26725[1];HGNC.Current:26725[1>0];Ensembl.HGNC:28303[3>0]
uc063qip.1	Ensembl.UCSC:28310[3];Ensembl.UCSC:28310[3>0]	ENSG00000057657	CURATED:204[0];HGNC.Current:26725[1];HGNC.Current:26725[1>0];Ensembl.HGNC:28303[3>0]
uc063qiq.1	Ensembl.UCSC:28312[3];Ensembl.UCSC:28312[3>0]	ENSG00000057657	CURATED:204[0];HGNC.Current:26725[1];HGNC.Current:26725[1>0];Ensembl.HGNC:28303[3>0]
uc063qir.1	Ensembl.UCSC:28315[3];Ensembl.UCSC:28315[3>0]	ENSG00000057657	CURATED:204[0];HGNC.Current:26725[1];HGNC.Current:26725[1>0];Ensembl.HGNC:28303[3>0]
uc063rjq.1	Ensembl.UCSC:211172[3];Ensembl.UCSC:211172[3>0]	ENSG00000118520	CURATED:5[0];HGNC.Current:1429[1];HGNC.Current:1429[1>0];Ensembl.HGNC:210990[3>0]
uc063rjr.1	Ensembl.UCSC:211197[3];Ensembl.UCSC:211197[3>0]	ENSG00000118520	CURATED:5[0];HGNC.Current:1429[1];HGNC.Current:1429[1>0];Ensembl.HGNC:210990[3>0]
uc063rjs.1	Ensembl.UCSC:211222[3];Ensembl.UCSC:211222[3>0]	ENSG00000118520	CURATED:5[0];HGNC.Current:1429[1];HGNC.Current:1429[1>0];Ensembl.HGNC:210990[3>0]
uc063rjt.1	Ensembl.UCSC:211228[3];Ensembl.UCSC:211228[3>0]	ENSG00000118520	CURATED:5[0];HGNC.Current:1429[1];HGNC.Current:1429[1>0];Ensembl.HGNC:210990[3>0]
uc063rpk.1	Ensembl.UCSC:227833[3];Ensembl.UCSC:227833[3>0]	ENSG00000118513	CURATED:175[0];HGNC.Current:21951[1];HGNC.Current:21951[1>0];Ensembl.HGNC:222938[3>0]
uc063rpl.1	Ensembl.UCSC:227842[3];Ensembl.UCSC:227842[3>0]	ENSG00000118513	CURATED:175[0];HGNC.Current:21951[1];HGNC.Current:21951[1>0];Ensembl.HGNC:222938[3>0]
uc063rpm.1	Ensembl.UCSC:228091[3];Ensembl.UCSC:228091[3>0]	ENSG00000118513	CURATED:175[0];HGNC.Current:21951[1];HGNC.Current:21951[1>0];Ensembl.HGNC:222938[3>0]
uc063rpn.1	Ensembl.UCSC:228094[3];Ensembl.UCSC:228094[3>0]	ENSG00000118513	CURATED:175[0];HGNC.Current:21951[1];HGNC.Current:21951[1>0];Ensembl.HGNC:222938[3>0]
uc063rpo.1	Ensembl.UCSC:228100[3];Ensembl.UCSC:228100[3>0]	ENSG00000118513	CURATED:175[0];HGNC.Current:21951[1];HGNC.Current:21951[1>0];Ensembl.HGNC:222938[3>0]
uc063rpr.1	Ensembl.UCSC:228112[3];Ensembl.UCSC:228112[3>0]	ENSG00000118513	CURATED:175[0];HGNC.Current:21951[1];HGNC.Current:21951[1>0];Ensembl.HGNC:222938[3>0]
uc063rps.1	Ensembl.UCSC:228121[3];Ensembl.UCSC:228121[3>0]	ENSG00000118513	CURATED:175[0];HGNC.Current:21951[1];HGNC.Current:21951[1>0];Ensembl.HGNC:222938[3>0]
uc063rpt.1	Ensembl.UCSC:228122[3];Ensembl.UCSC:228122[3>0]	ENSG00000118513	CURATED:175[0];HGNC.Current:21951[1];HGNC.Current:21951[1>0];Ensembl.HGNC:222938[3>0]
uc063rpu.1	Ensembl.UCSC:228264[3];Ensembl.UCSC:228264[3>0]	ENSG00000118513	CURATED:175[0];HGNC.Current:21951[1];HGNC.Current:21951[1>0];Ensembl.HGNC:222938[3>0]
uc063rpv.1	Ensembl.UCSC:228265[3];Ensembl.UCSC:228265[3>0]	ENSG00000118513	CURATED:175[0];HGNC.Current:21951[1];HGNC.Current:21951[1>0];Ensembl.HGNC:222938[3>0]
uc063rpw.1	Ensembl.UCSC:228269[3];Ensembl.UCSC:228269[3>0]	ENSG00000118513	CURATED:175[0];HGNC.Current:21951[1];HGNC.Current:21951[1>0];Ensembl.HGNC:222938[3>0]
uc063rpx.1	Ensembl.UCSC:228272[3];Ensembl.UCSC:228272[3>0]	ENSG00000118513	CURATED:175[0];HGNC.Current:21951[1];HGNC.Current:21951[1>0];Ensembl.HGNC:222938[3>0]
uc063rpy.1	Ensembl.UCSC:228276[3];Ensembl.UCSC:228276[3>0]	ENSG00000118513	CURATED:175[0];HGNC.Current:21951[1];HGNC.Current:21951[1>0];Ensembl.HGNC:222938[3>0]
uc063rpz.1	Ensembl.UCSC:228280[3];Ensembl.UCSC:228280[3>0]	ENSG00000118513	CURATED:175[0];HGNC.Current:21951[1];HGNC.Current:21951[1>0];Ensembl.HGNC:222938[3>0]
uc063rqa.1	Ensembl.UCSC:228283[3];Ensembl.UCSC:228283[3>0]	ENSG00000118513	CURATED:175[0];HGNC.Current:21951[1];HGNC.Current:21951[1>0];Ensembl.HGNC:222938[3>0]
uc063rqb.1	Ensembl.UCSC:228287[3];Ensembl.UCSC:228287[3>0]	ENSG00000118513	CURATED:175[0];HGNC.Current:21951[1];HGNC.Current:21951[1>0];Ensembl.HGNC:222938[3>0]
uc063rqc.1	Ensembl.UCSC:228307[3];Ensembl.UCSC:228307[3>0]	ENSG00000118513	CURATED:175[0];HGNC.Current:21951[1];HGNC.Current:21951[1>0];Ensembl.HGNC:222938[3>0]
uc063rqd.1	Ensembl.UCSC:228311[3];Ensembl.UCSC:228311[3>0]	ENSG00000118513	CURATED:175[0];HGNC.Current:21951[1];HGNC.Current:21951[1>0];Ensembl.HGNC:222938[3>0]
uc063rqe.1	Ensembl.UCSC:228315[3];Ensembl.UCSC:228315[3>0]	ENSG00000118513	CURATED:175[0];HGNC.Current:21951[1];HGNC.Current:21951[1>0];Ensembl.HGNC:222938[3>0]
uc063rqf.1	Ensembl.UCSC:228319[3];Ensembl.UCSC:228319[3>0]	ENSG00000118513	CURATED:175[0];HGNC.Current:21951[1];HGNC.Current:21951[1>0];Ensembl.HGNC:222938[3>0]
uc063rqg.1	Ensembl.UCSC:228337[3];Ensembl.UCSC:228337[3>0]	ENSG00000118513	CURATED:175[0];HGNC.Current:21951[1];HGNC.Current:21951[1>0];Ensembl.HGNC:222938[3>0]
uc063rqh.1	Ensembl.UCSC:228342[3];Ensembl.UCSC:228342[3>0]	ENSG00000118513	CURATED:175[0];HGNC.Current:21951[1];HGNC.Current:21951[1>0];Ensembl.HGNC:222938[3>0]
uc063rqi.1	Ensembl.UCSC:228348[3];Ensembl.UCSC:228348[3>0]	ENSG00000118513	CURATED:175[0];HGNC.Current:21951[1];HGNC.Current:21951[1>0];Ensembl.HGNC:222938[3>0]
uc063rqj.1	Ensembl.UCSC:228353[3];Ensembl.UCSC:228353[3>0]	ENSG00000118513	CURATED:175[0];HGNC.Current:21951[1];HGNC.Current:21951[1>0];Ensembl.HGNC:222938[3>0]
uc063rqk.1	Ensembl.UCSC:228360[3];Ensembl.UCSC:228360[3>0]	ENSG00000118513	CURATED:175[0];HGNC.Current:21951[1];HGNC.Current:21951[1>0];Ensembl.HGNC:222938[3>0]
uc063rql.1	Ensembl.UCSC:228363[3];Ensembl.UCSC:228363[3>0]	ENSG00000118513	CURATED:175[0];HGNC.Current:21951[1];HGNC.Current:21951[1>0];Ensembl.HGNC:222938[3>0]
uc063rqm.1	Ensembl.UCSC:228368[3];Ensembl.UCSC:228368[3>0]	ENSG00000118513	CURATED:175[0];HGNC.Current:21951[1];HGNC.Current:21951[1>0];Ensembl.HGNC:222938[3>0]
uc063rqn.1	Ensembl.UCSC:228371[3];Ensembl.UCSC:228371[3>0]	ENSG00000118513	CURATED:175[0];HGNC.Current:21951[1];HGNC.Current:21951[1>0];Ensembl.HGNC:222938[3>0]
uc063rqp.1	Ensembl.UCSC:228396[3];Ensembl.UCSC:228396[3>0]	ENSG00000118513	CURATED:175[0];HGNC.Current:21951[1];HGNC.Current:21951[1>0];Ensembl.HGNC:222938[3>0]
uc063suq.2	Ensembl.UCSC:79768[3];Ensembl.UCSC:79768[3>0]	ENSG00000164458	CURATED:245[0];HGNC.Current:38471[10];HGNC.Current:38471[10>1];HGNC.Current:38471[1];HGNC.Current:38471[1>0];Ensembl.HGNC:79837[3>0]
uc063sur.1	Ensembl.UCSC:79824[3];Ensembl.UCSC:79824[3>0]	ENSG00000164458	CURATED:245[0];HGNC.Current:38471[10];HGNC.Current:38471[10>1];HGNC.Current:38471[1];HGNC.Current:38471[1>0];Ensembl.HGNC:79837[3>0]
uc064bte.1	Ensembl.UCSC:22177[3];Ensembl.UCSC:22177[3>0]	ENSG00000106546	CURATED:1[0];HGNC.Current:702[1];HGNC.Current:702[1>0];Ensembl.HGNC:22321[3>0]
uc064btf.1	Ensembl.UCSC:22178[3];Ensembl.UCSC:22178[3>0]	ENSG00000106546	CURATED:1[0];HGNC.Current:702[1];HGNC.Current:702[1>0];Ensembl.HGNC:22321[3>0]
uc064btg.1	Ensembl.UCSC:22179[3];Ensembl.UCSC:22179[3>0]	ENSG00000106546	CURATED:1[0];HGNC.Current:702[1];HGNC.Current:702[1>0];Ensembl.HGNC:22321[3>0]
uc064bth.1	Ensembl.UCSC:22180[3];Ensembl.UCSC:22180[3>0]	ENSG00000106546	CURATED:1[0];HGNC.Current:702[1];HGNC.Current:702[1>0];Ensembl.HGNC:22321[3>0]
uc064buu.1	Ensembl.UCSC:22203[3];Ensembl.UCSC:22203[3>0]	ENSG00000122691	CURATED:264[0];HGNC.Current:41286[1];HGNC.Current:41286[1>0];Ensembl.HGNC:22392[3>0]
uc064buw.1	Ensembl.UCSC:22206[3];Ensembl.UCSC:22206[3>0]	ENSG00000122691	CURATED:264[0];HGNC.Current:41286[1];HGNC.Current:41286[1>0];Ensembl.HGNC:22392[3>0]
uc064bwf.1	Ensembl.UCSC:22558[3];Ensembl.UCSC:22558[3>0]	ENSG00000105866	CURATED:235[0];HGNC.Current:37163[1];HGNC.Current:37163[1>0];Ensembl.HGNC:22722[3>0]
uc064bwg.1	Ensembl.UCSC:22563[3];Ensembl.UCSC:22563[3>0]	ENSG00000105866	CURATED:235[0];HGNC.Current:37163[1];HGNC.Current:37163[1>0];Ensembl.HGNC:22722[3>0]
uc064bwh.1	Ensembl.UCSC:22566[3];Ensembl.UCSC:22566[3>0]	ENSG00000105866	CURATED:235[0];HGNC.Current:37163[1];HGNC.Current:37163[1>0];Ensembl.HGNC:22722[3>0]
uc064cfr.2	Ensembl.UCSC:153061[3];Ensembl.UCSC:153061[3>0]	ENSG00000105997	CURATED:105[0];HGNC.Current:12140[1];HGNC.Current:12140[1>0];Ensembl.HGNC:153294[3>0]
uc064cft.1	Ensembl.UCSC:153072[3];Ensembl.UCSC:153072[3>0]	ENSG00000105997	CURATED:105[0];HGNC.Current:12140[1];HGNC.Current:12140[1>0];Ensembl.HGNC:153294[3>0]
uc064cfu.1	Ensembl.UCSC:153075[3];Ensembl.UCSC:153075[3>0]	ENSG00000105997	CURATED:105[0];HGNC.Current:12140[1];HGNC.Current:12140[1>0];Ensembl.HGNC:153294[3>0]
uc064cfv.1	Ensembl.UCSC:153079[3];Ensembl.UCSC:153079[3>0]	ENSG00000105997	CURATED:105[0];HGNC.Current:12140[1];HGNC.Current:12140[1>0];Ensembl.HGNC:153294[3>0]
uc064cgf.2	Ensembl.UCSC:222049[3];Ensembl.UCSC:222049[3>0]	ENSG00000197576	CURATED:106[0];HGNC.Current:12141[1];HGNC.Current:12141[1>0];Ensembl.HGNC:221881[3>0]
uc064cgh.1	Ensembl.UCSC:222051[3];Ensembl.UCSC:222051[3>0]	ENSG00000197576	CURATED:106[0];HGNC.Current:12141[1];HGNC.Current:12141[1>0];Ensembl.HGNC:221881[3>0]
uc064cgl.1	Ensembl.UCSC:149058[3];Ensembl.UCSC:149058[3>0]	ENSG00000106004	CURATED:107[0];HGNC.Current:12142[1];HGNC.Current:12142[1>0];Ensembl.HGNC:149226[3>0]
uc064cgp.1	Ensembl.UCSC:149097[3];Ensembl.UCSC:149097[3>0]	ENSG00000122592	CURATED:108[0];HGNC.Current:12144[1];HGNC.Current:12144[1>0];Ensembl.HGNC:149263[3>0]
uc064cgq.1	Ensembl.UCSC:149102[3];Ensembl.UCSC:149102[3>0]	ENSG00000122592	CURATED:108[0];HGNC.Current:12144[1];HGNC.Current:12144[1>0];Ensembl.HGNC:149263[3>0]
uc064cgs.1	Ensembl.UCSC:149126[3];Ensembl.UCSC:149126[3>0]	ENSG00000078399	CURATED:109[0];HGNC.Current:12145[1];HGNC.Current:12145[1>0];Ensembl.HGNC:149267[3>0]
uc064cgt.1	Ensembl.UCSC:149132[3];Ensembl.UCSC:149132[3>0]	ENSG00000078399	CURATED:109[0];HGNC.Current:12145[1];HGNC.Current:12145[1>0];Ensembl.HGNC:149267[3>0]
uc064cgu.1	Ensembl.UCSC:149138[3];Ensembl.UCSC:149138[3>0]	ENSG00000078399	CURATED:109[0];HGNC.Current:12145[1];HGNC.Current:12145[1>0];Ensembl.HGNC:149267[3>0]
uc064cgw.1	Ensembl.UCSC:149150[3];Ensembl.UCSC:149150[3>0]	ENSG00000078399	CURATED:109[0];HGNC.Current:12145[1];HGNC.Current:12145[1>0];Ensembl.HGNC:149267[3>0]
uc064chb.1	Ensembl.UCSC:169430[3];Ensembl.UCSC:169430[3>0]	ENSG00000253293	CURATED:103[0];HGNC.Current:12146[1];HGNC.Current:12146[1>0];Ensembl.HGNC:169678[3>0]
uc064chc.1	Ensembl.UCSC:169433[3];Ensembl.UCSC:169433[3>0]	ENSG00000253293	CURATED:103[0];HGNC.Current:12146[1];HGNC.Current:12146[1>0];Ensembl.HGNC:169678[3>0]
uc064chd.1	Ensembl.UCSC:169439[3];Ensembl.UCSC:169439[3>0]	ENSG00000253293	CURATED:103[0];HGNC.Current:12146[1];HGNC.Current:12146[1>0];Ensembl.HGNC:169678[3>0]
uc064che.1	Ensembl.UCSC:169442[3];Ensembl.UCSC:169442[3>0]	ENSG00000253293	CURATED:103[0];HGNC.Current:12146[1];HGNC.Current:12146[1>0];Ensembl.HGNC:169678[3>0]
uc064chf.1	Ensembl.UCSC:149199[3];Ensembl.UCSC:149199[3>0]	ENSG00000005073	CURATED:104[0];HGNC.Current:12148[1];HGNC.Current:12148[1>0];Ensembl.HGNC:149325[3>0]
uc064cie.1	Ensembl.UCSC:149359[3];Ensembl.UCSC:149359[3>0]	ENSG00000106038	CURATED:55[0];HGNC.Current:8385[1];HGNC.Current:8385[1>0];Ensembl.HGNC:149490[3>0]
uc064cif.1	Ensembl.UCSC:149360[3];Ensembl.UCSC:149360[3>0]	ENSG00000106038	CURATED:55[0];HGNC.Current:8385[1];HGNC.Current:8385[1>0];Ensembl.HGNC:149490[3>0]
uc064dpm.2	Ensembl.UCSC:188418[3];Ensembl.UCSC:188418[3>0]	ENSG00000185811	CURATED:125[0];HGNC.Current:13181[1];HGNC.Current:13181[1>0];Ensembl.HGNC:188341[3>0]
uc064dpp.1	Ensembl.UCSC:188511[3];Ensembl.UCSC:188511[3>0]	ENSG00000185811	CURATED:125[0];HGNC.Current:13181[1];HGNC.Current:13181[1>0];Ensembl.HGNC:188341[3>0]
uc064dpq.1	Ensembl.UCSC:188514[3];Ensembl.UCSC:188514[3>0]	ENSG00000185811	CURATED:125[0];HGNC.Current:13181[1];HGNC.Current:13181[1>0];Ensembl.HGNC:188341[3>0]
uc064dpr.1	Ensembl.UCSC:188517[3];Ensembl.UCSC:188517[3>0]	ENSG00000185811	CURATED:125[0];HGNC.Current:13181[1];HGNC.Current:13181[1>0];Ensembl.HGNC:188341[3>0]
uc064dps.1	Ensembl.UCSC:188523[3];Ensembl.UCSC:188523[3>0]	ENSG00000185811	CURATED:125[0];HGNC.Current:13181[1];HGNC.Current:13181[1>0];Ensembl.HGNC:188341[3>0]
uc064fpm.1	Ensembl.UCSC:66511[3];Ensembl.UCSC:66511[3>0]	ENSG00000006377	CURATED:30[0];HGNC.Current:6743[1];HGNC.Current:6743[1>0];Ensembl.HGNC:66752[3>0]
uc064fpn.1	Ensembl.UCSC:66514[3];Ensembl.UCSC:66514[3>0]	ENSG00000006377	CURATED:30[0];HGNC.Current:6743[1];HGNC.Current:6743[1>0];Ensembl.HGNC:66752[3>0]
uc064fpp.1	Ensembl.UCSC:63239[3];Ensembl.UCSC:63239[3>0]	ENSG00000105880	CURATED:29[0];HGNC.Current:6742[1];HGNC.Current:6742[1>0];Ensembl.HGNC:63611[3>0]
uc064hfz.1	Ensembl.UCSC:63882[3];Ensembl.UCSC:63882[3>0]	ENSG00000105967	CURATED:260[0];HGNC.Current:38728[1];HGNC.Current:38728[1>0];Ensembl.HGNC:64107[3>0]
uc064hga.1	Ensembl.UCSC:63908[3];Ensembl.UCSC:63908[3>0]	ENSG00000105967	CURATED:260[0];HGNC.Current:38728[1];HGNC.Current:38728[1>0];Ensembl.HGNC:64107[3>0]
uc064hgb.1	Ensembl.UCSC:63916[3];Ensembl.UCSC:63916[3>0]	ENSG00000105967	CURATED:260[0];HGNC.Current:38728[1];HGNC.Current:38728[1>0];Ensembl.HGNC:64107[3>0]
uc064hgc.1	Ensembl.UCSC:63919[3];Ensembl.UCSC:63919[3>0]	ENSG00000105967	CURATED:260[0];HGNC.Current:38728[1];HGNC.Current:38728[1>0];Ensembl.HGNC:64107[3>0]
uc064kgi.1	Ensembl.UCSC:117016[3];Ensembl.UCSC:117016[3>0]	ENSG00000136574	CURATED:79[0];HGNC.Current:10072[1];HGNC.Current:10072[1>0];Ensembl.HGNC:117007[3>0]
uc064kgj.1	Ensembl.UCSC:117021[3];Ensembl.UCSC:117021[3>0]	ENSG00000136574	CURATED:79[0];HGNC.Current:10072[1];HGNC.Current:10072[1>0];Ensembl.HGNC:117007[3>0]
uc064kgk.1	Ensembl.UCSC:117026[3];Ensembl.UCSC:117026[3>0]	ENSG00000136574	CURATED:79[0];HGNC.Current:10072[1];HGNC.Current:10072[1>0];Ensembl.HGNC:117007[3>0]
uc064kgm.2	Ensembl.UCSC:117087[3];Ensembl.UCSC:117087[3>0]	ENSG00000136574	CURATED:79[0];HGNC.Current:10072[1];HGNC.Current:10072[1>0];Ensembl.HGNC:117007[3>0]
uc064kgn.1	Ensembl.UCSC:117091[3];Ensembl.UCSC:117091[3>0]	ENSG00000136574	CURATED:79[0];HGNC.Current:10072[1];HGNC.Current:10072[1>0];Ensembl.HGNC:117007[3>0]
uc064lii.1	Ensembl.UCSC:10480[3];Ensembl.UCSC:10480[3>0]	ENSG00000221818	CURATED:37[0];HGNC.Current:7390[1];HGNC.Current:7390[1>0];Ensembl.HGNC:10324[3>0]
uc064lij.1	Ensembl.UCSC:10508[3];Ensembl.UCSC:10508[3>0]	ENSG00000221818	CURATED:37[0];HGNC.Current:7390[1];HGNC.Current:7390[1>0];Ensembl.HGNC:10324[3>0]
uc064njw.1	Ensembl.UCSC:114304[3];Ensembl.UCSC:114304[3>0]	ENSG00000185697	CURATED:176[0];HGNC.Current:21954[1];HGNC.Current:21954[1>0];Ensembl.HGNC:114079[3>0]
uc064njx.1	Ensembl.UCSC:114342[3];Ensembl.UCSC:114342[3>0]	ENSG00000185697	CURATED:176[0];HGNC.Current:21954[1];HGNC.Current:21954[1>0];Ensembl.HGNC:114079[3>0]
uc064njy.1	Ensembl.UCSC:114354[3];Ensembl.UCSC:114354[3>0]	ENSG00000185697	CURATED:176[0];HGNC.Current:21954[1];HGNC.Current:21954[1>0];Ensembl.HGNC:114079[3>0]
uc064pdj.1	Ensembl.UCSC:26623[3];Ensembl.UCSC:26623[3>0]	ENSG00000120963	CURATED:277[0];HGNC.Current:43605[1];HGNC.Current:43605[1>0];Ensembl.HGNC:26769[3>0]
uc064pdk.1	Ensembl.UCSC:26630[3];Ensembl.UCSC:26630[3>0]	ENSG00000120963	CURATED:277[0];HGNC.Current:43605[1];HGNC.Current:43605[1>0];Ensembl.HGNC:26769[3>0]
uc064pdl.1	Ensembl.UCSC:26653[3];Ensembl.UCSC:26653[3>0]	ENSG00000120963	CURATED:277[0];HGNC.Current:43605[1];HGNC.Current:43605[1>0];Ensembl.HGNC:26769[3>0]
uc064pdm.1	Ensembl.UCSC:26657[3];Ensembl.UCSC:26657[3>0]	ENSG00000120963	CURATED:277[0];HGNC.Current:43605[1];HGNC.Current:43605[1>0];Ensembl.HGNC:26769[3>0]
uc064pdn.1	Ensembl.UCSC:26664[3];Ensembl.UCSC:26664[3>0]	ENSG00000120963	CURATED:277[0];HGNC.Current:43605[1];HGNC.Current:43605[1>0];Ensembl.HGNC:26769[3>0]
uc064pdo.1	Ensembl.UCSC:26669[3];Ensembl.UCSC:26669[3>0]	ENSG00000120963	CURATED:277[0];HGNC.Current:43605[1];HGNC.Current:43605[1>0];Ensembl.HGNC:26769[3>0]
uc064pdp.1	Ensembl.UCSC:26674[3];Ensembl.UCSC:26674[3>0]	ENSG00000120963	CURATED:277[0];HGNC.Current:43605[1];HGNC.Current:43605[1>0];Ensembl.HGNC:26769[3>0]
uc064pdq.1	Ensembl.UCSC:26709[3];Ensembl.UCSC:26709[3>0]	ENSG00000120963	CURATED:277[0];HGNC.Current:43605[1];HGNC.Current:43605[1>0];Ensembl.HGNC:26769[3>0]
uc064pdr.1	Ensembl.UCSC:26719[3];Ensembl.UCSC:26719[3>0]	ENSG00000120963	CURATED:277[0];HGNC.Current:43605[1];HGNC.Current:43605[1>0];Ensembl.HGNC:26769[3>0]
uc064pds.1	Ensembl.UCSC:26723[3];Ensembl.UCSC:26723[3>0]	ENSG00000120963	CURATED:277[0];HGNC.Current:43605[1];HGNC.Current:43605[1>0];Ensembl.HGNC:26769[3>0]
uc064pdt.1	Ensembl.UCSC:26728[3];Ensembl.UCSC:26728[3>0]	ENSG00000120963	CURATED:277[0];HGNC.Current:43605[1];HGNC.Current:43605[1>0];Ensembl.HGNC:26769[3>0]
uc064qdj.1	Ensembl.UCSC:181718[3];Ensembl.UCSC:181718[3>0]	ENSG00000136997	CURATED:177[0];HGNC.Current:21961[1];HGNC.Current:21961[1>0];Ensembl.HGNC:181822[3>0]
uc064qdk.4	Ensembl.UCSC:181762[3];Ensembl.UCSC:181762[3>0]	ENSG00000136997	CURATED:177[0];HGNC.Current:21961[1];HGNC.Current:21961[1>0];Ensembl.HGNC:181822[3>0]
uc064qdl.2	Ensembl.UCSC:181724[3];Ensembl.UCSC:181724[3>0]	ENSG00000136997	CURATED:177[0];HGNC.Current:21961[1];HGNC.Current:21961[1>0];Ensembl.HGNC:181822[3>0]
uc064qdm.1	Ensembl.UCSC:181733[3];Ensembl.UCSC:181733[3>0]	ENSG00000136997	CURATED:177[0];HGNC.Current:21961[1];HGNC.Current:21961[1>0];Ensembl.HGNC:181822[3>0]
uc064tbd.1	Ensembl.UCSC:13585[3];Ensembl.UCSC:13585[3>0]	ENSG00000196092	CURATED:197[0];HGNC.Current:24886[1];HGNC.Current:24886[1>0];Ensembl.HGNC:12927[3>0]
uc064tbe.1	Ensembl.UCSC:13694[3];Ensembl.UCSC:13694[3>0]	ENSG00000196092	CURATED:197[0];HGNC.Current:24886[1];HGNC.Current:24886[1>0];Ensembl.HGNC:12927[3>0]
uc064tbf.1	Ensembl.UCSC:13715[3];Ensembl.UCSC:13715[3>0]	ENSG00000196092	CURATED:197[0];HGNC.Current:24886[1];HGNC.Current:24886[1>0];Ensembl.HGNC:12927[3>0]
uc064tbg.1	Ensembl.UCSC:13723[3];Ensembl.UCSC:13723[3>0]	ENSG00000196092	CURATED:197[0];HGNC.Current:24886[1];HGNC.Current:24886[1>0];Ensembl.HGNC:12927[3>0]
uc064tbi.1	Ensembl.UCSC:13731[3];Ensembl.UCSC:13731[3>0]	ENSG00000196092	CURATED:197[0];HGNC.Current:24886[1];HGNC.Current:24886[1>0];Ensembl.HGNC:12927[3>0]
uc064uyp.1	Ensembl.UCSC:27520[3];Ensembl.UCSC:27520[3>0]	ENSG00000136826	CURATED:144[0];HGNC.Current:14131[1];HGNC.Current:14131[1>0];Ensembl.HGNC:28028[3>0]
uc064uyq.1	Ensembl.UCSC:27602[3];Ensembl.UCSC:27602[3>0]	ENSG00000136826	CURATED:144[0];HGNC.Current:14131[1];HGNC.Current:14131[1>0];Ensembl.HGNC:28028[3>0]
uc064uyr.1	Ensembl.UCSC:27566[3];Ensembl.UCSC:27566[3>0]	ENSG00000136826	CURATED:144[0];HGNC.Current:14131[1];HGNC.Current:14131[1>0];Ensembl.HGNC:28028[3>0]
uc064uys.1	Ensembl.UCSC:27574[3];Ensembl.UCSC:27574[3>0]	ENSG00000136826	CURATED:144[0];HGNC.Current:14131[1];HGNC.Current:14131[1>0];Ensembl.HGNC:28028[3>0]
uc064vfz.1	Ensembl.UCSC:148887[3];Ensembl.UCSC:148887[3>0]	ENSG00000106948	CURATED:2[0];HGNC.Current:787[1];HGNC.Current:787[1>0];Ensembl.HGNC:148750[3>0]
uc064vga.1	Ensembl.UCSC:148892[3];Ensembl.UCSC:148892[3>0]	ENSG00000106948	CURATED:2[0];HGNC.Current:787[1];HGNC.Current:787[1>0];Ensembl.HGNC:148750[3>0]
uc064vgb.1	Ensembl.UCSC:148913[3];Ensembl.UCSC:148913[3>0]	ENSG00000106948	CURATED:2[0];HGNC.Current:787[1];HGNC.Current:787[1>0];Ensembl.HGNC:148750[3>0]
uc064vgc.1	Ensembl.UCSC:148917[3];Ensembl.UCSC:148917[3>0]	ENSG00000106948	CURATED:2[0];HGNC.Current:787[1];HGNC.Current:787[1>0];Ensembl.HGNC:148750[3>0]
uc064vpd.1	Ensembl.UCSC:123436[3];Ensembl.UCSC:123436[3>0]	ENSG00000106689	CURATED:152[0];HGNC.Current:14928[1];HGNC.Current:14928[1>0];Ensembl.HGNC:123593[3>0]
uc064vpf.1	Ensembl.UCSC:123484[3];Ensembl.UCSC:123484[3>0]	ENSG00000106689	CURATED:152[0];HGNC.Current:14928[1];HGNC.Current:14928[1>0];Ensembl.HGNC:123593[3>0]
uc064vpg.1	Ensembl.UCSC:123487[3];Ensembl.UCSC:123487[3>0]	ENSG00000106689	CURATED:152[0];HGNC.Current:14928[1];HGNC.Current:14928[1>0];Ensembl.HGNC:123593[3>0]
uc064wsx.1	Ensembl.UCSC:87038[3];Ensembl.UCSC:87038[3>0]	ENSG00000165702	CURATED:84[0];HGNC.Current:10205[1];HGNC.Current:10205[1>0];Ensembl.HGNC:87544[3>0]
uc064wsy.1	Ensembl.UCSC:87123[3];Ensembl.UCSC:87123[3>0]	ENSG00000165702	CURATED:84[0];HGNC.Current:10205[1];HGNC.Current:10205[1>0];Ensembl.HGNC:87544[3>0]
uc064wsz.1	Ensembl.UCSC:87125[3];Ensembl.UCSC:87125[3>0]	ENSG00000165702	CURATED:84[0];HGNC.Current:10205[1];HGNC.Current:10205[1>0];Ensembl.HGNC:87544[3>0]
uc064wxd.1	Ensembl.UCSC:28720[3];Ensembl.UCSC:28720[3>0]	ENSG00000186350	CURATED:217[0];HGNC.Current:34479[1];HGNC.Current:34479[1>0];Ensembl.HGNC:28904[3>0]
uc064zaf.1	Ensembl.UCSC:136166[3];Ensembl.UCSC:136166[3>0]	ENSG00000102145	CURATED:76[0];HGNC.Current:10067[1];HGNC.Current:10067[1>0];Ensembl.HGNC:136420[3>0]
uc064zfn.2	Ensembl.UCSC:148886[3];Ensembl.UCSC:148886[3>0]	ENSG00000049768	CURATED:74[0];HGNC.Current:9483[1];HGNC.Current:9483[1>0];Ensembl.HGNC:148487[3>0]
uc064zfo.2	Ensembl.UCSC:148888[3];Ensembl.UCSC:148888[3>0]	ENSG00000049768	CURATED:74[0];HGNC.Current:9483[1];HGNC.Current:9483[1>0];Ensembl.HGNC:148487[3>0]
uc064zfp.1	Ensembl.UCSC:148890[3];Ensembl.UCSC:148890[3>0]	ENSG00000049768	CURATED:74[0];HGNC.Current:9483[1];HGNC.Current:9483[1>0];Ensembl.HGNC:148487[3>0]
uc064zok.1	Ensembl.UCSC:16874[3];Ensembl.UCSC:16874[3>0]	ENSG00000102349	CURATED:148[0];HGNC.Current:14138[1];HGNC.Current:14138[1>0];Ensembl.HGNC:17096[3>0]
uc064zol.1	Ensembl.UCSC:16884[3];Ensembl.UCSC:16884[3>0]	ENSG00000102349	CURATED:148[0];HGNC.Current:14138[1];HGNC.Current:14138[1>0];Ensembl.HGNC:17096[3>0]
uc064zom.1	Ensembl.UCSC:16989[3];Ensembl.UCSC:16989[3>0]	ENSG00000102349	CURATED:148[0];HGNC.Current:14138[1];HGNC.Current:14138[1>0];Ensembl.HGNC:17096[3>0]
uc064zth.1	Ensembl.UCSC:51387[3];Ensembl.UCSC:51387[3>0]	ENSG00000184481	CURATED:72[0];HGNC.Current:9475[1];HGNC.Current:9475[1>0];Ensembl.HGNC:51809[3>0]
uc064zti.1	Ensembl.UCSC:51393[3];Ensembl.UCSC:51393[3>0]	ENSG00000184481	CURATED:72[0];HGNC.Current:9475[1];HGNC.Current:9475[1>0];Ensembl.HGNC:51809[3>0]
uc284njs.1	Ensembl.UCSC:2764[3];Ensembl.UCSC:2764[3>0]	ENSG00000120690	CURATED:42[0];HGNC.Current:7810[1];HGNC.Current:7810[1>0];Ensembl.HGNC:2739[3>0]
uc284ppj.1	Ensembl.UCSC:53941[3];Ensembl.UCSC:53941[3>0]	ENSG00000119866	CURATED:12[0];HGNC.Current:2342[1];HGNC.Current:2342[1>0];Ensembl.HGNC:53924[3>0]
uc285gzq.1	Ensembl.UCSC:268106[3];Ensembl.UCSC:268106[3>0]	ENSG00000143365	CURATED:213[0];HGNC.Current:32139[1];HGNC.Current:32139[1>0];Ensembl.HGNC:267709[3>0]
uc285hdo.1	Ensembl.UCSC:88229[3];Ensembl.UCSC:88229[3>0]	ENSG00000143190	CURATED:201[0];HGNC.Current:26330[1];HGNC.Current:26330[1>0];Ensembl.HGNC:87858[3>0]
uc285htz.1	Ensembl.UCSC:148926[3];Ensembl.UCSC:148926[3>0]	ENSG00000107485	CURATED:78[0];HGNC.Current:10070[1];HGNC.Current:10070[1>0];Ensembl.HGNC:149020[3>0]
uc285hyh.1	Ensembl.UCSC:81723[3];Ensembl.UCSC:81723[3>0]	ENSG00000150347	CURATED:8[0];HGNC.Current:1549[1];HGNC.Current:1549[1>0];Ensembl.HGNC:81884[3>0]
uc285hyi.1	Ensembl.UCSC:81767[3];Ensembl.UCSC:81767[3>0]	ENSG00000150347	CURATED:8[0];HGNC.Current:1549[1];HGNC.Current:1549[1>0];Ensembl.HGNC:81884[3>0]
uc285hyl.1	Ensembl.UCSC:114473[3];Ensembl.UCSC:114473[3>0]	ENSG00000122877	CURATED:41[0];HGNC.Current:7620[1];HGNC.Current:7620[1>0];Ensembl.HGNC:114586[3>0]
uc285hym.2	Ensembl.UCSC:114508[3];Ensembl.UCSC:114508[3>0]	ENSG00000122877	CURATED:41[0];HGNC.Current:7620[1];HGNC.Current:7620[1>0];Ensembl.HGNC:114586[3>0]
uc285ijb.1	Ensembl.UCSC:156219[3];Ensembl.UCSC:156219[3>0]	ENSG00000148737	CURATED:254[0];HGNC.Current:38510[1];HGNC.Current:38516[10>1];HGNC.Current:38516[1];HGNC.Current:38516[1>0];Ensembl.HGNC:152776[3>0]
uc285ijc.2	Ensembl.UCSC:156334[3];Ensembl.UCSC:156334[3>0]	ENSG00000148737	CURATED:254[0];HGNC.Current:38510[1];HGNC.Current:38516[10>1];HGNC.Current:38516[1];HGNC.Current:38516[1>0];Ensembl.HGNC:152776[3>0]
uc285ijd.1	Ensembl.UCSC:156414[3];Ensembl.UCSC:156414[3>0]	ENSG00000148737	CURATED:254[0];HGNC.Current:38510[1];HGNC.Current:38516[10>1];HGNC.Current:38516[1];HGNC.Current:38516[1>0];Ensembl.HGNC:152776[3>0]
uc285ije.2	Ensembl.UCSC:156423[3];Ensembl.UCSC:156423[3>0]	ENSG00000148737	CURATED:254[0];HGNC.Current:38510[1];HGNC.Current:38516[10>1];HGNC.Current:38516[1];HGNC.Current:38516[1>0];Ensembl.HGNC:152776[3>0]
uc285ijf.1	Ensembl.UCSC:156451[3];Ensembl.UCSC:156451[3>0]	ENSG00000148737	CURATED:254[0];HGNC.Current:38510[1];HGNC.Current:38516[10>1];HGNC.Current:38516[1];HGNC.Current:38516[1>0];Ensembl.HGNC:152776[3>0]
uc285ijg.1	Ensembl.UCSC:156458[3];Ensembl.UCSC:156458[3>0]	ENSG00000148737	CURATED:254[0];HGNC.Current:38510[1];HGNC.Current:38516[10>1];HGNC.Current:38516[1];HGNC.Current:38516[1>0];Ensembl.HGNC:152776[3>0]
uc285ijh.2	Ensembl.UCSC:156462[3];Ensembl.UCSC:156462[3>0]	ENSG00000148737	CURATED:254[0];HGNC.Current:38510[1];HGNC.Current:38516[10>1];HGNC.Current:38516[1];HGNC.Current:38516[1>0];Ensembl.HGNC:152776[3>0]
uc285iji.1	Ensembl.UCSC:156465[3];Ensembl.UCSC:156465[3>0]	ENSG00000148737	CURATED:254[0];HGNC.Current:38510[1];HGNC.Current:38516[10>1];HGNC.Current:38516[1];HGNC.Current:38516[1>0];Ensembl.HGNC:152776[3>0]
uc285ijj.1	Ensembl.UCSC:156468[3];Ensembl.UCSC:156468[3>0]	ENSG00000148737	CURATED:254[0];HGNC.Current:38510[1];HGNC.Current:38516[10>1];HGNC.Current:38516[1];HGNC.Current:38516[1>0];Ensembl.HGNC:152776[3>0]
uc285ijk.1	Ensembl.UCSC:156469[3];Ensembl.UCSC:156469[3>0]	ENSG00000148737	CURATED:254[0];HGNC.Current:38510[1];HGNC.Current:38516[10>1];HGNC.Current:38516[1];HGNC.Current:38516[1>0];Ensembl.HGNC:152776[3>0]
uc285iny.1	Ensembl.UCSC:232206[3];Ensembl.UCSC:232206[3>0]	ENSG00000185507	CURATED:130[0];HGNC.Current:13505[1];HGNC.Current:13505[1>0];Ensembl.HGNC:231997[3>0]
uc285inz.1	Ensembl.UCSC:232258[3];Ensembl.UCSC:232258[3>0]	ENSG00000185507	CURATED:130[0];HGNC.Current:13505[1];HGNC.Current:13505[1>0];Ensembl.HGNC:231997[3>0]
uc285ioa.1	Ensembl.UCSC:232261[3];Ensembl.UCSC:232261[3>0]	ENSG00000185507	CURATED:130[0];HGNC.Current:13505[1];HGNC.Current:13505[1>0];Ensembl.HGNC:231997[3>0]
uc285iob.1	Ensembl.UCSC:232292[3];Ensembl.UCSC:232292[3>0]	ENSG00000185507	CURATED:130[0];HGNC.Current:13505[1];HGNC.Current:13505[1>0];Ensembl.HGNC:231997[3>0]
uc285ioc.1	Ensembl.UCSC:232295[3];Ensembl.UCSC:232295[3>0]	ENSG00000185507	CURATED:130[0];HGNC.Current:13505[1];HGNC.Current:13505[1>0];Ensembl.HGNC:231997[3>0]
uc285ixa.2	Ensembl.UCSC:218185[3];Ensembl.UCSC:218185[3>0]	ENSG00000007372	CURATED:198[0];HGNC.Current:24887[1];HGNC.Current:24887[1>0];Ensembl.HGNC:216546[3>0]
uc285ixb.2	Ensembl.UCSC:218530[3];Ensembl.UCSC:218530[3>0]	ENSG00000007372	CURATED:198[0];HGNC.Current:24887[1];HGNC.Current:24887[1>0];Ensembl.HGNC:216546[3>0]
uc285ixc.1	Ensembl.UCSC:218566[3];Ensembl.UCSC:218566[3>0]	ENSG00000007372	CURATED:198[0];HGNC.Current:24887[1];HGNC.Current:24887[1>0];Ensembl.HGNC:216546[3>0]
uc285ixe.1	Ensembl.UCSC:218579[3];Ensembl.UCSC:218579[3>0]	ENSG00000007372	CURATED:198[0];HGNC.Current:24887[1];HGNC.Current:24887[1>0];Ensembl.HGNC:216546[3>0]
uc285ixf.1	Ensembl.UCSC:218582[3];Ensembl.UCSC:218582[3>0]	ENSG00000007372	CURATED:198[0];HGNC.Current:24887[1];HGNC.Current:24887[1>0];Ensembl.HGNC:216546[3>0]
uc285ixg.1	Ensembl.UCSC:218587[3];Ensembl.UCSC:218587[3>0]	ENSG00000007372	CURATED:198[0];HGNC.Current:24887[1];HGNC.Current:24887[1>0];Ensembl.HGNC:216546[3>0]
uc285ixh.1	Ensembl.UCSC:218641[3];Ensembl.UCSC:218641[3>0]	ENSG00000007372	CURATED:198[0];HGNC.Current:24887[1];HGNC.Current:24887[1>0];Ensembl.HGNC:216546[3>0]
uc285ixi.1	Ensembl.UCSC:218643[3];Ensembl.UCSC:218643[3>0]	ENSG00000007372	CURATED:198[0];HGNC.Current:24887[1];HGNC.Current:24887[1>0];Ensembl.HGNC:216546[3>0]
uc285ixj.1	Ensembl.UCSC:218656[3];Ensembl.UCSC:218656[3>0]	ENSG00000007372	CURATED:198[0];HGNC.Current:24887[1];HGNC.Current:24887[1>0];Ensembl.HGNC:216546[3>0]
uc285ixk.1	Ensembl.UCSC:218659[3];Ensembl.UCSC:218659[3>0]	ENSG00000007372	CURATED:198[0];HGNC.Current:24887[1];HGNC.Current:24887[1>0];Ensembl.HGNC:216546[3>0]
uc285ixl.1	Ensembl.UCSC:218685[3];Ensembl.UCSC:218685[3>0]	ENSG00000007372	CURATED:198[0];HGNC.Current:24887[1];HGNC.Current:24887[1>0];Ensembl.HGNC:216546[3>0]
uc285ixm.1	Ensembl.UCSC:218706[3];Ensembl.UCSC:218706[3>0]	ENSG00000007372	CURATED:198[0];HGNC.Current:24887[1];HGNC.Current:24887[1>0];Ensembl.HGNC:216546[3>0]
uc285ixn.1	Ensembl.UCSC:218715[3];Ensembl.UCSC:218715[3>0]	ENSG00000007372	CURATED:198[0];HGNC.Current:24887[1];HGNC.Current:24887[1>0];Ensembl.HGNC:216546[3>0]
uc285ixo.1	Ensembl.UCSC:218727[3];Ensembl.UCSC:218727[3>0]	ENSG00000007372	CURATED:198[0];HGNC.Current:24887[1];HGNC.Current:24887[1>0];Ensembl.HGNC:216546[3>0]
uc285ixp.1	Ensembl.UCSC:218740[3];Ensembl.UCSC:218740[3>0]	ENSG00000007372	CURATED:198[0];HGNC.Current:24887[1];HGNC.Current:24887[1>0];Ensembl.HGNC:216546[3>0]
uc285ixq.1	Ensembl.UCSC:218751[3];Ensembl.UCSC:218751[3>0]	ENSG00000007372	CURATED:198[0];HGNC.Current:24887[1];HGNC.Current:24887[1>0];Ensembl.HGNC:216546[3>0]
uc285ixr.1	Ensembl.UCSC:218758[3];Ensembl.UCSC:218758[3>0]	ENSG00000007372	CURATED:198[0];HGNC.Current:24887[1];HGNC.Current:24887[1>0];Ensembl.HGNC:216546[3>0]
uc285ixs.1	Ensembl.UCSC:218785[3];Ensembl.UCSC:218785[3>0]	ENSG00000007372	CURATED:198[0];HGNC.Current:24887[1];HGNC.Current:24887[1>0];Ensembl.HGNC:216546[3>0]
uc285ixt.1	Ensembl.UCSC:218791[3];Ensembl.UCSC:218791[3>0]	ENSG00000007372	CURATED:198[0];HGNC.Current:24887[1];HGNC.Current:24887[1>0];Ensembl.HGNC:216546[3>0]
uc285ixu.1	Ensembl.UCSC:218801[3];Ensembl.UCSC:218801[3>0]	ENSG00000007372	CURATED:198[0];HGNC.Current:24887[1];HGNC.Current:24887[1>0];Ensembl.HGNC:216546[3>0]
uc285ixv.1	Ensembl.UCSC:218816[3];Ensembl.UCSC:218816[3>0]	ENSG00000007372	CURATED:198[0];HGNC.Current:24887[1];HGNC.Current:24887[1>0];Ensembl.HGNC:216546[3>0]
uc285ixw.1	Ensembl.UCSC:218844[3];Ensembl.UCSC:218844[3>0]	ENSG00000007372	CURATED:198[0];HGNC.Current:24887[1];HGNC.Current:24887[1>0];Ensembl.HGNC:216546[3>0]
uc285ixx.1	Ensembl.UCSC:218849[3];Ensembl.UCSC:218849[3>0]	ENSG00000007372	CURATED:198[0];HGNC.Current:24887[1];HGNC.Current:24887[1>0];Ensembl.HGNC:216546[3>0]
uc285ixy.1	Ensembl.UCSC:218858[3];Ensembl.UCSC:218858[3>0]	ENSG00000007372	CURATED:198[0];HGNC.Current:24887[1];HGNC.Current:24887[1>0];Ensembl.HGNC:216546[3>0]
uc285ixz.1	Ensembl.UCSC:218864[3];Ensembl.UCSC:218864[3>0]	ENSG00000007372	CURATED:198[0];HGNC.Current:24887[1];HGNC.Current:24887[1>0];Ensembl.HGNC:216546[3>0]
uc285iya.1	Ensembl.UCSC:218877[3];Ensembl.UCSC:218877[3>0]	ENSG00000007372	CURATED:198[0];HGNC.Current:24887[1];HGNC.Current:24887[1>0];Ensembl.HGNC:216546[3>0]
uc285iyb.1	Ensembl.UCSC:218890[3];Ensembl.UCSC:218890[3>0]	ENSG00000007372	CURATED:198[0];HGNC.Current:24887[1];HGNC.Current:24887[1>0];Ensembl.HGNC:216546[3>0]
uc285iyc.1	Ensembl.UCSC:218898[3];Ensembl.UCSC:218898[3>0]	ENSG00000007372	CURATED:198[0];HGNC.Current:24887[1];HGNC.Current:24887[1>0];Ensembl.HGNC:216546[3>0]
uc285iyd.1	Ensembl.UCSC:218913[3];Ensembl.UCSC:218913[3>0]	ENSG00000007372	CURATED:198[0];HGNC.Current:24887[1];HGNC.Current:24887[1>0];Ensembl.HGNC:216546[3>0]
uc285iye.1	Ensembl.UCSC:218916[3];Ensembl.UCSC:218916[3>0]	ENSG00000007372	CURATED:198[0];HGNC.Current:24887[1];HGNC.Current:24887[1>0];Ensembl.HGNC:216546[3>0]
uc285iyf.1	Ensembl.UCSC:218924[3];Ensembl.UCSC:218924[3>0]	ENSG00000007372	CURATED:198[0];HGNC.Current:24887[1];HGNC.Current:24887[1>0];Ensembl.HGNC:216546[3>0]
uc285iyg.1	Ensembl.UCSC:218933[3];Ensembl.UCSC:218933[3>0]	ENSG00000007372	CURATED:198[0];HGNC.Current:24887[1];HGNC.Current:24887[1>0];Ensembl.HGNC:216546[3>0]
uc285iyh.1	Ensembl.UCSC:218941[3];Ensembl.UCSC:218941[3>0]	ENSG00000007372	CURATED:198[0];HGNC.Current:24887[1];HGNC.Current:24887[1>0];Ensembl.HGNC:216546[3>0]
uc285iyi.1	Ensembl.UCSC:218947[3];Ensembl.UCSC:218947[3>0]	ENSG00000007372	CURATED:198[0];HGNC.Current:24887[1];HGNC.Current:24887[1>0];Ensembl.HGNC:216546[3>0]
uc285iyj.1	Ensembl.UCSC:218954[3];Ensembl.UCSC:218954[3>0]	ENSG00000007372	CURATED:198[0];HGNC.Current:24887[1];HGNC.Current:24887[1>0];Ensembl.HGNC:216546[3>0]
uc285iyk.1	Ensembl.UCSC:218967[3];Ensembl.UCSC:218967[3>0]	ENSG00000007372	CURATED:198[0];HGNC.Current:24887[1];HGNC.Current:24887[1>0];Ensembl.HGNC:216546[3>0]
uc285iyl.1	Ensembl.UCSC:218975[3];Ensembl.UCSC:218975[3>0]	ENSG00000007372	CURATED:198[0];HGNC.Current:24887[1];HGNC.Current:24887[1>0];Ensembl.HGNC:216546[3>0]
uc285iym.1	Ensembl.UCSC:218982[3];Ensembl.UCSC:218982[3>0]	ENSG00000007372	CURATED:198[0];HGNC.Current:24887[1];HGNC.Current:24887[1>0];Ensembl.HGNC:216546[3>0]
uc285iyn.1	Ensembl.UCSC:218989[3];Ensembl.UCSC:218989[3>0]	ENSG00000007372	CURATED:198[0];HGNC.Current:24887[1];HGNC.Current:24887[1>0];Ensembl.HGNC:216546[3>0]
uc285iyo.1	Ensembl.UCSC:218991[3];Ensembl.UCSC:218991[3>0]	ENSG00000007372	CURATED:198[0];HGNC.Current:24887[1];HGNC.Current:24887[1>0];Ensembl.HGNC:216546[3>0]
uc285iyp.1	Ensembl.UCSC:218996[3];Ensembl.UCSC:218996[3>0]	ENSG00000007372	CURATED:198[0];HGNC.Current:24887[1];HGNC.Current:24887[1>0];Ensembl.HGNC:216546[3>0]
uc285iyq.1	Ensembl.UCSC:219001[3];Ensembl.UCSC:219001[3>0]	ENSG00000007372	CURATED:198[0];HGNC.Current:24887[1];HGNC.Current:24887[1>0];Ensembl.HGNC:216546[3>0]
uc285iyr.1	Ensembl.UCSC:219004[3];Ensembl.UCSC:219004[3>0]	ENSG00000007372	CURATED:198[0];HGNC.Current:24887[1];HGNC.Current:24887[1>0];Ensembl.HGNC:216546[3>0]
uc285iys.1	Ensembl.UCSC:219008[3];Ensembl.UCSC:219008[3>0]	ENSG00000007372	CURATED:198[0];HGNC.Current:24887[1];HGNC.Current:24887[1>0];Ensembl.HGNC:216546[3>0]
uc285iyt.1	Ensembl.UCSC:219010[3];Ensembl.UCSC:219010[3>0]	ENSG00000007372	CURATED:198[0];HGNC.Current:24887[1];HGNC.Current:24887[1>0];Ensembl.HGNC:216546[3>0]
uc285iyu.1	Ensembl.UCSC:219015[3];Ensembl.UCSC:219015[3>0]	ENSG00000007372	CURATED:198[0];HGNC.Current:24887[1];HGNC.Current:24887[1>0];Ensembl.HGNC:216546[3>0]
uc285iyv.1	Ensembl.UCSC:219017[3];Ensembl.UCSC:219017[3>0]	ENSG00000007372	CURATED:198[0];HGNC.Current:24887[1];HGNC.Current:24887[1>0];Ensembl.HGNC:216546[3>0]
uc285iyx.1	Ensembl.UCSC:219021[3];Ensembl.UCSC:219021[3>0]	ENSG00000007372	CURATED:198[0];HGNC.Current:24887[1];HGNC.Current:24887[1>0];Ensembl.HGNC:216546[3>0]
uc285iyy.1	Ensembl.UCSC:219022[3];Ensembl.UCSC:219022[3>0]	ENSG00000007372	CURATED:198[0];HGNC.Current:24887[1];HGNC.Current:24887[1>0];Ensembl.HGNC:216546[3>0]
uc285iyz.1	Ensembl.UCSC:219025[3];Ensembl.UCSC:219025[3>0]	ENSG00000007372	CURATED:198[0];HGNC.Current:24887[1];HGNC.Current:24887[1>0];Ensembl.HGNC:216546[3>0]
uc285iza.1	Ensembl.UCSC:219028[3];Ensembl.UCSC:219028[3>0]	ENSG00000007372	CURATED:198[0];HGNC.Current:24887[1];HGNC.Current:24887[1>0];Ensembl.HGNC:216546[3>0]
uc285izb.1	Ensembl.UCSC:219029[3];Ensembl.UCSC:219029[3>0]	ENSG00000007372	CURATED:198[0];HGNC.Current:24887[1];HGNC.Current:24887[1>0];Ensembl.HGNC:216546[3>0]
uc285ngm.1	Ensembl.UCSC:42811[3];Ensembl.UCSC:42811[3>0]	ENSG00000140836	CURATED:273[0];HGNC.Current:42949[1];HGNC.Current:42949[1>0];Ensembl.HGNC:42920[3>0]
uc285ngs.1	Ensembl.UCSC:42822[3];Ensembl.UCSC:42822[3>0]	ENSG00000140836	CURATED:273[0];HGNC.Current:42949[1];HGNC.Current:42949[1>0];Ensembl.HGNC:42920[3>0]
uc285ngt.1	Ensembl.UCSC:42825[3];Ensembl.UCSC:42825[3>0]	ENSG00000140836	CURATED:273[0];HGNC.Current:42949[1];HGNC.Current:42949[1>0];Ensembl.HGNC:42920[3>0]
uc285nik.1	Ensembl.UCSC:36082[3];Ensembl.UCSC:36082[3>0]	ENSG00000176692	CURATED:63[0];HGNC.Current:9426[1];HGNC.Current:9426[1>0];Ensembl.HGNC:36349[3>0]
uc285ofp.1	Ensembl.UCSC:256063[3];Ensembl.UCSC:256063[3>0]	ENSG00000121075	CURATED:249[0];HGNC.Current:38455[1];HGNC.Current:38455[1>0];Ensembl.HGNC:255722[3>0]
uc285ofq.1	Ensembl.UCSC:256080[3];Ensembl.UCSC:256080[3>0]	ENSG00000121075	CURATED:249[0];HGNC.Current:38455[1];HGNC.Current:38455[1>0];Ensembl.HGNC:255722[3>0]
uc285pbs.1	Ensembl.UCSC:18046[3];Ensembl.UCSC:18046[3>0]	ENSG00000196628	CURATED:254[0];HGNC.Current:38510[1];HGNC.Current:38510[1>0];Ensembl.HGNC:12536[3>0]
uc285pbt.1	Ensembl.UCSC:18049[3];Ensembl.UCSC:18049[3>0]	ENSG00000196628	CURATED:254[0];HGNC.Current:38510[1];HGNC.Current:38510[1>0];Ensembl.HGNC:12536[3>0]
uc285pbu.1	Ensembl.UCSC:18078[3];Ensembl.UCSC:18078[3>0]	ENSG00000196628	CURATED:254[0];HGNC.Current:38510[1];HGNC.Current:38510[1>0];Ensembl.HGNC:12536[3>0]
uc285pbv.1	Ensembl.UCSC:18136[3];Ensembl.UCSC:18136[3>0]	ENSG00000196628	CURATED:254[0];HGNC.Current:38510[1];HGNC.Current:38510[1>0];Ensembl.HGNC:12536[3>0]
uc285pbw.1	Ensembl.UCSC:18140[3];Ensembl.UCSC:18140[3>0]	ENSG00000196628	CURATED:254[0];HGNC.Current:38510[1];HGNC.Current:38510[1>0];Ensembl.HGNC:12536[3>0]
uc285pbx.1	Ensembl.UCSC:18144[3];Ensembl.UCSC:18144[3>0]	ENSG00000196628	CURATED:254[0];HGNC.Current:38510[1];HGNC.Current:38510[1>0];Ensembl.HGNC:12536[3>0]
uc285pby.1	Ensembl.UCSC:18418[3];Ensembl.UCSC:18418[3>0]	ENSG00000196628	CURATED:254[0];HGNC.Current:38510[1];HGNC.Current:38510[1>0];Ensembl.HGNC:12536[3>0]
uc285pbz.2	Ensembl.UCSC:18460[3];Ensembl.UCSC:18460[3>0]	ENSG00000196628	CURATED:254[0];HGNC.Current:38510[1];HGNC.Current:38510[1>0];Ensembl.HGNC:12536[3>0]
uc285pca.1	Ensembl.UCSC:18462[3];Ensembl.UCSC:18462[3>0]	ENSG00000196628	CURATED:254[0];HGNC.Current:38510[1];HGNC.Current:38510[1>0];Ensembl.HGNC:12536[3>0]
uc285pcb.1	Ensembl.UCSC:18463[3];Ensembl.UCSC:18463[3>0]	ENSG00000196628	CURATED:254[0];HGNC.Current:38510[1];HGNC.Current:38510[1>0];Ensembl.HGNC:12536[3>0]
uc285pcc.1	Ensembl.UCSC:18465[3];Ensembl.UCSC:18465[3>0]	ENSG00000196628	CURATED:254[0];HGNC.Current:38510[1];HGNC.Current:38510[1>0];Ensembl.HGNC:12536[3>0]
uc285pcd.1	Ensembl.UCSC:18948[3];Ensembl.UCSC:18948[3>0]	ENSG00000196628	CURATED:254[0];HGNC.Current:38510[1];HGNC.Current:38510[1>0];Ensembl.HGNC:12536[3>0]
uc285pce.1	Ensembl.UCSC:18994[3];Ensembl.UCSC:18994[3>0]	ENSG00000196628	CURATED:254[0];HGNC.Current:38510[1];HGNC.Current:38510[1>0];Ensembl.HGNC:12536[3>0]
uc285pcf.1	Ensembl.UCSC:19003[3];Ensembl.UCSC:19003[3>0]	ENSG00000196628	CURATED:254[0];HGNC.Current:38510[1];HGNC.Current:38510[1>0];Ensembl.HGNC:12536[3>0]
uc285pcg.1	Ensembl.UCSC:19014[3];Ensembl.UCSC:19014[3>0]	ENSG00000196628	CURATED:254[0];HGNC.Current:38510[1];HGNC.Current:38510[1>0];Ensembl.HGNC:12536[3>0]
uc285pqk.1	Ensembl.UCSC:191313[3];Ensembl.UCSC:191313[3>0]	ENSG00000028277	CURATED:202[0];HGNC.Current:26332[1];HGNC.Current:26332[1>0];Ensembl.HGNC:190104[3>0]
uc285pql.1	Ensembl.UCSC:191324[3];Ensembl.UCSC:191324[3>0]	ENSG00000028277	CURATED:202[0];HGNC.Current:26332[1];HGNC.Current:26332[1>0];Ensembl.HGNC:190104[3>0]
uc285rsl.1	Ensembl.UCSC:53795[3];Ensembl.UCSC:53795[3>0]	ENSG00000119866	CURATED:12[0];HGNC.Current:2342[1];HGNC.Current:2342[1>0];Ensembl.HGNC:53924[3>0]
uc285rsm.1	Ensembl.UCSC:53908[3];Ensembl.UCSC:53908[3>0]	ENSG00000119866	CURATED:12[0];HGNC.Current:2342[1];HGNC.Current:2342[1>0];Ensembl.HGNC:53924[3>0]
uc285rsn.1	Ensembl.UCSC:53909[3];Ensembl.UCSC:53909[3>0]	ENSG00000119866	CURATED:12[0];HGNC.Current:2342[1];HGNC.Current:2342[1>0];Ensembl.HGNC:53924[3>0]
uc285rso.1	Ensembl.UCSC:53913[3];Ensembl.UCSC:53913[3>0]	ENSG00000119866	CURATED:12[0];HGNC.Current:2342[1];HGNC.Current:2342[1>0];Ensembl.HGNC:53924[3>0]
uc285rsp.1	Ensembl.UCSC:53914[3];Ensembl.UCSC:53914[3>0]	ENSG00000119866	CURATED:12[0];HGNC.Current:2342[1];HGNC.Current:2342[1>0];Ensembl.HGNC:53924[3>0]
uc285rsq.1	Ensembl.UCSC:53917[3];Ensembl.UCSC:53917[3>0]	ENSG00000119866	CURATED:12[0];HGNC.Current:2342[1];HGNC.Current:2342[1>0];Ensembl.HGNC:53924[3>0]
uc285rsr.1	Ensembl.UCSC:53923[3];Ensembl.UCSC:53923[3>0]	ENSG00000119866	CURATED:12[0];HGNC.Current:2342[1];HGNC.Current:2342[1>0];Ensembl.HGNC:53924[3>0]
uc285rss.1	Ensembl.UCSC:53959[3];Ensembl.UCSC:53959[3>0]	ENSG00000119866	CURATED:12[0];HGNC.Current:2342[1];HGNC.Current:2342[1>0];Ensembl.HGNC:53924[3>0]
uc285rst.1	Ensembl.UCSC:54008[3];Ensembl.UCSC:54008[3>0]	ENSG00000119866	CURATED:12[0];HGNC.Current:2342[1];HGNC.Current:2342[1>0];Ensembl.HGNC:53924[3>0]
uc285rsu.1	Ensembl.UCSC:54010[3];Ensembl.UCSC:54010[3>0]	ENSG00000119866	CURATED:12[0];HGNC.Current:2342[1];HGNC.Current:2342[1>0];Ensembl.HGNC:53924[3>0]
uc285rsv.1	Ensembl.UCSC:54013[3];Ensembl.UCSC:54013[3>0]	ENSG00000119866	CURATED:12[0];HGNC.Current:2342[1];HGNC.Current:2342[1>0];Ensembl.HGNC:53924[3>0]
uc285rsw.1	Ensembl.UCSC:54015[3];Ensembl.UCSC:54015[3>0]	ENSG00000119866	CURATED:12[0];HGNC.Current:2342[1];HGNC.Current:2342[1>0];Ensembl.HGNC:53924[3>0]
uc285rsx.1	Ensembl.UCSC:54017[3];Ensembl.UCSC:54017[3>0]	ENSG00000119866	CURATED:12[0];HGNC.Current:2342[1];HGNC.Current:2342[1>0];Ensembl.HGNC:53924[3>0]
uc285rsy.1	Ensembl.UCSC:54018[3];Ensembl.UCSC:54018[3>0]	ENSG00000119866	CURATED:12[0];HGNC.Current:2342[1];HGNC.Current:2342[1>0];Ensembl.HGNC:53924[3>0]
uc285rsz.1	Ensembl.UCSC:54024[3];Ensembl.UCSC:54024[3>0]	ENSG00000119866	CURATED:12[0];HGNC.Current:2342[1];HGNC.Current:2342[1>0];Ensembl.HGNC:53924[3>0]
uc285rta.1	Ensembl.UCSC:54029[3];Ensembl.UCSC:54029[3>0]	ENSG00000119866	CURATED:12[0];HGNC.Current:2342[1];HGNC.Current:2342[1>0];Ensembl.HGNC:53924[3>0]
uc285rtb.1	Ensembl.UCSC:54033[3];Ensembl.UCSC:54033[3>0]	ENSG00000119866	CURATED:12[0];HGNC.Current:2342[1];HGNC.Current:2342[1>0];Ensembl.HGNC:53924[3>0]
uc285sao.1	Ensembl.UCSC:236959[3];Ensembl.UCSC:236959[3>0]	ENSG00000169554	CURATED:272[0];HGNC.Current:42926[1];HGNC.Current:42926[1>0];Ensembl.HGNC:236783[3>0]
uc285sap.1	Ensembl.UCSC:237150[3];Ensembl.UCSC:237150[3>0]	ENSG00000169554	CURATED:272[0];HGNC.Current:42926[1];HGNC.Current:42926[1>0];Ensembl.HGNC:236783[3>0]
uc285saq.1	Ensembl.UCSC:237152[3];Ensembl.UCSC:237152[3>0]	ENSG00000169554	CURATED:272[0];HGNC.Current:42926[1];HGNC.Current:42926[1>0];Ensembl.HGNC:236783[3>0]
uc285sar.1	Ensembl.UCSC:237156[3];Ensembl.UCSC:237156[3>0]	ENSG00000169554	CURATED:272[0];HGNC.Current:42926[1];HGNC.Current:42926[1>0];Ensembl.HGNC:236783[3>0]
uc285sas.1	Ensembl.UCSC:237159[3];Ensembl.UCSC:237159[3>0]	ENSG00000169554	CURATED:272[0];HGNC.Current:42926[1];HGNC.Current:42926[1>0];Ensembl.HGNC:236783[3>0]
uc285sat.1	Ensembl.UCSC:237161[3];Ensembl.UCSC:237161[3>0]	ENSG00000169554	CURATED:272[0];HGNC.Current:42926[1];HGNC.Current:42926[1>0];Ensembl.HGNC:236783[3>0]
uc285sau.1	Ensembl.UCSC:237162[3];Ensembl.UCSC:237162[3>0]	ENSG00000169554	CURATED:272[0];HGNC.Current:42926[1];HGNC.Current:42926[1>0];Ensembl.HGNC:236783[3>0]
uc285sav.1	Ensembl.UCSC:237164[3];Ensembl.UCSC:237164[3>0]	ENSG00000169554	CURATED:272[0];HGNC.Current:42926[1];HGNC.Current:42926[1>0];Ensembl.HGNC:236783[3>0]
uc285saw.1	Ensembl.UCSC:237287[3];Ensembl.UCSC:237287[3>0]	ENSG00000169554	CURATED:272[0];HGNC.Current:42926[1];HGNC.Current:42926[1>0];Ensembl.HGNC:236783[3>0]
uc285sax.1	Ensembl.UCSC:237298[3];Ensembl.UCSC:237298[3>0]	ENSG00000169554	CURATED:272[0];HGNC.Current:42926[1];HGNC.Current:42926[1>0];Ensembl.HGNC:236783[3>0]
uc285say.1	Ensembl.UCSC:237301[3];Ensembl.UCSC:237301[3>0]	ENSG00000169554	CURATED:272[0];HGNC.Current:42926[1];HGNC.Current:42926[1>0];Ensembl.HGNC:236783[3>0]
uc285saz.1	Ensembl.UCSC:237303[3];Ensembl.UCSC:237303[3>0]	ENSG00000169554	CURATED:272[0];HGNC.Current:42926[1];HGNC.Current:42926[1>0];Ensembl.HGNC:236783[3>0]
uc285sba.1	Ensembl.UCSC:237318[3];Ensembl.UCSC:237318[3>0]	ENSG00000169554	CURATED:272[0];HGNC.Current:42926[1];HGNC.Current:42926[1>0];Ensembl.HGNC:236783[3>0]
uc285sbb.2	Ensembl.UCSC:237363[3];Ensembl.UCSC:237363[3>0]	ENSG00000169554	CURATED:272[0];HGNC.Current:42926[1];HGNC.Current:42926[1>0];Ensembl.HGNC:236783[3>0]
uc285sbc.1	Ensembl.UCSC:237411[3];Ensembl.UCSC:237411[3>0]	ENSG00000169554	CURATED:272[0];HGNC.Current:42926[1];HGNC.Current:42926[1>0];Ensembl.HGNC:236783[3>0]
uc285siq.1	Ensembl.UCSC:273004[3];Ensembl.UCSC:273004[3>0]	ENSG00000138378	CURATED:243[0];HGNC.Current:37780[1];HGNC.Current:37780[1>0];Ensembl.HGNC:272621[3>0]
uc285ski.1	Ensembl.UCSC:125866[3];Ensembl.UCSC:125866[3>0]	ENSG00000135903	CURATED:196[0];HGNC.Current:24884[1];HGNC.Current:24884[1>0];Ensembl.HGNC:125892[3>0]
uc285skj.1	Ensembl.UCSC:125872[3];Ensembl.UCSC:125872[3>0]	ENSG00000135903	CURATED:196[0];HGNC.Current:24884[1];HGNC.Current:24884[1>0];Ensembl.HGNC:125892[3>0]
uc285skk.1	Ensembl.UCSC:125916[3];Ensembl.UCSC:125916[3>0]	ENSG00000135903	CURATED:196[0];HGNC.Current:24884[1];HGNC.Current:24884[1>0];Ensembl.HGNC:125892[3>0]
uc285skl.1	Ensembl.UCSC:125919[3];Ensembl.UCSC:125919[3>0]	ENSG00000135903	CURATED:196[0];HGNC.Current:24884[1];HGNC.Current:24884[1>0];Ensembl.HGNC:125892[3>0]
uc285skm.1	Ensembl.UCSC:125922[3];Ensembl.UCSC:125922[3>0]	ENSG00000135903	CURATED:196[0];HGNC.Current:24884[1];HGNC.Current:24884[1>0];Ensembl.HGNC:125892[3>0]
uc285tcq.1	Ensembl.UCSC:24793[3];Ensembl.UCSC:24793[3>0]	ENSG00000160221	CURATED:90[0];HGNC.Current:11563[1];HGNC.Current:10083[8>1];HGNC.Current:10083[1];HGNC.Current:10083[1>0];Ensembl.HGNC:25032[3>0]
uc285tcr.1	Ensembl.UCSC:25023[3];Ensembl.UCSC:25023[3>0]	ENSG00000160221	CURATED:90[0];HGNC.Current:11563[1];HGNC.Current:10083[8>1];HGNC.Current:10083[1];HGNC.Current:10083[1>0];Ensembl.HGNC:25032[3>0]
uc285tcs.1	Ensembl.UCSC:25222[3];Ensembl.UCSC:25222[3>0]	ENSG00000160221	CURATED:90[0];HGNC.Current:11563[1];HGNC.Current:10083[8>1];HGNC.Current:10083[1];HGNC.Current:10083[1>0];Ensembl.HGNC:25032[3>0]
uc285tct.1	Ensembl.UCSC:25237[3];Ensembl.UCSC:25237[3>0]	ENSG00000160221	CURATED:90[0];HGNC.Current:11563[1];HGNC.Current:10083[8>1];HGNC.Current:10083[1];HGNC.Current:10083[1>0];Ensembl.HGNC:25032[3>0]
uc285tcu.1	Ensembl.UCSC:25243[3];Ensembl.UCSC:25243[3>0]	ENSG00000160221	CURATED:90[0];HGNC.Current:11563[1];HGNC.Current:10083[8>1];HGNC.Current:10083[1];HGNC.Current:10083[1>0];Ensembl.HGNC:25032[3>0]
uc285tyw.1	Ensembl.UCSC:264293[3];Ensembl.UCSC:264293[3>0]	ENSG00000168036	CURATED:26[0];HGNC.Current:5816[1];HGNC.Current:5816[1>0];Ensembl.HGNC:263315[3>0]
uc285tyx.1	Ensembl.UCSC:264292[3];Ensembl.UCSC:264292[3>0]	ENSG00000168036	CURATED:26[0];HGNC.Current:5816[1];HGNC.Current:5816[1>0];Ensembl.HGNC:263315[3>0]
uc285tyy.1	Ensembl.UCSC:264310[3];Ensembl.UCSC:264310[3>0]	ENSG00000168036	CURATED:26[0];HGNC.Current:5816[1];HGNC.Current:5816[1>0];Ensembl.HGNC:263315[3>0]
uc285tyz.1	Ensembl.UCSC:264312[3];Ensembl.UCSC:264312[3>0]	ENSG00000168036	CURATED:26[0];HGNC.Current:5816[1];HGNC.Current:5816[1>0];Ensembl.HGNC:263315[3>0]
uc285tza.1	Ensembl.UCSC:264320[3];Ensembl.UCSC:264320[3>0]	ENSG00000168036	CURATED:26[0];HGNC.Current:5816[1];HGNC.Current:5816[1>0];Ensembl.HGNC:263315[3>0]
uc285tzb.1	Ensembl.UCSC:264323[3];Ensembl.UCSC:264323[3>0]	ENSG00000168036	CURATED:26[0];HGNC.Current:5816[1];HGNC.Current:5816[1>0];Ensembl.HGNC:263315[3>0]
uc285tzc.1	Ensembl.UCSC:264337[3];Ensembl.UCSC:264337[3>0]	ENSG00000168036	CURATED:26[0];HGNC.Current:5816[1];HGNC.Current:5816[1>0];Ensembl.HGNC:263315[3>0]
uc285tzd.1	Ensembl.UCSC:264341[3];Ensembl.UCSC:264341[3>0]	ENSG00000168036	CURATED:26[0];HGNC.Current:5816[1];HGNC.Current:5816[1>0];Ensembl.HGNC:263315[3>0]
uc285tze.1	Ensembl.UCSC:264347[3];Ensembl.UCSC:264347[3>0]	ENSG00000168036	CURATED:26[0];HGNC.Current:5816[1];HGNC.Current:5816[1>0];Ensembl.HGNC:263315[3>0]
uc285tzf.1	Ensembl.UCSC:264358[3];Ensembl.UCSC:264358[3>0]	ENSG00000168036	CURATED:26[0];HGNC.Current:5816[1];HGNC.Current:5816[1>0];Ensembl.HGNC:263315[3>0]
uc285tzg.1	Ensembl.UCSC:264369[3];Ensembl.UCSC:264369[3>0]	ENSG00000168036	CURATED:26[0];HGNC.Current:5816[1];HGNC.Current:5816[1>0];Ensembl.HGNC:263315[3>0]
uc285tzh.1	Ensembl.UCSC:264371[3];Ensembl.UCSC:264371[3>0]	ENSG00000168036	CURATED:26[0];HGNC.Current:5816[1];HGNC.Current:5816[1>0];Ensembl.HGNC:263315[3>0]
uc285tzi.1	Ensembl.UCSC:264375[3];Ensembl.UCSC:264375[3>0]	ENSG00000168036	CURATED:26[0];HGNC.Current:5816[1];HGNC.Current:5816[1>0];Ensembl.HGNC:263315[3>0]
uc285tzj.1	Ensembl.UCSC:264380[3];Ensembl.UCSC:264380[3>0]	ENSG00000168036	CURATED:26[0];HGNC.Current:5816[1];HGNC.Current:5816[1>0];Ensembl.HGNC:263315[3>0]
uc285tzk.1	Ensembl.UCSC:264384[3];Ensembl.UCSC:264384[3>0]	ENSG00000168036	CURATED:26[0];HGNC.Current:5816[1];HGNC.Current:5816[1>0];Ensembl.HGNC:263315[3>0]
uc285tzl.1	Ensembl.UCSC:264387[3];Ensembl.UCSC:264387[3>0]	ENSG00000168036	CURATED:26[0];HGNC.Current:5816[1];HGNC.Current:5816[1>0];Ensembl.HGNC:263315[3>0]
uc285tzm.1	Ensembl.UCSC:264404[3];Ensembl.UCSC:264404[3>0]	ENSG00000168036	CURATED:26[0];HGNC.Current:5816[1];HGNC.Current:5816[1>0];Ensembl.HGNC:263315[3>0]
uc285tzn.1	Ensembl.UCSC:264419[3];Ensembl.UCSC:264419[3>0]	ENSG00000168036	CURATED:26[0];HGNC.Current:5816[1];HGNC.Current:5816[1>0];Ensembl.HGNC:263315[3>0]
uc285tzo.1	Ensembl.UCSC:264372[3];Ensembl.UCSC:264372[3>0]	ENSG00000168036	CURATED:26[0];HGNC.Current:5816[1];HGNC.Current:5816[1>0];Ensembl.HGNC:263315[3>0]
uc285tzp.1	Ensembl.UCSC:264378[3];Ensembl.UCSC:264378[3>0]	ENSG00000168036	CURATED:26[0];HGNC.Current:5816[1];HGNC.Current:5816[1>0];Ensembl.HGNC:263315[3>0]
uc285tzq.1	Ensembl.UCSC:264434[3];Ensembl.UCSC:264434[3>0]	ENSG00000168036	CURATED:26[0];HGNC.Current:5816[1];HGNC.Current:5816[1>0];Ensembl.HGNC:263315[3>0]
uc285tzr.1	Ensembl.UCSC:264437[3];Ensembl.UCSC:264437[3>0]	ENSG00000168036	CURATED:26[0];HGNC.Current:5816[1];HGNC.Current:5816[1>0];Ensembl.HGNC:263315[3>0]
uc285tzs.1	Ensembl.UCSC:264465[3];Ensembl.UCSC:264465[3>0]	ENSG00000168036	CURATED:26[0];HGNC.Current:5816[1];HGNC.Current:5816[1>0];Ensembl.HGNC:263315[3>0]
uc285tzt.1	Ensembl.UCSC:264468[3];Ensembl.UCSC:264468[3>0]	ENSG00000168036	CURATED:26[0];HGNC.Current:5816[1];HGNC.Current:5816[1>0];Ensembl.HGNC:263315[3>0]
uc285tzu.1	Ensembl.UCSC:264471[3];Ensembl.UCSC:264471[3>0]	ENSG00000168036	CURATED:26[0];HGNC.Current:5816[1];HGNC.Current:5816[1>0];Ensembl.HGNC:263315[3>0]
uc285tzv.1	Ensembl.UCSC:264474[3];Ensembl.UCSC:264474[3>0]	ENSG00000168036	CURATED:26[0];HGNC.Current:5816[1];HGNC.Current:5816[1>0];Ensembl.HGNC:263315[3>0]
uc285tzw.1	Ensembl.UCSC:264477[3];Ensembl.UCSC:264477[3>0]	ENSG00000168036	CURATED:26[0];HGNC.Current:5816[1];HGNC.Current:5816[1>0];Ensembl.HGNC:263315[3>0]
uc285tzx.1	Ensembl.UCSC:264481[3];Ensembl.UCSC:264481[3>0]	ENSG00000168036	CURATED:26[0];HGNC.Current:5816[1];HGNC.Current:5816[1>0];Ensembl.HGNC:263315[3>0]
uc285tzy.1	Ensembl.UCSC:264488[3];Ensembl.UCSC:264488[3>0]	ENSG00000168036	CURATED:26[0];HGNC.Current:5816[1];HGNC.Current:5816[1>0];Ensembl.HGNC:263315[3>0]
uc285uaa.1	Ensembl.UCSC:264493[3];Ensembl.UCSC:264493[3>0]	ENSG00000168036	CURATED:26[0];HGNC.Current:5816[1];HGNC.Current:5816[1>0];Ensembl.HGNC:263315[3>0]
uc285uab.1	Ensembl.UCSC:264504[3];Ensembl.UCSC:264504[3>0]	ENSG00000168036	CURATED:26[0];HGNC.Current:5816[1];HGNC.Current:5816[1>0];Ensembl.HGNC:263315[3>0]
uc285uac.1	Ensembl.UCSC:264515[3];Ensembl.UCSC:264515[3>0]	ENSG00000168036	CURATED:26[0];HGNC.Current:5816[1];HGNC.Current:5816[1>0];Ensembl.HGNC:263315[3>0]
uc285uad.1	Ensembl.UCSC:264518[3];Ensembl.UCSC:264518[3>0]	ENSG00000168036	CURATED:26[0];HGNC.Current:5816[1];HGNC.Current:5816[1>0];Ensembl.HGNC:263315[3>0]
uc285uae.1	Ensembl.UCSC:264522[3];Ensembl.UCSC:264522[3>0]	ENSG00000168036	CURATED:26[0];HGNC.Current:5816[1];HGNC.Current:5816[1>0];Ensembl.HGNC:263315[3>0]
uc285uaf.1	Ensembl.UCSC:264529[3];Ensembl.UCSC:264529[3>0]	ENSG00000168036	CURATED:26[0];HGNC.Current:5816[1];HGNC.Current:5816[1>0];Ensembl.HGNC:263315[3>0]
uc285uah.1	Ensembl.UCSC:264537[3];Ensembl.UCSC:264537[3>0]	ENSG00000168036	CURATED:26[0];HGNC.Current:5816[1];HGNC.Current:5816[1>0];Ensembl.HGNC:263315[3>0]
uc285uai.1	Ensembl.UCSC:264540[3];Ensembl.UCSC:264540[3>0]	ENSG00000168036	CURATED:26[0];HGNC.Current:5816[1];HGNC.Current:5816[1>0];Ensembl.HGNC:263315[3>0]
uc285uak.1	Ensembl.UCSC:264541[3];Ensembl.UCSC:264541[3>0]	ENSG00000168036	CURATED:26[0];HGNC.Current:5816[1];HGNC.Current:5816[1>0];Ensembl.HGNC:263315[3>0]
uc285ual.1	Ensembl.UCSC:264548[3];Ensembl.UCSC:264548[3>0]	ENSG00000168036	CURATED:26[0];HGNC.Current:5816[1];HGNC.Current:5816[1>0];Ensembl.HGNC:263315[3>0]
uc285uam.1	Ensembl.UCSC:264550[3];Ensembl.UCSC:264550[3>0]	ENSG00000168036	CURATED:26[0];HGNC.Current:5816[1];HGNC.Current:5816[1>0];Ensembl.HGNC:263315[3>0]
uc285ugs.1	Ensembl.UCSC:46505[3];Ensembl.UCSC:46505[3>0]	ENSG00000163666	CURATED:95[0];HGNC.Current:11570[1];HGNC.Current:11570[1>0];Ensembl.HGNC:46737[3>0]
uc285uhr.1	Ensembl.UCSC:258445[3];Ensembl.UCSC:258445[3>0]	ENSG00000187098	CURATED:169[0];HGNC.Current:20644[1];HGNC.Current:20644[1>0];Ensembl.HGNC:258015[3>0]
uc285uir.3	Ensembl.UCSC:203000[3];Ensembl.UCSC:203000[3>0]	ENSG00000114861	CURATED:73[0];HGNC.Current:9478[1];HGNC.Current:9478[1>0];Ensembl.HGNC:201807[3>0]
uc285uis.1	Ensembl.UCSC:203108[3];Ensembl.UCSC:203108[3>0]	ENSG00000114861	CURATED:73[0];HGNC.Current:9478[1];HGNC.Current:9478[1>0];Ensembl.HGNC:201807[3>0]
uc285uit.2	Ensembl.UCSC:203398[3];Ensembl.UCSC:203398[3>0]	ENSG00000114861	CURATED:73[0];HGNC.Current:9478[1];HGNC.Current:9478[1>0];Ensembl.HGNC:201807[3>0]
uc285uiu.1	Ensembl.UCSC:203229[3];Ensembl.UCSC:203229[3>0]	ENSG00000114861	CURATED:73[0];HGNC.Current:9478[1];HGNC.Current:9478[1>0];Ensembl.HGNC:201807[3>0]
uc285uiv.2	Ensembl.UCSC:203242[3];Ensembl.UCSC:203242[3>0]	ENSG00000114861	CURATED:73[0];HGNC.Current:9478[1];HGNC.Current:9478[1>0];Ensembl.HGNC:201807[3>0]
uc285uiw.1	Ensembl.UCSC:203248[3];Ensembl.UCSC:203248[3>0]	ENSG00000114861	CURATED:73[0];HGNC.Current:9478[1];HGNC.Current:9478[1>0];Ensembl.HGNC:201807[3>0]
uc285uix.2	Ensembl.UCSC:203335[3];Ensembl.UCSC:203335[3>0]	ENSG00000114861	CURATED:73[0];HGNC.Current:9478[1];HGNC.Current:9478[1>0];Ensembl.HGNC:201807[3>0]
uc285uiy.1	Ensembl.UCSC:203264[3];Ensembl.UCSC:203264[3>0]	ENSG00000114861	CURATED:73[0];HGNC.Current:9478[1];HGNC.Current:9478[1>0];Ensembl.HGNC:201807[3>0]
uc285uiz.1	Ensembl.UCSC:203267[3];Ensembl.UCSC:203267[3>0]	ENSG00000114861	CURATED:73[0];HGNC.Current:9478[1];HGNC.Current:9478[1>0];Ensembl.HGNC:201807[3>0]
uc285uja.3	Ensembl.UCSC:203261[3];Ensembl.UCSC:203261[3>0]	ENSG00000114861	CURATED:73[0];HGNC.Current:9478[1];HGNC.Current:9478[1>0];Ensembl.HGNC:201807[3>0]
uc285ujb.1	Ensembl.UCSC:203286[3];Ensembl.UCSC:203286[3>0]	ENSG00000114861	CURATED:73[0];HGNC.Current:9478[1];HGNC.Current:9478[1>0];Ensembl.HGNC:201807[3>0]
uc285ujc.1	Ensembl.UCSC:203328[3];Ensembl.UCSC:203328[3>0]	ENSG00000114861	CURATED:73[0];HGNC.Current:9478[1];HGNC.Current:9478[1>0];Ensembl.HGNC:201807[3>0]
uc285ujd.2	Ensembl.UCSC:203122[3];Ensembl.UCSC:203122[3>0]	ENSG00000114861	CURATED:73[0];HGNC.Current:9478[1];HGNC.Current:9478[1>0];Ensembl.HGNC:201807[3>0]
uc285ujf.3	Ensembl.UCSC:203341[3];Ensembl.UCSC:203341[3>0]	ENSG00000114861	CURATED:73[0];HGNC.Current:9478[1];HGNC.Current:9478[1>0];Ensembl.HGNC:201807[3>0]
uc285ujg.1	Ensembl.UCSC:203346[3];Ensembl.UCSC:203346[3>0]	ENSG00000114861	CURATED:73[0];HGNC.Current:9478[1];HGNC.Current:9478[1>0];Ensembl.HGNC:201807[3>0]
uc285ujh.1	Ensembl.UCSC:203353[3];Ensembl.UCSC:203353[3>0]	ENSG00000114861	CURATED:73[0];HGNC.Current:9478[1];HGNC.Current:9478[1>0];Ensembl.HGNC:201807[3>0]
uc285uji.1	Ensembl.UCSC:203360[3];Ensembl.UCSC:203360[3>0]	ENSG00000114861	CURATED:73[0];HGNC.Current:9478[1];HGNC.Current:9478[1>0];Ensembl.HGNC:201807[3>0]
uc285ujj.1	Ensembl.UCSC:203367[3];Ensembl.UCSC:203367[3>0]	ENSG00000114861	CURATED:73[0];HGNC.Current:9478[1];HGNC.Current:9478[1>0];Ensembl.HGNC:201807[3>0]
uc285ujk.1	Ensembl.UCSC:203372[3];Ensembl.UCSC:203372[3>0]	ENSG00000114861	CURATED:73[0];HGNC.Current:9478[1];HGNC.Current:9478[1>0];Ensembl.HGNC:201807[3>0]
uc285ujm.1	Ensembl.UCSC:203374[3];Ensembl.UCSC:203374[3>0]	ENSG00000114861	CURATED:73[0];HGNC.Current:9478[1];HGNC.Current:9478[1>0];Ensembl.HGNC:201807[3>0]
uc285ujn.1	Ensembl.UCSC:203382[3];Ensembl.UCSC:203382[3>0]	ENSG00000114861	CURATED:73[0];HGNC.Current:9478[1];HGNC.Current:9478[1>0];Ensembl.HGNC:201807[3>0]
uc285ujo.1	Ensembl.UCSC:203385[3];Ensembl.UCSC:203385[3>0]	ENSG00000114861	CURATED:73[0];HGNC.Current:9478[1];HGNC.Current:9478[1>0];Ensembl.HGNC:201807[3>0]
uc285ujp.2	Ensembl.UCSC:203377[3];Ensembl.UCSC:203377[3>0]	ENSG00000114861	CURATED:73[0];HGNC.Current:9478[1];HGNC.Current:9478[1>0];Ensembl.HGNC:201807[3>0]
uc285ujq.1	Ensembl.UCSC:203390[3];Ensembl.UCSC:203390[3>0]	ENSG00000114861	CURATED:73[0];HGNC.Current:9478[1];HGNC.Current:9478[1>0];Ensembl.HGNC:201807[3>0]
uc285ujr.2	Ensembl.UCSC:203387[3];Ensembl.UCSC:203387[3>0]	ENSG00000114861	CURATED:73[0];HGNC.Current:9478[1];HGNC.Current:9478[1>0];Ensembl.HGNC:201807[3>0]
uc285ujt.1	Ensembl.UCSC:203393[3];Ensembl.UCSC:203393[3>0]	ENSG00000114861	CURATED:73[0];HGNC.Current:9478[1];HGNC.Current:9478[1>0];Ensembl.HGNC:201807[3>0]
uc285uju.1	Ensembl.UCSC:203397[3];Ensembl.UCSC:203397[3>0]	ENSG00000114861	CURATED:73[0];HGNC.Current:9478[1];HGNC.Current:9478[1>0];Ensembl.HGNC:201807[3>0]
uc285ujv.2	Ensembl.UCSC:203135[3];Ensembl.UCSC:203135[3>0]	ENSG00000114861	CURATED:73[0];HGNC.Current:9478[1];HGNC.Current:9478[1>0];Ensembl.HGNC:201807[3>0]
uc285ujw.1	Ensembl.UCSC:203403[3];Ensembl.UCSC:203403[3>0]	ENSG00000114861	CURATED:73[0];HGNC.Current:9478[1];HGNC.Current:9478[1>0];Ensembl.HGNC:201807[3>0]
uc285ujy.1	Ensembl.UCSC:203409[3];Ensembl.UCSC:203409[3>0]	ENSG00000114861	CURATED:73[0];HGNC.Current:9478[1];HGNC.Current:9478[1>0];Ensembl.HGNC:201807[3>0]
uc285ujz.1	Ensembl.UCSC:203411[3];Ensembl.UCSC:203411[3>0]	ENSG00000114861	CURATED:73[0];HGNC.Current:9478[1];HGNC.Current:9478[1>0];Ensembl.HGNC:201807[3>0]
uc285uka.1	Ensembl.UCSC:203414[3];Ensembl.UCSC:203414[3>0]	ENSG00000114861	CURATED:73[0];HGNC.Current:9478[1];HGNC.Current:9478[1>0];Ensembl.HGNC:201807[3>0]
uc285ukb.2	Ensembl.UCSC:203418[3];Ensembl.UCSC:203418[3>0]	ENSG00000114861	CURATED:73[0];HGNC.Current:9478[1];HGNC.Current:9478[1>0];Ensembl.HGNC:201807[3>0]
uc285ukc.1	Ensembl.UCSC:203421[3];Ensembl.UCSC:203421[3>0]	ENSG00000114861	CURATED:73[0];HGNC.Current:9478[1];HGNC.Current:9478[1>0];Ensembl.HGNC:201807[3>0]
uc285ukd.1	Ensembl.UCSC:203424[3];Ensembl.UCSC:203424[3>0]	ENSG00000114861	CURATED:73[0];HGNC.Current:9478[1];HGNC.Current:9478[1>0];Ensembl.HGNC:201807[3>0]
uc285uke.1	Ensembl.UCSC:203427[3];Ensembl.UCSC:203427[3>0]	ENSG00000114861	CURATED:73[0];HGNC.Current:9478[1];HGNC.Current:9478[1>0];Ensembl.HGNC:201807[3>0]
uc285ukf.1	Ensembl.UCSC:203428[3];Ensembl.UCSC:203428[3>0]	ENSG00000114861	CURATED:73[0];HGNC.Current:9478[1];HGNC.Current:9478[1>0];Ensembl.HGNC:201807[3>0]
uc285ukg.1	Ensembl.UCSC:203438[3];Ensembl.UCSC:203438[3>0]	ENSG00000114861	CURATED:73[0];HGNC.Current:9478[1];HGNC.Current:9478[1>0];Ensembl.HGNC:201807[3>0]
uc285ukh.1	Ensembl.UCSC:203441[3];Ensembl.UCSC:203441[3>0]	ENSG00000114861	CURATED:73[0];HGNC.Current:9478[1];HGNC.Current:9478[1>0];Ensembl.HGNC:201807[3>0]
uc285uki.1	Ensembl.UCSC:203455[3];Ensembl.UCSC:203455[3>0]	ENSG00000114861	CURATED:73[0];HGNC.Current:9478[1];HGNC.Current:9478[1>0];Ensembl.HGNC:201807[3>0]
uc285ukj.1	Ensembl.UCSC:203458[3];Ensembl.UCSC:203458[3>0]	ENSG00000114861	CURATED:73[0];HGNC.Current:9478[1];HGNC.Current:9478[1>0];Ensembl.HGNC:201807[3>0]
uc285ukl.1	Ensembl.UCSC:203462[3];Ensembl.UCSC:203462[3>0]	ENSG00000114861	CURATED:73[0];HGNC.Current:9478[1];HGNC.Current:9478[1>0];Ensembl.HGNC:201807[3>0]
uc285ukm.1	Ensembl.UCSC:203470[3];Ensembl.UCSC:203470[3>0]	ENSG00000114861	CURATED:73[0];HGNC.Current:9478[1];HGNC.Current:9478[1>0];Ensembl.HGNC:201807[3>0]
uc285ukn.2	Ensembl.UCSC:203474[3];Ensembl.UCSC:203474[3>0]	ENSG00000114861	CURATED:73[0];HGNC.Current:9478[1];HGNC.Current:9478[1>0];Ensembl.HGNC:201807[3>0]
uc285uko.1	Ensembl.UCSC:203480[3];Ensembl.UCSC:203480[3>0]	ENSG00000114861	CURATED:73[0];HGNC.Current:9478[1];HGNC.Current:9478[1>0];Ensembl.HGNC:201807[3>0]
uc285ukr.1	Ensembl.UCSC:203488[3];Ensembl.UCSC:203488[3>0]	ENSG00000114861	CURATED:73[0];HGNC.Current:9478[1];HGNC.Current:9478[1>0];Ensembl.HGNC:201807[3>0]
uc285uks.1	Ensembl.UCSC:203492[3];Ensembl.UCSC:203492[3>0]	ENSG00000114861	CURATED:73[0];HGNC.Current:9478[1];HGNC.Current:9478[1>0];Ensembl.HGNC:201807[3>0]
uc285ukt.1	Ensembl.UCSC:203495[3];Ensembl.UCSC:203495[3>0]	ENSG00000114861	CURATED:73[0];HGNC.Current:9478[1];HGNC.Current:9478[1>0];Ensembl.HGNC:201807[3>0]
uc285uku.1	Ensembl.UCSC:203498[3];Ensembl.UCSC:203498[3>0]	ENSG00000114861	CURATED:73[0];HGNC.Current:9478[1];HGNC.Current:9478[1>0];Ensembl.HGNC:201807[3>0]
uc285ukv.1	Ensembl.UCSC:203503[3];Ensembl.UCSC:203503[3>0]	ENSG00000114861	CURATED:73[0];HGNC.Current:9478[1];HGNC.Current:9478[1>0];Ensembl.HGNC:201807[3>0]
uc285ukw.1	Ensembl.UCSC:203506[3];Ensembl.UCSC:203506[3>0]	ENSG00000114861	CURATED:73[0];HGNC.Current:9478[1];HGNC.Current:9478[1>0];Ensembl.HGNC:201807[3>0]
uc285ukx.1	Ensembl.UCSC:203509[3];Ensembl.UCSC:203509[3>0]	ENSG00000114861	CURATED:73[0];HGNC.Current:9478[1];HGNC.Current:9478[1>0];Ensembl.HGNC:201807[3>0]
uc285wko.2	Ensembl.UCSC:75613[3];Ensembl.UCSC:75613[3>0]	ENSG00000084093	CURATED:210[0];HGNC.Current:28171[1];HGNC.Current:28171[1>0];Ensembl.HGNC:75638[3>0]
uc285wkp.2	Ensembl.UCSC:75391[3];Ensembl.UCSC:75391[3>0]	ENSG00000084093	CURATED:210[0];HGNC.Current:28171[1];HGNC.Current:28171[1>0];Ensembl.HGNC:75638[3>0]
uc285wkq.2	Ensembl.UCSC:75617[3];Ensembl.UCSC:75617[3>0]	ENSG00000084093	CURATED:210[0];HGNC.Current:28171[1];HGNC.Current:28171[1>0];Ensembl.HGNC:75638[3>0]
uc285xix.1	Ensembl.UCSC:260209[3];Ensembl.UCSC:260209[3>0]	ENSG00000081189	CURATED:162[0];HGNC.Current:18379[1];HGNC.Current:18379[1>0];Ensembl.HGNC:259555[3>0]
uc285xiy.1	Ensembl.UCSC:260210[3];Ensembl.UCSC:260210[3>0]	ENSG00000081189	CURATED:162[0];HGNC.Current:18379[1];HGNC.Current:18379[1>0];Ensembl.HGNC:259555[3>0]
uc285xiz.1	Ensembl.UCSC:260217[3];Ensembl.UCSC:260217[3>0]	ENSG00000081189	CURATED:162[0];HGNC.Current:18379[1];HGNC.Current:18379[1>0];Ensembl.HGNC:259555[3>0]
uc285xja.1	Ensembl.UCSC:260222[3];Ensembl.UCSC:260222[3>0]	ENSG00000081189	CURATED:162[0];HGNC.Current:18379[1];HGNC.Current:18379[1>0];Ensembl.HGNC:259555[3>0]
uc285xjb.1	Ensembl.UCSC:260224[3];Ensembl.UCSC:260224[3>0]	ENSG00000081189	CURATED:162[0];HGNC.Current:18379[1];HGNC.Current:18379[1>0];Ensembl.HGNC:259555[3>0]
uc285xjc.1	Ensembl.UCSC:260251[3];Ensembl.UCSC:260251[3>0]	ENSG00000081189	CURATED:162[0];HGNC.Current:18379[1];HGNC.Current:18379[1>0];Ensembl.HGNC:259555[3>0]
uc285xjd.1	Ensembl.UCSC:260264[3];Ensembl.UCSC:260264[3>0]	ENSG00000081189	CURATED:162[0];HGNC.Current:18379[1];HGNC.Current:18379[1>0];Ensembl.HGNC:259555[3>0]
uc285xje.1	Ensembl.UCSC:260265[3];Ensembl.UCSC:260265[3>0]	ENSG00000081189	CURATED:162[0];HGNC.Current:18379[1];HGNC.Current:18379[1>0];Ensembl.HGNC:259555[3>0]
uc285xjf.1	Ensembl.UCSC:260266[3];Ensembl.UCSC:260266[3>0]	ENSG00000081189	CURATED:162[0];HGNC.Current:18379[1];HGNC.Current:18379[1>0];Ensembl.HGNC:259555[3>0]
uc285xjg.1	Ensembl.UCSC:260268[3];Ensembl.UCSC:260268[3>0]	ENSG00000081189	CURATED:162[0];HGNC.Current:18379[1];HGNC.Current:18379[1>0];Ensembl.HGNC:259555[3>0]
uc285xjh.1	Ensembl.UCSC:260269[3];Ensembl.UCSC:260269[3>0]	ENSG00000081189	CURATED:162[0];HGNC.Current:18379[1];HGNC.Current:18379[1>0];Ensembl.HGNC:259555[3>0]
uc285xji.1	Ensembl.UCSC:260270[3];Ensembl.UCSC:260270[3>0]	ENSG00000081189	CURATED:162[0];HGNC.Current:18379[1];HGNC.Current:18379[1>0];Ensembl.HGNC:259555[3>0]
uc285xjj.1	Ensembl.UCSC:260272[3];Ensembl.UCSC:260272[3>0]	ENSG00000081189	CURATED:162[0];HGNC.Current:18379[1];HGNC.Current:18379[1>0];Ensembl.HGNC:259555[3>0]
uc285xjk.1	Ensembl.UCSC:260276[3];Ensembl.UCSC:260276[3>0]	ENSG00000081189	CURATED:162[0];HGNC.Current:18379[1];HGNC.Current:18379[1>0];Ensembl.HGNC:259555[3>0]
uc285xjl.1	Ensembl.UCSC:260277[3];Ensembl.UCSC:260277[3>0]	ENSG00000081189	CURATED:162[0];HGNC.Current:18379[1];HGNC.Current:18379[1>0];Ensembl.HGNC:259555[3>0]
uc285xjm.1	Ensembl.UCSC:260278[3];Ensembl.UCSC:260278[3>0]	ENSG00000081189	CURATED:162[0];HGNC.Current:18379[1];HGNC.Current:18379[1>0];Ensembl.HGNC:259555[3>0]
uc285xjn.1	Ensembl.UCSC:260280[3];Ensembl.UCSC:260280[3>0]	ENSG00000081189	CURATED:162[0];HGNC.Current:18379[1];HGNC.Current:18379[1>0];Ensembl.HGNC:259555[3>0]
uc285xjo.1	Ensembl.UCSC:260281[3];Ensembl.UCSC:260281[3>0]	ENSG00000081189	CURATED:162[0];HGNC.Current:18379[1];HGNC.Current:18379[1>0];Ensembl.HGNC:259555[3>0]
uc285xjp.1	Ensembl.UCSC:260282[3];Ensembl.UCSC:260282[3>0]	ENSG00000081189	CURATED:162[0];HGNC.Current:18379[1];HGNC.Current:18379[1>0];Ensembl.HGNC:259555[3>0]
uc285xjq.1	Ensembl.UCSC:260284[3];Ensembl.UCSC:260284[3>0]	ENSG00000081189	CURATED:162[0];HGNC.Current:18379[1];HGNC.Current:18379[1>0];Ensembl.HGNC:259555[3>0]
uc285xjr.1	Ensembl.UCSC:260286[3];Ensembl.UCSC:260286[3>0]	ENSG00000081189	CURATED:162[0];HGNC.Current:18379[1];HGNC.Current:18379[1>0];Ensembl.HGNC:259555[3>0]
uc285xjs.1	Ensembl.UCSC:260287[3];Ensembl.UCSC:260287[3>0]	ENSG00000081189	CURATED:162[0];HGNC.Current:18379[1];HGNC.Current:18379[1>0];Ensembl.HGNC:259555[3>0]
uc285xmy.1	Ensembl.UCSC:251824[3];Ensembl.UCSC:251824[3>0]	ENSG00000175745	CURATED:189[0];HGNC.Current:23166[1];HGNC.Current:23166[1>0];Ensembl.HGNC:251584[3>0]
uc285ycj.2	Ensembl.UCSC:23290[3];Ensembl.UCSC:23290[3>0]	ENSG00000054598	CURATED:62[0];HGNC.Current:9425[1];HGNC.Current:9425[1>0];Ensembl.HGNC:23520[3>0]
uc285ypa.2	Ensembl.UCSC:26040[3];Ensembl.UCSC:26040[3>0]	ENSG00000124813	CURATED:215[0];HGNC.Current:34452[1];HGNC.Current:34452[1>0];Ensembl.HGNC:25880[3>0]
uc285ypb.1	Ensembl.UCSC:26092[3];Ensembl.UCSC:26092[3>0]	ENSG00000124813	CURATED:215[0];HGNC.Current:34452[1];HGNC.Current:34452[1>0];Ensembl.HGNC:25880[3>0]
uc285yud.1	Ensembl.UCSC:28306[3];Ensembl.UCSC:28306[3>0]	ENSG00000057657	CURATED:204[0];HGNC.Current:26725[1];HGNC.Current:26725[1>0];Ensembl.HGNC:28303[3>0]
uc285zjc.1	Ensembl.UCSC:22090[3];Ensembl.UCSC:22090[3>0]	ENSG00000106546	CURATED:1[0];HGNC.Current:702[1];HGNC.Current:702[1>0];Ensembl.HGNC:22321[3>0]
uc285zje.1	Ensembl.UCSC:22166[3];Ensembl.UCSC:22166[3>0]	ENSG00000106546	CURATED:1[0];HGNC.Current:702[1];HGNC.Current:702[1>0];Ensembl.HGNC:22321[3>0]
uc285zjm.1	Ensembl.UCSC:22568[3];Ensembl.UCSC:22568[3>0]	ENSG00000105866	CURATED:235[0];HGNC.Current:37163[1];HGNC.Current:37163[1>0];Ensembl.HGNC:22722[3>0]
uc285zjy.2	Ensembl.UCSC:148934[3];Ensembl.UCSC:148934[3>0]	ENSG00000105991	CURATED:102[0];HGNC.Current:12138[1];HGNC.Current:12138[1>0];Ensembl.HGNC:149106[3>0]
uc285zmw.2	Ensembl.UCSC:188408[3];Ensembl.UCSC:188408[3>0]	ENSG00000185811	CURATED:125[0];HGNC.Current:13181[1];HGNC.Current:13181[1>0];Ensembl.HGNC:188341[3>0]
uc285zmx.1	Ensembl.UCSC:188410[3];Ensembl.UCSC:188410[3>0]	ENSG00000185811	CURATED:125[0];HGNC.Current:13181[1];HGNC.Current:13181[1>0];Ensembl.HGNC:188341[3>0]
uc285zmy.1	Ensembl.UCSC:188436[3];Ensembl.UCSC:188436[3>0]	ENSG00000185811	CURATED:125[0];HGNC.Current:13181[1];HGNC.Current:13181[1>0];Ensembl.HGNC:188341[3>0]
uc285zmz.1	Ensembl.UCSC:188447[3];Ensembl.UCSC:188447[3>0]	ENSG00000185811	CURATED:125[0];HGNC.Current:13181[1];HGNC.Current:13181[1>0];Ensembl.HGNC:188341[3>0]
uc285zna.1	Ensembl.UCSC:188508[3];Ensembl.UCSC:188508[3>0]	ENSG00000185811	CURATED:125[0];HGNC.Current:13181[1];HGNC.Current:13181[1>0];Ensembl.HGNC:188341[3>0]
uc285znb.1	Ensembl.UCSC:188513[3];Ensembl.UCSC:188513[3>0]	ENSG00000185811	CURATED:125[0];HGNC.Current:13181[1];HGNC.Current:13181[1>0];Ensembl.HGNC:188341[3>0]
uc285zvs.1	Ensembl.UCSC:63229[3];Ensembl.UCSC:63229[3>0]	ENSG00000105880	CURATED:29[0];HGNC.Current:6742[1];HGNC.Current:6742[1>0];Ensembl.HGNC:63611[3>0]
uc286arv.2	Ensembl.UCSC:38315[3];Ensembl.UCSC:38315[3>0]	ENSG00000019549	CURATED:223[0];HGNC.Current:36262[1];HGNC.Current:36262[1>0];Ensembl.HGNC:38704[3>0]
uc286arw.1	Ensembl.UCSC:38316[3];Ensembl.UCSC:38316[3>0]	ENSG00000019549	CURATED:223[0];HGNC.Current:36262[1];HGNC.Current:36262[1>0];Ensembl.HGNC:38704[3>0]
uc286arx.1	Ensembl.UCSC:38319[3];Ensembl.UCSC:38319[3>0]	ENSG00000019549	CURATED:223[0];HGNC.Current:36262[1];HGNC.Current:36262[1>0];Ensembl.HGNC:38704[3>0]
uc286azj.1	Ensembl.UCSC:181674[3];Ensembl.UCSC:181674[3>0]	ENSG00000136997	CURATED:177[0];HGNC.Current:21961[1];HGNC.Current:21961[1>0];Ensembl.HGNC:181822[3>0]
uc286azk.1	Ensembl.UCSC:181711[3];Ensembl.UCSC:181711[3>0]	ENSG00000136997	CURATED:177[0];HGNC.Current:21961[1];HGNC.Current:21961[1>0];Ensembl.HGNC:181822[3>0]
uc286ciz.1	Ensembl.UCSC:87126[3];Ensembl.UCSC:87126[3>0]	ENSG00000165702	CURATED:84[0];HGNC.Current:10205[1];HGNC.Current:10205[1>0];Ensembl.HGNC:87544[3>0]
uc286cja.1	Ensembl.UCSC:87136[3];Ensembl.UCSC:87136[3>0]	ENSG00000165702	CURATED:84[0];HGNC.Current:10205[1];HGNC.Current:10205[1>0];Ensembl.HGNC:87544[3>0]
uc286cjh.1	Ensembl.UCSC:28729[3];Ensembl.UCSC:28729[3>0]	ENSG00000186350	CURATED:217[0];HGNC.Current:34479[1];HGNC.Current:34479[1>0];Ensembl.HGNC:28904[3>0]
uc286wzu.1	Ensembl.UCSC:203591[3];Ensembl.UCSC:203591[3>0]	ENSG00000249947	CURATED:268[0];HGNC.Current:42573[1];HGNC.Current:42574[10>1];HGNC.Current:42574[1];HGNC.Current:42574[1>0];Ensembl.HGNC:203557[3>0]
uc287geu.1	Ensembl.UCSC:74187[3];Ensembl.UCSC:74187[3>0]	ENSG00000119950	CURATED:174[0];HGNC.Current:21940[1];HGNC.Current:21940[1>0];Ensembl.HGNC:73472[3>0]
uc287ggu.1	Ensembl.UCSC:74188[3];Ensembl.UCSC:74188[3>0]	ENSG00000119950	CURATED:174[0];HGNC.Current:21940[1];HGNC.Current:21940[1>0];Ensembl.HGNC:73472[3>0]
uc287gip.1	Ensembl.UCSC:217193[3];Ensembl.UCSC:217193[3>0]	ENSG00000172845	CURATED:234[0];HGNC.Current:37161[1];HGNC.Current:37161[1>0];Ensembl.HGNC:217108[3>0]
uc287giy.1	Ensembl.UCSC:74223[3];Ensembl.UCSC:74223[3>0]	ENSG00000119950	CURATED:174[0];HGNC.Current:21940[1];HGNC.Current:21940[1>0];Ensembl.HGNC:73472[3>0]
uc287gle.1	Ensembl.UCSC:74194[3];Ensembl.UCSC:74194[3>0]	ENSG00000119950	CURATED:174[0];HGNC.Current:21940[1];HGNC.Current:21940[1>0];Ensembl.HGNC:73472[3>0]
uc287gmj.1	Ensembl.UCSC:74185[3];Ensembl.UCSC:74185[3>0]	ENSG00000119950	CURATED:174[0];HGNC.Current:21940[1];HGNC.Current:21940[1>0];Ensembl.HGNC:73472[3>0]
uc287gom.1	Ensembl.UCSC:74168[3];Ensembl.UCSC:74168[3>0]	ENSG00000119950	CURATED:174[0];HGNC.Current:21940[1];HGNC.Current:21940[1>0];Ensembl.HGNC:73472[3>0]
uc287gqm.1	Ensembl.UCSC:74196[3];Ensembl.UCSC:74196[3>0]	ENSG00000119950	CURATED:174[0];HGNC.Current:21940[1];HGNC.Current:21940[1>0];Ensembl.HGNC:73472[3>0]
uc287grv.1	Ensembl.UCSC:201658[3];Ensembl.UCSC:201658[3>0]	ENSG00000102908	CURATED:179[0];HGNC.Current:22649[1];HGNC.Current:22649[1>0];Ensembl.HGNC:201339[3>0]
uc287gsm.1	Ensembl.UCSC:74182[3];Ensembl.UCSC:74182[3>0]	ENSG00000119950	CURATED:174[0];HGNC.Current:21940[1];HGNC.Current:21940[1>0];Ensembl.HGNC:73472[3>0]
uc287gth.1	Ensembl.UCSC:268112[3];Ensembl.UCSC:268112[3>0]	ENSG00000143365	CURATED:213[0];HGNC.Current:32139[1];HGNC.Current:32139[1>0];Ensembl.HGNC:267709[3>0]
uc287gwm.1	Ensembl.UCSC:74191[3];Ensembl.UCSC:74191[3>0]	ENSG00000119950	CURATED:174[0];HGNC.Current:21940[1];HGNC.Current:21940[1>0];Ensembl.HGNC:73472[3>0]
uc287gwp.1	Ensembl.UCSC:74228[3];Ensembl.UCSC:74228[3>0]	ENSG00000119950	CURATED:174[0];HGNC.Current:21940[1];HGNC.Current:21940[1>0];Ensembl.HGNC:73472[3>0]
uc287gxu.2	Ensembl.UCSC:136155[3];Ensembl.UCSC:136155[3>0]	ENSG00000102145	CURATED:76[0];HGNC.Current:10067[1];HGNC.Current:10067[1>0];Ensembl.HGNC:136420[3>0]
uc287gyr.1	Ensembl.UCSC:74175[3];Ensembl.UCSC:74175[3>0]	ENSG00000119950	CURATED:174[0];HGNC.Current:21940[1];HGNC.Current:21940[1>0];Ensembl.HGNC:73472[3>0]
uc287gzj.1	Ensembl.UCSC:28190[3];Ensembl.UCSC:28190[3>0]	ENSG00000057657	CURATED:204[0];HGNC.Current:26725[1];HGNC.Current:26725[1>0];Ensembl.HGNC:28303[3>0]
uc287gzw.1	Ensembl.UCSC:13735[3];Ensembl.UCSC:13735[3>0]	ENSG00000196092	CURATED:197[0];HGNC.Current:24886[1];HGNC.Current:24886[1>0];Ensembl.HGNC:12927[3>0]
uc287haw.1	Ensembl.UCSC:74159[3];Ensembl.UCSC:74159[3>0]	ENSG00000119950	CURATED:174[0];HGNC.Current:21940[1];HGNC.Current:21940[1>0];Ensembl.HGNC:73472[3>0]
uc287hdz.1	Ensembl.UCSC:148867[3];Ensembl.UCSC:148867[3>0]	ENSG00000049768	CURATED:74[0];HGNC.Current:9483[1];HGNC.Current:9483[1>0];Ensembl.HGNC:148487[3>0]
uc287hek.1	Ensembl.UCSC:74186[3];Ensembl.UCSC:74186[3>0]	ENSG00000119950	CURATED:174[0];HGNC.Current:21940[1];HGNC.Current:21940[1>0];Ensembl.HGNC:73472[3>0]
uc287hkd.1	Ensembl.UCSC:74179[3];Ensembl.UCSC:74179[3>0]	ENSG00000119950	CURATED:174[0];HGNC.Current:21940[1];HGNC.Current:21940[1>0];Ensembl.HGNC:73472[3>0]
uc287hle.1	Ensembl.UCSC:74167[3];Ensembl.UCSC:74167[3>0]	ENSG00000119950	CURATED:174[0];HGNC.Current:21940[1];HGNC.Current:21940[1>0];Ensembl.HGNC:73472[3>0]
uc287hlz.1	Ensembl.UCSC:74177[3];Ensembl.UCSC:74177[3>0]	ENSG00000119950	CURATED:174[0];HGNC.Current:21940[1];HGNC.Current:21940[1>0];Ensembl.HGNC:73472[3>0]
uc287hnh.1	Ensembl.UCSC:13536[3];Ensembl.UCSC:13536[3>0]	ENSG00000196092	CURATED:197[0];HGNC.Current:24886[1];HGNC.Current:24886[1>0];Ensembl.HGNC:12927[3>0]
uc287hno.1	Ensembl.UCSC:74193[3];Ensembl.UCSC:74193[3>0]	ENSG00000119950	CURATED:174[0];HGNC.Current:21940[1];HGNC.Current:21940[1>0];Ensembl.HGNC:73472[3>0]
uc287hps.1	Ensembl.UCSC:74162[3];Ensembl.UCSC:74162[3>0]	ENSG00000119950	CURATED:174[0];HGNC.Current:21940[1];HGNC.Current:21940[1>0];Ensembl.HGNC:73472[3>0]
uc287hqf.1	Ensembl.UCSC:181707[3];Ensembl.UCSC:181707[3>0]	ENSG00000136997	CURATED:177[0];HGNC.Current:21961[1];HGNC.Current:21961[1>0];Ensembl.HGNC:181822[3>0]
uc287hxf.1	Ensembl.UCSC:74172[3];Ensembl.UCSC:74172[3>0]	ENSG00000119950	CURATED:174[0];HGNC.Current:21940[1];HGNC.Current:21940[1>0];Ensembl.HGNC:73472[3>0]
uc287hxi.1	Ensembl.UCSC:268101[3];Ensembl.UCSC:268101[3>0]	ENSG00000143365	CURATED:213[0];HGNC.Current:32139[1];HGNC.Current:32139[1>0];Ensembl.HGNC:267709[3>0]
uc287hyn.1	Ensembl.UCSC:217185[3];Ensembl.UCSC:217185[3>0]	ENSG00000172845	CURATED:234[0];HGNC.Current:37161[1];HGNC.Current:37161[1>0];Ensembl.HGNC:217108[3>0]
uc287hyp.1	Ensembl.UCSC:74209[3];Ensembl.UCSC:74209[3>0]	ENSG00000119950	CURATED:174[0];HGNC.Current:21940[1];HGNC.Current:21940[1>0];Ensembl.HGNC:73472[3>0]
uc287hzh.1	Ensembl.UCSC:74205[3];Ensembl.UCSC:74205[3>0]	ENSG00000119950	CURATED:174[0];HGNC.Current:21940[1];HGNC.Current:21940[1>0];Ensembl.HGNC:73472[3>0]
uc287iai.1	Ensembl.UCSC:268104[3];Ensembl.UCSC:268104[3>0]	ENSG00000143365	CURATED:213[0];HGNC.Current:32139[1];HGNC.Current:32139[1>0];Ensembl.HGNC:267709[3>0]
uc287iec.1	Ensembl.UCSC:224663[3];Ensembl.UCSC:224663[3>0]	ENSG00000071564	CURATED:253[0];HGNC.Current:38508[1];HGNC.Current:38508[1>0];Ensembl.HGNC:224257[3>0]
uc287ier.2	Ensembl.UCSC:217214[3];Ensembl.UCSC:217214[3>0]	ENSG00000172845	CURATED:234[0];HGNC.Current:37161[1];HGNC.Current:37161[1>0];Ensembl.HGNC:217108[3>0]
uc287ifo.1	Ensembl.UCSC:74204[3];Ensembl.UCSC:74204[3>0]	ENSG00000119950	CURATED:174[0];HGNC.Current:21940[1];HGNC.Current:21940[1>0];Ensembl.HGNC:73472[3>0]
uc287iga.2	Ensembl.UCSC:268105[3];Ensembl.UCSC:268105[3>0]	ENSG00000143365	CURATED:213[0];HGNC.Current:32139[1];HGNC.Current:32139[1>0];Ensembl.HGNC:267709[3>0]
uc287inu.1	Ensembl.UCSC:74165[3];Ensembl.UCSC:74165[3>0]	ENSG00000119950	CURATED:174[0];HGNC.Current:21940[1];HGNC.Current:21940[1>0];Ensembl.HGNC:73472[3>0]
uc287ipn.1	Ensembl.UCSC:181767[3];Ensembl.UCSC:181767[3>0]	ENSG00000136997	CURATED:177[0];HGNC.Current:21961[1];HGNC.Current:21961[1>0];Ensembl.HGNC:181822[3>0]
uc287iqt.1	Ensembl.UCSC:28183[3];Ensembl.UCSC:28183[3>0]	ENSG00000057657	CURATED:204[0];HGNC.Current:26725[1];HGNC.Current:26725[1>0];Ensembl.HGNC:28303[3>0]
uc287iqw.1	Ensembl.UCSC:74215[3];Ensembl.UCSC:74215[3>0]	ENSG00000119950	CURATED:174[0];HGNC.Current:21940[1];HGNC.Current:21940[1>0];Ensembl.HGNC:73472[3>0]
uc287iwf.1	Ensembl.UCSC:74192[3];Ensembl.UCSC:74192[3>0]	ENSG00000119950	CURATED:174[0];HGNC.Current:21940[1];HGNC.Current:21940[1>0];Ensembl.HGNC:73472[3>0]
uc287ixw.1	Ensembl.UCSC:74170[3];Ensembl.UCSC:74170[3>0]	ENSG00000119950	CURATED:174[0];HGNC.Current:21940[1];HGNC.Current:21940[1>0];Ensembl.HGNC:73472[3>0]
uc287izw.1	Ensembl.UCSC:148898[3];Ensembl.UCSC:148898[3>0]	ENSG00000049768	CURATED:74[0];HGNC.Current:9483[1];HGNC.Current:9483[1>0];Ensembl.HGNC:148487[3>0]
uc287jaf.1	Ensembl.UCSC:163025[3];Ensembl.UCSC:163025[3>0]	ENSG00000109320	CURATED:184[0];HGNC.Current:22673[1];HGNC.Current:22673[1>0];Ensembl.HGNC:162880[3>0]
uc287jbo.1	Ensembl.UCSC:74189[3];Ensembl.UCSC:74189[3>0]	ENSG00000119950	CURATED:174[0];HGNC.Current:21940[1];HGNC.Current:21940[1>0];Ensembl.HGNC:73472[3>0]
uc287jcc.1	Ensembl.UCSC:162993[3];Ensembl.UCSC:162993[3>0]	ENSG00000109320	CURATED:184[0];HGNC.Current:22673[1];HGNC.Current:22673[1>0];Ensembl.HGNC:162880[3>0]
uc287jdg.1	Ensembl.UCSC:74160[3];Ensembl.UCSC:74160[3>0]	ENSG00000119950	CURATED:174[0];HGNC.Current:21940[1];HGNC.Current:21940[1>0];Ensembl.HGNC:73472[3>0]
uc287kpi.1	Ensembl.UCSC:2809[3];Ensembl.UCSC:2809[3>0]	ENSG00000157557	CURATED:51[0];HGNC.Current:8353[1];HGNC.Current:8353[1>0];Ensembl.HGNC:2798[3>0]
uc287lge.1	Ensembl.UCSC:138775[3];Ensembl.UCSC:138775[3>0]	ENSG00000140332	CURATED:261[0];HGNC.Current:38963[1];HGNC.Current:38963[1>0];Ensembl.HGNC:135860[3>0]
uc287mzh.1	Ensembl.UCSC:3979[3];Ensembl.UCSC:3979[3>0]	ENSG00000150907	CURATED:70[0];HGNC.Current:9471[1];HGNC.Current:9471[1>0];Ensembl.HGNC:4000[3>0]
uc287nso.1	Ensembl.UCSC:270570[3];Ensembl.UCSC:270570[3>0]	ENSG00000162599	CURATED:183[0];HGNC.Current:22664[1];HGNC.Current:22664[1>0];Ensembl.HGNC:270168[3>0]
uc287nuk.1	Ensembl.UCSC:188842[3];Ensembl.UCSC:188842[3>0]	ENSG00000110693	CURATED:231[0];HGNC.Current:37140[1];HGNC.Current:37140[1>0];Ensembl.HGNC:188565[3>0]
uc287pwh.1	Ensembl.UCSC:270568[3];Ensembl.UCSC:270568[3>0]	ENSG00000162599	CURATED:183[0];HGNC.Current:22664[1];HGNC.Current:22664[1>0];Ensembl.HGNC:270168[3>0]
uc287vao.1	Ensembl.UCSC:3980[3];Ensembl.UCSC:3980[3>0]	ENSG00000150907	CURATED:70[0];HGNC.Current:9471[1];HGNC.Current:9471[1>0];Ensembl.HGNC:4000[3>0]
uc287wwp.1	Ensembl.UCSC:270556[3];Ensembl.UCSC:270556[3>0]	ENSG00000162599	CURATED:183[0];HGNC.Current:22664[1];HGNC.Current:22664[1>0];Ensembl.HGNC:270168[3>0]
uc287xhs.1	Ensembl.UCSC:2810[3];Ensembl.UCSC:2810[3>0]	ENSG00000157557	CURATED:51[0];HGNC.Current:8353[1];HGNC.Current:8353[1>0];Ensembl.HGNC:2798[3>0]
uc287zfa.1	Ensembl.UCSC:270567[3];Ensembl.UCSC:270567[3>0]	ENSG00000162599	CURATED:183[0];HGNC.Current:22664[1];HGNC.Current:22664[1>0];Ensembl.HGNC:270168[3>0]
uc288aae.1	Ensembl.UCSC:270551[3];Ensembl.UCSC:270551[3>0]	ENSG00000162599	CURATED:183[0];HGNC.Current:22664[1];HGNC.Current:22664[1>0];Ensembl.HGNC:270168[3>0]
uc288ank.1	Ensembl.UCSC:270543[3];Ensembl.UCSC:270543[3>0]	ENSG00000162599	CURATED:183[0];HGNC.Current:22664[1];HGNC.Current:22664[1>0];Ensembl.HGNC:270168[3>0]
uc288bou.1	Ensembl.UCSC:2804[3];Ensembl.UCSC:2804[3>0]	ENSG00000157557	CURATED:51[0];HGNC.Current:8353[1];HGNC.Current:8353[1>0];Ensembl.HGNC:2798[3>0]
uc288dwo.1	Ensembl.UCSC:2808[3];Ensembl.UCSC:2808[3>0]	ENSG00000157557	CURATED:51[0];HGNC.Current:8353[1];HGNC.Current:8353[1>0];Ensembl.HGNC:2798[3>0]
uc288eww.1	Ensembl.UCSC:2805[3];Ensembl.UCSC:2805[3>0]	ENSG00000157557	CURATED:51[0];HGNC.Current:8353[1];HGNC.Current:8353[1>0];Ensembl.HGNC:2798[3>0]
uc288ivk.1	Ensembl.UCSC:270553[3];Ensembl.UCSC:270553[3>0]	ENSG00000162599	CURATED:183[0];HGNC.Current:22664[1];HGNC.Current:22664[1>0];Ensembl.HGNC:270168[3>0]
uc288lhi.1	Ensembl.UCSC:211092[3];Ensembl.UCSC:211092[3>0]	ENSG00000118520	CURATED:5[0];HGNC.Current:1429[1];HGNC.Current:1429[1>0];Ensembl.HGNC:210990[3>0]
uc288liq.1	Ensembl.UCSC:116872[3];Ensembl.UCSC:116872[3>0]	ENSG00000165588	CURATED:194[0];HGNC.Current:24603[1];HGNC.Current:24603[1>0];Ensembl.HGNC:116891[3>0]
uc288lkg.1	Ensembl.UCSC:211165[3];Ensembl.UCSC:211165[3>0]	ENSG00000118520	CURATED:5[0];HGNC.Current:1429[1];HGNC.Current:1429[1>0];Ensembl.HGNC:210990[3>0]
uc288lkr.2	Ensembl.UCSC:116861[3];Ensembl.UCSC:116861[3>0]	ENSG00000165588	CURATED:194[0];HGNC.Current:24603[1];HGNC.Current:24603[1>0];Ensembl.HGNC:116891[3>0]
uc288lpe.1	Ensembl.UCSC:28726[3];Ensembl.UCSC:28726[3>0]	ENSG00000186350	CURATED:217[0];HGNC.Current:34479[1];HGNC.Current:34479[1>0];Ensembl.HGNC:28904[3>0]
uc288lwr.1	Ensembl.UCSC:116874[3];Ensembl.UCSC:116874[3>0]	ENSG00000165588	CURATED:194[0];HGNC.Current:24603[1];HGNC.Current:24603[1>0];Ensembl.HGNC:116891[3>0]
uc288lza.1	Ensembl.UCSC:211096[3];Ensembl.UCSC:211096[3>0]	ENSG00000118520	CURATED:5[0];HGNC.Current:1429[1];HGNC.Current:1429[1>0];Ensembl.HGNC:210990[3>0]
uc288mbr.1	Ensembl.UCSC:211212[3];Ensembl.UCSC:211212[3>0]	ENSG00000118520	CURATED:5[0];HGNC.Current:1429[1];HGNC.Current:1429[1>0];Ensembl.HGNC:210990[3>0]
uc288mcu.1	Ensembl.UCSC:116873[3];Ensembl.UCSC:116873[3>0]	ENSG00000165588	CURATED:194[0];HGNC.Current:24603[1];HGNC.Current:24603[1>0];Ensembl.HGNC:116891[3>0]
uc288mfh.1	Ensembl.UCSC:257455[3];Ensembl.UCSC:257455[3>0]	ENSG00000115415	CURATED:241[0];HGNC.Current:37777[1];HGNC.Current:37777[1>0];Ensembl.HGNC:256520[3>0]
uc288mfv.1	Ensembl.UCSC:140044[3];Ensembl.UCSC:140044[3>0]	ENSG00000273706	CURATED:151[0];HGNC.Current:14926[1];HGNC.Current:14926[1>0];Ensembl.HGNC:140197[3>0]
uc288mix.1	Ensembl.UCSC:257390[3];Ensembl.UCSC:257390[3>0]	ENSG00000115415	CURATED:241[0];HGNC.Current:37777[1];HGNC.Current:37777[1>0];Ensembl.HGNC:256520[3>0]
uc288mjh.1	Ensembl.UCSC:149140[3];Ensembl.UCSC:149140[3>0]	ENSG00000078399	CURATED:109[0];HGNC.Current:12145[1];HGNC.Current:12145[1>0];Ensembl.HGNC:149267[3>0]
uc288mjz.1	Ensembl.UCSC:257321[3];Ensembl.UCSC:257321[3>0]	ENSG00000115415	CURATED:241[0];HGNC.Current:37777[1];HGNC.Current:37777[1>0];Ensembl.HGNC:256520[3>0]
uc288mko.1	Ensembl.UCSC:257380[3];Ensembl.UCSC:257380[3>0]	ENSG00000115415	CURATED:241[0];HGNC.Current:37777[1];HGNC.Current:37777[1>0];Ensembl.HGNC:256520[3>0]
uc288mma.1	Ensembl.UCSC:257269[3];Ensembl.UCSC:257269[3>0]	ENSG00000115415	CURATED:241[0];HGNC.Current:37777[1];HGNC.Current:37777[1>0];Ensembl.HGNC:256520[3>0]
uc288mmq.1	Ensembl.UCSC:257360[3];Ensembl.UCSC:257360[3>0]	ENSG00000115415	CURATED:241[0];HGNC.Current:37777[1];HGNC.Current:37777[1>0];Ensembl.HGNC:256520[3>0]
uc288mmy.1	Ensembl.UCSC:257421[3];Ensembl.UCSC:257421[3>0]	ENSG00000115415	CURATED:241[0];HGNC.Current:37777[1];HGNC.Current:37777[1>0];Ensembl.HGNC:256520[3>0]
uc288mne.1	Ensembl.UCSC:257272[3];Ensembl.UCSC:257272[3>0]	ENSG00000115415	CURATED:241[0];HGNC.Current:37777[1];HGNC.Current:37777[1>0];Ensembl.HGNC:256520[3>0]
uc288mno.1	Ensembl.UCSC:257370[3];Ensembl.UCSC:257370[3>0]	ENSG00000115415	CURATED:241[0];HGNC.Current:37777[1];HGNC.Current:37777[1>0];Ensembl.HGNC:256520[3>0]
uc288mnp.1	Ensembl.UCSC:257445[3];Ensembl.UCSC:257445[3>0]	ENSG00000115415	CURATED:241[0];HGNC.Current:37777[1];HGNC.Current:37777[1>0];Ensembl.HGNC:256520[3>0]
uc288mns.1	Ensembl.UCSC:257363[3];Ensembl.UCSC:257363[3>0]	ENSG00000115415	CURATED:241[0];HGNC.Current:37777[1];HGNC.Current:37777[1>0];Ensembl.HGNC:256520[3>0]
uc288mon.1	Ensembl.UCSC:257433[3];Ensembl.UCSC:257433[3>0]	ENSG00000115415	CURATED:241[0];HGNC.Current:37777[1];HGNC.Current:37777[1>0];Ensembl.HGNC:256520[3>0]
uc288mpt.1	Ensembl.UCSC:149144[3];Ensembl.UCSC:149144[3>0]	ENSG00000078399	CURATED:109[0];HGNC.Current:12145[1];HGNC.Current:12145[1>0];Ensembl.HGNC:149267[3>0]
uc288mqq.1	Ensembl.UCSC:257386[3];Ensembl.UCSC:257386[3>0]	ENSG00000115415	CURATED:241[0];HGNC.Current:37777[1];HGNC.Current:37777[1>0];Ensembl.HGNC:256520[3>0]
uc288mra.1	Ensembl.UCSC:257406[3];Ensembl.UCSC:257406[3>0]	ENSG00000115415	CURATED:241[0];HGNC.Current:37777[1];HGNC.Current:37777[1>0];Ensembl.HGNC:256520[3>0]
uc288mtw.1	Ensembl.UCSC:257377[3];Ensembl.UCSC:257377[3>0]	ENSG00000115415	CURATED:241[0];HGNC.Current:37777[1];HGNC.Current:37777[1>0];Ensembl.HGNC:256520[3>0]
uc288mtx.1	Ensembl.UCSC:193293[3];Ensembl.UCSC:193293[3>0]	ENSG00000137309	CURATED:99[0];HGNC.Current:11744[1];HGNC.Current:11744[1>0];Ensembl.HGNC:193473[3>0]
uc288mvw.1	Ensembl.UCSC:257397[3];Ensembl.UCSC:257397[3>0]	ENSG00000115415	CURATED:241[0];HGNC.Current:37777[1];HGNC.Current:37777[1>0];Ensembl.HGNC:256520[3>0]
uc288mvx.1	Ensembl.UCSC:257356[3];Ensembl.UCSC:257356[3>0]	ENSG00000115415	CURATED:241[0];HGNC.Current:37777[1];HGNC.Current:37777[1>0];Ensembl.HGNC:256520[3>0]
uc288myr.1	Ensembl.UCSC:257411[3];Ensembl.UCSC:257411[3>0]	ENSG00000115415	CURATED:241[0];HGNC.Current:37777[1];HGNC.Current:37777[1>0];Ensembl.HGNC:256520[3>0]
uc288npm.1	Ensembl.UCSC:18992[3];Ensembl.UCSC:18992[3>0]	ENSG00000196628	CURATED:254[0];HGNC.Current:38510[1];HGNC.Current:38510[1>0];Ensembl.HGNC:12536[3>0]
uc288nvp.1	Ensembl.UCSC:18606[3];Ensembl.UCSC:18606[3>0]	ENSG00000196628	CURATED:254[0];HGNC.Current:38510[1];HGNC.Current:38510[1>0];Ensembl.HGNC:12536[3>0]
uc288ogz.1	Ensembl.UCSC:237306[3];Ensembl.UCSC:237306[3>0]	ENSG00000169554	CURATED:272[0];HGNC.Current:42926[1];HGNC.Current:42926[1>0];Ensembl.HGNC:236783[3>0]
uc288oij.1	Ensembl.UCSC:75626[3];Ensembl.UCSC:75626[3>0]	ENSG00000084093	CURATED:210[0];HGNC.Current:28171[1];HGNC.Current:28171[1>0];Ensembl.HGNC:75638[3>0]
uc288ojx.1	Ensembl.UCSC:237319[3];Ensembl.UCSC:237319[3>0]	ENSG00000169554	CURATED:272[0];HGNC.Current:42926[1];HGNC.Current:42926[1>0];Ensembl.HGNC:236783[3>0]
uc288onw.1	Ensembl.UCSC:75628[3];Ensembl.UCSC:75628[3>0]	ENSG00000084093	CURATED:210[0];HGNC.Current:28171[1];HGNC.Current:28171[1>0];Ensembl.HGNC:75638[3>0]
uc288orf.1	Ensembl.UCSC:75627[3];Ensembl.UCSC:75627[3>0]	ENSG00000084093	CURATED:210[0];HGNC.Current:28171[1];HGNC.Current:28171[1>0];Ensembl.HGNC:75638[3>0]
uc288osl.1	Ensembl.UCSC:93909[3];Ensembl.UCSC:93909[3>0]	ENSG00000108001	CURATED:38[0];HGNC.Current:7391[1];HGNC.Current:7391[1>0];Ensembl.HGNC:94333[3>0]
uc288ouf.1	Ensembl.UCSC:38682[3];Ensembl.UCSC:38682[3>0]	ENSG00000159216	CURATED:214[0];HGNC.Current:34448[1];HGNC.Current:34448[1>0];Ensembl.HGNC:38975[3>0]
uc288owk.1	Ensembl.UCSC:245076[3];Ensembl.UCSC:245076[3>0]	ENSG00000181722	CURATED:270[0];HGNC.Current:42809[1];HGNC.Current:42809[1>0];Ensembl.HGNC:244837[3>0]
uc288pfe.1	Ensembl.UCSC:18569[3];Ensembl.UCSC:18569[3>0]	ENSG00000196628	CURATED:254[0];HGNC.Current:38510[1];HGNC.Current:38510[1>0];Ensembl.HGNC:12536[3>0]
uc288ptf.1	Ensembl.UCSC:245101[3];Ensembl.UCSC:245101[3>0]	ENSG00000181722	CURATED:270[0];HGNC.Current:42809[1];HGNC.Current:42809[1>0];Ensembl.HGNC:244837[3>0]
uc288qmg.1	Ensembl.UCSC:158317[3];Ensembl.UCSC:158317[3>0]	ENSG00000126561	CURATED:244[0];HGNC.Current:37782[1];HGNC.Current:37782[1>0];Ensembl.HGNC:157910[3>0]
uc288qoa.1	Ensembl.UCSC:158290[3];Ensembl.UCSC:158290[3>0]	ENSG00000126561	CURATED:244[0];HGNC.Current:37782[1];HGNC.Current:37782[1>0];Ensembl.HGNC:157910[3>0]
uc288qof.1	Ensembl.UCSC:266291[3];Ensembl.UCSC:266291[3>0]	ENSG00000168610	CURATED:242[0];HGNC.Current:37779[1];HGNC.Current:37779[1>0];Ensembl.HGNC:265687[3>0]
uc288rcc.1	Ensembl.UCSC:266304[3];Ensembl.UCSC:266304[3>0]	ENSG00000168610	CURATED:242[0];HGNC.Current:37779[1];HGNC.Current:37779[1>0];Ensembl.HGNC:265687[3>0]
uc288rde.1	Ensembl.UCSC:266290[3];Ensembl.UCSC:266290[3>0]	ENSG00000168610	CURATED:242[0];HGNC.Current:37779[1];HGNC.Current:37779[1>0];Ensembl.HGNC:265687[3>0]
uc288rht.1	Ensembl.UCSC:266306[3];Ensembl.UCSC:266306[3>0]	ENSG00000168610	CURATED:242[0];HGNC.Current:37779[1];HGNC.Current:37779[1>0];Ensembl.HGNC:265687[3>0]
uc288rmg.1	Ensembl.UCSC:266341[3];Ensembl.UCSC:266341[3>0]	ENSG00000168610	CURATED:242[0];HGNC.Current:37779[1];HGNC.Current:37779[1>0];Ensembl.HGNC:265687[3>0]
uc288rmh.1	Ensembl.UCSC:266292[3];Ensembl.UCSC:266292[3>0]	ENSG00000168610	CURATED:242[0];HGNC.Current:37779[1];HGNC.Current:37779[1>0];Ensembl.HGNC:265687[3>0]
uc288rnl.1	Ensembl.UCSC:158329[3];Ensembl.UCSC:158329[3>0]	ENSG00000126561	CURATED:244[0];HGNC.Current:37782[1];HGNC.Current:37782[1>0];Ensembl.HGNC:157910[3>0]
uc288rns.1	Ensembl.UCSC:266313[3];Ensembl.UCSC:266313[3>0]	ENSG00000168610	CURATED:242[0];HGNC.Current:37779[1];HGNC.Current:37779[1>0];Ensembl.HGNC:265687[3>0]
uc288rpe.1	Ensembl.UCSC:266301[3];Ensembl.UCSC:266301[3>0]	ENSG00000168610	CURATED:242[0];HGNC.Current:37779[1];HGNC.Current:37779[1>0];Ensembl.HGNC:265687[3>0]
uc288rsa.1	Ensembl.UCSC:266270[3];Ensembl.UCSC:266270[3>0]	ENSG00000168610	CURATED:242[0];HGNC.Current:37779[1];HGNC.Current:37779[1>0];Ensembl.HGNC:265687[3>0]
uc288rsv.1	Ensembl.UCSC:266286[3];Ensembl.UCSC:266286[3>0]	ENSG00000168610	CURATED:242[0];HGNC.Current:37779[1];HGNC.Current:37779[1>0];Ensembl.HGNC:265687[3>0]
uc288rug.1	Ensembl.UCSC:266294[3];Ensembl.UCSC:266294[3>0]	ENSG00000168610	CURATED:242[0];HGNC.Current:37779[1];HGNC.Current:37779[1>0];Ensembl.HGNC:265687[3>0]
uc288rvb.1	Ensembl.UCSC:266303[3];Ensembl.UCSC:266303[3>0]	ENSG00000168610	CURATED:242[0];HGNC.Current:37779[1];HGNC.Current:37779[1>0];Ensembl.HGNC:265687[3>0]
uc288ryy.1	Ensembl.UCSC:266308[3];Ensembl.UCSC:266308[3>0]	ENSG00000168610	CURATED:242[0];HGNC.Current:37779[1];HGNC.Current:37779[1>0];Ensembl.HGNC:265687[3>0]
uc288sdm.1	Ensembl.UCSC:266287[3];Ensembl.UCSC:266287[3>0]	ENSG00000168610	CURATED:242[0];HGNC.Current:37779[1];HGNC.Current:37779[1>0];Ensembl.HGNC:265687[3>0]
uc288sez.1	Ensembl.UCSC:266329[3];Ensembl.UCSC:266329[3>0]	ENSG00000168610	CURATED:242[0];HGNC.Current:37779[1];HGNC.Current:37779[1>0];Ensembl.HGNC:265687[3>0]
uc288she.1	Ensembl.UCSC:266296[3];Ensembl.UCSC:266296[3>0]	ENSG00000168610	CURATED:242[0];HGNC.Current:37779[1];HGNC.Current:37779[1>0];Ensembl.HGNC:265687[3>0]
uc288sjz.1	Ensembl.UCSC:158293[3];Ensembl.UCSC:158293[3>0]	ENSG00000126561	CURATED:244[0];HGNC.Current:37782[1];HGNC.Current:37782[1>0];Ensembl.HGNC:157910[3>0]
uc288sps.1	Ensembl.UCSC:266288[3];Ensembl.UCSC:266288[3>0]	ENSG00000168610	CURATED:242[0];HGNC.Current:37779[1];HGNC.Current:37779[1>0];Ensembl.HGNC:265687[3>0]
uc288spt.1	Ensembl.UCSC:266259[3];Ensembl.UCSC:266259[3>0]	ENSG00000168610	CURATED:242[0];HGNC.Current:37779[1];HGNC.Current:37779[1>0];Ensembl.HGNC:265687[3>0]
uc288spx.1	Ensembl.UCSC:266272[3];Ensembl.UCSC:266272[3>0]	ENSG00000168610	CURATED:242[0];HGNC.Current:37779[1];HGNC.Current:37779[1>0];Ensembl.HGNC:265687[3>0]
uc288ssf.1	Ensembl.UCSC:266350[3];Ensembl.UCSC:266350[3>0]	ENSG00000168610	CURATED:242[0];HGNC.Current:37779[1];HGNC.Current:37779[1>0];Ensembl.HGNC:265687[3>0]
uc288tfa.1	Ensembl.UCSC:266274[3];Ensembl.UCSC:266274[3>0]	ENSG00000168610	CURATED:242[0];HGNC.Current:37779[1];HGNC.Current:37779[1>0];Ensembl.HGNC:265687[3>0]
uc288tid.1	Ensembl.UCSC:266356[3];Ensembl.UCSC:266356[3>0]	ENSG00000168610	CURATED:242[0];HGNC.Current:37779[1];HGNC.Current:37779[1>0];Ensembl.HGNC:265687[3>0]
uc288tij.1	Ensembl.UCSC:266316[3];Ensembl.UCSC:266316[3>0]	ENSG00000168610	CURATED:242[0];HGNC.Current:37779[1];HGNC.Current:37779[1>0];Ensembl.HGNC:265687[3>0]
uc288tju.1	Ensembl.UCSC:266293[3];Ensembl.UCSC:266293[3>0]	ENSG00000168610	CURATED:242[0];HGNC.Current:37779[1];HGNC.Current:37779[1>0];Ensembl.HGNC:265687[3>0]
uc288tnc.1	Ensembl.UCSC:266342[3];Ensembl.UCSC:266342[3>0]	ENSG00000168610	CURATED:242[0];HGNC.Current:37779[1];HGNC.Current:37779[1>0];Ensembl.HGNC:265687[3>0]
uc288tnr.1	Ensembl.UCSC:266276[3];Ensembl.UCSC:266276[3>0]	ENSG00000168610	CURATED:242[0];HGNC.Current:37779[1];HGNC.Current:37779[1>0];Ensembl.HGNC:265687[3>0]
uc288ton.1	Ensembl.UCSC:275637[3];Ensembl.UCSC:275637[3>0]	ENSG00000177606	CURATED:136[0];HGNC.Current:13714[1];HGNC.Current:13714[1>0];Ensembl.HGNC:275258[3>0]
uc288trd.1	Ensembl.UCSC:266282[3];Ensembl.UCSC:266282[3>0]	ENSG00000168610	CURATED:242[0];HGNC.Current:37779[1];HGNC.Current:37779[1>0];Ensembl.HGNC:265687[3>0]
uc288tsf.1	Ensembl.UCSC:266283[3];Ensembl.UCSC:266283[3>0]	ENSG00000168610	CURATED:242[0];HGNC.Current:37779[1];HGNC.Current:37779[1>0];Ensembl.HGNC:265687[3>0]
uc288tto.1	Ensembl.UCSC:266299[3];Ensembl.UCSC:266299[3>0]	ENSG00000168610	CURATED:242[0];HGNC.Current:37779[1];HGNC.Current:37779[1>0];Ensembl.HGNC:265687[3>0]
uc288twm.1	Ensembl.UCSC:158306[3];Ensembl.UCSC:158306[3>0]	ENSG00000126561	CURATED:244[0];HGNC.Current:37782[1];HGNC.Current:37782[1>0];Ensembl.HGNC:157910[3>0]
uc288two.1	Ensembl.UCSC:266295[3];Ensembl.UCSC:266295[3>0]	ENSG00000168610	CURATED:242[0];HGNC.Current:37779[1];HGNC.Current:37779[1>0];Ensembl.HGNC:265687[3>0]
uc288twp.1	Ensembl.UCSC:266256[3];Ensembl.UCSC:266256[3>0]	ENSG00000168610	CURATED:242[0];HGNC.Current:37779[1];HGNC.Current:37779[1>0];Ensembl.HGNC:265687[3>0]
uc288tww.1	Ensembl.UCSC:266278[3];Ensembl.UCSC:266278[3>0]	ENSG00000168610	CURATED:242[0];HGNC.Current:37779[1];HGNC.Current:37779[1>0];Ensembl.HGNC:265687[3>0]
uc288tyq.1	Ensembl.UCSC:266252[3];Ensembl.UCSC:266252[3>0]	ENSG00000168610	CURATED:242[0];HGNC.Current:37779[1];HGNC.Current:37779[1>0];Ensembl.HGNC:265687[3>0]
uc288uas.1	Ensembl.UCSC:266289[3];Ensembl.UCSC:266289[3>0]	ENSG00000168610	CURATED:242[0];HGNC.Current:37779[1];HGNC.Current:37779[1>0];Ensembl.HGNC:265687[3>0]
uc288ugo.1	Ensembl.UCSC:266285[3];Ensembl.UCSC:266285[3>0]	ENSG00000168610	CURATED:242[0];HGNC.Current:37779[1];HGNC.Current:37779[1>0];Ensembl.HGNC:265687[3>0]
uc288uhh.1	Ensembl.UCSC:266298[3];Ensembl.UCSC:266298[3>0]	ENSG00000168610	CURATED:242[0];HGNC.Current:37779[1];HGNC.Current:37779[1>0];Ensembl.HGNC:265687[3>0]
uc288ujb.1	Ensembl.UCSC:266268[3];Ensembl.UCSC:266268[3>0]	ENSG00000168610	CURATED:242[0];HGNC.Current:37779[1];HGNC.Current:37779[1>0];Ensembl.HGNC:265687[3>0]
uc288zgv.1	Ensembl.UCSC:174358[3];Ensembl.UCSC:174358[3>0]	ENSG00000075891	CURATED:195[0];HGNC.Current:24883[1];HGNC.Current:24883[1>0];Ensembl.HGNC:174222[3>0]
uc288zjh.1	Ensembl.UCSC:223522[3];Ensembl.UCSC:223522[3>0]	ENSG00000125347	CURATED:128[0];HGNC.Current:13494[1];HGNC.Current:13494[1>0];Ensembl.HGNC:223200[3>0]
uc288zlo.1	Ensembl.UCSC:223514[3];Ensembl.UCSC:223514[3>0]	ENSG00000125347	CURATED:128[0];HGNC.Current:13494[1];HGNC.Current:13494[1>0];Ensembl.HGNC:223200[3>0]
uc288zlp.1	Ensembl.UCSC:223531[3];Ensembl.UCSC:223531[3>0]	ENSG00000125347	CURATED:128[0];HGNC.Current:13494[1];HGNC.Current:13494[1>0];Ensembl.HGNC:223200[3>0]
uc288zml.1	Ensembl.UCSC:223529[3];Ensembl.UCSC:223529[3>0]	ENSG00000125347	CURATED:128[0];HGNC.Current:13494[1];HGNC.Current:13494[1>0];Ensembl.HGNC:223200[3>0]
uc288zqe.1	Ensembl.UCSC:223508[3];Ensembl.UCSC:223508[3>0]	ENSG00000125347	CURATED:128[0];HGNC.Current:13494[1];HGNC.Current:13494[1>0];Ensembl.HGNC:223200[3>0]
uc288zqr.1	Ensembl.UCSC:223502[3];Ensembl.UCSC:223502[3>0]	ENSG00000125347	CURATED:128[0];HGNC.Current:13494[1];HGNC.Current:13494[1>0];Ensembl.HGNC:223200[3>0]
uc288ztg.1	Ensembl.UCSC:223486[3];Ensembl.UCSC:223486[3>0]	ENSG00000125347	CURATED:128[0];HGNC.Current:13494[1];HGNC.Current:13494[1>0];Ensembl.HGNC:223200[3>0]
uc288zux.1	Ensembl.UCSC:223458[3];Ensembl.UCSC:223458[3>0]	ENSG00000125347	CURATED:128[0];HGNC.Current:13494[1];HGNC.Current:13494[1>0];Ensembl.HGNC:223200[3>0]
uc288zvq.1	Ensembl.UCSC:223282[3];Ensembl.UCSC:223282[3>0]	ENSG00000125347	CURATED:128[0];HGNC.Current:13494[1];HGNC.Current:13494[1>0];Ensembl.HGNC:223200[3>0]
uc288zwo.1	Ensembl.UCSC:223290[3];Ensembl.UCSC:223290[3>0]	ENSG00000125347	CURATED:128[0];HGNC.Current:13494[1];HGNC.Current:13494[1>0];Ensembl.HGNC:223200[3>0]
uc288zxv.1	Ensembl.UCSC:223507[3];Ensembl.UCSC:223507[3>0]	ENSG00000125347	CURATED:128[0];HGNC.Current:13494[1];HGNC.Current:13494[1>0];Ensembl.HGNC:223200[3>0]
uc288zzj.1	Ensembl.UCSC:223466[3];Ensembl.UCSC:223466[3>0]	ENSG00000125347	CURATED:128[0];HGNC.Current:13494[1];HGNC.Current:13494[1>0];Ensembl.HGNC:223200[3>0]
uc289abs.1	Ensembl.UCSC:223280[3];Ensembl.UCSC:223280[3>0]	ENSG00000125347	CURATED:128[0];HGNC.Current:13494[1];HGNC.Current:13494[1>0];Ensembl.HGNC:223200[3>0]
uc289acq.1	Ensembl.UCSC:223293[3];Ensembl.UCSC:223293[3>0]	ENSG00000125347	CURATED:128[0];HGNC.Current:13494[1];HGNC.Current:13494[1>0];Ensembl.HGNC:223200[3>0]
uc289adj.1	Ensembl.UCSC:223288[3];Ensembl.UCSC:223288[3>0]	ENSG00000125347	CURATED:128[0];HGNC.Current:13494[1];HGNC.Current:13494[1>0];Ensembl.HGNC:223200[3>0]
uc289akc.1	Ensembl.UCSC:223434[3];Ensembl.UCSC:223434[3>0]	ENSG00000125347	CURATED:128[0];HGNC.Current:13494[1];HGNC.Current:13494[1>0];Ensembl.HGNC:223200[3>0]
uc289anw.1	Ensembl.UCSC:223494[3];Ensembl.UCSC:223494[3>0]	ENSG00000125347	CURATED:128[0];HGNC.Current:13494[1];HGNC.Current:13494[1>0];Ensembl.HGNC:223200[3>0]
uc289ash.1	Ensembl.UCSC:223516[3];Ensembl.UCSC:223516[3>0]	ENSG00000125347	CURATED:128[0];HGNC.Current:13494[1];HGNC.Current:13494[1>0];Ensembl.HGNC:223200[3>0]
uc289atj.1	Ensembl.UCSC:223296[3];Ensembl.UCSC:223296[3>0]	ENSG00000125347	CURATED:128[0];HGNC.Current:13494[1];HGNC.Current:13494[1>0];Ensembl.HGNC:223200[3>0]
uc289bah.1	Ensembl.UCSC:223442[3];Ensembl.UCSC:223442[3>0]	ENSG00000125347	CURATED:128[0];HGNC.Current:13494[1];HGNC.Current:13494[1>0];Ensembl.HGNC:223200[3>0]
uc289bbn.1	Ensembl.UCSC:223287[3];Ensembl.UCSC:223287[3>0]	ENSG00000125347	CURATED:128[0];HGNC.Current:13494[1];HGNC.Current:13494[1>0];Ensembl.HGNC:223200[3>0]
uc289bjh.1	Ensembl.UCSC:223526[3];Ensembl.UCSC:223526[3>0]	ENSG00000125347	CURATED:128[0];HGNC.Current:13494[1];HGNC.Current:13494[1>0];Ensembl.HGNC:223200[3>0]
uc289blh.1	Ensembl.UCSC:223528[3];Ensembl.UCSC:223528[3>0]	ENSG00000125347	CURATED:128[0];HGNC.Current:13494[1];HGNC.Current:13494[1>0];Ensembl.HGNC:223200[3>0]
uc289bnk.1	Ensembl.UCSC:223451[3];Ensembl.UCSC:223451[3>0]	ENSG00000125347	CURATED:128[0];HGNC.Current:13494[1];HGNC.Current:13494[1>0];Ensembl.HGNC:223200[3>0]
uc289bsz.1	Ensembl.UCSC:223294[3];Ensembl.UCSC:223294[3>0]	ENSG00000125347	CURATED:128[0];HGNC.Current:13494[1];HGNC.Current:13494[1>0];Ensembl.HGNC:223200[3>0]
uc289buy.1	Ensembl.UCSC:81751[3];Ensembl.UCSC:81751[3>0]	ENSG00000150347	CURATED:8[0];HGNC.Current:1549[1];HGNC.Current:1549[1>0];Ensembl.HGNC:81884[3>0]
uc289byr.1	Ensembl.UCSC:223482[3];Ensembl.UCSC:223482[3>0]	ENSG00000125347	CURATED:128[0];HGNC.Current:13494[1];HGNC.Current:13494[1>0];Ensembl.HGNC:223200[3>0]
uc289cai.1	Ensembl.UCSC:223436[3];Ensembl.UCSC:223436[3>0]	ENSG00000125347	CURATED:128[0];HGNC.Current:13494[1];HGNC.Current:13494[1>0];Ensembl.HGNC:223200[3>0]
uc289cea.1	Ensembl.UCSC:223440[3];Ensembl.UCSC:223440[3>0]	ENSG00000125347	CURATED:128[0];HGNC.Current:13494[1];HGNC.Current:13494[1>0];Ensembl.HGNC:223200[3>0]
uc289cir.1	Ensembl.UCSC:223483[3];Ensembl.UCSC:223483[3>0]	ENSG00000125347	CURATED:128[0];HGNC.Current:13494[1];HGNC.Current:13494[1>0];Ensembl.HGNC:223200[3>0]
uc289civ.1	Ensembl.UCSC:223470[3];Ensembl.UCSC:223470[3>0]	ENSG00000125347	CURATED:128[0];HGNC.Current:13494[1];HGNC.Current:13494[1>0];Ensembl.HGNC:223200[3>0]
uc289cnc.1	Ensembl.UCSC:223512[3];Ensembl.UCSC:223512[3>0]	ENSG00000125347	CURATED:128[0];HGNC.Current:13494[1];HGNC.Current:13494[1>0];Ensembl.HGNC:223200[3>0]
uc289cnn.1	Ensembl.UCSC:223524[3];Ensembl.UCSC:223524[3>0]	ENSG00000125347	CURATED:128[0];HGNC.Current:13494[1];HGNC.Current:13494[1>0];Ensembl.HGNC:223200[3>0]
uc289cny.1	Ensembl.UCSC:223453[3];Ensembl.UCSC:223453[3>0]	ENSG00000125347	CURATED:128[0];HGNC.Current:13494[1];HGNC.Current:13494[1>0];Ensembl.HGNC:223200[3>0]
uc289cog.1	Ensembl.UCSC:223530[3];Ensembl.UCSC:223530[3>0]	ENSG00000125347	CURATED:128[0];HGNC.Current:13494[1];HGNC.Current:13494[1>0];Ensembl.HGNC:223200[3>0]
uc289cpl.1	Ensembl.UCSC:223284[3];Ensembl.UCSC:223284[3>0]	ENSG00000125347	CURATED:128[0];HGNC.Current:13494[1];HGNC.Current:13494[1>0];Ensembl.HGNC:223200[3>0]
uc289crt.1	Ensembl.UCSC:223445[3];Ensembl.UCSC:223445[3>0]	ENSG00000125347	CURATED:128[0];HGNC.Current:13494[1];HGNC.Current:13494[1>0];Ensembl.HGNC:223200[3>0]
uc289cso.1	Ensembl.UCSC:223463[3];Ensembl.UCSC:223463[3>0]	ENSG00000125347	CURATED:128[0];HGNC.Current:13494[1];HGNC.Current:13494[1>0];Ensembl.HGNC:223200[3>0]
uc289ctw.1	Ensembl.UCSC:223492[3];Ensembl.UCSC:223492[3>0]	ENSG00000125347	CURATED:128[0];HGNC.Current:13494[1];HGNC.Current:13494[1>0];Ensembl.HGNC:223200[3>0]
uc289dcp.1	Ensembl.UCSC:124650[3];Ensembl.UCSC:124650[3>0]	ENSG00000101076	CURATED:100[0];HGNC.Current:11954[1];HGNC.Current:11954[1>0];Ensembl.HGNC:124322[3>0]
uc289dga.1	Ensembl.UCSC:174676[3];Ensembl.UCSC:174676[3>0]	ENSG00000136492	CURATED:10[0];HGNC.Current:2206[1];HGNC.Current:2696[8>1];HGNC.Current:2696[1];HGNC.Current:2696[1>0];Ensembl.HGNC:174538[3>0]
uc289dgh.1	Ensembl.UCSC:174662[3];Ensembl.UCSC:174662[3>0]	ENSG00000136492	CURATED:10[0];HGNC.Current:2206[1];HGNC.Current:2696[8>1];HGNC.Current:2696[1];HGNC.Current:2696[1>0];Ensembl.HGNC:174538[3>0]
uc289djz.1	Ensembl.UCSC:124672[3];Ensembl.UCSC:124672[3>0]	ENSG00000101076	CURATED:100[0];HGNC.Current:11954[1];HGNC.Current:11954[1>0];Ensembl.HGNC:124322[3>0]
uc289dlw.1	Ensembl.UCSC:163432[3];Ensembl.UCSC:163432[3>0]	ENSG00000109906	CURATED:269[0];HGNC.Current:42806[1];HGNC.Current:42806[1>0];Ensembl.HGNC:163499[3>0]
uc289doe.1	Ensembl.UCSC:163352[3];Ensembl.UCSC:163352[3>0]	ENSG00000109906	CURATED:269[0];HGNC.Current:42806[1];HGNC.Current:42806[1>0];Ensembl.HGNC:163499[3>0]
uc289drr.1	Ensembl.UCSC:174699[3];Ensembl.UCSC:174699[3>0]	ENSG00000136492	CURATED:10[0];HGNC.Current:2206[1];HGNC.Current:2696[8>1];HGNC.Current:2696[1];HGNC.Current:2696[1>0];Ensembl.HGNC:174538[3>0]
uc289dtx.1	Ensembl.UCSC:124645[3];Ensembl.UCSC:124645[3>0]	ENSG00000101076	CURATED:100[0];HGNC.Current:11954[1];HGNC.Current:11954[1>0];Ensembl.HGNC:124322[3>0]
uc289dud.1	Ensembl.UCSC:174672[3];Ensembl.UCSC:174672[3>0]	ENSG00000136492	CURATED:10[0];HGNC.Current:2206[1];HGNC.Current:2696[8>1];HGNC.Current:2696[1];HGNC.Current:2696[1>0];Ensembl.HGNC:174538[3>0]
uc289dux.1	Ensembl.UCSC:174615[3];Ensembl.UCSC:174615[3>0]	ENSG00000136492	CURATED:10[0];HGNC.Current:2206[1];HGNC.Current:2696[8>1];HGNC.Current:2696[1];HGNC.Current:2696[1>0];Ensembl.HGNC:174538[3>0]
uc289dvv.1	Ensembl.UCSC:174654[3];Ensembl.UCSC:174654[3>0]	ENSG00000136492	CURATED:10[0];HGNC.Current:2206[1];HGNC.Current:2696[8>1];HGNC.Current:2696[1];HGNC.Current:2696[1>0];Ensembl.HGNC:174538[3>0]
uc289ead.1	Ensembl.UCSC:174637[3];Ensembl.UCSC:174637[3>0]	ENSG00000136492	CURATED:10[0];HGNC.Current:2206[1];HGNC.Current:2696[8>1];HGNC.Current:2696[1];HGNC.Current:2696[1>0];Ensembl.HGNC:174538[3>0]
uc289eaz.1	Ensembl.UCSC:174694[3];Ensembl.UCSC:174694[3>0]	ENSG00000136492	CURATED:10[0];HGNC.Current:2206[1];HGNC.Current:2696[8>1];HGNC.Current:2696[1];HGNC.Current:2696[1>0];Ensembl.HGNC:174538[3>0]
uc289ecl.1	Ensembl.UCSC:93921[3];Ensembl.UCSC:93921[3>0]	ENSG00000108001	CURATED:38[0];HGNC.Current:7391[1];HGNC.Current:7391[1>0];Ensembl.HGNC:94333[3>0]
uc289eeh.1	Ensembl.UCSC:163407[3];Ensembl.UCSC:163407[3>0]	ENSG00000109906	CURATED:269[0];HGNC.Current:42806[1];HGNC.Current:42806[1>0];Ensembl.HGNC:163499[3>0]
uc289egn.1	Ensembl.UCSC:174570[3];Ensembl.UCSC:174570[3>0]	ENSG00000136492	CURATED:10[0];HGNC.Current:2206[1];HGNC.Current:2696[8>1];HGNC.Current:2696[1];HGNC.Current:2696[1>0];Ensembl.HGNC:174538[3>0]
uc289eiq.1	Ensembl.UCSC:163369[3];Ensembl.UCSC:163369[3>0]	ENSG00000109906	CURATED:269[0];HGNC.Current:42806[1];HGNC.Current:42806[1>0];Ensembl.HGNC:163499[3>0]
uc289eov.1	Ensembl.UCSC:163403[3];Ensembl.UCSC:163403[3>0]	ENSG00000109906	CURATED:269[0];HGNC.Current:42806[1];HGNC.Current:42806[1>0];Ensembl.HGNC:163499[3>0]
uc289epn.1	Ensembl.UCSC:174627[3];Ensembl.UCSC:174627[3>0]	ENSG00000136492	CURATED:10[0];HGNC.Current:2206[1];HGNC.Current:2696[8>1];HGNC.Current:2696[1];HGNC.Current:2696[1>0];Ensembl.HGNC:174538[3>0]
uc289eqe.1	Ensembl.UCSC:163425[3];Ensembl.UCSC:163425[3>0]	ENSG00000109906	CURATED:269[0];HGNC.Current:42806[1];HGNC.Current:42806[1>0];Ensembl.HGNC:163499[3>0]
uc289erl.1	Ensembl.UCSC:174610[3];Ensembl.UCSC:174610[3>0]	ENSG00000136492	CURATED:10[0];HGNC.Current:2206[1];HGNC.Current:2696[8>1];HGNC.Current:2696[1];HGNC.Current:2696[1>0];Ensembl.HGNC:174538[3>0]
uc289evq.1	Ensembl.UCSC:124661[3];Ensembl.UCSC:124661[3>0]	ENSG00000101076	CURATED:100[0];HGNC.Current:11954[1];HGNC.Current:11954[1>0];Ensembl.HGNC:124322[3>0]
uc289eym.1	Ensembl.UCSC:211341[3];Ensembl.UCSC:211341[3>0]	ENSG00000128652	CURATED:118[0];HGNC.Current:12183[1];HGNC.Current:12183[1>0];Ensembl.HGNC:211200[3>0]
uc289eyx.1	Ensembl.UCSC:163372[3];Ensembl.UCSC:163372[3>0]	ENSG00000109906	CURATED:269[0];HGNC.Current:42806[1];HGNC.Current:42806[1>0];Ensembl.HGNC:163499[3>0]
uc289eyz.1	Ensembl.UCSC:174643[3];Ensembl.UCSC:174643[3>0]	ENSG00000136492	CURATED:10[0];HGNC.Current:2206[1];HGNC.Current:2696[8>1];HGNC.Current:2696[1];HGNC.Current:2696[1>0];Ensembl.HGNC:174538[3>0]
uc289fce.1	Ensembl.UCSC:163389[3];Ensembl.UCSC:163389[3>0]	ENSG00000109906	CURATED:269[0];HGNC.Current:42806[1];HGNC.Current:42806[1>0];Ensembl.HGNC:163499[3>0]
uc289fep.1	Ensembl.UCSC:174685[3];Ensembl.UCSC:174685[3>0]	ENSG00000136492	CURATED:10[0];HGNC.Current:2206[1];HGNC.Current:2696[8>1];HGNC.Current:2696[1];HGNC.Current:2696[1>0];Ensembl.HGNC:174538[3>0]
uc289fkn.1	Ensembl.UCSC:174648[3];Ensembl.UCSC:174648[3>0]	ENSG00000136492	CURATED:10[0];HGNC.Current:2206[1];HGNC.Current:2696[8>1];HGNC.Current:2696[1];HGNC.Current:2696[1>0];Ensembl.HGNC:174538[3>0]
uc289flg.1	Ensembl.UCSC:163410[3];Ensembl.UCSC:163410[3>0]	ENSG00000109906	CURATED:269[0];HGNC.Current:42806[1];HGNC.Current:42806[1>0];Ensembl.HGNC:163499[3>0]
uc289fpf.1	Ensembl.UCSC:124660[3];Ensembl.UCSC:124660[3>0]	ENSG00000101076	CURATED:100[0];HGNC.Current:11954[1];HGNC.Current:11954[1>0];Ensembl.HGNC:124322[3>0]
uc289fpu.1	Ensembl.UCSC:174701[3];Ensembl.UCSC:174701[3>0]	ENSG00000136492	CURATED:10[0];HGNC.Current:2206[1];HGNC.Current:2696[8>1];HGNC.Current:2696[1];HGNC.Current:2696[1>0];Ensembl.HGNC:174538[3>0]
uc289fqo.1	Ensembl.UCSC:174696[3];Ensembl.UCSC:174696[3>0]	ENSG00000136492	CURATED:10[0];HGNC.Current:2206[1];HGNC.Current:2696[8>1];HGNC.Current:2696[1];HGNC.Current:2696[1>0];Ensembl.HGNC:174538[3>0]
uc289ftl.1	Ensembl.UCSC:188848[3];Ensembl.UCSC:188848[3>0]	ENSG00000110693	CURATED:231[0];HGNC.Current:37140[1];HGNC.Current:37140[1>0];Ensembl.HGNC:188565[3>0]
uc289gee.1	Ensembl.UCSC:124655[3];Ensembl.UCSC:124655[3>0]	ENSG00000101076	CURATED:100[0];HGNC.Current:11954[1];HGNC.Current:11954[1>0];Ensembl.HGNC:124322[3>0]
uc289ghq.1	Ensembl.UCSC:124652[3];Ensembl.UCSC:124652[3>0]	ENSG00000101076	CURATED:100[0];HGNC.Current:11954[1];HGNC.Current:11954[1>0];Ensembl.HGNC:124322[3>0]
uc289gij.1	Ensembl.UCSC:148902[3];Ensembl.UCSC:148902[3>0]	ENSG00000049768	CURATED:74[0];HGNC.Current:9483[1];HGNC.Current:9483[1>0];Ensembl.HGNC:148487[3>0]
uc289gnt.1	Ensembl.UCSC:163383[3];Ensembl.UCSC:163383[3>0]	ENSG00000109906	CURATED:269[0];HGNC.Current:42806[1];HGNC.Current:42806[1>0];Ensembl.HGNC:163499[3>0]
uc289gun.1	Ensembl.UCSC:174671[3];Ensembl.UCSC:174671[3>0]	ENSG00000136492	CURATED:10[0];HGNC.Current:2206[1];HGNC.Current:2696[8>1];HGNC.Current:2696[1];HGNC.Current:2696[1>0];Ensembl.HGNC:174538[3>0]
uc289gus.1	Ensembl.UCSC:124657[3];Ensembl.UCSC:124657[3>0]	ENSG00000101076	CURATED:100[0];HGNC.Current:11954[1];HGNC.Current:11954[1>0];Ensembl.HGNC:124322[3>0]
uc289gyw.1	Ensembl.UCSC:174664[3];Ensembl.UCSC:174664[3>0]	ENSG00000136492	CURATED:10[0];HGNC.Current:2206[1];HGNC.Current:2696[8>1];HGNC.Current:2696[1];HGNC.Current:2696[1>0];Ensembl.HGNC:174538[3>0]
uc289gzy.1	Ensembl.UCSC:163368[3];Ensembl.UCSC:163368[3>0]	ENSG00000109906	CURATED:269[0];HGNC.Current:42806[1];HGNC.Current:42806[1>0];Ensembl.HGNC:163499[3>0]
uc289ham.1	Ensembl.UCSC:174657[3];Ensembl.UCSC:174657[3>0]	ENSG00000136492	CURATED:10[0];HGNC.Current:2206[1];HGNC.Current:2696[8>1];HGNC.Current:2696[1];HGNC.Current:2696[1>0];Ensembl.HGNC:174538[3>0]
uc289hfz.1	Ensembl.UCSC:174660[3];Ensembl.UCSC:174660[3>0]	ENSG00000136492	CURATED:10[0];HGNC.Current:2206[1];HGNC.Current:2696[8>1];HGNC.Current:2696[1];HGNC.Current:2696[1>0];Ensembl.HGNC:174538[3>0]
uc315kbn.1	Ensembl.UCSC:116871[3];Ensembl.UCSC:116871[3>0]	ENSG00000165588	CURATED:194[0];HGNC.Current:24603[1];HGNC.Current:24603[1>0];Ensembl.HGNC:116891[3>0]
uc315khf.1	Ensembl.UCSC:167576[3];Ensembl.UCSC:167576[3>0]	ENSG00000095794	CURATED:25[0];HGNC.Current:5517[1];HGNC.Current:5517[1>0];Ensembl.HGNC:166924[3>0]
uc315kmh.1	Ensembl.UCSC:216098[3];Ensembl.UCSC:216098[3>0]	ENSG00000077092	CURATED:207[0];HGNC.Current:27803[1];HGNC.Current:27803[1>0];Ensembl.HGNC:215599[3>0]
uc315kwj.1	Ensembl.UCSC:175953[3];Ensembl.UCSC:175953[3>0]	ENSG00000068305	CURATED:161[0];HGNC.Current:18376[1];HGNC.Current:18376[1>0];Ensembl.HGNC:175896[3>0]
uc315ljy.1	Ensembl.UCSC:148648[3];Ensembl.UCSC:148648[3>0]	ENSG00000109381	CURATED:43[0];HGNC.Current:7811[1];HGNC.Current:7811[1>0];Ensembl.HGNC:148522[3>0]
uc315mbd.1	Ensembl.UCSC:167857[3];Ensembl.UCSC:167857[3>0]	ENSG00000095794	CURATED:25[0];HGNC.Current:5517[1];HGNC.Current:5517[1>0];Ensembl.HGNC:166924[3>0]
uc315mcd.1	Ensembl.UCSC:175990[3];Ensembl.UCSC:175990[3>0]	ENSG00000068305	CURATED:161[0];HGNC.Current:18376[1];HGNC.Current:18376[1>0];Ensembl.HGNC:175896[3>0]
uc315mge.1	Ensembl.UCSC:216058[3];Ensembl.UCSC:216058[3>0]	ENSG00000077092	CURATED:207[0];HGNC.Current:27803[1];HGNC.Current:27803[1>0];Ensembl.HGNC:215599[3>0]
uc315muj.1	Ensembl.UCSC:216094[3];Ensembl.UCSC:216094[3>0]	ENSG00000077092	CURATED:207[0];HGNC.Current:27803[1];HGNC.Current:27803[1>0];Ensembl.HGNC:215599[3>0]
uc315net.1	Ensembl.UCSC:216041[3];Ensembl.UCSC:216041[3>0]	ENSG00000077092	CURATED:207[0];HGNC.Current:27803[1];HGNC.Current:27803[1>0];Ensembl.HGNC:215599[3>0]
uc315nfy.1	Ensembl.UCSC:258426[3];Ensembl.UCSC:258426[3>0]	ENSG00000187098	CURATED:169[0];HGNC.Current:20644[1];HGNC.Current:20644[1>0];Ensembl.HGNC:258015[3>0]
uc315nkw.1	Ensembl.UCSC:216069[3];Ensembl.UCSC:216069[3>0]	ENSG00000077092	CURATED:207[0];HGNC.Current:27803[1];HGNC.Current:27803[1>0];Ensembl.HGNC:215599[3>0]
uc315nre.1	Ensembl.UCSC:216037[3];Ensembl.UCSC:216037[3>0]	ENSG00000077092	CURATED:207[0];HGNC.Current:27803[1];HGNC.Current:27803[1>0];Ensembl.HGNC:215599[3>0]
uc315pmb.1	Ensembl.UCSC:216065[3];Ensembl.UCSC:216065[3>0]	ENSG00000077092	CURATED:207[0];HGNC.Current:27803[1];HGNC.Current:27803[1>0];Ensembl.HGNC:215599[3>0]
uc315qbs.1	Ensembl.UCSC:237308[3];Ensembl.UCSC:237308[3>0]	ENSG00000169554	CURATED:272[0];HGNC.Current:42926[1];HGNC.Current:42926[1>0];Ensembl.HGNC:236783[3>0]
uc315qfg.1	Ensembl.UCSC:258458[3];Ensembl.UCSC:258458[3>0]	ENSG00000187098	CURATED:169[0];HGNC.Current:20644[1];HGNC.Current:20644[1>0];Ensembl.HGNC:258015[3>0]
uc315qre.1	Ensembl.UCSC:216128[3];Ensembl.UCSC:216128[3>0]	ENSG00000077092	CURATED:207[0];HGNC.Current:27803[1];HGNC.Current:27803[1>0];Ensembl.HGNC:215599[3>0]
uc315rev.1	Ensembl.UCSC:175985[3];Ensembl.UCSC:175985[3>0]	ENSG00000068305	CURATED:161[0];HGNC.Current:18376[1];HGNC.Current:18376[1>0];Ensembl.HGNC:175896[3>0]
uc315rif.1	Ensembl.UCSC:114522[3];Ensembl.UCSC:114522[3>0]	ENSG00000122877	CURATED:41[0];HGNC.Current:7620[1];HGNC.Current:7620[1>0];Ensembl.HGNC:114586[3>0]
uc315rrz.1	Ensembl.UCSC:216075[3];Ensembl.UCSC:216075[3>0]	ENSG00000077092	CURATED:207[0];HGNC.Current:27803[1];HGNC.Current:27803[1>0];Ensembl.HGNC:215599[3>0]
uc315ryv.1	Ensembl.UCSC:216055[3];Ensembl.UCSC:216055[3>0]	ENSG00000077092	CURATED:207[0];HGNC.Current:27803[1];HGNC.Current:27803[1>0];Ensembl.HGNC:215599[3>0]
uc315spk.1	Ensembl.UCSC:255555[3];Ensembl.UCSC:255555[3>0]	ENSG00000162367	CURATED:246[0];HGNC.Current:38264[1];HGNC.Current:38264[1>0];Ensembl.HGNC:255251[3>0]
uc315tib.1	Ensembl.UCSC:175989[3];Ensembl.UCSC:175989[3>0]	ENSG00000068305	CURATED:161[0];HGNC.Current:18376[1];HGNC.Current:18376[1>0];Ensembl.HGNC:175896[3>0]
uc315tll.1	Ensembl.UCSC:216122[3];Ensembl.UCSC:216122[3>0]	ENSG00000077092	CURATED:207[0];HGNC.Current:27803[1];HGNC.Current:27803[1>0];Ensembl.HGNC:215599[3>0]
uc315tmp.1	Ensembl.UCSC:114520[3];Ensembl.UCSC:114520[3>0]	ENSG00000122877	CURATED:41[0];HGNC.Current:7620[1];HGNC.Current:7620[1>0];Ensembl.HGNC:114586[3>0]
uc315tye.1	Ensembl.UCSC:216091[3];Ensembl.UCSC:216091[3>0]	ENSG00000077092	CURATED:207[0];HGNC.Current:27803[1];HGNC.Current:27803[1>0];Ensembl.HGNC:215599[3>0]
uc315vah.1	Ensembl.UCSC:216111[3];Ensembl.UCSC:216111[3>0]	ENSG00000077092	CURATED:207[0];HGNC.Current:27803[1];HGNC.Current:27803[1>0];Ensembl.HGNC:215599[3>0]
uc315vng.1	Ensembl.UCSC:191131[3];Ensembl.UCSC:191131[3>0]	ENSG00000028277	CURATED:202[0];HGNC.Current:26332[1];HGNC.Current:26332[1>0];Ensembl.HGNC:190104[3>0]
uc315vpi.1	Ensembl.UCSC:258430[3];Ensembl.UCSC:258430[3>0]	ENSG00000187098	CURATED:169[0];HGNC.Current:20644[1];HGNC.Current:20644[1>0];Ensembl.HGNC:258015[3>0]
uc315vyf.1	Ensembl.UCSC:216087[3];Ensembl.UCSC:216087[3>0]	ENSG00000077092	CURATED:207[0];HGNC.Current:27803[1];HGNC.Current:27803[1>0];Ensembl.HGNC:215599[3>0]
uc315wjh.1	Ensembl.UCSC:258476[3];Ensembl.UCSC:258476[3>0]	ENSG00000187098	CURATED:169[0];HGNC.Current:20644[1];HGNC.Current:20644[1>0];Ensembl.HGNC:258015[3>0]
uc315wkm.1	Ensembl.UCSC:216125[3];Ensembl.UCSC:216125[3>0]	ENSG00000077092	CURATED:207[0];HGNC.Current:27803[1];HGNC.Current:27803[1>0];Ensembl.HGNC:215599[3>0]
uc315xzi.1	Ensembl.UCSC:169547[3];Ensembl.UCSC:169547[3>0]	ENSG00000124496	CURATED:263[0];HGNC.Current:40191[1];HGNC.Current:40191[1>0];Ensembl.HGNC:169689[3>0]
uc315xzj.1	Ensembl.UCSC:169528[3];Ensembl.UCSC:169528[3>0]	ENSG00000124496	CURATED:263[0];HGNC.Current:40191[1];HGNC.Current:40191[1>0];Ensembl.HGNC:169689[3>0]
uc315yab.1	Ensembl.UCSC:169532[3];Ensembl.UCSC:169532[3>0]	ENSG00000124496	CURATED:263[0];HGNC.Current:40191[1];HGNC.Current:40191[1>0];Ensembl.HGNC:169689[3>0]
uc315yfv.1	Ensembl.UCSC:170978[3];Ensembl.UCSC:170978[3>0]	ENSG00000092067	CURATED:21[0];HGNC.Current:4284[1];HGNC.Current:4284[1>0];Ensembl.HGNC:171124[3>0]
uc315yfw.1	Ensembl.UCSC:170981[3];Ensembl.UCSC:170981[3>0]	ENSG00000092067	CURATED:21[0];HGNC.Current:4284[1];HGNC.Current:4284[1>0];Ensembl.HGNC:171124[3>0]
uc315yry.1	Ensembl.UCSC:136148[3];Ensembl.UCSC:136148[3>0]	ENSG00000102145	CURATED:76[0];HGNC.Current:10067[1];HGNC.Current:10067[1>0];Ensembl.HGNC:136420[3>0]
uc315yrz.1	Ensembl.UCSC:136161[3];Ensembl.UCSC:136161[3>0]	ENSG00000102145	CURATED:76[0];HGNC.Current:10067[1];HGNC.Current:10067[1>0];Ensembl.HGNC:136420[3>0]
uc315ysa.1	Ensembl.UCSC:136164[3];Ensembl.UCSC:136164[3>0]	ENSG00000102145	CURATED:76[0];HGNC.Current:10067[1];HGNC.Current:10067[1>0];Ensembl.HGNC:136420[3>0]
uc315yso.1	Ensembl.UCSC:257615[3];Ensembl.UCSC:257615[3>0]	ENSG00000179348	CURATED:77[0];HGNC.Current:10068[1];HGNC.Current:10068[1>0];Ensembl.HGNC:257262[3>0]
uc315yzo.1	Ensembl.UCSC:257640[3];Ensembl.UCSC:257640[3>0]	ENSG00000179348	CURATED:77[0];HGNC.Current:10068[1];HGNC.Current:10068[1>0];Ensembl.HGNC:257262[3>0]
uc315yzp.1	Ensembl.UCSC:257644[3];Ensembl.UCSC:257644[3>0]	ENSG00000179348	CURATED:77[0];HGNC.Current:10068[1];HGNC.Current:10068[1>0];Ensembl.HGNC:257262[3>0]
uc315yzq.1	Ensembl.UCSC:257655[3];Ensembl.UCSC:257655[3>0]	ENSG00000179348	CURATED:77[0];HGNC.Current:10068[1];HGNC.Current:10068[1>0];Ensembl.HGNC:257262[3>0]
uc315yzr.1	Ensembl.UCSC:257664[3];Ensembl.UCSC:257664[3>0]	ENSG00000179348	CURATED:77[0];HGNC.Current:10068[1];HGNC.Current:10068[1>0];Ensembl.HGNC:257262[3>0]
uc315yzw.1	Ensembl.UCSC:257649[3];Ensembl.UCSC:257649[3>0]	ENSG00000179348	CURATED:77[0];HGNC.Current:10068[1];HGNC.Current:10068[1>0];Ensembl.HGNC:257262[3>0]
uc315zac.1	Ensembl.UCSC:265440[3];Ensembl.UCSC:265440[3>0]	ENSG00000162676	CURATED:83[0];HGNC.Current:10204[1];HGNC.Current:10204[1>0];Ensembl.HGNC:265092[3>0]
uc315zad.1	Ensembl.UCSC:265447[3];Ensembl.UCSC:265447[3>0]	ENSG00000162676	CURATED:83[0];HGNC.Current:10204[1];HGNC.Current:10204[1>0];Ensembl.HGNC:265092[3>0]
uc315zae.1	Ensembl.UCSC:265451[3];Ensembl.UCSC:265451[3>0]	ENSG00000162676	CURATED:83[0];HGNC.Current:10204[1];HGNC.Current:10204[1>0];Ensembl.HGNC:265092[3>0]
uc315zaf.1	Ensembl.UCSC:265453[3];Ensembl.UCSC:265453[3>0]	ENSG00000162676	CURATED:83[0];HGNC.Current:10204[1];HGNC.Current:10204[1>0];Ensembl.HGNC:265092[3>0]
uc315zag.1	Ensembl.UCSC:265456[3];Ensembl.UCSC:265456[3>0]	ENSG00000162676	CURATED:83[0];HGNC.Current:10204[1];HGNC.Current:10204[1>0];Ensembl.HGNC:265092[3>0]
uc315zah.1	Ensembl.UCSC:257585[3];Ensembl.UCSC:257585[3>0]	ENSG00000179348	CURATED:77[0];HGNC.Current:10068[1];HGNC.Current:10068[1>0];Ensembl.HGNC:257262[3>0]
uc315zhx.1	Ensembl.UCSC:172521[3];Ensembl.UCSC:172521[3>0]	ENSG00000137265	CURATED:129[0];HGNC.Current:13501[1];HGNC.Current:13501[1>0];Ensembl.HGNC:172659[3>0]
uc315zhy.1	Ensembl.UCSC:172529[3];Ensembl.UCSC:172529[3>0]	ENSG00000137265	CURATED:129[0];HGNC.Current:13501[1];HGNC.Current:13501[1>0];Ensembl.HGNC:172659[3>0]
uc315zhz.1	Ensembl.UCSC:172541[3];Ensembl.UCSC:172541[3>0]	ENSG00000137265	CURATED:129[0];HGNC.Current:13501[1];HGNC.Current:13501[1>0];Ensembl.HGNC:172659[3>0]
uc315zik.1	Ensembl.UCSC:190454[3];Ensembl.UCSC:190454[3>0]	ENSG00000140968	CURATED:131[0];HGNC.Current:13506[1];HGNC.Current:13506[1>0];Ensembl.HGNC:190659[3>0]
uc315zil.1	Ensembl.UCSC:190489[3];Ensembl.UCSC:190489[3>0]	ENSG00000140968	CURATED:131[0];HGNC.Current:13506[1];HGNC.Current:13506[1>0];Ensembl.HGNC:190659[3>0]
uc315zim.1	Ensembl.UCSC:190497[3];Ensembl.UCSC:190497[3>0]	ENSG00000140968	CURATED:131[0];HGNC.Current:13506[1];HGNC.Current:13506[1>0];Ensembl.HGNC:190659[3>0]
uc315zin.1	Ensembl.UCSC:190509[3];Ensembl.UCSC:190509[3>0]	ENSG00000140968	CURATED:131[0];HGNC.Current:13506[1];HGNC.Current:13506[1>0];Ensembl.HGNC:190659[3>0]
uc315zio.1	Ensembl.UCSC:190542[3];Ensembl.UCSC:190542[3>0]	ENSG00000140968	CURATED:131[0];HGNC.Current:13506[1];HGNC.Current:13506[1>0];Ensembl.HGNC:190659[3>0]
uc315zip.1	Ensembl.UCSC:190547[3];Ensembl.UCSC:190547[3>0]	ENSG00000140968	CURATED:131[0];HGNC.Current:13506[1];HGNC.Current:13506[1>0];Ensembl.HGNC:190659[3>0]
uc315ziq.1	Ensembl.UCSC:190556[3];Ensembl.UCSC:190556[3>0]	ENSG00000140968	CURATED:131[0];HGNC.Current:13506[1];HGNC.Current:13506[1>0];Ensembl.HGNC:190659[3>0]
uc315zly.1	Ensembl.UCSC:228588[3];Ensembl.UCSC:228588[3>0]	ENSG00000151702	CURATED:56[0];HGNC.Current:9325[1];HGNC.Current:9325[1>0];Ensembl.HGNC:228559[3>0]
uc316aou.1	Ensembl.UCSC:162997[3];Ensembl.UCSC:162997[3>0]	ENSG00000109320	CURATED:184[0];HGNC.Current:22673[1];HGNC.Current:22673[1>0];Ensembl.HGNC:162880[3>0]
uc316aov.1	Ensembl.UCSC:163000[3];Ensembl.UCSC:163000[3>0]	ENSG00000109320	CURATED:184[0];HGNC.Current:22673[1];HGNC.Current:22673[1>0];Ensembl.HGNC:162880[3>0]
uc316aow.1	Ensembl.UCSC:163006[3];Ensembl.UCSC:163006[3>0]	ENSG00000109320	CURATED:184[0];HGNC.Current:22673[1];HGNC.Current:22673[1>0];Ensembl.HGNC:162880[3>0]
uc316aox.1	Ensembl.UCSC:163008[3];Ensembl.UCSC:163008[3>0]	ENSG00000109320	CURATED:184[0];HGNC.Current:22673[1];HGNC.Current:22673[1>0];Ensembl.HGNC:162880[3>0]
uc316aoy.1	Ensembl.UCSC:163015[3];Ensembl.UCSC:163015[3>0]	ENSG00000109320	CURATED:184[0];HGNC.Current:22673[1];HGNC.Current:22673[1>0];Ensembl.HGNC:162880[3>0]
uc316aoz.1	Ensembl.UCSC:163021[3];Ensembl.UCSC:163021[3>0]	ENSG00000109320	CURATED:184[0];HGNC.Current:22673[1];HGNC.Current:22673[1>0];Ensembl.HGNC:162880[3>0]
uc316apa.1	Ensembl.UCSC:163052[3];Ensembl.UCSC:163052[3>0]	ENSG00000109320	CURATED:184[0];HGNC.Current:22673[1];HGNC.Current:22673[1>0];Ensembl.HGNC:162880[3>0]
uc316apb.1	Ensembl.UCSC:163058[3];Ensembl.UCSC:163058[3>0]	ENSG00000109320	CURATED:184[0];HGNC.Current:22673[1];HGNC.Current:22673[1>0];Ensembl.HGNC:162880[3>0]
uc316apc.1	Ensembl.UCSC:163071[3];Ensembl.UCSC:163071[3>0]	ENSG00000109320	CURATED:184[0];HGNC.Current:22673[1];HGNC.Current:22673[1>0];Ensembl.HGNC:162880[3>0]
uc316apd.1	Ensembl.UCSC:163075[3];Ensembl.UCSC:163075[3>0]	ENSG00000109320	CURATED:184[0];HGNC.Current:22673[1];HGNC.Current:22673[1>0];Ensembl.HGNC:162880[3>0]
uc316ape.1	Ensembl.UCSC:163079[3];Ensembl.UCSC:163079[3>0]	ENSG00000109320	CURATED:184[0];HGNC.Current:22673[1];HGNC.Current:22673[1>0];Ensembl.HGNC:162880[3>0]
uc316apl.1	Ensembl.UCSC:268102[3];Ensembl.UCSC:268102[3>0]	ENSG00000143365	CURATED:213[0];HGNC.Current:32139[1];HGNC.Current:32139[1>0];Ensembl.HGNC:267709[3>0]
uc316apm.1	Ensembl.UCSC:268109[3];Ensembl.UCSC:268109[3>0]	ENSG00000143365	CURATED:213[0];HGNC.Current:32139[1];HGNC.Current:32139[1>0];Ensembl.HGNC:267709[3>0]
uc316apn.1	Ensembl.UCSC:268110[3];Ensembl.UCSC:268110[3>0]	ENSG00000143365	CURATED:213[0];HGNC.Current:32139[1];HGNC.Current:32139[1>0];Ensembl.HGNC:267709[3>0]
uc316bao.1	Ensembl.UCSC:257277[3];Ensembl.UCSC:257277[3>0]	ENSG00000115415	CURATED:241[0];HGNC.Current:37777[1];HGNC.Current:37777[1>0];Ensembl.HGNC:256520[3>0]
uc316bap.1	Ensembl.UCSC:257278[3];Ensembl.UCSC:257278[3>0]	ENSG00000115415	CURATED:241[0];HGNC.Current:37777[1];HGNC.Current:37777[1>0];Ensembl.HGNC:256520[3>0]
uc316baq.1	Ensembl.UCSC:257311[3];Ensembl.UCSC:257311[3>0]	ENSG00000115415	CURATED:241[0];HGNC.Current:37777[1];HGNC.Current:37777[1>0];Ensembl.HGNC:256520[3>0]
uc316bar.1	Ensembl.UCSC:257331[3];Ensembl.UCSC:257331[3>0]	ENSG00000115415	CURATED:241[0];HGNC.Current:37777[1];HGNC.Current:37777[1>0];Ensembl.HGNC:256520[3>0]
uc316bas.1	Ensembl.UCSC:257335[3];Ensembl.UCSC:257335[3>0]	ENSG00000115415	CURATED:241[0];HGNC.Current:37777[1];HGNC.Current:37777[1>0];Ensembl.HGNC:256520[3>0]
uc316bat.1	Ensembl.UCSC:257338[3];Ensembl.UCSC:257338[3>0]	ENSG00000115415	CURATED:241[0];HGNC.Current:37777[1];HGNC.Current:37777[1>0];Ensembl.HGNC:256520[3>0]
uc316bau.1	Ensembl.UCSC:257342[3];Ensembl.UCSC:257342[3>0]	ENSG00000115415	CURATED:241[0];HGNC.Current:37777[1];HGNC.Current:37777[1>0];Ensembl.HGNC:256520[3>0]
uc316bav.1	Ensembl.UCSC:257346[3];Ensembl.UCSC:257346[3>0]	ENSG00000115415	CURATED:241[0];HGNC.Current:37777[1];HGNC.Current:37777[1>0];Ensembl.HGNC:256520[3>0]
uc316baw.1	Ensembl.UCSC:257349[3];Ensembl.UCSC:257349[3>0]	ENSG00000115415	CURATED:241[0];HGNC.Current:37777[1];HGNC.Current:37777[1>0];Ensembl.HGNC:256520[3>0]
uc316bax.1	Ensembl.UCSC:257403[3];Ensembl.UCSC:257403[3>0]	ENSG00000115415	CURATED:241[0];HGNC.Current:37777[1];HGNC.Current:37777[1>0];Ensembl.HGNC:256520[3>0]
uc316bay.1	Ensembl.UCSC:257449[3];Ensembl.UCSC:257449[3>0]	ENSG00000115415	CURATED:241[0];HGNC.Current:37777[1];HGNC.Current:37777[1>0];Ensembl.HGNC:256520[3>0]
uc316bdm.1	Ensembl.UCSC:163067[3];Ensembl.UCSC:163067[3>0]	ENSG00000109320	CURATED:184[0];HGNC.Current:22673[1];HGNC.Current:22673[1>0];Ensembl.HGNC:162880[3>0]
uc316bqm.1	Ensembl.UCSC:188405[3];Ensembl.UCSC:188405[3>0]	ENSG00000185811	CURATED:125[0];HGNC.Current:13181[1];HGNC.Current:13181[1>0];Ensembl.HGNC:188341[3>0]
uc316bqn.1	Ensembl.UCSC:188433[3];Ensembl.UCSC:188433[3>0]	ENSG00000185811	CURATED:125[0];HGNC.Current:13181[1];HGNC.Current:13181[1>0];Ensembl.HGNC:188341[3>0]
uc316bqo.1	Ensembl.UCSC:188493[3];Ensembl.UCSC:188493[3>0]	ENSG00000185811	CURATED:125[0];HGNC.Current:13181[1];HGNC.Current:13181[1>0];Ensembl.HGNC:188341[3>0]
uc316bqp.1	Ensembl.UCSC:188497[3];Ensembl.UCSC:188497[3>0]	ENSG00000185811	CURATED:125[0];HGNC.Current:13181[1];HGNC.Current:13181[1>0];Ensembl.HGNC:188341[3>0]
uc316bqq.1	Ensembl.UCSC:188525[3];Ensembl.UCSC:188525[3>0]	ENSG00000185811	CURATED:125[0];HGNC.Current:13181[1];HGNC.Current:13181[1>0];Ensembl.HGNC:188341[3>0]
uc316cpb.1	Ensembl.UCSC:261226[3];Ensembl.UCSC:261226[3>0]	ENSG00000116044	CURATED:182[0];HGNC.Current:22659[1];HGNC.Current:22659[1>0];Ensembl.HGNC:260805[3>0]
uc316cpe.1	Ensembl.UCSC:261283[3];Ensembl.UCSC:261283[3>0]	ENSG00000116044	CURATED:182[0];HGNC.Current:22659[1];HGNC.Current:22659[1>0];Ensembl.HGNC:260805[3>0]
uc316cpf.1	Ensembl.UCSC:261293[3];Ensembl.UCSC:261293[3>0]	ENSG00000116044	CURATED:182[0];HGNC.Current:22659[1];HGNC.Current:22659[1>0];Ensembl.HGNC:260805[3>0]
uc316cqt.1	Ensembl.UCSC:261253[3];Ensembl.UCSC:261253[3>0]	ENSG00000116044	CURATED:182[0];HGNC.Current:22659[1];HGNC.Current:22659[1>0];Ensembl.HGNC:260805[3>0]
uc316cqu.1	Ensembl.UCSC:261256[3];Ensembl.UCSC:261256[3>0]	ENSG00000116044	CURATED:182[0];HGNC.Current:22659[1];HGNC.Current:22659[1>0];Ensembl.HGNC:260805[3>0]
uc316crx.1	Ensembl.UCSC:261210[3];Ensembl.UCSC:261210[3>0]	ENSG00000116044	CURATED:182[0];HGNC.Current:22659[1];HGNC.Current:22659[1>0];Ensembl.HGNC:260805[3>0]
uc316cry.1	Ensembl.UCSC:261214[3];Ensembl.UCSC:261214[3>0]	ENSG00000116044	CURATED:182[0];HGNC.Current:22659[1];HGNC.Current:22659[1>0];Ensembl.HGNC:260805[3>0]
uc316crz.1	Ensembl.UCSC:261272[3];Ensembl.UCSC:261272[3>0]	ENSG00000116044	CURATED:182[0];HGNC.Current:22659[1];HGNC.Current:22659[1>0];Ensembl.HGNC:260805[3>0]
uc316csa.1	Ensembl.UCSC:261317[3];Ensembl.UCSC:261317[3>0]	ENSG00000116044	CURATED:182[0];HGNC.Current:22659[1];HGNC.Current:22659[1>0];Ensembl.HGNC:260805[3>0]
uc316csb.1	Ensembl.UCSC:261280[3];Ensembl.UCSC:261280[3>0]	ENSG00000116044	CURATED:182[0];HGNC.Current:22659[1];HGNC.Current:22659[1>0];Ensembl.HGNC:260805[3>0]
uc316csc.1	Ensembl.UCSC:261295[3];Ensembl.UCSC:261295[3>0]	ENSG00000116044	CURATED:182[0];HGNC.Current:22659[1];HGNC.Current:22659[1>0];Ensembl.HGNC:260805[3>0]
uc316csd.1	Ensembl.UCSC:261349[3];Ensembl.UCSC:261349[3>0]	ENSG00000116044	CURATED:182[0];HGNC.Current:22659[1];HGNC.Current:22659[1>0];Ensembl.HGNC:260805[3>0]
uc316cse.1	Ensembl.UCSC:261353[3];Ensembl.UCSC:261353[3>0]	ENSG00000116044	CURATED:182[0];HGNC.Current:22659[1];HGNC.Current:22659[1>0];Ensembl.HGNC:260805[3>0]
uc316csf.1	Ensembl.UCSC:261372[3];Ensembl.UCSC:261372[3>0]	ENSG00000116044	CURATED:182[0];HGNC.Current:22659[1];HGNC.Current:22659[1>0];Ensembl.HGNC:260805[3>0]
uc316csg.1	Ensembl.UCSC:261313[3];Ensembl.UCSC:261313[3>0]	ENSG00000116044	CURATED:182[0];HGNC.Current:22659[1];HGNC.Current:22659[1>0];Ensembl.HGNC:260805[3>0]
uc316csh.1	Ensembl.UCSC:261338[3];Ensembl.UCSC:261338[3>0]	ENSG00000116044	CURATED:182[0];HGNC.Current:22659[1];HGNC.Current:22659[1>0];Ensembl.HGNC:260805[3>0]
uc316csi.1	Ensembl.UCSC:261345[3];Ensembl.UCSC:261345[3>0]	ENSG00000116044	CURATED:182[0];HGNC.Current:22659[1];HGNC.Current:22659[1>0];Ensembl.HGNC:260805[3>0]
uc316csj.1	Ensembl.UCSC:261386[3];Ensembl.UCSC:261386[3>0]	ENSG00000116044	CURATED:182[0];HGNC.Current:22659[1];HGNC.Current:22659[1>0];Ensembl.HGNC:260805[3>0]
uc316csk.1	Ensembl.UCSC:261388[3];Ensembl.UCSC:261388[3>0]	ENSG00000116044	CURATED:182[0];HGNC.Current:22659[1];HGNC.Current:22659[1>0];Ensembl.HGNC:260805[3>0]
uc316ctc.1	Ensembl.UCSC:261241[3];Ensembl.UCSC:261241[3>0]	ENSG00000116044	CURATED:182[0];HGNC.Current:22659[1];HGNC.Current:22659[1>0];Ensembl.HGNC:260805[3>0]
uc316ctd.1	Ensembl.UCSC:261266[3];Ensembl.UCSC:261266[3>0]	ENSG00000116044	CURATED:182[0];HGNC.Current:22659[1];HGNC.Current:22659[1>0];Ensembl.HGNC:260805[3>0]
uc316cte.1	Ensembl.UCSC:261269[3];Ensembl.UCSC:261269[3>0]	ENSG00000116044	CURATED:182[0];HGNC.Current:22659[1];HGNC.Current:22659[1>0];Ensembl.HGNC:260805[3>0]
uc316ctf.1	Ensembl.UCSC:261298[3];Ensembl.UCSC:261298[3>0]	ENSG00000116044	CURATED:182[0];HGNC.Current:22659[1];HGNC.Current:22659[1>0];Ensembl.HGNC:260805[3>0]
uc316ctg.1	Ensembl.UCSC:261334[3];Ensembl.UCSC:261334[3>0]	ENSG00000116044	CURATED:182[0];HGNC.Current:22659[1];HGNC.Current:22659[1>0];Ensembl.HGNC:260805[3>0]
uc316cth.1	Ensembl.UCSC:261342[3];Ensembl.UCSC:261342[3>0]	ENSG00000116044	CURATED:182[0];HGNC.Current:22659[1];HGNC.Current:22659[1>0];Ensembl.HGNC:260805[3>0]
uc316ctq.1	Ensembl.UCSC:261222[3];Ensembl.UCSC:261222[3>0]	ENSG00000116044	CURATED:182[0];HGNC.Current:22659[1];HGNC.Current:22659[1>0];Ensembl.HGNC:260805[3>0]
uc316ctr.1	Ensembl.UCSC:261304[3];Ensembl.UCSC:261304[3>0]	ENSG00000116044	CURATED:182[0];HGNC.Current:22659[1];HGNC.Current:22659[1>0];Ensembl.HGNC:260805[3>0]
uc316cts.1	Ensembl.UCSC:261321[3];Ensembl.UCSC:261321[3>0]	ENSG00000116044	CURATED:182[0];HGNC.Current:22659[1];HGNC.Current:22659[1>0];Ensembl.HGNC:260805[3>0]
uc316ctt.1	Ensembl.UCSC:261324[3];Ensembl.UCSC:261324[3>0]	ENSG00000116044	CURATED:182[0];HGNC.Current:22659[1];HGNC.Current:22659[1>0];Ensembl.HGNC:260805[3>0]
uc316ctu.1	Ensembl.UCSC:261326[3];Ensembl.UCSC:261326[3>0]	ENSG00000116044	CURATED:182[0];HGNC.Current:22659[1];HGNC.Current:22659[1>0];Ensembl.HGNC:260805[3>0]
uc316ctv.1	Ensembl.UCSC:261336[3];Ensembl.UCSC:261336[3>0]	ENSG00000116044	CURATED:182[0];HGNC.Current:22659[1];HGNC.Current:22659[1>0];Ensembl.HGNC:260805[3>0]
uc316ctw.1	Ensembl.UCSC:261340[3];Ensembl.UCSC:261340[3>0]	ENSG00000116044	CURATED:182[0];HGNC.Current:22659[1];HGNC.Current:22659[1>0];Ensembl.HGNC:260805[3>0]
uc316ctx.1	Ensembl.UCSC:261347[3];Ensembl.UCSC:261347[3>0]	ENSG00000116044	CURATED:182[0];HGNC.Current:22659[1];HGNC.Current:22659[1>0];Ensembl.HGNC:260805[3>0]
uc316cty.1	Ensembl.UCSC:261351[3];Ensembl.UCSC:261351[3>0]	ENSG00000116044	CURATED:182[0];HGNC.Current:22659[1];HGNC.Current:22659[1>0];Ensembl.HGNC:260805[3>0]
uc316ctz.1	Ensembl.UCSC:261370[3];Ensembl.UCSC:261370[3>0]	ENSG00000116044	CURATED:182[0];HGNC.Current:22659[1];HGNC.Current:22659[1>0];Ensembl.HGNC:260805[3>0]
uc316cua.1	Ensembl.UCSC:261379[3];Ensembl.UCSC:261379[3>0]	ENSG00000116044	CURATED:182[0];HGNC.Current:22659[1];HGNC.Current:22659[1>0];Ensembl.HGNC:260805[3>0]
uc316cub.1	Ensembl.UCSC:261383[3];Ensembl.UCSC:261383[3>0]	ENSG00000116044	CURATED:182[0];HGNC.Current:22659[1];HGNC.Current:22659[1>0];Ensembl.HGNC:260805[3>0]
uc316cwa.1	Ensembl.UCSC:261230[3];Ensembl.UCSC:261230[3>0]	ENSG00000116044	CURATED:182[0];HGNC.Current:22659[1];HGNC.Current:22659[1>0];Ensembl.HGNC:260805[3>0]
uc316cwb.1	Ensembl.UCSC:261238[3];Ensembl.UCSC:261238[3>0]	ENSG00000116044	CURATED:182[0];HGNC.Current:22659[1];HGNC.Current:22659[1>0];Ensembl.HGNC:260805[3>0]
uc316cwc.1	Ensembl.UCSC:261299[3];Ensembl.UCSC:261299[3>0]	ENSG00000116044	CURATED:182[0];HGNC.Current:22659[1];HGNC.Current:22659[1>0];Ensembl.HGNC:260805[3>0]
uc316cwd.1	Ensembl.UCSC:261302[3];Ensembl.UCSC:261302[3>0]	ENSG00000116044	CURATED:182[0];HGNC.Current:22659[1];HGNC.Current:22659[1>0];Ensembl.HGNC:260805[3>0]
uc316cwe.1	Ensembl.UCSC:261310[3];Ensembl.UCSC:261310[3>0]	ENSG00000116044	CURATED:182[0];HGNC.Current:22659[1];HGNC.Current:22659[1>0];Ensembl.HGNC:260805[3>0]
uc316cwf.1	Ensembl.UCSC:261330[3];Ensembl.UCSC:261330[3>0]	ENSG00000116044	CURATED:182[0];HGNC.Current:22659[1];HGNC.Current:22659[1>0];Ensembl.HGNC:260805[3>0]
uc316cwg.1	Ensembl.UCSC:261356[3];Ensembl.UCSC:261356[3>0]	ENSG00000116044	CURATED:182[0];HGNC.Current:22659[1];HGNC.Current:22659[1>0];Ensembl.HGNC:260805[3>0]
uc316cwh.1	Ensembl.UCSC:261361[3];Ensembl.UCSC:261361[3>0]	ENSG00000116044	CURATED:182[0];HGNC.Current:22659[1];HGNC.Current:22659[1>0];Ensembl.HGNC:260805[3>0]
uc316cwi.1	Ensembl.UCSC:261366[3];Ensembl.UCSC:261366[3>0]	ENSG00000116044	CURATED:182[0];HGNC.Current:22659[1];HGNC.Current:22659[1>0];Ensembl.HGNC:260805[3>0]
uc316cwj.1	Ensembl.UCSC:261392[3];Ensembl.UCSC:261392[3>0]	ENSG00000116044	CURATED:182[0];HGNC.Current:22659[1];HGNC.Current:22659[1>0];Ensembl.HGNC:260805[3>0]
uc316cwk.1	Ensembl.UCSC:261394[3];Ensembl.UCSC:261394[3>0]	ENSG00000116044	CURATED:182[0];HGNC.Current:22659[1];HGNC.Current:22659[1>0];Ensembl.HGNC:260805[3>0]
uc316cwz.1	Ensembl.UCSC:261217[3];Ensembl.UCSC:261217[3>0]	ENSG00000116044	CURATED:182[0];HGNC.Current:22659[1];HGNC.Current:22659[1>0];Ensembl.HGNC:260805[3>0]
uc316cxa.1	Ensembl.UCSC:261235[3];Ensembl.UCSC:261235[3>0]	ENSG00000116044	CURATED:182[0];HGNC.Current:22659[1];HGNC.Current:22659[1>0];Ensembl.HGNC:260805[3>0]
uc316cxb.1	Ensembl.UCSC:261271[3];Ensembl.UCSC:261271[3>0]	ENSG00000116044	CURATED:182[0];HGNC.Current:22659[1];HGNC.Current:22659[1>0];Ensembl.HGNC:260805[3>0]
uc316cxc.1	Ensembl.UCSC:261291[3];Ensembl.UCSC:261291[3>0]	ENSG00000116044	CURATED:182[0];HGNC.Current:22659[1];HGNC.Current:22659[1>0];Ensembl.HGNC:260805[3>0]
uc316cxd.1	Ensembl.UCSC:261364[3];Ensembl.UCSC:261364[3>0]	ENSG00000116044	CURATED:182[0];HGNC.Current:22659[1];HGNC.Current:22659[1>0];Ensembl.HGNC:260805[3>0]
uc316dmh.1	Ensembl.UCSC:270309[3];Ensembl.UCSC:270309[3>0]	ENSG00000185630	CURATED:199[0];HGNC.Current:24905[1];HGNC.Current:24905[1>0];Ensembl.HGNC:269930[3>0]
uc316dmi.1	Ensembl.UCSC:270319[3];Ensembl.UCSC:270319[3>0]	ENSG00000185630	CURATED:199[0];HGNC.Current:24905[1];HGNC.Current:24905[1>0];Ensembl.HGNC:269930[3>0]
uc316dmj.1	Ensembl.UCSC:270320[3];Ensembl.UCSC:270320[3>0]	ENSG00000185630	CURATED:199[0];HGNC.Current:24905[1];HGNC.Current:24905[1>0];Ensembl.HGNC:269930[3>0]
uc316dmk.1	Ensembl.UCSC:270324[3];Ensembl.UCSC:270324[3>0]	ENSG00000185630	CURATED:199[0];HGNC.Current:24905[1];HGNC.Current:24905[1>0];Ensembl.HGNC:269930[3>0]
uc316doi.1	Ensembl.UCSC:177012[3];Ensembl.UCSC:177012[3>0]	ENSG00000134138	CURATED:165[0];HGNC.Current:18402[1];HGNC.Current:18402[1>0];Ensembl.HGNC:176618[3>0]
uc316doj.1	Ensembl.UCSC:177053[3];Ensembl.UCSC:177053[3>0]	ENSG00000134138	CURATED:165[0];HGNC.Current:18402[1];HGNC.Current:18402[1>0];Ensembl.HGNC:176618[3>0]
uc316dok.1	Ensembl.UCSC:177054[3];Ensembl.UCSC:177054[3>0]	ENSG00000134138	CURATED:165[0];HGNC.Current:18402[1];HGNC.Current:18402[1>0];Ensembl.HGNC:176618[3>0]
uc316dol.1	Ensembl.UCSC:177057[3];Ensembl.UCSC:177057[3>0]	ENSG00000134138	CURATED:165[0];HGNC.Current:18402[1];HGNC.Current:18402[1>0];Ensembl.HGNC:176618[3>0]
uc316dom.1	Ensembl.UCSC:177060[3];Ensembl.UCSC:177060[3>0]	ENSG00000134138	CURATED:165[0];HGNC.Current:18402[1];HGNC.Current:18402[1>0];Ensembl.HGNC:176618[3>0]
uc316don.1	Ensembl.UCSC:177065[3];Ensembl.UCSC:177065[3>0]	ENSG00000134138	CURATED:165[0];HGNC.Current:18402[1];HGNC.Current:18402[1>0];Ensembl.HGNC:176618[3>0]
uc316doo.1	Ensembl.UCSC:177084[3];Ensembl.UCSC:177084[3>0]	ENSG00000134138	CURATED:165[0];HGNC.Current:18402[1];HGNC.Current:18402[1>0];Ensembl.HGNC:176618[3>0]
uc316dop.1	Ensembl.UCSC:177086[3];Ensembl.UCSC:177086[3>0]	ENSG00000134138	CURATED:165[0];HGNC.Current:18402[1];HGNC.Current:18402[1>0];Ensembl.HGNC:176618[3>0]
uc316doq.1	Ensembl.UCSC:177105[3];Ensembl.UCSC:177105[3>0]	ENSG00000134138	CURATED:165[0];HGNC.Current:18402[1];HGNC.Current:18402[1>0];Ensembl.HGNC:176618[3>0]
uc316dqm.1	Ensembl.UCSC:177042[3];Ensembl.UCSC:177042[3>0]	ENSG00000134138	CURATED:165[0];HGNC.Current:18402[1];HGNC.Current:18402[1>0];Ensembl.HGNC:176618[3>0]
uc316dqn.1	Ensembl.UCSC:177063[3];Ensembl.UCSC:177063[3>0]	ENSG00000134138	CURATED:165[0];HGNC.Current:18402[1];HGNC.Current:18402[1>0];Ensembl.HGNC:176618[3>0]
uc316dqo.1	Ensembl.UCSC:177147[3];Ensembl.UCSC:177147[3>0]	ENSG00000134138	CURATED:165[0];HGNC.Current:18402[1];HGNC.Current:18402[1>0];Ensembl.HGNC:176618[3>0]
uc316dqv.1	Ensembl.UCSC:270547[3];Ensembl.UCSC:270547[3>0]	ENSG00000162599	CURATED:183[0];HGNC.Current:22664[1];HGNC.Current:22664[1>0];Ensembl.HGNC:270168[3>0]
uc316dqw.1	Ensembl.UCSC:270552[3];Ensembl.UCSC:270552[3>0]	ENSG00000162599	CURATED:183[0];HGNC.Current:22664[1];HGNC.Current:22664[1>0];Ensembl.HGNC:270168[3>0]
uc316dqx.1	Ensembl.UCSC:270555[3];Ensembl.UCSC:270555[3>0]	ENSG00000162599	CURATED:183[0];HGNC.Current:22664[1];HGNC.Current:22664[1>0];Ensembl.HGNC:270168[3>0]
uc316dqy.1	Ensembl.UCSC:270557[3];Ensembl.UCSC:270557[3>0]	ENSG00000162599	CURATED:183[0];HGNC.Current:22664[1];HGNC.Current:22664[1>0];Ensembl.HGNC:270168[3>0]
uc316dqz.1	Ensembl.UCSC:270569[3];Ensembl.UCSC:270569[3>0]	ENSG00000162599	CURATED:183[0];HGNC.Current:22664[1];HGNC.Current:22664[1>0];Ensembl.HGNC:270168[3>0]
uc316drr.1	Ensembl.UCSC:270550[3];Ensembl.UCSC:270550[3>0]	ENSG00000162599	CURATED:183[0];HGNC.Current:22664[1];HGNC.Current:22664[1>0];Ensembl.HGNC:270168[3>0]
uc316drs.1	Ensembl.UCSC:270554[3];Ensembl.UCSC:270554[3>0]	ENSG00000162599	CURATED:183[0];HGNC.Current:22664[1];HGNC.Current:22664[1>0];Ensembl.HGNC:270168[3>0]
uc316drx.1	Ensembl.UCSC:270546[3];Ensembl.UCSC:270546[3>0]	ENSG00000162599	CURATED:183[0];HGNC.Current:22664[1];HGNC.Current:22664[1>0];Ensembl.HGNC:270168[3>0]
uc316dry.1	Ensembl.UCSC:270560[3];Ensembl.UCSC:270560[3>0]	ENSG00000162599	CURATED:183[0];HGNC.Current:22664[1];HGNC.Current:22664[1>0];Ensembl.HGNC:270168[3>0]
uc316duj.1	Ensembl.UCSC:201688[3];Ensembl.UCSC:201688[3>0]	ENSG00000102908	CURATED:179[0];HGNC.Current:22649[1];HGNC.Current:22649[1>0];Ensembl.HGNC:201339[3>0]
uc316duk.1	Ensembl.UCSC:201690[3];Ensembl.UCSC:201690[3>0]	ENSG00000102908	CURATED:179[0];HGNC.Current:22649[1];HGNC.Current:22649[1>0];Ensembl.HGNC:201339[3>0]
uc316dul.1	Ensembl.UCSC:201724[3];Ensembl.UCSC:201724[3>0]	ENSG00000102908	CURATED:179[0];HGNC.Current:22649[1];HGNC.Current:22649[1>0];Ensembl.HGNC:201339[3>0]
uc316dum.1	Ensembl.UCSC:201725[3];Ensembl.UCSC:201725[3>0]	ENSG00000102908	CURATED:179[0];HGNC.Current:22649[1];HGNC.Current:22649[1>0];Ensembl.HGNC:201339[3>0]
uc316dyf.1	Ensembl.UCSC:237854[3];Ensembl.UCSC:237854[3>0]	ENSG00000182568	CURATED:220[0];HGNC.Current:34631[1];HGNC.Current:34631[1>0];Ensembl.HGNC:237609[3>0]
uc316dyg.1	Ensembl.UCSC:237856[3];Ensembl.UCSC:237856[3>0]	ENSG00000182568	CURATED:220[0];HGNC.Current:34631[1];HGNC.Current:34631[1>0];Ensembl.HGNC:237609[3>0]
uc316dyh.1	Ensembl.UCSC:237858[3];Ensembl.UCSC:237858[3>0]	ENSG00000182568	CURATED:220[0];HGNC.Current:34631[1];HGNC.Current:34631[1>0];Ensembl.HGNC:237609[3>0]
uc316dyi.1	Ensembl.UCSC:237860[3];Ensembl.UCSC:237860[3>0]	ENSG00000182568	CURATED:220[0];HGNC.Current:34631[1];HGNC.Current:34631[1>0];Ensembl.HGNC:237609[3>0]
uc316dyj.1	Ensembl.UCSC:237874[3];Ensembl.UCSC:237874[3>0]	ENSG00000182568	CURATED:220[0];HGNC.Current:34631[1];HGNC.Current:34631[1>0];Ensembl.HGNC:237609[3>0]
uc316dzk.1	Ensembl.UCSC:251833[3];Ensembl.UCSC:251833[3>0]	ENSG00000175745	CURATED:189[0];HGNC.Current:23166[1];HGNC.Current:23166[1>0];Ensembl.HGNC:251584[3>0]
uc316ega.1	Ensembl.UCSC:275643[3];Ensembl.UCSC:275643[3>0]	ENSG00000171735	CURATED:14[0];HGNC.Current:3339[1];HGNC.Current:3339[1>0];Ensembl.HGNC:275261[3>0]
uc316egb.1	Ensembl.UCSC:275647[3];Ensembl.UCSC:275647[3>0]	ENSG00000171735	CURATED:14[0];HGNC.Current:3339[1];HGNC.Current:3339[1>0];Ensembl.HGNC:275261[3>0]
uc316egc.1	Ensembl.UCSC:275648[3];Ensembl.UCSC:275648[3>0]	ENSG00000171735	CURATED:14[0];HGNC.Current:3339[1];HGNC.Current:3339[1>0];Ensembl.HGNC:275261[3>0]
uc316egd.1	Ensembl.UCSC:275652[3];Ensembl.UCSC:275652[3>0]	ENSG00000171735	CURATED:14[0];HGNC.Current:3339[1];HGNC.Current:3339[1>0];Ensembl.HGNC:275261[3>0]
uc316ege.1	Ensembl.UCSC:275654[3];Ensembl.UCSC:275654[3>0]	ENSG00000171735	CURATED:14[0];HGNC.Current:3339[1];HGNC.Current:3339[1>0];Ensembl.HGNC:275261[3>0]
uc316egf.1	Ensembl.UCSC:275660[3];Ensembl.UCSC:275660[3>0]	ENSG00000171735	CURATED:14[0];HGNC.Current:3339[1];HGNC.Current:3339[1>0];Ensembl.HGNC:275261[3>0]
uc316egg.1	Ensembl.UCSC:275662[3];Ensembl.UCSC:275662[3>0]	ENSG00000171735	CURATED:14[0];HGNC.Current:3339[1];HGNC.Current:3339[1>0];Ensembl.HGNC:275261[3>0]
uc316egh.1	Ensembl.UCSC:275663[3];Ensembl.UCSC:275663[3>0]	ENSG00000171735	CURATED:14[0];HGNC.Current:3339[1];HGNC.Current:3339[1>0];Ensembl.HGNC:275261[3>0]
uc316egi.1	Ensembl.UCSC:275665[3];Ensembl.UCSC:275665[3>0]	ENSG00000171735	CURATED:14[0];HGNC.Current:3339[1];HGNC.Current:3339[1>0];Ensembl.HGNC:275261[3>0]
uc316egj.1	Ensembl.UCSC:275668[3];Ensembl.UCSC:275668[3>0]	ENSG00000171735	CURATED:14[0];HGNC.Current:3339[1];HGNC.Current:3339[1>0];Ensembl.HGNC:275261[3>0]
uc316egk.1	Ensembl.UCSC:275669[3];Ensembl.UCSC:275669[3>0]	ENSG00000171735	CURATED:14[0];HGNC.Current:3339[1];HGNC.Current:3339[1>0];Ensembl.HGNC:275261[3>0]
uc316egl.1	Ensembl.UCSC:275670[3];Ensembl.UCSC:275670[3>0]	ENSG00000171735	CURATED:14[0];HGNC.Current:3339[1];HGNC.Current:3339[1>0];Ensembl.HGNC:275261[3>0]
uc316egz.1	Ensembl.UCSC:275646[3];Ensembl.UCSC:275646[3>0]	ENSG00000171735	CURATED:14[0];HGNC.Current:3339[1];HGNC.Current:3339[1>0];Ensembl.HGNC:275261[3>0]
uc316eha.1	Ensembl.UCSC:275661[3];Ensembl.UCSC:275661[3>0]	ENSG00000171735	CURATED:14[0];HGNC.Current:3339[1];HGNC.Current:3339[1>0];Ensembl.HGNC:275261[3>0]
uc316ehb.1	Ensembl.UCSC:275671[3];Ensembl.UCSC:275671[3>0]	ENSG00000171735	CURATED:14[0];HGNC.Current:3339[1];HGNC.Current:3339[1>0];Ensembl.HGNC:275261[3>0]
uc316ehc.1	Ensembl.UCSC:275672[3];Ensembl.UCSC:275672[3>0]	ENSG00000171735	CURATED:14[0];HGNC.Current:3339[1];HGNC.Current:3339[1>0];Ensembl.HGNC:275261[3>0]
uc316ehd.1	Ensembl.UCSC:275674[3];Ensembl.UCSC:275674[3>0]	ENSG00000171735	CURATED:14[0];HGNC.Current:3339[1];HGNC.Current:3339[1>0];Ensembl.HGNC:275261[3>0]
uc316ehe.1	Ensembl.UCSC:275675[3];Ensembl.UCSC:275675[3>0]	ENSG00000171735	CURATED:14[0];HGNC.Current:3339[1];HGNC.Current:3339[1>0];Ensembl.HGNC:275261[3>0]
uc316tey.1	Ensembl.UCSC:265448[3];Ensembl.UCSC:265448[3>0]	ENSG00000118263	CURATED:147[0];HGNC.Current:14135[1];HGNC.Current:14135[1>0];Ensembl.HGNC:265108[3>0]
uc316tgi.1	Ensembl.UCSC:265445[3];Ensembl.UCSC:265445[3>0]	ENSG00000118263	CURATED:147[0];HGNC.Current:14135[1];HGNC.Current:14135[1>0];Ensembl.HGNC:265108[3>0]
uc316tgj.1	Ensembl.UCSC:265446[3];Ensembl.UCSC:265446[3>0]	ENSG00000118263	CURATED:147[0];HGNC.Current:14135[1];HGNC.Current:14135[1>0];Ensembl.HGNC:265108[3>0]
uc316tgk.1	Ensembl.UCSC:265450[3];Ensembl.UCSC:265450[3>0]	ENSG00000118263	CURATED:147[0];HGNC.Current:14135[1];HGNC.Current:14135[1>0];Ensembl.HGNC:265108[3>0]
uc316tgl.1	Ensembl.UCSC:265462[3];Ensembl.UCSC:265462[3>0]	ENSG00000118263	CURATED:147[0];HGNC.Current:14135[1];HGNC.Current:14135[1>0];Ensembl.HGNC:265108[3>0]
uc316tia.1	Ensembl.UCSC:193404[3];Ensembl.UCSC:193404[3>0]	ENSG00000137309	CURATED:99[0];HGNC.Current:11744[1];HGNC.Current:11744[1>0];Ensembl.HGNC:193473[3>0]
uc316tib.1	Ensembl.UCSC:193407[3];Ensembl.UCSC:193407[3>0]	ENSG00000137309	CURATED:99[0];HGNC.Current:11744[1];HGNC.Current:11744[1>0];Ensembl.HGNC:193473[3>0]
uc316ttu.1	Ensembl.UCSC:245080[3];Ensembl.UCSC:245080[3>0]	ENSG00000181722	CURATED:270[0];HGNC.Current:42809[1];HGNC.Current:42809[1>0];Ensembl.HGNC:244837[3>0]
uc316ttw.1	Ensembl.UCSC:245111[3];Ensembl.UCSC:245111[3>0]	ENSG00000181722	CURATED:270[0];HGNC.Current:42809[1];HGNC.Current:42809[1>0];Ensembl.HGNC:244837[3>0]
uc316ttx.1	Ensembl.UCSC:245103[3];Ensembl.UCSC:245103[3>0]	ENSG00000181722	CURATED:270[0];HGNC.Current:42809[1];HGNC.Current:42809[1>0];Ensembl.HGNC:244837[3>0]
uc316tuz.1	Ensembl.UCSC:156317[3];Ensembl.UCSC:156317[3>0]	ENSG00000148737	CURATED:254[0];HGNC.Current:38510[1];HGNC.Current:38516[10>1];HGNC.Current:38516[1];HGNC.Current:38516[1>0];Ensembl.HGNC:152776[3>0]
uc316tva.1	Ensembl.UCSC:156452[3];Ensembl.UCSC:156452[3>0]	ENSG00000148737	CURATED:254[0];HGNC.Current:38510[1];HGNC.Current:38516[10>1];HGNC.Current:38516[1];HGNC.Current:38516[1>0];Ensembl.HGNC:152776[3>0]
uc316tvf.1	Ensembl.UCSC:156431[3];Ensembl.UCSC:156431[3>0]	ENSG00000148737	CURATED:254[0];HGNC.Current:38510[1];HGNC.Current:38516[10>1];HGNC.Current:38516[1];HGNC.Current:38516[1>0];Ensembl.HGNC:152776[3>0]
uc316tvg.1	Ensembl.UCSC:156470[3];Ensembl.UCSC:156470[3>0]	ENSG00000148737	CURATED:254[0];HGNC.Current:38510[1];HGNC.Current:38516[10>1];HGNC.Current:38516[1];HGNC.Current:38516[1>0];Ensembl.HGNC:152776[3>0]
uc316tvh.1	Ensembl.UCSC:156471[3];Ensembl.UCSC:156471[3>0]	ENSG00000148737	CURATED:254[0];HGNC.Current:38510[1];HGNC.Current:38516[10>1];HGNC.Current:38516[1];HGNC.Current:38516[1>0];Ensembl.HGNC:152776[3>0]
uc316ucy.1	Ensembl.UCSC:224655[3];Ensembl.UCSC:224655[3>0]	ENSG00000071564	CURATED:253[0];HGNC.Current:38508[1];HGNC.Current:38508[1>0];Ensembl.HGNC:224257[3>0]
uc316ucz.1	Ensembl.UCSC:224680[3];Ensembl.UCSC:224680[3>0]	ENSG00000071564	CURATED:253[0];HGNC.Current:38508[1];HGNC.Current:38508[1>0];Ensembl.HGNC:224257[3>0]
uc316uiq.1	Ensembl.UCSC:175963[3];Ensembl.UCSC:175963[3>0]	ENSG00000068305	CURATED:161[0];HGNC.Current:18376[1];HGNC.Current:18376[1>0];Ensembl.HGNC:175896[3>0]
uc316uok.1	Ensembl.UCSC:36345[3];Ensembl.UCSC:36345[3>0]	ENSG00000276644	CURATED:27[0];HGNC.Current:6166[1];HGNC.Current:6166[1>0];Ensembl.HGNC:36339[3>0]
uc316uol.1	Ensembl.UCSC:36347[3];Ensembl.UCSC:36347[3>0]	ENSG00000276644	CURATED:27[0];HGNC.Current:6166[1];HGNC.Current:6166[1>0];Ensembl.HGNC:36339[3>0]
uc316uxk.1	Ensembl.UCSC:274454[3];Ensembl.UCSC:274454[3>0]	ENSG00000173673	CURATED:91[0];HGNC.Current:11565[1];HGNC.Current:11565[1>0];Ensembl.HGNC:274092[3>0]
uc316vpo.1	Ensembl.UCSC:174357[3];Ensembl.UCSC:174357[3>0]	ENSG00000075891	CURATED:195[0];HGNC.Current:24883[1];HGNC.Current:24883[1>0];Ensembl.HGNC:174222[3>0]
uc316vpp.1	Ensembl.UCSC:174367[3];Ensembl.UCSC:174367[3>0]	ENSG00000075891	CURATED:195[0];HGNC.Current:24883[1];HGNC.Current:24883[1>0];Ensembl.HGNC:174222[3>0]
uc316vqa.1	Ensembl.UCSC:181765[3];Ensembl.UCSC:181765[3>0]	ENSG00000136997	CURATED:177[0];HGNC.Current:21961[1];HGNC.Current:21961[1>0];Ensembl.HGNC:181822[3>0]
uc316vqb.1	Ensembl.UCSC:181770[3];Ensembl.UCSC:181770[3>0]	ENSG00000136997	CURATED:177[0];HGNC.Current:21961[1];HGNC.Current:21961[1>0];Ensembl.HGNC:181822[3>0]
uc316vqc.1	Ensembl.UCSC:181772[3];Ensembl.UCSC:181772[3>0]	ENSG00000136997	CURATED:177[0];HGNC.Current:21961[1];HGNC.Current:21961[1>0];Ensembl.HGNC:181822[3>0]
uc316vqd.1	Ensembl.UCSC:181773[3];Ensembl.UCSC:181773[3>0]	ENSG00000136997	CURATED:177[0];HGNC.Current:21961[1];HGNC.Current:21961[1>0];Ensembl.HGNC:181822[3>0]
uc316vqe.1	Ensembl.UCSC:181774[3];Ensembl.UCSC:181774[3>0]	ENSG00000136997	CURATED:177[0];HGNC.Current:21961[1];HGNC.Current:21961[1>0];Ensembl.HGNC:181822[3>0]
uc316vqo.1	Ensembl.UCSC:260202[3];Ensembl.UCSC:260202[3>0]	ENSG00000081189	CURATED:162[0];HGNC.Current:18379[1];HGNC.Current:18379[1>0];Ensembl.HGNC:259555[3>0]
uc317ajl.1	Ensembl.UCSC:275639[3];Ensembl.UCSC:275639[3>0]	ENSG00000177606	CURATED:136[0];HGNC.Current:13714[1];HGNC.Current:13714[1>0];Ensembl.HGNC:275258[3>0]
uc317aju.1	Ensembl.UCSC:275666[3];Ensembl.UCSC:275666[3>0]	ENSG00000171735	CURATED:14[0];HGNC.Current:3339[1];HGNC.Current:3339[1>0];Ensembl.HGNC:275261[3>0]
uc317ajv.1	Ensembl.UCSC:275667[3];Ensembl.UCSC:275667[3>0]	ENSG00000171735	CURATED:14[0];HGNC.Current:3339[1];HGNC.Current:3339[1>0];Ensembl.HGNC:275261[3>0]
uc317avt.1	Ensembl.UCSC:271860[3];Ensembl.UCSC:271860[3>0]	ENSG00000233608	CURATED:265[0];HGNC.Current:41287[1];HGNC.Current:41287[1>0];Ensembl.HGNC:271493[3>0]
