name	source	ensembl_gene	ensembl_source
uc007eqi.1	Ensembl.UCSC:110628[1]	ENSMUSG00000037424	Ensembl.UCSC:110628[1>0]
uc007gxj.3	Ensembl.UCSC:38751[1]	ENSMUSG00000112544	Ensembl.UCSC:38751[1>0]
uc007hqc.1	Ensembl.UCSC:60024[1]	ENSMUSG00000095401	Ensembl.UCSC:60024[1>0]
uc007hqs.1	Ensembl.UCSC:104117[1]	ENSMUSG00000094295	Ensembl.UCSC:104117[1>0]
uc007psj.1	Ensembl.UCSC:4094[1]	ENSMUSG00000069302	Ensembl.UCSC:4094[1>0]
uc007vgt.3	Ensembl.UCSC:80469[1]	ENSMUSG00000096971	Ensembl.UCSC:80469[1>0]
uc007vgy.2	Ensembl.UCSC:18188[1]	ENSMUSG00000060735	Ensembl.UCSC:18188[1>0]
uc007vgz.2	Ensembl.UCSC:18371[1]	ENSMUSG00000047497	Ensembl.UCSC:18371[1>0]
uc007vhv.2	Ensembl.UCSC:20951[1]	ENSMUSG00000078300	Ensembl.UCSC:20951[1>0]
uc007vim.3	Ensembl.UCSC:22908[1]	ENSMUSG00000022321	Ensembl.UCSC:22908[1>0]
uc007vio.1	Ensembl.UCSC:23439[1]	ENSMUSG00000047565	Ensembl.UCSC:23439[1>0]
uc007vit.1	Ensembl.UCSC:23824[1]	ENSMUSG00000097452	Ensembl.UCSC:23824[1>0]
uc007vix.2	Ensembl.UCSC:24130[1]	ENSMUSG00000045763	Ensembl.UCSC:24130[1>0]
uc007vjj.2	Ensembl.UCSC:24990[1]	ENSMUSG00000052253	Ensembl.UCSC:24990[1>0]
uc007vjl.3	Ensembl.UCSC:25035[1]	ENSMUSG00000022269	Ensembl.UCSC:25035[1>0]
uc007vkm.1	Ensembl.UCSC:31355[1]	ENSMUSG00000045267	Ensembl.UCSC:31355[1>0]
uc007vld.2	Ensembl.UCSC:31792[1]	ENSMUSG00000038984	Ensembl.UCSC:31792[1>0]
uc007vle.1	Ensembl.UCSC:31796[1]	ENSMUSG00000115318	Ensembl.UCSC:31796[1>0]
uc007vly.2	Ensembl.UCSC:33184[1]	ENSMUSG00000050963	Ensembl.UCSC:33184[1>0]
uc007wrg.3	Ensembl.UCSC:91135[1]	ENSMUSG00000033170	Ensembl.UCSC:91135[1>0]
uc007xyt.2	Ensembl.UCSC:37253[1]	ENSMUSG00000005980	Ensembl.UCSC:37253[1>0]
uc008bkf.3	Ensembl.UCSC:52161[1]	ENSMUSG00000042644	Ensembl.UCSC:52161[1>0]
uc008boc.3	Ensembl.UCSC:52351[1]	ENSMUSG00000118010	Ensembl.UCSC:52351[1>0]
uc008dxj.1	Ensembl.UCSC:47867[1]	ENSMUSG00000091539	Ensembl.UCSC:47867[1>0]
uc008dxk.4	Ensembl.UCSC:49235[1]	ENSMUSG00000063889	Ensembl.UCSC:49235[1>0]
uc008dxl.4	Ensembl.UCSC:49182[1]	ENSMUSG00000063889	Ensembl.UCSC:49182[1>0]
uc008dxm.4	Ensembl.UCSC:49143[1]	ENSMUSG00000063889	Ensembl.UCSC:49143[1>0]
uc008dxv.4	Ensembl.UCSC:49262[1]	ENSMUSG00000063889	Ensembl.UCSC:49262[1>0]
uc008dxw.3	Ensembl.UCSC:49320[1]	ENSMUSG00000063889	Ensembl.UCSC:49320[1>0]
uc008dxx.3	Ensembl.UCSC:49312[1]	ENSMUSG00000063889	Ensembl.UCSC:49312[1>0]
uc008dxy.3	Ensembl.UCSC:49334[1]	ENSMUSG00000097746	Ensembl.UCSC:49334[1>0]
uc008dxz.3	Ensembl.UCSC:49730[1]	ENSMUSG00000024231	Ensembl.UCSC:49730[1>0]
uc008dya.3	Ensembl.UCSC:49777[1]	ENSMUSG00000024231	Ensembl.UCSC:49777[1>0]
uc008dyc.2	Ensembl.UCSC:49822[1]	ENSMUSG00000024232	Ensembl.UCSC:49822[1>0]
uc008dyd.2	Ensembl.UCSC:49853[1]	ENSMUSG00000024233	Ensembl.UCSC:49853[1>0]
uc008dye.2	Ensembl.UCSC:56013[1]	ENSMUSG00000024235	Ensembl.UCSC:56013[1>0]
uc008dyf.2	Ensembl.UCSC:56026[1]	ENSMUSG00000024235	Ensembl.UCSC:56026[1>0]
uc008dyg.3	Ensembl.UCSC:55517[1]	ENSMUSG00000117401	Ensembl.UCSC:55517[1>0]
uc008dyi.1	Ensembl.UCSC:55576[1]	ENSMUSG00000024234	Ensembl.UCSC:55576[1>0]
uc008dyl.2	Ensembl.UCSC:49876[1]	ENSMUSG00000033960	Ensembl.UCSC:49876[1>0]
uc008dyn.3	Ensembl.UCSC:50865[1]	ENSMUSG00000024236	Ensembl.UCSC:50865[1>0]
uc008dyq.1	Ensembl.UCSC:50919[1]	ENSMUSG00000024236	Ensembl.UCSC:50919[1>0]
uc008dyr.3	Ensembl.UCSC:50958[1]	ENSMUSG00000024236	Ensembl.UCSC:50958[1>0]
uc008dyt.3	Ensembl.UCSC:50999[1]	ENSMUSG00000050945	Ensembl.UCSC:50999[1>0]
uc008dyv.3	Ensembl.UCSC:36874[1]	ENSMUSG00000063087	Ensembl.UCSC:36874[1>0]
uc008dyw.2	Ensembl.UCSC:36880[1]	ENSMUSG00000063087	Ensembl.UCSC:36880[1>0]
uc008dyy.3	Ensembl.UCSC:51061[1]	ENSMUSG00000024238	Ensembl.UCSC:51061[1>0]
uc008dza.1	Ensembl.UCSC:51081[1]	ENSMUSG00000024238	Ensembl.UCSC:51081[1>0]
uc008dzc.3	Ensembl.UCSC:37449[1]	ENSMUSG00000041225	Ensembl.UCSC:37449[1>0]
uc008dzd.3	Ensembl.UCSC:37433[1]	ENSMUSG00000041225	Ensembl.UCSC:37433[1>0]
uc008dzf.3	Ensembl.UCSC:51273[1]	ENSMUSG00000006740	Ensembl.UCSC:51273[1>0]
uc008dzh.1	Ensembl.UCSC:51307[1]	ENSMUSG00000117519	Ensembl.UCSC:51307[1>0]
uc008dzi.3	Ensembl.UCSC:51519[1]	ENSMUSG00000024240	Ensembl.UCSC:51519[1>0]
uc008dzj.2	Ensembl.UCSC:51506[1]	ENSMUSG00000024240	Ensembl.UCSC:51506[1>0]
uc008dzl.3	Ensembl.UCSC:51523[1]	ENSMUSG00000024240	Ensembl.UCSC:51523[1>0]
uc008dzm.3	Ensembl.UCSC:51583[1]	ENSMUSG00000039540	Ensembl.UCSC:51583[1>0]
uc008dzo.3	Ensembl.UCSC:51674[1]	ENSMUSG00000073639	Ensembl.UCSC:51674[1>0]
uc008dzp.3	Ensembl.UCSC:51756[1]	ENSMUSG00000061013	Ensembl.UCSC:51756[1>0]
uc008dzq.1	Ensembl.UCSC:51883[1]	ENSMUSG00000061802	Ensembl.UCSC:51883[1>0]
uc008dzr.3	Ensembl.UCSC:51866[1]	ENSMUSG00000061802	Ensembl.UCSC:51866[1>0]
uc008dzs.3	Ensembl.UCSC:52204[1]	ENSMUSG00000057440	Ensembl.UCSC:52204[1>0]
uc008dzt.2	Ensembl.UCSC:52212[1]	ENSMUSG00000057440	Ensembl.UCSC:52212[1>0]
uc008dzu.2	Ensembl.UCSC:52215[1]	ENSMUSG00000057440	Ensembl.UCSC:52215[1>0]
uc008dzw.2	Ensembl.UCSC:52221[1]	ENSMUSG00000057440	Ensembl.UCSC:52221[1>0]
uc008dzz.2	Ensembl.UCSC:52261[1]	ENSMUSG00000057440	Ensembl.UCSC:52261[1>0]
uc008eab.4	Ensembl.UCSC:52905[1]	ENSMUSG00000024283	Ensembl.UCSC:52905[1>0]
uc008eac.4	Ensembl.UCSC:52844[1]	ENSMUSG00000024283	Ensembl.UCSC:52844[1>0]
uc008ead.3	Ensembl.UCSC:52970[1]	ENSMUSG00000024283	Ensembl.UCSC:52970[1>0]
uc008eae.4	Ensembl.UCSC:52982[1]	ENSMUSG00000024283	Ensembl.UCSC:52982[1>0]
uc008eag.3	Ensembl.UCSC:53041[1]	ENSMUSG00000036904	Ensembl.UCSC:53041[1>0]
uc008eah.1	Ensembl.UCSC:53047[1]	ENSMUSG00000036855	Ensembl.UCSC:53047[1>0]
uc008eai.2	Ensembl.UCSC:53157[1]	ENSMUSG00000024286	Ensembl.UCSC:53157[1>0]
uc008eaj.2	Ensembl.UCSC:53216[1]	ENSMUSG00000050996	Ensembl.UCSC:53216[1>0]
uc008eak.3	Ensembl.UCSC:53269[1]	ENSMUSG00000036103	Ensembl.UCSC:53269[1>0]
uc008eal.2	Ensembl.UCSC:53431[1]	ENSMUSG00000024287	Ensembl.UCSC:53431[1>0]
uc008ean.2	Ensembl.UCSC:68651[1]	ENSMUSG00000047879	Ensembl.UCSC:68651[1>0]
uc008eao.2	Ensembl.UCSC:68663[1]	ENSMUSG00000047879	Ensembl.UCSC:68663[1>0]
uc008eaq.2	Ensembl.UCSC:69122[1]	ENSMUSG00000024290	Ensembl.UCSC:69122[1>0]
uc008eas.2	Ensembl.UCSC:53535[1]	ENSMUSG00000042942	Ensembl.UCSC:53535[1>0]
uc008eat.2	Ensembl.UCSC:53683[1]	ENSMUSG00000042942	Ensembl.UCSC:53683[1>0]
uc008eav.2	Ensembl.UCSC:62955[1]	ENSMUSG00000024293	Ensembl.UCSC:62955[1>0]
uc008eaw.2	Ensembl.UCSC:62988[1]	ENSMUSG00000024293	Ensembl.UCSC:62988[1>0]
uc008eax.2	Ensembl.UCSC:62971[1]	ENSMUSG00000024293	Ensembl.UCSC:62971[1>0]
uc008eay.2	Ensembl.UCSC:62966[1]	ENSMUSG00000024293	Ensembl.UCSC:62966[1>0]
uc008eaz.2	Ensembl.UCSC:63015[1]	ENSMUSG00000002477	Ensembl.UCSC:63015[1>0]
uc008eba.2	Ensembl.UCSC:63138[1]	ENSMUSG00000002475	Ensembl.UCSC:63138[1>0]
uc008ebc.2	Ensembl.UCSC:63304[1]	ENSMUSG00000024294	Ensembl.UCSC:63304[1>0]
uc008ebe.2	Ensembl.UCSC:63338[1]	ENSMUSG00000106348	Ensembl.UCSC:63338[1>0]
uc008ebh.4	Ensembl.UCSC:63377[1]	ENSMUSG00000097222	Ensembl.UCSC:63377[1>0]
uc008ebi.3	Ensembl.UCSC:63383[1]	ENSMUSG00000097222	Ensembl.UCSC:63383[1>0]
uc008ebj.2	Ensembl.UCSC:63421[1]	ENSMUSG00000005836	Ensembl.UCSC:63421[1>0]
uc008ebk.2	Ensembl.UCSC:63415[1]	ENSMUSG00000005836	Ensembl.UCSC:63415[1>0]
uc008gvj.1	Ensembl.UCSC:72956[1]	ENSMUSG00000049015	Ensembl.UCSC:72956[1>0]
uc008kma.1	Ensembl.UCSC:141376[1]	ENSMUSG00000111306	Ensembl.UCSC:141376[1>0]
uc008knc.1	Ensembl.UCSC:126426[1]	ENSMUSG00000075161	Ensembl.UCSC:126426[1>0]
uc008krm.2	Ensembl.UCSC:17878[1]	ENSMUSG00000075081	Ensembl.UCSC:17878[1>0]
uc008loe.1	Ensembl.UCSC:146272[1]	ENSMUSG00000109801	Ensembl.UCSC:146272[1>0]
uc008nwd.2	Ensembl.UCSC:105977[1]	ENSMUSG00000017737	Ensembl.UCSC:105977[1>0]
uc008pdu.3	Ensembl.UCSC:117020[1]	ENSMUSG00000103654	Ensembl.UCSC:117020[1>0]
uc008rwg.2	Ensembl.UCSC:94813[1]	ENSMUSG00000115466	Ensembl.UCSC:94813[1>0]
uc008rwh.2	Ensembl.UCSC:95018[1]	ENSMUSG00000028232	Ensembl.UCSC:95018[1>0]
uc008rwi.4	Ensembl.UCSC:95075[1]	ENSMUSG00000028233	Ensembl.UCSC:95075[1>0]
uc008rwj.3	Ensembl.UCSC:115446[1]	ENSMUSG00000085394	Ensembl.UCSC:115446[1>0]
uc008rwk.3	Ensembl.UCSC:95581[1]	ENSMUSG00000042228	Ensembl.UCSC:95581[1>0]
uc008rwm.3	Ensembl.UCSC:95580[1]	ENSMUSG00000042228	Ensembl.UCSC:95580[1>0]
uc008rwn.3	Ensembl.UCSC:95644[1]	ENSMUSG00000028234	Ensembl.UCSC:95644[1>0]
uc008rwo.2	Ensembl.UCSC:95662[1]	ENSMUSG00000078365	Ensembl.UCSC:95662[1>0]
uc008rwp.3	Ensembl.UCSC:95679[1]	ENSMUSG00000003282	Ensembl.UCSC:95679[1>0]
uc008rwq.4	Ensembl.UCSC:95899[1]	ENSMUSG00000042198	Ensembl.UCSC:95899[1>0]
uc008rwr.5	Ensembl.UCSC:95953[1]	ENSMUSG00000042198	Ensembl.UCSC:95953[1>0]
uc008rwt.5	Ensembl.UCSC:95951[1]	ENSMUSG00000042198	Ensembl.UCSC:95951[1>0]
uc008rwx.2	Ensembl.UCSC:96018[1]	ENSMUSG00000028236	Ensembl.UCSC:96018[1>0]
uc008rwy.3	Ensembl.UCSC:96065[1]	ENSMUSG00000071019	Ensembl.UCSC:96065[1>0]
uc008rwz.2	Ensembl.UCSC:96520[1]	ENSMUSG00000045573	Ensembl.UCSC:96520[1>0]
uc008rxb.1	Ensembl.UCSC:96527[1]	ENSMUSG00000085996	Ensembl.UCSC:96527[1>0]
uc008rxc.4	Ensembl.UCSC:96556[1]	ENSMUSG00000066324	Ensembl.UCSC:96556[1>0]
uc008rxd.1	Ensembl.UCSC:96644[1]	ENSMUSG00000086066	Ensembl.UCSC:96644[1>0]
uc008rxe.2	Ensembl.UCSC:96670[1]	ENSMUSG00000049119	Ensembl.UCSC:96670[1>0]
uc008rxg.2	Ensembl.UCSC:96682[1]	ENSMUSG00000049119	Ensembl.UCSC:96682[1>0]
uc008rxh.2	Ensembl.UCSC:96673[1]	ENSMUSG00000049119	Ensembl.UCSC:96673[1>0]
uc008rxi.2	Ensembl.UCSC:96698[1]	ENSMUSG00000049119	Ensembl.UCSC:96698[1>0]
uc008rxj.2	Ensembl.UCSC:14312[1]	ENSMUSG00000028243	Ensembl.UCSC:14312[1>0]
uc008rxk.1	Ensembl.UCSC:96818[1]	ENSMUSG00000028240	Ensembl.UCSC:96818[1>0]
uc008rxm.2	Ensembl.UCSC:97405[1]	ENSMUSG00000028249	Ensembl.UCSC:97405[1>0]
uc008rxn.2	Ensembl.UCSC:97392[1]	ENSMUSG00000028249	Ensembl.UCSC:97392[1>0]
uc008rxs.3	Ensembl.UCSC:17421[1]	ENSMUSG00000041272	Ensembl.UCSC:17421[1>0]
uc008rxt.2	Ensembl.UCSC:17428[1]	ENSMUSG00000041272	Ensembl.UCSC:17428[1>0]
uc008rxv.2	Ensembl.UCSC:98278[1]	ENSMUSG00000041261	Ensembl.UCSC:98278[1>0]
uc008rxw.2	Ensembl.UCSC:98352[1]	ENSMUSG00000047187	Ensembl.UCSC:98352[1>0]
uc008rxy.2	Ensembl.UCSC:98432[1]	ENSMUSG00000041235	Ensembl.UCSC:98432[1>0]
uc008ryb.2	Ensembl.UCSC:98549[1]	ENSMUSG00000041235	Ensembl.UCSC:98549[1>0]
uc008ryd.3	Ensembl.UCSC:98687[1]	ENSMUSG00000041216	Ensembl.UCSC:98687[1>0]
uc008rye.2	Ensembl.UCSC:98720[1]	ENSMUSG00000041216	Ensembl.UCSC:98720[1>0]
uc008ryf.3	Ensembl.UCSC:100859[1]	ENSMUSG00000028207	Ensembl.UCSC:100859[1>0]
uc008ryg.3	Ensembl.UCSC:100861[1]	ENSMUSG00000028207	Ensembl.UCSC:100861[1>0]
uc008ryh.2	Ensembl.UCSC:100865[1]	ENSMUSG00000028207	Ensembl.UCSC:100865[1>0]
uc008ryi.3	Ensembl.UCSC:100924[1]	ENSMUSG00000028207	Ensembl.UCSC:100924[1>0]
uc008ryj.3	Ensembl.UCSC:100917[1]	ENSMUSG00000028207	Ensembl.UCSC:100917[1>0]
uc008ryk.3	Ensembl.UCSC:100915[1]	ENSMUSG00000028207	Ensembl.UCSC:100915[1>0]
uc008ryl.3	Ensembl.UCSC:100914[1]	ENSMUSG00000028207	Ensembl.UCSC:100914[1>0]
uc008rym.2	Ensembl.UCSC:100943[1]	ENSMUSG00000028207	Ensembl.UCSC:100943[1>0]
uc008ryn.3	Ensembl.UCSC:100950[1]	ENSMUSG00000028207	Ensembl.UCSC:100950[1>0]
uc008ryo.5	Ensembl.UCSC:100957[1]	ENSMUSG00000028207	Ensembl.UCSC:100957[1>0]
uc008ryp.2	Ensembl.UCSC:100964[1]	ENSMUSG00000028207	Ensembl.UCSC:100964[1>0]
uc008ryq.2	Ensembl.UCSC:115849[1]	ENSMUSG00000085558	Ensembl.UCSC:115849[1>0]
uc008ryr.3	Ensembl.UCSC:115870[1]	ENSMUSG00000085558	Ensembl.UCSC:115870[1>0]
uc008rys.2	Ensembl.UCSC:115855[1]	ENSMUSG00000085558	Ensembl.UCSC:115855[1>0]
uc008ryt.1	Ensembl.UCSC:101066[1]	ENSMUSG00000051279	Ensembl.UCSC:101066[1>0]
uc008ryu.2	Ensembl.UCSC:101088[1]	ENSMUSG00000086080	Ensembl.UCSC:101088[1>0]
uc008ryw.3	Ensembl.UCSC:101341[1]	ENSMUSG00000049969	Ensembl.UCSC:101341[1>0]
uc008ryx.5	Ensembl.UCSC:101380[1]	ENSMUSG00000050323	Ensembl.UCSC:101380[1>0]
uc008rza.2	Ensembl.UCSC:101491[1]	ENSMUSG00000028211	Ensembl.UCSC:101491[1>0]
uc008rzb.2	Ensembl.UCSC:101494[1]	ENSMUSG00000028211	Ensembl.UCSC:101494[1>0]
uc008rzd.3	Ensembl.UCSC:101765[1]	ENSMUSG00000028212	Ensembl.UCSC:101765[1>0]
uc008rze.2	Ensembl.UCSC:101743[1]	ENSMUSG00000028212	Ensembl.UCSC:101743[1>0]
uc008rzf.2	Ensembl.UCSC:101758[1]	ENSMUSG00000028212	Ensembl.UCSC:101758[1>0]
uc008rzg.3	Ensembl.UCSC:102052[1]	ENSMUSG00000040738	Ensembl.UCSC:102052[1>0]
uc008rzh.3	Ensembl.UCSC:102087[1]	ENSMUSG00000040738	Ensembl.UCSC:102087[1>0]
uc008rzi.2	Ensembl.UCSC:102388[1]	ENSMUSG00000045205	Ensembl.UCSC:102388[1>0]
uc008rzk.4	Ensembl.UCSC:102663[1]	ENSMUSG00000040728	Ensembl.UCSC:102663[1>0]
uc008rzo.1	Ensembl.UCSC:102854[1]	ENSMUSG00000040720	Ensembl.UCSC:102854[1>0]
uc008rzp.2	Ensembl.UCSC:102907[1]	ENSMUSG00000040720	Ensembl.UCSC:102907[1>0]
uc008rzq.2	Ensembl.UCSC:102901[1]	ENSMUSG00000040720	Ensembl.UCSC:102901[1>0]
uc008rzr.3	Ensembl.UCSC:102995[1]	ENSMUSG00000078773	Ensembl.UCSC:102995[1>0]
uc008rzs.3	Ensembl.UCSC:103042[1]	ENSMUSG00000078773	Ensembl.UCSC:103042[1>0]
uc008rzt.3	Ensembl.UCSC:103061[1]	ENSMUSG00000094595	Ensembl.UCSC:103061[1>0]
uc008rzu.2	Ensembl.UCSC:116237[1]	ENSMUSG00000086103	Ensembl.UCSC:116237[1>0]
uc008rzv.3	Ensembl.UCSC:128963[1]	ENSMUSG00000028214	Ensembl.UCSC:128963[1>0]
uc008rzw.3	Ensembl.UCSC:128965[1]	ENSMUSG00000028214	Ensembl.UCSC:128965[1>0]
uc008rzx.3	Ensembl.UCSC:128991[1]	ENSMUSG00000028217	Ensembl.UCSC:128991[1>0]
uc008rzy.3	Ensembl.UCSC:128989[1]	ENSMUSG00000028217	Ensembl.UCSC:128989[1>0]
uc008saa.3	Ensembl.UCSC:136330[1]	ENSMUSG00000049225	Ensembl.UCSC:136330[1>0]
uc008sab.3	Ensembl.UCSC:136320[1]	ENSMUSG00000049225	Ensembl.UCSC:136320[1>0]
uc008sac.3	Ensembl.UCSC:136333[1]	ENSMUSG00000085614	Ensembl.UCSC:136333[1>0]
uc008sad.3	Ensembl.UCSC:136332[1]	ENSMUSG00000085614	Ensembl.UCSC:136332[1>0]
uc008sae.1	Ensembl.UCSC:136357[1]	ENSMUSG00000085027	Ensembl.UCSC:136357[1>0]
uc008saf.5	Ensembl.UCSC:136412[1]	ENSMUSG00000049488	Ensembl.UCSC:136412[1>0]
uc008sah.2	Ensembl.UCSC:136428[1]	ENSMUSG00000049488	Ensembl.UCSC:136428[1>0]
uc008sak.2	Ensembl.UCSC:136447[1]	ENSMUSG00000052137	Ensembl.UCSC:136447[1>0]
uc008san.5	Ensembl.UCSC:129010[1]	ENSMUSG00000046667	Ensembl.UCSC:129010[1>0]
uc008sao.5	Ensembl.UCSC:129015[1]	ENSMUSG00000046667	Ensembl.UCSC:129015[1>0]
uc008sas.3	Ensembl.UCSC:103403[1]	ENSMUSG00000055963	Ensembl.UCSC:103403[1>0]
uc008sau.5	Ensembl.UCSC:103524[1]	ENSMUSG00000006586	Ensembl.UCSC:103524[1>0]
uc008sav.3	Ensembl.UCSC:103528[1]	ENSMUSG00000006586	Ensembl.UCSC:103528[1>0]
uc008saw.5	Ensembl.UCSC:103542[1]	ENSMUSG00000006586	Ensembl.UCSC:103542[1>0]
uc008sax.5	Ensembl.UCSC:103539[1]	ENSMUSG00000006586	Ensembl.UCSC:103539[1>0]
uc008saz.3	Ensembl.UCSC:103638[1]	ENSMUSG00000040569	Ensembl.UCSC:103638[1>0]
uc008sba.2	Ensembl.UCSC:103650[1]	ENSMUSG00000023151	Ensembl.UCSC:103650[1>0]
uc008sbb.1	Ensembl.UCSC:103654[1]	ENSMUSG00000023151	Ensembl.UCSC:103654[1>0]
uc008sbc.4	Ensembl.UCSC:120163[1]	ENSMUSG00000040550	Ensembl.UCSC:120163[1>0]
uc008sbg.2	Ensembl.UCSC:120210[1]	ENSMUSG00000028221	Ensembl.UCSC:120210[1>0]
uc008sbi.2	Ensembl.UCSC:103712[1]	ENSMUSG00000040536	Ensembl.UCSC:103712[1>0]
uc008sbk.3	Ensembl.UCSC:103747[1]	ENSMUSG00000043252	Ensembl.UCSC:103747[1>0]
uc008sbl.2	Ensembl.UCSC:103994[1]	ENSMUSG00000028222	Ensembl.UCSC:103994[1>0]
uc008sbm.1	Ensembl.UCSC:104008[1]	ENSMUSG00000028223	Ensembl.UCSC:104008[1>0]
uc008sbn.2	Ensembl.UCSC:104029[1]	ENSMUSG00000028224	Ensembl.UCSC:104029[1>0]
uc008sbp.2	Ensembl.UCSC:104059[1]	ENSMUSG00000041153	Ensembl.UCSC:104059[1>0]
uc008sbr.2	Ensembl.UCSC:104143[1]	ENSMUSG00000041135	Ensembl.UCSC:104143[1>0]
uc008sbt.2	Ensembl.UCSC:116365[1]	ENSMUSG00000085112	Ensembl.UCSC:116365[1>0]
uc008sbw.4	Ensembl.UCSC:104278[1]	ENSMUSG00000028226	Ensembl.UCSC:104278[1>0]
uc008sbx.1	Ensembl.UCSC:120298[1]	ENSMUSG00000056494	Ensembl.UCSC:120298[1>0]
uc008sby.2	Ensembl.UCSC:120361[1]	ENSMUSG00000028228	Ensembl.UCSC:120361[1>0]
uc008sca.4	Ensembl.UCSC:120419[1]	ENSMUSG00000028229	Ensembl.UCSC:120419[1>0]
uc008scc.4	Ensembl.UCSC:122466[1]	ENSMUSG00000041058	Ensembl.UCSC:122466[1>0]
uc008sch.3	Ensembl.UCSC:104335[1]	ENSMUSG00000028238	Ensembl.UCSC:104335[1>0]
uc008sci.3	Ensembl.UCSC:104374[1]	ENSMUSG00000073988	Ensembl.UCSC:104374[1>0]
uc008scj.3	Ensembl.UCSC:104413[1]	ENSMUSG00000073988	Ensembl.UCSC:104413[1>0]
uc008sck.2	Ensembl.UCSC:104491[1]	ENSMUSG00000073987	Ensembl.UCSC:104491[1>0]
uc008scl.2	Ensembl.UCSC:104512[1]	ENSMUSG00000055761	Ensembl.UCSC:104512[1>0]
uc008scm.3	Ensembl.UCSC:104516[1]	ENSMUSG00000055761	Ensembl.UCSC:104516[1>0]
uc008sco.2	Ensembl.UCSC:104667[1]	ENSMUSG00000040478	Ensembl.UCSC:104667[1>0]
uc008scs.4	Ensembl.UCSC:105048[1]	ENSMUSG00000028252	Ensembl.UCSC:105048[1>0]
uc008scu.4	Ensembl.UCSC:104986[1]	ENSMUSG00000028252	Ensembl.UCSC:104986[1>0]
uc008scv.4	Ensembl.UCSC:104977[1]	ENSMUSG00000028252	Ensembl.UCSC:104977[1>0]
uc008scx.3	Ensembl.UCSC:91025[1]	ENSMUSG00000028251	Ensembl.UCSC:91025[1>0]
uc008scy.2	Ensembl.UCSC:9273[1]	ENSMUSG00000040455	Ensembl.UCSC:9273[1>0]
uc008sda.2	Ensembl.UCSC:9444[1]	ENSMUSG00000040455	Ensembl.UCSC:9444[1>0]
uc008sdc.2	Ensembl.UCSC:9445[1]	ENSMUSG00000040455	Ensembl.UCSC:9445[1>0]
uc008sdf.3	Ensembl.UCSC:91241[1]	ENSMUSG00000028248	Ensembl.UCSC:91241[1>0]
uc008sdg.2	Ensembl.UCSC:91223[1]	ENSMUSG00000028248	Ensembl.UCSC:91223[1>0]
uc008sdj.2	Ensembl.UCSC:91340[1]	ENSMUSG00000028247	Ensembl.UCSC:91340[1>0]
uc008sdl.3	Ensembl.UCSC:91393[1]	ENSMUSG00000028246	Ensembl.UCSC:91393[1>0]
uc008sdm.3	Ensembl.UCSC:91401[1]	ENSMUSG00000028246	Ensembl.UCSC:91401[1>0]
uc008sdo.2	Ensembl.UCSC:91450[1]	ENSMUSG00000040410	Ensembl.UCSC:91450[1>0]
uc008sdp.3	Ensembl.UCSC:91473[1]	ENSMUSG00000095139	Ensembl.UCSC:91473[1>0]
uc008sdr.2	Ensembl.UCSC:91503[1]	ENSMUSG00000028244	Ensembl.UCSC:91503[1>0]
uc008sdu.3	Ensembl.UCSC:91861[1]	ENSMUSG00000045751	Ensembl.UCSC:91861[1>0]
uc008sdv.3	Ensembl.UCSC:91552[1]	ENSMUSG00000045751	Ensembl.UCSC:91552[1>0]
uc008sdw.4	Ensembl.UCSC:91866[1]	ENSMUSG00000045751	Ensembl.UCSC:91866[1>0]
uc008sdx.4	Ensembl.UCSC:91853[1]	ENSMUSG00000045751	Ensembl.UCSC:91853[1>0]
uc008sdz.2	Ensembl.UCSC:92267[1]	ENSMUSG00000040387	Ensembl.UCSC:92267[1>0]
uc008sec.1	Ensembl.UCSC:92281[1]	ENSMUSG00000087399	Ensembl.UCSC:92281[1>0]
uc008sed.2	Ensembl.UCSC:92309[1]	ENSMUSG00000028261	Ensembl.UCSC:92309[1>0]
uc008see.1	Ensembl.UCSC:92453[1]	ENSMUSG00000040372	Ensembl.UCSC:92453[1>0]
uc008sef.2	Ensembl.UCSC:92501[1]	ENSMUSG00000028259	Ensembl.UCSC:92501[1>0]
uc008seh.3	Ensembl.UCSC:92763[1]	ENSMUSG00000040359	Ensembl.UCSC:92763[1>0]
uc008sei.2	Ensembl.UCSC:92972[1]	ENSMUSG00000055373	Ensembl.UCSC:92972[1>0]
uc008sej.2	Ensembl.UCSC:92996[1]	ENSMUSG00000040520	Ensembl.UCSC:92996[1>0]
uc008sek.1	Ensembl.UCSC:93009[1]	ENSMUSG00000086257	Ensembl.UCSC:93009[1>0]
uc008sem.4	Ensembl.UCSC:93339[1]	ENSMUSG00000028289	Ensembl.UCSC:93339[1>0]
uc008sen.4	Ensembl.UCSC:93404[1]	ENSMUSG00000028289	Ensembl.UCSC:93404[1>0]
uc008sep.4	Ensembl.UCSC:93786[1]	ENSMUSG00000028284	Ensembl.UCSC:93786[1>0]
uc008seq.4	Ensembl.UCSC:93783[1]	ENSMUSG00000028284	Ensembl.UCSC:93783[1>0]
uc008set.2	Ensembl.UCSC:93863[1]	ENSMUSG00000086150	Ensembl.UCSC:93863[1>0]
uc008sev.2	Ensembl.UCSC:93872[1]	ENSMUSG00000051056	Ensembl.UCSC:93872[1>0]
uc008sew.4	Ensembl.UCSC:93934[1]	ENSMUSG00000028282	Ensembl.UCSC:93934[1>0]
uc008sex.4	Ensembl.UCSC:93913[1]	ENSMUSG00000028282	Ensembl.UCSC:93913[1>0]
uc008sfa.1	Ensembl.UCSC:94740[1]	ENSMUSG00000058006	Ensembl.UCSC:94740[1>0]
uc008sfc.2	Ensembl.UCSC:94738[1]	ENSMUSG00000058006	Ensembl.UCSC:94738[1>0]
uc008sfe.4	Ensembl.UCSC:94752[1]	ENSMUSG00000045854	Ensembl.UCSC:94752[1>0]
uc008sfh.2	Ensembl.UCSC:95389[1]	ENSMUSG00000040183	Ensembl.UCSC:95389[1>0]
uc008sfi.1	Ensembl.UCSC:95414[1]	ENSMUSG00000040183	Ensembl.UCSC:95414[1>0]
uc008sfj.1	Ensembl.UCSC:95418[1]	ENSMUSG00000040183	Ensembl.UCSC:95418[1>0]
uc008sfl.2	Ensembl.UCSC:95626[1]	ENSMUSG00000028278	Ensembl.UCSC:95626[1>0]
uc008sfm.2	Ensembl.UCSC:95629[1]	ENSMUSG00000028278	Ensembl.UCSC:95629[1>0]
uc008sfo.3	Ensembl.UCSC:95657[1]	ENSMUSG00000085037	Ensembl.UCSC:95657[1>0]
uc008sfp.2	Ensembl.UCSC:95750[1]	ENSMUSG00000028277	Ensembl.UCSC:95750[1>0]
uc008sfq.1	Ensembl.UCSC:95799[1]	ENSMUSG00000023267	Ensembl.UCSC:95799[1>0]
uc008sfr.3	Ensembl.UCSC:95992[1]	ENSMUSG00000028280	Ensembl.UCSC:95992[1>0]
uc008sfs.2	Ensembl.UCSC:96008[1]	ENSMUSG00000054659	Ensembl.UCSC:96008[1>0]
uc008sft.1	Ensembl.UCSC:96024[1]	ENSMUSG00000054679	Ensembl.UCSC:96024[1>0]
uc008sfu.2	Ensembl.UCSC:96033[1]	ENSMUSG00000040128	Ensembl.UCSC:96033[1>0]
uc008sfv.2	Ensembl.UCSC:96622[1]	ENSMUSG00000028274	Ensembl.UCSC:96622[1>0]
uc008sfw.1	Ensembl.UCSC:96709[1]	ENSMUSG00000044288	Ensembl.UCSC:96709[1>0]
uc008sfx.3	Ensembl.UCSC:96773[1]	ENSMUSG00000028264	Ensembl.UCSC:96773[1>0]
uc008sfy.3	Ensembl.UCSC:96770[1]	ENSMUSG00000028264	Ensembl.UCSC:96770[1>0]
uc008sfz.2	Ensembl.UCSC:96768[1]	ENSMUSG00000028264	Ensembl.UCSC:96768[1>0]
uc008sga.2	Ensembl.UCSC:97020[1]	ENSMUSG00000028291	Ensembl.UCSC:97020[1>0]
uc008sgb.3	Ensembl.UCSC:97697[1]	ENSMUSG00000040044	Ensembl.UCSC:97697[1>0]
uc008sge.2	Ensembl.UCSC:97776[1]	ENSMUSG00000040044	Ensembl.UCSC:97776[1>0]
uc008sgf.3	Ensembl.UCSC:98156[1]	ENSMUSG00000028292	Ensembl.UCSC:98156[1>0]
uc008sgj.3	Ensembl.UCSC:98660[1]	ENSMUSG00000028294	Ensembl.UCSC:98660[1>0]
uc008sgk.2	Ensembl.UCSC:98683[1]	ENSMUSG00000071015	Ensembl.UCSC:98683[1>0]
uc008sgl.2	Ensembl.UCSC:98787[1]	ENSMUSG00000028295	Ensembl.UCSC:98787[1>0]
uc008sgm.2	Ensembl.UCSC:98802[1]	ENSMUSG00000028295	Ensembl.UCSC:98802[1>0]
uc008sgn.3	Ensembl.UCSC:98832[1]	ENSMUSG00000039967	Ensembl.UCSC:98832[1>0]
uc008sgq.2	Ensembl.UCSC:98860[1]	ENSMUSG00000028298	Ensembl.UCSC:98860[1>0]
uc008sgr.2	Ensembl.UCSC:98874[1]	ENSMUSG00000085824	Ensembl.UCSC:98874[1>0]
uc008sgs.2	Ensembl.UCSC:98899[1]	ENSMUSG00000073910	Ensembl.UCSC:98899[1>0]
uc008sgt.3	Ensembl.UCSC:98903[1]	ENSMUSG00000073910	Ensembl.UCSC:98903[1>0]
uc008sgu.2	Ensembl.UCSC:98916[1]	ENSMUSG00000042993	Ensembl.UCSC:98916[1>0]
uc008sgv.2	Ensembl.UCSC:99009[1]	ENSMUSG00000028300	Ensembl.UCSC:99009[1>0]
uc008sgw.1	Ensembl.UCSC:98995[1]	ENSMUSG00000028300	Ensembl.UCSC:98995[1>0]
uc008sgx.2	Ensembl.UCSC:99014[1]	ENSMUSG00000082762	Ensembl.UCSC:99014[1>0]
uc008sgy.1	Ensembl.UCSC:99020[1]	ENSMUSG00000084828	Ensembl.UCSC:99020[1>0]
uc008sgz.4	Ensembl.UCSC:99036[1]	ENSMUSG00000045083	Ensembl.UCSC:99036[1>0]
uc008shb.4	Ensembl.UCSC:99059[1]	ENSMUSG00000045083	Ensembl.UCSC:99059[1>0]
uc008shc.3	Ensembl.UCSC:99164[1]	ENSMUSG00000028287	Ensembl.UCSC:99164[1>0]
uc008shd.2	Ensembl.UCSC:99286[1]	ENSMUSG00000028405	Ensembl.UCSC:99286[1>0]
uc008she.2	Ensembl.UCSC:99548[1]	ENSMUSG00000040296	Ensembl.UCSC:99548[1>0]
uc008shf.2	Ensembl.UCSC:99511[1]	ENSMUSG00000040296	Ensembl.UCSC:99511[1>0]
uc008shh.2	Ensembl.UCSC:99524[1]	ENSMUSG00000040296	Ensembl.UCSC:99524[1>0]
uc008shi.2	Ensembl.UCSC:99577[1]	ENSMUSG00000036822	Ensembl.UCSC:99577[1>0]
uc008shk.2	Ensembl.UCSC:99601[1]	ENSMUSG00000071014	Ensembl.UCSC:99601[1>0]
uc008shm.2	Ensembl.UCSC:100973[1]	ENSMUSG00000046593	Ensembl.UCSC:100973[1>0]
uc008shn.1	Ensembl.UCSC:100977[1]	ENSMUSG00000086355	Ensembl.UCSC:100977[1>0]
uc008sho.2	Ensembl.UCSC:101058[1]	ENSMUSG00000028411	Ensembl.UCSC:101058[1>0]
uc008shp.3	Ensembl.UCSC:101032[1]	ENSMUSG00000028411	Ensembl.UCSC:101032[1>0]
uc008shr.3	Ensembl.UCSC:101045[1]	ENSMUSG00000028411	Ensembl.UCSC:101045[1>0]
uc008sht.4	Ensembl.UCSC:101257[1]	ENSMUSG00000028410	Ensembl.UCSC:101257[1>0]
uc008shu.3	Ensembl.UCSC:101452[1]	ENSMUSG00000028409	Ensembl.UCSC:101452[1>0]
uc008shw.3	Ensembl.UCSC:101532[1]	ENSMUSG00000028413	Ensembl.UCSC:101532[1>0]
uc008shy.2	Ensembl.UCSC:101564[1]	ENSMUSG00000028415	Ensembl.UCSC:101564[1>0]
uc008shz.4	Ensembl.UCSC:101823[1]	ENSMUSG00000028416	Ensembl.UCSC:101823[1>0]
uc008sib.2	Ensembl.UCSC:101870[1]	ENSMUSG00000028419	Ensembl.UCSC:101870[1>0]
uc008sic.3	Ensembl.UCSC:102212[1]	ENSMUSG00000028423	Ensembl.UCSC:102212[1>0]
uc008sid.3	Ensembl.UCSC:102194[1]	ENSMUSG00000028423	Ensembl.UCSC:102194[1>0]
uc008sie.3	Ensembl.UCSC:102190[1]	ENSMUSG00000028423	Ensembl.UCSC:102190[1>0]
uc008sif.1	Ensembl.UCSC:102247[1]	ENSMUSG00000028427	Ensembl.UCSC:102247[1>0]
uc008sig.2	Ensembl.UCSC:102243[1]	ENSMUSG00000028427	Ensembl.UCSC:102243[1>0]
uc008sih.2	Ensembl.UCSC:102281[1]	ENSMUSG00000028435	Ensembl.UCSC:102281[1>0]
uc008sii.2	Ensembl.UCSC:102535[1]	ENSMUSG00000028430	Ensembl.UCSC:102535[1>0]
uc008sij.2	Ensembl.UCSC:102564[1]	ENSMUSG00000036241	Ensembl.UCSC:102564[1>0]
uc008sik.2	Ensembl.UCSC:102737[1]	ENSMUSG00000028433	Ensembl.UCSC:102737[1>0]
uc008sil.3	Ensembl.UCSC:102949[1]	ENSMUSG00000028436	Ensembl.UCSC:102949[1>0]
uc008sin.2	Ensembl.UCSC:103106[1]	ENSMUSG00000028437	Ensembl.UCSC:103106[1>0]
uc008sio.2	Ensembl.UCSC:103193[1]	ENSMUSG00000028438	Ensembl.UCSC:103193[1>0]
uc008sir.2	Ensembl.UCSC:103203[1]	ENSMUSG00000028438	Ensembl.UCSC:103203[1>0]
uc008sis.2	Ensembl.UCSC:103214[1]	ENSMUSG00000028443	Ensembl.UCSC:103214[1>0]
uc008sit.3	Ensembl.UCSC:103228[1]	ENSMUSG00000046312	Ensembl.UCSC:103228[1>0]
uc008siu.2	Ensembl.UCSC:103263[1]	ENSMUSG00000028441	Ensembl.UCSC:103263[1>0]
uc008six.1	Ensembl.UCSC:103315[1]	ENSMUSG00000028441	Ensembl.UCSC:103315[1>0]
uc008siz.3	Ensembl.UCSC:103358[1]	ENSMUSG00000028439	Ensembl.UCSC:103358[1>0]
uc008sja.2	Ensembl.UCSC:103362[1]	ENSMUSG00000028439	Ensembl.UCSC:103362[1>0]
uc008sjb.2	Ensembl.UCSC:103376[1]	ENSMUSG00000087623	Ensembl.UCSC:103376[1>0]
uc008sjc.3	Ensembl.UCSC:103443[1]	ENSMUSG00000061322	Ensembl.UCSC:103443[1>0]
uc008sjd.3	Ensembl.UCSC:103461[1]	ENSMUSG00000028445	Ensembl.UCSC:103461[1>0]
uc008sje.4	Ensembl.UCSC:103583[1]	ENSMUSG00000028444	Ensembl.UCSC:103583[1>0]
uc008sjf.3	Ensembl.UCSC:103586[1]	ENSMUSG00000028444	Ensembl.UCSC:103586[1>0]
uc008sjh.3	Ensembl.UCSC:113965[1]	ENSMUSG00000036114	Ensembl.UCSC:113965[1>0]
uc008sji.3	Ensembl.UCSC:114004[1]	ENSMUSG00000028447	Ensembl.UCSC:114004[1>0]
uc008sjj.1	Ensembl.UCSC:114024[1]	ENSMUSG00000066224	Ensembl.UCSC:114024[1>0]
uc008sjk.2	Ensembl.UCSC:114103[1]	ENSMUSG00000036078	Ensembl.UCSC:114103[1>0]
uc008sjl.2	Ensembl.UCSC:114105[1]	ENSMUSG00000036078	Ensembl.UCSC:114105[1>0]
uc008sjn.3	Ensembl.UCSC:114318[1]	ENSMUSG00000036073	Ensembl.UCSC:114318[1>0]
uc008sjo.3	Ensembl.UCSC:114317[1]	ENSMUSG00000036073	Ensembl.UCSC:114317[1>0]
uc008sjr.3	Ensembl.UCSC:103905[1]	ENSMUSG00000073889	Ensembl.UCSC:103905[1>0]
uc008sjs.3	Ensembl.UCSC:103914[1]	ENSMUSG00000073889	Ensembl.UCSC:103914[1>0]
uc008sjt.3	Ensembl.UCSC:103931[1]	ENSMUSG00000073889	Ensembl.UCSC:103931[1>0]
uc008sju.3	Ensembl.UCSC:114160[1]	ENSMUSG00000073888	Ensembl.UCSC:114160[1>0]
uc008sjv.2	Ensembl.UCSC:114175[1]	ENSMUSG00000073888	Ensembl.UCSC:114175[1>0]
uc008sjw.4	Ensembl.UCSC:114218[1]	ENSMUSG00000073888	Ensembl.UCSC:114218[1>0]
uc008sjx.3	Ensembl.UCSC:114249[1]	ENSMUSG00000073888	Ensembl.UCSC:114249[1>0]
uc008sjz.2	Ensembl.UCSC:114256[1]	ENSMUSG00000095298	Ensembl.UCSC:114256[1>0]
uc008sks.2	Ensembl.UCSC:127947[1]	ENSMUSG00000084010	Ensembl.UCSC:127947[1>0]
uc008skt.2	Ensembl.UCSC:127966[1]	ENSMUSG00000094065	Ensembl.UCSC:127966[1>0]
uc008skv.3	Ensembl.UCSC:128014[1]	ENSMUSG00000082414	Ensembl.UCSC:128014[1>0]
uc008slh.2	Ensembl.UCSC:128023[1]	ENSMUSG00000095348	Ensembl.UCSC:128023[1>0]
uc008sll.2	Ensembl.UCSC:128048[1]	ENSMUSG00000073878	Ensembl.UCSC:128048[1>0]
uc008slm.2	Ensembl.UCSC:128051[1]	ENSMUSG00000094162	Ensembl.UCSC:128051[1>0]
uc008sln.3	Ensembl.UCSC:128066[1]	ENSMUSG00000073877	Ensembl.UCSC:128066[1>0]
uc008slo.2	Ensembl.UCSC:128114[1]	ENSMUSG00000073876	Ensembl.UCSC:128114[1>0]
uc008slw.2	Ensembl.UCSC:121118[1]	ENSMUSG00000078722	Ensembl.UCSC:121118[1>0]
uc008snh.2	Ensembl.UCSC:104689[1]	ENSMUSG00000094066	Ensembl.UCSC:104689[1>0]
uc008sni.5	Ensembl.UCSC:119690[1]	ENSMUSG00000121464	Ensembl.UCSC:119690[1>0]
uc008snn.3	Ensembl.UCSC:104711[1]	ENSMUSG00000096596	Ensembl.UCSC:104711[1>0]
uc008sno.3	Ensembl.UCSC:104715[1]	ENSMUSG00000091938	Ensembl.UCSC:104715[1>0]
uc008snp.3	Ensembl.UCSC:120950[1]	ENSMUSG00000096826	Ensembl.UCSC:120950[1>0]
uc008snx.2	Ensembl.UCSC:121063[1]	ENSMUSG00000071005	Ensembl.UCSC:121063[1>0]
uc008sny.4	Ensembl.UCSC:121114[1]	ENSMUSG00000094686	Ensembl.UCSC:121114[1>0]
uc008sog.2	Ensembl.UCSC:121165[1]	ENSMUSG00000050141	Ensembl.UCSC:121165[1>0]
uc008soh.3	Ensembl.UCSC:121171[1]	ENSMUSG00000050141	Ensembl.UCSC:121171[1>0]
uc008soj.2	Ensembl.UCSC:121290[1]	ENSMUSG00000036062	Ensembl.UCSC:121290[1>0]
uc008sok.2	Ensembl.UCSC:121294[1]	ENSMUSG00000036062	Ensembl.UCSC:121294[1>0]
uc008sol.2	Ensembl.UCSC:121270[1]	ENSMUSG00000036062	Ensembl.UCSC:121270[1>0]
uc008som.2	Ensembl.UCSC:121358[1]	ENSMUSG00000036052	Ensembl.UCSC:121358[1>0]
uc008son.2	Ensembl.UCSC:121370[1]	ENSMUSG00000036052	Ensembl.UCSC:121370[1>0]
uc008soo.2	Ensembl.UCSC:121346[1]	ENSMUSG00000036052	Ensembl.UCSC:121346[1>0]
uc008sop.2	Ensembl.UCSC:121367[1]	ENSMUSG00000036052	Ensembl.UCSC:121367[1>0]
uc008soq.3	Ensembl.UCSC:121395[1]	ENSMUSG00000028451	Ensembl.UCSC:121395[1>0]
uc008sor.3	Ensembl.UCSC:121457[1]	ENSMUSG00000028452	Ensembl.UCSC:121457[1>0]
uc008sos.3	Ensembl.UCSC:121503[1]	ENSMUSG00000028453	Ensembl.UCSC:121503[1>0]
uc008sov.3	Ensembl.UCSC:136865[1]	ENSMUSG00000028454	Ensembl.UCSC:136865[1>0]
uc008soy.2	Ensembl.UCSC:121585[1]	ENSMUSG00000028455	Ensembl.UCSC:121585[1>0]
uc008soz.3	Ensembl.UCSC:121719[1]	ENSMUSG00000036002	Ensembl.UCSC:121719[1>0]
uc008spb.3	Ensembl.UCSC:121723[1]	ENSMUSG00000036002	Ensembl.UCSC:121723[1>0]
uc008spd.2	Ensembl.UCSC:121738[1]	ENSMUSG00000036002	Ensembl.UCSC:121738[1>0]
uc008spe.2	Ensembl.UCSC:136837[1]	ENSMUSG00000096974	Ensembl.UCSC:136837[1>0]
uc008spg.4	Ensembl.UCSC:105934[1]	ENSMUSG00000028456	Ensembl.UCSC:105934[1>0]
uc008spi.2	Ensembl.UCSC:105967[1]	ENSMUSG00000028456	Ensembl.UCSC:105967[1>0]
uc008spj.2	Ensembl.UCSC:106216[1]	ENSMUSG00000028457	Ensembl.UCSC:106216[1>0]
uc008spk.2	Ensembl.UCSC:106046[1]	ENSMUSG00000028457	Ensembl.UCSC:106046[1>0]
uc008spl.2	Ensembl.UCSC:106204[1]	ENSMUSG00000028457	Ensembl.UCSC:106204[1>0]
uc008spm.3	Ensembl.UCSC:106398[1]	ENSMUSG00000035969	Ensembl.UCSC:106398[1>0]
uc008spn.3	Ensembl.UCSC:106431[1]	ENSMUSG00000035969	Ensembl.UCSC:106431[1>0]
uc008spo.2	Ensembl.UCSC:106469[1]	ENSMUSG00000035969	Ensembl.UCSC:106469[1>0]
uc008spp.2	Ensembl.UCSC:106546[1]	ENSMUSG00000042788	Ensembl.UCSC:106546[1>0]
uc008spq.3	Ensembl.UCSC:106622[1]	ENSMUSG00000028458	Ensembl.UCSC:106622[1>0]
uc008spr.3	Ensembl.UCSC:106801[1]	ENSMUSG00000028459	Ensembl.UCSC:106801[1>0]
uc008sps.3	Ensembl.UCSC:106806[1]	ENSMUSG00000028459	Ensembl.UCSC:106806[1>0]
uc008spt.3	Ensembl.UCSC:106822[1]	ENSMUSG00000028459	Ensembl.UCSC:106822[1>0]
uc008spu.3	Ensembl.UCSC:106826[1]	ENSMUSG00000028459	Ensembl.UCSC:106826[1>0]
uc008spv.3	Ensembl.UCSC:106771[1]	ENSMUSG00000028459	Ensembl.UCSC:106771[1>0]
uc008spw.3	Ensembl.UCSC:106855[1]	ENSMUSG00000028460	Ensembl.UCSC:106855[1>0]
uc008spx.2	Ensembl.UCSC:106860[1]	ENSMUSG00000115420	Ensembl.UCSC:106860[1>0]
uc008spy.3	Ensembl.UCSC:106889[1]	ENSMUSG00000028461	Ensembl.UCSC:106889[1>0]
uc008spz.4	Ensembl.UCSC:106960[1]	ENSMUSG00000051517	Ensembl.UCSC:106960[1>0]
uc008sqa.2	Ensembl.UCSC:107103[1]	ENSMUSG00000028463	Ensembl.UCSC:107103[1>0]
uc008sqc.3	Ensembl.UCSC:107242[1]	ENSMUSG00000028464	Ensembl.UCSC:107242[1>0]
uc008sqd.3	Ensembl.UCSC:107249[1]	ENSMUSG00000028464	Ensembl.UCSC:107249[1>0]
uc008sqe.3	Ensembl.UCSC:107512[1]	ENSMUSG00000028465	Ensembl.UCSC:107512[1>0]
uc008sqf.3	Ensembl.UCSC:107530[1]	ENSMUSG00000028465	Ensembl.UCSC:107530[1>0]
uc008sqg.2	Ensembl.UCSC:134238[1]	ENSMUSG00000028466	Ensembl.UCSC:134238[1>0]
uc008sqh.3	Ensembl.UCSC:107563[1]	ENSMUSG00000028467	Ensembl.UCSC:107563[1>0]
uc008sqi.3	Ensembl.UCSC:107645[1]	ENSMUSG00000028467	Ensembl.UCSC:107645[1>0]
uc008sqj.2	Ensembl.UCSC:48889[1]	ENSMUSG00000028468	Ensembl.UCSC:48889[1>0]
uc008sqk.2	Ensembl.UCSC:48893[1]	ENSMUSG00000028468	Ensembl.UCSC:48893[1>0]
uc008sql.1	Ensembl.UCSC:107656[1]	ENSMUSG00000078719	Ensembl.UCSC:107656[1>0]
uc008sqm.2	Ensembl.UCSC:107855[1]	ENSMUSG00000028469	Ensembl.UCSC:107855[1>0]
uc008sqo.3	Ensembl.UCSC:107877[1]	ENSMUSG00000028469	Ensembl.UCSC:107877[1>0]
uc008sqp.3	Ensembl.UCSC:107872[1]	ENSMUSG00000028469	Ensembl.UCSC:107872[1>0]
uc008sqq.3	Ensembl.UCSC:107902[1]	ENSMUSG00000066196	Ensembl.UCSC:107902[1>0]
uc008sqr.2	Ensembl.UCSC:107905[1]	ENSMUSG00000066196	Ensembl.UCSC:107905[1>0]
uc008sqs.2	Ensembl.UCSC:107928[1]	ENSMUSG00000028470	Ensembl.UCSC:107928[1>0]
uc008sqt.2	Ensembl.UCSC:107966[1]	ENSMUSG00000043633	Ensembl.UCSC:107966[1>0]
uc008squ.2	Ensembl.UCSC:107970[1]	ENSMUSG00000043633	Ensembl.UCSC:107970[1>0]
uc008sqv.2	Ensembl.UCSC:108028[1]	ENSMUSG00000078716	Ensembl.UCSC:108028[1>0]
uc008sqw.1	Ensembl.UCSC:108074[1]	ENSMUSG00000046450	Ensembl.UCSC:108074[1>0]
uc008sqx.2	Ensembl.UCSC:108078[1]	ENSMUSG00000071001	Ensembl.UCSC:108078[1>0]
uc008sqy.2	Ensembl.UCSC:108092[1]	ENSMUSG00000028475	Ensembl.UCSC:108092[1>0]
uc008sra.1	Ensembl.UCSC:119662[1]	ENSMUSG00000044801	Ensembl.UCSC:119662[1>0]
uc008srb.2	Ensembl.UCSC:119679[1]	ENSMUSG00000110970	Ensembl.UCSC:119679[1>0]
uc008src.1	Ensembl.UCSC:119685[1]	ENSMUSG00000111611	Ensembl.UCSC:119685[1>0]
uc008srd.1	Ensembl.UCSC:119687[1]	ENSMUSG00000071000	Ensembl.UCSC:119687[1>0]
uc008srf.2	Ensembl.UCSC:108239[1]	ENSMUSG00000028480	Ensembl.UCSC:108239[1>0]
uc008srg.2	Ensembl.UCSC:108251[1]	ENSMUSG00000070999	Ensembl.UCSC:108251[1>0]
uc008srh.3	Ensembl.UCSC:108355[1]	ENSMUSG00000028478	Ensembl.UCSC:108355[1>0]
uc008sri.3	Ensembl.UCSC:108379[1]	ENSMUSG00000028478	Ensembl.UCSC:108379[1>0]
uc008srj.3	Ensembl.UCSC:108377[1]	ENSMUSG00000028478	Ensembl.UCSC:108377[1>0]
uc008srk.3	Ensembl.UCSC:108389[1]	ENSMUSG00000028478	Ensembl.UCSC:108389[1>0]
uc008srl.3	Ensembl.UCSC:108383[1]	ENSMUSG00000028478	Ensembl.UCSC:108383[1>0]
uc008srn.3	Ensembl.UCSC:108554[1]	ENSMUSG00000028479	Ensembl.UCSC:108554[1>0]
uc008sro.2	Ensembl.UCSC:108544[1]	ENSMUSG00000028479	Ensembl.UCSC:108544[1>0]
uc008srq.3	Ensembl.UCSC:108787[1]	ENSMUSG00000035696	Ensembl.UCSC:108787[1>0]
uc008srs.3	Ensembl.UCSC:108863[1]	ENSMUSG00000035696	Ensembl.UCSC:108863[1>0]
uc008srt.3	Ensembl.UCSC:108794[1]	ENSMUSG00000035696	Ensembl.UCSC:108794[1>0]
uc008srv.2	Ensembl.UCSC:108932[1]	ENSMUSG00000035683	Ensembl.UCSC:108932[1>0]
uc008srx.2	Ensembl.UCSC:109131[1]	ENSMUSG00000014030	Ensembl.UCSC:109131[1>0]
uc008srz.4	Ensembl.UCSC:109198[1]	ENSMUSG00000035649	Ensembl.UCSC:109198[1>0]
uc008ssa.4	Ensembl.UCSC:109215[1]	ENSMUSG00000035649	Ensembl.UCSC:109215[1>0]
uc008ssb.3	Ensembl.UCSC:109273[1]	ENSMUSG00000035637	Ensembl.UCSC:109273[1>0]
uc008ssc.4	Ensembl.UCSC:109301[1]	ENSMUSG00000049657	Ensembl.UCSC:109301[1>0]
uc008ssd.3	Ensembl.UCSC:109319[1]	ENSMUSG00000049657	Ensembl.UCSC:109319[1>0]
uc008sse.3	Ensembl.UCSC:109534[1]	ENSMUSG00000028318	Ensembl.UCSC:109534[1>0]
uc008ssf.3	Ensembl.UCSC:109596[1]	ENSMUSG00000048232	Ensembl.UCSC:109596[1>0]
uc008ssh.3	Ensembl.UCSC:109605[1]	ENSMUSG00000078713	Ensembl.UCSC:109605[1>0]
uc008ssi.1	Ensembl.UCSC:109722[1]	ENSMUSG00000035615	Ensembl.UCSC:109722[1>0]
uc008ssj.2	Ensembl.UCSC:109795[1]	ENSMUSG00000035601	Ensembl.UCSC:109795[1>0]
uc008ssk.3	Ensembl.UCSC:109832[1]	ENSMUSG00000028322	Ensembl.UCSC:109832[1>0]
uc008ssl.2	Ensembl.UCSC:109846[1]	ENSMUSG00000028322	Ensembl.UCSC:109846[1>0]
uc008ssn.2	Ensembl.UCSC:109909[1]	ENSMUSG00000035572	Ensembl.UCSC:109909[1>0]
uc008sso.2	Ensembl.UCSC:109917[1]	ENSMUSG00000035572	Ensembl.UCSC:109917[1>0]
uc008ssr.3	Ensembl.UCSC:109941[1]	ENSMUSG00000045973	Ensembl.UCSC:109941[1>0]
uc008sst.3	Ensembl.UCSC:109971[1]	ENSMUSG00000044813	Ensembl.UCSC:109971[1>0]
uc008ssv.2	Ensembl.UCSC:115812[1]	ENSMUSG00000085980	Ensembl.UCSC:115812[1>0]
uc008ssx.2	Ensembl.UCSC:110033[1]	ENSMUSG00000035561	Ensembl.UCSC:110033[1>0]
uc008ssy.2	Ensembl.UCSC:110055[1]	ENSMUSG00000035551	Ensembl.UCSC:110055[1>0]
uc008ssz.4	Ensembl.UCSC:110225[1]	ENSMUSG00000028327	Ensembl.UCSC:110225[1>0]
uc008sta.3	Ensembl.UCSC:110235[1]	ENSMUSG00000035539	Ensembl.UCSC:110235[1>0]
uc008stb.3	Ensembl.UCSC:110356[1]	ENSMUSG00000035517	Ensembl.UCSC:110356[1>0]
uc008stc.3	Ensembl.UCSC:110362[1]	ENSMUSG00000035517	Ensembl.UCSC:110362[1>0]
uc008ste.2	Ensembl.UCSC:110413[1]	ENSMUSG00000028328	Ensembl.UCSC:110413[1>0]
uc008stf.2	Ensembl.UCSC:110435[1]	ENSMUSG00000028328	Ensembl.UCSC:110435[1>0]
uc008stg.2	Ensembl.UCSC:110527[1]	ENSMUSG00000035495	Ensembl.UCSC:110527[1>0]
uc008sth.3	Ensembl.UCSC:110533[1]	ENSMUSG00000035495	Ensembl.UCSC:110533[1>0]
uc008stk.3	Ensembl.UCSC:110634[1]	ENSMUSG00000028330	Ensembl.UCSC:110634[1>0]
uc008stm.2	Ensembl.UCSC:110707[1]	ENSMUSG00000028329	Ensembl.UCSC:110707[1>0]
uc008stn.2	Ensembl.UCSC:110715[1]	ENSMUSG00000028329	Ensembl.UCSC:110715[1>0]
uc008sto.2	Ensembl.UCSC:110740[1]	ENSMUSG00000070990	Ensembl.UCSC:110740[1>0]
uc008stp.2	Ensembl.UCSC:110802[1]	ENSMUSG00000028331	Ensembl.UCSC:110802[1>0]
uc008stq.2	Ensembl.UCSC:110803[1]	ENSMUSG00000028331	Ensembl.UCSC:110803[1>0]
uc008str.2	Ensembl.UCSC:110819[1]	ENSMUSG00000028332	Ensembl.UCSC:110819[1>0]
uc008sts.2	Ensembl.UCSC:110824[1]	ENSMUSG00000028332	Ensembl.UCSC:110824[1>0]
uc008stt.2	Ensembl.UCSC:110873[1]	ENSMUSG00000028333	Ensembl.UCSC:110873[1>0]
uc008stu.2	Ensembl.UCSC:110899[1]	ENSMUSG00000028334	Ensembl.UCSC:110899[1>0]
uc008stv.2	Ensembl.UCSC:110896[1]	ENSMUSG00000028334	Ensembl.UCSC:110896[1>0]
uc008stx.3	Ensembl.UCSC:110977[1]	ENSMUSG00000039853	Ensembl.UCSC:110977[1>0]
uc008sty.3	Ensembl.UCSC:110985[1]	ENSMUSG00000039853	Ensembl.UCSC:110985[1>0]
uc008stz.4	Ensembl.UCSC:111035[1]	ENSMUSG00000028337	Ensembl.UCSC:111035[1>0]
uc008sua.3	Ensembl.UCSC:111024[1]	ENSMUSG00000028337	Ensembl.UCSC:111024[1>0]
uc008suc.2	Ensembl.UCSC:111027[1]	ENSMUSG00000028337	Ensembl.UCSC:111027[1>0]
uc008sue.3	Ensembl.UCSC:111033[1]	ENSMUSG00000028337	Ensembl.UCSC:111033[1>0]
uc008suf.2	Ensembl.UCSC:111053[1]	ENSMUSG00000039813	Ensembl.UCSC:111053[1>0]
uc008sug.2	Ensembl.UCSC:111100[1]	ENSMUSG00000039809	Ensembl.UCSC:111100[1>0]
uc008suh.2	Ensembl.UCSC:111107[1]	ENSMUSG00000048824	Ensembl.UCSC:111107[1>0]
uc008sui.1	Ensembl.UCSC:111184[1]	ENSMUSG00000066191	Ensembl.UCSC:111184[1>0]
uc008suj.2	Ensembl.UCSC:111169[1]	ENSMUSG00000066191	Ensembl.UCSC:111169[1>0]
uc008suk.2	Ensembl.UCSC:111214[1]	ENSMUSG00000039774	Ensembl.UCSC:111214[1>0]
uc008sul.2	Ensembl.UCSC:111219[1]	ENSMUSG00000039774	Ensembl.UCSC:111219[1>0]
uc008sum.2	Ensembl.UCSC:111364[1]	ENSMUSG00000028339	Ensembl.UCSC:111364[1>0]
uc008sun.3	Ensembl.UCSC:111452[1]	ENSMUSG00000007613	Ensembl.UCSC:111452[1>0]
uc008suo.3	Ensembl.UCSC:111454[1]	ENSMUSG00000007613	Ensembl.UCSC:111454[1>0]
uc008sup.2	Ensembl.UCSC:111457[1]	ENSMUSG00000007613	Ensembl.UCSC:111457[1>0]
uc008suq.3	Ensembl.UCSC:123233[1]	ENSMUSG00000039740	Ensembl.UCSC:123233[1>0]
uc008sur.2	Ensembl.UCSC:123243[1]	ENSMUSG00000053317	Ensembl.UCSC:123243[1>0]
uc008sus.2	Ensembl.UCSC:111463[1]	ENSMUSG00000085660	Ensembl.UCSC:111463[1>0]
uc008suu.3	Ensembl.UCSC:111488[1]	ENSMUSG00000028341	Ensembl.UCSC:111488[1>0]
uc008sux.3	Ensembl.UCSC:111512[1]	ENSMUSG00000061455	Ensembl.UCSC:111512[1>0]
uc008suy.2	Ensembl.UCSC:111520[1]	ENSMUSG00000028343	Ensembl.UCSC:111520[1>0]
uc008suz.3	Ensembl.UCSC:111525[1]	ENSMUSG00000028344	Ensembl.UCSC:111525[1>0]
uc008sva.3	Ensembl.UCSC:111614[1]	ENSMUSG00000028344	Ensembl.UCSC:111614[1>0]
uc008svd.1	Ensembl.UCSC:111667[1]	ENSMUSG00000028345	Ensembl.UCSC:111667[1>0]
uc008sve.2	Ensembl.UCSC:111660[1]	ENSMUSG00000028345	Ensembl.UCSC:111660[1>0]
uc008svg.3	Ensembl.UCSC:111669[1]	ENSMUSG00000039693	Ensembl.UCSC:111669[1>0]
uc008svh.3	Ensembl.UCSC:111672[1]	ENSMUSG00000039693	Ensembl.UCSC:111672[1>0]
uc008svi.3	Ensembl.UCSC:111673[1]	ENSMUSG00000039693	Ensembl.UCSC:111673[1>0]
uc008svj.3	Ensembl.UCSC:111676[1]	ENSMUSG00000039693	Ensembl.UCSC:111676[1>0]
uc008svk.2	Ensembl.UCSC:111742[1]	ENSMUSG00000028347	Ensembl.UCSC:111742[1>0]
uc008svo.2	Ensembl.UCSC:111839[1]	ENSMUSG00000063446	Ensembl.UCSC:111839[1>0]
uc008svp.2	Ensembl.UCSC:111836[1]	ENSMUSG00000063446	Ensembl.UCSC:111836[1>0]
uc008svq.2	Ensembl.UCSC:111854[1]	ENSMUSG00000060317	Ensembl.UCSC:111854[1>0]
uc008svr.3	Ensembl.UCSC:111866[1]	ENSMUSG00000070985	Ensembl.UCSC:111866[1>0]
uc008svt.3	Ensembl.UCSC:111892[1]	ENSMUSG00000039653	Ensembl.UCSC:111892[1>0]
uc008svu.2	Ensembl.UCSC:111913[1]	ENSMUSG00000044018	Ensembl.UCSC:111913[1>0]
uc008svv.4	Ensembl.UCSC:111926[1]	ENSMUSG00000039634	Ensembl.UCSC:111926[1>0]
uc008svw.3	Ensembl.UCSC:111951[1]	ENSMUSG00000028307	Ensembl.UCSC:111951[1>0]
uc008svx.3	Ensembl.UCSC:111961[1]	ENSMUSG00000039611	Ensembl.UCSC:111961[1>0]
uc008swa.2	Ensembl.UCSC:112170[1]	ENSMUSG00000028309	Ensembl.UCSC:112170[1>0]
uc008swb.3	Ensembl.UCSC:112136[1]	ENSMUSG00000028309	Ensembl.UCSC:112136[1>0]
uc008swd.2	Ensembl.UCSC:112241[1]	ENSMUSG00000028310	Ensembl.UCSC:112241[1>0]
uc008swg.2	Ensembl.UCSC:112249[1]	ENSMUSG00000019836	Ensembl.UCSC:112249[1>0]
uc008swi.3	Ensembl.UCSC:112262[1]	ENSMUSG00000085763	Ensembl.UCSC:112262[1>0]
uc008swk.3	Ensembl.UCSC:112449[1]	ENSMUSG00000028312	Ensembl.UCSC:112449[1>0]
uc008swl.3	Ensembl.UCSC:112444[1]	ENSMUSG00000028312	Ensembl.UCSC:112444[1>0]
uc008swm.2	Ensembl.UCSC:112475[1]	ENSMUSG00000028314	Ensembl.UCSC:112475[1>0]
uc008swo.1	Ensembl.UCSC:112493[1]	ENSMUSG00000089717	Ensembl.UCSC:112493[1>0]
uc008swp.2	Ensembl.UCSC:119600[1]	ENSMUSG00000049648	Ensembl.UCSC:119600[1>0]
uc008swq.2	Ensembl.UCSC:119610[1]	ENSMUSG00000051593	Ensembl.UCSC:119610[1>0]
uc008swr.1	Ensembl.UCSC:119625[1]	ENSMUSG00000070983	Ensembl.UCSC:119625[1>0]
uc008sws.2	Ensembl.UCSC:119637[1]	ENSMUSG00000015242	Ensembl.UCSC:119637[1>0]
uc008swt.2	Ensembl.UCSC:119649[1]	ENSMUSG00000015247	Ensembl.UCSC:119649[1>0]
uc008swu.2	Ensembl.UCSC:112550[1]	ENSMUSG00000015243	Ensembl.UCSC:112550[1>0]
uc008sww.3	Ensembl.UCSC:116171[1]	ENSMUSG00000086947	Ensembl.UCSC:116171[1>0]
uc008swx.1	Ensembl.UCSC:112580[1]	ENSMUSG00000086712	Ensembl.UCSC:112580[1>0]
uc008swy.3	Ensembl.UCSC:112743[1]	ENSMUSG00000028412	Ensembl.UCSC:112743[1>0]
uc008swz.2	Ensembl.UCSC:112734[1]	ENSMUSG00000028412	Ensembl.UCSC:112734[1>0]
uc008sxa.3	Ensembl.UCSC:112709[1]	ENSMUSG00000028412	Ensembl.UCSC:112709[1>0]
uc008sxb.2	Ensembl.UCSC:112740[1]	ENSMUSG00000028412	Ensembl.UCSC:112740[1>0]
uc008sxd.2	Ensembl.UCSC:134311[1]	ENSMUSG00000054752	Ensembl.UCSC:134311[1>0]
uc008sxe.2	Ensembl.UCSC:112778[1]	ENSMUSG00000028414	Ensembl.UCSC:112778[1>0]
uc008sxf.2	Ensembl.UCSC:112792[1]	ENSMUSG00000028414	Ensembl.UCSC:112792[1>0]
uc008sxg.2	Ensembl.UCSC:112813[1]	ENSMUSG00000028417	Ensembl.UCSC:112813[1>0]
uc008sxh.3	Ensembl.UCSC:112827[1]	ENSMUSG00000028420	Ensembl.UCSC:112827[1>0]
uc008sxi.2	Ensembl.UCSC:112936[1]	ENSMUSG00000060206	Ensembl.UCSC:112936[1>0]
uc008sxk.3	Ensembl.UCSC:91090[1]	ENSMUSG00000003032	Ensembl.UCSC:91090[1>0]
uc008sxl.1	Ensembl.UCSC:91093[1]	ENSMUSG00000066176	Ensembl.UCSC:91093[1>0]
uc008sxm.1	Ensembl.UCSC:91284[1]	ENSMUSG00000085020	Ensembl.UCSC:91284[1>0]
uc008sxn.2	Ensembl.UCSC:127562[1]	ENSMUSG00000070980	Ensembl.UCSC:127562[1>0]
uc008sxo.3	Ensembl.UCSC:127571[1]	ENSMUSG00000070979	Ensembl.UCSC:127571[1>0]
uc008sxp.3	Ensembl.UCSC:127745[1]	ENSMUSG00000028431	Ensembl.UCSC:127745[1>0]
uc008sxs.2	Ensembl.UCSC:127793[1]	ENSMUSG00000038827	Ensembl.UCSC:127793[1>0]
uc008sxu.3	Ensembl.UCSC:127885[1]	ENSMUSG00000038816	Ensembl.UCSC:127885[1>0]
uc008sxv.3	Ensembl.UCSC:127904[1]	ENSMUSG00000038816	Ensembl.UCSC:127904[1>0]
uc008sxw.3	Ensembl.UCSC:91979[1]	ENSMUSG00000055296	Ensembl.UCSC:91979[1>0]
uc008sxx.3	Ensembl.UCSC:92008[1]	ENSMUSG00000045589	Ensembl.UCSC:92008[1>0]
uc008sxz.3	Ensembl.UCSC:92072[1]	ENSMUSG00000028434	Ensembl.UCSC:92072[1>0]
uc008sya.2	Ensembl.UCSC:92417[1]	ENSMUSG00000038764	Ensembl.UCSC:92417[1>0]
uc008syd.2	Ensembl.UCSC:92464[1]	ENSMUSG00000087044	Ensembl.UCSC:92464[1>0]
uc008sye.3	Ensembl.UCSC:92466[1]	ENSMUSG00000087044	Ensembl.UCSC:92466[1>0]
uc008syg.4	Ensembl.UCSC:92555[1]	ENSMUSG00000090053	Ensembl.UCSC:92555[1>0]
uc008syh.2	Ensembl.UCSC:92584[1]	ENSMUSG00000089945	Ensembl.UCSC:92584[1>0]
uc008syj.2	Ensembl.UCSC:92908[1]	ENSMUSG00000038729	Ensembl.UCSC:92908[1>0]
uc008syk.3	Ensembl.UCSC:92867[1]	ENSMUSG00000038729	Ensembl.UCSC:92867[1>0]
uc008syl.3	Ensembl.UCSC:92898[1]	ENSMUSG00000038729	Ensembl.UCSC:92898[1>0]
uc008sym.3	Ensembl.UCSC:92899[1]	ENSMUSG00000038729	Ensembl.UCSC:92899[1>0]
uc008syn.3	Ensembl.UCSC:92901[1]	ENSMUSG00000038729	Ensembl.UCSC:92901[1>0]
uc008syo.2	Ensembl.UCSC:92953[1]	ENSMUSG00000052117	Ensembl.UCSC:92953[1>0]
uc008syp.1	Ensembl.UCSC:129853[1]	ENSMUSG00000028367	Ensembl.UCSC:129853[1>0]
uc008syq.2	Ensembl.UCSC:129881[1]	ENSMUSG00000038709	Ensembl.UCSC:129881[1>0]
uc008syr.2	Ensembl.UCSC:129948[1]	ENSMUSG00000028369	Ensembl.UCSC:129948[1>0]
uc008sys.2	Ensembl.UCSC:129952[1]	ENSMUSG00000028369	Ensembl.UCSC:129952[1>0]
uc008syt.2	Ensembl.UCSC:129953[1]	ENSMUSG00000028369	Ensembl.UCSC:129953[1>0]
uc008syu.3	Ensembl.UCSC:129956[1]	ENSMUSG00000028369	Ensembl.UCSC:129956[1>0]
uc008szb.4	Ensembl.UCSC:129962[1]	ENSMUSG00000038668	Ensembl.UCSC:129962[1>0]
uc008szc.3	Ensembl.UCSC:129984[1]	ENSMUSG00000038668	Ensembl.UCSC:129984[1>0]
uc008szd.2	Ensembl.UCSC:93480[1]	ENSMUSG00000043385	Ensembl.UCSC:93480[1>0]
uc008sze.3	Ensembl.UCSC:94501[1]	ENSMUSG00000050812	Ensembl.UCSC:94501[1>0]
uc008szh.2	Ensembl.UCSC:94509[1]	ENSMUSG00000050812	Ensembl.UCSC:94509[1>0]
uc008szk.2	Ensembl.UCSC:94520[1]	ENSMUSG00000050812	Ensembl.UCSC:94520[1>0]
uc008szl.1	Ensembl.UCSC:123405[1]	ENSMUSG00000038630	Ensembl.UCSC:123405[1>0]
uc008szm.2	Ensembl.UCSC:123413[1]	ENSMUSG00000028378	Ensembl.UCSC:123413[1>0]
uc008szn.3	Ensembl.UCSC:123425[1]	ENSMUSG00000070972	Ensembl.UCSC:123425[1>0]
uc008szo.3	Ensembl.UCSC:123437[1]	ENSMUSG00000070972	Ensembl.UCSC:123437[1>0]
uc008szp.2	Ensembl.UCSC:123452[1]	ENSMUSG00000038607	Ensembl.UCSC:123452[1>0]
uc008szq.2	Ensembl.UCSC:94793[1]	ENSMUSG00000038598	Ensembl.UCSC:94793[1>0]
uc008szs.2	Ensembl.UCSC:94898[1]	ENSMUSG00000028381	Ensembl.UCSC:94898[1>0]
uc008szu.2	Ensembl.UCSC:94951[1]	ENSMUSG00000038578	Ensembl.UCSC:94951[1>0]
uc008szw.3	Ensembl.UCSC:96481[1]	ENSMUSG00000028382	Ensembl.UCSC:96481[1>0]
uc008szx.2	Ensembl.UCSC:96428[1]	ENSMUSG00000028382	Ensembl.UCSC:96428[1>0]
uc008szy.4	Ensembl.UCSC:96747[1]	ENSMUSG00000028383	Ensembl.UCSC:96747[1>0]
uc008szz.3	Ensembl.UCSC:96745[1]	ENSMUSG00000028383	Ensembl.UCSC:96745[1>0]
uc008taa.3	Ensembl.UCSC:96802[1]	ENSMUSG00000045071	Ensembl.UCSC:96802[1>0]
uc008tab.3	Ensembl.UCSC:96795[1]	ENSMUSG00000045071	Ensembl.UCSC:96795[1>0]
uc008tac.3	Ensembl.UCSC:96845[1]	ENSMUSG00000038544	Ensembl.UCSC:96845[1>0]
uc008tae.2	Ensembl.UCSC:96889[1]	ENSMUSG00000028385	Ensembl.UCSC:96889[1>0]
uc008taf.3	Ensembl.UCSC:96913[1]	ENSMUSG00000028386	Ensembl.UCSC:96913[1>0]
uc008tag.2	Ensembl.UCSC:96933[1]	ENSMUSG00000041333	Ensembl.UCSC:96933[1>0]
uc008tah.1	Ensembl.UCSC:96971[1]	ENSMUSG00000078689	Ensembl.UCSC:96971[1>0]
uc008tai.3	Ensembl.UCSC:97048[1]	ENSMUSG00000073842	Ensembl.UCSC:97048[1>0]
uc008taj.5	Ensembl.UCSC:97452[1]	ENSMUSG00000078688	Ensembl.UCSC:97452[1>0]
uc008tal.5	Ensembl.UCSC:97457[1]	ENSMUSG00000078688	Ensembl.UCSC:97457[1>0]
uc009auw.1	Ensembl.UCSC:107081[1]	ENSMUSG00000106779	Ensembl.UCSC:107081[1>0]
uc009aux.2	Ensembl.UCSC:113797[1]	ENSMUSG00000106734	Ensembl.UCSC:113797[1>0]
uc009auy.5	Ensembl.UCSC:107092[1]	ENSMUSG00000047735	Ensembl.UCSC:107092[1>0]
uc009auz.2	Ensembl.UCSC:107134[1]	ENSMUSG00000044156	Ensembl.UCSC:107134[1>0]
uc009avb.3	Ensembl.UCSC:107541[1]	ENSMUSG00000001376	Ensembl.UCSC:107541[1>0]
uc009avc.3	Ensembl.UCSC:107532[1]	ENSMUSG00000001376	Ensembl.UCSC:107532[1>0]
uc009ave.2	Ensembl.UCSC:107669[1]	ENSMUSG00000023964	Ensembl.UCSC:107669[1>0]
uc009avf.2	Ensembl.UCSC:107673[1]	ENSMUSG00000023964	Ensembl.UCSC:107673[1>0]
uc009avg.2	Ensembl.UCSC:107672[1]	ENSMUSG00000023964	Ensembl.UCSC:107672[1>0]
uc009avh.2	Ensembl.UCSC:107708[1]	ENSMUSG00000029664	Ensembl.UCSC:107708[1>0]
uc009avi.2	Ensembl.UCSC:107729[1]	ENSMUSG00000029663	Ensembl.UCSC:107729[1>0]
uc009avj.4	Ensembl.UCSC:107743[1]	ENSMUSG00000032766	Ensembl.UCSC:107743[1>0]
uc009avk.2	Ensembl.UCSC:107765[1]	ENSMUSG00000032757	Ensembl.UCSC:107765[1>0]
uc009avm.3	Ensembl.UCSC:16757[1]	ENSMUSG00000029661	Ensembl.UCSC:16757[1>0]
uc009avn.2	Ensembl.UCSC:16777[1]	ENSMUSG00000029661	Ensembl.UCSC:16777[1>0]
uc009avo.2	Ensembl.UCSC:107876[1]	ENSMUSG00000015189	Ensembl.UCSC:107876[1>0]
uc009avp.2	Ensembl.UCSC:108089[1]	ENSMUSG00000004631	Ensembl.UCSC:108089[1>0]
uc009avq.3	Ensembl.UCSC:108082[1]	ENSMUSG00000004631	Ensembl.UCSC:108082[1>0]
uc009avr.3	Ensembl.UCSC:108118[1]	ENSMUSG00000004631	Ensembl.UCSC:108118[1>0]
uc009avs.3	Ensembl.UCSC:108100[1]	ENSMUSG00000004631	Ensembl.UCSC:108100[1>0]
uc009avt.3	Ensembl.UCSC:108121[1]	ENSMUSG00000004631	Ensembl.UCSC:108121[1>0]
uc009avw.2	Ensembl.UCSC:108140[1]	ENSMUSG00000093570	Ensembl.UCSC:108140[1>0]
uc009avy.1	Ensembl.UCSC:108290[1]	ENSMUSG00000032827	Ensembl.UCSC:108290[1>0]
uc009avz.2	Ensembl.UCSC:108309[1]	ENSMUSG00000032827	Ensembl.UCSC:108309[1>0]
uc009awd.2	Ensembl.UCSC:108337[1]	ENSMUSG00000002588	Ensembl.UCSC:108337[1>0]
uc009awe.2	Ensembl.UCSC:108375[1]	ENSMUSG00000029759	Ensembl.UCSC:108375[1>0]
uc009awf.2	Ensembl.UCSC:108399[1]	ENSMUSG00000032667	Ensembl.UCSC:108399[1>0]
uc009awh.2	Ensembl.UCSC:108404[1]	ENSMUSG00000032667	Ensembl.UCSC:108404[1>0]
uc009awi.2	Ensembl.UCSC:108418[1]	ENSMUSG00000042607	Ensembl.UCSC:108418[1>0]
uc009awk.2	Ensembl.UCSC:108443[1]	ENSMUSG00000019577	Ensembl.UCSC:108443[1>0]
uc009awl.2	Ensembl.UCSC:108755[1]	ENSMUSG00000029757	Ensembl.UCSC:108755[1>0]
uc009awm.3	Ensembl.UCSC:108796[1]	ENSMUSG00000029757	Ensembl.UCSC:108796[1>0]
uc009awo.3	Ensembl.UCSC:108807[1]	ENSMUSG00000085416	Ensembl.UCSC:108807[1>0]
uc009awp.3	Ensembl.UCSC:23134[1]	ENSMUSG00000015112	Ensembl.UCSC:23134[1>0]
uc009awr.3	Ensembl.UCSC:113520[1]	ENSMUSG00000093482	Ensembl.UCSC:113520[1>0]
uc009aws.2	Ensembl.UCSC:108842[1]	ENSMUSG00000042541	Ensembl.UCSC:108842[1>0]
uc009awt.2	Ensembl.UCSC:113617[1]	ENSMUSG00000090063	Ensembl.UCSC:113617[1>0]
uc009awu.2	Ensembl.UCSC:113606[1]	ENSMUSG00000090063	Ensembl.UCSC:113606[1>0]
uc009aww.1	Ensembl.UCSC:23436[1]	ENSMUSG00000029754	Ensembl.UCSC:23436[1>0]
uc009awx.2	Ensembl.UCSC:108869[1]	ENSMUSG00000094868	Ensembl.UCSC:108869[1>0]
uc009awy.3	Ensembl.UCSC:24076[1]	ENSMUSG00000029755	Ensembl.UCSC:24076[1>0]
uc009awz.3	Ensembl.UCSC:24122[1]	ENSMUSG00000029755	Ensembl.UCSC:24122[1>0]
uc009axa.2	Ensembl.UCSC:108879[1]	ENSMUSG00000042505	Ensembl.UCSC:108879[1>0]
uc009axb.1	Ensembl.UCSC:108889[1]	ENSMUSG00000098501	Ensembl.UCSC:108889[1>0]
uc009axc.3	Ensembl.UCSC:108933[1]	ENSMUSG00000061762	Ensembl.UCSC:108933[1>0]
uc009axd.4	Ensembl.UCSC:108941[1]	ENSMUSG00000061762	Ensembl.UCSC:108941[1>0]
uc009axf.2	Ensembl.UCSC:108999[1]	ENSMUSG00000029752	Ensembl.UCSC:108999[1>0]
uc009axg.3	Ensembl.UCSC:109028[1]	ENSMUSG00000042460	Ensembl.UCSC:109028[1>0]
uc009axh.2	Ensembl.UCSC:109035[1]	ENSMUSG00000096403	Ensembl.UCSC:109035[1>0]
uc009axi.1	Ensembl.UCSC:25627[1]	ENSMUSG00000068794	Ensembl.UCSC:25627[1>0]
uc009axk.4	Ensembl.UCSC:109046[1]	ENSMUSG00000042447	Ensembl.UCSC:109046[1>0]
uc009axl.3	Ensembl.UCSC:109073[1]	ENSMUSG00000012483	Ensembl.UCSC:109073[1>0]
uc009axm.4	Ensembl.UCSC:109105[1]	ENSMUSG00000089862	Ensembl.UCSC:109105[1>0]
uc009axo.3	Ensembl.UCSC:109112[1]	ENSMUSG00000089862	Ensembl.UCSC:109112[1>0]
uc009axp.1	Ensembl.UCSC:113972[1]	ENSMUSG00000087305	Ensembl.UCSC:113972[1>0]
uc009axq.1	Ensembl.UCSC:113973[1]	ENSMUSG00000087305	Ensembl.UCSC:113973[1>0]
uc009axr.3	Ensembl.UCSC:113978[1]	ENSMUSG00000087305	Ensembl.UCSC:113978[1>0]
uc009axs.3	Ensembl.UCSC:113981[1]	ENSMUSG00000087305	Ensembl.UCSC:113981[1>0]
uc009axt.3	Ensembl.UCSC:109173[1]	ENSMUSG00000029638	Ensembl.UCSC:109173[1>0]
uc009axu.3	Ensembl.UCSC:109182[1]	ENSMUSG00000029638	Ensembl.UCSC:109182[1>0]
uc009axv.3	Ensembl.UCSC:109186[1]	ENSMUSG00000029638	Ensembl.UCSC:109186[1>0]
uc009axw.2	Ensembl.UCSC:109188[1]	ENSMUSG00000029638	Ensembl.UCSC:109188[1>0]
uc009axy.1	Ensembl.UCSC:109442[1]	ENSMUSG00000062995	Ensembl.UCSC:109442[1>0]
uc009axz.1	Ensembl.UCSC:109459[1]	ENSMUSG00000062995	Ensembl.UCSC:109459[1>0]
uc009aya.2	Ensembl.UCSC:109479[1]	ENSMUSG00000046178	Ensembl.UCSC:109479[1>0]
uc009ayb.2	Ensembl.UCSC:109485[1]	ENSMUSG00000046178	Ensembl.UCSC:109485[1>0]
uc009ayc.2	Ensembl.UCSC:109488[1]	ENSMUSG00000046178	Ensembl.UCSC:109488[1>0]
uc009ayd.2	Ensembl.UCSC:28221[1]	ENSMUSG00000029632	Ensembl.UCSC:28221[1>0]
uc009aye.3	Ensembl.UCSC:29245[1]	ENSMUSG00000029629	Ensembl.UCSC:29245[1>0]
uc009ayf.2	Ensembl.UCSC:29247[1]	ENSMUSG00000029629	Ensembl.UCSC:29247[1>0]
uc009ayg.3	Ensembl.UCSC:29256[1]	ENSMUSG00000029629	Ensembl.UCSC:29256[1>0]
uc009ayk.3	Ensembl.UCSC:30021[1]	ENSMUSG00000029571	Ensembl.UCSC:30021[1>0]
uc009ayl.3	Ensembl.UCSC:30230[1]	ENSMUSG00000079679	Ensembl.UCSC:30230[1>0]
uc009aym.2	Ensembl.UCSC:30250[1]	ENSMUSG00000101894	Ensembl.UCSC:30250[1>0]
uc009ayn.2	Ensembl.UCSC:30271[1]	ENSMUSG00000029569	Ensembl.UCSC:30271[1>0]
uc009ayo.2	Ensembl.UCSC:30273[1]	ENSMUSG00000029569	Ensembl.UCSC:30273[1>0]
uc009ayq.2	Ensembl.UCSC:30428[1]	ENSMUSG00000042742	Ensembl.UCSC:30428[1>0]
uc009ayr.3	Ensembl.UCSC:30480[1]	ENSMUSG00000048216	Ensembl.UCSC:30480[1>0]
uc009ays.3	Ensembl.UCSC:30474[1]	ENSMUSG00000048216	Ensembl.UCSC:30474[1>0]
uc009ayt.3	Ensembl.UCSC:30500[1]	ENSMUSG00000052419	Ensembl.UCSC:30500[1>0]
uc009ayu.3	Ensembl.UCSC:113859[1]	ENSMUSG00000097616	Ensembl.UCSC:113859[1>0]
uc009ayv.3	Ensembl.UCSC:113855[1]	ENSMUSG00000097616	Ensembl.UCSC:113855[1>0]
uc009ayw.2	Ensembl.UCSC:31027[1]	ENSMUSG00000042717	Ensembl.UCSC:31027[1>0]
uc009ayz.1	Ensembl.UCSC:33238[1]	ENSMUSG00000029563	Ensembl.UCSC:33238[1>0]
uc009aza.2	Ensembl.UCSC:33194[1]	ENSMUSG00000029563	Ensembl.UCSC:33194[1>0]
uc009azb.3	Ensembl.UCSC:33395[1]	ENSMUSG00000041390	Ensembl.UCSC:33395[1>0]
uc009azc.2	Ensembl.UCSC:33382[1]	ENSMUSG00000041390	Ensembl.UCSC:33382[1>0]
uc009azd.3	Ensembl.UCSC:33396[1]	ENSMUSG00000041390	Ensembl.UCSC:33396[1>0]
uc009aze.3	Ensembl.UCSC:33575[1]	ENSMUSG00000029553	Ensembl.UCSC:33575[1>0]
uc009azg.2	Ensembl.UCSC:33586[1]	ENSMUSG00000029553	Ensembl.UCSC:33586[1>0]
uc009azh.2	Ensembl.UCSC:34972[1]	ENSMUSG00000029552	Ensembl.UCSC:34972[1>0]
uc009azi.2	Ensembl.UCSC:34963[1]	ENSMUSG00000029552	Ensembl.UCSC:34963[1>0]
uc009azj.2	Ensembl.UCSC:113282[1]	ENSMUSG00000054556	Ensembl.UCSC:113282[1>0]
uc009azk.3	Ensembl.UCSC:113934[1]	ENSMUSG00000085171	Ensembl.UCSC:113934[1>0]
uc009azl.2	Ensembl.UCSC:113938[1]	ENSMUSG00000085171	Ensembl.UCSC:113938[1>0]
uc009azm.3	Ensembl.UCSC:35056[1]	ENSMUSG00000000058	Ensembl.UCSC:35056[1>0]
uc009azn.3	Ensembl.UCSC:35048[1]	ENSMUSG00000000058	Ensembl.UCSC:35048[1>0]
uc009azo.3	Ensembl.UCSC:35204[1]	ENSMUSG00000007655	Ensembl.UCSC:35204[1>0]
uc009azp.3	Ensembl.UCSC:35235[1]	ENSMUSG00000007655	Ensembl.UCSC:35235[1>0]
uc009azr.2	Ensembl.UCSC:36135[1]	ENSMUSG00000009376	Ensembl.UCSC:36135[1>0]
uc009azs.2	Ensembl.UCSC:36324[1]	ENSMUSG00000015733	Ensembl.UCSC:36324[1>0]
uc009azt.3	Ensembl.UCSC:36322[1]	ENSMUSG00000015733	Ensembl.UCSC:36322[1>0]
uc009azu.3	Ensembl.UCSC:43156[1]	ENSMUSG00000029534	Ensembl.UCSC:43156[1>0]
uc009azv.3	Ensembl.UCSC:43212[1]	ENSMUSG00000029534	Ensembl.UCSC:43212[1>0]
uc009azw.3	Ensembl.UCSC:43211[1]	ENSMUSG00000029534	Ensembl.UCSC:43211[1>0]
uc009azx.3	Ensembl.UCSC:43266[1]	ENSMUSG00000029534	Ensembl.UCSC:43266[1>0]
uc009azy.3	Ensembl.UCSC:43269[1]	ENSMUSG00000029534	Ensembl.UCSC:43269[1>0]
uc009bad.3	Ensembl.UCSC:43288[1]	ENSMUSG00000029534	Ensembl.UCSC:43288[1>0]
uc009bae.3	Ensembl.UCSC:43299[1]	ENSMUSG00000029534	Ensembl.UCSC:43299[1>0]
uc009bag.3	Ensembl.UCSC:43635[1]	ENSMUSG00000010797	Ensembl.UCSC:43635[1>0]
uc009bah.3	Ensembl.UCSC:44214[1]	ENSMUSG00000010796	Ensembl.UCSC:44214[1>0]
uc009bai.3	Ensembl.UCSC:46273[1]	ENSMUSG00000041301	Ensembl.UCSC:46273[1>0]
uc009baj.2	Ensembl.UCSC:46124[1]	ENSMUSG00000041301	Ensembl.UCSC:46124[1>0]
uc009bal.2	Ensembl.UCSC:46731[1]	ENSMUSG00000000416	Ensembl.UCSC:46731[1>0]
uc009bao.2	Ensembl.UCSC:46810[1]	ENSMUSG00000044155	Ensembl.UCSC:46810[1>0]
uc009bap.2	Ensembl.UCSC:46996[1]	ENSMUSG00000029517	Ensembl.UCSC:46996[1>0]
uc009baq.2	Ensembl.UCSC:47088[1]	ENSMUSG00000060882	Ensembl.UCSC:47088[1>0]
uc009bar.1	Ensembl.UCSC:47274[1]	ENSMUSG00000029669	Ensembl.UCSC:47274[1>0]
uc009bas.1	Ensembl.UCSC:47294[1]	ENSMUSG00000106871	Ensembl.UCSC:47294[1>0]
uc009bat.2	Ensembl.UCSC:48338[1]	ENSMUSG00000029670	Ensembl.UCSC:48338[1>0]
uc009bau.3	Ensembl.UCSC:48347[1]	ENSMUSG00000029670	Ensembl.UCSC:48347[1>0]
uc009bav.2	Ensembl.UCSC:48508[1]	ENSMUSG00000062980	Ensembl.UCSC:48508[1>0]
uc009baw.2	Ensembl.UCSC:48585[1]	ENSMUSG00000029671	Ensembl.UCSC:48585[1>0]
uc009bax.3	Ensembl.UCSC:48611[1]	ENSMUSG00000029671	Ensembl.UCSC:48611[1>0]
uc009bay.2	Ensembl.UCSC:48795[1]	ENSMUSG00000029672	Ensembl.UCSC:48795[1>0]
uc009baz.2	Ensembl.UCSC:48805[1]	ENSMUSG00000029672	Ensembl.UCSC:48805[1>0]
uc009bba.2	Ensembl.UCSC:50844[1]	ENSMUSG00000068748	Ensembl.UCSC:50844[1>0]
uc009bbb.1	Ensembl.UCSC:50838[1]	ENSMUSG00000068748	Ensembl.UCSC:50838[1>0]
uc009bbc.2	Ensembl.UCSC:51971[1]	ENSMUSG00000029695	Ensembl.UCSC:51971[1>0]
uc009bbd.3	Ensembl.UCSC:52007[1]	ENSMUSG00000029697	Ensembl.UCSC:52007[1>0]
uc009bbg.4	Ensembl.UCSC:129708[1]	ENSMUSG00000017978	Ensembl.UCSC:129708[1>0]
uc009bbh.5	Ensembl.UCSC:129722[1]	ENSMUSG00000017978	Ensembl.UCSC:129722[1>0]
uc009bbk.1	Ensembl.UCSC:58915[1]	ENSMUSG00000051956	Ensembl.UCSC:58915[1>0]
uc009bbl.3	Ensembl.UCSC:58943[1]	ENSMUSG00000078179	Ensembl.UCSC:58943[1>0]
uc009bbn.1	Ensembl.UCSC:58949[1]	ENSMUSG00000043865	Ensembl.UCSC:58949[1>0]
uc009bbp.2	Ensembl.UCSC:59058[1]	ENSMUSG00000029700	Ensembl.UCSC:59058[1>0]
uc009bbr.2	Ensembl.UCSC:59087[1]	ENSMUSG00000046192	Ensembl.UCSC:59087[1>0]
uc009bbs.4	Ensembl.UCSC:59118[1]	ENSMUSG00000023089	Ensembl.UCSC:59118[1>0]
uc009bbt.3	Ensembl.UCSC:62714[1]	ENSMUSG00000029685	Ensembl.UCSC:62714[1>0]
uc009bbu.2	Ensembl.UCSC:62750[1]	ENSMUSG00000029683	Ensembl.UCSC:62750[1>0]
uc009bbv.3	Ensembl.UCSC:63201[1]	ENSMUSG00000029684	Ensembl.UCSC:63201[1>0]
uc009bbw.1	Ensembl.UCSC:63272[1]	ENSMUSG00000029679	Ensembl.UCSC:63272[1>0]
uc009bbx.2	Ensembl.UCSC:63290[1]	ENSMUSG00000029680	Ensembl.UCSC:63290[1>0]
uc009bbz.3	Ensembl.UCSC:63321[1]	ENSMUSG00000029682	Ensembl.UCSC:63321[1>0]
uc009bca.2	Ensembl.UCSC:63316[1]	ENSMUSG00000029682	Ensembl.UCSC:63316[1>0]
uc009bcb.1	Ensembl.UCSC:63354[1]	ENSMUSG00000029678	Ensembl.UCSC:63354[1>0]
uc009bcc.2	Ensembl.UCSC:63370[1]	ENSMUSG00000048022	Ensembl.UCSC:63370[1>0]
uc009bcd.3	Ensembl.UCSC:63593[1]	ENSMUSG00000039904	Ensembl.UCSC:63593[1>0]
uc009bce.2	Ensembl.UCSC:63873[1]	ENSMUSG00000029676	Ensembl.UCSC:63873[1>0]
uc009bcf.2	Ensembl.UCSC:63890[1]	ENSMUSG00000029676	Ensembl.UCSC:63890[1>0]
uc009bcg.2	Ensembl.UCSC:63892[1]	ENSMUSG00000029676	Ensembl.UCSC:63892[1>0]
uc009bch.1	Ensembl.UCSC:63974[1]	ENSMUSG00000106799	Ensembl.UCSC:63974[1>0]
uc009bci.1	Ensembl.UCSC:63979[1]	ENSMUSG00000106799	Ensembl.UCSC:63979[1>0]
uc009bcj.2	Ensembl.UCSC:64264[1]	ENSMUSG00000024211	Ensembl.UCSC:64264[1>0]
uc009bck.2	Ensembl.UCSC:64260[1]	ENSMUSG00000024211	Ensembl.UCSC:64260[1>0]
uc009bcl.2	Ensembl.UCSC:64270[1]	ENSMUSG00000024211	Ensembl.UCSC:64270[1>0]
uc009bcm.2	Ensembl.UCSC:125980[1]	ENSMUSG00000039841	Ensembl.UCSC:125980[1>0]
uc009bcn.2	Ensembl.UCSC:125971[1]	ENSMUSG00000039841	Ensembl.UCSC:125971[1>0]
uc009bco.3	Ensembl.UCSC:125997[1]	ENSMUSG00000029708	Ensembl.UCSC:125997[1>0]
uc009bcq.2	Ensembl.UCSC:126035[1]	ENSMUSG00000020440	Ensembl.UCSC:126035[1>0]
uc009bcr.2	Ensembl.UCSC:126048[1]	ENSMUSG00000029707	Ensembl.UCSC:126048[1>0]
uc009bcs.3	Ensembl.UCSC:126225[1]	ENSMUSG00000029706	Ensembl.UCSC:126225[1>0]
uc009bct.1	Ensembl.UCSC:69405[1]	ENSMUSG00000001424	Ensembl.UCSC:69405[1>0]
uc009bcu.2	Ensembl.UCSC:69639[1]	ENSMUSG00000049939	Ensembl.UCSC:69639[1>0]
uc009bcv.2	Ensembl.UCSC:69753[1]	ENSMUSG00000059201	Ensembl.UCSC:69753[1>0]
uc009bcy.3	Ensembl.UCSC:70776[1]	ENSMUSG00000029701	Ensembl.UCSC:70776[1>0]
uc009bcz.3	Ensembl.UCSC:70844[1]	ENSMUSG00000079654	Ensembl.UCSC:70844[1>0]
uc009bda.2	Ensembl.UCSC:72736[1]	ENSMUSG00000003500	Ensembl.UCSC:72736[1>0]
uc009bdb.3	Ensembl.UCSC:72741[1]	ENSMUSG00000003500	Ensembl.UCSC:72741[1>0]
uc009bdd.3	Ensembl.UCSC:72788[1]	ENSMUSG00000043421	Ensembl.UCSC:72788[1>0]
uc009bde.3	Ensembl.UCSC:72811[1]	ENSMUSG00000079652	Ensembl.UCSC:72811[1>0]
uc009bdf.2	Ensembl.UCSC:110752[1]	ENSMUSG00000039742	Ensembl.UCSC:110752[1>0]
uc009bdg.2	Ensembl.UCSC:110879[1]	ENSMUSG00000029767	Ensembl.UCSC:110879[1>0]
uc009bdh.3	Ensembl.UCSC:110890[1]	ENSMUSG00000029767	Ensembl.UCSC:110890[1>0]
uc009bdi.2	Ensembl.UCSC:110915[1]	ENSMUSG00000058831	Ensembl.UCSC:110915[1>0]
uc009bdj.3	Ensembl.UCSC:110917[1]	ENSMUSG00000058831	Ensembl.UCSC:110917[1>0]
uc009bdk.3	Ensembl.UCSC:111397[1]	ENSMUSG00000029769	Ensembl.UCSC:111397[1>0]
uc009bdl.3	Ensembl.UCSC:111370[1]	ENSMUSG00000029769	Ensembl.UCSC:111370[1>0]
uc009bdn.2	Ensembl.UCSC:111194[1]	ENSMUSG00000068699	Ensembl.UCSC:111194[1>0]
uc009bdo.3	Ensembl.UCSC:111197[1]	ENSMUSG00000068699	Ensembl.UCSC:111197[1>0]
uc009bdp.2	Ensembl.UCSC:75306[1]	ENSMUSG00000004285	Ensembl.UCSC:75306[1>0]
uc009bdq.3	Ensembl.UCSC:75510[1]	ENSMUSG00000059022	Ensembl.UCSC:75510[1>0]
uc009bdt.3	Ensembl.UCSC:75850[1]	ENSMUSG00000059022	Ensembl.UCSC:75850[1>0]
uc009bdu.3	Ensembl.UCSC:75997[1]	ENSMUSG00000029771	Ensembl.UCSC:75997[1>0]
uc009bdv.3	Ensembl.UCSC:76006[1]	ENSMUSG00000029771	Ensembl.UCSC:76006[1>0]
uc009bdy.2	Ensembl.UCSC:76829[1]	ENSMUSG00000012535	Ensembl.UCSC:76829[1>0]
uc009bdz.2	Ensembl.UCSC:76880[1]	ENSMUSG00000012535	Ensembl.UCSC:76880[1>0]
uc009bea.2	Ensembl.UCSC:76887[1]	ENSMUSG00000012535	Ensembl.UCSC:76887[1>0]
uc009beb.2	Ensembl.UCSC:76891[1]	ENSMUSG00000012535	Ensembl.UCSC:76891[1>0]
uc009bec.3	Ensembl.UCSC:76984[1]	ENSMUSG00000001763	Ensembl.UCSC:76984[1>0]
uc009bed.3	Ensembl.UCSC:76992[1]	ENSMUSG00000001763	Ensembl.UCSC:76992[1>0]
uc009bee.2	Ensembl.UCSC:76997[1]	ENSMUSG00000001761	Ensembl.UCSC:76997[1>0]
uc009bef.3	Ensembl.UCSC:77182[1]	ENSMUSG00000001761	Ensembl.UCSC:77182[1>0]
uc009beg.3	Ensembl.UCSC:77702[1]	ENSMUSG00000029772	Ensembl.UCSC:77702[1>0]
uc009beh.3	Ensembl.UCSC:78664[1]	ENSMUSG00000029772	Ensembl.UCSC:78664[1>0]
uc009bei.3	Ensembl.UCSC:78702[1]	ENSMUSG00000029772	Ensembl.UCSC:78702[1>0]
uc009bej.3	Ensembl.UCSC:78746[1]	ENSMUSG00000029772	Ensembl.UCSC:78746[1>0]
uc009bek.3	Ensembl.UCSC:78752[1]	ENSMUSG00000029772	Ensembl.UCSC:78752[1>0]
uc009bem.2	Ensembl.UCSC:79150[1]	ENSMUSG00000039629	Ensembl.UCSC:79150[1>0]
uc009ben.2	Ensembl.UCSC:79169[1]	ENSMUSG00000039629	Ensembl.UCSC:79169[1>0]
uc009beo.3	Ensembl.UCSC:79147[1]	ENSMUSG00000039629	Ensembl.UCSC:79147[1>0]
uc009bep.4	Ensembl.UCSC:129167[1]	ENSMUSG00000121870	Ensembl.UCSC:129167[1>0]
uc009beq.4	Ensembl.UCSC:129164[1]	ENSMUSG00000045709	Ensembl.UCSC:129164[1>0]
uc009beq.4	Ensembl.UCSC:129164[1]	ENSMUSG00000121870	Ensembl.UCSC:129170[1>0]
uc009bes.2	Ensembl.UCSC:80570[1]	ENSMUSG00000058440	Ensembl.UCSC:80570[1>0]
uc009bet.2	Ensembl.UCSC:80561[1]	ENSMUSG00000058440	Ensembl.UCSC:80561[1>0]
uc009beu.2	Ensembl.UCSC:80573[1]	ENSMUSG00000058440	Ensembl.UCSC:80573[1>0]
uc009bev.1	Ensembl.UCSC:80527[1]	ENSMUSG00000058440	Ensembl.UCSC:80527[1>0]
uc009bew.2	Ensembl.UCSC:80553[1]	ENSMUSG00000058440	Ensembl.UCSC:80553[1>0]
uc009bex.2	Ensembl.UCSC:80582[1]	ENSMUSG00000058440	Ensembl.UCSC:80582[1>0]
uc009bez.4	Ensembl.UCSC:80691[1]	ENSMUSG00000039159	Ensembl.UCSC:80691[1>0]
uc009bfa.5	Ensembl.UCSC:80707[1]	ENSMUSG00000039159	Ensembl.UCSC:80707[1>0]
uc009bfb.2	Ensembl.UCSC:80719[1]	ENSMUSG00000084861	Ensembl.UCSC:80719[1>0]
uc009bfc.3	Ensembl.UCSC:80927[1]	ENSMUSG00000039130	Ensembl.UCSC:80927[1>0]
uc009bfd.3	Ensembl.UCSC:80930[1]	ENSMUSG00000039130	Ensembl.UCSC:80930[1>0]
uc009bfe.3	Ensembl.UCSC:82759[1]	ENSMUSG00000029775	Ensembl.UCSC:82759[1>0]
uc009bff.3	Ensembl.UCSC:82740[1]	ENSMUSG00000029775	Ensembl.UCSC:82740[1>0]
uc009bfg.1	Ensembl.UCSC:113147[1]	ENSMUSG00000085470	Ensembl.UCSC:113147[1>0]
uc009bfi.3	Ensembl.UCSC:83841[1]	ENSMUSG00000029782	Ensembl.UCSC:83841[1>0]
uc009bfj.3	Ensembl.UCSC:83856[1]	ENSMUSG00000029782	Ensembl.UCSC:83856[1>0]
uc009bfk.3	Ensembl.UCSC:83866[1]	ENSMUSG00000029782	Ensembl.UCSC:83866[1>0]
uc009bfl.2	Ensembl.UCSC:83906[1]	ENSMUSG00000029784	Ensembl.UCSC:83906[1>0]
uc009bfm.3	Ensembl.UCSC:83910[1]	ENSMUSG00000029784	Ensembl.UCSC:83910[1>0]
uc009bfn.2	Ensembl.UCSC:83937[1]	ENSMUSG00000071553	Ensembl.UCSC:83937[1>0]
uc009bfo.2	Ensembl.UCSC:83994[1]	ENSMUSG00000039070	Ensembl.UCSC:83994[1>0]
uc009bfp.2	Ensembl.UCSC:84291[1]	ENSMUSG00000029788	Ensembl.UCSC:84291[1>0]
uc009bfq.3	Ensembl.UCSC:84419[1]	ENSMUSG00000054446	Ensembl.UCSC:84419[1>0]
uc009bfr.2	Ensembl.UCSC:84785[1]	ENSMUSG00000029790	Ensembl.UCSC:84785[1>0]
uc009bfs.3	Ensembl.UCSC:85251[1]	ENSMUSG00000051855	Ensembl.UCSC:85251[1>0]
uc009bft.3	Ensembl.UCSC:85259[1]	ENSMUSG00000051855	Ensembl.UCSC:85259[1>0]
uc009bfu.3	Ensembl.UCSC:85266[1]	ENSMUSG00000051855	Ensembl.UCSC:85266[1>0]
uc009dub.2	Ensembl.UCSC:117243[1]	ENSMUSG00000108129	Ensembl.UCSC:117243[1>0]
uc009ejw.2	Ensembl.UCSC:56098[1]	ENSMUSG00000062528	Ensembl.UCSC:56098[1>0]
uc009hek.2	Ensembl.UCSC:11077[1]	ENSMUSG00000118674	Ensembl.UCSC:11077[1>0]
uc009hek.2	Ensembl.UCSC:11077[1]	ENSMUSG00000118788	Ensembl.UCSC:11079[1>0]
uc009hek.2	Ensembl.UCSC:11077[1]	ENSMUSG00000119359	Ensembl.UCSC:11091[1>0]
uc009hek.2	Ensembl.UCSC:11077[1]	ENSMUSG00000118810	Ensembl.UCSC:11092[1>0]
uc009hek.2	Ensembl.UCSC:11077[1]	ENSMUSG00000119647	Ensembl.UCSC:11094[1>0]
uc009hek.2	Ensembl.UCSC:11077[1]	ENSMUSG00000119375	Ensembl.UCSC:11096[1>0]
uc009hek.2	Ensembl.UCSC:11077[1]	ENSMUSG00000118911	Ensembl.UCSC:11097[1>0]
uc009hek.2	Ensembl.UCSC:11077[1]	ENSMUSG00000118832	Ensembl.UCSC:11098[1>0]
uc009hek.2	Ensembl.UCSC:11077[1]	ENSMUSG00000119225	Ensembl.UCSC:11123[1>0]
uc009hek.2	Ensembl.UCSC:11077[1]	ENSMUSG00000119101	Ensembl.UCSC:11125[1>0]
uc009hek.2	Ensembl.UCSC:11077[1]	ENSMUSG00000119617	Ensembl.UCSC:11364[1>0]
uc009hek.2	Ensembl.UCSC:11077[1]	ENSMUSG00000119929	Ensembl.UCSC:11365[1>0]
uc009hek.2	Ensembl.UCSC:11077[1]	ENSMUSG00000119250	Ensembl.UCSC:11373[1>0]
uc009hek.2	Ensembl.UCSC:11077[1]	ENSMUSG00000119740	Ensembl.UCSC:11377[1>0]
uc009hek.2	Ensembl.UCSC:11077[1]	ENSMUSG00000119428	Ensembl.UCSC:11379[1>0]
uc009hek.2	Ensembl.UCSC:11077[1]	ENSMUSG00000119463	Ensembl.UCSC:11381[1>0]
uc009hek.2	Ensembl.UCSC:11077[1]	ENSMUSG00000119279	Ensembl.UCSC:11388[1>0]
uc009iwp.2	Ensembl.UCSC:15370[1]	ENSMUSG00000073916	Ensembl.UCSC:15370[1>0]
uc009jtz.2	Ensembl.UCSC:144584[1]	ENSMUSG00000045251	Ensembl.UCSC:144584[1>0]
uc009oar.3	Ensembl.UCSC:110523[1]	ENSMUSG00000042360	Ensembl.UCSC:110523[1>0]
uc009oau.2	Ensembl.UCSC:110703[1]	ENSMUSG00000025899	Ensembl.UCSC:110703[1>0]
uc009oaw.3	Ensembl.UCSC:110736[1]	ENSMUSG00000025899	Ensembl.UCSC:110736[1>0]
uc009oax.3	Ensembl.UCSC:110754[1]	ENSMUSG00000025899	Ensembl.UCSC:110754[1>0]
uc009oba.2	Ensembl.UCSC:110835[1]	ENSMUSG00000025898	Ensembl.UCSC:110835[1>0]
uc009obd.4	Ensembl.UCSC:110864[1]	ENSMUSG00000041624	Ensembl.UCSC:110864[1>0]
uc009obe.3	Ensembl.UCSC:110906[1]	ENSMUSG00000025894	Ensembl.UCSC:110906[1>0]
uc009obj.3	Ensembl.UCSC:110928[1]	ENSMUSG00000025893	Ensembl.UCSC:110928[1>0]
uc009obl.3	Ensembl.UCSC:110921[1]	ENSMUSG00000025893	Ensembl.UCSC:110921[1>0]
uc009obm.2	Ensembl.UCSC:110937[1]	ENSMUSG00000041124	Ensembl.UCSC:110937[1>0]
uc009obn.3	Ensembl.UCSC:110945[1]	ENSMUSG00000041124	Ensembl.UCSC:110945[1>0]
uc009obo.3	Ensembl.UCSC:111058[1]	ENSMUSG00000025892	Ensembl.UCSC:111058[1>0]
uc009obp.3	Ensembl.UCSC:111050[1]	ENSMUSG00000025892	Ensembl.UCSC:111050[1>0]
uc009obq.2	Ensembl.UCSC:111062[1]	ENSMUSG00000025892	Ensembl.UCSC:111062[1>0]
uc009obr.3	Ensembl.UCSC:111078[1]	ENSMUSG00000025888	Ensembl.UCSC:111078[1>0]
uc009obu.4	Ensembl.UCSC:111105[1]	ENSMUSG00000033538	Ensembl.UCSC:111105[1>0]
uc009obx.3	Ensembl.UCSC:111193[1]	ENSMUSG00000025887	Ensembl.UCSC:111193[1>0]
uc009oby.1	Ensembl.UCSC:111255[1]	ENSMUSG00000032006	Ensembl.UCSC:111255[1>0]
uc009obz.2	Ensembl.UCSC:111241[1]	ENSMUSG00000032006	Ensembl.UCSC:111241[1>0]
uc009oca.2	Ensembl.UCSC:111266[1]	ENSMUSG00000047619	Ensembl.UCSC:111266[1>0]
uc009occ.2	Ensembl.UCSC:112030[1]	ENSMUSG00000047193	Ensembl.UCSC:112030[1>0]
uc009ocf.2	Ensembl.UCSC:112043[1]	ENSMUSG00000032002	Ensembl.UCSC:112043[1>0]
uc009ocg.3	Ensembl.UCSC:112070[1]	ENSMUSG00000050578	Ensembl.UCSC:112070[1>0]
uc009och.2	Ensembl.UCSC:112273[1]	ENSMUSG00000049723	Ensembl.UCSC:112273[1>0]
uc009oci.1	Ensembl.UCSC:112293[1]	ENSMUSG00000049723	Ensembl.UCSC:112293[1>0]
uc009ock.2	Ensembl.UCSC:112294[1]	ENSMUSG00000049723	Ensembl.UCSC:112294[1>0]
uc009ocl.2	Ensembl.UCSC:112307[1]	ENSMUSG00000049723	Ensembl.UCSC:112307[1>0]
uc009ocn.2	Ensembl.UCSC:112325[1]	ENSMUSG00000041620	Ensembl.UCSC:112325[1>0]
uc009oco.2	Ensembl.UCSC:132791[1]	ENSMUSG00000043613	Ensembl.UCSC:132791[1>0]
uc009ocp.1	Ensembl.UCSC:109973[1]	ENSMUSG00000043089	Ensembl.UCSC:109973[1>0]
uc009ocq.3	Ensembl.UCSC:109904[1]	ENSMUSG00000047562	Ensembl.UCSC:109904[1>0]
uc009ocr.3	Ensembl.UCSC:109945[1]	ENSMUSG00000005800	Ensembl.UCSC:109945[1>0]
uc009oct.3	Ensembl.UCSC:109962[1]	ENSMUSG00000070323	Ensembl.UCSC:109962[1>0]
uc009ocu.2	Ensembl.UCSC:132811[1]	ENSMUSG00000018620	Ensembl.UCSC:132811[1>0]
uc009ocv.2	Ensembl.UCSC:132816[1]	ENSMUSG00000018623	Ensembl.UCSC:132816[1>0]
uc009ocx.4	Ensembl.UCSC:130723[1]	ENSMUSG00000050912	Ensembl.UCSC:130723[1>0]
uc009odb.4	Ensembl.UCSC:130763[1]	ENSMUSG00000032000	Ensembl.UCSC:130763[1>0]
uc009odd.3	Ensembl.UCSC:130766[1]	ENSMUSG00000032000	Ensembl.UCSC:130766[1>0]
uc009ode.4	Ensembl.UCSC:130817[1]	ENSMUSG00000053110	Ensembl.UCSC:130817[1>0]
uc009odf.3	Ensembl.UCSC:130823[1]	ENSMUSG00000053110	Ensembl.UCSC:130823[1>0]
uc009odg.3	Ensembl.UCSC:130838[1]	ENSMUSG00000053110	Ensembl.UCSC:130838[1>0]
uc009odh.1	Ensembl.UCSC:130852[1]	ENSMUSG00000053070	Ensembl.UCSC:130852[1>0]
uc009odj.2	Ensembl.UCSC:130857[1]	ENSMUSG00000040729	Ensembl.UCSC:130857[1>0]
uc009odk.2	Ensembl.UCSC:130876[1]	ENSMUSG00000031997	Ensembl.UCSC:130876[1>0]
uc009odl.1	Ensembl.UCSC:130875[1]	ENSMUSG00000031997	Ensembl.UCSC:130875[1>0]
uc009odm.3	Ensembl.UCSC:130878[1]	ENSMUSG00000111602	Ensembl.UCSC:130878[1>0]
uc009odo.1	Ensembl.UCSC:32236[1]	ENSMUSG00000031870	Ensembl.UCSC:32236[1>0]
uc009odp.3	Ensembl.UCSC:32395[1]	ENSMUSG00000050730	Ensembl.UCSC:32395[1>0]
uc009odq.3	Ensembl.UCSC:32402[1]	ENSMUSG00000085253	Ensembl.UCSC:32402[1>0]
uc009odr.3	Ensembl.UCSC:32718[1]	ENSMUSG00000039488	Ensembl.UCSC:32718[1>0]
uc009odt.1	Ensembl.UCSC:109983[1]	ENSMUSG00000111830	Ensembl.UCSC:109983[1>0]
uc009rcb.2	Ensembl.UCSC:54080[1]	ENSMUSG00000032411	Ensembl.UCSC:54080[1>0]
uc009rnf.2	Ensembl.UCSC:128612[1]	ENSMUSG00000093749	Ensembl.UCSC:128612[1>0]
uc009rnj.1	Ensembl.UCSC:129126[1]	ENSMUSG00000032593	Ensembl.UCSC:129126[1>0]
uc009uyu.2	Ensembl.UCSC:1465[1]	ENSMUSG00000100968	Ensembl.UCSC:1465[1>0]
uc009uyv.3	Ensembl.UCSC:1467[1]	ENSMUSG00000053211	Ensembl.UCSC:1467[1>0]
uc009uyw.2	Ensembl.UCSC:1468[1]	ENSMUSG00000069053	Ensembl.UCSC:1468[1>0]
uc009uyx.1	Ensembl.UCSC:1469[1]	ENSMUSG00000069053	Ensembl.UCSC:1469[1>0]
uc009uyy.1	Ensembl.UCSC:1473[1]	ENSMUSG00000056673	Ensembl.UCSC:1473[1>0]
uc009uzb.2	Ensembl.UCSC:1474[1]	ENSMUSG00000056673	Ensembl.UCSC:1474[1>0]
uc009uzd.4	Ensembl.UCSC:1484[1]	ENSMUSG00000069049	Ensembl.UCSC:1484[1>0]
uc009uze.1	Ensembl.UCSC:1721[1]	ENSMUSG00000121462	Ensembl.UCSC:1721[1>0]
uc009uzf.3	Ensembl.UCSC:1493[1]	ENSMUSG00000068457	Ensembl.UCSC:1493[1>0]
uc009uzg.3	Ensembl.UCSC:1494[1]	ENSMUSG00000068457	Ensembl.UCSC:1494[1>0]
uc009uzh.2	Ensembl.UCSC:1491[1]	ENSMUSG00000068457	Ensembl.UCSC:1491[1>0]
uc009uzm.3	Ensembl.UCSC:1503[1]	ENSMUSG00000069045	Ensembl.UCSC:1503[1>0]
uc009uzo.1	Ensembl.UCSC:1509[1]	ENSMUSG00000069044	Ensembl.UCSC:1509[1>0]
uc009uzp.1	Ensembl.UCSC:1520[1]	ENSMUSG00000000103	Ensembl.UCSC:1520[1>0]
uc009uzq.3	Ensembl.UCSC:1541[1]	ENSMUSG00000094658	Ensembl.UCSC:1541[1>0]
uc009uzr.4	Ensembl.UCSC:1542[1]	ENSMUSG00000095852	Ensembl.UCSC:1542[1>0]
uc009uzs.3	Ensembl.UCSC:1543[1]	ENSMUSG00000095852	Ensembl.UCSC:1543[1>0]
uc009uzt.3	Ensembl.UCSC:1547[1]	ENSMUSG00000091987	Ensembl.UCSC:1547[1>0]
uc009vfw.3	Ensembl.UCSC:1733[1]	ENSMUSG00000094325	Ensembl.UCSC:1733[1>0]
uc011ysv.3	Ensembl.UCSC:2238[1]	ENSMUSG00000084487	Ensembl.UCSC:2238[1>0]
uc011zry.2	Ensembl.UCSC:100004[1]	ENSMUSG00000121683	Ensembl.UCSC:100004[1>0]
uc011zsc.1	Ensembl.UCSC:33656[1]	ENSMUSG00000076333	Ensembl.UCSC:33656[1>0]
uc012ayw.3	Ensembl.UCSC:49268[1]	ENSMUSG00000063889	Ensembl.UCSC:49268[1>0]
uc012ayy.2	Ensembl.UCSC:49879[1]	ENSMUSG00000033960	Ensembl.UCSC:49879[1>0]
uc012aza.2	Ensembl.UCSC:50896[1]	ENSMUSG00000024236	Ensembl.UCSC:50896[1>0]
uc012azb.1	Ensembl.UCSC:51531[1]	ENSMUSG00000084514	Ensembl.UCSC:51531[1>0]
uc012azc.2	Ensembl.UCSC:51586[1]	ENSMUSG00000039540	Ensembl.UCSC:51586[1>0]
uc012azd.2	Ensembl.UCSC:53164[1]	ENSMUSG00000024286	Ensembl.UCSC:53164[1>0]
uc012aze.1	Ensembl.UCSC:53221[1]	ENSMUSG00000050996	Ensembl.UCSC:53221[1>0]
uc012azf.1	Ensembl.UCSC:63335[1]	ENSMUSG00000065399	Ensembl.UCSC:63335[1>0]
uc012azg.1	Ensembl.UCSC:63336[1]	ENSMUSG00000080662	Ensembl.UCSC:63336[1>0]
uc012bqr.1	Ensembl.UCSC:39402[1]	ENSMUSG00000089570	Ensembl.UCSC:39402[1>0]
uc012dad.1	Ensembl.UCSC:94807[1]	ENSMUSG00000115072	Ensembl.UCSC:94807[1>0]
uc012dae.2	Ensembl.UCSC:94997[1]	ENSMUSG00000028232	Ensembl.UCSC:94997[1>0]
uc012dai.3	Ensembl.UCSC:97872[1]	ENSMUSG00000028245	Ensembl.UCSC:97872[1>0]
uc012dak.2	Ensembl.UCSC:100920[1]	ENSMUSG00000028207	Ensembl.UCSC:100920[1>0]
uc012dal.1	Ensembl.UCSC:133569[1]	ENSMUSG00000121765	Ensembl.UCSC:133569[1>0]
uc012dam.3	Ensembl.UCSC:101148[1]	ENSMUSG00000059482	Ensembl.UCSC:101148[1>0]
uc012dan.1	Ensembl.UCSC:101473[1]	ENSMUSG00000105333	Ensembl.UCSC:101473[1>0]
uc012dao.3	Ensembl.UCSC:102676[1]	ENSMUSG00000040728	Ensembl.UCSC:102676[1>0]
uc012dap.2	Ensembl.UCSC:136440[1]	ENSMUSG00000052137	Ensembl.UCSC:136440[1>0]
uc012dar.2	Ensembl.UCSC:103392[1]	ENSMUSG00000055963	Ensembl.UCSC:103392[1>0]
uc012das.2	Ensembl.UCSC:104150[1]	ENSMUSG00000041135	Ensembl.UCSC:104150[1>0]
uc012dau.2	Ensembl.UCSC:104310[1]	ENSMUSG00000041052	Ensembl.UCSC:104310[1>0]
uc012dav.5	Ensembl.UCSC:104636[1]	ENSMUSG00000040478	Ensembl.UCSC:104636[1>0]
uc012dba.2	Ensembl.UCSC:92230[1]	ENSMUSG00000040387	Ensembl.UCSC:92230[1>0]
uc012dbb.2	Ensembl.UCSC:92769[1]	ENSMUSG00000040359	Ensembl.UCSC:92769[1>0]
uc012dbe.3	Ensembl.UCSC:93411[1]	ENSMUSG00000028289	Ensembl.UCSC:93411[1>0]
uc012dbf.2	Ensembl.UCSC:93839[1]	ENSMUSG00000040270	Ensembl.UCSC:93839[1>0]
uc012dbg.1	Ensembl.UCSC:93851[1]	ENSMUSG00000040270	Ensembl.UCSC:93851[1>0]
uc012dbj.4	Ensembl.UCSC:96006[1]	ENSMUSG00000054659	Ensembl.UCSC:96006[1>0]
uc012dbn.2	Ensembl.UCSC:97757[1]	ENSMUSG00000040044	Ensembl.UCSC:97757[1>0]
uc012dbo.1	Ensembl.UCSC:98398[1]	ENSMUSG00000028293	Ensembl.UCSC:98398[1>0]
uc012dbp.2	Ensembl.UCSC:98824[1]	ENSMUSG00000039967	Ensembl.UCSC:98824[1>0]
uc012dbq.2	Ensembl.UCSC:99008[1]	ENSMUSG00000028300	Ensembl.UCSC:99008[1>0]
uc012dbr.2	Ensembl.UCSC:99080[1]	ENSMUSG00000045083	Ensembl.UCSC:99080[1>0]
uc012dbs.1	Ensembl.UCSC:99088[1]	ENSMUSG00000077851	Ensembl.UCSC:99088[1>0]
uc012dbt.1	Ensembl.UCSC:99089[1]	ENSMUSG00000078057	Ensembl.UCSC:99089[1>0]
uc012dbv.1	Ensembl.UCSC:100974[1]	ENSMUSG00000046593	Ensembl.UCSC:100974[1>0]
uc012dbw.1	Ensembl.UCSC:101317[1]	ENSMUSG00000065452	Ensembl.UCSC:101317[1>0]
uc012dbx.3	Ensembl.UCSC:101306[1]	ENSMUSG00000028410	Ensembl.UCSC:101306[1>0]
uc012dbz.1	Ensembl.UCSC:102214[1]	ENSMUSG00000092862	Ensembl.UCSC:102214[1>0]
uc012dca.1	Ensembl.UCSC:103110[1]	ENSMUSG00000028437	Ensembl.UCSC:103110[1>0]
uc012dcb.2	Ensembl.UCSC:103195[1]	ENSMUSG00000028438	Ensembl.UCSC:103195[1>0]
uc012dcd.1	Ensembl.UCSC:113985[1]	ENSMUSG00000028447	Ensembl.UCSC:113985[1>0]
uc012dce.2	Ensembl.UCSC:114028[1]	ENSMUSG00000066224	Ensembl.UCSC:114028[1>0]
uc012dcf.2	Ensembl.UCSC:114030[1]	ENSMUSG00000066224	Ensembl.UCSC:114030[1>0]
uc012dch.2	Ensembl.UCSC:114247[1]	ENSMUSG00000073888	Ensembl.UCSC:114247[1>0]
uc012dci.3	Ensembl.UCSC:127999[1]	ENSMUSG00000078747	Ensembl.UCSC:127999[1>0]
uc012dcn.2	Ensembl.UCSC:128139[1]	ENSMUSG00000091542	Ensembl.UCSC:128139[1>0]
uc012dcw.3	Ensembl.UCSC:121742[1]	ENSMUSG00000036002	Ensembl.UCSC:121742[1>0]
uc012dcy.3	Ensembl.UCSC:105933[1]	ENSMUSG00000028456	Ensembl.UCSC:105933[1>0]
uc012dda.2	Ensembl.UCSC:106568[1]	ENSMUSG00000042788	Ensembl.UCSC:106568[1>0]
uc012dde.2	Ensembl.UCSC:108067[1]	ENSMUSG00000050215	Ensembl.UCSC:108067[1>0]
uc012ddg.1	Ensembl.UCSC:108204[1]	ENSMUSG00000028476	Ensembl.UCSC:108204[1>0]
uc012ddh.2	Ensembl.UCSC:108215[1]	ENSMUSG00000028476	Ensembl.UCSC:108215[1>0]
uc012ddj.3	Ensembl.UCSC:109327[1]	ENSMUSG00000049657	Ensembl.UCSC:109327[1>0]
uc012ddk.3	Ensembl.UCSC:109538[1]	ENSMUSG00000028318	Ensembl.UCSC:109538[1>0]
uc012ddl.3	Ensembl.UCSC:109619[1]	ENSMUSG00000078713	Ensembl.UCSC:109619[1>0]
uc012ddo.3	Ensembl.UCSC:110216[1]	ENSMUSG00000028327	Ensembl.UCSC:110216[1>0]
uc012ddp.1	Ensembl.UCSC:110298[1]	ENSMUSG00000035539	Ensembl.UCSC:110298[1>0]
uc012ddq.2	Ensembl.UCSC:110701[1]	ENSMUSG00000028329	Ensembl.UCSC:110701[1>0]
uc012ddw.2	Ensembl.UCSC:111358[1]	ENSMUSG00000028339	Ensembl.UCSC:111358[1>0]
uc012ddx.2	Ensembl.UCSC:111504[1]	ENSMUSG00000061455	Ensembl.UCSC:111504[1>0]
uc012ddz.2	Ensembl.UCSC:111773[1]	ENSMUSG00000028348	Ensembl.UCSC:111773[1>0]
uc012ded.3	Ensembl.UCSC:112231[1]	ENSMUSG00000039579	Ensembl.UCSC:112231[1>0]
uc012deg.2	Ensembl.UCSC:112583[1]	ENSMUSG00000086712	Ensembl.UCSC:112583[1>0]
uc012deh.1	Ensembl.UCSC:134277[1]	ENSMUSG00000054752	Ensembl.UCSC:134277[1>0]
uc012dej.2	Ensembl.UCSC:91056[1]	ENSMUSG00000028426	Ensembl.UCSC:91056[1>0]
uc012del.1	Ensembl.UCSC:127738[1]	ENSMUSG00000028431	Ensembl.UCSC:127738[1>0]
uc012dem.1	Ensembl.UCSC:127933[1]	ENSMUSG00000065544	Ensembl.UCSC:127933[1>0]
uc012deu.2	Ensembl.UCSC:129987[1]	ENSMUSG00000038668	Ensembl.UCSC:129987[1>0]
uc012dev.1	Ensembl.UCSC:129997[1]	ENSMUSG00000093293	Ensembl.UCSC:129997[1>0]
uc012dew.1	Ensembl.UCSC:94963[1]	ENSMUSG00000038578	Ensembl.UCSC:94963[1>0]
uc012dey.1	Ensembl.UCSC:97055[1]	ENSMUSG00000073842	Ensembl.UCSC:97055[1>0]
uc012dfa.1	Ensembl.UCSC:97466[1]	ENSMUSG00000078687	Ensembl.UCSC:97466[1>0]
uc012ehr.2	Ensembl.UCSC:107553[1]	ENSMUSG00000001376	Ensembl.UCSC:107553[1>0]
uc012ehs.1	Ensembl.UCSC:107681[1]	ENSMUSG00000076357	Ensembl.UCSC:107681[1>0]
uc012eht.1	Ensembl.UCSC:107682[1]	ENSMUSG00000070107	Ensembl.UCSC:107682[1>0]
uc012ehv.2	Ensembl.UCSC:108353[1]	ENSMUSG00000029759	Ensembl.UCSC:108353[1>0]
uc012ehw.2	Ensembl.UCSC:108791[1]	ENSMUSG00000029757	Ensembl.UCSC:108791[1>0]
uc012eia.2	Ensembl.UCSC:109094[1]	ENSMUSG00000089862	Ensembl.UCSC:109094[1>0]
uc012eib.2	Ensembl.UCSC:28190[1]	ENSMUSG00000107948	Ensembl.UCSC:28190[1>0]
uc012eic.2	Ensembl.UCSC:30425[1]	ENSMUSG00000042742	Ensembl.UCSC:30425[1>0]
uc012eie.2	Ensembl.UCSC:33182[1]	ENSMUSG00000029563	Ensembl.UCSC:33182[1>0]
uc012eih.3	Ensembl.UCSC:47004[1]	ENSMUSG00000029517	Ensembl.UCSC:47004[1>0]
uc012eij.2	Ensembl.UCSC:47264[1]	ENSMUSG00000029669	Ensembl.UCSC:47264[1>0]
uc012eim.2	Ensembl.UCSC:50848[1]	ENSMUSG00000068748	Ensembl.UCSC:50848[1>0]
uc012ein.2	Ensembl.UCSC:129712[1]	ENSMUSG00000017978	Ensembl.UCSC:129712[1>0]
uc012eiq.2	Ensembl.UCSC:63206[1]	ENSMUSG00000029684	Ensembl.UCSC:63206[1>0]
uc012eir.1	Ensembl.UCSC:64292[1]	ENSMUSG00000076067	Ensembl.UCSC:64292[1>0]
uc012eis.2	Ensembl.UCSC:126229[1]	ENSMUSG00000029706	Ensembl.UCSC:126229[1>0]
uc012eit.2	Ensembl.UCSC:126221[1]	ENSMUSG00000029706	Ensembl.UCSC:126221[1>0]
uc012eiu.2	Ensembl.UCSC:69171[1]	ENSMUSG00000001424	Ensembl.UCSC:69171[1>0]
uc012eiv.1	Ensembl.UCSC:69687[1]	ENSMUSG00000065469	Ensembl.UCSC:69687[1>0]
uc012eiz.2	Ensembl.UCSC:110761[1]	ENSMUSG00000039742	Ensembl.UCSC:110761[1>0]
uc012eja.2	Ensembl.UCSC:110768[1]	ENSMUSG00000039742	Ensembl.UCSC:110768[1>0]
uc012ejb.3	Ensembl.UCSC:111386[1]	ENSMUSG00000029769	Ensembl.UCSC:111386[1>0]
uc012ejc.2	Ensembl.UCSC:111391[1]	ENSMUSG00000029769	Ensembl.UCSC:111391[1>0]
uc012ejd.2	Ensembl.UCSC:75311[1]	ENSMUSG00000090685	Ensembl.UCSC:75311[1>0]
uc012ejh.1	Ensembl.UCSC:80631[1]	ENSMUSG00000076361	Ensembl.UCSC:80631[1>0]
uc012eji.3	Ensembl.UCSC:80633[1]	ENSMUSG00000065586	Ensembl.UCSC:80633[1>0]
uc012ejm.1	Ensembl.UCSC:85300[1]	ENSMUSG00000065501	Ensembl.UCSC:85300[1>0]
uc012far.2	Ensembl.UCSC:35143[1]	ENSMUSG00000023118	Ensembl.UCSC:35143[1>0]
uc012fcu.1	Ensembl.UCSC:133412[1]	ENSMUSG00000093890	Ensembl.UCSC:133412[1>0]
uc012ffb.1	Ensembl.UCSC:66468[1]	ENSMUSG00000092456	Ensembl.UCSC:66468[1>0]
uc012fxx.2	Ensembl.UCSC:120128[1]	ENSMUSG00000037613	Ensembl.UCSC:120128[1>0]
uc012fxx.2	Ensembl.UCSC:120128[1]	ENSMUSG00000037606	Ensembl.UCSC:120132[1>0]
uc012gnj.3	Ensembl.UCSC:110695[1]	ENSMUSG00000025899	Ensembl.UCSC:110695[1>0]
uc012gnk.3	Ensembl.UCSC:110717[1]	ENSMUSG00000025899	Ensembl.UCSC:110717[1>0]
uc012gnm.2	Ensembl.UCSC:111064[1]	ENSMUSG00000025892	Ensembl.UCSC:111064[1>0]
uc012gno.2	Ensembl.UCSC:111203[1]	ENSMUSG00000025887	Ensembl.UCSC:111203[1>0]
uc012gnq.2	Ensembl.UCSC:111260[1]	ENSMUSG00000032006	Ensembl.UCSC:111260[1>0]
uc012gns.2	Ensembl.UCSC:112044[1]	ENSMUSG00000032002	Ensembl.UCSC:112044[1>0]
uc012gnw.2	Ensembl.UCSC:130956[1]	ENSMUSG00000121852	Ensembl.UCSC:130956[1>0]
uc012gnx.1	Ensembl.UCSC:130867[1]	ENSMUSG00000084747	Ensembl.UCSC:130867[1>0]
uc012gny.2	Ensembl.UCSC:130877[1]	ENSMUSG00000031997	Ensembl.UCSC:130877[1>0]
uc012gnz.2	Ensembl.UCSC:32375[1]	ENSMUSG00000050730	Ensembl.UCSC:32375[1>0]
uc012goa.2	Ensembl.UCSC:32714[1]	ENSMUSG00000039488	Ensembl.UCSC:32714[1>0]
uc012hah.2	Ensembl.UCSC:31358[1]	ENSMUSG00000034684	Ensembl.UCSC:31358[1>0]
uc012hdj.2	Ensembl.UCSC:109992[1]	ENSMUSG00000079083	Ensembl.UCSC:109992[1>0]
uc012hna.3	Ensembl.UCSC:65023[1]	ENSMUSG00000120909	Ensembl.UCSC:65023[1>0]
uc012hru.1	Ensembl.UCSC:1531[1]	ENSMUSG00000094881	Ensembl.UCSC:1531[1>0]
uc012hrv.1	Ensembl.UCSC:1533[1]	ENSMUSG00000069036	Ensembl.UCSC:1533[1>0]
uc012hrw.1	Ensembl.UCSC:1535[1]	ENSMUSG00000095573	Ensembl.UCSC:1535[1>0]
uc012hrx.3	Ensembl.UCSC:1537[1]	ENSMUSG00000102053	Ensembl.UCSC:1537[1>0]
uc012hry.3	Ensembl.UCSC:1540[1]	ENSMUSG00000094658	Ensembl.UCSC:1540[1>0]
uc012hsd.3	Ensembl.UCSC:1244[1]	ENSMUSG00000096520	Ensembl.UCSC:1244[1>0]
uc012hsg.1	Ensembl.UCSC:1406[1]	ENSMUSG00000095172	Ensembl.UCSC:1406[1>0]
uc029soj.2	Ensembl.UCSC:32029[1]	ENSMUSG00000022255	Ensembl.UCSC:32029[1>0]
uc029tln.1	Ensembl.UCSC:49892[1]	ENSMUSG00000097043	Ensembl.UCSC:49892[1>0]
uc029tlr.1	Ensembl.UCSC:63156[1]	ENSMUSG00000097387	Ensembl.UCSC:63156[1>0]
uc029upm.2	Ensembl.UCSC:96633[1]	ENSMUSG00000083228	Ensembl.UCSC:96633[1>0]
uc029upo.1	Ensembl.UCSC:98011[1]	ENSMUSG00000086070	Ensembl.UCSC:98011[1>0]
uc029uqa.4	Ensembl.UCSC:99585[1]	ENSMUSG00000028407	Ensembl.UCSC:99585[1>0]
uc029uqb.1	Ensembl.UCSC:99612[1]	ENSMUSG00000087137	Ensembl.UCSC:99612[1>0]
uc029uqe.1	Ensembl.UCSC:101540[1]	ENSMUSG00000096377	Ensembl.UCSC:101540[1>0]
uc029uqi.1	Ensembl.UCSC:103316[1]	ENSMUSG00000028441	Ensembl.UCSC:103316[1>0]
uc029uqj.1	Ensembl.UCSC:103321[1]	ENSMUSG00000036162	Ensembl.UCSC:103321[1>0]
uc029usp.4	Ensembl.UCSC:104550[1]	ENSMUSG00000095675	Ensembl.UCSC:104550[1>0]
uc029uty.2	Ensembl.UCSC:121125[1]	ENSMUSG00000078721	Ensembl.UCSC:121125[1>0]
uc029utz.1	Ensembl.UCSC:133574[1]	ENSMUSG00000121767	Ensembl.UCSC:133574[1>0]
uc029uua.1	Ensembl.UCSC:108870[1]	ENSMUSG00000092677	Ensembl.UCSC:108870[1>0]
uc029uub.1	Ensembl.UCSC:109729[1]	ENSMUSG00000086284	Ensembl.UCSC:109729[1>0]
uc029uuc.1	Ensembl.UCSC:110014[1]	ENSMUSG00000085876	Ensembl.UCSC:110014[1>0]
uc029uue.2	Ensembl.UCSC:111222[1]	ENSMUSG00000094286	Ensembl.UCSC:111222[1>0]
uc029uuf.3	Ensembl.UCSC:111491[1]	ENSMUSG00000028341	Ensembl.UCSC:111491[1>0]
uc029uug.1	Ensembl.UCSC:112253[1]	ENSMUSG00000085515	Ensembl.UCSC:112253[1>0]
uc029uuh.3	Ensembl.UCSC:112477[1]	ENSMUSG00000028314	Ensembl.UCSC:112477[1>0]
uc029uui.1	Ensembl.UCSC:112486[1]	ENSMUSG00000089717	Ensembl.UCSC:112486[1>0]
uc029uuj.1	Ensembl.UCSC:91068[1]	ENSMUSG00000087070	Ensembl.UCSC:91068[1>0]
uc029uuk.2	Ensembl.UCSC:91936[1]	ENSMUSG00000055296	Ensembl.UCSC:91936[1>0]
uc029uul.1	Ensembl.UCSC:92274[1]	ENSMUSG00000085967	Ensembl.UCSC:92274[1>0]
uc029vtj.3	Ensembl.UCSC:129116[1]	ENSMUSG00000121657	Ensembl.UCSC:129116[1>0]
uc029vtl.3	Ensembl.UCSC:30482[1]	ENSMUSG00000048216	Ensembl.UCSC:30482[1>0]
uc029vtq.1	Ensembl.UCSC:58919[1]	ENSMUSG00000051956	Ensembl.UCSC:58919[1>0]
uc029vtu.2	Ensembl.UCSC:125967[1]	ENSMUSG00000039841	Ensembl.UCSC:125967[1>0]
uc029wxb.1	Ensembl.UCSC:123667[1]	ENSMUSG00000106183	Ensembl.UCSC:123667[1>0]
uc029xot.2	Ensembl.UCSC:1229[1]	ENSMUSG00000093918	Ensembl.UCSC:1229[1>0]
uc029xow.2	Ensembl.UCSC:1238[1]	ENSMUSG00000095948	Ensembl.UCSC:1238[1>0]
uc029xox.2	Ensembl.UCSC:1239[1]	ENSMUSG00000095948	Ensembl.UCSC:1239[1>0]
uc029xpk.2	Ensembl.UCSC:1715[1]	ENSMUSG00000121459	Ensembl.UCSC:1715[1>0]
uc029xrz.3	Ensembl.UCSC:1766[1]	ENSMUSG00000103468	Ensembl.UCSC:1766[1>0]
uc029xsc.1	Ensembl.UCSC:1753[1]	ENSMUSG00000095520	Ensembl.UCSC:1753[1>0]
uc029xsd.2	Ensembl.UCSC:1724[1]	ENSMUSG00000095365	Ensembl.UCSC:1724[1>0]
uc029xsn.3	Ensembl.UCSC:1448[1]	ENSMUSG00000093848	Ensembl.UCSC:1448[1>0]
uc033hfn.2	Ensembl.UCSC:49132[1]	ENSMUSG00000063889	Ensembl.UCSC:49132[1>0]
uc033hft.2	Ensembl.UCSC:51688[1]	ENSMUSG00000073639	Ensembl.UCSC:51688[1>0]
uc033iam.2	Ensembl.UCSC:101103[1]	ENSMUSG00002075454	Ensembl.UCSC:101103[1>0]
uc033iao.2	Ensembl.UCSC:136325[1]	ENSMUSG00000049225	Ensembl.UCSC:136325[1>0]
uc033iar.3	Ensembl.UCSC:129055[1]	ENSMUSG00000028218	Ensembl.UCSC:129055[1>0]
uc033iat.3	Ensembl.UCSC:129048[1]	ENSMUSG00000028218	Ensembl.UCSC:129048[1>0]
uc033iau.1	Ensembl.UCSC:104012[1]	ENSMUSG00000098929	Ensembl.UCSC:104012[1>0]
uc033iaw.2	Ensembl.UCSC:92976[1]	ENSMUSG00000055373	Ensembl.UCSC:92976[1>0]
uc033iaz.1	Ensembl.UCSC:96648[1]	ENSMUSG00000098310	Ensembl.UCSC:96648[1>0]
uc033iba.2	Ensembl.UCSC:96716[1]	ENSMUSG00000044288	Ensembl.UCSC:96716[1>0]
uc033ibb.2	Ensembl.UCSC:99044[1]	ENSMUSG00000045083	Ensembl.UCSC:99044[1>0]
uc033ibc.1	Ensembl.UCSC:99091[1]	ENSMUSG00000106425	Ensembl.UCSC:99091[1>0]
uc033ibs.2	Ensembl.UCSC:48909[1]	ENSMUSG00000028468	Ensembl.UCSC:48909[1>0]
uc033ibu.1	Ensembl.UCSC:109167[1]	ENSMUSG00000103995	Ensembl.UCSC:109167[1>0]
uc033ibw.2	Ensembl.UCSC:109929[1]	ENSMUSG00000045973	Ensembl.UCSC:109929[1>0]
uc033iby.2	Ensembl.UCSC:111929[1]	ENSMUSG00000039634	Ensembl.UCSC:111929[1>0]
uc033ica.2	Ensembl.UCSC:112221[1]	ENSMUSG00000039579	Ensembl.UCSC:112221[1>0]
uc033ici.2	Ensembl.UCSC:134373[1]	ENSMUSG00000057280	Ensembl.UCSC:134373[1>0]
uc033icj.1	Ensembl.UCSC:134382[1]	ENSMUSG00000057280	Ensembl.UCSC:134382[1>0]
uc033ick.1	Ensembl.UCSC:134386[1]	ENSMUSG00000057280	Ensembl.UCSC:134386[1>0]
uc033iob.2	Ensembl.UCSC:129198[1]	ENSMUSG00000092035	Ensembl.UCSC:129198[1>0]
uc033ioe.2	Ensembl.UCSC:29728[1]	ENSMUSG00000032625	Ensembl.UCSC:29728[1>0]
uc033iof.2	Ensembl.UCSC:113931[1]	ENSMUSG00000085171	Ensembl.UCSC:113931[1>0]
uc033iog.1	Ensembl.UCSC:47015[1]	ENSMUSG00000099149	Ensembl.UCSC:47015[1>0]
uc033ioh.3	Ensembl.UCSC:129701[1]	ENSMUSG00000017978	Ensembl.UCSC:129701[1>0]
uc033ioi.3	Ensembl.UCSC:129694[1]	ENSMUSG00000017978	Ensembl.UCSC:129694[1>0]
uc033ioj.2	Ensembl.UCSC:72776[1]	ENSMUSG00000043421	Ensembl.UCSC:72776[1>0]
uc033jio.1	Ensembl.UCSC:130737[1]	ENSMUSG00000093615	Ensembl.UCSC:130737[1>0]
uc033jip.2	Ensembl.UCSC:130879[1]	ENSMUSG00000111602	Ensembl.UCSC:130879[1>0]
uc033jiq.1	Ensembl.UCSC:32726[1]	ENSMUSG00000098408	Ensembl.UCSC:32726[1>0]
uc033jof.2	Ensembl.UCSC:61978[1]	ENSMUSG00000100249	Ensembl.UCSC:61978[1>0]
uc033jvq.2	Ensembl.UCSC:1232[1]	ENSMUSG00000094511	Ensembl.UCSC:1232[1>0]
uc033jvr.2	Ensembl.UCSC:1235[1]	ENSMUSG00000093987	Ensembl.UCSC:1235[1>0]
uc056yui.1	Ensembl.UCSC:23870[1]	ENSMUSG00000077337	Ensembl.UCSC:23870[1>0]
uc056yyi.1	Ensembl.UCSC:32771[1]	ENSMUSG00000115685	Ensembl.UCSC:32771[1>0]
uc056yyj.1	Ensembl.UCSC:33650[1]	ENSMUSG00000037646	Ensembl.UCSC:33650[1>0]
uc056yyl.2	Ensembl.UCSC:35751[1]	ENSMUSG00000115249	Ensembl.UCSC:35751[1>0]
uc056yzh.1	Ensembl.UCSC:87193[1]	ENSMUSG00000022550	Ensembl.UCSC:87193[1>0]
uc056zfo.1	Ensembl.UCSC:49826[1]	ENSMUSG00000117506	Ensembl.UCSC:49826[1>0]
uc056zuz.1	Ensembl.UCSC:94913[1]	ENSMUSG00000094253	Ensembl.UCSC:94913[1>0]
uc056zvb.1	Ensembl.UCSC:101098[1]	ENSMUSG00000092880	Ensembl.UCSC:101098[1>0]
uc056zvd.2	Ensembl.UCSC:136327[1]	ENSMUSG00000049225	Ensembl.UCSC:136327[1>0]
uc056zve.2	Ensembl.UCSC:136329[1]	ENSMUSG00000049225	Ensembl.UCSC:136329[1>0]
uc056zvj.2	Ensembl.UCSC:104993[1]	ENSMUSG00000028252	Ensembl.UCSC:104993[1>0]
uc056zvl.2	Ensembl.UCSC:96617[1]	ENSMUSG00000028274	Ensembl.UCSC:96617[1>0]
uc056zvt.2	Ensembl.UCSC:108360[1]	ENSMUSG00000028478	Ensembl.UCSC:108360[1>0]
uc056zvx.1	Ensembl.UCSC:109161[1]	ENSMUSG00000092761	Ensembl.UCSC:109161[1>0]
uc056zwb.1	Ensembl.UCSC:111524[1]	ENSMUSG00000087844	Ensembl.UCSC:111524[1>0]
uc057acg.2	Ensembl.UCSC:107747[1]	ENSMUSG00000107681	Ensembl.UCSC:107747[1>0]
uc057ach.3	Ensembl.UCSC:109101[1]	ENSMUSG00000089862	Ensembl.UCSC:109101[1>0]
uc057acj.1	Ensembl.UCSC:47012[1]	ENSMUSG00000107217	Ensembl.UCSC:47012[1>0]
uc057aik.1	Ensembl.UCSC:60431[1]	ENSMUSG00000035704	Ensembl.UCSC:60431[1>0]
uc057anu.1	Ensembl.UCSC:132814[1]	ENSMUSG00000086381	Ensembl.UCSC:132814[1>0]
uc057atw.2	Ensembl.UCSC:1463[1]	ENSMUSG00000101796	Ensembl.UCSC:1463[1>0]
uc057atx.2	Ensembl.UCSC:1464[1]	ENSMUSG00000101492	Ensembl.UCSC:1464[1>0]
uc057bau.1	Ensembl.UCSC:142973[1]	ENSMUSG00000085419	Ensembl.UCSC:142973[1>0]
uc057bdk.1	Ensembl.UCSC:63872[1]	ENSMUSG00000114015	Ensembl.UCSC:63872[1>0]
uc057bfv.1	Ensembl.UCSC:32379[1]	ENSMUSG00000115276	Ensembl.UCSC:32379[1>0]
uc057bfx.1	Ensembl.UCSC:34277[1]	ENSMUSG00000115084	Ensembl.UCSC:34277[1>0]
uc057bkb.2	Ensembl.UCSC:49196[1]	ENSMUSG00000063889	Ensembl.UCSC:49196[1>0]
uc057bkc.2	Ensembl.UCSC:49193[1]	ENSMUSG00000063889	Ensembl.UCSC:49193[1>0]
uc057brm.1	Ensembl.UCSC:91475[1]	ENSMUSG00000107859	Ensembl.UCSC:91475[1>0]
uc057brq.2	Ensembl.UCSC:105918[1]	ENSMUSG00000028456	Ensembl.UCSC:105918[1>0]
uc057brv.2	Ensembl.UCSC:92082[1]	ENSMUSG00000028434	Ensembl.UCSC:92082[1>0]
uc057bwg.3	Ensembl.UCSC:59113[1]	ENSMUSG00000023089	Ensembl.UCSC:59113[1>0]
uc057bwh.1	Ensembl.UCSC:83876[1]	ENSMUSG00000029782	Ensembl.UCSC:83876[1>0]
uc057ccx.2	Ensembl.UCSC:130747[1]	ENSMUSG00000057367	Ensembl.UCSC:130747[1>0]
uc057kpf.2	Ensembl.UCSC:2251[1]	ENSMUSG00000065498	Ensembl.UCSC:2251[1>0]
uc057kpf.2	Ensembl.UCSC:2251[1]	ENSMUSG00000065477	Ensembl.UCSC:2255[1>0]
uc057kpf.2	Ensembl.UCSC:2251[1]	ENSMUSG00000106653	Ensembl.UCSC:2258[1>0]
uc057lhb.1	Ensembl.UCSC:94821[1]	ENSMUSG00000085180	Ensembl.UCSC:94821[1>0]
uc057lhc.2	Ensembl.UCSC:94828[1]	ENSMUSG00000085180	Ensembl.UCSC:94828[1>0]
uc057lhe.1	Ensembl.UCSC:115556[1]	ENSMUSG00000086765	Ensembl.UCSC:115556[1>0]
uc057lhf.2	Ensembl.UCSC:122481[1]	ENSMUSG00000086071	Ensembl.UCSC:122481[1>0]
uc057lhh.2	Ensembl.UCSC:93856[1]	ENSMUSG00000087049	Ensembl.UCSC:93856[1>0]
uc057lhj.2	Ensembl.UCSC:98652[1]	ENSMUSG00000028294	Ensembl.UCSC:98652[1>0]
uc057lhl.2	Ensembl.UCSC:114170[1]	ENSMUSG00000073888	Ensembl.UCSC:114170[1>0]
uc057lhm.2	Ensembl.UCSC:128012[1]	ENSMUSG00000078746	Ensembl.UCSC:128012[1>0]
uc057lhp.3	Ensembl.UCSC:104609[1]	ENSMUSG00000093996	Ensembl.UCSC:104609[1>0]
uc057lhw.2	Ensembl.UCSC:119652[1]	ENSMUSG00000015247	Ensembl.UCSC:119652[1>0]
uc057lhx.2	Ensembl.UCSC:112567[1]	ENSMUSG00000087192	Ensembl.UCSC:112567[1>0]
uc057loz.2	Ensembl.UCSC:113510[1]	ENSMUSG00000093482	Ensembl.UCSC:113510[1>0]
uc057lpa.2	Ensembl.UCSC:113522[1]	ENSMUSG00000093482	Ensembl.UCSC:113522[1>0]
uc057lpb.1	Ensembl.UCSC:33611[1]	ENSMUSG00000084772	Ensembl.UCSC:33611[1>0]
uc057lpe.2	Ensembl.UCSC:111379[1]	ENSMUSG00000029769	Ensembl.UCSC:111379[1>0]
uc057lpf.2	Ensembl.UCSC:76897[1]	ENSMUSG00000012535	Ensembl.UCSC:76897[1>0]
uc057lpg.2	Ensembl.UCSC:78733[1]	ENSMUSG00000029772	Ensembl.UCSC:78733[1>0]
uc057lph.1	Ensembl.UCSC:80634[1]	ENSMUSG00000065619	Ensembl.UCSC:80634[1>0]
uc057mcp.2	Ensembl.UCSC:1495[1]	ENSMUSG00000068457	Ensembl.UCSC:1495[1>0]
uc057mcq.1	Ensembl.UCSC:1307[1]	ENSMUSG00000094081	Ensembl.UCSC:1307[1>0]
uc057mcr.2	Ensembl.UCSC:1341[1]	ENSMUSG00000101053	Ensembl.UCSC:1341[1>0]
uc057mcs.2	Ensembl.UCSC:1752[1]	ENSMUSG00000095520	Ensembl.UCSC:1752[1>0]
uc057mct.2	Ensembl.UCSC:1732[1]	ENSMUSG00000094325	Ensembl.UCSC:1732[1>0]
uc057mcu.2	Ensembl.UCSC:1736[1]	ENSMUSG00000095267	Ensembl.UCSC:1736[1>0]
uc057mcv.1	Ensembl.UCSC:1737[1]	ENSMUSG00000095267	Ensembl.UCSC:1737[1>0]
uc287gxv.1	Ensembl.UCSC:61834[1]	ENSMUSG00000104257	Ensembl.UCSC:61834[1>0]
uc287gzu.1	Ensembl.UCSC:124829[1]	ENSMUSG00000101180	Ensembl.UCSC:124829[1>0]
uc287hid.1	Ensembl.UCSC:139335[1]	ENSMUSG00000001138	Ensembl.UCSC:139335[1>0]
uc287ioe.1	Ensembl.UCSC:74756[1]	ENSMUSG00000073664	Ensembl.UCSC:74756[1>0]
uc287jmb.1	Ensembl.UCSC:115612[1]	ENSMUSG00000026211	Ensembl.UCSC:115612[1>0]
uc287kbh.1	Ensembl.UCSC:45657[1]	ENSMUSG00000102293	Ensembl.UCSC:45657[1>0]
uc287key.1	Ensembl.UCSC:134968[1]	ENSMUSG00000082837	Ensembl.UCSC:134968[1>0]
uc287lkr.1	Ensembl.UCSC:46808[1]	ENSMUSG00000056211	Ensembl.UCSC:46808[1>0]
uc287lna.1	Ensembl.UCSC:120929[1]	ENSMUSG00000121271	Ensembl.UCSC:120929[1>0]
uc287lng.1	Ensembl.UCSC:120012[1]	ENSMUSG00000099556	Ensembl.UCSC:120012[1>0]
uc287mem.1	Ensembl.UCSC:102691[1]	ENSMUSG00000099459	Ensembl.UCSC:102691[1>0]
uc287mle.1	Ensembl.UCSC:111597[1]	ENSMUSG00000006005	Ensembl.UCSC:111597[1>0]
uc287nlc.1	Ensembl.UCSC:87267[1]	ENSMUSG00002076221	Ensembl.UCSC:87267[1>0]
uc287pxo.1	Ensembl.UCSC:72842[1]	ENSMUSG00000019982	Ensembl.UCSC:72842[1>0]
uc287qjs.1	Ensembl.UCSC:12821[1]	ENSMUSG00000098068	Ensembl.UCSC:12821[1>0]
uc287qrz.1	Ensembl.UCSC:111417[1]	ENSMUSG00000019822	Ensembl.UCSC:111417[1>0]
uc287rtx.1	Ensembl.UCSC:15293[1]	ENSMUSG00000042846	Ensembl.UCSC:15293[1>0]
uc287sbf.1	Ensembl.UCSC:44103[1]	ENSMUSG00000112608	Ensembl.UCSC:44103[1>0]
uc287sgr.1	Ensembl.UCSC:78980[1]	ENSMUSG00000000901	Ensembl.UCSC:78980[1>0]
uc287svr.1	Ensembl.UCSC:108441[1]	ENSMUSG00000003068	Ensembl.UCSC:108441[1>0]
uc287tgc.1	Ensembl.UCSC:114592[1]	ENSMUSG00000020232	Ensembl.UCSC:114592[1>0]
uc287ttv.1	Ensembl.UCSC:128386[1]	ENSMUSG00002076916	Ensembl.UCSC:128386[1>0]
uc287uhh.1	Ensembl.UCSC:30825[1]	ENSMUSG00000112450	Ensembl.UCSC:30825[1>0]
uc287vpp.1	Ensembl.UCSC:44952[1]	ENSMUSG00000104755	Ensembl.UCSC:44952[1>0]
uc287vpp.1	Ensembl.UCSC:44952[1]	ENSMUSG00002075374	Ensembl.UCSC:44954[1>0]
uc287wdc.1	Ensembl.UCSC:108626[1]	ENSMUSG00000020451	Ensembl.UCSC:108626[1>0]
uc287zsc.1	Ensembl.UCSC:124243[1]	ENSMUSG00000082983	Ensembl.UCSC:124243[1>0]
uc287zsc.1	Ensembl.UCSC:124243[1]	ENSMUSG00002075516	Ensembl.UCSC:124244[1>0]
uc288avk.1	Ensembl.UCSC:94087[1]	ENSMUSG00000111168	Ensembl.UCSC:94087[1>0]
uc288egq.1	Ensembl.UCSC:86184[1]	ENSMUSG00000025142	Ensembl.UCSC:86184[1>0]
uc288ire.1	Ensembl.UCSC:28066[1]	ENSMUSG00000118530	Ensembl.UCSC:28066[1>0]
uc288jes.1	Ensembl.UCSC:2280[1]	ENSMUSG00000065577	Ensembl.UCSC:2280[1>0]
uc288kzc.1	Ensembl.UCSC:61059[1]	ENSMUSG00000112962	Ensembl.UCSC:61059[1>0]
uc288oir.1	Ensembl.UCSC:70780[1]	ENSMUSG00000113486	Ensembl.UCSC:70780[1>0]
uc288ref.1	Ensembl.UCSC:83830[1]	ENSMUSG00000114692	Ensembl.UCSC:83830[1>0]
uc288roa.1	Ensembl.UCSC:79636[1]	ENSMUSG00000114567	Ensembl.UCSC:79636[1>0]
uc288ruw.1	Ensembl.UCSC:10069[1]	ENSMUSG00000015966	Ensembl.UCSC:10069[1>0]
uc288sxl.1	Ensembl.UCSC:88239[1]	ENSMUSG00000114250	Ensembl.UCSC:88239[1>0]
uc288tgg.1	Ensembl.UCSC:82498[1]	ENSMUSG00000115609	Ensembl.UCSC:82498[1>0]
uc288toh.1	Ensembl.UCSC:80444[1]	ENSMUSG00000006281	Ensembl.UCSC:80444[1>0]
uc288tug.1	Ensembl.UCSC:93384[1]	ENSMUSG00000115141	Ensembl.UCSC:93384[1>0]
uc288tzw.1	Ensembl.UCSC:57632[1]	ENSMUSG00000076802	Ensembl.UCSC:57632[1>0]
uc288ufw.1	Ensembl.UCSC:59334[1]	ENSMUSG00000076920	Ensembl.UCSC:59334[1>0]
uc288urm.1	Ensembl.UCSC:96105[1]	ENSMUSG00000047098	Ensembl.UCSC:96105[1>0]
uc288weu.1	Ensembl.UCSC:4148[1]	ENSMUSG00000119005	Ensembl.UCSC:4148[1>0]
uc288wsj.1	Ensembl.UCSC:62085[1]	ENSMUSG00000115206	Ensembl.UCSC:62085[1>0]
uc288wyz.1	Ensembl.UCSC:17146[1]	ENSMUSG00000052482	Ensembl.UCSC:17146[1>0]
uc288wzi.1	Ensembl.UCSC:17823[1]	ENSMUSG00000115042	Ensembl.UCSC:17823[1>0]
uc288wzj.1	Ensembl.UCSC:17831[1]	ENSMUSG00000115285	Ensembl.UCSC:17831[1>0]
uc288wzl.1	Ensembl.UCSC:18460[1]	ENSMUSG00000047497	Ensembl.UCSC:18460[1>0]
uc288wzz.1	Ensembl.UCSC:18854[1]	ENSMUSG00000115240	Ensembl.UCSC:18854[1>0]
uc288xai.1	Ensembl.UCSC:19049[1]	ENSMUSG00000107344	Ensembl.UCSC:19049[1>0]
uc288xbb.1	Ensembl.UCSC:20041[1]	ENSMUSG00000097221	Ensembl.UCSC:20041[1>0]
uc288xbi.1	Ensembl.UCSC:20942[1]	ENSMUSG00000022197	Ensembl.UCSC:20942[1>0]
uc288xbl.1	Ensembl.UCSC:20954[1]	ENSMUSG00000103130	Ensembl.UCSC:20954[1>0]
uc288xbn.1	Ensembl.UCSC:20958[1]	ENSMUSG00000115201	Ensembl.UCSC:20958[1>0]
uc288xbp.1	Ensembl.UCSC:20961[1]	ENSMUSG00000115024	Ensembl.UCSC:20961[1>0]
uc288xbz.1	Ensembl.UCSC:21942[1]	ENSMUSG00000115347	Ensembl.UCSC:21942[1>0]
uc288xca.1	Ensembl.UCSC:21944[1]	ENSMUSG00000115481	Ensembl.UCSC:21944[1>0]
uc288xch.1	Ensembl.UCSC:22163[1]	ENSMUSG00000095874	Ensembl.UCSC:22163[1>0]
uc288xcj.1	Ensembl.UCSC:22166[1]	ENSMUSG00000115208	Ensembl.UCSC:22166[1>0]
uc288xck.1	Ensembl.UCSC:22168[1]	ENSMUSG00000114972	Ensembl.UCSC:22168[1>0]
uc288xco.1	Ensembl.UCSC:22179[1]	ENSMUSG00000115633	Ensembl.UCSC:22179[1>0]
uc288xcp.1	Ensembl.UCSC:22182[1]	ENSMUSG00000115434	Ensembl.UCSC:22182[1>0]
uc288xcs.1	Ensembl.UCSC:22192[1]	ENSMUSG00000115670	Ensembl.UCSC:22192[1>0]
uc288xcx.1	Ensembl.UCSC:22662[1]	ENSMUSG00000115173	Ensembl.UCSC:22662[1>0]
uc288xcz.1	Ensembl.UCSC:22664[1]	ENSMUSG00000115192	Ensembl.UCSC:22664[1>0]
uc288xde.1	Ensembl.UCSC:22760[1]	ENSMUSG00000098222	Ensembl.UCSC:22760[1>0]
uc288xdh.1	Ensembl.UCSC:22764[1]	ENSMUSG00000115766	Ensembl.UCSC:22764[1>0]
uc288xdn.1	Ensembl.UCSC:22909[1]	ENSMUSG00000115815	Ensembl.UCSC:22909[1>0]
uc288xdr.1	Ensembl.UCSC:22922[1]	ENSMUSG00000115717	Ensembl.UCSC:22922[1>0]
uc288xds.1	Ensembl.UCSC:22924[1]	ENSMUSG00000115516	Ensembl.UCSC:22924[1>0]
uc288xdv.1	Ensembl.UCSC:22935[1]	ENSMUSG00000115233	Ensembl.UCSC:22935[1>0]
uc288xdw.1	Ensembl.UCSC:22937[1]	ENSMUSG00000115830	Ensembl.UCSC:22937[1>0]
uc288xdz.1	Ensembl.UCSC:22947[1]	ENSMUSG00000115112	Ensembl.UCSC:22947[1>0]
uc288xea.1	Ensembl.UCSC:22951[1]	ENSMUSG00000115086	Ensembl.UCSC:22951[1>0]
uc288xee.1	Ensembl.UCSC:23427[1]	ENSMUSG00000115155	Ensembl.UCSC:23427[1>0]
uc288xek.1	Ensembl.UCSC:23454[1]	ENSMUSG00000103296	Ensembl.UCSC:23454[1>0]
uc288xem.1	Ensembl.UCSC:23459[1]	ENSMUSG00000115708	Ensembl.UCSC:23459[1>0]
uc288xeo.1	Ensembl.UCSC:23747[1]	ENSMUSG00000021927	Ensembl.UCSC:23747[1>0]
uc288xep.1	Ensembl.UCSC:23761[1]	ENSMUSG00000091194	Ensembl.UCSC:23761[1>0]
uc288xew.1	Ensembl.UCSC:23771[1]	ENSMUSG00000115193	Ensembl.UCSC:23771[1>0]
uc288xez.1	Ensembl.UCSC:23780[1]	ENSMUSG00000115129	Ensembl.UCSC:23780[1>0]
uc288xfa.1	Ensembl.UCSC:23784[1]	ENSMUSG00000115365	Ensembl.UCSC:23784[1>0]
uc288xfb.1	Ensembl.UCSC:23788[1]	ENSMUSG00000115586	Ensembl.UCSC:23788[1>0]
uc288xfc.1	Ensembl.UCSC:23792[1]	ENSMUSG00000115341	Ensembl.UCSC:23792[1>0]
uc288xfd.1	Ensembl.UCSC:23793[1]	ENSMUSG00000115528	Ensembl.UCSC:23793[1>0]
uc288xff.1	Ensembl.UCSC:23800[1]	ENSMUSG00000115079	Ensembl.UCSC:23800[1>0]
uc288xfh.1	Ensembl.UCSC:23807[1]	ENSMUSG00000115004	Ensembl.UCSC:23807[1>0]
uc288xfj.1	Ensembl.UCSC:23813[1]	ENSMUSG00000115607	Ensembl.UCSC:23813[1>0]
uc288xfq.1	Ensembl.UCSC:23941[1]	ENSMUSG00000115840	Ensembl.UCSC:23941[1>0]
uc288xfr.1	Ensembl.UCSC:23942[1]	ENSMUSG00000103315	Ensembl.UCSC:23942[1>0]
uc288xfv.1	Ensembl.UCSC:80297[1]	ENSMUSG00000056089	Ensembl.UCSC:80297[1>0]
uc288xga.1	Ensembl.UCSC:24152[1]	ENSMUSG00000115729	Ensembl.UCSC:24152[1>0]
uc288xgd.1	Ensembl.UCSC:24781[1]	ENSMUSG00000115252	Ensembl.UCSC:24781[1>0]
uc288xgo.1	Ensembl.UCSC:24785[1]	ENSMUSG00000115593	Ensembl.UCSC:24785[1>0]
uc288xgt.1	Ensembl.UCSC:25030[1]	ENSMUSG00000052253	Ensembl.UCSC:25030[1>0]
uc288xgx.1	Ensembl.UCSC:25085[1]	ENSMUSG00000115399	Ensembl.UCSC:25085[1>0]
uc288xgy.1	Ensembl.UCSC:25087[1]	ENSMUSG00000115647	Ensembl.UCSC:25087[1>0]
uc288xgz.1	Ensembl.UCSC:25089[1]	ENSMUSG00000115131	Ensembl.UCSC:25089[1>0]
uc288xha.1	Ensembl.UCSC:99986[1]	ENSMUSG00000121664	Ensembl.UCSC:99986[1>0]
uc288xhb.1	Ensembl.UCSC:99984[1]	ENSMUSG00000115301	Ensembl.UCSC:99984[1>0]
uc288xhc.1	Ensembl.UCSC:25091[1]	ENSMUSG00000115381	Ensembl.UCSC:25091[1>0]
uc288xhd.1	Ensembl.UCSC:25081[1]	ENSMUSG00000043556	Ensembl.UCSC:25081[1>0]
uc288xhe.1	Ensembl.UCSC:25093[1]	ENSMUSG00000090544	Ensembl.UCSC:25093[1>0]
uc288xhg.1	Ensembl.UCSC:25097[1]	ENSMUSG00000115554	Ensembl.UCSC:25097[1>0]
uc288xhi.1	Ensembl.UCSC:25139[1]	ENSMUSG00000115568	Ensembl.UCSC:25139[1>0]
uc288xhj.1	Ensembl.UCSC:25141[1]	ENSMUSG00000115543	Ensembl.UCSC:25141[1>0]
uc288xhn.1	Ensembl.UCSC:26230[1]	ENSMUSG00000115578	Ensembl.UCSC:26230[1>0]
uc288xhw.1	Ensembl.UCSC:27189[1]	ENSMUSG00000022263	Ensembl.UCSC:27189[1>0]
uc288xia.1	Ensembl.UCSC:27210[1]	ENSMUSG00000022263	Ensembl.UCSC:27210[1>0]
uc288xib.1	Ensembl.UCSC:27212[1]	ENSMUSG00000022263	Ensembl.UCSC:27212[1>0]
uc288xic.1	Ensembl.UCSC:27213[1]	ENSMUSG00000022263	Ensembl.UCSC:27213[1>0]
uc288xid.1	Ensembl.UCSC:27225[1]	ENSMUSG00000115641	Ensembl.UCSC:27225[1>0]
uc288xie.1	Ensembl.UCSC:27228[1]	ENSMUSG00000115161	Ensembl.UCSC:27228[1>0]
uc288xih.1	Ensembl.UCSC:27229[1]	ENSMUSG00000115058	Ensembl.UCSC:27229[1>0]
uc288xij.1	Ensembl.UCSC:27234[1]	ENSMUSG00000115722	Ensembl.UCSC:27234[1>0]
uc288xil.1	Ensembl.UCSC:27239[1]	ENSMUSG00000115806	Ensembl.UCSC:27239[1>0]
uc288xip.1	Ensembl.UCSC:28138[1]	ENSMUSG00000115459	Ensembl.UCSC:28138[1>0]
uc288xit.1	Ensembl.UCSC:28146[1]	ENSMUSG00000089279	Ensembl.UCSC:28146[1>0]
uc288xiu.1	Ensembl.UCSC:28149[1]	ENSMUSG00000115080	Ensembl.UCSC:28149[1>0]
uc288xiz.1	Ensembl.UCSC:29438[1]	ENSMUSG00000115073	Ensembl.UCSC:29438[1>0]
uc288xjg.1	Ensembl.UCSC:29434[1]	ENSMUSG00000022240	Ensembl.UCSC:29434[1>0]
uc288xjk.1	Ensembl.UCSC:29437[1]	ENSMUSG00000022240	Ensembl.UCSC:29437[1>0]
uc288xjr.1	Ensembl.UCSC:29463[1]	ENSMUSG00000115418	Ensembl.UCSC:29463[1>0]
uc288xjw.1	Ensembl.UCSC:29953[1]	ENSMUSG00000115406	Ensembl.UCSC:29953[1>0]
uc288xkc.1	Ensembl.UCSC:30393[1]	ENSMUSG00000039100	Ensembl.UCSC:30393[1>0]
uc288xkn.1	Ensembl.UCSC:31326[1]	ENSMUSG00000114995	Ensembl.UCSC:31326[1>0]
uc288xko.1	Ensembl.UCSC:31330[1]	ENSMUSG00000115188	Ensembl.UCSC:31330[1>0]
uc288xkq.1	Ensembl.UCSC:31339[1]	ENSMUSG00000115561	Ensembl.UCSC:31339[1>0]
uc288xkr.1	Ensembl.UCSC:31360[1]	ENSMUSG00000107924	Ensembl.UCSC:31360[1>0]
uc288xlf.1	Ensembl.UCSC:99998[1]	ENSMUSG00000058101	Ensembl.UCSC:99998[1>0]
uc288xlj.1	Ensembl.UCSC:31798[1]	ENSMUSG00000115428	Ensembl.UCSC:31798[1>0]
uc288xmg.1	Ensembl.UCSC:32767[1]	ENSMUSG00000058600	Ensembl.UCSC:32767[1>0]
uc288xmk.1	Ensembl.UCSC:32777[1]	ENSMUSG00000115300	Ensembl.UCSC:32777[1>0]
uc288xmt.1	Ensembl.UCSC:33057[1]	ENSMUSG00000115005	Ensembl.UCSC:33057[1>0]
uc288xmy.1	Ensembl.UCSC:33168[1]	ENSMUSG00000115360	Ensembl.UCSC:33168[1>0]
uc288xna.1	Ensembl.UCSC:33417[1]	ENSMUSG00000022329	Ensembl.UCSC:33417[1>0]
uc288xnf.1	Ensembl.UCSC:33453[1]	ENSMUSG00000022330	Ensembl.UCSC:33453[1>0]
uc288xnp.1	Ensembl.UCSC:33653[1]	ENSMUSG00000115314	Ensembl.UCSC:33653[1>0]
uc288xnq.1	Ensembl.UCSC:33655[1]	ENSMUSG00000115144	Ensembl.UCSC:33655[1>0]
uc288xnr.1	Ensembl.UCSC:33659[1]	ENSMUSG00000115040	Ensembl.UCSC:33659[1>0]
uc288xns.1	Ensembl.UCSC:33662[1]	ENSMUSG00000115837	Ensembl.UCSC:33662[1>0]
uc288xnu.1	Ensembl.UCSC:33664[1]	ENSMUSG00000115340	Ensembl.UCSC:33664[1>0]
uc288xnv.1	Ensembl.UCSC:33666[1]	ENSMUSG00000115793	Ensembl.UCSC:33666[1>0]
uc288xny.1	Ensembl.UCSC:33699[1]	ENSMUSG00000014313	Ensembl.UCSC:33699[1>0]
uc288xoe.1	Ensembl.UCSC:33778[1]	ENSMUSG00000092230	Ensembl.UCSC:33778[1>0]
uc288xok.1	Ensembl.UCSC:34055[1]	ENSMUSG00000037617	Ensembl.UCSC:34055[1>0]
uc288xop.1	Ensembl.UCSC:34086[1]	ENSMUSG00000037617	Ensembl.UCSC:34086[1>0]
uc288xor.1	Ensembl.UCSC:34184[1]	ENSMUSG00000115162	Ensembl.UCSC:34184[1>0]
uc288xos.1	Ensembl.UCSC:34186[1]	ENSMUSG00000068579	Ensembl.UCSC:34186[1>0]
uc288xqj.1	Ensembl.UCSC:92838[1]	ENSMUSG00000115848	Ensembl.UCSC:92838[1>0]
uc288xqm.1	Ensembl.UCSC:92845[1]	ENSMUSG00000089804	Ensembl.UCSC:92845[1>0]
uc288xqr.1	Ensembl.UCSC:92977[1]	ENSMUSG00000022286	Ensembl.UCSC:92977[1>0]
uc288xrc.1	Ensembl.UCSC:93174[1]	ENSMUSG00000084316	Ensembl.UCSC:93174[1>0]
uc288xrj.1	Ensembl.UCSC:93115[1]	ENSMUSG00000051359	Ensembl.UCSC:93115[1>0]
uc288xrl.1	Ensembl.UCSC:93188[1]	ENSMUSG00000115095	Ensembl.UCSC:93188[1>0]
uc288xrz.1	Ensembl.UCSC:35737[1]	ENSMUSG00000022292	Ensembl.UCSC:35737[1>0]
uc288xst.1	Ensembl.UCSC:37308[1]	ENSMUSG00000115437	Ensembl.UCSC:37308[1>0]
uc288xtj.1	Ensembl.UCSC:37882[1]	ENSMUSG00000115546	Ensembl.UCSC:37882[1>0]
uc288zwz.1	Ensembl.UCSC:60233[1]	ENSMUSG00000091198	Ensembl.UCSC:60233[1>0]
uc289aqs.1	Ensembl.UCSC:29811[1]	ENSMUSG00000022623	Ensembl.UCSC:29811[1>0]
uc289bzf.1	Ensembl.UCSC:36493[1]	ENSMUSG00000118410	Ensembl.UCSC:36493[1>0]
uc289iuu.1	Ensembl.UCSC:112065[1]	ENSMUSG00000116884	Ensembl.UCSC:112065[1>0]
uc289kuv.1	Ensembl.UCSC:107422[1]	ENSMUSG00000038762	Ensembl.UCSC:107422[1>0]
uc289mlb.1	Ensembl.UCSC:26030[1]	ENSMUSG00000117250	Ensembl.UCSC:26030[1>0]
uc289myv.1	Ensembl.UCSC:48653[1]	ENSMUSG00000117612	Ensembl.UCSC:48653[1>0]
uc289noi.1	Ensembl.UCSC:47854[1]	ENSMUSG00000117547	Ensembl.UCSC:47854[1>0]
uc289noj.1	Ensembl.UCSC:47859[1]	ENSMUSG00000093774	Ensembl.UCSC:47859[1>0]
uc289nok.1	Ensembl.UCSC:47861[1]	ENSMUSG00000093444	Ensembl.UCSC:47861[1>0]
uc289nol.1	Ensembl.UCSC:47863[1]	ENSMUSG00000117531	Ensembl.UCSC:47863[1>0]
uc289nom.1	Ensembl.UCSC:47868[1]	ENSMUSG00000117353	Ensembl.UCSC:47868[1>0]
uc289non.1	Ensembl.UCSC:47871[1]	ENSMUSG00000117464	Ensembl.UCSC:47871[1>0]
uc289noo.1	Ensembl.UCSC:49000[1]	ENSMUSG00000063889	Ensembl.UCSC:49000[1>0]
uc289nop.1	Ensembl.UCSC:49154[1]	ENSMUSG00000063889	Ensembl.UCSC:49154[1>0]
uc289noq.1	Ensembl.UCSC:49323[1]	ENSMUSG00000063889	Ensembl.UCSC:49323[1>0]
uc289nor.1	Ensembl.UCSC:49329[1]	ENSMUSG00000063889	Ensembl.UCSC:49329[1>0]
uc289nos.1	Ensembl.UCSC:49327[1]	ENSMUSG00000063889	Ensembl.UCSC:49327[1>0]
uc289not.1	Ensembl.UCSC:49156[1]	ENSMUSG00000063889	Ensembl.UCSC:49156[1>0]
uc289nou.1	Ensembl.UCSC:49160[1]	ENSMUSG00000063889	Ensembl.UCSC:49160[1>0]
uc289nov.1	Ensembl.UCSC:49172[1]	ENSMUSG00000063889	Ensembl.UCSC:49172[1>0]
uc289now.1	Ensembl.UCSC:49175[1]	ENSMUSG00000063889	Ensembl.UCSC:49175[1>0]
uc289nox.1	Ensembl.UCSC:49183[1]	ENSMUSG00000063889	Ensembl.UCSC:49183[1>0]
uc289noy.1	Ensembl.UCSC:49186[1]	ENSMUSG00000063889	Ensembl.UCSC:49186[1>0]
uc289noz.1	Ensembl.UCSC:49197[1]	ENSMUSG00000063889	Ensembl.UCSC:49197[1>0]
uc289npa.1	Ensembl.UCSC:49199[1]	ENSMUSG00000063889	Ensembl.UCSC:49199[1>0]
uc289npb.1	Ensembl.UCSC:49201[1]	ENSMUSG00000063889	Ensembl.UCSC:49201[1>0]
uc289npc.1	Ensembl.UCSC:49205[1]	ENSMUSG00000063889	Ensembl.UCSC:49205[1>0]
uc289npd.1	Ensembl.UCSC:49206[1]	ENSMUSG00000063889	Ensembl.UCSC:49206[1>0]
uc289npe.1	Ensembl.UCSC:49207[1]	ENSMUSG00000063889	Ensembl.UCSC:49207[1>0]
uc289npf.1	Ensembl.UCSC:49204[1]	ENSMUSG00000063889	Ensembl.UCSC:49204[1>0]
uc289npg.1	Ensembl.UCSC:49210[1]	ENSMUSG00000063889	Ensembl.UCSC:49210[1>0]
uc289nph.1	Ensembl.UCSC:49212[1]	ENSMUSG00000063889	Ensembl.UCSC:49212[1>0]
uc289npi.1	Ensembl.UCSC:49211[1]	ENSMUSG00000063889	Ensembl.UCSC:49211[1>0]
uc289npj.1	Ensembl.UCSC:49213[1]	ENSMUSG00000063889	Ensembl.UCSC:49213[1>0]
uc289npk.1	Ensembl.UCSC:49214[1]	ENSMUSG00000063889	Ensembl.UCSC:49214[1>0]
uc289npl.1	Ensembl.UCSC:49220[1]	ENSMUSG00000063889	Ensembl.UCSC:49220[1>0]
uc289npm.1	Ensembl.UCSC:49226[1]	ENSMUSG00000063889	Ensembl.UCSC:49226[1>0]
uc289npn.1	Ensembl.UCSC:49237[1]	ENSMUSG00000063889	Ensembl.UCSC:49237[1>0]
uc289npo.1	Ensembl.UCSC:49241[1]	ENSMUSG00000063889	Ensembl.UCSC:49241[1>0]
uc289npp.1	Ensembl.UCSC:49252[1]	ENSMUSG00000063889	Ensembl.UCSC:49252[1>0]
uc289npq.1	Ensembl.UCSC:49322[1]	ENSMUSG00000063889	Ensembl.UCSC:49322[1>0]
uc289npr.1	Ensembl.UCSC:49336[1]	ENSMUSG00000097746	Ensembl.UCSC:49336[1>0]
uc289nps.1	Ensembl.UCSC:49753[1]	ENSMUSG00000024231	Ensembl.UCSC:49753[1>0]
uc289npt.1	Ensembl.UCSC:49767[1]	ENSMUSG00000024231	Ensembl.UCSC:49767[1>0]
uc289npu.1	Ensembl.UCSC:49785[1]	ENSMUSG00000024231	Ensembl.UCSC:49785[1>0]
uc289npv.1	Ensembl.UCSC:49787[1]	ENSMUSG00000024231	Ensembl.UCSC:49787[1>0]
uc289npw.1	Ensembl.UCSC:49791[1]	ENSMUSG00000024231	Ensembl.UCSC:49791[1>0]
uc289npx.1	Ensembl.UCSC:49795[1]	ENSMUSG00000117370	Ensembl.UCSC:49795[1>0]
uc289npy.1	Ensembl.UCSC:49797[1]	ENSMUSG00000117389	Ensembl.UCSC:49797[1>0]
uc289npz.1	Ensembl.UCSC:49800[1]	ENSMUSG00000096528	Ensembl.UCSC:49800[1>0]
uc289nqa.1	Ensembl.UCSC:49803[1]	ENSMUSG00000117469	Ensembl.UCSC:49803[1>0]
uc289nqb.1	Ensembl.UCSC:49825[1]	ENSMUSG00000117454	Ensembl.UCSC:49825[1>0]
uc289nqc.1	Ensembl.UCSC:49829[1]	ENSMUSG00002075705	Ensembl.UCSC:49829[1>0]
uc289nqd.1	Ensembl.UCSC:49830[1]	ENSMUSG00000117463	Ensembl.UCSC:49830[1>0]
uc289nqe.1	Ensembl.UCSC:49834[1]	ENSMUSG00002075179	Ensembl.UCSC:49834[1>0]
uc289nqf.1	Ensembl.UCSC:49836[1]	ENSMUSG00000117395	Ensembl.UCSC:49836[1>0]
uc289nqg.1	Ensembl.UCSC:49839[1]	ENSMUSG00000117565	Ensembl.UCSC:49839[1>0]
uc289nqh.1	Ensembl.UCSC:49855[1]	ENSMUSG00000024233	Ensembl.UCSC:49855[1>0]
uc289nqi.1	Ensembl.UCSC:49856[1]	ENSMUSG00000073647	Ensembl.UCSC:49856[1>0]
uc289nqj.1	Ensembl.UCSC:55506[1]	ENSMUSG00000117482	Ensembl.UCSC:55506[1>0]
uc289nqk.1	Ensembl.UCSC:56018[1]	ENSMUSG00000024235	Ensembl.UCSC:56018[1>0]
uc289nql.1	Ensembl.UCSC:56020[1]	ENSMUSG00000024235	Ensembl.UCSC:56020[1>0]
uc289nqm.1	Ensembl.UCSC:56024[1]	ENSMUSG00000024235	Ensembl.UCSC:56024[1>0]
uc289nqn.1	Ensembl.UCSC:55522[1]	ENSMUSG00000117594	Ensembl.UCSC:55522[1>0]
uc289nqo.1	Ensembl.UCSC:55519[1]	ENSMUSG00000117401	Ensembl.UCSC:55519[1>0]
uc289nqp.1	Ensembl.UCSC:55524[1]	ENSMUSG00000097641	Ensembl.UCSC:55524[1>0]
uc289nqq.1	Ensembl.UCSC:55553[1]	ENSMUSG00000024234	Ensembl.UCSC:55553[1>0]
uc289nqr.1	Ensembl.UCSC:55579[1]	ENSMUSG00000024234	Ensembl.UCSC:55579[1>0]
uc289nqs.1	Ensembl.UCSC:55582[1]	ENSMUSG00000024234	Ensembl.UCSC:55582[1>0]
uc289nqt.1	Ensembl.UCSC:55584[1]	ENSMUSG00000024234	Ensembl.UCSC:55584[1>0]
uc289nqu.1	Ensembl.UCSC:55586[1]	ENSMUSG00000024234	Ensembl.UCSC:55586[1>0]
uc289nqv.1	Ensembl.UCSC:55590[1]	ENSMUSG00000117579	Ensembl.UCSC:55590[1>0]
uc289nqw.1	Ensembl.UCSC:49858[1]	ENSMUSG00000117640	Ensembl.UCSC:49858[1>0]
uc289nqx.1	Ensembl.UCSC:49859[1]	ENSMUSG00000117521	Ensembl.UCSC:49859[1>0]
uc289nqy.1	Ensembl.UCSC:49863[1]	ENSMUSG00000033960	Ensembl.UCSC:49863[1>0]
uc289nqz.1	Ensembl.UCSC:49883[1]	ENSMUSG00000117585	Ensembl.UCSC:49883[1>0]
uc289nra.1	Ensembl.UCSC:50889[1]	ENSMUSG00000024236	Ensembl.UCSC:50889[1>0]
uc289nrb.1	Ensembl.UCSC:50894[1]	ENSMUSG00000024236	Ensembl.UCSC:50894[1>0]
uc289nrc.1	Ensembl.UCSC:50906[1]	ENSMUSG00000024236	Ensembl.UCSC:50906[1>0]
uc289nrd.1	Ensembl.UCSC:50910[1]	ENSMUSG00000024236	Ensembl.UCSC:50910[1>0]
uc289nre.1	Ensembl.UCSC:50923[1]	ENSMUSG00000024236	Ensembl.UCSC:50923[1>0]
uc289nrf.1	Ensembl.UCSC:50933[1]	ENSMUSG00000024236	Ensembl.UCSC:50933[1>0]
uc289nrg.1	Ensembl.UCSC:50940[1]	ENSMUSG00000024236	Ensembl.UCSC:50940[1>0]
uc289nrh.1	Ensembl.UCSC:50943[1]	ENSMUSG00000024236	Ensembl.UCSC:50943[1>0]
uc289nri.1	Ensembl.UCSC:50945[1]	ENSMUSG00000024236	Ensembl.UCSC:50945[1>0]
uc289nrj.1	Ensembl.UCSC:50947[1]	ENSMUSG00000024236	Ensembl.UCSC:50947[1>0]
uc289nrk.1	Ensembl.UCSC:50949[1]	ENSMUSG00000024236	Ensembl.UCSC:50949[1>0]
uc289nrl.1	Ensembl.UCSC:50967[1]	ENSMUSG00000097888	Ensembl.UCSC:50967[1>0]
uc289nrm.1	Ensembl.UCSC:51001[1]	ENSMUSG00000050945	Ensembl.UCSC:51001[1>0]
uc289nrn.1	Ensembl.UCSC:51002[1]	ENSMUSG00000050945	Ensembl.UCSC:51002[1>0]
uc289nro.1	Ensembl.UCSC:51005[1]	ENSMUSG00000117520	Ensembl.UCSC:51005[1>0]
uc289nrp.1	Ensembl.UCSC:51007[1]	ENSMUSG00000117617	Ensembl.UCSC:51007[1>0]
uc289nrq.1	Ensembl.UCSC:36875[1]	ENSMUSG00000063087	Ensembl.UCSC:36875[1>0]
uc289nrr.1	Ensembl.UCSC:36890[1]	ENSMUSG00000063087	Ensembl.UCSC:36890[1>0]
uc289nrs.1	Ensembl.UCSC:36877[1]	ENSMUSG00000063087	Ensembl.UCSC:36877[1>0]
uc289nrt.1	Ensembl.UCSC:36884[1]	ENSMUSG00000063087	Ensembl.UCSC:36884[1>0]
uc289nru.1	Ensembl.UCSC:51009[1]	ENSMUSG00000097926	Ensembl.UCSC:51009[1>0]
uc289nrv.1	Ensembl.UCSC:36885[1]	ENSMUSG00000063087	Ensembl.UCSC:36885[1>0]
uc289nrw.1	Ensembl.UCSC:36887[1]	ENSMUSG00000063087	Ensembl.UCSC:36887[1>0]
uc289nrx.1	Ensembl.UCSC:51015[1]	ENSMUSG00000103138	Ensembl.UCSC:51015[1>0]
uc289nry.1	Ensembl.UCSC:51024[1]	ENSMUSG00000024238	Ensembl.UCSC:51024[1>0]
uc289nrz.1	Ensembl.UCSC:51062[1]	ENSMUSG00000024238	Ensembl.UCSC:51062[1>0]
uc289nsa.1	Ensembl.UCSC:51064[1]	ENSMUSG00000024238	Ensembl.UCSC:51064[1>0]
uc289nsb.1	Ensembl.UCSC:51067[1]	ENSMUSG00000024238	Ensembl.UCSC:51067[1>0]
uc289nsc.1	Ensembl.UCSC:51071[1]	ENSMUSG00000024238	Ensembl.UCSC:51071[1>0]
uc289nsd.1	Ensembl.UCSC:51074[1]	ENSMUSG00000024238	Ensembl.UCSC:51074[1>0]
uc289nse.1	Ensembl.UCSC:51076[1]	ENSMUSG00000024238	Ensembl.UCSC:51076[1>0]
uc289nsf.1	Ensembl.UCSC:51077[1]	ENSMUSG00000024238	Ensembl.UCSC:51077[1>0]
uc289nsg.1	Ensembl.UCSC:51079[1]	ENSMUSG00000024238	Ensembl.UCSC:51079[1>0]
uc289nsh.1	Ensembl.UCSC:51084[1]	ENSMUSG00000090078	Ensembl.UCSC:51084[1>0]
uc289nsi.1	Ensembl.UCSC:51085[1]	ENSMUSG00002076906	Ensembl.UCSC:51085[1>0]
uc289nsj.1	Ensembl.UCSC:51082[1]	ENSMUSG00000024238	Ensembl.UCSC:51082[1>0]
uc289nsk.1	Ensembl.UCSC:51086[1]	ENSMUSG00000117508	Ensembl.UCSC:51086[1>0]
uc289nsl.1	Ensembl.UCSC:51087[1]	ENSMUSG00000117548	Ensembl.UCSC:51087[1>0]
uc289nsm.1	Ensembl.UCSC:37342[1]	ENSMUSG00000041225	Ensembl.UCSC:37342[1>0]
uc289nsn.1	Ensembl.UCSC:37437[1]	ENSMUSG00000041225	Ensembl.UCSC:37437[1>0]
uc289nso.1	Ensembl.UCSC:37455[1]	ENSMUSG00000041225	Ensembl.UCSC:37455[1>0]
uc289nsp.1	Ensembl.UCSC:37459[1]	ENSMUSG00000041225	Ensembl.UCSC:37459[1>0]
uc289nsq.1	Ensembl.UCSC:37469[1]	ENSMUSG00000041225	Ensembl.UCSC:37469[1>0]
uc289nsr.1	Ensembl.UCSC:37496[1]	ENSMUSG00000041225	Ensembl.UCSC:37496[1>0]
uc289nss.1	Ensembl.UCSC:37499[1]	ENSMUSG00000041225	Ensembl.UCSC:37499[1>0]
uc289nst.1	Ensembl.UCSC:37504[1]	ENSMUSG00000041225	Ensembl.UCSC:37504[1>0]
uc289nsu.1	Ensembl.UCSC:37512[1]	ENSMUSG00000041225	Ensembl.UCSC:37512[1>0]
uc289nsv.1	Ensembl.UCSC:37517[1]	ENSMUSG00000041225	Ensembl.UCSC:37517[1>0]
uc289nsw.1	Ensembl.UCSC:37523[1]	ENSMUSG00000041225	Ensembl.UCSC:37523[1>0]
uc289nsx.1	Ensembl.UCSC:37528[1]	ENSMUSG00000041225	Ensembl.UCSC:37528[1>0]
uc289nsy.1	Ensembl.UCSC:37535[1]	ENSMUSG00000041225	Ensembl.UCSC:37535[1>0]
uc289nsz.1	Ensembl.UCSC:51286[1]	ENSMUSG00000006740	Ensembl.UCSC:51286[1>0]
uc289nta.1	Ensembl.UCSC:51291[1]	ENSMUSG00000006740	Ensembl.UCSC:51291[1>0]
uc289ntb.1	Ensembl.UCSC:51306[1]	ENSMUSG00000091165	Ensembl.UCSC:51306[1>0]
uc289ntc.1	Ensembl.UCSC:51294[1]	ENSMUSG00000006740	Ensembl.UCSC:51294[1>0]
uc289ntd.1	Ensembl.UCSC:51297[1]	ENSMUSG00000006740	Ensembl.UCSC:51297[1>0]
uc289nte.1	Ensembl.UCSC:51298[1]	ENSMUSG00000006740	Ensembl.UCSC:51298[1>0]
uc289ntf.1	Ensembl.UCSC:51301[1]	ENSMUSG00000006740	Ensembl.UCSC:51301[1>0]
uc289ntg.1	Ensembl.UCSC:51310[1]	ENSMUSG00000073640	Ensembl.UCSC:51310[1>0]
uc289nth.1	Ensembl.UCSC:51313[1]	ENSMUSG00000117387	Ensembl.UCSC:51313[1>0]
uc289nti.1	Ensembl.UCSC:51316[1]	ENSMUSG00000095614	Ensembl.UCSC:51316[1>0]
uc289ntj.1	Ensembl.UCSC:51520[1]	ENSMUSG00000024240	Ensembl.UCSC:51520[1>0]
uc289ntk.1	Ensembl.UCSC:51526[1]	ENSMUSG00000101320	Ensembl.UCSC:51526[1>0]
uc289ntl.1	Ensembl.UCSC:51529[1]	ENSMUSG00000101320	Ensembl.UCSC:51529[1>0]
uc289ntm.1	Ensembl.UCSC:51533[1]	ENSMUSG00000117425	Ensembl.UCSC:51533[1>0]
uc289ntn.1	Ensembl.UCSC:51554[1]	ENSMUSG00000039540	Ensembl.UCSC:51554[1>0]
uc289nto.1	Ensembl.UCSC:51589[1]	ENSMUSG00000117620	Ensembl.UCSC:51589[1>0]
uc289ntp.1	Ensembl.UCSC:51599[1]	ENSMUSG00000073639	Ensembl.UCSC:51599[1>0]
uc289ntq.1	Ensembl.UCSC:51695[1]	ENSMUSG00000117359	Ensembl.UCSC:51695[1>0]
uc289ntr.1	Ensembl.UCSC:51681[1]	ENSMUSG00000073639	Ensembl.UCSC:51681[1>0]
uc289nts.1	Ensembl.UCSC:51690[1]	ENSMUSG00000073639	Ensembl.UCSC:51690[1>0]
uc289ntt.1	Ensembl.UCSC:51698[1]	ENSMUSG00000117461	Ensembl.UCSC:51698[1>0]
uc289ntu.1	Ensembl.UCSC:51701[1]	ENSMUSG00000117461	Ensembl.UCSC:51701[1>0]
uc289ntv.1	Ensembl.UCSC:51709[1]	ENSMUSG00000117652	Ensembl.UCSC:51709[1>0]
uc289ntw.1	Ensembl.UCSC:51758[1]	ENSMUSG00000061013	Ensembl.UCSC:51758[1>0]
uc289ntx.1	Ensembl.UCSC:51760[1]	ENSMUSG00000061013	Ensembl.UCSC:51760[1>0]
uc289nty.1	Ensembl.UCSC:51764[1]	ENSMUSG00000061013	Ensembl.UCSC:51764[1>0]
uc289ntz.1	Ensembl.UCSC:51766[1]	ENSMUSG00000117356	Ensembl.UCSC:51766[1>0]
uc289nua.1	Ensembl.UCSC:51767[1]	ENSMUSG00000117381	Ensembl.UCSC:51767[1>0]
uc289nub.1	Ensembl.UCSC:51887[1]	ENSMUSG00000117360	Ensembl.UCSC:51887[1>0]
uc289nuc.1	Ensembl.UCSC:51870[1]	ENSMUSG00000061802	Ensembl.UCSC:51870[1>0]
uc289nud.1	Ensembl.UCSC:51889[1]	ENSMUSG00000117383	Ensembl.UCSC:51889[1>0]
uc289nue.1	Ensembl.UCSC:51872[1]	ENSMUSG00000061802	Ensembl.UCSC:51872[1>0]
uc289nuf.1	Ensembl.UCSC:51879[1]	ENSMUSG00000061802	Ensembl.UCSC:51879[1>0]
uc289nug.1	Ensembl.UCSC:51881[1]	ENSMUSG00000061802	Ensembl.UCSC:51881[1>0]
uc289nuh.1	Ensembl.UCSC:52207[1]	ENSMUSG00000057440	Ensembl.UCSC:52207[1>0]
uc289nui.1	Ensembl.UCSC:52216[1]	ENSMUSG00000057440	Ensembl.UCSC:52216[1>0]
uc289nuj.1	Ensembl.UCSC:52247[1]	ENSMUSG00000057440	Ensembl.UCSC:52247[1>0]
uc289nuk.1	Ensembl.UCSC:52252[1]	ENSMUSG00000057440	Ensembl.UCSC:52252[1>0]
uc289nul.1	Ensembl.UCSC:52254[1]	ENSMUSG00000057440	Ensembl.UCSC:52254[1>0]
uc289num.1	Ensembl.UCSC:52257[1]	ENSMUSG00000057440	Ensembl.UCSC:52257[1>0]
uc289nun.1	Ensembl.UCSC:52264[1]	ENSMUSG00000057440	Ensembl.UCSC:52264[1>0]
uc289nuo.1	Ensembl.UCSC:52270[1]	ENSMUSG00000117556	Ensembl.UCSC:52270[1>0]
uc289nup.1	Ensembl.UCSC:52265[1]	ENSMUSG00000057440	Ensembl.UCSC:52265[1>0]
uc289nuq.1	Ensembl.UCSC:52271[1]	ENSMUSG00000094334	Ensembl.UCSC:52271[1>0]
uc289nur.1	Ensembl.UCSC:52267[1]	ENSMUSG00000057440	Ensembl.UCSC:52267[1>0]
uc289nus.1	Ensembl.UCSC:52274[1]	ENSMUSG00000117542	Ensembl.UCSC:52274[1>0]
uc289nut.1	Ensembl.UCSC:52275[1]	ENSMUSG00000064822	Ensembl.UCSC:52275[1>0]
uc289nuu.1	Ensembl.UCSC:52276[1]	ENSMUSG00000117462	Ensembl.UCSC:52276[1>0]
uc289nuv.1	Ensembl.UCSC:52279[1]	ENSMUSG00000117505	Ensembl.UCSC:52279[1>0]
uc289nuw.1	Ensembl.UCSC:52847[1]	ENSMUSG00000024283	Ensembl.UCSC:52847[1>0]
uc289nux.1	Ensembl.UCSC:52909[1]	ENSMUSG00000024283	Ensembl.UCSC:52909[1>0]
uc289nuy.1	Ensembl.UCSC:52912[1]	ENSMUSG00000024283	Ensembl.UCSC:52912[1>0]
uc289nuz.1	Ensembl.UCSC:52974[1]	ENSMUSG00000024283	Ensembl.UCSC:52974[1>0]
uc289nva.1	Ensembl.UCSC:52986[1]	ENSMUSG00000024283	Ensembl.UCSC:52986[1>0]
uc289nvb.1	Ensembl.UCSC:52994[1]	ENSMUSG00000024283	Ensembl.UCSC:52994[1>0]
uc289nvc.1	Ensembl.UCSC:52997[1]	ENSMUSG00000024283	Ensembl.UCSC:52997[1>0]
uc289nvd.1	Ensembl.UCSC:52999[1]	ENSMUSG00000024283	Ensembl.UCSC:52999[1>0]
uc289nve.1	Ensembl.UCSC:53002[1]	ENSMUSG00000024283	Ensembl.UCSC:53002[1>0]
uc289nvf.1	Ensembl.UCSC:53003[1]	ENSMUSG00000024283	Ensembl.UCSC:53003[1>0]
uc289nvg.1	Ensembl.UCSC:53004[1]	ENSMUSG00000024283	Ensembl.UCSC:53004[1>0]
uc289nvh.1	Ensembl.UCSC:53005[1]	ENSMUSG00000024283	Ensembl.UCSC:53005[1>0]
uc289nvi.1	Ensembl.UCSC:53006[1]	ENSMUSG00000091019	Ensembl.UCSC:53006[1>0]
uc289nvj.1	Ensembl.UCSC:53008[1]	ENSMUSG00000117428	Ensembl.UCSC:53008[1>0]
uc289nvk.1	Ensembl.UCSC:53015[1]	ENSMUSG00000117490	Ensembl.UCSC:53015[1>0]
uc289nvl.1	Ensembl.UCSC:53016[1]	ENSMUSG00000117490	Ensembl.UCSC:53016[1>0]
uc289nvm.1	Ensembl.UCSC:53019[1]	ENSMUSG00000117385	Ensembl.UCSC:53019[1>0]
uc289nvn.1	Ensembl.UCSC:53021[1]	ENSMUSG00000117484	Ensembl.UCSC:53021[1>0]
uc289nvo.1	Ensembl.UCSC:53023[1]	ENSMUSG00000117424	Ensembl.UCSC:53023[1>0]
uc289nvp.1	Ensembl.UCSC:53026[1]	ENSMUSG00000092097	Ensembl.UCSC:53026[1>0]
uc289nvq.1	Ensembl.UCSC:53029[1]	ENSMUSG00002076391	Ensembl.UCSC:53029[1>0]
uc289nvr.1	Ensembl.UCSC:53030[1]	ENSMUSG00000103172	Ensembl.UCSC:53030[1>0]
uc289nvs.1	Ensembl.UCSC:53032[1]	ENSMUSG00000117549	Ensembl.UCSC:53032[1>0]
uc289nvt.1	Ensembl.UCSC:53034[1]	ENSMUSG00000117483	Ensembl.UCSC:53034[1>0]
uc289nvu.1	Ensembl.UCSC:53049[1]	ENSMUSG00000117644	Ensembl.UCSC:53049[1>0]
uc289nvv.1	Ensembl.UCSC:53173[1]	ENSMUSG00000024286	Ensembl.UCSC:53173[1>0]
uc289nvw.1	Ensembl.UCSC:53176[1]	ENSMUSG00000024286	Ensembl.UCSC:53176[1>0]
uc289nvx.1	Ensembl.UCSC:53183[1]	ENSMUSG00000024286	Ensembl.UCSC:53183[1>0]
uc289nvy.1	Ensembl.UCSC:53186[1]	ENSMUSG00000117448	Ensembl.UCSC:53186[1>0]
uc289nvz.1	Ensembl.UCSC:53189[1]	ENSMUSG00000117503	Ensembl.UCSC:53189[1>0]
uc289nwa.1	Ensembl.UCSC:53191[1]	ENSMUSG00000117435	Ensembl.UCSC:53191[1>0]
uc289nwb.1	Ensembl.UCSC:53196[1]	ENSMUSG00000117349	Ensembl.UCSC:53196[1>0]
uc289nwc.1	Ensembl.UCSC:53202[1]	ENSMUSG00000117641	Ensembl.UCSC:53202[1>0]
uc289nwd.1	Ensembl.UCSC:53207[1]	ENSMUSG00002076359	Ensembl.UCSC:53207[1>0]
uc289nwe.1	Ensembl.UCSC:53215[1]	ENSMUSG00000050996	Ensembl.UCSC:53215[1>0]
uc289nwf.1	Ensembl.UCSC:53229[1]	ENSMUSG00000117402	Ensembl.UCSC:53229[1>0]
uc289nwg.1	Ensembl.UCSC:53273[1]	ENSMUSG00000036103	Ensembl.UCSC:53273[1>0]
uc289nwh.1	Ensembl.UCSC:53275[1]	ENSMUSG00000036103	Ensembl.UCSC:53275[1>0]
uc289nwi.1	Ensembl.UCSC:53279[1]	ENSMUSG00000117390	Ensembl.UCSC:53279[1>0]
uc289nwj.1	Ensembl.UCSC:53281[1]	ENSMUSG00000117597	Ensembl.UCSC:53281[1>0]
uc289nwk.1	Ensembl.UCSC:53283[1]	ENSMUSG00000091285	Ensembl.UCSC:53283[1>0]
uc289nwl.1	Ensembl.UCSC:53284[1]	ENSMUSG00000098235	Ensembl.UCSC:53284[1>0]
uc289nwm.1	Ensembl.UCSC:53286[1]	ENSMUSG00000089054	Ensembl.UCSC:53286[1>0]
uc289nwn.1	Ensembl.UCSC:53288[1]	ENSMUSG00000117619	Ensembl.UCSC:53288[1>0]
uc289nwo.1	Ensembl.UCSC:53290[1]	ENSMUSG00002076222	Ensembl.UCSC:53290[1>0]
uc289nwp.1	Ensembl.UCSC:53278[1]	ENSMUSG00000036103	Ensembl.UCSC:53278[1>0]
uc289nwq.1	Ensembl.UCSC:53291[1]	ENSMUSG00000117453	Ensembl.UCSC:53291[1>0]
uc289nwr.1	Ensembl.UCSC:53295[1]	ENSMUSG00000092039	Ensembl.UCSC:53295[1>0]
uc289nws.1	Ensembl.UCSC:53455[1]	ENSMUSG00000024287	Ensembl.UCSC:53455[1>0]
uc289nwt.1	Ensembl.UCSC:53466[1]	ENSMUSG00000024287	Ensembl.UCSC:53466[1>0]
uc289nwu.1	Ensembl.UCSC:53470[1]	ENSMUSG00000024287	Ensembl.UCSC:53470[1>0]
uc289nwv.1	Ensembl.UCSC:53473[1]	ENSMUSG00000024287	Ensembl.UCSC:53473[1>0]
uc289nww.1	Ensembl.UCSC:53491[1]	ENSMUSG00000024287	Ensembl.UCSC:53491[1>0]
uc289nwx.1	Ensembl.UCSC:53512[1]	ENSMUSG00000024287	Ensembl.UCSC:53512[1>0]
uc289nwy.1	Ensembl.UCSC:53514[1]	ENSMUSG00000024287	Ensembl.UCSC:53514[1>0]
uc289nwz.1	Ensembl.UCSC:53517[1]	ENSMUSG00000024287	Ensembl.UCSC:53517[1>0]
uc289nxa.1	Ensembl.UCSC:53521[1]	ENSMUSG00000024287	Ensembl.UCSC:53521[1>0]
uc289nxb.1	Ensembl.UCSC:53523[1]	ENSMUSG00000024287	Ensembl.UCSC:53523[1>0]
uc289nxc.1	Ensembl.UCSC:53524[1]	ENSMUSG00000024287	Ensembl.UCSC:53524[1>0]
uc289nxd.1	Ensembl.UCSC:53525[1]	ENSMUSG00000024287	Ensembl.UCSC:53525[1>0]
uc289nxe.1	Ensembl.UCSC:68670[1]	ENSMUSG00000047879	Ensembl.UCSC:68670[1>0]
uc289nxf.1	Ensembl.UCSC:68675[1]	ENSMUSG00000047879	Ensembl.UCSC:68675[1>0]
uc289nxg.1	Ensembl.UCSC:68699[1]	ENSMUSG00000047879	Ensembl.UCSC:68699[1>0]
uc289nxh.1	Ensembl.UCSC:68702[1]	ENSMUSG00000047879	Ensembl.UCSC:68702[1>0]
uc289nxi.1	Ensembl.UCSC:68707[1]	ENSMUSG00000047879	Ensembl.UCSC:68707[1>0]
uc289nxj.1	Ensembl.UCSC:68710[1]	ENSMUSG00000047879	Ensembl.UCSC:68710[1>0]
uc289nxk.1	Ensembl.UCSC:68712[1]	ENSMUSG00000047879	Ensembl.UCSC:68712[1>0]
uc289nxl.1	Ensembl.UCSC:68718[1]	ENSMUSG00000047879	Ensembl.UCSC:68718[1>0]
uc289nxm.1	Ensembl.UCSC:69126[1]	ENSMUSG00000024290	Ensembl.UCSC:69126[1>0]
uc289nxn.1	Ensembl.UCSC:69132[1]	ENSMUSG00000024290	Ensembl.UCSC:69132[1>0]
uc289nxo.1	Ensembl.UCSC:69134[1]	ENSMUSG00000024290	Ensembl.UCSC:69134[1>0]
uc289nxp.1	Ensembl.UCSC:69135[1]	ENSMUSG00000024290	Ensembl.UCSC:69135[1>0]
uc289nxq.1	Ensembl.UCSC:69136[1]	ENSMUSG00000024290	Ensembl.UCSC:69136[1>0]
uc289nxr.1	Ensembl.UCSC:69140[1]	ENSMUSG00000024290	Ensembl.UCSC:69140[1>0]
uc289nxs.1	Ensembl.UCSC:69146[1]	ENSMUSG00000024290	Ensembl.UCSC:69146[1>0]
uc289nxu.1	Ensembl.UCSC:69148[1]	ENSMUSG00000095616	Ensembl.UCSC:69148[1>0]
uc289nxv.1	Ensembl.UCSC:69151[1]	ENSMUSG00000117510	Ensembl.UCSC:69151[1>0]
uc289nxw.1	Ensembl.UCSC:69152[1]	ENSMUSG00000117512	Ensembl.UCSC:69152[1>0]
uc289nxx.1	Ensembl.UCSC:68396[1]	ENSMUSG00000121766	Ensembl.UCSC:68396[1>0]
uc289nxy.1	Ensembl.UCSC:69153[1]	ENSMUSG00000117492	Ensembl.UCSC:69153[1>0]
uc289nxz.1	Ensembl.UCSC:69154[1]	ENSMUSG00000117552	Ensembl.UCSC:69154[1>0]
uc289nya.1	Ensembl.UCSC:69155[1]	ENSMUSG00000117363	Ensembl.UCSC:69155[1>0]
uc289nyb.1	Ensembl.UCSC:69157[1]	ENSMUSG00002076537	Ensembl.UCSC:69157[1>0]
uc289nyc.1	Ensembl.UCSC:53692[1]	ENSMUSG00000042942	Ensembl.UCSC:53692[1>0]
uc289nyd.1	Ensembl.UCSC:53697[1]	ENSMUSG00000042942	Ensembl.UCSC:53697[1>0]
uc289nye.1	Ensembl.UCSC:62660[1]	ENSMUSG00000094111	Ensembl.UCSC:62660[1>0]
uc289nyf.1	Ensembl.UCSC:53703[1]	ENSMUSG00000042942	Ensembl.UCSC:53703[1>0]
uc289nyg.1	Ensembl.UCSC:53710[1]	ENSMUSG00000042942	Ensembl.UCSC:53710[1>0]
uc289nyh.1	Ensembl.UCSC:62664[1]	ENSMUSG00002075008	Ensembl.UCSC:62664[1>0]
uc289nyi.1	Ensembl.UCSC:53716[1]	ENSMUSG00000042942	Ensembl.UCSC:53716[1>0]
uc289nyj.1	Ensembl.UCSC:62961[1]	ENSMUSG00000024293	Ensembl.UCSC:62961[1>0]
uc289nyk.1	Ensembl.UCSC:62989[1]	ENSMUSG00000024293	Ensembl.UCSC:62989[1>0]
uc289nyl.1	Ensembl.UCSC:62992[1]	ENSMUSG00000024293	Ensembl.UCSC:62992[1>0]
uc289nym.1	Ensembl.UCSC:62993[1]	ENSMUSG00000024293	Ensembl.UCSC:62993[1>0]
uc289nyn.1	Ensembl.UCSC:62995[1]	ENSMUSG00000024293	Ensembl.UCSC:62995[1>0]
uc289nyo.1	Ensembl.UCSC:63023[1]	ENSMUSG00000002477	Ensembl.UCSC:63023[1>0]
uc289nyp.1	Ensembl.UCSC:63025[1]	ENSMUSG00000002477	Ensembl.UCSC:63025[1>0]
uc289nyq.1	Ensembl.UCSC:63027[1]	ENSMUSG00000002477	Ensembl.UCSC:63027[1>0]
uc289nyr.1	Ensembl.UCSC:63029[1]	ENSMUSG00000002477	Ensembl.UCSC:63029[1>0]
uc289nys.1	Ensembl.UCSC:63133[1]	ENSMUSG00000002475	Ensembl.UCSC:63133[1>0]
uc289nyt.1	Ensembl.UCSC:63141[1]	ENSMUSG00000002475	Ensembl.UCSC:63141[1>0]
uc289nyu.1	Ensembl.UCSC:63144[1]	ENSMUSG00000002475	Ensembl.UCSC:63144[1>0]
uc289nyv.1	Ensembl.UCSC:63149[1]	ENSMUSG00000002475	Ensembl.UCSC:63149[1>0]
uc289nyx.1	Ensembl.UCSC:63309[1]	ENSMUSG00000024294	Ensembl.UCSC:63309[1>0]
uc289nyy.1	Ensembl.UCSC:63310[1]	ENSMUSG00000024294	Ensembl.UCSC:63310[1>0]
uc289nyz.1	Ensembl.UCSC:63326[1]	ENSMUSG00000087816	Ensembl.UCSC:63326[1>0]
uc289nza.1	Ensembl.UCSC:63315[1]	ENSMUSG00000024294	Ensembl.UCSC:63315[1>0]
uc289nzb.1	Ensembl.UCSC:63334[1]	ENSMUSG00000095438	Ensembl.UCSC:63334[1>0]
uc289nzc.1	Ensembl.UCSC:63322[1]	ENSMUSG00000024294	Ensembl.UCSC:63322[1>0]
uc289nzd.1	Ensembl.UCSC:63340[1]	ENSMUSG00000117593	Ensembl.UCSC:63340[1>0]
uc289nze.1	Ensembl.UCSC:63344[1]	ENSMUSG00000117563	Ensembl.UCSC:63344[1>0]
uc289nzf.1	Ensembl.UCSC:63348[1]	ENSMUSG00000097222	Ensembl.UCSC:63348[1>0]
uc289nzg.1	Ensembl.UCSC:63367[1]	ENSMUSG00000097222	Ensembl.UCSC:63367[1>0]
uc289nzh.1	Ensembl.UCSC:63391[1]	ENSMUSG00000005836	Ensembl.UCSC:63391[1>0]
uc289nzi.1	Ensembl.UCSC:63427[1]	ENSMUSG00000005836	Ensembl.UCSC:63427[1>0]
uc289nzj.1	Ensembl.UCSC:63429[1]	ENSMUSG00000005836	Ensembl.UCSC:63429[1>0]
uc289nzk.1	Ensembl.UCSC:63432[1]	ENSMUSG00000005836	Ensembl.UCSC:63432[1>0]
uc289osz.1	Ensembl.UCSC:73051[1]	ENSMUSG00000019143	Ensembl.UCSC:73051[1>0]
uc289qqt.1	Ensembl.UCSC:30928[1]	ENSMUSG00000117937	Ensembl.UCSC:30928[1>0]
uc289qtj.1	Ensembl.UCSC:73192[1]	ENSMUSG00000071662	Ensembl.UCSC:73192[1>0]
uc289rgp.1	Ensembl.UCSC:46066[1]	ENSMUSG00000050865	Ensembl.UCSC:46066[1>0]
uc289sao.1	Ensembl.UCSC:73137[1]	ENSMUSG00000018820	Ensembl.UCSC:73137[1>0]
uc289sco.1	Ensembl.UCSC:37991[1]	ENSMUSG00000025199	Ensembl.UCSC:37991[1>0]
uc289syt.1	Ensembl.UCSC:38662[1]	ENSMUSG00002076560	Ensembl.UCSC:38662[1>0]
uc289syu.1	Ensembl.UCSC:38665[1]	ENSMUSG00002076585	Ensembl.UCSC:38665[1>0]
uc289szd.1	Ensembl.UCSC:39003[1]	ENSMUSG00000077113	Ensembl.UCSC:39003[1>0]
uc289sze.1	Ensembl.UCSC:39005[1]	ENSMUSG00002075178	Ensembl.UCSC:39005[1>0]
uc289tdb.1	Ensembl.UCSC:47202[1]	ENSMUSG00000026767	Ensembl.UCSC:47202[1>0]
uc289tdp.1	Ensembl.UCSC:47309[1]	ENSMUSG00000104459	Ensembl.UCSC:47309[1>0]
uc289tuu.1	Ensembl.UCSC:117172[1]	ENSMUSG00000026958	Ensembl.UCSC:117172[1>0]
uc289ucy.1	Ensembl.UCSC:130471[1]	ENSMUSG00000026923	Ensembl.UCSC:130471[1>0]
uc289vjh.1	Ensembl.UCSC:147861[1]	ENSMUSG00000035949	Ensembl.UCSC:147861[1>0]
uc289vsr.1	Ensembl.UCSC:134216[1]	ENSMUSG00000098383	Ensembl.UCSC:134216[1>0]
uc289wil.1	Ensembl.UCSC:138503[1]	ENSMUSG00000087283	Ensembl.UCSC:138503[1>0]
uc289xor.1	Ensembl.UCSC:142719[1]	ENSMUSG00000075215	Ensembl.UCSC:142719[1>0]
uc289xrj.1	Ensembl.UCSC:141372[1]	ENSMUSG00000110878	Ensembl.UCSC:141372[1>0]
uc290dug.1	Ensembl.UCSC:100466[1]	ENSMUSG00000088094	Ensembl.UCSC:100466[1>0]
uc290eqf.1	Ensembl.UCSC:16451[1]	ENSMUSG00000098808	Ensembl.UCSC:16451[1>0]
uc290eth.1	Ensembl.UCSC:26516[1]	ENSMUSG00000027722	Ensembl.UCSC:26516[1>0]
uc290ewl.1	Ensembl.UCSC:30481[1]	ENSMUSG00000025762	Ensembl.UCSC:30481[1>0]
uc290fbo.1	Ensembl.UCSC:116656[1]	ENSMUSG00000103652	Ensembl.UCSC:116656[1>0]
uc290fcz.1	Ensembl.UCSC:100407[1]	ENSMUSG00000104075	Ensembl.UCSC:100407[1>0]
uc290fzf.1	Ensembl.UCSC:96961[1]	ENSMUSG00000088638	Ensembl.UCSC:96961[1>0]
uc290glk.1	Ensembl.UCSC:42104[1]	ENSMUSG00000097428	Ensembl.UCSC:42104[1>0]
uc290gsi.1	Ensembl.UCSC:109431[1]	ENSMUSG00000086718	Ensembl.UCSC:109431[1>0]
uc290htv.1	Ensembl.UCSC:104267[1]	ENSMUSG00000118876	Ensembl.UCSC:104267[1>0]
uc290huh.1	Ensembl.UCSC:104328[1]	ENSMUSG00000074398	Ensembl.UCSC:104328[1>0]
uc290iaw.1	Ensembl.UCSC:46971[1]	ENSMUSG00000106184	Ensembl.UCSC:46971[1>0]
uc290igh.1	Ensembl.UCSC:111049[1]	ENSMUSG00000081910	Ensembl.UCSC:111049[1>0]
uc290ipm.1	Ensembl.UCSC:86200[1]	ENSMUSG00000049231	Ensembl.UCSC:86200[1>0]
uc290irz.1	Ensembl.UCSC:95949[1]	ENSMUSG00000068744	Ensembl.UCSC:95949[1>0]
uc290jle.1	Ensembl.UCSC:30354[1]	ENSMUSG00000053819	Ensembl.UCSC:30354[1>0]
uc290kau.1	Ensembl.UCSC:55975[1]	ENSMUSG00000055301	Ensembl.UCSC:55975[1>0]
uc290kxz.1	Ensembl.UCSC:94763[1]	ENSMUSG00002075084	Ensembl.UCSC:94763[1>0]
uc290kya.1	Ensembl.UCSC:94795[1]	ENSMUSG00000081279	Ensembl.UCSC:94795[1>0]
uc290kyb.1	Ensembl.UCSC:94797[1]	ENSMUSG00000083742	Ensembl.UCSC:94797[1>0]
uc290kyc.1	Ensembl.UCSC:94804[1]	ENSMUSG00000115072	Ensembl.UCSC:94804[1>0]
uc290kyd.1	Ensembl.UCSC:94818[1]	ENSMUSG00000085180	Ensembl.UCSC:94818[1>0]
uc290kye.1	Ensembl.UCSC:94824[1]	ENSMUSG00000085180	Ensembl.UCSC:94824[1>0]
uc290kyf.1	Ensembl.UCSC:94830[1]	ENSMUSG00000085180	Ensembl.UCSC:94830[1>0]
uc290kyg.1	Ensembl.UCSC:94832[1]	ENSMUSG00000081165	Ensembl.UCSC:94832[1>0]
uc290kyh.1	Ensembl.UCSC:94834[1]	ENSMUSG00000083632	Ensembl.UCSC:94834[1>0]
uc290kyi.1	Ensembl.UCSC:94836[1]	ENSMUSG00000083489	Ensembl.UCSC:94836[1>0]
uc290kyj.1	Ensembl.UCSC:94906[1]	ENSMUSG00000081711	Ensembl.UCSC:94906[1>0]
uc290kyk.1	Ensembl.UCSC:94909[1]	ENSMUSG00000081660	Ensembl.UCSC:94909[1>0]
uc290kyl.1	Ensembl.UCSC:95021[1]	ENSMUSG00000028232	Ensembl.UCSC:95021[1>0]
uc290kym.1	Ensembl.UCSC:95026[1]	ENSMUSG00000028232	Ensembl.UCSC:95026[1>0]
uc290kyn.1	Ensembl.UCSC:95030[1]	ENSMUSG00000028232	Ensembl.UCSC:95030[1>0]
uc290kyo.1	Ensembl.UCSC:95032[1]	ENSMUSG00000028232	Ensembl.UCSC:95032[1>0]
uc290kyp.1	Ensembl.UCSC:95077[1]	ENSMUSG00000028233	Ensembl.UCSC:95077[1>0]
uc290kyq.1	Ensembl.UCSC:95081[1]	ENSMUSG00000028233	Ensembl.UCSC:95081[1>0]
uc290kyr.1	Ensembl.UCSC:95083[1]	ENSMUSG00000028233	Ensembl.UCSC:95083[1>0]
uc290kys.1	Ensembl.UCSC:95085[1]	ENSMUSG00000028233	Ensembl.UCSC:95085[1>0]
uc290kyt.1	Ensembl.UCSC:95421[1]	ENSMUSG00002076805	Ensembl.UCSC:95421[1>0]
uc290kyv.1	Ensembl.UCSC:95583[1]	ENSMUSG00000042228	Ensembl.UCSC:95583[1>0]
uc290kyw.1	Ensembl.UCSC:95585[1]	ENSMUSG00000083186	Ensembl.UCSC:95585[1>0]
uc290kyx.1	Ensembl.UCSC:95584[1]	ENSMUSG00000042228	Ensembl.UCSC:95584[1>0]
uc290kyy.1	Ensembl.UCSC:95634[1]	ENSMUSG00000077271	Ensembl.UCSC:95634[1>0]
uc290kza.1	Ensembl.UCSC:95648[1]	ENSMUSG00000028234	Ensembl.UCSC:95648[1>0]
uc290kzb.1	Ensembl.UCSC:95646[1]	ENSMUSG00000028234	Ensembl.UCSC:95646[1>0]
uc290kzc.1	Ensembl.UCSC:95649[1]	ENSMUSG00000088351	Ensembl.UCSC:95649[1>0]
uc290kzd.1	Ensembl.UCSC:95652[1]	ENSMUSG00000077293	Ensembl.UCSC:95652[1>0]
uc290kze.1	Ensembl.UCSC:95683[1]	ENSMUSG00000003282	Ensembl.UCSC:95683[1>0]
uc290kzf.1	Ensembl.UCSC:95689[1]	ENSMUSG00000003282	Ensembl.UCSC:95689[1>0]
uc290kzg.1	Ensembl.UCSC:95691[1]	ENSMUSG00000003282	Ensembl.UCSC:95691[1>0]
uc290kzh.1	Ensembl.UCSC:95918[1]	ENSMUSG00000042198	Ensembl.UCSC:95918[1>0]
uc290kzi.1	Ensembl.UCSC:95933[1]	ENSMUSG00000042198	Ensembl.UCSC:95933[1>0]
uc290kzj.1	Ensembl.UCSC:95939[1]	ENSMUSG00000042198	Ensembl.UCSC:95939[1>0]
uc290kzk.1	Ensembl.UCSC:95956[1]	ENSMUSG00000042198	Ensembl.UCSC:95956[1>0]
uc290kzl.1	Ensembl.UCSC:95959[1]	ENSMUSG00000042198	Ensembl.UCSC:95959[1>0]
uc290kzm.1	Ensembl.UCSC:95961[1]	ENSMUSG00000042198	Ensembl.UCSC:95961[1>0]
uc290kzn.1	Ensembl.UCSC:95963[1]	ENSMUSG00000042198	Ensembl.UCSC:95963[1>0]
uc290kzo.1	Ensembl.UCSC:95966[1]	ENSMUSG00000042198	Ensembl.UCSC:95966[1>0]
uc290kzp.1	Ensembl.UCSC:95968[1]	ENSMUSG00000042198	Ensembl.UCSC:95968[1>0]
uc290kzq.1	Ensembl.UCSC:95970[1]	ENSMUSG00000042198	Ensembl.UCSC:95970[1>0]
uc290kzr.1	Ensembl.UCSC:95971[1]	ENSMUSG00000042198	Ensembl.UCSC:95971[1>0]
uc290kzs.1	Ensembl.UCSC:95975[1]	ENSMUSG00000042198	Ensembl.UCSC:95975[1>0]
uc290kzt.1	Ensembl.UCSC:95996[1]	ENSMUSG00000068240	Ensembl.UCSC:95996[1>0]
uc290kzu.1	Ensembl.UCSC:96010[1]	ENSMUSG00000082991	Ensembl.UCSC:96010[1>0]
uc290kzv.1	Ensembl.UCSC:96019[1]	ENSMUSG00000028236	Ensembl.UCSC:96019[1>0]
uc290kzw.1	Ensembl.UCSC:96072[1]	ENSMUSG00000071019	Ensembl.UCSC:96072[1>0]
uc290kzx.1	Ensembl.UCSC:96523[1]	ENSMUSG00000045573	Ensembl.UCSC:96523[1>0]
uc290kzy.1	Ensembl.UCSC:96529[1]	ENSMUSG00000085155	Ensembl.UCSC:96529[1>0]
uc290kzz.1	Ensembl.UCSC:96532[1]	ENSMUSG00000095971	Ensembl.UCSC:96532[1>0]
uc290laa.1	Ensembl.UCSC:96634[1]	ENSMUSG00000087099	Ensembl.UCSC:96634[1>0]
uc290lab.1	Ensembl.UCSC:96636[1]	ENSMUSG00000084237	Ensembl.UCSC:96636[1>0]
uc290lac.1	Ensembl.UCSC:96646[1]	ENSMUSG00000086066	Ensembl.UCSC:96646[1>0]
uc290lad.1	Ensembl.UCSC:96688[1]	ENSMUSG00000049119	Ensembl.UCSC:96688[1>0]
uc290lae.1	Ensembl.UCSC:96678[1]	ENSMUSG00000049119	Ensembl.UCSC:96678[1>0]
uc290laf.1	Ensembl.UCSC:96690[1]	ENSMUSG00000049119	Ensembl.UCSC:96690[1>0]
uc290lag.1	Ensembl.UCSC:96752[1]	ENSMUSG00000077392	Ensembl.UCSC:96752[1>0]
uc290lah.1	Ensembl.UCSC:96693[1]	ENSMUSG00000049119	Ensembl.UCSC:96693[1>0]
uc290lai.1	Ensembl.UCSC:96696[1]	ENSMUSG00000049119	Ensembl.UCSC:96696[1>0]
uc290laj.1	Ensembl.UCSC:96753[1]	ENSMUSG00000083232	Ensembl.UCSC:96753[1>0]
uc290lak.1	Ensembl.UCSC:96754[1]	ENSMUSG00000084360	Ensembl.UCSC:96754[1>0]
uc290lal.1	Ensembl.UCSC:96806[1]	ENSMUSG00000080961	Ensembl.UCSC:96806[1>0]
uc290lam.1	Ensembl.UCSC:96821[1]	ENSMUSG00000028240	Ensembl.UCSC:96821[1>0]
uc290lan.1	Ensembl.UCSC:96823[1]	ENSMUSG00000085295	Ensembl.UCSC:96823[1>0]
uc290lao.1	Ensembl.UCSC:96825[1]	ENSMUSG00000085295	Ensembl.UCSC:96825[1>0]
uc290lap.1	Ensembl.UCSC:97409[1]	ENSMUSG00000028249	Ensembl.UCSC:97409[1>0]
uc290laq.1	Ensembl.UCSC:97415[1]	ENSMUSG00000028249	Ensembl.UCSC:97415[1>0]
uc290lar.1	Ensembl.UCSC:97417[1]	ENSMUSG00000028249	Ensembl.UCSC:97417[1>0]
uc290las.1	Ensembl.UCSC:97422[1]	ENSMUSG00000028249	Ensembl.UCSC:97422[1>0]
uc290lat.1	Ensembl.UCSC:97424[1]	ENSMUSG00000028249	Ensembl.UCSC:97424[1>0]
uc290lau.1	Ensembl.UCSC:97427[1]	ENSMUSG00000028249	Ensembl.UCSC:97427[1>0]
uc290lav.1	Ensembl.UCSC:97459[1]	ENSMUSG00000104347	Ensembl.UCSC:97459[1>0]
uc290law.1	Ensembl.UCSC:97923[1]	ENSMUSG00000028245	Ensembl.UCSC:97923[1>0]
uc290lax.1	Ensembl.UCSC:97932[1]	ENSMUSG00000028245	Ensembl.UCSC:97932[1>0]
uc290lay.1	Ensembl.UCSC:97938[1]	ENSMUSG00000028245	Ensembl.UCSC:97938[1>0]
uc290laz.1	Ensembl.UCSC:97945[1]	ENSMUSG00000028245	Ensembl.UCSC:97945[1>0]
uc290lba.1	Ensembl.UCSC:97955[1]	ENSMUSG00000028245	Ensembl.UCSC:97955[1>0]
uc290lbb.1	Ensembl.UCSC:97961[1]	ENSMUSG00000028245	Ensembl.UCSC:97961[1>0]
uc290lbc.1	Ensembl.UCSC:97964[1]	ENSMUSG00000028245	Ensembl.UCSC:97964[1>0]
uc290lbd.1	Ensembl.UCSC:97970[1]	ENSMUSG00000028245	Ensembl.UCSC:97970[1>0]
uc290lbe.1	Ensembl.UCSC:97976[1]	ENSMUSG00000028245	Ensembl.UCSC:97976[1>0]
uc290lbf.1	Ensembl.UCSC:97980[1]	ENSMUSG00000028245	Ensembl.UCSC:97980[1>0]
uc290lbg.1	Ensembl.UCSC:97983[1]	ENSMUSG00000081913	Ensembl.UCSC:97983[1>0]
uc290lbh.1	Ensembl.UCSC:97987[1]	ENSMUSG00000081388	Ensembl.UCSC:97987[1>0]
uc290lbi.1	Ensembl.UCSC:97995[1]	ENSMUSG00000077302	Ensembl.UCSC:97995[1>0]
uc290lbj.1	Ensembl.UCSC:17424[1]	ENSMUSG00000041272	Ensembl.UCSC:17424[1>0]
uc290lbk.1	Ensembl.UCSC:98000[1]	ENSMUSG00000086052	Ensembl.UCSC:98000[1>0]
uc290lbl.1	Ensembl.UCSC:17430[1]	ENSMUSG00000041272	Ensembl.UCSC:17430[1>0]
uc290lbm.1	Ensembl.UCSC:98003[1]	ENSMUSG00000083023	Ensembl.UCSC:98003[1>0]
uc290lbn.1	Ensembl.UCSC:98015[1]	ENSMUSG00000085630	Ensembl.UCSC:98015[1>0]
uc290lbo.1	Ensembl.UCSC:98019[1]	ENSMUSG00000082024	Ensembl.UCSC:98019[1>0]
uc290lbp.1	Ensembl.UCSC:98023[1]	ENSMUSG00000094771	Ensembl.UCSC:98023[1>0]
uc290lbq.1	Ensembl.UCSC:98025[1]	ENSMUSG00000083068	Ensembl.UCSC:98025[1>0]
uc290lbr.1	Ensembl.UCSC:98284[1]	ENSMUSG00000079993	Ensembl.UCSC:98284[1>0]
uc290lbs.1	Ensembl.UCSC:98287[1]	ENSMUSG00002076441	Ensembl.UCSC:98287[1>0]
uc290lbt.1	Ensembl.UCSC:98290[1]	ENSMUSG00000103127	Ensembl.UCSC:98290[1>0]
uc290lbu.1	Ensembl.UCSC:98295[1]	ENSMUSG00000082151	Ensembl.UCSC:98295[1>0]
uc290lbv.1	Ensembl.UCSC:98355[1]	ENSMUSG00000082122	Ensembl.UCSC:98355[1>0]
uc290lbw.1	Ensembl.UCSC:98448[1]	ENSMUSG00000041235	Ensembl.UCSC:98448[1>0]
uc290lbx.1	Ensembl.UCSC:98569[1]	ENSMUSG00000041235	Ensembl.UCSC:98569[1>0]
uc290lby.1	Ensembl.UCSC:98552[1]	ENSMUSG00000041235	Ensembl.UCSC:98552[1>0]
uc290lbz.1	Ensembl.UCSC:98556[1]	ENSMUSG00000041235	Ensembl.UCSC:98556[1>0]
uc290lca.1	Ensembl.UCSC:98560[1]	ENSMUSG00000041235	Ensembl.UCSC:98560[1>0]
uc290lcb.1	Ensembl.UCSC:98564[1]	ENSMUSG00000041235	Ensembl.UCSC:98564[1>0]
uc290lcc.1	Ensembl.UCSC:98676[1]	ENSMUSG00000083786	Ensembl.UCSC:98676[1>0]
uc290lcd.1	Ensembl.UCSC:98678[1]	ENSMUSG00000075958	Ensembl.UCSC:98678[1>0]
uc290lcf.1	Ensembl.UCSC:98685[1]	ENSMUSG00000041216	Ensembl.UCSC:98685[1>0]
uc290lcg.1	Ensembl.UCSC:98722[1]	ENSMUSG00000041216	Ensembl.UCSC:98722[1>0]
uc290lch.1	Ensembl.UCSC:98724[1]	ENSMUSG00000041216	Ensembl.UCSC:98724[1>0]
uc290lci.1	Ensembl.UCSC:98725[1]	ENSMUSG00000041216	Ensembl.UCSC:98725[1>0]
uc290lcj.1	Ensembl.UCSC:116336[1]	ENSMUSG00000086233	Ensembl.UCSC:116336[1>0]
uc290lck.1	Ensembl.UCSC:116339[1]	ENSMUSG00000086233	Ensembl.UCSC:116339[1>0]
uc290lcl.1	Ensembl.UCSC:98726[1]	ENSMUSG00000041216	Ensembl.UCSC:98726[1>0]
uc290lcm.1	Ensembl.UCSC:98727[1]	ENSMUSG00000041216	Ensembl.UCSC:98727[1>0]
uc290lcn.1	Ensembl.UCSC:98728[1]	ENSMUSG00000087564	Ensembl.UCSC:98728[1>0]
uc290lco.1	Ensembl.UCSC:99624[1]	ENSMUSG00000028207	Ensembl.UCSC:99624[1>0]
uc290lcp.1	Ensembl.UCSC:100868[1]	ENSMUSG00000028207	Ensembl.UCSC:100868[1>0]
uc290lcq.1	Ensembl.UCSC:100927[1]	ENSMUSG00000028207	Ensembl.UCSC:100927[1>0]
uc290lcr.1	Ensembl.UCSC:100928[1]	ENSMUSG00000028207	Ensembl.UCSC:100928[1>0]
uc290lcs.1	Ensembl.UCSC:100934[1]	ENSMUSG00000028207	Ensembl.UCSC:100934[1>0]
uc290lct.1	Ensembl.UCSC:100959[1]	ENSMUSG00000028207	Ensembl.UCSC:100959[1>0]
uc290lcu.1	Ensembl.UCSC:100960[1]	ENSMUSG00000028207	Ensembl.UCSC:100960[1>0]
uc290lcv.1	Ensembl.UCSC:100967[1]	ENSMUSG00000028207	Ensembl.UCSC:100967[1>0]
uc290lcw.1	Ensembl.UCSC:100980[1]	ENSMUSG00002074917	Ensembl.UCSC:100980[1>0]
uc290lcx.1	Ensembl.UCSC:100982[1]	ENSMUSG00000064698	Ensembl.UCSC:100982[1>0]
uc290lcy.1	Ensembl.UCSC:115866[1]	ENSMUSG00000085558	Ensembl.UCSC:115866[1>0]
uc290lcz.1	Ensembl.UCSC:115873[1]	ENSMUSG00000085558	Ensembl.UCSC:115873[1>0]
uc290lda.1	Ensembl.UCSC:133568[1]	ENSMUSG00000082843	Ensembl.UCSC:133568[1>0]
uc290ldb.1	Ensembl.UCSC:101067[1]	ENSMUSG00000084095	Ensembl.UCSC:101067[1>0]
uc290ldc.1	Ensembl.UCSC:101069[1]	ENSMUSG00000082501	Ensembl.UCSC:101069[1>0]
uc290ldd.1	Ensembl.UCSC:101073[1]	ENSMUSG00000084215	Ensembl.UCSC:101073[1>0]
uc290lde.1	Ensembl.UCSC:101077[1]	ENSMUSG00000086080	Ensembl.UCSC:101077[1>0]
uc290ldf.1	Ensembl.UCSC:101095[1]	ENSMUSG00000086455	Ensembl.UCSC:101095[1>0]
uc290ldg.1	Ensembl.UCSC:101096[1]	ENSMUSG00000081361	Ensembl.UCSC:101096[1>0]
uc290ldh.1	Ensembl.UCSC:101090[1]	ENSMUSG00000086080	Ensembl.UCSC:101090[1>0]
uc290ldi.1	Ensembl.UCSC:101094[1]	ENSMUSG00000086080	Ensembl.UCSC:101094[1>0]
uc290ldj.1	Ensembl.UCSC:101097[1]	ENSMUSG00000083997	Ensembl.UCSC:101097[1>0]
uc290ldk.1	Ensembl.UCSC:101099[1]	ENSMUSG00000066315	Ensembl.UCSC:101099[1>0]
uc290ldl.1	Ensembl.UCSC:101102[1]	ENSMUSG00000083220	Ensembl.UCSC:101102[1>0]
uc290ldm.1	Ensembl.UCSC:101107[1]	ENSMUSG00000059482	Ensembl.UCSC:101107[1>0]
uc290ldn.1	Ensembl.UCSC:101110[1]	ENSMUSG00000059482	Ensembl.UCSC:101110[1>0]
uc290ldo.1	Ensembl.UCSC:101140[1]	ENSMUSG00000059482	Ensembl.UCSC:101140[1>0]
uc290ldp.1	Ensembl.UCSC:101144[1]	ENSMUSG00000059482	Ensembl.UCSC:101144[1>0]
uc290ldq.1	Ensembl.UCSC:101315[1]	ENSMUSG00000081715	Ensembl.UCSC:101315[1>0]
uc290ldr.1	Ensembl.UCSC:101349[1]	ENSMUSG00000049969	Ensembl.UCSC:101349[1>0]
uc290lds.1	Ensembl.UCSC:101382[1]	ENSMUSG00000050323	Ensembl.UCSC:101382[1>0]
uc290ldt.1	Ensembl.UCSC:101388[1]	ENSMUSG00000050323	Ensembl.UCSC:101388[1>0]
uc290ldu.1	Ensembl.UCSC:101389[1]	ENSMUSG00000050323	Ensembl.UCSC:101389[1>0]
uc290ldv.1	Ensembl.UCSC:101391[1]	ENSMUSG00000050323	Ensembl.UCSC:101391[1>0]
uc290ldw.1	Ensembl.UCSC:101393[1]	ENSMUSG00000050323	Ensembl.UCSC:101393[1>0]
uc290ldx.1	Ensembl.UCSC:101394[1]	ENSMUSG00000050323	Ensembl.UCSC:101394[1>0]
uc290ldy.1	Ensembl.UCSC:115552[1]	ENSMUSG00000086765	Ensembl.UCSC:115552[1>0]
uc290ldz.1	Ensembl.UCSC:101472[1]	ENSMUSG00000083025	Ensembl.UCSC:101472[1>0]
uc290lea.1	Ensembl.UCSC:101474[1]	ENSMUSG00000081490	Ensembl.UCSC:101474[1>0]
uc290leb.1	Ensembl.UCSC:101496[1]	ENSMUSG00000028211	Ensembl.UCSC:101496[1>0]
uc290lec.1	Ensembl.UCSC:101497[1]	ENSMUSG00000028211	Ensembl.UCSC:101497[1>0]
uc290led.1	Ensembl.UCSC:101583[1]	ENSMUSG00000028212	Ensembl.UCSC:101583[1>0]
uc290lee.1	Ensembl.UCSC:101591[1]	ENSMUSG00000028212	Ensembl.UCSC:101591[1>0]
uc290lef.1	Ensembl.UCSC:101759[1]	ENSMUSG00000028212	Ensembl.UCSC:101759[1>0]
uc290leg.1	Ensembl.UCSC:101761[1]	ENSMUSG00000028212	Ensembl.UCSC:101761[1>0]
uc290leh.1	Ensembl.UCSC:102068[1]	ENSMUSG00000040738	Ensembl.UCSC:102068[1>0]
uc290lei.1	Ensembl.UCSC:102081[1]	ENSMUSG00000040738	Ensembl.UCSC:102081[1>0]
uc290lej.1	Ensembl.UCSC:102088[1]	ENSMUSG00000040738	Ensembl.UCSC:102088[1>0]
uc290lek.1	Ensembl.UCSC:102089[1]	ENSMUSG00000040738	Ensembl.UCSC:102089[1>0]
uc290lel.1	Ensembl.UCSC:102090[1]	ENSMUSG00000040738	Ensembl.UCSC:102090[1>0]
uc290lem.1	Ensembl.UCSC:102091[1]	ENSMUSG00000040738	Ensembl.UCSC:102091[1>0]
uc290len.1	Ensembl.UCSC:102354[1]	ENSMUSG00000045205	Ensembl.UCSC:102354[1>0]
uc290leo.1	Ensembl.UCSC:102391[1]	ENSMUSG00000045205	Ensembl.UCSC:102391[1>0]
uc290lep.1	Ensembl.UCSC:102405[1]	ENSMUSG00002074995	Ensembl.UCSC:102405[1>0]
uc290leq.1	Ensembl.UCSC:102395[1]	ENSMUSG00000045205	Ensembl.UCSC:102395[1>0]
uc290ler.1	Ensembl.UCSC:102399[1]	ENSMUSG00000045205	Ensembl.UCSC:102399[1>0]
uc290les.1	Ensembl.UCSC:102402[1]	ENSMUSG00000045205	Ensembl.UCSC:102402[1>0]
uc290leu.1	Ensembl.UCSC:102660[1]	ENSMUSG00000040728	Ensembl.UCSC:102660[1>0]
uc290lev.1	Ensembl.UCSC:102665[1]	ENSMUSG00000040728	Ensembl.UCSC:102665[1>0]
uc290lew.1	Ensembl.UCSC:102670[1]	ENSMUSG00000040728	Ensembl.UCSC:102670[1>0]
uc290lex.1	Ensembl.UCSC:102672[1]	ENSMUSG00000040728	Ensembl.UCSC:102672[1>0]
uc290ley.1	Ensembl.UCSC:102673[1]	ENSMUSG00000040728	Ensembl.UCSC:102673[1>0]
uc290lez.1	Ensembl.UCSC:102677[1]	ENSMUSG00000081884	Ensembl.UCSC:102677[1>0]
uc290lfa.1	Ensembl.UCSC:102679[1]	ENSMUSG00000082255	Ensembl.UCSC:102679[1>0]
uc290lfb.1	Ensembl.UCSC:102953[1]	ENSMUSG00000086625	Ensembl.UCSC:102953[1>0]
uc290lfc.1	Ensembl.UCSC:102966[1]	ENSMUSG00000078773	Ensembl.UCSC:102966[1>0]
uc290lfd.1	Ensembl.UCSC:102999[1]	ENSMUSG00000078773	Ensembl.UCSC:102999[1>0]
uc290lfe.1	Ensembl.UCSC:103046[1]	ENSMUSG00000078773	Ensembl.UCSC:103046[1>0]
uc290lff.1	Ensembl.UCSC:103050[1]	ENSMUSG00000078773	Ensembl.UCSC:103050[1>0]
uc290lfg.1	Ensembl.UCSC:103053[1]	ENSMUSG00000078773	Ensembl.UCSC:103053[1>0]
uc290lfh.1	Ensembl.UCSC:103063[1]	ENSMUSG00000084046	Ensembl.UCSC:103063[1>0]
uc290lfi.1	Ensembl.UCSC:136316[1]	ENSMUSG00002076819	Ensembl.UCSC:136316[1>0]
uc290lfj.1	Ensembl.UCSC:136318[1]	ENSMUSG00002075619	Ensembl.UCSC:136318[1>0]
uc290lfo.1	Ensembl.UCSC:136359[1]	ENSMUSG00000085467	Ensembl.UCSC:136359[1>0]
uc290lfp.1	Ensembl.UCSC:136380[1]	ENSMUSG00000049488	Ensembl.UCSC:136380[1>0]
uc290lfq.1	Ensembl.UCSC:136419[1]	ENSMUSG00000049488	Ensembl.UCSC:136419[1>0]
uc290lfr.1	Ensembl.UCSC:136431[1]	ENSMUSG00000049488	Ensembl.UCSC:136431[1>0]
uc290lfs.1	Ensembl.UCSC:136435[1]	ENSMUSG00000049488	Ensembl.UCSC:136435[1>0]
uc290lft.1	Ensembl.UCSC:128996[1]	ENSMUSG00000083246	Ensembl.UCSC:128996[1>0]
uc290lfu.1	Ensembl.UCSC:128997[1]	ENSMUSG00000081593	Ensembl.UCSC:128997[1>0]
uc290lfv.1	Ensembl.UCSC:129001[1]	ENSMUSG00000082676	Ensembl.UCSC:129001[1>0]
uc290lfw.1	Ensembl.UCSC:129004[1]	ENSMUSG00000046667	Ensembl.UCSC:129004[1>0]
uc290lfx.1	Ensembl.UCSC:129013[1]	ENSMUSG00000046667	Ensembl.UCSC:129013[1>0]
uc290lfy.1	Ensembl.UCSC:129053[1]	ENSMUSG00000028218	Ensembl.UCSC:129053[1>0]
uc290lfz.1	Ensembl.UCSC:129058[1]	ENSMUSG00000028218	Ensembl.UCSC:129058[1>0]
uc290lga.1	Ensembl.UCSC:129062[1]	ENSMUSG00000028218	Ensembl.UCSC:129062[1>0]
uc290lgb.1	Ensembl.UCSC:129065[1]	ENSMUSG00000028218	Ensembl.UCSC:129065[1>0]
uc290lgc.1	Ensembl.UCSC:129070[1]	ENSMUSG00000028218	Ensembl.UCSC:129070[1>0]
uc290lgd.1	Ensembl.UCSC:129071[1]	ENSMUSG00000028218	Ensembl.UCSC:129071[1>0]
uc290lge.1	Ensembl.UCSC:103369[1]	ENSMUSG00000060989	Ensembl.UCSC:103369[1>0]
uc290lgf.1	Ensembl.UCSC:103371[1]	ENSMUSG00000085909	Ensembl.UCSC:103371[1>0]
uc290lgg.1	Ensembl.UCSC:103378[1]	ENSMUSG00000104211	Ensembl.UCSC:103378[1>0]
uc290lgh.1	Ensembl.UCSC:103380[1]	ENSMUSG00002076080	Ensembl.UCSC:103380[1>0]
uc290lgi.1	Ensembl.UCSC:103405[1]	ENSMUSG00000055963	Ensembl.UCSC:103405[1>0]
uc290lgj.1	Ensembl.UCSC:103408[1]	ENSMUSG00000086227	Ensembl.UCSC:103408[1>0]
uc290lgk.1	Ensembl.UCSC:103410[1]	ENSMUSG00002075692	Ensembl.UCSC:103410[1>0]
uc290lgl.1	Ensembl.UCSC:103448[1]	ENSMUSG00000081327	Ensembl.UCSC:103448[1>0]
uc290lgm.1	Ensembl.UCSC:103451[1]	ENSMUSG00000083328	Ensembl.UCSC:103451[1>0]
uc290lgn.1	Ensembl.UCSC:103453[1]	ENSMUSG00000081063	Ensembl.UCSC:103453[1>0]
uc290lgo.1	Ensembl.UCSC:103456[1]	ENSMUSG00002075365	Ensembl.UCSC:103456[1>0]
uc290lgp.1	Ensembl.UCSC:103532[1]	ENSMUSG00000006586	Ensembl.UCSC:103532[1>0]
uc290lgq.1	Ensembl.UCSC:103540[1]	ENSMUSG00000006586	Ensembl.UCSC:103540[1>0]
uc290lgr.1	Ensembl.UCSC:103545[1]	ENSMUSG00000086927	Ensembl.UCSC:103545[1>0]
uc290lgs.1	Ensembl.UCSC:103546[1]	ENSMUSG00000077701	Ensembl.UCSC:103546[1>0]
uc290lgt.1	Ensembl.UCSC:103548[1]	ENSMUSG00000082128	Ensembl.UCSC:103548[1>0]
uc290lgu.1	Ensembl.UCSC:103550[1]	ENSMUSG00000086068	Ensembl.UCSC:103550[1>0]
uc290lgv.1	Ensembl.UCSC:103552[1]	ENSMUSG00000087919	Ensembl.UCSC:103552[1>0]
uc290lgw.1	Ensembl.UCSC:103553[1]	ENSMUSG00000081239	Ensembl.UCSC:103553[1>0]
uc290lgx.1	Ensembl.UCSC:103642[1]	ENSMUSG00000040569	Ensembl.UCSC:103642[1>0]
uc290lgy.1	Ensembl.UCSC:103643[1]	ENSMUSG00000040569	Ensembl.UCSC:103643[1>0]
uc290lgz.1	Ensembl.UCSC:103644[1]	ENSMUSG00000040569	Ensembl.UCSC:103644[1>0]
uc290lha.1	Ensembl.UCSC:103652[1]	ENSMUSG00000023151	Ensembl.UCSC:103652[1>0]
uc290lhb.1	Ensembl.UCSC:103656[1]	ENSMUSG00000083280	Ensembl.UCSC:103656[1>0]
uc290lhc.2	Ensembl.UCSC:120177[1]	ENSMUSG00000040550	Ensembl.UCSC:120177[1>0]
uc290lhg.1	Ensembl.UCSC:103718[1]	ENSMUSG00000040536	Ensembl.UCSC:103718[1>0]
uc290lhh.1	Ensembl.UCSC:115940[1]	ENSMUSG00000087241	Ensembl.UCSC:115940[1>0]
uc290lhi.1	Ensembl.UCSC:103724[1]	ENSMUSG00000040536	Ensembl.UCSC:103724[1>0]
uc290lhj.1	Ensembl.UCSC:103727[1]	ENSMUSG00000083073	Ensembl.UCSC:103727[1>0]
uc290lhk.1	Ensembl.UCSC:103749[1]	ENSMUSG00000096738	Ensembl.UCSC:103749[1>0]
uc290lhl.1	Ensembl.UCSC:103751[1]	ENSMUSG00000080869	Ensembl.UCSC:103751[1>0]
uc290lhm.1	Ensembl.UCSC:103753[1]	ENSMUSG00000083330	Ensembl.UCSC:103753[1>0]
uc290lhn.1	Ensembl.UCSC:103756[1]	ENSMUSG00000082673	Ensembl.UCSC:103756[1>0]
uc290lho.1	Ensembl.UCSC:103757[1]	ENSMUSG00000084181	Ensembl.UCSC:103757[1>0]
uc290lhp.1	Ensembl.UCSC:103759[1]	ENSMUSG00000081026	Ensembl.UCSC:103759[1>0]
uc290lhq.1	Ensembl.UCSC:103955[1]	ENSMUSG00002076485	Ensembl.UCSC:103955[1>0]
uc290lhr.1	Ensembl.UCSC:103996[1]	ENSMUSG00000028222	Ensembl.UCSC:103996[1>0]
uc290lhs.1	Ensembl.UCSC:103997[1]	ENSMUSG00000028222	Ensembl.UCSC:103997[1>0]
uc290lht.1	Ensembl.UCSC:103998[1]	ENSMUSG00000088055	Ensembl.UCSC:103998[1>0]
uc290lhu.1	Ensembl.UCSC:104009[1]	ENSMUSG00000028223	Ensembl.UCSC:104009[1>0]
uc290lhv.1	Ensembl.UCSC:104010[1]	ENSMUSG00000028223	Ensembl.UCSC:104010[1>0]
uc290lhw.1	Ensembl.UCSC:104033[1]	ENSMUSG00000028224	Ensembl.UCSC:104033[1>0]
uc290lhx.1	Ensembl.UCSC:104038[1]	ENSMUSG00000084190	Ensembl.UCSC:104038[1>0]
uc290lhy.1	Ensembl.UCSC:104062[1]	ENSMUSG00000041153	Ensembl.UCSC:104062[1>0]
uc290lhz.1	Ensembl.UCSC:104065[1]	ENSMUSG00000041153	Ensembl.UCSC:104065[1>0]
uc290lia.1	Ensembl.UCSC:104067[1]	ENSMUSG00000041153	Ensembl.UCSC:104067[1>0]
uc290lib.1	Ensembl.UCSC:104068[1]	ENSMUSG00000041153	Ensembl.UCSC:104068[1>0]
uc290lic.1	Ensembl.UCSC:104069[1]	ENSMUSG00000084408	Ensembl.UCSC:104069[1>0]
uc290lid.1	Ensembl.UCSC:104070[1]	ENSMUSG00000081679	Ensembl.UCSC:104070[1>0]
uc290lie.1	Ensembl.UCSC:104153[1]	ENSMUSG00002075553	Ensembl.UCSC:104153[1>0]
uc290lif.1	Ensembl.UCSC:104154[1]	ENSMUSG00000083725	Ensembl.UCSC:104154[1>0]
uc290lig.1	Ensembl.UCSC:104156[1]	ENSMUSG00000103595	Ensembl.UCSC:104156[1>0]
uc290lih.1	Ensembl.UCSC:104157[1]	ENSMUSG00000080065	Ensembl.UCSC:104157[1>0]
uc290lii.1	Ensembl.UCSC:104159[1]	ENSMUSG00000086072	Ensembl.UCSC:104159[1>0]
uc290lij.1	Ensembl.UCSC:104160[1]	ENSMUSG00000096423	Ensembl.UCSC:104160[1>0]
uc290lik.1	Ensembl.UCSC:104161[1]	ENSMUSG00000083229	Ensembl.UCSC:104161[1>0]
uc290lil.1	Ensembl.UCSC:104162[1]	ENSMUSG00000064619	Ensembl.UCSC:104162[1>0]
uc290lim.1	Ensembl.UCSC:104163[1]	ENSMUSG00000082994	Ensembl.UCSC:104163[1>0]
uc290lin.1	Ensembl.UCSC:104164[1]	ENSMUSG00000082552	Ensembl.UCSC:104164[1>0]
uc290lio.1	Ensembl.UCSC:104165[1]	ENSMUSG00000083572	Ensembl.UCSC:104165[1>0]
uc290lip.1	Ensembl.UCSC:104167[1]	ENSMUSG00002075852	Ensembl.UCSC:104167[1>0]
uc290liq.1	Ensembl.UCSC:104168[1]	ENSMUSG00000085478	Ensembl.UCSC:104168[1>0]
uc290lir.1	Ensembl.UCSC:104240[1]	ENSMUSG00000028226	Ensembl.UCSC:104240[1>0]
uc290lis.1	Ensembl.UCSC:104244[1]	ENSMUSG00000028226	Ensembl.UCSC:104244[1>0]
uc290lit.1	Ensembl.UCSC:104285[1]	ENSMUSG00000028226	Ensembl.UCSC:104285[1>0]
uc290liu.1	Ensembl.UCSC:104289[1]	ENSMUSG00000028226	Ensembl.UCSC:104289[1>0]
uc290liv.1	Ensembl.UCSC:120230[1]	ENSMUSG00000083387	Ensembl.UCSC:120230[1>0]
uc290liw.1	Ensembl.UCSC:104294[1]	ENSMUSG00000028226	Ensembl.UCSC:104294[1>0]
uc290lix.1	Ensembl.UCSC:120233[1]	ENSMUSG00000083150	Ensembl.UCSC:120233[1>0]
uc290liy.1	Ensembl.UCSC:120240[1]	ENSMUSG00000087402	Ensembl.UCSC:120240[1>0]
uc290liz.1	Ensembl.UCSC:120242[1]	ENSMUSG00000080919	Ensembl.UCSC:120242[1>0]
uc290lja.1	Ensembl.UCSC:120243[1]	ENSMUSG00000083660	Ensembl.UCSC:120243[1>0]
uc290ljb.1	Ensembl.UCSC:120245[1]	ENSMUSG00002075147	Ensembl.UCSC:120245[1>0]
uc290ljc.1	Ensembl.UCSC:120246[1]	ENSMUSG00002076858	Ensembl.UCSC:120246[1>0]
uc290ljd.1	Ensembl.UCSC:120248[1]	ENSMUSG00000050550	Ensembl.UCSC:120248[1>0]
uc290lje.1	Ensembl.UCSC:120423[1]	ENSMUSG00000073991	Ensembl.UCSC:120423[1>0]
uc290ljf.1	Ensembl.UCSC:120249[1]	ENSMUSG00000083005	Ensembl.UCSC:120249[1>0]
uc290ljg.1	Ensembl.UCSC:120250[1]	ENSMUSG00000083105	Ensembl.UCSC:120250[1>0]
uc290ljh.1	Ensembl.UCSC:120300[1]	ENSMUSG00000082320	Ensembl.UCSC:120300[1>0]
uc290lji.1	Ensembl.UCSC:120303[1]	ENSMUSG00002075975	Ensembl.UCSC:120303[1>0]
uc290ljj.1	Ensembl.UCSC:120366[1]	ENSMUSG00000028228	Ensembl.UCSC:120366[1>0]
uc290ljk.1	Ensembl.UCSC:120372[1]	ENSMUSG00000028228	Ensembl.UCSC:120372[1>0]
uc290ljl.1	Ensembl.UCSC:120393[1]	ENSMUSG00000028229	Ensembl.UCSC:120393[1>0]
uc290ljm.1	Ensembl.UCSC:122333[1]	ENSMUSG00000078772	Ensembl.UCSC:122333[1>0]
uc290ljn.1	Ensembl.UCSC:122474[1]	ENSMUSG00000041058	Ensembl.UCSC:122474[1>0]
uc290ljo.1	Ensembl.UCSC:122482[1]	ENSMUSG00000086071	Ensembl.UCSC:122482[1>0]
uc290ljp.1	Ensembl.UCSC:104339[1]	ENSMUSG00000028238	Ensembl.UCSC:104339[1>0]
uc290ljr.1	Ensembl.UCSC:104345[1]	ENSMUSG00000073988	Ensembl.UCSC:104345[1>0]
uc290ljs.1	Ensembl.UCSC:104397[1]	ENSMUSG00000073988	Ensembl.UCSC:104397[1>0]
uc290ljt.1	Ensembl.UCSC:104563[1]	ENSMUSG00000086017	Ensembl.UCSC:104563[1>0]
uc290lju.1	Ensembl.UCSC:104575[1]	ENSMUSG00000081964	Ensembl.UCSC:104575[1>0]
uc290ljv.1	Ensembl.UCSC:104584[1]	ENSMUSG00000083315	Ensembl.UCSC:104584[1>0]
uc290ljw.1	Ensembl.UCSC:113960[1]	ENSMUSG00000088073	Ensembl.UCSC:113960[1>0]
uc290ljx.1	Ensembl.UCSC:113963[1]	ENSMUSG00000089322	Ensembl.UCSC:113963[1>0]
uc290ljy.1	Ensembl.UCSC:104597[1]	ENSMUSG00000083654	Ensembl.UCSC:104597[1>0]
uc290ljz.1	Ensembl.UCSC:104600[1]	ENSMUSG00000082672	Ensembl.UCSC:104600[1>0]
uc290lka.1	Ensembl.UCSC:104649[1]	ENSMUSG00000040478	Ensembl.UCSC:104649[1>0]
uc290lkb.1	Ensembl.UCSC:104656[1]	ENSMUSG00000040478	Ensembl.UCSC:104656[1>0]
uc290lkc.1	Ensembl.UCSC:104659[1]	ENSMUSG00000040478	Ensembl.UCSC:104659[1>0]
uc290lkd.1	Ensembl.UCSC:104663[1]	ENSMUSG00000040478	Ensembl.UCSC:104663[1>0]
uc290lke.1	Ensembl.UCSC:105017[1]	ENSMUSG00000028252	Ensembl.UCSC:105017[1>0]
uc290lkf.1	Ensembl.UCSC:105040[1]	ENSMUSG00000028252	Ensembl.UCSC:105040[1>0]
uc290lkg.1	Ensembl.UCSC:105058[1]	ENSMUSG00000028252	Ensembl.UCSC:105058[1>0]
uc290lkh.1	Ensembl.UCSC:105067[1]	ENSMUSG00000028252	Ensembl.UCSC:105067[1>0]
uc290lki.1	Ensembl.UCSC:9269[1]	ENSMUSG00000040455	Ensembl.UCSC:9269[1>0]
uc290lkj.1	Ensembl.UCSC:9446[1]	ENSMUSG00000040455	Ensembl.UCSC:9446[1>0]
uc290lkk.1	Ensembl.UCSC:9447[1]	ENSMUSG00000040455	Ensembl.UCSC:9447[1>0]
uc290lkl.1	Ensembl.UCSC:9451[1]	ENSMUSG00000040455	Ensembl.UCSC:9451[1>0]
uc290lkm.1	Ensembl.UCSC:9455[1]	ENSMUSG00000040455	Ensembl.UCSC:9455[1>0]
uc290lkn.1	Ensembl.UCSC:91227[1]	ENSMUSG00000028248	Ensembl.UCSC:91227[1>0]
uc290lko.1	Ensembl.UCSC:91233[1]	ENSMUSG00000028248	Ensembl.UCSC:91233[1>0]
uc290lkp.1	Ensembl.UCSC:91240[1]	ENSMUSG00000028248	Ensembl.UCSC:91240[1>0]
uc290lkq.1	Ensembl.UCSC:91247[1]	ENSMUSG00000028248	Ensembl.UCSC:91247[1>0]
uc290lkr.1	Ensembl.UCSC:91250[1]	ENSMUSG00000028248	Ensembl.UCSC:91250[1>0]
uc290lks.1	Ensembl.UCSC:91255[1]	ENSMUSG00000028248	Ensembl.UCSC:91255[1>0]
uc290lkt.1	Ensembl.UCSC:91259[1]	ENSMUSG00000028248	Ensembl.UCSC:91259[1>0]
uc290lku.1	Ensembl.UCSC:91264[1]	ENSMUSG00000028248	Ensembl.UCSC:91264[1>0]
uc290lkv.1	Ensembl.UCSC:91266[1]	ENSMUSG00000028248	Ensembl.UCSC:91266[1>0]
uc290lkw.1	Ensembl.UCSC:91273[1]	ENSMUSG00000028248	Ensembl.UCSC:91273[1>0]
uc290lkx.1	Ensembl.UCSC:91275[1]	ENSMUSG00000028248	Ensembl.UCSC:91275[1>0]
uc290lky.1	Ensembl.UCSC:91344[1]	ENSMUSG00000028247	Ensembl.UCSC:91344[1>0]
uc290lkz.1	Ensembl.UCSC:91364[1]	ENSMUSG00000028246	Ensembl.UCSC:91364[1>0]
uc290lla.1	Ensembl.UCSC:91396[1]	ENSMUSG00000028246	Ensembl.UCSC:91396[1>0]
uc290llb.1	Ensembl.UCSC:91405[1]	ENSMUSG00000028246	Ensembl.UCSC:91405[1>0]
uc290llc.1	Ensembl.UCSC:91406[1]	ENSMUSG00000080997	Ensembl.UCSC:91406[1>0]
uc290lld.1	Ensembl.UCSC:91408[1]	ENSMUSG00000082490	Ensembl.UCSC:91408[1>0]
uc290lle.1	Ensembl.UCSC:91409[1]	ENSMUSG00000083376	Ensembl.UCSC:91409[1>0]
uc290llf.1	Ensembl.UCSC:91416[1]	ENSMUSG00000040410	Ensembl.UCSC:91416[1>0]
uc290llg.1	Ensembl.UCSC:91454[1]	ENSMUSG00000040410	Ensembl.UCSC:91454[1>0]
uc290llh.1	Ensembl.UCSC:91460[1]	ENSMUSG00000040410	Ensembl.UCSC:91460[1>0]
uc290lli.1	Ensembl.UCSC:91463[1]	ENSMUSG00000040410	Ensembl.UCSC:91463[1>0]
uc290llj.1	Ensembl.UCSC:91466[1]	ENSMUSG00000077561	Ensembl.UCSC:91466[1>0]
uc290llk.1	Ensembl.UCSC:91467[1]	ENSMUSG00000103000	Ensembl.UCSC:91467[1>0]
uc290lll.1	Ensembl.UCSC:91479[1]	ENSMUSG00000081810	Ensembl.UCSC:91479[1>0]
uc290llm.1	Ensembl.UCSC:91483[1]	ENSMUSG00000083514	Ensembl.UCSC:91483[1>0]
uc290lln.1	Ensembl.UCSC:91486[1]	ENSMUSG00000080762	Ensembl.UCSC:91486[1>0]
uc290llo.1	Ensembl.UCSC:91491[1]	ENSMUSG00002076522	Ensembl.UCSC:91491[1>0]
uc290llp.1	Ensembl.UCSC:91506[1]	ENSMUSG00000087098	Ensembl.UCSC:91506[1>0]
uc290llq.1	Ensembl.UCSC:91508[1]	ENSMUSG00000083785	Ensembl.UCSC:91508[1>0]
uc290llr.1	Ensembl.UCSC:91509[1]	ENSMUSG00000082876	Ensembl.UCSC:91509[1>0]
uc290lls.1	Ensembl.UCSC:91511[1]	ENSMUSG00002075723	Ensembl.UCSC:91511[1>0]
uc290llt.1	Ensembl.UCSC:91513[1]	ENSMUSG00000084179	Ensembl.UCSC:91513[1>0]
uc290llu.1	Ensembl.UCSC:91518[1]	ENSMUSG00000100395	Ensembl.UCSC:91518[1>0]
uc290llv.1	Ensembl.UCSC:91520[1]	ENSMUSG00000083154	Ensembl.UCSC:91520[1>0]
uc290llw.1	Ensembl.UCSC:91523[1]	ENSMUSG00000081148	Ensembl.UCSC:91523[1>0]
uc290llx.1	Ensembl.UCSC:91526[1]	ENSMUSG00000099150	Ensembl.UCSC:91526[1>0]
uc290lly.1	Ensembl.UCSC:91863[1]	ENSMUSG00000045751	Ensembl.UCSC:91863[1>0]
uc290llz.1	Ensembl.UCSC:91867[1]	ENSMUSG00000045751	Ensembl.UCSC:91867[1>0]
uc290lma.1	Ensembl.UCSC:91878[1]	ENSMUSG00000045751	Ensembl.UCSC:91878[1>0]
uc290lmb.1	Ensembl.UCSC:91883[1]	ENSMUSG00000045751	Ensembl.UCSC:91883[1>0]
uc290lmc.1	Ensembl.UCSC:91889[1]	ENSMUSG00000045751	Ensembl.UCSC:91889[1>0]
uc290lmd.1	Ensembl.UCSC:91891[1]	ENSMUSG00000045751	Ensembl.UCSC:91891[1>0]
uc290lme.1	Ensembl.UCSC:92199[1]	ENSMUSG00000040387	Ensembl.UCSC:92199[1>0]
uc290lmf.1	Ensembl.UCSC:92248[1]	ENSMUSG00000040387	Ensembl.UCSC:92248[1>0]
uc290lmg.1	Ensembl.UCSC:92250[1]	ENSMUSG00000040387	Ensembl.UCSC:92250[1>0]
uc290lmh.1	Ensembl.UCSC:92255[1]	ENSMUSG00000040387	Ensembl.UCSC:92255[1>0]
uc290lmi.1	Ensembl.UCSC:92258[1]	ENSMUSG00000040387	Ensembl.UCSC:92258[1>0]
uc290lmj.1	Ensembl.UCSC:92318[1]	ENSMUSG00000028261	Ensembl.UCSC:92318[1>0]
uc290lmk.1	Ensembl.UCSC:92321[1]	ENSMUSG00000028261	Ensembl.UCSC:92321[1>0]
uc290lml.1	Ensembl.UCSC:92326[1]	ENSMUSG00000046219	Ensembl.UCSC:92326[1>0]
uc290lmm.1	Ensembl.UCSC:92330[1]	ENSMUSG00000046219	Ensembl.UCSC:92330[1>0]
uc290lmn.1	Ensembl.UCSC:92332[1]	ENSMUSG00000046219	Ensembl.UCSC:92332[1>0]
uc290lmo.1	Ensembl.UCSC:92450[1]	ENSMUSG00000040372	Ensembl.UCSC:92450[1>0]
uc290lmp.1	Ensembl.UCSC:92456[1]	ENSMUSG00000085885	Ensembl.UCSC:92456[1>0]
uc290lmq.1	Ensembl.UCSC:92505[1]	ENSMUSG00000028259	Ensembl.UCSC:92505[1>0]
uc290lmr.1	Ensembl.UCSC:92602[1]	ENSMUSG00000040359	Ensembl.UCSC:92602[1>0]
uc290lms.1	Ensembl.UCSC:92774[1]	ENSMUSG00000040359	Ensembl.UCSC:92774[1>0]
uc290lmt.1	Ensembl.UCSC:92910[1]	ENSMUSG00000083737	Ensembl.UCSC:92910[1>0]
uc290lmu.1	Ensembl.UCSC:92912[1]	ENSMUSG00000081786	Ensembl.UCSC:92912[1>0]
uc290lmv.1	Ensembl.UCSC:92913[1]	ENSMUSG00000082451	Ensembl.UCSC:92913[1>0]
uc290lmw.1	Ensembl.UCSC:92917[1]	ENSMUSG00000089327	Ensembl.UCSC:92917[1>0]
uc290lmx.1	Ensembl.UCSC:92918[1]	ENSMUSG00000081369	Ensembl.UCSC:92918[1>0]
uc290lmy.1	Ensembl.UCSC:92920[1]	ENSMUSG00000081789	Ensembl.UCSC:92920[1>0]
uc290lmz.1	Ensembl.UCSC:92931[1]	ENSMUSG00000065040	Ensembl.UCSC:92931[1>0]
uc290lna.1	Ensembl.UCSC:92978[1]	ENSMUSG00000055373	Ensembl.UCSC:92978[1>0]
uc290lnb.1	Ensembl.UCSC:92980[1]	ENSMUSG00000065048	Ensembl.UCSC:92980[1>0]
uc290lnc.1	Ensembl.UCSC:92981[1]	ENSMUSG00000083835	Ensembl.UCSC:92981[1>0]
uc290lnd.1	Ensembl.UCSC:92983[1]	ENSMUSG00002075069	Ensembl.UCSC:92983[1>0]
uc290lne.1	Ensembl.UCSC:92984[1]	ENSMUSG00000084018	Ensembl.UCSC:92984[1>0]
uc290lnf.1	Ensembl.UCSC:92986[1]	ENSMUSG00000088547	Ensembl.UCSC:92986[1>0]
uc290lng.1	Ensembl.UCSC:92999[1]	ENSMUSG00000040520	Ensembl.UCSC:92999[1>0]
uc290lnh.1	Ensembl.UCSC:93002[1]	ENSMUSG00000040520	Ensembl.UCSC:93002[1>0]
uc290lni.1	Ensembl.UCSC:93004[1]	ENSMUSG00000040520	Ensembl.UCSC:93004[1>0]
uc290lnj.1	Ensembl.UCSC:93005[1]	ENSMUSG00000096105	Ensembl.UCSC:93005[1>0]
uc290lnk.1	Ensembl.UCSC:93006[1]	ENSMUSG00000082573	Ensembl.UCSC:93006[1>0]
uc290lnl.1	Ensembl.UCSC:93007[1]	ENSMUSG00000081985	Ensembl.UCSC:93007[1>0]
uc290lnm.1	Ensembl.UCSC:93008[1]	ENSMUSG00000082138	Ensembl.UCSC:93008[1>0]
uc290lnn.1	Ensembl.UCSC:93010[1]	ENSMUSG00000083447	Ensembl.UCSC:93010[1>0]
uc290lno.1	Ensembl.UCSC:93012[1]	ENSMUSG00000080958	Ensembl.UCSC:93012[1>0]
uc290lnp.1	Ensembl.UCSC:93013[1]	ENSMUSG00000084163	Ensembl.UCSC:93013[1>0]
uc290lnq.1	Ensembl.UCSC:93015[1]	ENSMUSG00000095003	Ensembl.UCSC:93015[1>0]
uc290lnr.1	Ensembl.UCSC:93016[1]	ENSMUSG00000082674	Ensembl.UCSC:93016[1>0]
uc290lns.1	Ensembl.UCSC:93018[1]	ENSMUSG00000080175	Ensembl.UCSC:93018[1>0]
uc290lnt.1	Ensembl.UCSC:93019[1]	ENSMUSG00000082977	Ensembl.UCSC:93019[1>0]
uc290lnu.1	Ensembl.UCSC:93020[1]	ENSMUSG00000082703	Ensembl.UCSC:93020[1>0]
uc290lnv.1	Ensembl.UCSC:93022[1]	ENSMUSG00000077521	Ensembl.UCSC:93022[1>0]
uc290lnw.1	Ensembl.UCSC:93023[1]	ENSMUSG00000082359	Ensembl.UCSC:93023[1>0]
uc290lnx.1	Ensembl.UCSC:93024[1]	ENSMUSG00000081579	Ensembl.UCSC:93024[1>0]
uc290lny.1	Ensembl.UCSC:93026[1]	ENSMUSG00000084073	Ensembl.UCSC:93026[1>0]
uc290lnz.1	Ensembl.UCSC:93027[1]	ENSMUSG00000083214	Ensembl.UCSC:93027[1>0]
uc290loa.1	Ensembl.UCSC:93028[1]	ENSMUSG00000081011	Ensembl.UCSC:93028[1>0]
uc290lob.1	Ensembl.UCSC:93408[1]	ENSMUSG00000028289	Ensembl.UCSC:93408[1>0]
uc290loc.1	Ensembl.UCSC:93418[1]	ENSMUSG00000028289	Ensembl.UCSC:93418[1>0]
uc290lod.1	Ensembl.UCSC:93438[1]	ENSMUSG00000086774	Ensembl.UCSC:93438[1>0]
uc290loe.1	Ensembl.UCSC:93420[1]	ENSMUSG00000028289	Ensembl.UCSC:93420[1>0]
uc290lof.1	Ensembl.UCSC:93431[1]	ENSMUSG00000028289	Ensembl.UCSC:93431[1>0]
uc290log.1	Ensembl.UCSC:93436[1]	ENSMUSG00000028289	Ensembl.UCSC:93436[1>0]
uc290loh.1	Ensembl.UCSC:93443[1]	ENSMUSG00000087316	Ensembl.UCSC:93443[1>0]
uc290loi.1	Ensembl.UCSC:93447[1]	ENSMUSG00000086339	Ensembl.UCSC:93447[1>0]
uc290loj.1	Ensembl.UCSC:93448[1]	ENSMUSG00000080911	Ensembl.UCSC:93448[1>0]
uc290lok.1	Ensembl.UCSC:93451[1]	ENSMUSG00000082486	Ensembl.UCSC:93451[1>0]
uc290lol.1	Ensembl.UCSC:93453[1]	ENSMUSG00000082058	Ensembl.UCSC:93453[1>0]
uc290lom.1	Ensembl.UCSC:93455[1]	ENSMUSG00000080771	Ensembl.UCSC:93455[1>0]
uc290lon.1	Ensembl.UCSC:93460[1]	ENSMUSG00000087180	Ensembl.UCSC:93460[1>0]
uc290loo.1	Ensembl.UCSC:93465[1]	ENSMUSG00000085522	Ensembl.UCSC:93465[1>0]
uc290lop.1	Ensembl.UCSC:93469[1]	ENSMUSG00002075233	Ensembl.UCSC:93469[1>0]
uc290loq.1	Ensembl.UCSC:93472[1]	ENSMUSG00000082949	Ensembl.UCSC:93472[1>0]
uc290lor.1	Ensembl.UCSC:93473[1]	ENSMUSG00000065053	Ensembl.UCSC:93473[1>0]
uc290los.1	Ensembl.UCSC:93474[1]	ENSMUSG00000082254	Ensembl.UCSC:93474[1>0]
uc290lot.1	Ensembl.UCSC:93787[1]	ENSMUSG00000028284	Ensembl.UCSC:93787[1>0]
uc290lou.1	Ensembl.UCSC:93789[1]	ENSMUSG00000028284	Ensembl.UCSC:93789[1>0]
uc290lov.1	Ensembl.UCSC:93798[1]	ENSMUSG00000028284	Ensembl.UCSC:93798[1>0]
uc290low.1	Ensembl.UCSC:93801[1]	ENSMUSG00000028284	Ensembl.UCSC:93801[1>0]
uc290lox.1	Ensembl.UCSC:93820[1]	ENSMUSG00000028284	Ensembl.UCSC:93820[1>0]
uc290loy.1	Ensembl.UCSC:93815[1]	ENSMUSG00000028284	Ensembl.UCSC:93815[1>0]
uc290loz.1	Ensembl.UCSC:93825[1]	ENSMUSG00000084201	Ensembl.UCSC:93825[1>0]
uc290lpa.1	Ensembl.UCSC:93824[1]	ENSMUSG00000028284	Ensembl.UCSC:93824[1>0]
uc290lpb.1	Ensembl.UCSC:93826[1]	ENSMUSG00000084440	Ensembl.UCSC:93826[1>0]
uc290lpc.1	Ensembl.UCSC:93827[1]	ENSMUSG00000082398	Ensembl.UCSC:93827[1>0]
uc290lpd.1	Ensembl.UCSC:93828[1]	ENSMUSG00000083872	Ensembl.UCSC:93828[1>0]
uc290lpe.1	Ensembl.UCSC:93829[1]	ENSMUSG00000083564	Ensembl.UCSC:93829[1>0]
uc290lpf.1	Ensembl.UCSC:93842[1]	ENSMUSG00000040270	Ensembl.UCSC:93842[1>0]
uc290lpg.1	Ensembl.UCSC:93844[1]	ENSMUSG00000040270	Ensembl.UCSC:93844[1>0]
uc290lph.1	Ensembl.UCSC:93846[1]	ENSMUSG00000040270	Ensembl.UCSC:93846[1>0]
uc290lpi.1	Ensembl.UCSC:93847[1]	ENSMUSG00000040270	Ensembl.UCSC:93847[1>0]
uc290lpj.1	Ensembl.UCSC:93859[1]	ENSMUSG00002075802	Ensembl.UCSC:93859[1>0]
uc290lpk.1	Ensembl.UCSC:93869[1]	ENSMUSG00000086150	Ensembl.UCSC:93869[1>0]
uc290lpl.1	Ensembl.UCSC:93865[1]	ENSMUSG00000086150	Ensembl.UCSC:93865[1>0]
uc290lpm.1	Ensembl.UCSC:93848[1]	ENSMUSG00000040270	Ensembl.UCSC:93848[1>0]
uc290lpn.1	Ensembl.UCSC:93871[1]	ENSMUSG00000051056	Ensembl.UCSC:93871[1>0]
uc290lpo.1	Ensembl.UCSC:93873[1]	ENSMUSG00000081879	Ensembl.UCSC:93873[1>0]
uc290lpp.1	Ensembl.UCSC:93929[1]	ENSMUSG00000028282	Ensembl.UCSC:93929[1>0]
uc290lpq.1	Ensembl.UCSC:93923[1]	ENSMUSG00000028282	Ensembl.UCSC:93923[1>0]
uc290lpr.1	Ensembl.UCSC:93916[1]	ENSMUSG00000028282	Ensembl.UCSC:93916[1>0]
uc290lps.1	Ensembl.UCSC:93937[1]	ENSMUSG00000081592	Ensembl.UCSC:93937[1>0]
uc290lpt.1	Ensembl.UCSC:94690[1]	ENSMUSG00000058006	Ensembl.UCSC:94690[1>0]
uc290lpu.1	Ensembl.UCSC:94706[1]	ENSMUSG00000058006	Ensembl.UCSC:94706[1>0]
uc290lpv.1	Ensembl.UCSC:94720[1]	ENSMUSG00000058006	Ensembl.UCSC:94720[1>0]
uc290lpw.1	Ensembl.UCSC:94724[1]	ENSMUSG00000058006	Ensembl.UCSC:94724[1>0]
uc290lpx.1	Ensembl.UCSC:94726[1]	ENSMUSG00000058006	Ensembl.UCSC:94726[1>0]
uc290lpy.1	Ensembl.UCSC:94716[1]	ENSMUSG00000058006	Ensembl.UCSC:94716[1>0]
uc290lpz.1	Ensembl.UCSC:94735[1]	ENSMUSG00000058006	Ensembl.UCSC:94735[1>0]
uc290lqa.1	Ensembl.UCSC:94731[1]	ENSMUSG00000058006	Ensembl.UCSC:94731[1>0]
uc290lqb.1	Ensembl.UCSC:94733[1]	ENSMUSG00000058006	Ensembl.UCSC:94733[1>0]
uc290lqc.1	Ensembl.UCSC:94757[1]	ENSMUSG00000045854	Ensembl.UCSC:94757[1>0]
uc290lqd.1	Ensembl.UCSC:94760[1]	ENSMUSG00000045854	Ensembl.UCSC:94760[1>0]
uc290lqe.1	Ensembl.UCSC:95395[1]	ENSMUSG00000040183	Ensembl.UCSC:95395[1>0]
uc290lqf.1	Ensembl.UCSC:95401[1]	ENSMUSG00000040183	Ensembl.UCSC:95401[1>0]
uc290lqg.1	Ensembl.UCSC:95413[1]	ENSMUSG00000040183	Ensembl.UCSC:95413[1>0]
uc290lqh.1	Ensembl.UCSC:95409[1]	ENSMUSG00000040183	Ensembl.UCSC:95409[1>0]
uc290lqi.1	Ensembl.UCSC:95411[1]	ENSMUSG00000040183	Ensembl.UCSC:95411[1>0]
uc290lqj.1	Ensembl.UCSC:95422[1]	ENSMUSG00000083565	Ensembl.UCSC:95422[1>0]
uc290lqk.1	Ensembl.UCSC:95424[1]	ENSMUSG00000094344	Ensembl.UCSC:95424[1>0]
uc290lql.1	Ensembl.UCSC:95630[1]	ENSMUSG00000028278	Ensembl.UCSC:95630[1>0]
uc290lqm.1	Ensembl.UCSC:95650[1]	ENSMUSG00000081025	Ensembl.UCSC:95650[1>0]
uc290lqn.1	Ensembl.UCSC:95632[1]	ENSMUSG00000028278	Ensembl.UCSC:95632[1>0]
uc290lqo.1	Ensembl.UCSC:95756[1]	ENSMUSG00000028277	Ensembl.UCSC:95756[1>0]
uc290lqp.1	Ensembl.UCSC:95753[1]	ENSMUSG00000028277	Ensembl.UCSC:95753[1>0]
uc290lqq.1	Ensembl.UCSC:95758[1]	ENSMUSG00000082851	Ensembl.UCSC:95758[1>0]
uc290lqr.1	Ensembl.UCSC:95790[1]	ENSMUSG00000023267	Ensembl.UCSC:95790[1>0]
uc290lqs.1	Ensembl.UCSC:95794[1]	ENSMUSG00000023267	Ensembl.UCSC:95794[1>0]
uc290lqt.1	Ensembl.UCSC:95796[1]	ENSMUSG00000023267	Ensembl.UCSC:95796[1>0]
uc290lqu.1	Ensembl.UCSC:96011[1]	ENSMUSG00000083887	Ensembl.UCSC:96011[1>0]
uc290lqv.1	Ensembl.UCSC:96027[1]	ENSMUSG00000054679	Ensembl.UCSC:96027[1>0]
uc290lqw.1	Ensembl.UCSC:96035[1]	ENSMUSG00000040128	Ensembl.UCSC:96035[1>0]
uc290lqx.1	Ensembl.UCSC:96028[1]	ENSMUSG00000040128	Ensembl.UCSC:96028[1>0]
uc290lqy.1	Ensembl.UCSC:96077[1]	ENSMUSG00000086127	Ensembl.UCSC:96077[1>0]
uc290lqz.1	Ensembl.UCSC:96624[1]	ENSMUSG00000028274	Ensembl.UCSC:96624[1>0]
uc290lra.1	Ensembl.UCSC:96627[1]	ENSMUSG00000028274	Ensembl.UCSC:96627[1>0]
uc290lrb.1	Ensembl.UCSC:96630[1]	ENSMUSG00000028274	Ensembl.UCSC:96630[1>0]
uc290lrc.1	Ensembl.UCSC:96649[1]	ENSMUSG00000081206	Ensembl.UCSC:96649[1>0]
uc290lrd.1	Ensembl.UCSC:96650[1]	ENSMUSG00002075451	Ensembl.UCSC:96650[1>0]
uc290lre.1	Ensembl.UCSC:96651[1]	ENSMUSG00000077397	Ensembl.UCSC:96651[1>0]
uc290lrf.1	Ensembl.UCSC:96713[1]	ENSMUSG00000044288	Ensembl.UCSC:96713[1>0]
uc290lrg.1	Ensembl.UCSC:96751[1]	ENSMUSG00002075734	Ensembl.UCSC:96751[1>0]
uc290lrh.1	Ensembl.UCSC:96902[1]	ENSMUSG00000087841	Ensembl.UCSC:96902[1>0]
uc290lri.1	Ensembl.UCSC:96903[1]	ENSMUSG00000087602	Ensembl.UCSC:96903[1>0]
uc290lrj.1	Ensembl.UCSC:96905[1]	ENSMUSG00000062554	Ensembl.UCSC:96905[1>0]
uc290lrk.1	Ensembl.UCSC:96916[1]	ENSMUSG00000081384	Ensembl.UCSC:96916[1>0]
uc290lrl.1	Ensembl.UCSC:96917[1]	ENSMUSG00000082649	Ensembl.UCSC:96917[1>0]
uc290lrm.1	Ensembl.UCSC:96919[1]	ENSMUSG00002076201	Ensembl.UCSC:96919[1>0]
uc290lrn.1	Ensembl.UCSC:96936[1]	ENSMUSG00000084119	Ensembl.UCSC:96936[1>0]
uc290lro.1	Ensembl.UCSC:96937[1]	ENSMUSG00000095588	Ensembl.UCSC:96937[1>0]
uc290lrp.1	Ensembl.UCSC:97024[1]	ENSMUSG00000028291	Ensembl.UCSC:97024[1>0]
uc290lrq.1	Ensembl.UCSC:97765[1]	ENSMUSG00000040044	Ensembl.UCSC:97765[1>0]
uc290lrr.1	Ensembl.UCSC:97747[1]	ENSMUSG00000040044	Ensembl.UCSC:97747[1>0]
uc290lrs.1	Ensembl.UCSC:97771[1]	ENSMUSG00000040044	Ensembl.UCSC:97771[1>0]
uc290lrt.1	Ensembl.UCSC:97774[1]	ENSMUSG00000040044	Ensembl.UCSC:97774[1>0]
uc290lru.1	Ensembl.UCSC:97770[1]	ENSMUSG00000040044	Ensembl.UCSC:97770[1>0]
uc290lrv.1	Ensembl.UCSC:97768[1]	ENSMUSG00000040044	Ensembl.UCSC:97768[1>0]
uc290lrw.1	Ensembl.UCSC:97766[1]	ENSMUSG00000040044	Ensembl.UCSC:97766[1>0]
uc290lrx.1	Ensembl.UCSC:97767[1]	ENSMUSG00000040044	Ensembl.UCSC:97767[1>0]
uc290lry.1	Ensembl.UCSC:98162[1]	ENSMUSG00000028292	Ensembl.UCSC:98162[1>0]
uc290lrz.1	Ensembl.UCSC:98176[1]	ENSMUSG00000028292	Ensembl.UCSC:98176[1>0]
uc290lsa.1	Ensembl.UCSC:98199[1]	ENSMUSG00000028292	Ensembl.UCSC:98199[1>0]
uc290lsb.1	Ensembl.UCSC:98208[1]	ENSMUSG00000028292	Ensembl.UCSC:98208[1>0]
uc290lsc.1	Ensembl.UCSC:98219[1]	ENSMUSG00000028292	Ensembl.UCSC:98219[1>0]
uc290lsd.1	Ensembl.UCSC:98225[1]	ENSMUSG00000028292	Ensembl.UCSC:98225[1>0]
uc290lse.1	Ensembl.UCSC:98405[1]	ENSMUSG00000028293	Ensembl.UCSC:98405[1>0]
uc290lsf.1	Ensembl.UCSC:98413[1]	ENSMUSG00000028293	Ensembl.UCSC:98413[1>0]
uc290lsg.1	Ensembl.UCSC:98418[1]	ENSMUSG00000028293	Ensembl.UCSC:98418[1>0]
uc290lsh.1	Ensembl.UCSC:98421[1]	ENSMUSG00000028293	Ensembl.UCSC:98421[1>0]
uc290lsi.1	Ensembl.UCSC:98425[1]	ENSMUSG00002076527	Ensembl.UCSC:98425[1>0]
uc290lsj.1	Ensembl.UCSC:98656[1]	ENSMUSG00000028294	Ensembl.UCSC:98656[1>0]
uc290lsk.1	Ensembl.UCSC:98665[1]	ENSMUSG00000028294	Ensembl.UCSC:98665[1>0]
uc290lsl.1	Ensembl.UCSC:98669[1]	ENSMUSG00000028294	Ensembl.UCSC:98669[1>0]
uc290lsm.1	Ensembl.UCSC:98674[1]	ENSMUSG00000028294	Ensembl.UCSC:98674[1>0]
uc290lsn.1	Ensembl.UCSC:98781[1]	ENSMUSG00000028295	Ensembl.UCSC:98781[1>0]
uc290lso.1	Ensembl.UCSC:98790[1]	ENSMUSG00000028295	Ensembl.UCSC:98790[1>0]
uc290lsp.1	Ensembl.UCSC:98795[1]	ENSMUSG00000028295	Ensembl.UCSC:98795[1>0]
uc290lsq.1	Ensembl.UCSC:98805[1]	ENSMUSG00000028295	Ensembl.UCSC:98805[1>0]
uc290lsr.1	Ensembl.UCSC:98806[1]	ENSMUSG00000028295	Ensembl.UCSC:98806[1>0]
uc290lss.1	Ensembl.UCSC:98808[1]	ENSMUSG00000028295	Ensembl.UCSC:98808[1>0]
uc290lst.1	Ensembl.UCSC:98833[1]	ENSMUSG00000082367	Ensembl.UCSC:98833[1>0]
uc290lsu.1	Ensembl.UCSC:98861[1]	ENSMUSG00000028298	Ensembl.UCSC:98861[1>0]
uc290lsv.1	Ensembl.UCSC:98862[1]	ENSMUSG00000028298	Ensembl.UCSC:98862[1>0]
uc290lsw.1	Ensembl.UCSC:98870[1]	ENSMUSG00000085824	Ensembl.UCSC:98870[1>0]
uc290lsx.1	Ensembl.UCSC:98875[1]	ENSMUSG00000083956	Ensembl.UCSC:98875[1>0]
uc290lsy.1	Ensembl.UCSC:98876[1]	ENSMUSG00000082709	Ensembl.UCSC:98876[1>0]
uc290lsz.1	Ensembl.UCSC:98907[1]	ENSMUSG00000086792	Ensembl.UCSC:98907[1>0]
uc290lta.1	Ensembl.UCSC:99010[1]	ENSMUSG00000028300	Ensembl.UCSC:99010[1>0]
uc290ltb.1	Ensembl.UCSC:99011[1]	ENSMUSG00000028300	Ensembl.UCSC:99011[1>0]
uc290ltc.1	Ensembl.UCSC:99012[1]	ENSMUSG00000028300	Ensembl.UCSC:99012[1>0]
uc290ltd.1	Ensembl.UCSC:99013[1]	ENSMUSG00000028300	Ensembl.UCSC:99013[1>0]
uc290lte.1	Ensembl.UCSC:99015[1]	ENSMUSG00000084828	Ensembl.UCSC:99015[1>0]
uc290ltf.1	Ensembl.UCSC:99016[1]	ENSMUSG00000084828	Ensembl.UCSC:99016[1>0]
uc290ltg.1	Ensembl.UCSC:99022[1]	ENSMUSG00000083934	Ensembl.UCSC:99022[1>0]
uc290lth.1	Ensembl.UCSC:99024[1]	ENSMUSG00000083851	Ensembl.UCSC:99024[1>0]
uc290lti.1	Ensembl.UCSC:99078[1]	ENSMUSG00000045083	Ensembl.UCSC:99078[1>0]
uc290ltj.1	Ensembl.UCSC:99084[1]	ENSMUSG00000082169	Ensembl.UCSC:99084[1>0]
uc290ltk.1	Ensembl.UCSC:99063[1]	ENSMUSG00000045083	Ensembl.UCSC:99063[1>0]
uc290ltl.1	Ensembl.UCSC:99087[1]	ENSMUSG00000084352	Ensembl.UCSC:99087[1>0]
uc290ltm.1	Ensembl.UCSC:99067[1]	ENSMUSG00000045083	Ensembl.UCSC:99067[1>0]
uc290ltn.1	Ensembl.UCSC:99070[1]	ENSMUSG00000045083	Ensembl.UCSC:99070[1>0]
uc290lto.1	Ensembl.UCSC:99072[1]	ENSMUSG00000045083	Ensembl.UCSC:99072[1>0]
uc290ltp.1	Ensembl.UCSC:99095[1]	ENSMUSG00002075100	Ensembl.UCSC:99095[1>0]
uc290ltq.1	Ensembl.UCSC:99076[1]	ENSMUSG00000045083	Ensembl.UCSC:99076[1>0]
uc290ltr.1	Ensembl.UCSC:115969[1]	ENSMUSG00000084898	Ensembl.UCSC:115969[1>0]
uc290lts.1	Ensembl.UCSC:99097[1]	ENSMUSG00000080969	Ensembl.UCSC:99097[1>0]
uc290ltt.1	Ensembl.UCSC:99099[1]	ENSMUSG00000082732	Ensembl.UCSC:99099[1>0]
uc290ltu.1	Ensembl.UCSC:99109[1]	ENSMUSG00000086026	Ensembl.UCSC:99109[1>0]
uc290ltv.1	Ensembl.UCSC:99113[1]	ENSMUSG00000088718	Ensembl.UCSC:99113[1>0]
uc290ltw.1	Ensembl.UCSC:99116[1]	ENSMUSG00000083983	Ensembl.UCSC:99116[1>0]
uc290ltx.1	Ensembl.UCSC:99118[1]	ENSMUSG00000080057	Ensembl.UCSC:99118[1>0]
uc290lty.1	Ensembl.UCSC:99121[1]	ENSMUSG00000082899	Ensembl.UCSC:99121[1>0]
uc290ltz.1	Ensembl.UCSC:99124[1]	ENSMUSG00000084148	Ensembl.UCSC:99124[1>0]
uc290lua.1	Ensembl.UCSC:115529[1]	ENSMUSG00000085632	Ensembl.UCSC:115529[1>0]
uc290lub.1	Ensembl.UCSC:99126[1]	ENSMUSG00000081427	Ensembl.UCSC:99126[1>0]
uc290luc.1	Ensembl.UCSC:99128[1]	ENSMUSG00000065344	Ensembl.UCSC:99128[1>0]
uc290lud.1	Ensembl.UCSC:99129[1]	ENSMUSG00000082238	Ensembl.UCSC:99129[1>0]
uc290lue.1	Ensembl.UCSC:99131[1]	ENSMUSG00000077738	Ensembl.UCSC:99131[1>0]
uc290luf.1	Ensembl.UCSC:99144[1]	ENSMUSG00000090839	Ensembl.UCSC:99144[1>0]
uc290lug.1	Ensembl.UCSC:99168[1]	ENSMUSG00000082302	Ensembl.UCSC:99168[1>0]
uc290luh.1	Ensembl.UCSC:99171[1]	ENSMUSG00000083271	Ensembl.UCSC:99171[1>0]
uc290lui.1	Ensembl.UCSC:99173[1]	ENSMUSG00000082022	Ensembl.UCSC:99173[1>0]
uc290luj.1	Ensembl.UCSC:99176[1]	ENSMUSG00000088339	Ensembl.UCSC:99176[1>0]
uc290luk.1	Ensembl.UCSC:99177[1]	ENSMUSG00000084220	Ensembl.UCSC:99177[1>0]
uc290lul.1	Ensembl.UCSC:99181[1]	ENSMUSG00000088526	Ensembl.UCSC:99181[1>0]
uc290lum.1	Ensembl.UCSC:99183[1]	ENSMUSG00000083202	Ensembl.UCSC:99183[1>0]
uc290lun.1	Ensembl.UCSC:99185[1]	ENSMUSG00000081352	Ensembl.UCSC:99185[1>0]
uc290luo.1	Ensembl.UCSC:99293[1]	ENSMUSG00000028405	Ensembl.UCSC:99293[1>0]
uc290lup.1	Ensembl.UCSC:99298[1]	ENSMUSG00000028405	Ensembl.UCSC:99298[1>0]
uc290luq.1	Ensembl.UCSC:99295[1]	ENSMUSG00000028405	Ensembl.UCSC:99295[1>0]
uc290lur.1	Ensembl.UCSC:99559[1]	ENSMUSG00000040296	Ensembl.UCSC:99559[1>0]
uc290lus.1	Ensembl.UCSC:99557[1]	ENSMUSG00000040296	Ensembl.UCSC:99557[1>0]
uc290lut.1	Ensembl.UCSC:99561[1]	ENSMUSG00000040296	Ensembl.UCSC:99561[1>0]
uc290luu.1	Ensembl.UCSC:99551[1]	ENSMUSG00000040296	Ensembl.UCSC:99551[1>0]
uc290luv.1	Ensembl.UCSC:99533[1]	ENSMUSG00000040296	Ensembl.UCSC:99533[1>0]
uc290luw.1	Ensembl.UCSC:99540[1]	ENSMUSG00000040296	Ensembl.UCSC:99540[1>0]
uc290lux.1	Ensembl.UCSC:99554[1]	ENSMUSG00000040296	Ensembl.UCSC:99554[1>0]
uc290luy.1	Ensembl.UCSC:99587[1]	ENSMUSG00000028407	Ensembl.UCSC:99587[1>0]
uc290luz.1	Ensembl.UCSC:99606[1]	ENSMUSG00000071014	Ensembl.UCSC:99606[1>0]
uc290lva.1	Ensembl.UCSC:99614[1]	ENSMUSG00000089585	Ensembl.UCSC:99614[1>0]
uc290lvb.1	Ensembl.UCSC:100979[1]	ENSMUSG00000081720	Ensembl.UCSC:100979[1>0]
uc290lvc.1	Ensembl.UCSC:101041[1]	ENSMUSG00000028411	Ensembl.UCSC:101041[1>0]
uc290lvd.1	Ensembl.UCSC:101063[1]	ENSMUSG00000028411	Ensembl.UCSC:101063[1>0]
uc290lve.1	Ensembl.UCSC:101062[1]	ENSMUSG00000028411	Ensembl.UCSC:101062[1>0]
uc290lvf.1	Ensembl.UCSC:101071[1]	ENSMUSG00000082008	Ensembl.UCSC:101071[1>0]
uc290lvh.1	Ensembl.UCSC:101271[1]	ENSMUSG00000028410	Ensembl.UCSC:101271[1>0]
uc290lvi.1	Ensembl.UCSC:101292[1]	ENSMUSG00000028410	Ensembl.UCSC:101292[1>0]
uc290lvj.1	Ensembl.UCSC:101269[1]	ENSMUSG00000028410	Ensembl.UCSC:101269[1>0]
uc290lvk.1	Ensembl.UCSC:101273[1]	ENSMUSG00000028410	Ensembl.UCSC:101273[1>0]
uc290lvl.1	Ensembl.UCSC:101302[1]	ENSMUSG00000028410	Ensembl.UCSC:101302[1>0]
uc290lvm.1	Ensembl.UCSC:101282[1]	ENSMUSG00000028410	Ensembl.UCSC:101282[1>0]
uc290lvn.1	Ensembl.UCSC:101279[1]	ENSMUSG00000028410	Ensembl.UCSC:101279[1>0]
uc290lvo.1	Ensembl.UCSC:101297[1]	ENSMUSG00000028410	Ensembl.UCSC:101297[1>0]
uc290lvp.1	Ensembl.UCSC:101464[1]	ENSMUSG00000028409	Ensembl.UCSC:101464[1>0]
uc290lvq.1	Ensembl.UCSC:101468[1]	ENSMUSG00000028409	Ensembl.UCSC:101468[1>0]
uc290lvr.1	Ensembl.UCSC:101470[1]	ENSMUSG00000028409	Ensembl.UCSC:101470[1>0]
uc290lvs.1	Ensembl.UCSC:101471[1]	ENSMUSG00000056412	Ensembl.UCSC:101471[1>0]
uc290lvt.1	Ensembl.UCSC:101537[1]	ENSMUSG00000028413	Ensembl.UCSC:101537[1>0]
uc290lvu.1	Ensembl.UCSC:101543[1]	ENSMUSG00002075456	Ensembl.UCSC:101543[1>0]
uc290lvv.1	Ensembl.UCSC:101545[1]	ENSMUSG00002075913	Ensembl.UCSC:101545[1>0]
uc290lvw.1	Ensembl.UCSC:101547[1]	ENSMUSG00000081309	Ensembl.UCSC:101547[1>0]
uc290lvx.1	Ensembl.UCSC:101566[1]	ENSMUSG00000028415	Ensembl.UCSC:101566[1>0]
uc290lvy.1	Ensembl.UCSC:101834[1]	ENSMUSG00000028416	Ensembl.UCSC:101834[1>0]
uc290lvz.1	Ensembl.UCSC:101835[1]	ENSMUSG00000028416	Ensembl.UCSC:101835[1>0]
uc290lwb.1	Ensembl.UCSC:102205[1]	ENSMUSG00000028423	Ensembl.UCSC:102205[1>0]
uc290lwc.1	Ensembl.UCSC:102209[1]	ENSMUSG00000028423	Ensembl.UCSC:102209[1>0]
uc290lwd.1	Ensembl.UCSC:102201[1]	ENSMUSG00000028423	Ensembl.UCSC:102201[1>0]
uc290lwe.1	Ensembl.UCSC:102210[1]	ENSMUSG00000028423	Ensembl.UCSC:102210[1>0]
uc290lwf.1	Ensembl.UCSC:102254[1]	ENSMUSG00000028427	Ensembl.UCSC:102254[1>0]
uc290lwg.1	Ensembl.UCSC:102256[1]	ENSMUSG00000028427	Ensembl.UCSC:102256[1>0]
uc290lwh.1	Ensembl.UCSC:102257[1]	ENSMUSG00000088154	Ensembl.UCSC:102257[1>0]
uc290lwi.1	Ensembl.UCSC:102283[1]	ENSMUSG00000028435	Ensembl.UCSC:102283[1>0]
uc290lwj.1	Ensembl.UCSC:102539[1]	ENSMUSG00000028430	Ensembl.UCSC:102539[1>0]
uc290lwk.1	Ensembl.UCSC:102542[1]	ENSMUSG00000028430	Ensembl.UCSC:102542[1>0]
uc290lwl.1	Ensembl.UCSC:102543[1]	ENSMUSG00000028430	Ensembl.UCSC:102543[1>0]
uc290lwm.1	Ensembl.UCSC:102545[1]	ENSMUSG00000081437	Ensembl.UCSC:102545[1>0]
uc290lwn.1	Ensembl.UCSC:102574[1]	ENSMUSG00000082186	Ensembl.UCSC:102574[1>0]
uc290lwo.1	Ensembl.UCSC:102575[1]	ENSMUSG00002076291	Ensembl.UCSC:102575[1>0]
uc290lwp.1	Ensembl.UCSC:102568[1]	ENSMUSG00000036241	Ensembl.UCSC:102568[1>0]
uc290lwq.1	Ensembl.UCSC:102572[1]	ENSMUSG00000036241	Ensembl.UCSC:102572[1>0]
uc290lwr.1	Ensembl.UCSC:102754[1]	ENSMUSG00000028433	Ensembl.UCSC:102754[1>0]
uc290lws.1	Ensembl.UCSC:102745[1]	ENSMUSG00000028433	Ensembl.UCSC:102745[1>0]
uc290lwt.1	Ensembl.UCSC:102743[1]	ENSMUSG00000028433	Ensembl.UCSC:102743[1>0]
uc290lwu.1	Ensembl.UCSC:102759[1]	ENSMUSG00000089265	Ensembl.UCSC:102759[1>0]
uc290lwv.1	Ensembl.UCSC:102746[1]	ENSMUSG00000028433	Ensembl.UCSC:102746[1>0]
uc290lww.1	Ensembl.UCSC:102760[1]	ENSMUSG00000089308	Ensembl.UCSC:102760[1>0]
uc290lwx.1	Ensembl.UCSC:102910[1]	ENSMUSG00000093562	Ensembl.UCSC:102910[1>0]
uc290lwy.1	Ensembl.UCSC:102739[1]	ENSMUSG00000028433	Ensembl.UCSC:102739[1>0]
uc290lwz.1	Ensembl.UCSC:102741[1]	ENSMUSG00000028433	Ensembl.UCSC:102741[1>0]
uc290lxa.1	Ensembl.UCSC:102911[1]	ENSMUSG00000081866	Ensembl.UCSC:102911[1>0]
uc290lxb.1	Ensembl.UCSC:102751[1]	ENSMUSG00000028433	Ensembl.UCSC:102751[1>0]
uc290lxc.1	Ensembl.UCSC:102955[1]	ENSMUSG00002076082	Ensembl.UCSC:102955[1>0]
uc290lxd.1	Ensembl.UCSC:102957[1]	ENSMUSG00000087938	Ensembl.UCSC:102957[1>0]
uc290lxe.1	Ensembl.UCSC:102960[1]	ENSMUSG00000088528	Ensembl.UCSC:102960[1>0]
uc290lxf.1	Ensembl.UCSC:103117[1]	ENSMUSG00000028437	Ensembl.UCSC:103117[1>0]
uc290lxg.1	Ensembl.UCSC:103115[1]	ENSMUSG00000028437	Ensembl.UCSC:103115[1>0]
uc290lxh.1	Ensembl.UCSC:103116[1]	ENSMUSG00000028437	Ensembl.UCSC:103116[1>0]
uc290lxi.1	Ensembl.UCSC:103210[1]	ENSMUSG00000028438	Ensembl.UCSC:103210[1>0]
uc290lxj.1	Ensembl.UCSC:103211[1]	ENSMUSG00000028438	Ensembl.UCSC:103211[1>0]
uc290lxk.1	Ensembl.UCSC:103201[1]	ENSMUSG00000028438	Ensembl.UCSC:103201[1>0]
uc290lxl.1	Ensembl.UCSC:103208[1]	ENSMUSG00000028438	Ensembl.UCSC:103208[1>0]
uc290lxm.1	Ensembl.UCSC:103206[1]	ENSMUSG00000028438	Ensembl.UCSC:103206[1>0]
uc290lxn.1	Ensembl.UCSC:103231[1]	ENSMUSG00000046312	Ensembl.UCSC:103231[1>0]
uc290lxo.1	Ensembl.UCSC:103255[1]	ENSMUSG00000028441	Ensembl.UCSC:103255[1>0]
uc290lxp.1	Ensembl.UCSC:103258[1]	ENSMUSG00000028441	Ensembl.UCSC:103258[1>0]
uc290lxq.1	Ensembl.UCSC:103288[1]	ENSMUSG00000028441	Ensembl.UCSC:103288[1>0]
uc290lxr.1	Ensembl.UCSC:103317[1]	ENSMUSG00000028441	Ensembl.UCSC:103317[1>0]
uc290lxs.1	Ensembl.UCSC:103319[1]	ENSMUSG00000028441	Ensembl.UCSC:103319[1>0]
uc290lxt.1	Ensembl.UCSC:103364[1]	ENSMUSG00000028439	Ensembl.UCSC:103364[1>0]
uc290lxu.1	Ensembl.UCSC:103366[1]	ENSMUSG00000028439	Ensembl.UCSC:103366[1>0]
uc290lxv.1	Ensembl.UCSC:103367[1]	ENSMUSG00000028439	Ensembl.UCSC:103367[1>0]
uc290lxw.1	Ensembl.UCSC:103446[1]	ENSMUSG00000061322	Ensembl.UCSC:103446[1>0]
uc290lxx.1	Ensembl.UCSC:103447[1]	ENSMUSG00000061322	Ensembl.UCSC:103447[1>0]
uc290lxy.1	Ensembl.UCSC:103463[1]	ENSMUSG00000084761	Ensembl.UCSC:103463[1>0]
uc290lxz.1	Ensembl.UCSC:103465[1]	ENSMUSG00000087054	Ensembl.UCSC:103465[1>0]
uc290lya.1	Ensembl.UCSC:103589[1]	ENSMUSG00000028444	Ensembl.UCSC:103589[1>0]
uc290lyb.1	Ensembl.UCSC:103593[1]	ENSMUSG00000028444	Ensembl.UCSC:103593[1>0]
uc290lyc.1	Ensembl.UCSC:103594[1]	ENSMUSG00000028444	Ensembl.UCSC:103594[1>0]
uc290lyd.1	Ensembl.UCSC:103597[1]	ENSMUSG00000028444	Ensembl.UCSC:103597[1>0]
uc290lye.1	Ensembl.UCSC:103900[1]	ENSMUSG00000073889	Ensembl.UCSC:103900[1>0]
uc290lyf.1	Ensembl.UCSC:114008[1]	ENSMUSG00000028447	Ensembl.UCSC:114008[1>0]
uc290lyh.1	Ensembl.UCSC:114110[1]	ENSMUSG00000036078	Ensembl.UCSC:114110[1>0]
uc290lyi.1	Ensembl.UCSC:114116[1]	ENSMUSG00000036078	Ensembl.UCSC:114116[1>0]
uc290lyj.1	Ensembl.UCSC:114120[1]	ENSMUSG00000036078	Ensembl.UCSC:114120[1>0]
uc290lyk.1	Ensembl.UCSC:114123[1]	ENSMUSG00000036078	Ensembl.UCSC:114123[1>0]
uc290lyl.1	Ensembl.UCSC:114127[1]	ENSMUSG00000036078	Ensembl.UCSC:114127[1>0]
uc290lym.1	Ensembl.UCSC:114131[1]	ENSMUSG00000036078	Ensembl.UCSC:114131[1>0]
uc290lyn.1	Ensembl.UCSC:114319[1]	ENSMUSG00000036073	Ensembl.UCSC:114319[1>0]
uc290lyr.1	Ensembl.UCSC:114338[1]	ENSMUSG00000036073	Ensembl.UCSC:114338[1>0]
uc290lyv.1	Ensembl.UCSC:103923[1]	ENSMUSG00000073889	Ensembl.UCSC:103923[1>0]
uc290lyw.1	Ensembl.UCSC:103924[1]	ENSMUSG00000073889	Ensembl.UCSC:103924[1>0]
uc290lyx.1	Ensembl.UCSC:103940[1]	ENSMUSG00000073889	Ensembl.UCSC:103940[1>0]
uc290lyy.1	Ensembl.UCSC:103945[1]	ENSMUSG00000073889	Ensembl.UCSC:103945[1>0]
uc290lyz.1	Ensembl.UCSC:103949[1]	ENSMUSG00000073889	Ensembl.UCSC:103949[1>0]
uc290lza.1	Ensembl.UCSC:103951[1]	ENSMUSG00000073889	Ensembl.UCSC:103951[1>0]
uc290lzb.1	Ensembl.UCSC:114167[1]	ENSMUSG00000073888	Ensembl.UCSC:114167[1>0]
uc290lzc.1	Ensembl.UCSC:114173[1]	ENSMUSG00000073888	Ensembl.UCSC:114173[1>0]
uc290lzd.1	Ensembl.UCSC:114199[1]	ENSMUSG00000073888	Ensembl.UCSC:114199[1>0]
uc290lze.1	Ensembl.UCSC:114200[1]	ENSMUSG00000073888	Ensembl.UCSC:114200[1>0]
uc290lzf.1	Ensembl.UCSC:114220[1]	ENSMUSG00000073888	Ensembl.UCSC:114220[1>0]
uc290lzg.1	Ensembl.UCSC:114222[1]	ENSMUSG00000073888	Ensembl.UCSC:114222[1>0]
uc290lzh.1	Ensembl.UCSC:114223[1]	ENSMUSG00000073888	Ensembl.UCSC:114223[1>0]
uc290lzi.1	Ensembl.UCSC:114230[1]	ENSMUSG00000073888	Ensembl.UCSC:114230[1>0]
uc290lzj.1	Ensembl.UCSC:114238[1]	ENSMUSG00000073888	Ensembl.UCSC:114238[1>0]
uc290lzk.1	Ensembl.UCSC:114240[1]	ENSMUSG00000073888	Ensembl.UCSC:114240[1>0]
uc290lzl.1	Ensembl.UCSC:114251[1]	ENSMUSG00000073888	Ensembl.UCSC:114251[1>0]
uc290lzm.1	Ensembl.UCSC:114253[1]	ENSMUSG00000073888	Ensembl.UCSC:114253[1>0]
uc290lzn.1	Ensembl.UCSC:114255[1]	ENSMUSG00000073888	Ensembl.UCSC:114255[1>0]
uc290lzo.1	Ensembl.UCSC:114257[1]	ENSMUSG00000082962	Ensembl.UCSC:114257[1>0]
uc290lzp.1	Ensembl.UCSC:127941[1]	ENSMUSG00000085730	Ensembl.UCSC:127941[1>0]
uc290lzq.1	Ensembl.UCSC:127945[1]	ENSMUSG00000085730	Ensembl.UCSC:127945[1>0]
uc290lzr.1	Ensembl.UCSC:127967[1]	ENSMUSG00000082902	Ensembl.UCSC:127967[1>0]
uc290lzs.1	Ensembl.UCSC:127979[1]	ENSMUSG00000078747	Ensembl.UCSC:127979[1>0]
uc290lzt.1	Ensembl.UCSC:127982[1]	ENSMUSG00000078747	Ensembl.UCSC:127982[1>0]
uc290lzu.1	Ensembl.UCSC:127994[1]	ENSMUSG00000078747	Ensembl.UCSC:127994[1>0]
uc290lzv.1	Ensembl.UCSC:128002[1]	ENSMUSG00000078747	Ensembl.UCSC:128002[1>0]
uc290lzw.1	Ensembl.UCSC:128003[1]	ENSMUSG00000078747	Ensembl.UCSC:128003[1>0]
uc290lzx.1	Ensembl.UCSC:128005[1]	ENSMUSG00000078747	Ensembl.UCSC:128005[1>0]
uc290lzy.1	Ensembl.UCSC:128008[1]	ENSMUSG00000078747	Ensembl.UCSC:128008[1>0]
uc290lzz.2	Ensembl.UCSC:128017[1]	ENSMUSG00000096256	Ensembl.UCSC:128017[1>0]
uc290maa.1	Ensembl.UCSC:128020[1]	ENSMUSG00000103694	Ensembl.UCSC:128020[1>0]
uc290mab.1	Ensembl.UCSC:128025[1]	ENSMUSG00000095348	Ensembl.UCSC:128025[1>0]
uc290mad.1	Ensembl.UCSC:128050[1]	ENSMUSG00000087577	Ensembl.UCSC:128050[1>0]
uc290mae.1	Ensembl.UCSC:128055[1]	ENSMUSG00000073877	Ensembl.UCSC:128055[1>0]
uc290maf.1	Ensembl.UCSC:128056[1]	ENSMUSG00000073877	Ensembl.UCSC:128056[1>0]
uc290mag.1	Ensembl.UCSC:128059[1]	ENSMUSG00000073877	Ensembl.UCSC:128059[1>0]
uc290mah.1	Ensembl.UCSC:128117[1]	ENSMUSG00000073876	Ensembl.UCSC:128117[1>0]
uc290mai.1	Ensembl.UCSC:128119[1]	ENSMUSG00000073876	Ensembl.UCSC:128119[1>0]
uc290maj.1	Ensembl.UCSC:128122[1]	ENSMUSG00000073876	Ensembl.UCSC:128122[1>0]
uc290mak.1	Ensembl.UCSC:128131[1]	ENSMUSG00000073876	Ensembl.UCSC:128131[1>0]
uc290mal.1	Ensembl.UCSC:128135[1]	ENSMUSG00000073876	Ensembl.UCSC:128135[1>0]
uc290mam.1	Ensembl.UCSC:128137[1]	ENSMUSG00000104526	Ensembl.UCSC:128137[1>0]
uc290man.2	Ensembl.UCSC:128145[1]	ENSMUSG00000096862	Ensembl.UCSC:128145[1>0]
uc290mao.1	Ensembl.UCSC:128146[1]	ENSMUSG00000073879	Ensembl.UCSC:128146[1>0]
uc290map.2	Ensembl.UCSC:104497[1]	ENSMUSG00000090338	Ensembl.UCSC:104497[1>0]
uc290maq.2	Ensembl.UCSC:128143[1]	ENSMUSG00000083929	Ensembl.UCSC:128143[1>0]
uc290mar.1	Ensembl.UCSC:104582[1]	ENSMUSG00000096327	Ensembl.UCSC:104582[1>0]
uc290mas.1	Ensembl.UCSC:104595[1]	ENSMUSG00000094695	Ensembl.UCSC:104595[1>0]
uc290mat.1	Ensembl.UCSC:104618[1]	ENSMUSG00000095234	Ensembl.UCSC:104618[1>0]
uc290mau.1	Ensembl.UCSC:104681[1]	ENSMUSG00000093909	Ensembl.UCSC:104681[1>0]
uc290mav.2	Ensembl.UCSC:104682[1]	ENSMUSG00000095779	Ensembl.UCSC:104682[1>0]
uc290maw.1	Ensembl.UCSC:121021[1]	ENSMUSG00000078735	Ensembl.UCSC:121021[1>0]
uc290max.1	Ensembl.UCSC:121026[1]	ENSMUSG00000102504	Ensembl.UCSC:121026[1>0]
uc290may.1	Ensembl.UCSC:121032[1]	ENSMUSG00000054885	Ensembl.UCSC:121032[1>0]
uc290mba.1	Ensembl.UCSC:121042[1]	ENSMUSG00000085910	Ensembl.UCSC:121042[1>0]
uc290mbb.1	Ensembl.UCSC:121072[1]	ENSMUSG00000071005	Ensembl.UCSC:121072[1>0]
uc290mbc.1	Ensembl.UCSC:121075[1]	ENSMUSG00000071005	Ensembl.UCSC:121075[1>0]
uc290mbd.1	Ensembl.UCSC:121178[1]	ENSMUSG00000050141	Ensembl.UCSC:121178[1>0]
uc290mbe.1	Ensembl.UCSC:121182[1]	ENSMUSG00000050141	Ensembl.UCSC:121182[1>0]
uc290mbf.1	Ensembl.UCSC:121189[1]	ENSMUSG00000036062	Ensembl.UCSC:121189[1>0]
uc290mbg.1	Ensembl.UCSC:121195[1]	ENSMUSG00000036062	Ensembl.UCSC:121195[1>0]
uc290mbh.1	Ensembl.UCSC:121298[1]	ENSMUSG00000036062	Ensembl.UCSC:121298[1>0]
uc290mbi.1	Ensembl.UCSC:121302[1]	ENSMUSG00000036062	Ensembl.UCSC:121302[1>0]
uc290mbj.1	Ensembl.UCSC:121305[1]	ENSMUSG00000036062	Ensembl.UCSC:121305[1>0]
uc290mbk.1	Ensembl.UCSC:121308[1]	ENSMUSG00000036062	Ensembl.UCSC:121308[1>0]
uc290mbl.1	Ensembl.UCSC:121361[1]	ENSMUSG00000036052	Ensembl.UCSC:121361[1>0]
uc290mbm.1	Ensembl.UCSC:121372[1]	ENSMUSG00000036052	Ensembl.UCSC:121372[1>0]
uc290mbn.1	Ensembl.UCSC:121373[1]	ENSMUSG00000036052	Ensembl.UCSC:121373[1>0]
uc290mbo.1	Ensembl.UCSC:121377[1]	ENSMUSG00000028451	Ensembl.UCSC:121377[1>0]
uc290mbp.1	Ensembl.UCSC:121379[1]	ENSMUSG00000028451	Ensembl.UCSC:121379[1>0]
uc290mbq.1	Ensembl.UCSC:121381[1]	ENSMUSG00000028451	Ensembl.UCSC:121381[1>0]
uc290mbr.1	Ensembl.UCSC:121397[1]	ENSMUSG00000028451	Ensembl.UCSC:121397[1>0]
uc290mbs.1	Ensembl.UCSC:121462[1]	ENSMUSG00000028452	Ensembl.UCSC:121462[1>0]
uc290mbt.1	Ensembl.UCSC:121463[1]	ENSMUSG00000028452	Ensembl.UCSC:121463[1>0]
uc290mbu.1	Ensembl.UCSC:121466[1]	ENSMUSG00000028452	Ensembl.UCSC:121466[1>0]
uc290mbv.1	Ensembl.UCSC:121470[1]	ENSMUSG00000028452	Ensembl.UCSC:121470[1>0]
uc290mbw.1	Ensembl.UCSC:121529[1]	ENSMUSG00000028453	Ensembl.UCSC:121529[1>0]
uc290mbx.1	Ensembl.UCSC:121533[1]	ENSMUSG00000028453	Ensembl.UCSC:121533[1>0]
uc290mby.1	Ensembl.UCSC:121536[1]	ENSMUSG00000028453	Ensembl.UCSC:121536[1>0]
uc290mbz.1	Ensembl.UCSC:121538[1]	ENSMUSG00000028453	Ensembl.UCSC:121538[1>0]
uc290mca.1	Ensembl.UCSC:121539[1]	ENSMUSG00000028453	Ensembl.UCSC:121539[1>0]
uc290mcb.1	Ensembl.UCSC:121543[1]	ENSMUSG00000028453	Ensembl.UCSC:121543[1>0]
uc290mcc.1	Ensembl.UCSC:121544[1]	ENSMUSG00000028453	Ensembl.UCSC:121544[1>0]
uc290mcd.1	Ensembl.UCSC:121546[1]	ENSMUSG00000028453	Ensembl.UCSC:121546[1>0]
uc290mce.1	Ensembl.UCSC:121549[1]	ENSMUSG00000028453	Ensembl.UCSC:121549[1>0]
uc290mcf.1	Ensembl.UCSC:136863[1]	ENSMUSG00000028454	Ensembl.UCSC:136863[1>0]
uc290mcg.1	Ensembl.UCSC:136868[1]	ENSMUSG00000028454	Ensembl.UCSC:136868[1>0]
uc290mch.1	Ensembl.UCSC:136869[1]	ENSMUSG00000028454	Ensembl.UCSC:136869[1>0]
uc290mci.1	Ensembl.UCSC:136872[1]	ENSMUSG00000028454	Ensembl.UCSC:136872[1>0]
uc290mcj.1	Ensembl.UCSC:121590[1]	ENSMUSG00000028455	Ensembl.UCSC:121590[1>0]
uc290mck.1	Ensembl.UCSC:121593[1]	ENSMUSG00000028455	Ensembl.UCSC:121593[1>0]
uc290mcl.1	Ensembl.UCSC:121596[1]	ENSMUSG00000028455	Ensembl.UCSC:121596[1>0]
uc290mcm.1	Ensembl.UCSC:121600[1]	ENSMUSG00000028455	Ensembl.UCSC:121600[1>0]
uc290mcn.1	Ensembl.UCSC:121610[1]	ENSMUSG00000028455	Ensembl.UCSC:121610[1>0]
uc290mco.1	Ensembl.UCSC:121613[1]	ENSMUSG00000028455	Ensembl.UCSC:121613[1>0]
uc290mcp.1	Ensembl.UCSC:121616[1]	ENSMUSG00000028455	Ensembl.UCSC:121616[1>0]
uc290mcq.1	Ensembl.UCSC:121619[1]	ENSMUSG00000028455	Ensembl.UCSC:121619[1>0]
uc290mcr.1	Ensembl.UCSC:121622[1]	ENSMUSG00000028455	Ensembl.UCSC:121622[1>0]
uc290mcs.1	Ensembl.UCSC:121625[1]	ENSMUSG00000028455	Ensembl.UCSC:121625[1>0]
uc290mcu.1	Ensembl.UCSC:121729[1]	ENSMUSG00000036002	Ensembl.UCSC:121729[1>0]
uc290mcv.1	Ensembl.UCSC:121731[1]	ENSMUSG00000036002	Ensembl.UCSC:121731[1>0]
uc290mcw.1	Ensembl.UCSC:121749[1]	ENSMUSG00000036002	Ensembl.UCSC:121749[1>0]
uc290mcx.1	Ensembl.UCSC:121753[1]	ENSMUSG00000036002	Ensembl.UCSC:121753[1>0]
uc290mcy.1	Ensembl.UCSC:121755[1]	ENSMUSG00000036002	Ensembl.UCSC:121755[1>0]
uc290mcz.1	Ensembl.UCSC:121759[1]	ENSMUSG00000036002	Ensembl.UCSC:121759[1>0]
uc290mda.1	Ensembl.UCSC:136832[1]	ENSMUSG00000096974	Ensembl.UCSC:136832[1>0]
uc290mdb.1	Ensembl.UCSC:136836[1]	ENSMUSG00000096974	Ensembl.UCSC:136836[1>0]
uc290mdc.1	Ensembl.UCSC:105079[1]	ENSMUSG00000028456	Ensembl.UCSC:105079[1>0]
uc290mdd.1	Ensembl.UCSC:105914[1]	ENSMUSG00000028456	Ensembl.UCSC:105914[1>0]
uc290mde.1	Ensembl.UCSC:105923[1]	ENSMUSG00000028456	Ensembl.UCSC:105923[1>0]
uc290mdf.1	Ensembl.UCSC:105925[1]	ENSMUSG00000028456	Ensembl.UCSC:105925[1>0]
uc290mdg.1	Ensembl.UCSC:105951[1]	ENSMUSG00000028456	Ensembl.UCSC:105951[1>0]
uc290mdh.1	Ensembl.UCSC:105957[1]	ENSMUSG00000028456	Ensembl.UCSC:105957[1>0]
uc290mdi.1	Ensembl.UCSC:105988[1]	ENSMUSG00000077552	Ensembl.UCSC:105988[1>0]
uc290mdj.1	Ensembl.UCSC:105960[1]	ENSMUSG00000028456	Ensembl.UCSC:105960[1>0]
uc290mdk.1	Ensembl.UCSC:105989[1]	ENSMUSG00000089028	Ensembl.UCSC:105989[1>0]
uc290mdl.1	Ensembl.UCSC:105962[1]	ENSMUSG00000028456	Ensembl.UCSC:105962[1>0]
uc290mdm.1	Ensembl.UCSC:105964[1]	ENSMUSG00000028456	Ensembl.UCSC:105964[1>0]
uc290mdn.1	Ensembl.UCSC:105974[1]	ENSMUSG00000028456	Ensembl.UCSC:105974[1>0]
uc290mdo.1	Ensembl.UCSC:105976[1]	ENSMUSG00000028456	Ensembl.UCSC:105976[1>0]
uc290mdp.1	Ensembl.UCSC:105986[1]	ENSMUSG00000028456	Ensembl.UCSC:105986[1>0]
uc290mdq.1	Ensembl.UCSC:106209[1]	ENSMUSG00000028457	Ensembl.UCSC:106209[1>0]
uc290mdr.1	Ensembl.UCSC:106213[1]	ENSMUSG00000028457	Ensembl.UCSC:106213[1>0]
uc290mds.1	Ensembl.UCSC:106404[1]	ENSMUSG00000035969	Ensembl.UCSC:106404[1>0]
uc290mdt.1	Ensembl.UCSC:106406[1]	ENSMUSG00000035969	Ensembl.UCSC:106406[1>0]
uc290mdu.1	Ensembl.UCSC:106409[1]	ENSMUSG00000035969	Ensembl.UCSC:106409[1>0]
uc290mdv.1	Ensembl.UCSC:106411[1]	ENSMUSG00000035969	Ensembl.UCSC:106411[1>0]
uc290mdw.1	Ensembl.UCSC:106414[1]	ENSMUSG00000035969	Ensembl.UCSC:106414[1>0]
uc290mdx.1	Ensembl.UCSC:106416[1]	ENSMUSG00000035969	Ensembl.UCSC:106416[1>0]
uc290mdy.1	Ensembl.UCSC:106425[1]	ENSMUSG00000035969	Ensembl.UCSC:106425[1>0]
uc290mdz.1	Ensembl.UCSC:106426[1]	ENSMUSG00000035969	Ensembl.UCSC:106426[1>0]
uc290mea.1	Ensembl.UCSC:106439[1]	ENSMUSG00000035969	Ensembl.UCSC:106439[1>0]
uc290meb.1	Ensembl.UCSC:106444[1]	ENSMUSG00000035969	Ensembl.UCSC:106444[1>0]
uc290mec.1	Ensembl.UCSC:106447[1]	ENSMUSG00000035969	Ensembl.UCSC:106447[1>0]
uc290med.1	Ensembl.UCSC:106457[1]	ENSMUSG00000035969	Ensembl.UCSC:106457[1>0]
uc290mee.1	Ensembl.UCSC:106476[1]	ENSMUSG00000035969	Ensembl.UCSC:106476[1>0]
uc290mef.1	Ensembl.UCSC:106482[1]	ENSMUSG00000035969	Ensembl.UCSC:106482[1>0]
uc290meg.1	Ensembl.UCSC:106490[1]	ENSMUSG00000035969	Ensembl.UCSC:106490[1>0]
uc290meh.1	Ensembl.UCSC:106572[1]	ENSMUSG00000042788	Ensembl.UCSC:106572[1>0]
uc290mei.1	Ensembl.UCSC:106579[1]	ENSMUSG00000042788	Ensembl.UCSC:106579[1>0]
uc290mej.1	Ensembl.UCSC:106582[1]	ENSMUSG00000042788	Ensembl.UCSC:106582[1>0]
uc290mek.1	Ensembl.UCSC:106585[1]	ENSMUSG00000042788	Ensembl.UCSC:106585[1>0]
uc290mel.1	Ensembl.UCSC:106631[1]	ENSMUSG00000028458	Ensembl.UCSC:106631[1>0]
uc290mem.1	Ensembl.UCSC:106632[1]	ENSMUSG00000028458	Ensembl.UCSC:106632[1>0]
uc290men.1	Ensembl.UCSC:106633[1]	ENSMUSG00000028458	Ensembl.UCSC:106633[1>0]
uc290meo.1	Ensembl.UCSC:106637[1]	ENSMUSG00000028458	Ensembl.UCSC:106637[1>0]
uc290mep.1	Ensembl.UCSC:106829[1]	ENSMUSG00000028459	Ensembl.UCSC:106829[1>0]
uc290meq.1	Ensembl.UCSC:106831[1]	ENSMUSG00000028459	Ensembl.UCSC:106831[1>0]
uc290mer.1	Ensembl.UCSC:106834[1]	ENSMUSG00000028459	Ensembl.UCSC:106834[1>0]
uc290mes.1	Ensembl.UCSC:106836[1]	ENSMUSG00000028459	Ensembl.UCSC:106836[1>0]
uc290met.1	Ensembl.UCSC:106838[1]	ENSMUSG00000028459	Ensembl.UCSC:106838[1>0]
uc290meu.1	Ensembl.UCSC:106858[1]	ENSMUSG00000028460	Ensembl.UCSC:106858[1>0]
uc290mev.1	Ensembl.UCSC:106861[1]	ENSMUSG00000088088	Ensembl.UCSC:106861[1>0]
uc290mew.1	Ensembl.UCSC:106863[1]	ENSMUSG00000028461	Ensembl.UCSC:106863[1>0]
uc290mex.1	Ensembl.UCSC:106892[1]	ENSMUSG00000028461	Ensembl.UCSC:106892[1>0]
uc290mey.1	Ensembl.UCSC:106894[1]	ENSMUSG00000028461	Ensembl.UCSC:106894[1>0]
uc290mez.1	Ensembl.UCSC:106896[1]	ENSMUSG00000028461	Ensembl.UCSC:106896[1>0]
uc290mfa.1	Ensembl.UCSC:106898[1]	ENSMUSG00000028461	Ensembl.UCSC:106898[1>0]
uc290mfb.1	Ensembl.UCSC:106909[1]	ENSMUSG00000051517	Ensembl.UCSC:106909[1>0]
uc290mfc.1	Ensembl.UCSC:106979[1]	ENSMUSG00000051517	Ensembl.UCSC:106979[1>0]
uc290mfd.1	Ensembl.UCSC:106987[1]	ENSMUSG00000051517	Ensembl.UCSC:106987[1>0]
uc290mfe.1	Ensembl.UCSC:107006[1]	ENSMUSG00000051517	Ensembl.UCSC:107006[1>0]
uc290mff.1	Ensembl.UCSC:107008[1]	ENSMUSG00000051517	Ensembl.UCSC:107008[1>0]
uc290mfg.1	Ensembl.UCSC:107021[1]	ENSMUSG00000051517	Ensembl.UCSC:107021[1>0]
uc290mfh.1	Ensembl.UCSC:107024[1]	ENSMUSG00000051517	Ensembl.UCSC:107024[1>0]
uc290mfi.1	Ensembl.UCSC:107028[1]	ENSMUSG00000051517	Ensembl.UCSC:107028[1>0]
uc290mfj.1	Ensembl.UCSC:107031[1]	ENSMUSG00000051517	Ensembl.UCSC:107031[1>0]
uc290mfk.1	Ensembl.UCSC:115943[1]	ENSMUSG00000087142	Ensembl.UCSC:115943[1>0]
uc290mfl.1	Ensembl.UCSC:115945[1]	ENSMUSG00000087142	Ensembl.UCSC:115945[1>0]
uc290mfm.1	Ensembl.UCSC:107111[1]	ENSMUSG00000028463	Ensembl.UCSC:107111[1>0]
uc290mfn.1	Ensembl.UCSC:107115[1]	ENSMUSG00000028463	Ensembl.UCSC:107115[1>0]
uc290mfo.1	Ensembl.UCSC:107119[1]	ENSMUSG00000028463	Ensembl.UCSC:107119[1>0]
uc290mfp.1	Ensembl.UCSC:107121[1]	ENSMUSG00000028463	Ensembl.UCSC:107121[1>0]
uc290mfq.1	Ensembl.UCSC:107123[1]	ENSMUSG00000028463	Ensembl.UCSC:107123[1>0]
uc290mfr.1	Ensembl.UCSC:107125[1]	ENSMUSG00000028463	Ensembl.UCSC:107125[1>0]
uc290mfs.1	Ensembl.UCSC:107142[1]	ENSMUSG00000028464	Ensembl.UCSC:107142[1>0]
uc290mft.1	Ensembl.UCSC:107235[1]	ENSMUSG00000028464	Ensembl.UCSC:107235[1>0]
uc290mfu.1	Ensembl.UCSC:107244[1]	ENSMUSG00000028464	Ensembl.UCSC:107244[1>0]
uc290mfv.1	Ensembl.UCSC:107245[1]	ENSMUSG00000028464	Ensembl.UCSC:107245[1>0]
uc290mfw.1	Ensembl.UCSC:107518[1]	ENSMUSG00000028465	Ensembl.UCSC:107518[1>0]
uc290mfx.1	Ensembl.UCSC:107520[1]	ENSMUSG00000028465	Ensembl.UCSC:107520[1>0]
uc290mfy.1	Ensembl.UCSC:107521[1]	ENSMUSG00000028465	Ensembl.UCSC:107521[1>0]
uc290mfz.1	Ensembl.UCSC:107524[1]	ENSMUSG00000028465	Ensembl.UCSC:107524[1>0]
uc290mga.1	Ensembl.UCSC:107525[1]	ENSMUSG00000028465	Ensembl.UCSC:107525[1>0]
uc290mgb.1	Ensembl.UCSC:107527[1]	ENSMUSG00000028465	Ensembl.UCSC:107527[1>0]
uc290mgd.1	Ensembl.UCSC:134242[1]	ENSMUSG00000028466	Ensembl.UCSC:134242[1>0]
uc290mge.1	Ensembl.UCSC:134212[1]	ENSMUSG00000028466	Ensembl.UCSC:134212[1>0]
uc290mgf.1	Ensembl.UCSC:134214[1]	ENSMUSG00000028466	Ensembl.UCSC:134214[1>0]
uc290mgg.1	Ensembl.UCSC:134245[1]	ENSMUSG00000028466	Ensembl.UCSC:134245[1>0]
uc290mgh.1	Ensembl.UCSC:107558[1]	ENSMUSG00000028467	Ensembl.UCSC:107558[1>0]
uc290mgi.1	Ensembl.UCSC:107648[1]	ENSMUSG00000028467	Ensembl.UCSC:107648[1>0]
uc290mgj.1	Ensembl.UCSC:107650[1]	ENSMUSG00000028467	Ensembl.UCSC:107650[1>0]
uc290mgk.1	Ensembl.UCSC:107652[1]	ENSMUSG00000028467	Ensembl.UCSC:107652[1>0]
uc290mgl.1	Ensembl.UCSC:107653[1]	ENSMUSG00000028467	Ensembl.UCSC:107653[1>0]
uc290mgm.1	Ensembl.UCSC:48905[1]	ENSMUSG00000028468	Ensembl.UCSC:48905[1>0]
uc290mgn.1	Ensembl.UCSC:48912[1]	ENSMUSG00000028468	Ensembl.UCSC:48912[1>0]
uc290mgo.1	Ensembl.UCSC:48915[1]	ENSMUSG00000028468	Ensembl.UCSC:48915[1>0]
uc290mgp.1	Ensembl.UCSC:48917[1]	ENSMUSG00000028468	Ensembl.UCSC:48917[1>0]
uc290mgq.1	Ensembl.UCSC:107661[1]	ENSMUSG00000085351	Ensembl.UCSC:107661[1>0]
uc290mgr.1	Ensembl.UCSC:107664[1]	ENSMUSG00002075231	Ensembl.UCSC:107664[1>0]
uc290mgs.1	Ensembl.UCSC:107666[1]	ENSMUSG00000086043	Ensembl.UCSC:107666[1>0]
uc290mgt.1	Ensembl.UCSC:107864[1]	ENSMUSG00000028469	Ensembl.UCSC:107864[1>0]
uc290mgu.1	Ensembl.UCSC:107873[1]	ENSMUSG00000028469	Ensembl.UCSC:107873[1>0]
uc290mgv.1	Ensembl.UCSC:107875[1]	ENSMUSG00000028469	Ensembl.UCSC:107875[1>0]
uc290mgw.1	Ensembl.UCSC:107879[1]	ENSMUSG00000028469	Ensembl.UCSC:107879[1>0]
uc290mgx.1	Ensembl.UCSC:107881[1]	ENSMUSG00000028469	Ensembl.UCSC:107881[1>0]
uc290mgy.1	Ensembl.UCSC:107883[1]	ENSMUSG00000028469	Ensembl.UCSC:107883[1>0]
uc290mgz.1	Ensembl.UCSC:107885[1]	ENSMUSG00000028469	Ensembl.UCSC:107885[1>0]
uc290mha.1	Ensembl.UCSC:107894[1]	ENSMUSG00000066196	Ensembl.UCSC:107894[1>0]
uc290mhb.1	Ensembl.UCSC:107909[1]	ENSMUSG00000028470	Ensembl.UCSC:107909[1>0]
uc290mhc.1	Ensembl.UCSC:107911[1]	ENSMUSG00000028470	Ensembl.UCSC:107911[1>0]
uc290mhd.1	Ensembl.UCSC:107912[1]	ENSMUSG00000028470	Ensembl.UCSC:107912[1>0]
uc290mhe.1	Ensembl.UCSC:107915[1]	ENSMUSG00000028470	Ensembl.UCSC:107915[1>0]
uc290mhf.1	Ensembl.UCSC:107936[1]	ENSMUSG00000028470	Ensembl.UCSC:107936[1>0]
uc290mhg.1	Ensembl.UCSC:107941[1]	ENSMUSG00000028470	Ensembl.UCSC:107941[1>0]
uc290mhh.1	Ensembl.UCSC:107972[1]	ENSMUSG00000043770	Ensembl.UCSC:107972[1>0]
uc290mhi.1	Ensembl.UCSC:108033[1]	ENSMUSG00000078716	Ensembl.UCSC:108033[1>0]
uc290mhj.1	Ensembl.UCSC:108036[1]	ENSMUSG00000078716	Ensembl.UCSC:108036[1>0]
uc290mhk.1	Ensembl.UCSC:108049[1]	ENSMUSG00000078716	Ensembl.UCSC:108049[1>0]
uc290mhl.1	Ensembl.UCSC:108053[1]	ENSMUSG00000078716	Ensembl.UCSC:108053[1>0]
uc290mhm.1	Ensembl.UCSC:108055[1]	ENSMUSG00000078716	Ensembl.UCSC:108055[1>0]
uc290mhn.1	Ensembl.UCSC:108059[1]	ENSMUSG00000078716	Ensembl.UCSC:108059[1>0]
uc290mho.1	Ensembl.UCSC:108060[1]	ENSMUSG00000078716	Ensembl.UCSC:108060[1>0]
uc290mhp.1	Ensembl.UCSC:108062[1]	ENSMUSG00000078716	Ensembl.UCSC:108062[1>0]
uc290mhq.1	Ensembl.UCSC:108064[1]	ENSMUSG00002074925	Ensembl.UCSC:108064[1>0]
uc290mhr.1	Ensembl.UCSC:108070[1]	ENSMUSG00000046450	Ensembl.UCSC:108070[1>0]
uc290mhs.1	Ensembl.UCSC:108072[1]	ENSMUSG00000046450	Ensembl.UCSC:108072[1>0]
uc290mht.1	Ensembl.UCSC:108099[1]	ENSMUSG00000028475	Ensembl.UCSC:108099[1>0]
uc290mhu.1	Ensembl.UCSC:119655[1]	ENSMUSG00000083417	Ensembl.UCSC:119655[1>0]
uc290mhv.1	Ensembl.UCSC:119666[1]	ENSMUSG00000111338	Ensembl.UCSC:119666[1>0]
uc290mhw.1	Ensembl.UCSC:119667[1]	ENSMUSG00000081329	Ensembl.UCSC:119667[1>0]
uc290mhx.1	Ensembl.UCSC:119674[1]	ENSMUSG00000110970	Ensembl.UCSC:119674[1>0]
uc290mhy.1	Ensembl.UCSC:119676[1]	ENSMUSG00000110970	Ensembl.UCSC:119676[1>0]
uc290mhz.1	Ensembl.UCSC:119677[1]	ENSMUSG00000110970	Ensembl.UCSC:119677[1>0]
uc290mia.1	Ensembl.UCSC:119683[1]	ENSMUSG00000111611	Ensembl.UCSC:119683[1>0]
uc290mib.1	Ensembl.UCSC:119686[1]	ENSMUSG00000071000	Ensembl.UCSC:119686[1>0]
uc290mic.1	Ensembl.UCSC:119688[1]	ENSMUSG00002076534	Ensembl.UCSC:119688[1>0]
uc290mid.1	Ensembl.UCSC:108220[1]	ENSMUSG00000028476	Ensembl.UCSC:108220[1>0]
uc290mie.1	Ensembl.UCSC:108244[1]	ENSMUSG00000028480	Ensembl.UCSC:108244[1>0]
uc290mif.1	Ensembl.UCSC:108549[1]	ENSMUSG00000028479	Ensembl.UCSC:108549[1>0]
uc290mig.1	Ensembl.UCSC:108556[1]	ENSMUSG00000028479	Ensembl.UCSC:108556[1>0]
uc290mih.1	Ensembl.UCSC:108557[1]	ENSMUSG00000028479	Ensembl.UCSC:108557[1>0]
uc290mii.1	Ensembl.UCSC:108562[1]	ENSMUSG00000028479	Ensembl.UCSC:108562[1>0]
uc290mij.1	Ensembl.UCSC:108565[1]	ENSMUSG00000028479	Ensembl.UCSC:108565[1>0]
uc290mik.1	Ensembl.UCSC:108569[1]	ENSMUSG00000028479	Ensembl.UCSC:108569[1>0]
uc290mil.1	Ensembl.UCSC:108572[1]	ENSMUSG00000028479	Ensembl.UCSC:108572[1>0]
uc290mim.1	Ensembl.UCSC:108576[1]	ENSMUSG00000028479	Ensembl.UCSC:108576[1>0]
uc290min.1	Ensembl.UCSC:108580[1]	ENSMUSG00000028479	Ensembl.UCSC:108580[1>0]
uc290mio.1	Ensembl.UCSC:108585[1]	ENSMUSG00000028479	Ensembl.UCSC:108585[1>0]
uc290mip.1	Ensembl.UCSC:108588[1]	ENSMUSG00000028479	Ensembl.UCSC:108588[1>0]
uc290miq.1	Ensembl.UCSC:108589[1]	ENSMUSG00000028479	Ensembl.UCSC:108589[1>0]
uc290mir.1	Ensembl.UCSC:108592[1]	ENSMUSG00002076893	Ensembl.UCSC:108592[1>0]
uc290mis.1	Ensembl.UCSC:108594[1]	ENSMUSG00000087326	Ensembl.UCSC:108594[1>0]
uc290mit.1	Ensembl.UCSC:133572[1]	ENSMUSG00000084274	Ensembl.UCSC:133572[1>0]
uc290miu.1	Ensembl.UCSC:108814[1]	ENSMUSG00000035696	Ensembl.UCSC:108814[1>0]
uc290miv.1	Ensembl.UCSC:108798[1]	ENSMUSG00000035696	Ensembl.UCSC:108798[1>0]
uc290miw.1	Ensembl.UCSC:108738[1]	ENSMUSG00000035696	Ensembl.UCSC:108738[1>0]
uc290mix.1	Ensembl.UCSC:108841[1]	ENSMUSG00000035696	Ensembl.UCSC:108841[1>0]
uc290miy.1	Ensembl.UCSC:108837[1]	ENSMUSG00000035696	Ensembl.UCSC:108837[1>0]
uc290miz.1	Ensembl.UCSC:108821[1]	ENSMUSG00000035696	Ensembl.UCSC:108821[1>0]
uc290mja.1	Ensembl.UCSC:108850[1]	ENSMUSG00000035696	Ensembl.UCSC:108850[1>0]
uc290mjb.1	Ensembl.UCSC:108859[1]	ENSMUSG00000035696	Ensembl.UCSC:108859[1>0]
uc290mjc.1	Ensembl.UCSC:108844[1]	ENSMUSG00000035696	Ensembl.UCSC:108844[1>0]
uc290mjd.1	Ensembl.UCSC:108818[1]	ENSMUSG00000035696	Ensembl.UCSC:108818[1>0]
uc290mje.1	Ensembl.UCSC:108853[1]	ENSMUSG00000035696	Ensembl.UCSC:108853[1>0]
uc290mjf.1	Ensembl.UCSC:108847[1]	ENSMUSG00000035696	Ensembl.UCSC:108847[1>0]
uc290mjg.1	Ensembl.UCSC:108856[1]	ENSMUSG00000035696	Ensembl.UCSC:108856[1>0]
uc290mjh.1	Ensembl.UCSC:108849[1]	ENSMUSG00000035696	Ensembl.UCSC:108849[1>0]
uc290mji.1	Ensembl.UCSC:108936[1]	ENSMUSG00000035683	Ensembl.UCSC:108936[1>0]
uc290mjj.1	Ensembl.UCSC:108939[1]	ENSMUSG00000035683	Ensembl.UCSC:108939[1>0]
uc290mjk.1	Ensembl.UCSC:108942[1]	ENSMUSG00000035683	Ensembl.UCSC:108942[1>0]
uc290mjl.1	Ensembl.UCSC:108945[1]	ENSMUSG00000081127	Ensembl.UCSC:108945[1>0]
uc290mjm.1	Ensembl.UCSC:108947[1]	ENSMUSG00000083803	Ensembl.UCSC:108947[1>0]
uc290mjn.1	Ensembl.UCSC:108949[1]	ENSMUSG00000077587	Ensembl.UCSC:108949[1>0]
uc290mjo.1	Ensembl.UCSC:109136[1]	ENSMUSG00000014030	Ensembl.UCSC:109136[1>0]
uc290mjp.1	Ensembl.UCSC:109135[1]	ENSMUSG00000014030	Ensembl.UCSC:109135[1>0]
uc290mjq.1	Ensembl.UCSC:109138[1]	ENSMUSG00000014030	Ensembl.UCSC:109138[1>0]
uc290mjr.1	Ensembl.UCSC:109137[1]	ENSMUSG00000014030	Ensembl.UCSC:109137[1>0]
uc290mjs.1	Ensembl.UCSC:109134[1]	ENSMUSG00000014030	Ensembl.UCSC:109134[1>0]
uc290mjt.1	Ensembl.UCSC:109140[1]	ENSMUSG00000014030	Ensembl.UCSC:109140[1>0]
uc290mju.1	Ensembl.UCSC:109148[1]	ENSMUSG00000014030	Ensembl.UCSC:109148[1>0]
uc290mjv.1	Ensembl.UCSC:109145[1]	ENSMUSG00000014030	Ensembl.UCSC:109145[1>0]
uc290mjw.1	Ensembl.UCSC:109144[1]	ENSMUSG00000014030	Ensembl.UCSC:109144[1>0]
uc290mjx.1	Ensembl.UCSC:109141[1]	ENSMUSG00000014030	Ensembl.UCSC:109141[1>0]
uc290mjy.1	Ensembl.UCSC:109147[1]	ENSMUSG00000014030	Ensembl.UCSC:109147[1>0]
uc290mjz.1	Ensembl.UCSC:109143[1]	ENSMUSG00000014030	Ensembl.UCSC:109143[1>0]
uc290mka.1	Ensembl.UCSC:109149[1]	ENSMUSG00000014030	Ensembl.UCSC:109149[1>0]
uc290mkb.1	Ensembl.UCSC:109152[1]	ENSMUSG00000014030	Ensembl.UCSC:109152[1>0]
uc290mkc.1	Ensembl.UCSC:109163[1]	ENSMUSG00000086211	Ensembl.UCSC:109163[1>0]
uc290mkd.1	Ensembl.UCSC:109165[1]	ENSMUSG00000102880	Ensembl.UCSC:109165[1>0]
uc290mke.1	Ensembl.UCSC:109154[1]	ENSMUSG00000014030	Ensembl.UCSC:109154[1>0]
uc290mkf.1	Ensembl.UCSC:109159[1]	ENSMUSG00000014030	Ensembl.UCSC:109159[1>0]
uc290mkg.1	Ensembl.UCSC:109157[1]	ENSMUSG00000014030	Ensembl.UCSC:109157[1>0]
uc290mkh.1	Ensembl.UCSC:109156[1]	ENSMUSG00000014030	Ensembl.UCSC:109156[1>0]
uc290mki.1	Ensembl.UCSC:109160[1]	ENSMUSG00000014030	Ensembl.UCSC:109160[1>0]
uc290mkj.1	Ensembl.UCSC:109169[1]	ENSMUSG00000080916	Ensembl.UCSC:109169[1>0]
uc290mkk.1	Ensembl.UCSC:109174[1]	ENSMUSG00000035649	Ensembl.UCSC:109174[1>0]
uc290mkl.1	Ensembl.UCSC:109205[1]	ENSMUSG00000035649	Ensembl.UCSC:109205[1>0]
uc290mkm.1	Ensembl.UCSC:109208[1]	ENSMUSG00000035649	Ensembl.UCSC:109208[1>0]
uc290mkn.1	Ensembl.UCSC:109209[1]	ENSMUSG00000035649	Ensembl.UCSC:109209[1>0]
uc290mko.1	Ensembl.UCSC:109212[1]	ENSMUSG00000035649	Ensembl.UCSC:109212[1>0]
uc290mkp.1	Ensembl.UCSC:109219[1]	ENSMUSG00002076239	Ensembl.UCSC:109219[1>0]
uc290mkq.1	Ensembl.UCSC:109214[1]	ENSMUSG00000035649	Ensembl.UCSC:109214[1>0]
uc290mkr.1	Ensembl.UCSC:109216[1]	ENSMUSG00000035649	Ensembl.UCSC:109216[1>0]
uc290mkt.1	Ensembl.UCSC:109221[1]	ENSMUSG00000086205	Ensembl.UCSC:109221[1>0]
uc290mku.1	Ensembl.UCSC:109277[1]	ENSMUSG00000035637	Ensembl.UCSC:109277[1>0]
uc290mkv.1	Ensembl.UCSC:109279[1]	ENSMUSG00000035637	Ensembl.UCSC:109279[1>0]
uc290mkw.1	Ensembl.UCSC:109285[1]	ENSMUSG00000035637	Ensembl.UCSC:109285[1>0]
uc290mkx.1	Ensembl.UCSC:109288[1]	ENSMUSG00000035637	Ensembl.UCSC:109288[1>0]
uc290mky.1	Ensembl.UCSC:109289[1]	ENSMUSG00000035637	Ensembl.UCSC:109289[1>0]
uc290mkz.1	Ensembl.UCSC:109323[1]	ENSMUSG00000049657	Ensembl.UCSC:109323[1>0]
uc290mla.1	Ensembl.UCSC:109333[1]	ENSMUSG00000070997	Ensembl.UCSC:109333[1>0]
uc290mlb.1	Ensembl.UCSC:109335[1]	ENSMUSG00000070997	Ensembl.UCSC:109335[1>0]
uc290mlc.1	Ensembl.UCSC:109542[1]	ENSMUSG00000028318	Ensembl.UCSC:109542[1>0]
uc290mld.1	Ensembl.UCSC:109548[1]	ENSMUSG00000028318	Ensembl.UCSC:109548[1>0]
uc290mle.1	Ensembl.UCSC:109550[1]	ENSMUSG00000028318	Ensembl.UCSC:109550[1>0]
uc290mlf.1	Ensembl.UCSC:109553[1]	ENSMUSG00000028318	Ensembl.UCSC:109553[1>0]
uc290mlg.1	Ensembl.UCSC:109554[1]	ENSMUSG00000028318	Ensembl.UCSC:109554[1>0]
uc290mlh.1	Ensembl.UCSC:109600[1]	ENSMUSG00000048232	Ensembl.UCSC:109600[1>0]
uc290mli.1	Ensembl.UCSC:109603[1]	ENSMUSG00000048232	Ensembl.UCSC:109603[1>0]
uc290mlj.1	Ensembl.UCSC:109613[1]	ENSMUSG00000078713	Ensembl.UCSC:109613[1>0]
uc290mlk.1	Ensembl.UCSC:109623[1]	ENSMUSG00000078713	Ensembl.UCSC:109623[1>0]
uc290mll.1	Ensembl.UCSC:109624[1]	ENSMUSG00000082628	Ensembl.UCSC:109624[1>0]
uc290mlm.1	Ensembl.UCSC:109714[1]	ENSMUSG00000035615	Ensembl.UCSC:109714[1>0]
uc290mln.1	Ensembl.UCSC:109711[1]	ENSMUSG00000035615	Ensembl.UCSC:109711[1>0]
uc290mlo.1	Ensembl.UCSC:109798[1]	ENSMUSG00000035601	Ensembl.UCSC:109798[1>0]
uc290mlp.1	Ensembl.UCSC:109804[1]	ENSMUSG00000035601	Ensembl.UCSC:109804[1>0]
uc290mlq.1	Ensembl.UCSC:109809[1]	ENSMUSG00000035601	Ensembl.UCSC:109809[1>0]
uc290mlr.1	Ensembl.UCSC:109812[1]	ENSMUSG00000035601	Ensembl.UCSC:109812[1>0]
uc290mls.1	Ensembl.UCSC:109815[1]	ENSMUSG00000035601	Ensembl.UCSC:109815[1>0]
uc290mlt.1	Ensembl.UCSC:109818[1]	ENSMUSG00000035601	Ensembl.UCSC:109818[1>0]
uc290mlu.1	Ensembl.UCSC:109836[1]	ENSMUSG00000028322	Ensembl.UCSC:109836[1>0]
uc290mlv.1	Ensembl.UCSC:109840[1]	ENSMUSG00000028322	Ensembl.UCSC:109840[1>0]
uc290mlw.1	Ensembl.UCSC:109848[1]	ENSMUSG00000083541	Ensembl.UCSC:109848[1>0]
uc290mlx.1	Ensembl.UCSC:109926[1]	ENSMUSG00000035572	Ensembl.UCSC:109926[1>0]
uc290mly.1	Ensembl.UCSC:109923[1]	ENSMUSG00000035572	Ensembl.UCSC:109923[1>0]
uc290mlz.1	Ensembl.UCSC:109943[1]	ENSMUSG00002074999	Ensembl.UCSC:109943[1>0]
uc290mma.1	Ensembl.UCSC:109930[1]	ENSMUSG00000045973	Ensembl.UCSC:109930[1>0]
uc290mmb.1	Ensembl.UCSC:109932[1]	ENSMUSG00000045973	Ensembl.UCSC:109932[1>0]
uc290mmc.1	Ensembl.UCSC:109934[1]	ENSMUSG00000045973	Ensembl.UCSC:109934[1>0]
uc290mmd.1	Ensembl.UCSC:109937[1]	ENSMUSG00000045973	Ensembl.UCSC:109937[1>0]
uc290mme.1	Ensembl.UCSC:109950[1]	ENSMUSG00000044813	Ensembl.UCSC:109950[1>0]
uc290mmf.1	Ensembl.UCSC:109976[1]	ENSMUSG00000044813	Ensembl.UCSC:109976[1>0]
uc290mmg.1	Ensembl.UCSC:109978[1]	ENSMUSG00000044813	Ensembl.UCSC:109978[1>0]
uc290mmh.1	Ensembl.UCSC:109982[1]	ENSMUSG00000044813	Ensembl.UCSC:109982[1>0]
uc290mmi.1	Ensembl.UCSC:109986[1]	ENSMUSG00000044813	Ensembl.UCSC:109986[1>0]
uc290mmj.1	Ensembl.UCSC:109987[1]	ENSMUSG00002076578	Ensembl.UCSC:109987[1>0]
uc290mmk.1	Ensembl.UCSC:109989[1]	ENSMUSG00000065322	Ensembl.UCSC:109989[1>0]
uc290mml.1	Ensembl.UCSC:109990[1]	ENSMUSG00000081559	Ensembl.UCSC:109990[1>0]
uc290mmm.1	Ensembl.UCSC:115816[1]	ENSMUSG00000085980	Ensembl.UCSC:115816[1>0]
uc290mmn.1	Ensembl.UCSC:115819[1]	ENSMUSG00000085980	Ensembl.UCSC:115819[1>0]
uc290mmo.1	Ensembl.UCSC:115821[1]	ENSMUSG00000085980	Ensembl.UCSC:115821[1>0]
uc290mmp.1	Ensembl.UCSC:115826[1]	ENSMUSG00000085980	Ensembl.UCSC:115826[1>0]
uc290mmq.1	Ensembl.UCSC:115828[1]	ENSMUSG00000085980	Ensembl.UCSC:115828[1>0]
uc290mmr.1	Ensembl.UCSC:110002[1]	ENSMUSG00000073860	Ensembl.UCSC:110002[1>0]
uc290mms.1	Ensembl.UCSC:109999[1]	ENSMUSG00000073860	Ensembl.UCSC:109999[1>0]
uc290mmt.1	Ensembl.UCSC:110006[1]	ENSMUSG00000085305	Ensembl.UCSC:110006[1>0]
uc290mmu.1	Ensembl.UCSC:110017[1]	ENSMUSG00000083685	Ensembl.UCSC:110017[1>0]
uc290mmv.1	Ensembl.UCSC:110035[1]	ENSMUSG00000035561	Ensembl.UCSC:110035[1>0]
uc290mmw.1	Ensembl.UCSC:110060[1]	ENSMUSG00000035551	Ensembl.UCSC:110060[1>0]
uc290mmx.1	Ensembl.UCSC:110208[1]	ENSMUSG00000028327	Ensembl.UCSC:110208[1>0]
uc290mmy.1	Ensembl.UCSC:110219[1]	ENSMUSG00000028327	Ensembl.UCSC:110219[1>0]
uc290mmz.1	Ensembl.UCSC:110222[1]	ENSMUSG00000028327	Ensembl.UCSC:110222[1>0]
uc290mna.1	Ensembl.UCSC:110286[1]	ENSMUSG00000035539	Ensembl.UCSC:110286[1>0]
uc290mnb.1	Ensembl.UCSC:110294[1]	ENSMUSG00000035539	Ensembl.UCSC:110294[1>0]
uc290mnc.1	Ensembl.UCSC:110366[1]	ENSMUSG00000035517	Ensembl.UCSC:110366[1>0]
uc290mnd.1	Ensembl.UCSC:110368[1]	ENSMUSG00000035517	Ensembl.UCSC:110368[1>0]
uc290mne.1	Ensembl.UCSC:110370[1]	ENSMUSG00000035517	Ensembl.UCSC:110370[1>0]
uc290mnf.1	Ensembl.UCSC:110417[1]	ENSMUSG00000028328	Ensembl.UCSC:110417[1>0]
uc290mng.1	Ensembl.UCSC:110438[1]	ENSMUSG00000028328	Ensembl.UCSC:110438[1>0]
uc290mnh.1	Ensembl.UCSC:110445[1]	ENSMUSG00000028328	Ensembl.UCSC:110445[1>0]
uc290mni.1	Ensembl.UCSC:110555[1]	ENSMUSG00002076882	Ensembl.UCSC:110555[1>0]
uc290mnj.1	Ensembl.UCSC:110542[1]	ENSMUSG00000035495	Ensembl.UCSC:110542[1>0]
uc290mnk.1	Ensembl.UCSC:110543[1]	ENSMUSG00000035495	Ensembl.UCSC:110543[1>0]
uc290mnl.1	Ensembl.UCSC:110546[1]	ENSMUSG00000035495	Ensembl.UCSC:110546[1>0]
uc290mnm.1	Ensembl.UCSC:110550[1]	ENSMUSG00000035495	Ensembl.UCSC:110550[1>0]
uc290mnn.1	Ensembl.UCSC:110553[1]	ENSMUSG00000035495	Ensembl.UCSC:110553[1>0]
uc290mno.1	Ensembl.UCSC:110554[1]	ENSMUSG00000035495	Ensembl.UCSC:110554[1>0]
uc290mnp.1	Ensembl.UCSC:110689[1]	ENSMUSG00000028329	Ensembl.UCSC:110689[1>0]
uc290mnq.1	Ensembl.UCSC:110636[1]	ENSMUSG00000028330	Ensembl.UCSC:110636[1>0]
uc290mnr.1	Ensembl.UCSC:110639[1]	ENSMUSG00000028330	Ensembl.UCSC:110639[1>0]
uc290mns.1	Ensembl.UCSC:110698[1]	ENSMUSG00000028329	Ensembl.UCSC:110698[1>0]
uc290mnt.1	Ensembl.UCSC:110721[1]	ENSMUSG00000028329	Ensembl.UCSC:110721[1>0]
uc290mnu.1	Ensembl.UCSC:110722[1]	ENSMUSG00000082194	Ensembl.UCSC:110722[1>0]
uc290mnv.1	Ensembl.UCSC:110723[1]	ENSMUSG00000081483	Ensembl.UCSC:110723[1>0]
uc290mnw.1	Ensembl.UCSC:110729[1]	ENSMUSG00000087383	Ensembl.UCSC:110729[1>0]
uc290mnx.1	Ensembl.UCSC:110735[1]	ENSMUSG00000080816	Ensembl.UCSC:110735[1>0]
uc290mny.1	Ensembl.UCSC:110732[1]	ENSMUSG00000087383	Ensembl.UCSC:110732[1>0]
uc290mnz.1	Ensembl.UCSC:110794[1]	ENSMUSG00000028331	Ensembl.UCSC:110794[1>0]
uc290moa.1	Ensembl.UCSC:110827[1]	ENSMUSG00000082242	Ensembl.UCSC:110827[1>0]
uc290mob.1	Ensembl.UCSC:110901[1]	ENSMUSG00000028334	Ensembl.UCSC:110901[1>0]
uc290moc.1	Ensembl.UCSC:110903[1]	ENSMUSG00000028334	Ensembl.UCSC:110903[1>0]
uc290mod.1	Ensembl.UCSC:110936[1]	ENSMUSG00000039853	Ensembl.UCSC:110936[1>0]
uc290moe.1	Ensembl.UCSC:110951[1]	ENSMUSG00000039853	Ensembl.UCSC:110951[1>0]
uc290mof.1	Ensembl.UCSC:110991[1]	ENSMUSG00000064410	Ensembl.UCSC:110991[1>0]
uc290mog.1	Ensembl.UCSC:110981[1]	ENSMUSG00000039853	Ensembl.UCSC:110981[1>0]
uc290moh.1	Ensembl.UCSC:110987[1]	ENSMUSG00000039853	Ensembl.UCSC:110987[1>0]
uc290moi.1	Ensembl.UCSC:116245[1]	ENSMUSG00000085990	Ensembl.UCSC:116245[1>0]
uc290moj.1	Ensembl.UCSC:111023[1]	ENSMUSG00000028337	Ensembl.UCSC:111023[1>0]
uc290mok.1	Ensembl.UCSC:111026[1]	ENSMUSG00000028337	Ensembl.UCSC:111026[1>0]
uc290mol.1	Ensembl.UCSC:111031[1]	ENSMUSG00000028337	Ensembl.UCSC:111031[1>0]
uc290mom.1	Ensembl.UCSC:111055[1]	ENSMUSG00000039813	Ensembl.UCSC:111055[1>0]
uc290mon.1	Ensembl.UCSC:111101[1]	ENSMUSG00000039809	Ensembl.UCSC:111101[1>0]
uc290moo.1	Ensembl.UCSC:111102[1]	ENSMUSG00000039809	Ensembl.UCSC:111102[1>0]
uc290mop.1	Ensembl.UCSC:111103[1]	ENSMUSG00000039809	Ensembl.UCSC:111103[1>0]
uc290moq.1	Ensembl.UCSC:111179[1]	ENSMUSG00000066191	Ensembl.UCSC:111179[1>0]
uc290mor.1	Ensembl.UCSC:111182[1]	ENSMUSG00000066191	Ensembl.UCSC:111182[1>0]
uc290mos.1	Ensembl.UCSC:111183[1]	ENSMUSG00000066191	Ensembl.UCSC:111183[1>0]
uc290mot.1	Ensembl.UCSC:111186[1]	ENSMUSG00000081561	Ensembl.UCSC:111186[1>0]
uc290mou.1	Ensembl.UCSC:111187[1]	ENSMUSG00000084199	Ensembl.UCSC:111187[1>0]
uc290mov.1	Ensembl.UCSC:111223[1]	ENSMUSG00000083491	Ensembl.UCSC:111223[1>0]
uc290mow.1	Ensembl.UCSC:111224[1]	ENSMUSG00000087500	Ensembl.UCSC:111224[1>0]
uc290mox.1	Ensembl.UCSC:111373[1]	ENSMUSG00000028339	Ensembl.UCSC:111373[1>0]
uc290moy.1	Ensembl.UCSC:111380[1]	ENSMUSG00000028339	Ensembl.UCSC:111380[1>0]
uc290moz.1	Ensembl.UCSC:111384[1]	ENSMUSG00000028339	Ensembl.UCSC:111384[1>0]
uc290mpa.1	Ensembl.UCSC:111387[1]	ENSMUSG00000028339	Ensembl.UCSC:111387[1>0]
uc290mpb.1	Ensembl.UCSC:111389[1]	ENSMUSG00000028339	Ensembl.UCSC:111389[1>0]
uc290mpc.1	Ensembl.UCSC:111393[1]	ENSMUSG00000028339	Ensembl.UCSC:111393[1>0]
uc290mpd.1	Ensembl.UCSC:111399[1]	ENSMUSG00000028339	Ensembl.UCSC:111399[1>0]
uc290mpe.1	Ensembl.UCSC:111455[1]	ENSMUSG00000007613	Ensembl.UCSC:111455[1>0]
uc290mpf.1	Ensembl.UCSC:111456[1]	ENSMUSG00000007613	Ensembl.UCSC:111456[1>0]
uc290mpg.1	Ensembl.UCSC:123227[1]	ENSMUSG00000081152	Ensembl.UCSC:123227[1>0]
uc290mph.1	Ensembl.UCSC:123229[1]	ENSMUSG00000039740	Ensembl.UCSC:123229[1>0]
uc290mpi.1	Ensembl.UCSC:123234[1]	ENSMUSG00000039740	Ensembl.UCSC:123234[1>0]
uc290mpj.1	Ensembl.UCSC:123244[1]	ENSMUSG00000053317	Ensembl.UCSC:123244[1>0]
uc290mpk.1	Ensembl.UCSC:123246[1]	ENSMUSG00000053317	Ensembl.UCSC:123246[1>0]
uc290mpl.1	Ensembl.UCSC:123247[1]	ENSMUSG00000053317	Ensembl.UCSC:123247[1>0]
uc290mpm.1	Ensembl.UCSC:111458[1]	ENSMUSG00002075920	Ensembl.UCSC:111458[1>0]
uc290mpn.1	Ensembl.UCSC:111459[1]	ENSMUSG00002075519	Ensembl.UCSC:111459[1>0]
uc290mpo.1	Ensembl.UCSC:111461[1]	ENSMUSG00000102450	Ensembl.UCSC:111461[1>0]
uc290mpp.1	Ensembl.UCSC:111462[1]	ENSMUSG00000089349	Ensembl.UCSC:111462[1>0]
uc290mpq.1	Ensembl.UCSC:111493[1]	ENSMUSG00000028341	Ensembl.UCSC:111493[1>0]
uc290mpr.1	Ensembl.UCSC:111495[1]	ENSMUSG00000028341	Ensembl.UCSC:111495[1>0]
uc290mps.1	Ensembl.UCSC:111507[1]	ENSMUSG00000061455	Ensembl.UCSC:111507[1>0]
uc290mpt.1	Ensembl.UCSC:111516[1]	ENSMUSG00000061455	Ensembl.UCSC:111516[1>0]
uc290mpu.1	Ensembl.UCSC:111521[1]	ENSMUSG00000028343	Ensembl.UCSC:111521[1>0]
uc290mpv.1	Ensembl.UCSC:111522[1]	ENSMUSG00000028343	Ensembl.UCSC:111522[1>0]
uc290mpw.1	Ensembl.UCSC:111523[1]	ENSMUSG00000028343	Ensembl.UCSC:111523[1>0]
uc290mpx.1	Ensembl.UCSC:111527[1]	ENSMUSG00000028344	Ensembl.UCSC:111527[1>0]
uc290mpy.1	Ensembl.UCSC:111619[1]	ENSMUSG00000028344	Ensembl.UCSC:111619[1>0]
uc290mpz.1	Ensembl.UCSC:111623[1]	ENSMUSG00000028344	Ensembl.UCSC:111623[1>0]
uc290mqa.1	Ensembl.UCSC:111632[1]	ENSMUSG00000081953	Ensembl.UCSC:111632[1>0]
uc290mqb.1	Ensembl.UCSC:111630[1]	ENSMUSG00000028344	Ensembl.UCSC:111630[1>0]
uc290mqc.1	Ensembl.UCSC:111648[1]	ENSMUSG00000028345	Ensembl.UCSC:111648[1>0]
uc290mqd.1	Ensembl.UCSC:111661[1]	ENSMUSG00000028345	Ensembl.UCSC:111661[1>0]
uc290mqe.1	Ensembl.UCSC:111663[1]	ENSMUSG00000028345	Ensembl.UCSC:111663[1>0]
uc290mqf.1	Ensembl.UCSC:111664[1]	ENSMUSG00000028345	Ensembl.UCSC:111664[1>0]
uc290mqg.1	Ensembl.UCSC:111675[1]	ENSMUSG00000039693	Ensembl.UCSC:111675[1>0]
uc290mqh.1	Ensembl.UCSC:111753[1]	ENSMUSG00000028347	Ensembl.UCSC:111753[1>0]
uc290mqi.1	Ensembl.UCSC:111763[1]	ENSMUSG00000028347	Ensembl.UCSC:111763[1>0]
uc290mqj.1	Ensembl.UCSC:111767[1]	ENSMUSG00000028347	Ensembl.UCSC:111767[1>0]
uc290mqk.1	Ensembl.UCSC:111777[1]	ENSMUSG00000080850	Ensembl.UCSC:111777[1>0]
uc290mql.1	Ensembl.UCSC:111779[1]	ENSMUSG00000083091	Ensembl.UCSC:111779[1>0]
uc290mqm.1	Ensembl.UCSC:111781[1]	ENSMUSG00002075470	Ensembl.UCSC:111781[1>0]
uc290mqn.1	Ensembl.UCSC:111783[1]	ENSMUSG00000077417	Ensembl.UCSC:111783[1>0]
uc290mqo.1	Ensembl.UCSC:111789[1]	ENSMUSG00000084787	Ensembl.UCSC:111789[1>0]
uc290mqp.1	Ensembl.UCSC:111791[1]	ENSMUSG00000083869	Ensembl.UCSC:111791[1>0]
uc290mqq.1	Ensembl.UCSC:111838[1]	ENSMUSG00000063446	Ensembl.UCSC:111838[1>0]
uc290mqr.1	Ensembl.UCSC:111840[1]	ENSMUSG00000064782	Ensembl.UCSC:111840[1>0]
uc290mqs.1	Ensembl.UCSC:111841[1]	ENSMUSG00000096476	Ensembl.UCSC:111841[1>0]
uc290mqt.1	Ensembl.UCSC:111843[1]	ENSMUSG00000081770	Ensembl.UCSC:111843[1>0]
uc290mqu.1	Ensembl.UCSC:111855[1]	ENSMUSG00000060317	Ensembl.UCSC:111855[1>0]
uc290mqv.1	Ensembl.UCSC:111856[1]	ENSMUSG00000060317	Ensembl.UCSC:111856[1>0]
uc290mqw.1	Ensembl.UCSC:111858[1]	ENSMUSG00000060317	Ensembl.UCSC:111858[1>0]
uc290mqx.1	Ensembl.UCSC:111859[1]	ENSMUSG00000082725	Ensembl.UCSC:111859[1>0]
uc290mqy.1	Ensembl.UCSC:111861[1]	ENSMUSG00000094082	Ensembl.UCSC:111861[1>0]
uc290mqz.1	Ensembl.UCSC:111869[1]	ENSMUSG00000070985	Ensembl.UCSC:111869[1>0]
uc290mra.1	Ensembl.UCSC:111871[1]	ENSMUSG00000070985	Ensembl.UCSC:111871[1>0]
uc290mrb.1	Ensembl.UCSC:111876[1]	ENSMUSG00000070985	Ensembl.UCSC:111876[1>0]
uc290mrc.1	Ensembl.UCSC:111878[1]	ENSMUSG00000084479	Ensembl.UCSC:111878[1>0]
uc290mrd.1	Ensembl.UCSC:111895[1]	ENSMUSG00000039653	Ensembl.UCSC:111895[1>0]
uc290mre.1	Ensembl.UCSC:111957[1]	ENSMUSG00000028307	Ensembl.UCSC:111957[1>0]
uc290mrf.1	Ensembl.UCSC:111955[1]	ENSMUSG00000028307	Ensembl.UCSC:111955[1>0]
uc290mrg.1	Ensembl.UCSC:111964[1]	ENSMUSG00000039611	Ensembl.UCSC:111964[1>0]
uc290mrh.1	Ensembl.UCSC:111967[1]	ENSMUSG00000039611	Ensembl.UCSC:111967[1>0]
uc290mri.1	Ensembl.UCSC:112155[1]	ENSMUSG00000028309	Ensembl.UCSC:112155[1>0]
uc290mrj.1	Ensembl.UCSC:112144[1]	ENSMUSG00000028309	Ensembl.UCSC:112144[1>0]
uc290mrk.1	Ensembl.UCSC:112152[1]	ENSMUSG00000028309	Ensembl.UCSC:112152[1>0]
uc290mrl.1	Ensembl.UCSC:112150[1]	ENSMUSG00000028309	Ensembl.UCSC:112150[1>0]
uc290mrm.1	Ensembl.UCSC:112148[1]	ENSMUSG00000028309	Ensembl.UCSC:112148[1>0]
uc290mrn.1	Ensembl.UCSC:112159[1]	ENSMUSG00000028309	Ensembl.UCSC:112159[1>0]
uc290mro.1	Ensembl.UCSC:112163[1]	ENSMUSG00000028309	Ensembl.UCSC:112163[1>0]
uc290mrp.1	Ensembl.UCSC:112165[1]	ENSMUSG00000028309	Ensembl.UCSC:112165[1>0]
uc290mrq.1	Ensembl.UCSC:112235[1]	ENSMUSG00000039579	Ensembl.UCSC:112235[1>0]
uc290mrr.1	Ensembl.UCSC:112242[1]	ENSMUSG00000083153	Ensembl.UCSC:112242[1>0]
uc290mrs.1	Ensembl.UCSC:112234[1]	ENSMUSG00000039579	Ensembl.UCSC:112234[1>0]
uc290mrt.1	Ensembl.UCSC:112244[1]	ENSMUSG00000081120	Ensembl.UCSC:112244[1>0]
uc290mru.1	Ensembl.UCSC:112246[1]	ENSMUSG00000095394	Ensembl.UCSC:112246[1>0]
uc290mrv.1	Ensembl.UCSC:112248[1]	ENSMUSG00000084116	Ensembl.UCSC:112248[1>0]
uc290mrw.2	Ensembl.UCSC:134250[1]	ENSMUSG00000039555	Ensembl.UCSC:134250[1>0]
uc290mry.1	Ensembl.UCSC:112251[1]	ENSMUSG00002075333	Ensembl.UCSC:112251[1>0]
uc290mrz.1	Ensembl.UCSC:113951[1]	ENSMUSG00000088515	Ensembl.UCSC:113951[1>0]
uc290msa.1	Ensembl.UCSC:113953[1]	ENSMUSG00000088954	Ensembl.UCSC:113953[1>0]
uc290msb.1	Ensembl.UCSC:113955[1]	ENSMUSG00000064923	Ensembl.UCSC:113955[1>0]
uc290msc.1	Ensembl.UCSC:113957[1]	ENSMUSG00000081050	Ensembl.UCSC:113957[1>0]
uc290msd.1	Ensembl.UCSC:112255[1]	ENSMUSG00000082963	Ensembl.UCSC:112255[1>0]
uc290mse.1	Ensembl.UCSC:112256[1]	ENSMUSG00000083539	Ensembl.UCSC:112256[1>0]
uc290msf.1	Ensembl.UCSC:112258[1]	ENSMUSG00000082267	Ensembl.UCSC:112258[1>0]
uc290msg.1	Ensembl.UCSC:112259[1]	ENSMUSG00000083338	Ensembl.UCSC:112259[1>0]
uc290msh.1	Ensembl.UCSC:112453[1]	ENSMUSG00000028312	Ensembl.UCSC:112453[1>0]
uc290msi.1	Ensembl.UCSC:112457[1]	ENSMUSG00000028312	Ensembl.UCSC:112457[1>0]
uc290msj.1	Ensembl.UCSC:112461[1]	ENSMUSG00000028312	Ensembl.UCSC:112461[1>0]
uc290msk.1	Ensembl.UCSC:112465[1]	ENSMUSG00000084380	Ensembl.UCSC:112465[1>0]
uc290msl.1	Ensembl.UCSC:112469[1]	ENSMUSG00000061619	Ensembl.UCSC:112469[1>0]
uc290msm.1	Ensembl.UCSC:112497[1]	ENSMUSG00000081975	Ensembl.UCSC:112497[1>0]
uc290msn.1	Ensembl.UCSC:112488[1]	ENSMUSG00000089717	Ensembl.UCSC:112488[1>0]
uc290mso.1	Ensembl.UCSC:112498[1]	ENSMUSG00000110940	Ensembl.UCSC:112498[1>0]
uc290msp.1	Ensembl.UCSC:119602[1]	ENSMUSG00000049648	Ensembl.UCSC:119602[1>0]
uc290msq.1	Ensembl.UCSC:119605[1]	ENSMUSG00000049648	Ensembl.UCSC:119605[1>0]
uc290msr.1	Ensembl.UCSC:119607[1]	ENSMUSG00000110756	Ensembl.UCSC:119607[1>0]
uc290mss.1	Ensembl.UCSC:119608[1]	ENSMUSG00000083937	Ensembl.UCSC:119608[1>0]
uc290mst.1	Ensembl.UCSC:119612[1]	ENSMUSG00000051593	Ensembl.UCSC:119612[1>0]
uc290msu.1	Ensembl.UCSC:119614[1]	ENSMUSG00000051593	Ensembl.UCSC:119614[1>0]
uc290msv.1	Ensembl.UCSC:119616[1]	ENSMUSG00000051593	Ensembl.UCSC:119616[1>0]
uc290msx.1	Ensembl.UCSC:119618[1]	ENSMUSG00000082216	Ensembl.UCSC:119618[1>0]
uc290msy.1	Ensembl.UCSC:119620[1]	ENSMUSG00000070983	Ensembl.UCSC:119620[1>0]
uc290msz.1	Ensembl.UCSC:119621[1]	ENSMUSG00000070983	Ensembl.UCSC:119621[1>0]
uc290mta.1	Ensembl.UCSC:119623[1]	ENSMUSG00000070983	Ensembl.UCSC:119623[1>0]
uc290mtb.1	Ensembl.UCSC:119634[1]	ENSMUSG00000015242	Ensembl.UCSC:119634[1>0]
uc290mtc.1	Ensembl.UCSC:119638[1]	ENSMUSG00000015242	Ensembl.UCSC:119638[1>0]
uc290mtd.1	Ensembl.UCSC:119640[1]	ENSMUSG00000015242	Ensembl.UCSC:119640[1>0]
uc290mte.1	Ensembl.UCSC:119654[1]	ENSMUSG00000015247	Ensembl.UCSC:119654[1>0]
uc290mtf.1	Ensembl.UCSC:112558[1]	ENSMUSG00000015243	Ensembl.UCSC:112558[1>0]
uc290mtg.1	Ensembl.UCSC:112573[1]	ENSMUSG00000087192	Ensembl.UCSC:112573[1>0]
uc290mth.1	Ensembl.UCSC:112589[1]	ENSMUSG00000086712	Ensembl.UCSC:112589[1>0]
uc290mti.1	Ensembl.UCSC:112587[1]	ENSMUSG00000086712	Ensembl.UCSC:112587[1>0]
uc290mtj.1	Ensembl.UCSC:112590[1]	ENSMUSG00000083735	Ensembl.UCSC:112590[1>0]
uc290mtk.1	Ensembl.UCSC:112593[1]	ENSMUSG00000086267	Ensembl.UCSC:112593[1>0]
uc290mtl.1	Ensembl.UCSC:112736[1]	ENSMUSG00000028412	Ensembl.UCSC:112736[1>0]
uc290mtm.1	Ensembl.UCSC:112745[1]	ENSMUSG00000028412	Ensembl.UCSC:112745[1>0]
uc290mtn.1	Ensembl.UCSC:112747[1]	ENSMUSG00000084970	Ensembl.UCSC:112747[1>0]
uc290mto.1	Ensembl.UCSC:112746[1]	ENSMUSG00000028412	Ensembl.UCSC:112746[1>0]
uc290mtp.1	Ensembl.UCSC:134286[1]	ENSMUSG00000054752	Ensembl.UCSC:134286[1>0]
uc290mtq.1	Ensembl.UCSC:134289[1]	ENSMUSG00000054752	Ensembl.UCSC:134289[1>0]
uc290mtr.1	Ensembl.UCSC:134300[1]	ENSMUSG00000054752	Ensembl.UCSC:134300[1>0]
uc290mts.1	Ensembl.UCSC:134305[1]	ENSMUSG00000054752	Ensembl.UCSC:134305[1>0]
uc290mtu.1	Ensembl.UCSC:112749[1]	ENSMUSG00000081516	Ensembl.UCSC:112749[1>0]
uc290mtv.1	Ensembl.UCSC:112789[1]	ENSMUSG00000028414	Ensembl.UCSC:112789[1>0]
uc290mtw.1	Ensembl.UCSC:112797[1]	ENSMUSG00000028414	Ensembl.UCSC:112797[1>0]
uc290mtx.1	Ensembl.UCSC:112804[1]	ENSMUSG00000028414	Ensembl.UCSC:112804[1>0]
uc290mty.1	Ensembl.UCSC:112808[1]	ENSMUSG00002075636	Ensembl.UCSC:112808[1>0]
uc290mtz.1	Ensembl.UCSC:112814[1]	ENSMUSG00000084403	Ensembl.UCSC:112814[1>0]
uc290mua.1	Ensembl.UCSC:112830[1]	ENSMUSG00000028420	Ensembl.UCSC:112830[1>0]
uc290mub.1	Ensembl.UCSC:112833[1]	ENSMUSG00000028420	Ensembl.UCSC:112833[1>0]
uc290muc.1	Ensembl.UCSC:112834[1]	ENSMUSG00000028420	Ensembl.UCSC:112834[1>0]
uc290mud.1	Ensembl.UCSC:112836[1]	ENSMUSG00000065887	Ensembl.UCSC:112836[1>0]
uc290mue.1	Ensembl.UCSC:112838[1]	ENSMUSG00000083985	Ensembl.UCSC:112838[1>0]
uc290muf.1	Ensembl.UCSC:112841[1]	ENSMUSG00000077418	Ensembl.UCSC:112841[1>0]
uc290mug.1	Ensembl.UCSC:112844[1]	ENSMUSG00000089552	Ensembl.UCSC:112844[1>0]
uc290muh.1	Ensembl.UCSC:112845[1]	ENSMUSG00000086987	Ensembl.UCSC:112845[1>0]
uc290mui.1	Ensembl.UCSC:112848[1]	ENSMUSG00000083624	Ensembl.UCSC:112848[1>0]
uc290muj.1	Ensembl.UCSC:112849[1]	ENSMUSG00000093183	Ensembl.UCSC:112849[1>0]
uc290muk.1	Ensembl.UCSC:112851[1]	ENSMUSG00000081428	Ensembl.UCSC:112851[1>0]
uc290mul.1	Ensembl.UCSC:112853[1]	ENSMUSG00000099421	Ensembl.UCSC:112853[1>0]
uc290mum.1	Ensembl.UCSC:112856[1]	ENSMUSG00000086371	Ensembl.UCSC:112856[1>0]
uc290mun.1	Ensembl.UCSC:112860[1]	ENSMUSG00000087077	Ensembl.UCSC:112860[1>0]
uc290muo.1	Ensembl.UCSC:112864[1]	ENSMUSG00000083868	Ensembl.UCSC:112864[1>0]
uc290mup.1	Ensembl.UCSC:112868[1]	ENSMUSG00002075167	Ensembl.UCSC:112868[1>0]
uc290muq.1	Ensembl.UCSC:112869[1]	ENSMUSG00000082111	Ensembl.UCSC:112869[1>0]
uc290mur.1	Ensembl.UCSC:112875[1]	ENSMUSG00000060206	Ensembl.UCSC:112875[1>0]
uc290mus.1	Ensembl.UCSC:112941[1]	ENSMUSG00000060206	Ensembl.UCSC:112941[1>0]
uc290mut.1	Ensembl.UCSC:112944[1]	ENSMUSG00000060206	Ensembl.UCSC:112944[1>0]
uc290muu.1	Ensembl.UCSC:90990[1]	ENSMUSG00000082704	Ensembl.UCSC:90990[1>0]
uc290muv.1	Ensembl.UCSC:90991[1]	ENSMUSG00000087614	Ensembl.UCSC:90991[1>0]
uc290muw.1	Ensembl.UCSC:90993[1]	ENSMUSG00000087614	Ensembl.UCSC:90993[1>0]
uc290mux.1	Ensembl.UCSC:90994[1]	ENSMUSG00000081177	Ensembl.UCSC:90994[1>0]
uc290muy.1	Ensembl.UCSC:90995[1]	ENSMUSG00000081504	Ensembl.UCSC:90995[1>0]
uc290muz.1	Ensembl.UCSC:90997[1]	ENSMUSG00000081542	Ensembl.UCSC:90997[1>0]
uc290mva.1	Ensembl.UCSC:91001[1]	ENSMUSG00000077403	Ensembl.UCSC:91001[1>0]
uc290mvb.1	Ensembl.UCSC:91057[1]	ENSMUSG00000028426	Ensembl.UCSC:91057[1>0]
uc290mvc.1	Ensembl.UCSC:91063[1]	ENSMUSG00000028426	Ensembl.UCSC:91063[1>0]
uc290mvd.1	Ensembl.UCSC:91060[1]	ENSMUSG00000028426	Ensembl.UCSC:91060[1>0]
uc290mve.1	Ensembl.UCSC:91064[1]	ENSMUSG00000084144	Ensembl.UCSC:91064[1>0]
uc290mvf.1	Ensembl.UCSC:91066[1]	ENSMUSG00000084404	Ensembl.UCSC:91066[1>0]
uc290mvg.1	Ensembl.UCSC:91070[1]	ENSMUSG00000086346	Ensembl.UCSC:91070[1>0]
uc290mvh.1	Ensembl.UCSC:91071[1]	ENSMUSG00000077635	Ensembl.UCSC:91071[1>0]
uc290mvi.1	Ensembl.UCSC:91072[1]	ENSMUSG00000082952	Ensembl.UCSC:91072[1>0]
uc290mvj.1	Ensembl.UCSC:91075[1]	ENSMUSG00000003032	Ensembl.UCSC:91075[1>0]
uc290mvk.1	Ensembl.UCSC:91074[1]	ENSMUSG00000003032	Ensembl.UCSC:91074[1>0]
uc290mvl.1	Ensembl.UCSC:91101[1]	ENSMUSG00000085375	Ensembl.UCSC:91101[1>0]
uc290mvm.1	Ensembl.UCSC:116055[1]	ENSMUSG00000085643	Ensembl.UCSC:116055[1>0]
uc290mvn.1	Ensembl.UCSC:91276[1]	ENSMUSG00000081290	Ensembl.UCSC:91276[1>0]
uc290mvo.1	Ensembl.UCSC:91286[1]	ENSMUSG00000082613	Ensembl.UCSC:91286[1>0]
uc290mvp.1	Ensembl.UCSC:127555[1]	ENSMUSG00000077663	Ensembl.UCSC:127555[1>0]
uc290mvr.1	Ensembl.UCSC:127754[1]	ENSMUSG00000028431	Ensembl.UCSC:127754[1>0]
uc290mvs.1	Ensembl.UCSC:127759[1]	ENSMUSG00000028431	Ensembl.UCSC:127759[1>0]
uc290mvt.1	Ensembl.UCSC:127769[1]	ENSMUSG00002075696	Ensembl.UCSC:127769[1>0]
uc290mvu.1	Ensembl.UCSC:127763[1]	ENSMUSG00000028431	Ensembl.UCSC:127763[1>0]
uc290mvv.1	Ensembl.UCSC:127766[1]	ENSMUSG00000028431	Ensembl.UCSC:127766[1>0]
uc290mvw.1	Ensembl.UCSC:127772[1]	ENSMUSG00000038827	Ensembl.UCSC:127772[1>0]
uc290mvx.1	Ensembl.UCSC:127806[1]	ENSMUSG00000038827	Ensembl.UCSC:127806[1>0]
uc290mvy.1	Ensembl.UCSC:127811[1]	ENSMUSG00000038827	Ensembl.UCSC:127811[1>0]
uc290mvz.1	Ensembl.UCSC:127887[1]	ENSMUSG00000038816	Ensembl.UCSC:127887[1>0]
uc290mwa.1	Ensembl.UCSC:127889[1]	ENSMUSG00000038816	Ensembl.UCSC:127889[1>0]
uc290mwb.1	Ensembl.UCSC:127912[1]	ENSMUSG00000038816	Ensembl.UCSC:127912[1>0]
uc290mwc.1	Ensembl.UCSC:127918[1]	ENSMUSG00000038816	Ensembl.UCSC:127918[1>0]
uc290mwd.1	Ensembl.UCSC:127922[1]	ENSMUSG00000038816	Ensembl.UCSC:127922[1>0]
uc290mwe.1	Ensembl.UCSC:127926[1]	ENSMUSG00000038816	Ensembl.UCSC:127926[1>0]
uc290mwf.1	Ensembl.UCSC:127930[1]	ENSMUSG00000038816	Ensembl.UCSC:127930[1>0]
uc290mwg.1	Ensembl.UCSC:91968[1]	ENSMUSG00000055296	Ensembl.UCSC:91968[1>0]
uc290mwh.1	Ensembl.UCSC:91976[1]	ENSMUSG00000055296	Ensembl.UCSC:91976[1>0]
uc290mwi.1	Ensembl.UCSC:91962[1]	ENSMUSG00000055296	Ensembl.UCSC:91962[1>0]
uc290mwj.1	Ensembl.UCSC:127934[1]	ENSMUSG00002075508	Ensembl.UCSC:127934[1>0]
uc290mwk.1	Ensembl.UCSC:127936[1]	ENSMUSG00000106585	Ensembl.UCSC:127936[1>0]
uc290mwl.1	Ensembl.UCSC:127937[1]	ENSMUSG00000064595	Ensembl.UCSC:127937[1>0]
uc290mwm.1	Ensembl.UCSC:92016[1]	ENSMUSG00000045589	Ensembl.UCSC:92016[1>0]
uc290mwn.1	Ensembl.UCSC:92085[1]	ENSMUSG00000028434	Ensembl.UCSC:92085[1>0]
uc290mwo.1	Ensembl.UCSC:92118[1]	ENSMUSG00000028434	Ensembl.UCSC:92118[1>0]
uc290mwp.1	Ensembl.UCSC:92113[1]	ENSMUSG00000028434	Ensembl.UCSC:92113[1>0]
uc290mwq.1	Ensembl.UCSC:92101[1]	ENSMUSG00000028434	Ensembl.UCSC:92101[1>0]
uc290mwr.1	Ensembl.UCSC:92107[1]	ENSMUSG00000028434	Ensembl.UCSC:92107[1>0]
uc290mws.1	Ensembl.UCSC:92428[1]	ENSMUSG00000038764	Ensembl.UCSC:92428[1>0]
uc290mwt.1	Ensembl.UCSC:92430[1]	ENSMUSG00000038764	Ensembl.UCSC:92430[1>0]
uc290mwu.1	Ensembl.UCSC:92437[1]	ENSMUSG00000038764	Ensembl.UCSC:92437[1>0]
uc290mwv.1	Ensembl.UCSC:92440[1]	ENSMUSG00000038764	Ensembl.UCSC:92440[1>0]
uc290mww.1	Ensembl.UCSC:92446[1]	ENSMUSG00000038764	Ensembl.UCSC:92446[1>0]
uc290mwx.1	Ensembl.UCSC:92458[1]	ENSMUSG00000085654	Ensembl.UCSC:92458[1>0]
uc290mwy.1	Ensembl.UCSC:92460[1]	ENSMUSG00000087044	Ensembl.UCSC:92460[1>0]
uc290mwz.1	Ensembl.UCSC:92508[1]	ENSMUSG00000095042	Ensembl.UCSC:92508[1>0]
uc290mxa.1	Ensembl.UCSC:92510[1]	ENSMUSG00000081540	Ensembl.UCSC:92510[1>0]
uc290mxb.1	Ensembl.UCSC:92542[1]	ENSMUSG00000090053	Ensembl.UCSC:92542[1>0]
uc290mxc.1	Ensembl.UCSC:92570[1]	ENSMUSG00000081615	Ensembl.UCSC:92570[1>0]
uc290mxd.1	Ensembl.UCSC:92579[1]	ENSMUSG00000089945	Ensembl.UCSC:92579[1>0]
uc290mxe.1	Ensembl.UCSC:92562[1]	ENSMUSG00000090053	Ensembl.UCSC:92562[1>0]
uc290mxf.1	Ensembl.UCSC:92587[1]	ENSMUSG00000089945	Ensembl.UCSC:92587[1>0]
uc290mxg.1	Ensembl.UCSC:92568[1]	ENSMUSG00000090053	Ensembl.UCSC:92568[1>0]
uc290mxh.1	Ensembl.UCSC:92779[1]	ENSMUSG00000038729	Ensembl.UCSC:92779[1>0]
uc290mxi.1	Ensembl.UCSC:92807[1]	ENSMUSG00000038729	Ensembl.UCSC:92807[1>0]
uc290mxj.1	Ensembl.UCSC:92928[1]	ENSMUSG00000073846	Ensembl.UCSC:92928[1>0]
uc290mxk.1	Ensembl.UCSC:92932[1]	ENSMUSG00002076792	Ensembl.UCSC:92932[1>0]
uc290mxl.1	Ensembl.UCSC:92823[1]	ENSMUSG00000038729	Ensembl.UCSC:92823[1>0]
uc290mxm.1	Ensembl.UCSC:92829[1]	ENSMUSG00000038729	Ensembl.UCSC:92829[1>0]
uc290mxn.1	Ensembl.UCSC:92933[1]	ENSMUSG00000096195	Ensembl.UCSC:92933[1>0]
uc290mxo.1	Ensembl.UCSC:129862[1]	ENSMUSG00000038709	Ensembl.UCSC:129862[1>0]
uc290mxp.1	Ensembl.UCSC:129886[1]	ENSMUSG00000038709	Ensembl.UCSC:129886[1>0]
uc290mxu.1	Ensembl.UCSC:134387[1]	ENSMUSG00000057280	Ensembl.UCSC:134387[1>0]
uc290mxv.1	Ensembl.UCSC:129973[1]	ENSMUSG00000038668	Ensembl.UCSC:129973[1>0]
uc290mxw.1	Ensembl.UCSC:129990[1]	ENSMUSG00000038668	Ensembl.UCSC:129990[1>0]
uc290mxx.1	Ensembl.UCSC:129998[1]	ENSMUSG00000083834	Ensembl.UCSC:129998[1>0]
uc290mxy.1	Ensembl.UCSC:129992[1]	ENSMUSG00000038668	Ensembl.UCSC:129992[1>0]
uc290mxz.1	Ensembl.UCSC:129993[1]	ENSMUSG00000038668	Ensembl.UCSC:129993[1>0]
uc290mya.1	Ensembl.UCSC:129994[1]	ENSMUSG00000038668	Ensembl.UCSC:129994[1>0]
uc290myb.1	Ensembl.UCSC:130000[1]	ENSMUSG00000081186	Ensembl.UCSC:130000[1>0]
uc290myc.1	Ensembl.UCSC:130002[1]	ENSMUSG00000083145	Ensembl.UCSC:130002[1>0]
uc290myd.1	Ensembl.UCSC:93476[1]	ENSMUSG00000086470	Ensembl.UCSC:93476[1>0]
uc290mye.1	Ensembl.UCSC:93483[1]	ENSMUSG00000043385	Ensembl.UCSC:93483[1>0]
uc290myf.1	Ensembl.UCSC:94503[1]	ENSMUSG00000050812	Ensembl.UCSC:94503[1>0]
uc290myg.1	Ensembl.UCSC:94505[1]	ENSMUSG00000050812	Ensembl.UCSC:94505[1>0]
uc290myh.1	Ensembl.UCSC:94506[1]	ENSMUSG00000050812	Ensembl.UCSC:94506[1>0]
uc290myi.1	Ensembl.UCSC:94507[1]	ENSMUSG00000050812	Ensembl.UCSC:94507[1>0]
uc290myj.1	Ensembl.UCSC:94511[1]	ENSMUSG00000050812	Ensembl.UCSC:94511[1>0]
uc290myk.1	Ensembl.UCSC:94514[1]	ENSMUSG00000050812	Ensembl.UCSC:94514[1>0]
uc290myl.1	Ensembl.UCSC:94517[1]	ENSMUSG00000050812	Ensembl.UCSC:94517[1>0]
uc290mym.1	Ensembl.UCSC:94522[1]	ENSMUSG00000050812	Ensembl.UCSC:94522[1>0]
uc290myn.1	Ensembl.UCSC:123403[1]	ENSMUSG00002076044	Ensembl.UCSC:123403[1>0]
uc290myo.1	Ensembl.UCSC:123415[1]	ENSMUSG00000070972	Ensembl.UCSC:123415[1>0]
uc290myp.1	Ensembl.UCSC:123418[1]	ENSMUSG00000070972	Ensembl.UCSC:123418[1>0]
uc290myq.1	Ensembl.UCSC:123430[1]	ENSMUSG00000070972	Ensembl.UCSC:123430[1>0]
uc290mys.1	Ensembl.UCSC:123455[1]	ENSMUSG00000038607	Ensembl.UCSC:123455[1>0]
uc290myt.1	Ensembl.UCSC:94778[1]	ENSMUSG00000038598	Ensembl.UCSC:94778[1>0]
uc290myu.1	Ensembl.UCSC:123456[1]	ENSMUSG00000081432	Ensembl.UCSC:123456[1>0]
uc290myv.1	Ensembl.UCSC:94801[1]	ENSMUSG00000086660	Ensembl.UCSC:94801[1>0]
uc290myw.1	Ensembl.UCSC:94810[1]	ENSMUSG00000082978	Ensembl.UCSC:94810[1>0]
uc290myx.1	Ensembl.UCSC:94899[1]	ENSMUSG00000028381	Ensembl.UCSC:94899[1>0]
uc290myy.1	Ensembl.UCSC:94901[1]	ENSMUSG00000028381	Ensembl.UCSC:94901[1>0]
uc290myz.1	Ensembl.UCSC:94904[1]	ENSMUSG00000028381	Ensembl.UCSC:94904[1>0]
uc290mza.1	Ensembl.UCSC:115458[1]	ENSMUSG00000086952	Ensembl.UCSC:115458[1>0]
uc290mzb.1	Ensembl.UCSC:94956[1]	ENSMUSG00000038578	Ensembl.UCSC:94956[1>0]
uc290mzc.1	Ensembl.UCSC:94945[1]	ENSMUSG00000038578	Ensembl.UCSC:94945[1>0]
uc290mzd.1	Ensembl.UCSC:94953[1]	ENSMUSG00000038578	Ensembl.UCSC:94953[1>0]
uc290mze.1	Ensembl.UCSC:95036[1]	ENSMUSG00000083979	Ensembl.UCSC:95036[1>0]
uc290mzf.1	Ensembl.UCSC:96464[1]	ENSMUSG00000028382	Ensembl.UCSC:96464[1>0]
uc290mzg.1	Ensembl.UCSC:96484[1]	ENSMUSG00000028382	Ensembl.UCSC:96484[1>0]
uc290mzh.1	Ensembl.UCSC:96491[1]	ENSMUSG00000028382	Ensembl.UCSC:96491[1>0]
uc290mzi.1	Ensembl.UCSC:96498[1]	ENSMUSG00000028382	Ensembl.UCSC:96498[1>0]
uc290mzj.1	Ensembl.UCSC:96503[1]	ENSMUSG00000028382	Ensembl.UCSC:96503[1>0]
uc290mzk.1	Ensembl.UCSC:96504[1]	ENSMUSG00000028382	Ensembl.UCSC:96504[1>0]
uc290mzl.1	Ensembl.UCSC:96507[1]	ENSMUSG00000028382	Ensembl.UCSC:96507[1>0]
uc290mzm.1	Ensembl.UCSC:96508[1]	ENSMUSG00000028382	Ensembl.UCSC:96508[1>0]
uc290mzn.1	Ensembl.UCSC:96510[1]	ENSMUSG00000028382	Ensembl.UCSC:96510[1>0]
uc290mzo.1	Ensembl.UCSC:96512[1]	ENSMUSG00000028382	Ensembl.UCSC:96512[1>0]
uc290mzp.1	Ensembl.UCSC:96513[1]	ENSMUSG00000028382	Ensembl.UCSC:96513[1>0]
uc290mzq.1	Ensembl.UCSC:96637[1]	ENSMUSG00000080831	Ensembl.UCSC:96637[1>0]
uc290mzs.1	Ensembl.UCSC:96750[1]	ENSMUSG00000028383	Ensembl.UCSC:96750[1>0]
uc290mzt.1	Ensembl.UCSC:96804[1]	ENSMUSG00000045071	Ensembl.UCSC:96804[1>0]
uc290mzu.1	Ensembl.UCSC:96805[1]	ENSMUSG00000045071	Ensembl.UCSC:96805[1>0]
uc290mzv.1	Ensembl.UCSC:96852[1]	ENSMUSG00000038544	Ensembl.UCSC:96852[1>0]
uc290mzw.1	Ensembl.UCSC:96853[1]	ENSMUSG00000038544	Ensembl.UCSC:96853[1>0]
uc290mzx.1	Ensembl.UCSC:96858[1]	ENSMUSG00000038544	Ensembl.UCSC:96858[1>0]
uc290mzy.1	Ensembl.UCSC:96861[1]	ENSMUSG00000038544	Ensembl.UCSC:96861[1>0]
uc290mzz.1	Ensembl.UCSC:96892[1]	ENSMUSG00000028385	Ensembl.UCSC:96892[1>0]
uc290naa.1	Ensembl.UCSC:96898[1]	ENSMUSG00000080772	Ensembl.UCSC:96898[1>0]
uc290nab.1	Ensembl.UCSC:96894[1]	ENSMUSG00000028385	Ensembl.UCSC:96894[1>0]
uc290nac.1	Ensembl.UCSC:96897[1]	ENSMUSG00000028385	Ensembl.UCSC:96897[1>0]
uc290nad.1	Ensembl.UCSC:96900[1]	ENSMUSG00000073843	Ensembl.UCSC:96900[1>0]
uc290nae.1	Ensembl.UCSC:96962[1]	ENSMUSG00000078689	Ensembl.UCSC:96962[1>0]
uc290naf.1	Ensembl.UCSC:96965[1]	ENSMUSG00000078689	Ensembl.UCSC:96965[1>0]
uc290nag.1	Ensembl.UCSC:97049[1]	ENSMUSG00000073842	Ensembl.UCSC:97049[1>0]
uc290nah.1	Ensembl.UCSC:97058[1]	ENSMUSG00000083239	Ensembl.UCSC:97058[1>0]
uc290nai.1	Ensembl.UCSC:97456[1]	ENSMUSG00000078688	Ensembl.UCSC:97456[1>0]
uc290naj.1	Ensembl.UCSC:97458[1]	ENSMUSG00000073840	Ensembl.UCSC:97458[1>0]
uc290nak.1	Ensembl.UCSC:97462[1]	ENSMUSG00000078687	Ensembl.UCSC:97462[1>0]
uc290nal.1	Ensembl.UCSC:97469[1]	ENSMUSG00000095455	Ensembl.UCSC:97469[1>0]
uc290pbl.1	Ensembl.UCSC:62158[1]	ENSMUSG00002075817	Ensembl.UCSC:62158[1>0]
uc290rrn.1	Ensembl.UCSC:123476[1]	ENSMUSG00000083704	Ensembl.UCSC:123476[1>0]
uc290tmy.1	Ensembl.UCSC:76410[1]	ENSMUSG00000119906	Ensembl.UCSC:76410[1>0]
uc290trc.1	Ensembl.UCSC:80673[1]	ENSMUSG00000105141	Ensembl.UCSC:80673[1>0]
uc290vkc.1	Ensembl.UCSC:93075[1]	ENSMUSG00000105454	Ensembl.UCSC:93075[1>0]
uc290vqu.1	Ensembl.UCSC:100310[1]	ENSMUSG00000104709	Ensembl.UCSC:100310[1>0]
uc290vzo.1	Ensembl.UCSC:138423[1]	ENSMUSG00000093258	Ensembl.UCSC:138423[1>0]
uc290zkw.1	Ensembl.UCSC:10233[1]	ENSMUSG00000029462	Ensembl.UCSC:10233[1>0]
uc290zlx.1	Ensembl.UCSC:15414[1]	ENSMUSG00000029468	Ensembl.UCSC:15414[1>0]
uc290zpi.1	Ensembl.UCSC:28858[1]	ENSMUSG00000029440	Ensembl.UCSC:28858[1>0]
uc290zyv.1	Ensembl.UCSC:136043[1]	ENSMUSG00000121110	Ensembl.UCSC:136043[1>0]
uc291ahs.1	Ensembl.UCSC:131422[1]	ENSMUSG00000106320	Ensembl.UCSC:131422[1>0]
uc291aht.1	Ensembl.UCSC:131424[1]	ENSMUSG00000104936	Ensembl.UCSC:131424[1>0]
uc291ajr.1	Ensembl.UCSC:128896[1]	ENSMUSG00000060261	Ensembl.UCSC:128896[1>0]
uc291bxt.1	Ensembl.UCSC:48318[1]	ENSMUSG00000107098	Ensembl.UCSC:48318[1>0]
uc291cbo.1	Ensembl.UCSC:52534[1]	ENSMUSG00000056602	Ensembl.UCSC:52534[1>0]
uc291cfv.1	Ensembl.UCSC:116728[1]	ENSMUSG00002075653	Ensembl.UCSC:116728[1>0]
uc291cfw.1	Ensembl.UCSC:116729[1]	ENSMUSG00000106974	Ensembl.UCSC:116729[1>0]
uc291cfx.1	Ensembl.UCSC:129150[1]	ENSMUSG00000107380	Ensembl.UCSC:129150[1>0]
uc291cfy.1	Ensembl.UCSC:129152[1]	ENSMUSG00000121805	Ensembl.UCSC:129152[1>0]
uc291cfz.1	Ensembl.UCSC:116732[1]	ENSMUSG00000106893	Ensembl.UCSC:116732[1>0]
uc291cga.1	Ensembl.UCSC:116734[1]	ENSMUSG00000107185	Ensembl.UCSC:116734[1>0]
uc291cgb.1	Ensembl.UCSC:116736[1]	ENSMUSG00000107233	Ensembl.UCSC:116736[1>0]
uc291cgc.1	Ensembl.UCSC:107072[1]	ENSMUSG00000107601	Ensembl.UCSC:107072[1>0]
uc291cgd.1	Ensembl.UCSC:107073[1]	ENSMUSG00000106955	Ensembl.UCSC:107073[1>0]
uc291cge.1	Ensembl.UCSC:107077[1]	ENSMUSG00000106945	Ensembl.UCSC:107077[1>0]
uc291cgf.1	Ensembl.UCSC:107083[1]	ENSMUSG00000107184	Ensembl.UCSC:107083[1>0]
uc291cgg.1	Ensembl.UCSC:107085[1]	ENSMUSG00000107017	Ensembl.UCSC:107085[1>0]
uc291cgi.1	Ensembl.UCSC:107086[1]	ENSMUSG00000107222	Ensembl.UCSC:107086[1>0]
uc291cgj.1	Ensembl.UCSC:107088[1]	ENSMUSG00000107215	Ensembl.UCSC:107088[1>0]
uc291cgl.1	Ensembl.UCSC:113801[1]	ENSMUSG00000106734	Ensembl.UCSC:113801[1>0]
uc291cgo.1	Ensembl.UCSC:107093[1]	ENSMUSG00000047735	Ensembl.UCSC:107093[1>0]
uc291cgp.1	Ensembl.UCSC:107143[1]	ENSMUSG00000044156	Ensembl.UCSC:107143[1>0]
uc291cgq.1	Ensembl.UCSC:107149[1]	ENSMUSG00000044156	Ensembl.UCSC:107149[1>0]
uc291cgr.1	Ensembl.UCSC:107152[1]	ENSMUSG00000044156	Ensembl.UCSC:107152[1>0]
uc291cgs.1	Ensembl.UCSC:107155[1]	ENSMUSG00000044156	Ensembl.UCSC:107155[1>0]
uc291cgt.1	Ensembl.UCSC:107557[1]	ENSMUSG00000001376	Ensembl.UCSC:107557[1>0]
uc291cgu.1	Ensembl.UCSC:107560[1]	ENSMUSG00000001376	Ensembl.UCSC:107560[1>0]
uc291cgv.1	Ensembl.UCSC:107580[1]	ENSMUSG00000001376	Ensembl.UCSC:107580[1>0]
uc291cgw.1	Ensembl.UCSC:107582[1]	ENSMUSG00000001376	Ensembl.UCSC:107582[1>0]
uc291cgx.1	Ensembl.UCSC:107588[1]	ENSMUSG00000107094	Ensembl.UCSC:107588[1>0]
uc291cgy.1	Ensembl.UCSC:107584[1]	ENSMUSG00000001376	Ensembl.UCSC:107584[1>0]
uc291cgz.1	Ensembl.UCSC:107585[1]	ENSMUSG00000001376	Ensembl.UCSC:107585[1>0]
uc291cha.1	Ensembl.UCSC:107675[1]	ENSMUSG00000023964	Ensembl.UCSC:107675[1>0]
uc291chb.1	Ensembl.UCSC:107679[1]	ENSMUSG00000023964	Ensembl.UCSC:107679[1>0]
uc291chc.1	Ensembl.UCSC:107686[1]	ENSMUSG00000108091	Ensembl.UCSC:107686[1>0]
uc291chd.1	Ensembl.UCSC:107712[1]	ENSMUSG00000029664	Ensembl.UCSC:107712[1>0]
uc291che.1	Ensembl.UCSC:107715[1]	ENSMUSG00000029664	Ensembl.UCSC:107715[1>0]
uc291chf.1	Ensembl.UCSC:107733[1]	ENSMUSG00000029663	Ensembl.UCSC:107733[1>0]
uc291chg.1	Ensembl.UCSC:107767[1]	ENSMUSG00000032757	Ensembl.UCSC:107767[1>0]
uc291chh.1	Ensembl.UCSC:107769[1]	ENSMUSG00000032757	Ensembl.UCSC:107769[1>0]
uc291chi.1	Ensembl.UCSC:107770[1]	ENSMUSG00000032757	Ensembl.UCSC:107770[1>0]
uc291chj.1	Ensembl.UCSC:107774[1]	ENSMUSG00000032757	Ensembl.UCSC:107774[1>0]
uc291chk.1	Ensembl.UCSC:107776[1]	ENSMUSG00000032757	Ensembl.UCSC:107776[1>0]
uc291chl.1	Ensembl.UCSC:107779[1]	ENSMUSG00000108139	Ensembl.UCSC:107779[1>0]
uc291chm.1	Ensembl.UCSC:107780[1]	ENSMUSG00000107510	Ensembl.UCSC:107780[1>0]
uc291chn.1	Ensembl.UCSC:107783[1]	ENSMUSG00000098779	Ensembl.UCSC:107783[1>0]
uc291cho.1	Ensembl.UCSC:107785[1]	ENSMUSG00000107564	Ensembl.UCSC:107785[1>0]
uc291chp.1	Ensembl.UCSC:107787[1]	ENSMUSG00000108014	Ensembl.UCSC:107787[1>0]
uc291chq.1	Ensembl.UCSC:107789[1]	ENSMUSG00002075587	Ensembl.UCSC:107789[1>0]
uc291chr.1	Ensembl.UCSC:107792[1]	ENSMUSG00000107450	Ensembl.UCSC:107792[1>0]
uc291chs.1	Ensembl.UCSC:107793[1]	ENSMUSG00000102946	Ensembl.UCSC:107793[1>0]
uc291cht.1	Ensembl.UCSC:16226[1]	ENSMUSG00000029661	Ensembl.UCSC:16226[1>0]
uc291chu.1	Ensembl.UCSC:16768[1]	ENSMUSG00000029661	Ensembl.UCSC:16768[1>0]
uc291chv.1	Ensembl.UCSC:16770[1]	ENSMUSG00000029661	Ensembl.UCSC:16770[1>0]
uc291chw.1	Ensembl.UCSC:107795[1]	ENSMUSG00000107603	Ensembl.UCSC:107795[1>0]
uc291chx.1	Ensembl.UCSC:16786[1]	ENSMUSG00000029661	Ensembl.UCSC:16786[1>0]
uc291chy.1	Ensembl.UCSC:16789[1]	ENSMUSG00000029661	Ensembl.UCSC:16789[1>0]
uc291chz.1	Ensembl.UCSC:16790[1]	ENSMUSG00000029661	Ensembl.UCSC:16790[1>0]
uc291cia.1	Ensembl.UCSC:107797[1]	ENSMUSG00000107828	Ensembl.UCSC:107797[1>0]
uc291cib.1	Ensembl.UCSC:107798[1]	ENSMUSG00000097513	Ensembl.UCSC:107798[1>0]
uc291cic.1	Ensembl.UCSC:107878[1]	ENSMUSG00000015189	Ensembl.UCSC:107878[1>0]
uc291cid.1	Ensembl.UCSC:107880[1]	ENSMUSG00000015189	Ensembl.UCSC:107880[1>0]
uc291cie.1	Ensembl.UCSC:107882[1]	ENSMUSG00000015189	Ensembl.UCSC:107882[1>0]
uc291cif.1	Ensembl.UCSC:107889[1]	ENSMUSG00000107932	Ensembl.UCSC:107889[1>0]
uc291cig.1	Ensembl.UCSC:107886[1]	ENSMUSG00000015189	Ensembl.UCSC:107886[1>0]
uc291cih.1	Ensembl.UCSC:108096[1]	ENSMUSG00000004631	Ensembl.UCSC:108096[1>0]
uc291cii.1	Ensembl.UCSC:108101[1]	ENSMUSG00000004631	Ensembl.UCSC:108101[1>0]
uc291cij.1	Ensembl.UCSC:108128[1]	ENSMUSG00000004631	Ensembl.UCSC:108128[1>0]
uc291cik.1	Ensembl.UCSC:108129[1]	ENSMUSG00000004631	Ensembl.UCSC:108129[1>0]
uc291cil.1	Ensembl.UCSC:108130[1]	ENSMUSG00000004631	Ensembl.UCSC:108130[1>0]
uc291cim.1	Ensembl.UCSC:108131[1]	ENSMUSG00000004631	Ensembl.UCSC:108131[1>0]
uc291cin.1	Ensembl.UCSC:108132[1]	ENSMUSG00000004631	Ensembl.UCSC:108132[1>0]
uc291cio.1	Ensembl.UCSC:108133[1]	ENSMUSG00000004631	Ensembl.UCSC:108133[1>0]
uc291ciq.1	Ensembl.UCSC:129200[1]	ENSMUSG00000092035	Ensembl.UCSC:129200[1>0]
uc291cir.1	Ensembl.UCSC:108134[1]	ENSMUSG00000107977	Ensembl.UCSC:108134[1>0]
uc291cis.1	Ensembl.UCSC:108137[1]	ENSMUSG00000093570	Ensembl.UCSC:108137[1>0]
uc291cit.1	Ensembl.UCSC:108141[1]	ENSMUSG00000093570	Ensembl.UCSC:108141[1>0]
uc291ciu.1	Ensembl.UCSC:108145[1]	ENSMUSG00000097630	Ensembl.UCSC:108145[1>0]
uc291civ.1	Ensembl.UCSC:108150[1]	ENSMUSG00000083041	Ensembl.UCSC:108150[1>0]
uc291ciw.1	Ensembl.UCSC:108278[1]	ENSMUSG00000032827	Ensembl.UCSC:108278[1>0]
uc291cix.1	Ensembl.UCSC:108280[1]	ENSMUSG00000032827	Ensembl.UCSC:108280[1>0]
uc291ciy.1	Ensembl.UCSC:108286[1]	ENSMUSG00000032827	Ensembl.UCSC:108286[1>0]
uc291ciz.1	Ensembl.UCSC:108293[1]	ENSMUSG00000032827	Ensembl.UCSC:108293[1>0]
uc291cja.1	Ensembl.UCSC:108311[1]	ENSMUSG00000032827	Ensembl.UCSC:108311[1>0]
uc291cjb.1	Ensembl.UCSC:108312[1]	ENSMUSG00000032827	Ensembl.UCSC:108312[1>0]
uc291cjc.1	Ensembl.UCSC:108314[1]	ENSMUSG00000032827	Ensembl.UCSC:108314[1>0]
uc291cjd.1	Ensembl.UCSC:108315[1]	ENSMUSG00000032827	Ensembl.UCSC:108315[1>0]
uc291cje.1	Ensembl.UCSC:108323[1]	ENSMUSG00000097385	Ensembl.UCSC:108323[1>0]
uc291cjf.1	Ensembl.UCSC:108325[1]	ENSMUSG00000097464	Ensembl.UCSC:108325[1>0]
uc291cjg.1	Ensembl.UCSC:108327[1]	ENSMUSG00000097396	Ensembl.UCSC:108327[1>0]
uc291cjh.1	Ensembl.UCSC:108318[1]	ENSMUSG00000032827	Ensembl.UCSC:108318[1>0]
uc291cji.1	Ensembl.UCSC:108319[1]	ENSMUSG00000032827	Ensembl.UCSC:108319[1>0]
uc291cjj.1	Ensembl.UCSC:108340[1]	ENSMUSG00000002588	Ensembl.UCSC:108340[1>0]
uc291cjk.1	Ensembl.UCSC:108343[1]	ENSMUSG00000002588	Ensembl.UCSC:108343[1>0]
uc291cjl.1	Ensembl.UCSC:108345[1]	ENSMUSG00000002588	Ensembl.UCSC:108345[1>0]
uc291cjm.1	Ensembl.UCSC:108347[1]	ENSMUSG00000107881	Ensembl.UCSC:108347[1>0]
uc291cjn.1	Ensembl.UCSC:108382[1]	ENSMUSG00000029759	Ensembl.UCSC:108382[1>0]
uc291cjo.1	Ensembl.UCSC:108384[1]	ENSMUSG00000029759	Ensembl.UCSC:108384[1>0]
uc291cjp.1	Ensembl.UCSC:108385[1]	ENSMUSG00000029759	Ensembl.UCSC:108385[1>0]
uc291cjq.1	Ensembl.UCSC:108387[1]	ENSMUSG00000029759	Ensembl.UCSC:108387[1>0]
uc291cjr.1	Ensembl.UCSC:108402[1]	ENSMUSG00000032667	Ensembl.UCSC:108402[1>0]
uc291cjs.1	Ensembl.UCSC:108405[1]	ENSMUSG00000032667	Ensembl.UCSC:108405[1>0]
uc291cjt.1	Ensembl.UCSC:108407[1]	ENSMUSG00000107668	Ensembl.UCSC:108407[1>0]
uc291cju.1	Ensembl.UCSC:108420[1]	ENSMUSG00000042607	Ensembl.UCSC:108420[1>0]
uc291cjv.1	Ensembl.UCSC:108446[1]	ENSMUSG00000019577	Ensembl.UCSC:108446[1>0]
uc291cjw.1	Ensembl.UCSC:108450[1]	ENSMUSG00000019577	Ensembl.UCSC:108450[1>0]
uc291cjx.1	Ensembl.UCSC:108766[1]	ENSMUSG00000029757	Ensembl.UCSC:108766[1>0]
uc291cjy.1	Ensembl.UCSC:108801[1]	ENSMUSG00000029757	Ensembl.UCSC:108801[1>0]
uc291cjz.1	Ensembl.UCSC:108804[1]	ENSMUSG00000029757	Ensembl.UCSC:108804[1>0]
uc291cka.1	Ensembl.UCSC:108805[1]	ENSMUSG00000029757	Ensembl.UCSC:108805[1>0]
uc291ckb.1	Ensembl.UCSC:23155[1]	ENSMUSG00000015112	Ensembl.UCSC:23155[1>0]
uc291ckc.1	Ensembl.UCSC:23138[1]	ENSMUSG00000015112	Ensembl.UCSC:23138[1>0]
uc291ckd.1	Ensembl.UCSC:23147[1]	ENSMUSG00000015112	Ensembl.UCSC:23147[1>0]
uc291cke.1	Ensembl.UCSC:23149[1]	ENSMUSG00000015112	Ensembl.UCSC:23149[1>0]
uc291ckf.1	Ensembl.UCSC:113524[1]	ENSMUSG00000093482	Ensembl.UCSC:113524[1>0]
uc291ckg.1	Ensembl.UCSC:113525[1]	ENSMUSG00000093482	Ensembl.UCSC:113525[1>0]
uc291ckh.1	Ensembl.UCSC:108810[1]	ENSMUSG00000097669	Ensembl.UCSC:108810[1>0]
uc291cki.1	Ensembl.UCSC:108811[1]	ENSMUSG00000097175	Ensembl.UCSC:108811[1>0]
uc291ckj.1	Ensembl.UCSC:108817[1]	ENSMUSG00000097900	Ensembl.UCSC:108817[1>0]
uc291ckk.1	Ensembl.UCSC:108819[1]	ENSMUSG00000093658	Ensembl.UCSC:108819[1>0]
uc291ckl.1	Ensembl.UCSC:108824[1]	ENSMUSG00000093658	Ensembl.UCSC:108824[1>0]
uc291ckm.1	Ensembl.UCSC:108827[1]	ENSMUSG00000093380	Ensembl.UCSC:108827[1>0]
uc291ckn.1	Ensembl.UCSC:108845[1]	ENSMUSG00000042541	Ensembl.UCSC:108845[1>0]
uc291cko.1	Ensembl.UCSC:108852[1]	ENSMUSG00000093675	Ensembl.UCSC:108852[1>0]
uc291ckp.1	Ensembl.UCSC:108855[1]	ENSMUSG00000093675	Ensembl.UCSC:108855[1>0]
uc291ckq.1	Ensembl.UCSC:108858[1]	ENSMUSG00000093581	Ensembl.UCSC:108858[1>0]
uc291ckr.1	Ensembl.UCSC:108860[1]	ENSMUSG00000093651	Ensembl.UCSC:108860[1>0]
uc291cks.1	Ensembl.UCSC:108862[1]	ENSMUSG00002075275	Ensembl.UCSC:108862[1>0]
uc291ckt.1	Ensembl.UCSC:108864[1]	ENSMUSG00002075212	Ensembl.UCSC:108864[1>0]
uc291cku.1	Ensembl.UCSC:113614[1]	ENSMUSG00000090063	Ensembl.UCSC:113614[1>0]
uc291ckv.1	Ensembl.UCSC:108865[1]	ENSMUSG00000107967	Ensembl.UCSC:108865[1>0]
uc291ckw.1	Ensembl.UCSC:23415[1]	ENSMUSG00000029754	Ensembl.UCSC:23415[1>0]
uc291ckx.1	Ensembl.UCSC:23425[1]	ENSMUSG00000029754	Ensembl.UCSC:23425[1>0]
uc291cky.1	Ensembl.UCSC:23431[1]	ENSMUSG00000029754	Ensembl.UCSC:23431[1>0]
uc291ckz.1	Ensembl.UCSC:108872[1]	ENSMUSG00002075665	Ensembl.UCSC:108872[1>0]
uc291cla.1	Ensembl.UCSC:24126[1]	ENSMUSG00000029755	Ensembl.UCSC:24126[1>0]
uc291clb.1	Ensembl.UCSC:108874[1]	ENSMUSG00002076380	Ensembl.UCSC:108874[1>0]
uc291clc.1	Ensembl.UCSC:108875[1]	ENSMUSG00000097356	Ensembl.UCSC:108875[1>0]
uc291cld.1	Ensembl.UCSC:108881[1]	ENSMUSG00000042505	Ensembl.UCSC:108881[1>0]
uc291cle.1	Ensembl.UCSC:108883[1]	ENSMUSG00000098421	Ensembl.UCSC:108883[1>0]
uc291clf.1	Ensembl.UCSC:108884[1]	ENSMUSG00000099178	Ensembl.UCSC:108884[1>0]
uc291clg.1	Ensembl.UCSC:108888[1]	ENSMUSG00000098501	Ensembl.UCSC:108888[1>0]
uc291clh.1	Ensembl.UCSC:108890[1]	ENSMUSG00000107517	Ensembl.UCSC:108890[1>0]
uc291cli.1	Ensembl.UCSC:108892[1]	ENSMUSG00000107493	Ensembl.UCSC:108892[1>0]
uc291clj.1	Ensembl.UCSC:108938[1]	ENSMUSG00000061762	Ensembl.UCSC:108938[1>0]
uc291clk.1	Ensembl.UCSC:108944[1]	ENSMUSG00000061762	Ensembl.UCSC:108944[1>0]
uc291cll.1	Ensembl.UCSC:108948[1]	ENSMUSG00000061762	Ensembl.UCSC:108948[1>0]
uc291clm.1	Ensembl.UCSC:108951[1]	ENSMUSG00000099182	Ensembl.UCSC:108951[1>0]
uc291cln.1	Ensembl.UCSC:108997[1]	ENSMUSG00000029752	Ensembl.UCSC:108997[1>0]
uc291clo.1	Ensembl.UCSC:109005[1]	ENSMUSG00000029752	Ensembl.UCSC:109005[1>0]
uc291clp.1	Ensembl.UCSC:109010[1]	ENSMUSG00000029752	Ensembl.UCSC:109010[1>0]
uc291clq.1	Ensembl.UCSC:109012[1]	ENSMUSG00000029752	Ensembl.UCSC:109012[1>0]
uc291clr.1	Ensembl.UCSC:109015[1]	ENSMUSG00000029752	Ensembl.UCSC:109015[1>0]
uc291cls.1	Ensembl.UCSC:109018[1]	ENSMUSG00000029752	Ensembl.UCSC:109018[1>0]
uc291clt.1	Ensembl.UCSC:109020[1]	ENSMUSG00000107394	Ensembl.UCSC:109020[1>0]
uc291clu.1	Ensembl.UCSC:109021[1]	ENSMUSG00000107844	Ensembl.UCSC:109021[1>0]
uc291clv.1	Ensembl.UCSC:109031[1]	ENSMUSG00000107549	Ensembl.UCSC:109031[1>0]
uc291clw.1	Ensembl.UCSC:109033[1]	ENSMUSG00000107763	Ensembl.UCSC:109033[1>0]
uc291clx.1	Ensembl.UCSC:109034[1]	ENSMUSG00002075238	Ensembl.UCSC:109034[1>0]
uc291cly.1	Ensembl.UCSC:25632[1]	ENSMUSG00000068794	Ensembl.UCSC:25632[1>0]
uc291clz.1	Ensembl.UCSC:25636[1]	ENSMUSG00000068794	Ensembl.UCSC:25636[1>0]
uc291cma.1	Ensembl.UCSC:25637[1]	ENSMUSG00000068794	Ensembl.UCSC:25637[1>0]
uc291cmb.1	Ensembl.UCSC:109051[1]	ENSMUSG00000042447	Ensembl.UCSC:109051[1>0]
uc291cmc.1	Ensembl.UCSC:109054[1]	ENSMUSG00000042447	Ensembl.UCSC:109054[1>0]
uc291cmd.1	Ensembl.UCSC:109079[1]	ENSMUSG00000012483	Ensembl.UCSC:109079[1>0]
uc291cme.1	Ensembl.UCSC:109095[1]	ENSMUSG00000089862	Ensembl.UCSC:109095[1>0]
uc291cmf.1	Ensembl.UCSC:109097[1]	ENSMUSG00000089862	Ensembl.UCSC:109097[1>0]
uc291cmg.1	Ensembl.UCSC:109110[1]	ENSMUSG00000089862	Ensembl.UCSC:109110[1>0]
uc291cmh.1	Ensembl.UCSC:109122[1]	ENSMUSG00000107705	Ensembl.UCSC:109122[1>0]
uc291cmi.1	Ensembl.UCSC:109123[1]	ENSMUSG00000089890	Ensembl.UCSC:109123[1>0]
uc291cmj.1	Ensembl.UCSC:109126[1]	ENSMUSG00000089735	Ensembl.UCSC:109126[1>0]
uc291cmk.1	Ensembl.UCSC:109115[1]	ENSMUSG00000089862	Ensembl.UCSC:109115[1>0]
uc291cml.1	Ensembl.UCSC:109128[1]	ENSMUSG00000090151	Ensembl.UCSC:109128[1>0]
uc291cmm.1	Ensembl.UCSC:109129[1]	ENSMUSG00002075015	Ensembl.UCSC:109129[1>0]
uc291cmn.1	Ensembl.UCSC:113975[1]	ENSMUSG00000087305	Ensembl.UCSC:113975[1>0]
uc291cmo.1	Ensembl.UCSC:109130[1]	ENSMUSG00000077250	Ensembl.UCSC:109130[1>0]
uc291cmp.1	Ensembl.UCSC:109181[1]	ENSMUSG00000029638	Ensembl.UCSC:109181[1>0]
uc291cmq.1	Ensembl.UCSC:109189[1]	ENSMUSG00000029638	Ensembl.UCSC:109189[1>0]
uc291cmr.1	Ensembl.UCSC:109191[1]	ENSMUSG00000107724	Ensembl.UCSC:109191[1>0]
uc291cms.1	Ensembl.UCSC:109346[1]	ENSMUSG00000062995	Ensembl.UCSC:109346[1>0]
uc291cmt.1	Ensembl.UCSC:109421[1]	ENSMUSG00000062995	Ensembl.UCSC:109421[1>0]
uc291cmu.1	Ensembl.UCSC:109436[1]	ENSMUSG00000062995	Ensembl.UCSC:109436[1>0]
uc291cmv.1	Ensembl.UCSC:109448[1]	ENSMUSG00000062995	Ensembl.UCSC:109448[1>0]
uc291cmw.1	Ensembl.UCSC:109450[1]	ENSMUSG00000062995	Ensembl.UCSC:109450[1>0]
uc291cmx.1	Ensembl.UCSC:109455[1]	ENSMUSG00000062995	Ensembl.UCSC:109455[1>0]
uc291cmy.1	Ensembl.UCSC:109462[1]	ENSMUSG00000062995	Ensembl.UCSC:109462[1>0]
uc291cmz.1	Ensembl.UCSC:109468[1]	ENSMUSG00000062995	Ensembl.UCSC:109468[1>0]
uc291cna.1	Ensembl.UCSC:109469[1]	ENSMUSG00000062995	Ensembl.UCSC:109469[1>0]
uc291cnb.1	Ensembl.UCSC:109475[1]	ENSMUSG00000062995	Ensembl.UCSC:109475[1>0]
uc291cnc.1	Ensembl.UCSC:109491[1]	ENSMUSG00000107851	Ensembl.UCSC:109491[1>0]
uc291cnd.1	Ensembl.UCSC:109492[1]	ENSMUSG00000107459	Ensembl.UCSC:109492[1>0]
uc291cne.1	Ensembl.UCSC:109494[1]	ENSMUSG00000107762	Ensembl.UCSC:109494[1>0]
uc291cnf.1	Ensembl.UCSC:109495[1]	ENSMUSG00000108222	Ensembl.UCSC:109495[1>0]
uc291cng.1	Ensembl.UCSC:109496[1]	ENSMUSG00000108249	Ensembl.UCSC:109496[1>0]
uc291cnh.1	Ensembl.UCSC:109497[1]	ENSMUSG00000118743	Ensembl.UCSC:109497[1>0]
uc291cni.1	Ensembl.UCSC:109498[1]	ENSMUSG00002075268	Ensembl.UCSC:109498[1>0]
uc291cnj.1	Ensembl.UCSC:28139[1]	ENSMUSG00000108078	Ensembl.UCSC:28139[1>0]
uc291cnk.1	Ensembl.UCSC:28142[1]	ENSMUSG00000107847	Ensembl.UCSC:28142[1>0]
uc291cnl.1	Ensembl.UCSC:28183[1]	ENSMUSG00000107948	Ensembl.UCSC:28183[1>0]
uc291cnm.1	Ensembl.UCSC:28187[1]	ENSMUSG00000107948	Ensembl.UCSC:28187[1>0]
uc291cnn.1	Ensembl.UCSC:28227[1]	ENSMUSG00000029632	Ensembl.UCSC:28227[1>0]
uc291cno.1	Ensembl.UCSC:28231[1]	ENSMUSG00000029632	Ensembl.UCSC:28231[1>0]
uc291cnp.1	Ensembl.UCSC:28233[1]	ENSMUSG00000029632	Ensembl.UCSC:28233[1>0]
uc291cnq.1	Ensembl.UCSC:28236[1]	ENSMUSG00000029632	Ensembl.UCSC:28236[1>0]
uc291cnr.1	Ensembl.UCSC:29083[1]	ENSMUSG00000029629	Ensembl.UCSC:29083[1>0]
uc291cns.1	Ensembl.UCSC:29085[1]	ENSMUSG00000029629	Ensembl.UCSC:29085[1>0]
uc291cnt.1	Ensembl.UCSC:29259[1]	ENSMUSG00000029629	Ensembl.UCSC:29259[1>0]
uc291cnu.1	Ensembl.UCSC:29261[1]	ENSMUSG00000029629	Ensembl.UCSC:29261[1>0]
uc291cnv.1	Ensembl.UCSC:29263[1]	ENSMUSG00000029629	Ensembl.UCSC:29263[1>0]
uc291cnw.1	Ensembl.UCSC:29270[1]	ENSMUSG00000029629	Ensembl.UCSC:29270[1>0]
uc291cnx.1	Ensembl.UCSC:29275[1]	ENSMUSG00000029629	Ensembl.UCSC:29275[1>0]
uc291cny.1	Ensembl.UCSC:29278[1]	ENSMUSG00000029629	Ensembl.UCSC:29278[1>0]
uc291cnz.1	Ensembl.UCSC:129113[1]	ENSMUSG00000057223	Ensembl.UCSC:129113[1>0]
uc291coa.1	Ensembl.UCSC:29300[1]	ENSMUSG00000108209	Ensembl.UCSC:29300[1>0]
uc291cob.1	Ensembl.UCSC:29795[1]	ENSMUSG00000032625	Ensembl.UCSC:29795[1>0]
uc291coc.1	Ensembl.UCSC:29735[1]	ENSMUSG00000032625	Ensembl.UCSC:29735[1>0]
uc291cod.1	Ensembl.UCSC:29749[1]	ENSMUSG00000032625	Ensembl.UCSC:29749[1>0]
uc291coe.1	Ensembl.UCSC:29764[1]	ENSMUSG00000032625	Ensembl.UCSC:29764[1>0]
uc291cof.1	Ensembl.UCSC:29785[1]	ENSMUSG00000032625	Ensembl.UCSC:29785[1>0]
uc291cog.1	Ensembl.UCSC:29813[1]	ENSMUSG00000083794	Ensembl.UCSC:29813[1>0]
uc291coh.1	Ensembl.UCSC:29826[1]	ENSMUSG00000107422	Ensembl.UCSC:29826[1>0]
uc291coi.1	Ensembl.UCSC:29828[1]	ENSMUSG00002075762	Ensembl.UCSC:29828[1>0]
uc291coj.1	Ensembl.UCSC:29832[1]	ENSMUSG00000083620	Ensembl.UCSC:29832[1>0]
uc291cok.1	Ensembl.UCSC:29834[1]	ENSMUSG00000108050	Ensembl.UCSC:29834[1>0]
uc291col.1	Ensembl.UCSC:29845[1]	ENSMUSG00000098052	Ensembl.UCSC:29845[1>0]
uc291com.1	Ensembl.UCSC:29981[1]	ENSMUSG00000029571	Ensembl.UCSC:29981[1>0]
uc291con.1	Ensembl.UCSC:29988[1]	ENSMUSG00000029571	Ensembl.UCSC:29988[1>0]
uc291coo.1	Ensembl.UCSC:30034[1]	ENSMUSG00000029571	Ensembl.UCSC:30034[1>0]
uc291cop.1	Ensembl.UCSC:30038[1]	ENSMUSG00000029571	Ensembl.UCSC:30038[1>0]
uc291coq.1	Ensembl.UCSC:30040[1]	ENSMUSG00000029571	Ensembl.UCSC:30040[1>0]
uc291cor.1	Ensembl.UCSC:30048[1]	ENSMUSG00000077643	Ensembl.UCSC:30048[1>0]
uc291cos.1	Ensembl.UCSC:30224[1]	ENSMUSG00000079679	Ensembl.UCSC:30224[1>0]
uc291cot.1	Ensembl.UCSC:30226[1]	ENSMUSG00000079679	Ensembl.UCSC:30226[1>0]
uc291cou.1	Ensembl.UCSC:30236[1]	ENSMUSG00000079679	Ensembl.UCSC:30236[1>0]
uc291cov.1	Ensembl.UCSC:30255[1]	ENSMUSG00000107500	Ensembl.UCSC:30255[1>0]
uc291cow.1	Ensembl.UCSC:30258[1]	ENSMUSG00000119288	Ensembl.UCSC:30258[1>0]
uc291cox.1	Ensembl.UCSC:30274[1]	ENSMUSG00000029569	Ensembl.UCSC:30274[1>0]
uc291coy.1	Ensembl.UCSC:30275[1]	ENSMUSG00000029569	Ensembl.UCSC:30275[1>0]
uc291coz.1	Ensembl.UCSC:30277[1]	ENSMUSG00000029569	Ensembl.UCSC:30277[1>0]
uc291cpa.1	Ensembl.UCSC:30280[1]	ENSMUSG00000029569	Ensembl.UCSC:30280[1>0]
uc291cpb.1	Ensembl.UCSC:30281[1]	ENSMUSG00000029569	Ensembl.UCSC:30281[1>0]
uc291cpc.1	Ensembl.UCSC:30485[1]	ENSMUSG00000048216	Ensembl.UCSC:30485[1>0]
uc291cpd.1	Ensembl.UCSC:30505[1]	ENSMUSG00000052419	Ensembl.UCSC:30505[1>0]
uc291cpe.1	Ensembl.UCSC:30512[1]	ENSMUSG00000052419	Ensembl.UCSC:30512[1>0]
uc291cpf.1	Ensembl.UCSC:30519[1]	ENSMUSG00000052419	Ensembl.UCSC:30519[1>0]
uc291cpg.1	Ensembl.UCSC:30939[1]	ENSMUSG00000107562	Ensembl.UCSC:30939[1>0]
uc291cph.1	Ensembl.UCSC:30946[1]	ENSMUSG00000107942	Ensembl.UCSC:30946[1>0]
uc291cpi.1	Ensembl.UCSC:30983[1]	ENSMUSG00000108205	Ensembl.UCSC:30983[1>0]
uc291cpj.1	Ensembl.UCSC:30985[1]	ENSMUSG00000088975	Ensembl.UCSC:30985[1>0]
uc291cpk.1	Ensembl.UCSC:30992[1]	ENSMUSG00000107403	Ensembl.UCSC:30992[1>0]
uc291cpl.1	Ensembl.UCSC:30998[1]	ENSMUSG00000077334	Ensembl.UCSC:30998[1>0]
uc291cpm.1	Ensembl.UCSC:31005[1]	ENSMUSG00000107657	Ensembl.UCSC:31005[1>0]
uc291cpn.1	Ensembl.UCSC:32774[1]	ENSMUSG00000029563	Ensembl.UCSC:32774[1>0]
uc291cpo.1	Ensembl.UCSC:32778[1]	ENSMUSG00000029563	Ensembl.UCSC:32778[1>0]
uc291cpp.1	Ensembl.UCSC:32842[1]	ENSMUSG00000029563	Ensembl.UCSC:32842[1>0]
uc291cpq.1	Ensembl.UCSC:32844[1]	ENSMUSG00000029563	Ensembl.UCSC:32844[1>0]
uc291cpr.1	Ensembl.UCSC:32845[1]	ENSMUSG00000029563	Ensembl.UCSC:32845[1>0]
uc291cps.1	Ensembl.UCSC:32850[1]	ENSMUSG00000029563	Ensembl.UCSC:32850[1>0]
uc291cpt.1	Ensembl.UCSC:32854[1]	ENSMUSG00000029563	Ensembl.UCSC:32854[1>0]
uc291cpu.1	Ensembl.UCSC:33175[1]	ENSMUSG00000029563	Ensembl.UCSC:33175[1>0]
uc291cpv.1	Ensembl.UCSC:33202[1]	ENSMUSG00000029563	Ensembl.UCSC:33202[1>0]
uc291cpw.1	Ensembl.UCSC:33203[1]	ENSMUSG00000029563	Ensembl.UCSC:33203[1>0]
uc291cpx.1	Ensembl.UCSC:33204[1]	ENSMUSG00000029563	Ensembl.UCSC:33204[1>0]
uc291cpy.1	Ensembl.UCSC:33206[1]	ENSMUSG00000029563	Ensembl.UCSC:33206[1>0]
uc291cpz.1	Ensembl.UCSC:33208[1]	ENSMUSG00000029563	Ensembl.UCSC:33208[1>0]
uc291cqa.1	Ensembl.UCSC:33211[1]	ENSMUSG00000029563	Ensembl.UCSC:33211[1>0]
uc291cqb.1	Ensembl.UCSC:33213[1]	ENSMUSG00000029563	Ensembl.UCSC:33213[1>0]
uc291cqc.1	Ensembl.UCSC:33216[1]	ENSMUSG00000029563	Ensembl.UCSC:33216[1>0]
uc291cqd.1	Ensembl.UCSC:33226[1]	ENSMUSG00000029563	Ensembl.UCSC:33226[1>0]
uc291cqe.1	Ensembl.UCSC:33290[1]	ENSMUSG00002075269	Ensembl.UCSC:33290[1>0]
uc291cqf.1	Ensembl.UCSC:33292[1]	ENSMUSG00000107703	Ensembl.UCSC:33292[1>0]
uc291cqg.1	Ensembl.UCSC:33381[1]	ENSMUSG00000041390	Ensembl.UCSC:33381[1>0]
uc291cqh.1	Ensembl.UCSC:33383[1]	ENSMUSG00000041390	Ensembl.UCSC:33383[1>0]
uc291cqi.1	Ensembl.UCSC:33391[1]	ENSMUSG00000041390	Ensembl.UCSC:33391[1>0]
uc291cqj.1	Ensembl.UCSC:33400[1]	ENSMUSG00000041390	Ensembl.UCSC:33400[1>0]
uc291cqk.1	Ensembl.UCSC:33407[1]	ENSMUSG00000108046	Ensembl.UCSC:33407[1>0]
uc291cql.1	Ensembl.UCSC:33411[1]	ENSMUSG00000108048	Ensembl.UCSC:33411[1>0]
uc291cqm.1	Ensembl.UCSC:33415[1]	ENSMUSG00000108201	Ensembl.UCSC:33415[1>0]
uc291cqn.1	Ensembl.UCSC:33418[1]	ENSMUSG00000107885	Ensembl.UCSC:33418[1>0]
uc291cqo.1	Ensembl.UCSC:33421[1]	ENSMUSG00000108089	Ensembl.UCSC:33421[1>0]
uc291cqp.1	Ensembl.UCSC:33424[1]	ENSMUSG00000108295	Ensembl.UCSC:33424[1>0]
uc291cqq.1	Ensembl.UCSC:33426[1]	ENSMUSG00000108295	Ensembl.UCSC:33426[1>0]
uc291cqr.1	Ensembl.UCSC:33429[1]	ENSMUSG00000108025	Ensembl.UCSC:33429[1>0]
uc291cqs.1	Ensembl.UCSC:33437[1]	ENSMUSG00000107022	Ensembl.UCSC:33437[1>0]
uc291cqt.1	Ensembl.UCSC:33578[1]	ENSMUSG00000029553	Ensembl.UCSC:33578[1>0]
uc291cqu.1	Ensembl.UCSC:33582[1]	ENSMUSG00000029553	Ensembl.UCSC:33582[1>0]
uc291cqv.1	Ensembl.UCSC:33590[1]	ENSMUSG00000029553	Ensembl.UCSC:33590[1>0]
uc291cqw.1	Ensembl.UCSC:33592[1]	ENSMUSG00000081744	Ensembl.UCSC:33592[1>0]
uc291cqx.1	Ensembl.UCSC:113276[1]	ENSMUSG00000054556	Ensembl.UCSC:113276[1>0]
uc291cqy.1	Ensembl.UCSC:34964[1]	ENSMUSG00000029552	Ensembl.UCSC:34964[1>0]
uc291cqz.1	Ensembl.UCSC:34967[1]	ENSMUSG00000029552	Ensembl.UCSC:34967[1>0]
uc291cra.1	Ensembl.UCSC:34971[1]	ENSMUSG00000029552	Ensembl.UCSC:34971[1>0]
uc291crb.1	Ensembl.UCSC:113285[1]	ENSMUSG00000054556	Ensembl.UCSC:113285[1>0]
uc291crc.1	Ensembl.UCSC:113287[1]	ENSMUSG00000054556	Ensembl.UCSC:113287[1>0]
uc291crd.1	Ensembl.UCSC:113289[1]	ENSMUSG00000054556	Ensembl.UCSC:113289[1>0]
uc291cre.1	Ensembl.UCSC:113291[1]	ENSMUSG00000054556	Ensembl.UCSC:113291[1>0]
uc291crf.1	Ensembl.UCSC:34995[1]	ENSMUSG00000085264	Ensembl.UCSC:34995[1>0]
uc291crg.1	Ensembl.UCSC:35059[1]	ENSMUSG00000000058	Ensembl.UCSC:35059[1>0]
uc291crh.1	Ensembl.UCSC:35207[1]	ENSMUSG00000007655	Ensembl.UCSC:35207[1>0]
uc291cri.1	Ensembl.UCSC:35211[1]	ENSMUSG00000007655	Ensembl.UCSC:35211[1>0]
uc291crj.1	Ensembl.UCSC:35213[1]	ENSMUSG00000007655	Ensembl.UCSC:35213[1>0]
uc291crk.1	Ensembl.UCSC:35217[1]	ENSMUSG00000007655	Ensembl.UCSC:35217[1>0]
uc291crl.1	Ensembl.UCSC:35219[1]	ENSMUSG00000007655	Ensembl.UCSC:35219[1>0]
uc291crm.1	Ensembl.UCSC:35225[1]	ENSMUSG00000007655	Ensembl.UCSC:35225[1>0]
uc291crn.1	Ensembl.UCSC:35229[1]	ENSMUSG00000007655	Ensembl.UCSC:35229[1>0]
uc291cro.1	Ensembl.UCSC:35237[1]	ENSMUSG00000007655	Ensembl.UCSC:35237[1>0]
uc291crp.1	Ensembl.UCSC:35239[1]	ENSMUSG00000100101	Ensembl.UCSC:35239[1>0]
uc291crq.1	Ensembl.UCSC:35241[1]	ENSMUSG00000119734	Ensembl.UCSC:35241[1>0]
uc291crr.1	Ensembl.UCSC:36138[1]	ENSMUSG00000009376	Ensembl.UCSC:36138[1>0]
uc291crs.1	Ensembl.UCSC:36142[1]	ENSMUSG00000009376	Ensembl.UCSC:36142[1>0]
uc291crt.1	Ensembl.UCSC:36152[1]	ENSMUSG00000009376	Ensembl.UCSC:36152[1>0]
uc291cru.1	Ensembl.UCSC:36165[1]	ENSMUSG00000009376	Ensembl.UCSC:36165[1>0]
uc291crv.1	Ensembl.UCSC:36155[1]	ENSMUSG00000009376	Ensembl.UCSC:36155[1>0]
uc291crw.1	Ensembl.UCSC:36158[1]	ENSMUSG00000009376	Ensembl.UCSC:36158[1>0]
uc291crx.1	Ensembl.UCSC:36181[1]	ENSMUSG00000015733	Ensembl.UCSC:36181[1>0]
uc291cry.1	Ensembl.UCSC:36326[1]	ENSMUSG00000015733	Ensembl.UCSC:36326[1>0]
uc291crz.1	Ensembl.UCSC:36329[1]	ENSMUSG00000015733	Ensembl.UCSC:36329[1>0]
uc291csa.1	Ensembl.UCSC:36332[1]	ENSMUSG00000015733	Ensembl.UCSC:36332[1>0]
uc291csb.1	Ensembl.UCSC:36334[1]	ENSMUSG00000015733	Ensembl.UCSC:36334[1>0]
uc291csc.1	Ensembl.UCSC:41947[1]	ENSMUSG00000029534	Ensembl.UCSC:41947[1>0]
uc291csd.1	Ensembl.UCSC:43327[1]	ENSMUSG00002075585	Ensembl.UCSC:43327[1>0]
uc291cse.1	Ensembl.UCSC:43328[1]	ENSMUSG00002076529	Ensembl.UCSC:43328[1>0]
uc291csf.1	Ensembl.UCSC:43098[1]	ENSMUSG00000029534	Ensembl.UCSC:43098[1>0]
uc291csg.1	Ensembl.UCSC:43207[1]	ENSMUSG00000029534	Ensembl.UCSC:43207[1>0]
uc291csh.1	Ensembl.UCSC:43241[1]	ENSMUSG00000029534	Ensembl.UCSC:43241[1>0]
uc291csi.1	Ensembl.UCSC:43259[1]	ENSMUSG00000029534	Ensembl.UCSC:43259[1>0]
uc291csj.1	Ensembl.UCSC:43263[1]	ENSMUSG00000029534	Ensembl.UCSC:43263[1>0]
uc291csk.1	Ensembl.UCSC:43406[1]	ENSMUSG00002076302	Ensembl.UCSC:43406[1>0]
uc291csl.1	Ensembl.UCSC:43407[1]	ENSMUSG00002075662	Ensembl.UCSC:43407[1>0]
uc291csm.1	Ensembl.UCSC:43408[1]	ENSMUSG00002076318	Ensembl.UCSC:43408[1>0]
uc291csn.1	Ensembl.UCSC:43409[1]	ENSMUSG00002076086	Ensembl.UCSC:43409[1>0]
uc291cso.1	Ensembl.UCSC:43411[1]	ENSMUSG00000086409	Ensembl.UCSC:43411[1>0]
uc291csp.1	Ensembl.UCSC:43413[1]	ENSMUSG00000081077	Ensembl.UCSC:43413[1>0]
uc291csq.1	Ensembl.UCSC:43415[1]	ENSMUSG00000106822	Ensembl.UCSC:43415[1>0]
uc291csr.1	Ensembl.UCSC:43418[1]	ENSMUSG00000106801	Ensembl.UCSC:43418[1>0]
uc291css.1	Ensembl.UCSC:43281[1]	ENSMUSG00000029534	Ensembl.UCSC:43281[1>0]
uc291cst.1	Ensembl.UCSC:43303[1]	ENSMUSG00000029534	Ensembl.UCSC:43303[1>0]
uc291csu.1	Ensembl.UCSC:43311[1]	ENSMUSG00000029534	Ensembl.UCSC:43311[1>0]
uc291csv.1	Ensembl.UCSC:43313[1]	ENSMUSG00000029534	Ensembl.UCSC:43313[1>0]
uc291csw.1	Ensembl.UCSC:43425[1]	ENSMUSG00000097700	Ensembl.UCSC:43425[1>0]
uc291csx.1	Ensembl.UCSC:43316[1]	ENSMUSG00000029534	Ensembl.UCSC:43316[1>0]
uc291csy.1	Ensembl.UCSC:43318[1]	ENSMUSG00000029534	Ensembl.UCSC:43318[1>0]
uc291csz.1	Ensembl.UCSC:43321[1]	ENSMUSG00000029534	Ensembl.UCSC:43321[1>0]
uc291cta.1	Ensembl.UCSC:43324[1]	ENSMUSG00000029534	Ensembl.UCSC:43324[1>0]
uc291ctb.1	Ensembl.UCSC:43429[1]	ENSMUSG00002074961	Ensembl.UCSC:43429[1>0]
uc291ctc.1	Ensembl.UCSC:43432[1]	ENSMUSG00002076397	Ensembl.UCSC:43432[1>0]
uc291ctd.1	Ensembl.UCSC:43436[1]	ENSMUSG00000106858	Ensembl.UCSC:43436[1>0]
uc291cte.1	Ensembl.UCSC:44221[1]	ENSMUSG00000010796	Ensembl.UCSC:44221[1>0]
uc291ctf.1	Ensembl.UCSC:44223[1]	ENSMUSG00000010796	Ensembl.UCSC:44223[1>0]
uc291ctg.1	Ensembl.UCSC:44225[1]	ENSMUSG00000010796	Ensembl.UCSC:44225[1>0]
uc291cth.1	Ensembl.UCSC:44226[1]	ENSMUSG00000010796	Ensembl.UCSC:44226[1>0]
uc291cti.1	Ensembl.UCSC:44229[1]	ENSMUSG00000107177	Ensembl.UCSC:44229[1>0]
uc291ctj.1	Ensembl.UCSC:44231[1]	ENSMUSG00000084203	Ensembl.UCSC:44231[1>0]
uc291ctk.1	Ensembl.UCSC:44235[1]	ENSMUSG00000082289	Ensembl.UCSC:44235[1>0]
uc291ctl.1	Ensembl.UCSC:46135[1]	ENSMUSG00000041301	Ensembl.UCSC:46135[1>0]
uc291ctm.1	Ensembl.UCSC:46279[1]	ENSMUSG00000041301	Ensembl.UCSC:46279[1>0]
uc291ctn.1	Ensembl.UCSC:46283[1]	ENSMUSG00000041301	Ensembl.UCSC:46283[1>0]
uc291cto.1	Ensembl.UCSC:46303[1]	ENSMUSG00000041301	Ensembl.UCSC:46303[1>0]
uc291ctp.1	Ensembl.UCSC:46308[1]	ENSMUSG00000087389	Ensembl.UCSC:46308[1>0]
uc291ctq.1	Ensembl.UCSC:46311[1]	ENSMUSG00000080767	Ensembl.UCSC:46311[1>0]
uc291ctr.1	Ensembl.UCSC:46648[1]	ENSMUSG00000000416	Ensembl.UCSC:46648[1>0]
uc291cts.1	Ensembl.UCSC:46715[1]	ENSMUSG00000000416	Ensembl.UCSC:46715[1>0]
uc291ctt.1	Ensembl.UCSC:46725[1]	ENSMUSG00000000416	Ensembl.UCSC:46725[1>0]
uc291ctu.1	Ensembl.UCSC:46735[1]	ENSMUSG00000000416	Ensembl.UCSC:46735[1>0]
uc291ctv.1	Ensembl.UCSC:46759[1]	ENSMUSG00000084947	Ensembl.UCSC:46759[1>0]
uc291ctw.1	Ensembl.UCSC:46761[1]	ENSMUSG00000106944	Ensembl.UCSC:46761[1>0]
uc291ctx.1	Ensembl.UCSC:46739[1]	ENSMUSG00000000416	Ensembl.UCSC:46739[1>0]
uc291cty.1	Ensembl.UCSC:46742[1]	ENSMUSG00000000416	Ensembl.UCSC:46742[1>0]
uc291ctz.1	Ensembl.UCSC:46745[1]	ENSMUSG00000000416	Ensembl.UCSC:46745[1>0]
uc291cua.1	Ensembl.UCSC:46762[1]	ENSMUSG00002076734	Ensembl.UCSC:46762[1>0]
uc291cub.1	Ensembl.UCSC:46754[1]	ENSMUSG00000000416	Ensembl.UCSC:46754[1>0]
uc291cuc.1	Ensembl.UCSC:46768[1]	ENSMUSG00000119543	Ensembl.UCSC:46768[1>0]
uc291cud.1	Ensembl.UCSC:46775[1]	ENSMUSG00000107299	Ensembl.UCSC:46775[1>0]
uc291cue.1	Ensembl.UCSC:46782[1]	ENSMUSG00000071568	Ensembl.UCSC:46782[1>0]
uc291cug.1	Ensembl.UCSC:113986[1]	ENSMUSG00000106874	Ensembl.UCSC:113986[1>0]
uc291cuh.1	Ensembl.UCSC:113989[1]	ENSMUSG00000106874	Ensembl.UCSC:113989[1>0]
uc291cui.1	Ensembl.UCSC:113991[1]	ENSMUSG00000106874	Ensembl.UCSC:113991[1>0]
uc291cuj.1	Ensembl.UCSC:46815[1]	ENSMUSG00000044155	Ensembl.UCSC:46815[1>0]
uc291cuk.1	Ensembl.UCSC:46819[1]	ENSMUSG00000044155	Ensembl.UCSC:46819[1>0]
uc291cul.1	Ensembl.UCSC:46824[1]	ENSMUSG00000044155	Ensembl.UCSC:46824[1>0]
uc291cum.1	Ensembl.UCSC:47006[1]	ENSMUSG00000106819	Ensembl.UCSC:47006[1>0]
uc291cun.1	Ensembl.UCSC:47007[1]	ENSMUSG00002074960	Ensembl.UCSC:47007[1>0]
uc291cuo.1	Ensembl.UCSC:47009[1]	ENSMUSG00000107349	Ensembl.UCSC:47009[1>0]
uc291cup.1	Ensembl.UCSC:47013[1]	ENSMUSG00000106885	Ensembl.UCSC:47013[1>0]
uc291cuq.1	Ensembl.UCSC:47014[1]	ENSMUSG00002075480	Ensembl.UCSC:47014[1>0]
uc291cur.1	Ensembl.UCSC:47037[1]	ENSMUSG00000065702	Ensembl.UCSC:47037[1>0]
uc291cus.1	Ensembl.UCSC:47047[1]	ENSMUSG00000107100	Ensembl.UCSC:47047[1>0]
uc291cut.1	Ensembl.UCSC:47053[1]	ENSMUSG00000106814	Ensembl.UCSC:47053[1>0]
uc291cuu.1	Ensembl.UCSC:47055[1]	ENSMUSG00000107067	Ensembl.UCSC:47055[1>0]
uc291cuv.1	Ensembl.UCSC:47060[1]	ENSMUSG00000106763	Ensembl.UCSC:47060[1>0]
uc291cuw.1	Ensembl.UCSC:47061[1]	ENSMUSG00000087831	Ensembl.UCSC:47061[1>0]
uc291cux.1	Ensembl.UCSC:47063[1]	ENSMUSG00000088458	Ensembl.UCSC:47063[1>0]
uc291cuy.1	Ensembl.UCSC:47092[1]	ENSMUSG00000106826	Ensembl.UCSC:47092[1>0]
uc291cuz.1	Ensembl.UCSC:47184[1]	ENSMUSG00000107097	Ensembl.UCSC:47184[1>0]
uc291cva.1	Ensembl.UCSC:47187[1]	ENSMUSG00000106855	Ensembl.UCSC:47187[1>0]
uc291cvb.1	Ensembl.UCSC:47277[1]	ENSMUSG00000029669	Ensembl.UCSC:47277[1>0]
uc291cvc.1	Ensembl.UCSC:47280[1]	ENSMUSG00000029669	Ensembl.UCSC:47280[1>0]
uc291cvd.1	Ensembl.UCSC:47289[1]	ENSMUSG00000029669	Ensembl.UCSC:47289[1>0]
uc291cve.1	Ensembl.UCSC:47291[1]	ENSMUSG00000029669	Ensembl.UCSC:47291[1>0]
uc291cvf.1	Ensembl.UCSC:47292[1]	ENSMUSG00000106709	Ensembl.UCSC:47292[1>0]
uc291cvg.1	Ensembl.UCSC:48342[1]	ENSMUSG00000029670	Ensembl.UCSC:48342[1>0]
uc291cvh.1	Ensembl.UCSC:48346[1]	ENSMUSG00000029670	Ensembl.UCSC:48346[1>0]
uc291cvi.1	Ensembl.UCSC:48348[1]	ENSMUSG00000029670	Ensembl.UCSC:48348[1>0]
uc291cvj.1	Ensembl.UCSC:48349[1]	ENSMUSG00000029670	Ensembl.UCSC:48349[1>0]
uc291cvk.1	Ensembl.UCSC:48351[1]	ENSMUSG00000029670	Ensembl.UCSC:48351[1>0]
uc291cvl.1	Ensembl.UCSC:48352[1]	ENSMUSG00000029670	Ensembl.UCSC:48352[1>0]
uc291cvn.1	Ensembl.UCSC:48519[1]	ENSMUSG00000062980	Ensembl.UCSC:48519[1>0]
uc291cvo.1	Ensembl.UCSC:48534[1]	ENSMUSG00000062980	Ensembl.UCSC:48534[1>0]
uc291cvp.1	Ensembl.UCSC:48540[1]	ENSMUSG00000062980	Ensembl.UCSC:48540[1>0]
uc291cvq.1	Ensembl.UCSC:48554[1]	ENSMUSG00000062980	Ensembl.UCSC:48554[1>0]
uc291cvr.1	Ensembl.UCSC:48556[1]	ENSMUSG00000062980	Ensembl.UCSC:48556[1>0]
uc291cvs.1	Ensembl.UCSC:48562[1]	ENSMUSG00000062980	Ensembl.UCSC:48562[1>0]
uc291cvt.1	Ensembl.UCSC:48566[1]	ENSMUSG00000062980	Ensembl.UCSC:48566[1>0]
uc291cvu.1	Ensembl.UCSC:48571[1]	ENSMUSG00000106736	Ensembl.UCSC:48571[1>0]
uc291cvv.1	Ensembl.UCSC:48614[1]	ENSMUSG00000029671	Ensembl.UCSC:48614[1>0]
uc291cvw.1	Ensembl.UCSC:48617[1]	ENSMUSG00000029671	Ensembl.UCSC:48617[1>0]
uc291cvx.1	Ensembl.UCSC:48800[1]	ENSMUSG00000029672	Ensembl.UCSC:48800[1>0]
uc291cvy.1	Ensembl.UCSC:48812[1]	ENSMUSG00000029672	Ensembl.UCSC:48812[1>0]
uc291cvz.1	Ensembl.UCSC:48813[1]	ENSMUSG00000029672	Ensembl.UCSC:48813[1>0]
uc291cwa.1	Ensembl.UCSC:48817[1]	ENSMUSG00000029672	Ensembl.UCSC:48817[1>0]
uc291cwb.1	Ensembl.UCSC:48822[1]	ENSMUSG00000107282	Ensembl.UCSC:48822[1>0]
uc291cwc.1	Ensembl.UCSC:48861[1]	ENSMUSG00000098187	Ensembl.UCSC:48861[1>0]
uc291cwd.1	Ensembl.UCSC:48863[1]	ENSMUSG00000106803	Ensembl.UCSC:48863[1>0]
uc291cwe.1	Ensembl.UCSC:48865[1]	ENSMUSG00000107303	Ensembl.UCSC:48865[1>0]
uc291cwf.1	Ensembl.UCSC:48868[1]	ENSMUSG00002076118	Ensembl.UCSC:48868[1>0]
uc291cwg.1	Ensembl.UCSC:48871[1]	ENSMUSG00002076428	Ensembl.UCSC:48871[1>0]
uc291cwh.1	Ensembl.UCSC:48874[1]	ENSMUSG00000107059	Ensembl.UCSC:48874[1>0]
uc291cwi.1	Ensembl.UCSC:50854[1]	ENSMUSG00000068748	Ensembl.UCSC:50854[1>0]
uc291cwj.1	Ensembl.UCSC:50861[1]	ENSMUSG00000068748	Ensembl.UCSC:50861[1>0]
uc291cwk.1	Ensembl.UCSC:50862[1]	ENSMUSG00000068748	Ensembl.UCSC:50862[1>0]
uc291cwl.1	Ensembl.UCSC:51976[1]	ENSMUSG00000029695	Ensembl.UCSC:51976[1>0]
uc291cwm.1	Ensembl.UCSC:51979[1]	ENSMUSG00000029695	Ensembl.UCSC:51979[1>0]
uc291cwn.1	Ensembl.UCSC:51982[1]	ENSMUSG00000029695	Ensembl.UCSC:51982[1>0]
uc291cwo.1	Ensembl.UCSC:51996[1]	ENSMUSG00000117306	Ensembl.UCSC:51996[1>0]
uc291cwp.1	Ensembl.UCSC:52000[1]	ENSMUSG00000106989	Ensembl.UCSC:52000[1>0]
uc291cwq.1	Ensembl.UCSC:52002[1]	ENSMUSG00000117101	Ensembl.UCSC:52002[1>0]
uc291cwr.1	Ensembl.UCSC:52003[1]	ENSMUSG00000107032	Ensembl.UCSC:52003[1>0]
uc291cws.1	Ensembl.UCSC:52009[1]	ENSMUSG00000106775	Ensembl.UCSC:52009[1>0]
uc291cwu.1	Ensembl.UCSC:129732[1]	ENSMUSG00000017978	Ensembl.UCSC:129732[1>0]
uc291cwv.1	Ensembl.UCSC:129704[1]	ENSMUSG00000017978	Ensembl.UCSC:129704[1>0]
uc291cww.1	Ensembl.UCSC:129715[1]	ENSMUSG00000017978	Ensembl.UCSC:129715[1>0]
uc291cwx.1	Ensembl.UCSC:129717[1]	ENSMUSG00000017978	Ensembl.UCSC:129717[1>0]
uc291cwy.1	Ensembl.UCSC:129719[1]	ENSMUSG00000017978	Ensembl.UCSC:129719[1>0]
uc291cwz.1	Ensembl.UCSC:58894[1]	ENSMUSG00002076373	Ensembl.UCSC:58894[1>0]
uc291cxa.1	Ensembl.UCSC:129726[1]	ENSMUSG00000017978	Ensembl.UCSC:129726[1>0]
uc291cxb.1	Ensembl.UCSC:58895[1]	ENSMUSG00002076681	Ensembl.UCSC:58895[1>0]
uc291cxc.1	Ensembl.UCSC:129728[1]	ENSMUSG00000017978	Ensembl.UCSC:129728[1>0]
uc291cxd.1	Ensembl.UCSC:59060[1]	ENSMUSG00000029700	Ensembl.UCSC:59060[1>0]
uc291cxe.1	Ensembl.UCSC:59061[1]	ENSMUSG00000029700	Ensembl.UCSC:59061[1>0]
uc291cxf.1	Ensembl.UCSC:59062[1]	ENSMUSG00000029700	Ensembl.UCSC:59062[1>0]
uc291cxg.1	Ensembl.UCSC:59063[1]	ENSMUSG00000093580	Ensembl.UCSC:59063[1>0]
uc291cxh.1	Ensembl.UCSC:59064[1]	ENSMUSG00002075286	Ensembl.UCSC:59064[1>0]
uc291cxi.1	Ensembl.UCSC:59093[1]	ENSMUSG00000023089	Ensembl.UCSC:59093[1>0]
uc291cxj.1	Ensembl.UCSC:59122[1]	ENSMUSG00000023089	Ensembl.UCSC:59122[1>0]
uc291cxk.1	Ensembl.UCSC:62720[1]	ENSMUSG00000029685	Ensembl.UCSC:62720[1>0]
uc291cxl.1	Ensembl.UCSC:62730[1]	ENSMUSG00000107189	Ensembl.UCSC:62730[1>0]
uc291cxm.1	Ensembl.UCSC:63203[1]	ENSMUSG00000029684	Ensembl.UCSC:63203[1>0]
uc291cxn.1	Ensembl.UCSC:63208[1]	ENSMUSG00000029684	Ensembl.UCSC:63208[1>0]
uc291cxo.1	Ensembl.UCSC:63210[1]	ENSMUSG00000106946	Ensembl.UCSC:63210[1>0]
uc291cxp.1	Ensembl.UCSC:63325[1]	ENSMUSG00000029682	Ensembl.UCSC:63325[1>0]
uc291cxq.1	Ensembl.UCSC:63330[1]	ENSMUSG00000029682	Ensembl.UCSC:63330[1>0]
uc291cxr.1	Ensembl.UCSC:63342[1]	ENSMUSG00000107223	Ensembl.UCSC:63342[1>0]
uc291cxs.1	Ensembl.UCSC:63363[1]	ENSMUSG00000029678	Ensembl.UCSC:63363[1>0]
uc291cxt.1	Ensembl.UCSC:63359[1]	ENSMUSG00000029678	Ensembl.UCSC:63359[1>0]
uc291cxu.1	Ensembl.UCSC:63365[1]	ENSMUSG00000077196	Ensembl.UCSC:63365[1>0]
uc291cxv.1	Ensembl.UCSC:63376[1]	ENSMUSG00000107212	Ensembl.UCSC:63376[1>0]
uc291cxw.1	Ensembl.UCSC:63378[1]	ENSMUSG00000087867	Ensembl.UCSC:63378[1>0]
uc291cxx.1	Ensembl.UCSC:63380[1]	ENSMUSG00000089442	Ensembl.UCSC:63380[1>0]
uc291cxy.1	Ensembl.UCSC:63585[1]	ENSMUSG00000039904	Ensembl.UCSC:63585[1>0]
uc291cxz.1	Ensembl.UCSC:63875[1]	ENSMUSG00000029676	Ensembl.UCSC:63875[1>0]
uc291cya.1	Ensembl.UCSC:63913[1]	ENSMUSG00000029676	Ensembl.UCSC:63913[1>0]
uc291cyb.1	Ensembl.UCSC:63896[1]	ENSMUSG00000029676	Ensembl.UCSC:63896[1>0]
uc291cyc.1	Ensembl.UCSC:63901[1]	ENSMUSG00000029676	Ensembl.UCSC:63901[1>0]
uc291cyd.1	Ensembl.UCSC:63905[1]	ENSMUSG00000029676	Ensembl.UCSC:63905[1>0]
uc291cye.1	Ensembl.UCSC:63907[1]	ENSMUSG00000029676	Ensembl.UCSC:63907[1>0]
uc291cyf.1	Ensembl.UCSC:63988[1]	ENSMUSG00000107127	Ensembl.UCSC:63988[1>0]
uc291cyg.1	Ensembl.UCSC:63995[1]	ENSMUSG00000088387	Ensembl.UCSC:63995[1>0]
uc291cyh.1	Ensembl.UCSC:64005[1]	ENSMUSG00000106742	Ensembl.UCSC:64005[1>0]
uc291cyi.1	Ensembl.UCSC:64278[1]	ENSMUSG00000024211	Ensembl.UCSC:64278[1>0]
uc291cyj.1	Ensembl.UCSC:64286[1]	ENSMUSG00000107377	Ensembl.UCSC:64286[1>0]
uc291cyk.1	Ensembl.UCSC:64291[1]	ENSMUSG00000088391	Ensembl.UCSC:64291[1>0]
uc291cyl.1	Ensembl.UCSC:64265[1]	ENSMUSG00000024211	Ensembl.UCSC:64265[1>0]
uc291cym.1	Ensembl.UCSC:64272[1]	ENSMUSG00000024211	Ensembl.UCSC:64272[1>0]
uc291cyn.1	Ensembl.UCSC:64274[1]	ENSMUSG00000024211	Ensembl.UCSC:64274[1>0]
uc291cyo.1	Ensembl.UCSC:125920[1]	ENSMUSG00000106990	Ensembl.UCSC:125920[1>0]
uc291cyp.1	Ensembl.UCSC:125922[1]	ENSMUSG00000043340	Ensembl.UCSC:125922[1>0]
uc291cyq.1	Ensembl.UCSC:125924[1]	ENSMUSG00000043340	Ensembl.UCSC:125924[1>0]
uc291cyr.1	Ensembl.UCSC:125927[1]	ENSMUSG00000107320	Ensembl.UCSC:125927[1>0]
uc291cys.1	Ensembl.UCSC:125928[1]	ENSMUSG00000106959	Ensembl.UCSC:125928[1>0]
uc291cyt.1	Ensembl.UCSC:125983[1]	ENSMUSG00000039841	Ensembl.UCSC:125983[1>0]
uc291cyu.1	Ensembl.UCSC:125989[1]	ENSMUSG00000039841	Ensembl.UCSC:125989[1>0]
uc291cyv.1	Ensembl.UCSC:125992[1]	ENSMUSG00000083107	Ensembl.UCSC:125992[1>0]
uc291cyw.1	Ensembl.UCSC:126003[1]	ENSMUSG00000029708	Ensembl.UCSC:126003[1>0]
uc291cyx.1	Ensembl.UCSC:126009[1]	ENSMUSG00000029708	Ensembl.UCSC:126009[1>0]
uc291cyy.1	Ensembl.UCSC:126017[1]	ENSMUSG00000029708	Ensembl.UCSC:126017[1>0]
uc291cza.1	Ensembl.UCSC:126038[1]	ENSMUSG00000020440	Ensembl.UCSC:126038[1>0]
uc291czb.1	Ensembl.UCSC:126052[1]	ENSMUSG00000029707	Ensembl.UCSC:126052[1>0]
uc291czc.1	Ensembl.UCSC:126231[1]	ENSMUSG00000029706	Ensembl.UCSC:126231[1>0]
uc291czd.1	Ensembl.UCSC:126242[1]	ENSMUSG00000029706	Ensembl.UCSC:126242[1>0]
uc291cze.1	Ensembl.UCSC:126246[1]	ENSMUSG00000029706	Ensembl.UCSC:126246[1>0]
uc291czf.1	Ensembl.UCSC:126251[1]	ENSMUSG00000107130	Ensembl.UCSC:126251[1>0]
uc291czg.1	Ensembl.UCSC:69107[1]	ENSMUSG00000001424	Ensembl.UCSC:69107[1>0]
uc291czh.1	Ensembl.UCSC:69414[1]	ENSMUSG00000001424	Ensembl.UCSC:69414[1>0]
uc291czi.1	Ensembl.UCSC:69418[1]	ENSMUSG00000001424	Ensembl.UCSC:69418[1>0]
uc291czj.1	Ensembl.UCSC:69421[1]	ENSMUSG00000001424	Ensembl.UCSC:69421[1>0]
uc291czk.1	Ensembl.UCSC:126252[1]	ENSMUSG00000104325	Ensembl.UCSC:126252[1>0]
uc291czl.1	Ensembl.UCSC:126254[1]	ENSMUSG00000103132	Ensembl.UCSC:126254[1>0]
uc291czm.1	Ensembl.UCSC:69631[1]	ENSMUSG00000049939	Ensembl.UCSC:69631[1>0]
uc291czn.1	Ensembl.UCSC:69424[1]	ENSMUSG00000001424	Ensembl.UCSC:69424[1>0]
uc291czo.1	Ensembl.UCSC:69427[1]	ENSMUSG00000001424	Ensembl.UCSC:69427[1>0]
uc291czp.1	Ensembl.UCSC:69430[1]	ENSMUSG00000001424	Ensembl.UCSC:69430[1>0]
uc291czq.1	Ensembl.UCSC:69434[1]	ENSMUSG00000001424	Ensembl.UCSC:69434[1>0]
uc291czr.1	Ensembl.UCSC:69643[1]	ENSMUSG00000103899	Ensembl.UCSC:69643[1>0]
uc291czs.1	Ensembl.UCSC:69438[1]	ENSMUSG00000001424	Ensembl.UCSC:69438[1>0]
uc291czt.1	Ensembl.UCSC:69443[1]	ENSMUSG00000001424	Ensembl.UCSC:69443[1>0]
uc291czu.1	Ensembl.UCSC:113344[1]	ENSMUSG00000092090	Ensembl.UCSC:113344[1>0]
uc291czv.1	Ensembl.UCSC:69756[1]	ENSMUSG00000059201	Ensembl.UCSC:69756[1>0]
uc291czw.1	Ensembl.UCSC:69760[1]	ENSMUSG00000064436	Ensembl.UCSC:69760[1>0]
uc291czx.1	Ensembl.UCSC:70796[1]	ENSMUSG00000029701	Ensembl.UCSC:70796[1>0]
uc291czy.1	Ensembl.UCSC:70800[1]	ENSMUSG00000029701	Ensembl.UCSC:70800[1>0]
uc291czz.1	Ensembl.UCSC:70802[1]	ENSMUSG00000029701	Ensembl.UCSC:70802[1>0]
uc291daa.1	Ensembl.UCSC:70832[1]	ENSMUSG00002076184	Ensembl.UCSC:70832[1>0]
uc291dab.1	Ensembl.UCSC:70817[1]	ENSMUSG00000029701	Ensembl.UCSC:70817[1>0]
uc291dac.1	Ensembl.UCSC:70820[1]	ENSMUSG00000029701	Ensembl.UCSC:70820[1>0]
uc291dad.1	Ensembl.UCSC:72728[1]	ENSMUSG00000003500	Ensembl.UCSC:72728[1>0]
uc291dae.1	Ensembl.UCSC:72731[1]	ENSMUSG00000003500	Ensembl.UCSC:72731[1>0]
uc291daf.1	Ensembl.UCSC:72750[1]	ENSMUSG00000003500	Ensembl.UCSC:72750[1>0]
uc291dag.1	Ensembl.UCSC:72753[1]	ENSMUSG00000003500	Ensembl.UCSC:72753[1>0]
uc291dah.1	Ensembl.UCSC:72757[1]	ENSMUSG00000003500	Ensembl.UCSC:72757[1>0]
uc291dai.1	Ensembl.UCSC:72761[1]	ENSMUSG00000003500	Ensembl.UCSC:72761[1>0]
uc291daj.1	Ensembl.UCSC:72766[1]	ENSMUSG00000003500	Ensembl.UCSC:72766[1>0]
uc291dak.1	Ensembl.UCSC:72768[1]	ENSMUSG00000003500	Ensembl.UCSC:72768[1>0]
uc291dal.1	Ensembl.UCSC:72773[1]	ENSMUSG00000089289	Ensembl.UCSC:72773[1>0]
uc291dam.1	Ensembl.UCSC:72803[1]	ENSMUSG00000079652	Ensembl.UCSC:72803[1>0]
uc291dan.1	Ensembl.UCSC:72813[1]	ENSMUSG00000079652	Ensembl.UCSC:72813[1>0]
uc291dao.1	Ensembl.UCSC:110704[1]	ENSMUSG00000039742	Ensembl.UCSC:110704[1>0]
uc291dap.1	Ensembl.UCSC:110757[1]	ENSMUSG00000039742	Ensembl.UCSC:110757[1>0]
uc291daq.1	Ensembl.UCSC:110772[1]	ENSMUSG00000090692	Ensembl.UCSC:110772[1>0]
uc291dar.1	Ensembl.UCSC:110804[1]	ENSMUSG00000029767	Ensembl.UCSC:110804[1>0]
uc291das.1	Ensembl.UCSC:110822[1]	ENSMUSG00000029767	Ensembl.UCSC:110822[1>0]
uc291dat.1	Ensembl.UCSC:110863[1]	ENSMUSG00000029767	Ensembl.UCSC:110863[1>0]
uc291dau.1	Ensembl.UCSC:110894[1]	ENSMUSG00000029767	Ensembl.UCSC:110894[1>0]
uc291dav.1	Ensembl.UCSC:110895[1]	ENSMUSG00000029767	Ensembl.UCSC:110895[1>0]
uc291daw.1	Ensembl.UCSC:110897[1]	ENSMUSG00000029767	Ensembl.UCSC:110897[1>0]
uc291dax.1	Ensembl.UCSC:110898[1]	ENSMUSG00000029767	Ensembl.UCSC:110898[1>0]
uc291day.1	Ensembl.UCSC:110920[1]	ENSMUSG00000058831	Ensembl.UCSC:110920[1>0]
uc291daz.1	Ensembl.UCSC:110922[1]	ENSMUSG00000058831	Ensembl.UCSC:110922[1>0]
uc291dba.1	Ensembl.UCSC:111201[1]	ENSMUSG00000029769	Ensembl.UCSC:111201[1>0]
uc291dbb.1	Ensembl.UCSC:110926[1]	ENSMUSG00002076777	Ensembl.UCSC:110926[1>0]
uc291dbc.1	Ensembl.UCSC:110930[1]	ENSMUSG00002075963	Ensembl.UCSC:110930[1>0]
uc291dbd.1	Ensembl.UCSC:111401[1]	ENSMUSG00000029769	Ensembl.UCSC:111401[1>0]
uc291dbe.1	Ensembl.UCSC:111402[1]	ENSMUSG00000029769	Ensembl.UCSC:111402[1>0]
uc291dbf.1	Ensembl.UCSC:111403[1]	ENSMUSG00000029769	Ensembl.UCSC:111403[1>0]
uc291dbg.1	Ensembl.UCSC:111404[1]	ENSMUSG00000029769	Ensembl.UCSC:111404[1>0]
uc291dbh.1	Ensembl.UCSC:110934[1]	ENSMUSG00000068699	Ensembl.UCSC:110934[1>0]
uc291dbi.1	Ensembl.UCSC:75307[1]	ENSMUSG00000004285	Ensembl.UCSC:75307[1>0]
uc291dbj.1	Ensembl.UCSC:75308[1]	ENSMUSG00000004285	Ensembl.UCSC:75308[1>0]
uc291dbk.1	Ensembl.UCSC:75545[1]	ENSMUSG00000059022	Ensembl.UCSC:75545[1>0]
uc291dbl.1	Ensembl.UCSC:75640[1]	ENSMUSG00000059022	Ensembl.UCSC:75640[1>0]
uc291dbm.1	Ensembl.UCSC:75830[1]	ENSMUSG00000059022	Ensembl.UCSC:75830[1>0]
uc291dbn.1	Ensembl.UCSC:75877[1]	ENSMUSG00000059022	Ensembl.UCSC:75877[1>0]
uc291dbo.1	Ensembl.UCSC:75857[1]	ENSMUSG00000059022	Ensembl.UCSC:75857[1>0]
uc291dbp.1	Ensembl.UCSC:75878[1]	ENSMUSG00002076771	Ensembl.UCSC:75878[1>0]
uc291dbq.1	Ensembl.UCSC:75861[1]	ENSMUSG00000059022	Ensembl.UCSC:75861[1>0]
uc291dbr.1	Ensembl.UCSC:75865[1]	ENSMUSG00000059022	Ensembl.UCSC:75865[1>0]
uc291dbs.1	Ensembl.UCSC:75873[1]	ENSMUSG00000059022	Ensembl.UCSC:75873[1>0]
uc291dbt.1	Ensembl.UCSC:75881[1]	ENSMUSG00000097137	Ensembl.UCSC:75881[1>0]
uc291dbu.1	Ensembl.UCSC:76012[1]	ENSMUSG00000029771	Ensembl.UCSC:76012[1>0]
uc291dbv.1	Ensembl.UCSC:76018[1]	ENSMUSG00000029771	Ensembl.UCSC:76018[1>0]
uc291dbw.1	Ensembl.UCSC:76020[1]	ENSMUSG00000029771	Ensembl.UCSC:76020[1>0]
uc291dbx.1	Ensembl.UCSC:76843[1]	ENSMUSG00000012535	Ensembl.UCSC:76843[1>0]
uc291dby.1	Ensembl.UCSC:76025[1]	ENSMUSG00000029771	Ensembl.UCSC:76025[1>0]
uc291dbz.1	Ensembl.UCSC:76872[1]	ENSMUSG00000012535	Ensembl.UCSC:76872[1>0]
uc291dca.1	Ensembl.UCSC:76903[1]	ENSMUSG00000106904	Ensembl.UCSC:76903[1>0]
uc291dcb.1	Ensembl.UCSC:76876[1]	ENSMUSG00000012535	Ensembl.UCSC:76876[1>0]
uc291dcc.1	Ensembl.UCSC:76882[1]	ENSMUSG00000012535	Ensembl.UCSC:76882[1>0]
uc291dcd.1	Ensembl.UCSC:76884[1]	ENSMUSG00000012535	Ensembl.UCSC:76884[1>0]
uc291dce.1	Ensembl.UCSC:76893[1]	ENSMUSG00000012535	Ensembl.UCSC:76893[1>0]
uc291dcf.1	Ensembl.UCSC:76995[1]	ENSMUSG00000001763	Ensembl.UCSC:76995[1>0]
uc291dcg.1	Ensembl.UCSC:77187[1]	ENSMUSG00000081564	Ensembl.UCSC:77187[1>0]
uc291dch.1	Ensembl.UCSC:77694[1]	ENSMUSG00000029772	Ensembl.UCSC:77694[1>0]
uc291dci.1	Ensembl.UCSC:78706[1]	ENSMUSG00000029772	Ensembl.UCSC:78706[1>0]
uc291dcj.1	Ensembl.UCSC:78716[1]	ENSMUSG00000029772	Ensembl.UCSC:78716[1>0]
uc291dck.1	Ensembl.UCSC:78726[1]	ENSMUSG00000029772	Ensembl.UCSC:78726[1>0]
uc291dcl.1	Ensembl.UCSC:78729[1]	ENSMUSG00000029772	Ensembl.UCSC:78729[1>0]
uc291dcm.1	Ensembl.UCSC:78738[1]	ENSMUSG00000029772	Ensembl.UCSC:78738[1>0]
uc291dcn.1	Ensembl.UCSC:78741[1]	ENSMUSG00000029772	Ensembl.UCSC:78741[1>0]
uc291dco.1	Ensembl.UCSC:78743[1]	ENSMUSG00000029772	Ensembl.UCSC:78743[1>0]
uc291dcp.1	Ensembl.UCSC:78754[1]	ENSMUSG00000029772	Ensembl.UCSC:78754[1>0]
uc291dcq.1	Ensembl.UCSC:78755[1]	ENSMUSG00000029772	Ensembl.UCSC:78755[1>0]
uc291dcr.1	Ensembl.UCSC:78756[1]	ENSMUSG00000029772	Ensembl.UCSC:78756[1>0]
uc291dcs.1	Ensembl.UCSC:78767[1]	ENSMUSG00000029772	Ensembl.UCSC:78767[1>0]
uc291dct.1	Ensembl.UCSC:78769[1]	ENSMUSG00000029772	Ensembl.UCSC:78769[1>0]
uc291dcu.1	Ensembl.UCSC:78770[1]	ENSMUSG00000029772	Ensembl.UCSC:78770[1>0]
uc291dcv.1	Ensembl.UCSC:78771[1]	ENSMUSG00000029772	Ensembl.UCSC:78771[1>0]
uc291dcw.1	Ensembl.UCSC:78773[1]	ENSMUSG00000029772	Ensembl.UCSC:78773[1>0]
uc291dcx.1	Ensembl.UCSC:78774[1]	ENSMUSG00000029772	Ensembl.UCSC:78774[1>0]
uc291dcy.1	Ensembl.UCSC:78776[1]	ENSMUSG00000107012	Ensembl.UCSC:78776[1>0]
uc291dcz.1	Ensembl.UCSC:79153[1]	ENSMUSG00000039629	Ensembl.UCSC:79153[1>0]
uc291dda.1	Ensembl.UCSC:79155[1]	ENSMUSG00000039629	Ensembl.UCSC:79155[1>0]
uc291ddb.1	Ensembl.UCSC:79175[1]	ENSMUSG00000082036	Ensembl.UCSC:79175[1>0]
uc291ddc.1	Ensembl.UCSC:79177[1]	ENSMUSG00000065078	Ensembl.UCSC:79177[1>0]
uc291ddd.1	Ensembl.UCSC:79179[1]	ENSMUSG00000083961	Ensembl.UCSC:79179[1>0]
uc291dde.1	Ensembl.UCSC:79183[1]	ENSMUSG00002075342	Ensembl.UCSC:79183[1>0]
uc291ddf.1	Ensembl.UCSC:80547[1]	ENSMUSG00000058440	Ensembl.UCSC:80547[1>0]
uc291ddg.1	Ensembl.UCSC:80555[1]	ENSMUSG00000058440	Ensembl.UCSC:80555[1>0]
uc291ddh.1	Ensembl.UCSC:80563[1]	ENSMUSG00000058440	Ensembl.UCSC:80563[1>0]
uc291ddi.1	Ensembl.UCSC:80565[1]	ENSMUSG00000058440	Ensembl.UCSC:80565[1>0]
uc291ddj.1	Ensembl.UCSC:80568[1]	ENSMUSG00000058440	Ensembl.UCSC:80568[1>0]
uc291ddk.1	Ensembl.UCSC:80579[1]	ENSMUSG00000058440	Ensembl.UCSC:80579[1>0]
uc291ddl.1	Ensembl.UCSC:80629[1]	ENSMUSG00000058440	Ensembl.UCSC:80629[1>0]
uc291ddm.1	Ensembl.UCSC:80618[1]	ENSMUSG00000058440	Ensembl.UCSC:80618[1>0]
uc291ddn.1	Ensembl.UCSC:80621[1]	ENSMUSG00000058440	Ensembl.UCSC:80621[1>0]
uc291ddo.1	Ensembl.UCSC:80604[1]	ENSMUSG00000058440	Ensembl.UCSC:80604[1>0]
uc291ddp.1	Ensembl.UCSC:80610[1]	ENSMUSG00000058440	Ensembl.UCSC:80610[1>0]
uc291ddq.1	Ensembl.UCSC:80589[1]	ENSMUSG00000058440	Ensembl.UCSC:80589[1>0]
uc291ddr.1	Ensembl.UCSC:80596[1]	ENSMUSG00000058440	Ensembl.UCSC:80596[1>0]
uc291dds.1	Ensembl.UCSC:80598[1]	ENSMUSG00000058440	Ensembl.UCSC:80598[1>0]
uc291ddt.1	Ensembl.UCSC:80630[1]	ENSMUSG00002076693	Ensembl.UCSC:80630[1>0]
uc291ddu.1	Ensembl.UCSC:80636[1]	ENSMUSG00000103108	Ensembl.UCSC:80636[1>0]
uc291ddv.1	Ensembl.UCSC:80696[1]	ENSMUSG00000039159	Ensembl.UCSC:80696[1>0]
uc291ddw.1	Ensembl.UCSC:80712[1]	ENSMUSG00000039159	Ensembl.UCSC:80712[1>0]
uc291ddx.1	Ensembl.UCSC:80716[1]	ENSMUSG00000084861	Ensembl.UCSC:80716[1>0]
uc291ddy.1	Ensembl.UCSC:80722[1]	ENSMUSG00002076836	Ensembl.UCSC:80722[1>0]
uc291ddz.1	Ensembl.UCSC:80928[1]	ENSMUSG00000039130	Ensembl.UCSC:80928[1>0]
uc291dea.1	Ensembl.UCSC:80929[1]	ENSMUSG00000039130	Ensembl.UCSC:80929[1>0]
uc291deb.1	Ensembl.UCSC:80931[1]	ENSMUSG00000039130	Ensembl.UCSC:80931[1>0]
uc291dec.1	Ensembl.UCSC:80933[1]	ENSMUSG00000039130	Ensembl.UCSC:80933[1>0]
uc291ded.1	Ensembl.UCSC:80934[1]	ENSMUSG00000039130	Ensembl.UCSC:80934[1>0]
uc291dee.1	Ensembl.UCSC:80937[1]	ENSMUSG00000039130	Ensembl.UCSC:80937[1>0]
uc291def.1	Ensembl.UCSC:80938[1]	ENSMUSG00000039130	Ensembl.UCSC:80938[1>0]
uc291deg.1	Ensembl.UCSC:80947[1]	ENSMUSG00002074950	Ensembl.UCSC:80947[1>0]
uc291deh.1	Ensembl.UCSC:80944[1]	ENSMUSG00000039130	Ensembl.UCSC:80944[1>0]
uc291dei.1	Ensembl.UCSC:80946[1]	ENSMUSG00000039130	Ensembl.UCSC:80946[1>0]
uc291dej.1	Ensembl.UCSC:82765[1]	ENSMUSG00000029775	Ensembl.UCSC:82765[1>0]
uc291dek.1	Ensembl.UCSC:82777[1]	ENSMUSG00000029775	Ensembl.UCSC:82777[1>0]
uc291del.1	Ensembl.UCSC:82784[1]	ENSMUSG00000029775	Ensembl.UCSC:82784[1>0]
uc291dem.1	Ensembl.UCSC:82789[1]	ENSMUSG00000029775	Ensembl.UCSC:82789[1>0]
uc291den.1	Ensembl.UCSC:82802[1]	ENSMUSG00000029775	Ensembl.UCSC:82802[1>0]
uc291deo.1	Ensembl.UCSC:113142[1]	ENSMUSG00000085470	Ensembl.UCSC:113142[1>0]
uc291dep.1	Ensembl.UCSC:83675[1]	ENSMUSG00000029782	Ensembl.UCSC:83675[1>0]
uc291deq.1	Ensembl.UCSC:83842[1]	ENSMUSG00000029782	Ensembl.UCSC:83842[1>0]
uc291der.1	Ensembl.UCSC:83869[1]	ENSMUSG00000029782	Ensembl.UCSC:83869[1>0]
uc291det.1	Ensembl.UCSC:83879[1]	ENSMUSG00000029782	Ensembl.UCSC:83879[1>0]
uc291deu.1	Ensembl.UCSC:83885[1]	ENSMUSG00000029782	Ensembl.UCSC:83885[1>0]
uc291dev.1	Ensembl.UCSC:83891[1]	ENSMUSG00000029782	Ensembl.UCSC:83891[1>0]
uc291dew.1	Ensembl.UCSC:83913[1]	ENSMUSG00000029784	Ensembl.UCSC:83913[1>0]
uc291dex.1	Ensembl.UCSC:83945[1]	ENSMUSG00000071553	Ensembl.UCSC:83945[1>0]
uc291dey.1	Ensembl.UCSC:83955[1]	ENSMUSG00000071553	Ensembl.UCSC:83955[1>0]
uc291dez.1	Ensembl.UCSC:83958[1]	ENSMUSG00000071553	Ensembl.UCSC:83958[1>0]
uc291dfa.1	Ensembl.UCSC:83963[1]	ENSMUSG00000071553	Ensembl.UCSC:83963[1>0]
uc291dfb.1	Ensembl.UCSC:83965[1]	ENSMUSG00000071553	Ensembl.UCSC:83965[1>0]
uc291dfc.1	Ensembl.UCSC:83966[1]	ENSMUSG00000071553	Ensembl.UCSC:83966[1>0]
uc291dfd.1	Ensembl.UCSC:83967[1]	ENSMUSG00000071553	Ensembl.UCSC:83967[1>0]
uc291dfe.1	Ensembl.UCSC:83998[1]	ENSMUSG00000086854	Ensembl.UCSC:83998[1>0]
uc291dff.1	Ensembl.UCSC:84294[1]	ENSMUSG00000029788	Ensembl.UCSC:84294[1>0]
uc291dfg.1	Ensembl.UCSC:84297[1]	ENSMUSG00000029788	Ensembl.UCSC:84297[1>0]
uc291dfh.1	Ensembl.UCSC:84306[1]	ENSMUSG00000029788	Ensembl.UCSC:84306[1>0]
uc291dfi.1	Ensembl.UCSC:84423[1]	ENSMUSG00000054446	Ensembl.UCSC:84423[1>0]
uc291dfj.1	Ensembl.UCSC:84795[1]	ENSMUSG00000029790	Ensembl.UCSC:84795[1>0]
uc291dfk.1	Ensembl.UCSC:84797[1]	ENSMUSG00000029790	Ensembl.UCSC:84797[1>0]
uc291dfl.1	Ensembl.UCSC:84799[1]	ENSMUSG00000029790	Ensembl.UCSC:84799[1>0]
uc291dfm.1	Ensembl.UCSC:84804[1]	ENSMUSG00000029790	Ensembl.UCSC:84804[1>0]
uc291dfn.1	Ensembl.UCSC:84806[1]	ENSMUSG00000029790	Ensembl.UCSC:84806[1>0]
uc291dfo.1	Ensembl.UCSC:84810[1]	ENSMUSG00000029790	Ensembl.UCSC:84810[1>0]
uc291dfp.1	Ensembl.UCSC:84815[1]	ENSMUSG00000029790	Ensembl.UCSC:84815[1>0]
uc291dfq.1	Ensembl.UCSC:84817[1]	ENSMUSG00000029790	Ensembl.UCSC:84817[1>0]
uc291dfr.1	Ensembl.UCSC:84824[1]	ENSMUSG00000086542	Ensembl.UCSC:84824[1>0]
uc291dfs.1	Ensembl.UCSC:84819[1]	ENSMUSG00000029790	Ensembl.UCSC:84819[1>0]
uc291dft.1	Ensembl.UCSC:84825[1]	ENSMUSG00000083221	Ensembl.UCSC:84825[1>0]
uc291dfu.1	Ensembl.UCSC:84880[1]	ENSMUSG00000051855	Ensembl.UCSC:84880[1>0]
uc291dfv.1	Ensembl.UCSC:85009[1]	ENSMUSG00000051855	Ensembl.UCSC:85009[1>0]
uc291dfw.1	Ensembl.UCSC:85018[1]	ENSMUSG00000051855	Ensembl.UCSC:85018[1>0]
uc291dfx.1	Ensembl.UCSC:85080[1]	ENSMUSG00000051855	Ensembl.UCSC:85080[1>0]
uc291dfy.1	Ensembl.UCSC:85290[1]	ENSMUSG00002074898	Ensembl.UCSC:85290[1>0]
uc291dfz.1	Ensembl.UCSC:85294[1]	ENSMUSG00000107825	Ensembl.UCSC:85294[1>0]
uc291dga.1	Ensembl.UCSC:85298[1]	ENSMUSG00002074986	Ensembl.UCSC:85298[1>0]
uc291dgb.1	Ensembl.UCSC:85269[1]	ENSMUSG00000051855	Ensembl.UCSC:85269[1>0]
uc291dgc.1	Ensembl.UCSC:85281[1]	ENSMUSG00000051855	Ensembl.UCSC:85281[1>0]
uc291dgd.1	Ensembl.UCSC:85285[1]	ENSMUSG00000051855	Ensembl.UCSC:85285[1>0]
uc291dge.1	Ensembl.UCSC:85286[1]	ENSMUSG00000051855	Ensembl.UCSC:85286[1>0]
uc291dlu.1	Ensembl.UCSC:90965[1]	ENSMUSG00000082920	Ensembl.UCSC:90965[1>0]
uc291dyq.1	Ensembl.UCSC:116699[1]	ENSMUSG00000107818	Ensembl.UCSC:116699[1>0]
uc291ebj.1	Ensembl.UCSC:13064[1]	ENSMUSG00000108123	Ensembl.UCSC:13064[1>0]
uc291ebs.1	Ensembl.UCSC:13084[1]	ENSMUSG00000107782	Ensembl.UCSC:13084[1>0]
uc291eeo.1	Ensembl.UCSC:127065[1]	ENSMUSG00002076877	Ensembl.UCSC:127065[1>0]
uc291fqd.1	Ensembl.UCSC:127761[1]	ENSMUSG00000073018	Ensembl.UCSC:127761[1>0]
uc291gnq.1	Ensembl.UCSC:110037[1]	ENSMUSG00000046679	Ensembl.UCSC:110037[1>0]
uc291gpe.1	Ensembl.UCSC:110189[1]	ENSMUSG00000108197	Ensembl.UCSC:110189[1>0]
uc291hni.1	Ensembl.UCSC:53508[1]	ENSMUSG00000088265	Ensembl.UCSC:53508[1>0]
uc291ibn.1	Ensembl.UCSC:86771[1]	ENSMUSG00000082474	Ensembl.UCSC:86771[1>0]
uc291ijc.1	Ensembl.UCSC:103233[1]	ENSMUSG00000045962	Ensembl.UCSC:103233[1>0]
uc291ito.1	Ensembl.UCSC:121788[1]	ENSMUSG00000004266	Ensembl.UCSC:121788[1>0]
uc291izg.1	Ensembl.UCSC:117126[1]	ENSMUSG00000089617	Ensembl.UCSC:117126[1>0]
uc291izg.1	Ensembl.UCSC:117126[1]	ENSMUSG00000099587	Ensembl.UCSC:117130[1>0]
uc291jew.1	Ensembl.UCSC:129127[1]	ENSMUSG00000121671	Ensembl.UCSC:129127[1>0]
uc291jlx.1	Ensembl.UCSC:53657[1]	ENSMUSG00000107787	Ensembl.UCSC:53657[1>0]
uc291jvt.1	Ensembl.UCSC:73812[1]	ENSMUSG00000107878	Ensembl.UCSC:73812[1>0]
uc291kma.1	Ensembl.UCSC:40806[1]	ENSMUSG00000107894	Ensembl.UCSC:40806[1>0]
uc291mgq.1	Ensembl.UCSC:42287[1]	ENSMUSG00000030403	Ensembl.UCSC:42287[1>0]
uc291mue.1	Ensembl.UCSC:145448[1]	ENSMUSG00000108768	Ensembl.UCSC:145448[1>0]
uc291nsp.1	Ensembl.UCSC:138288[1]	ENSMUSG00000064982	Ensembl.UCSC:138288[1>0]
uc291qmw.1	Ensembl.UCSC:11410[1]	ENSMUSG00000118716	Ensembl.UCSC:11410[1>0]
uc291qmx.1	Ensembl.UCSC:11415[1]	ENSMUSG00000119710	Ensembl.UCSC:11415[1>0]
uc291qnh.1	Ensembl.UCSC:11840[1]	ENSMUSG00000118926	Ensembl.UCSC:11840[1>0]
uc291qnh.1	Ensembl.UCSC:11840[1]	ENSMUSG00000119922	Ensembl.UCSC:11841[1>0]
uc291qns.1	Ensembl.UCSC:11855[1]	ENSMUSG00000119239	Ensembl.UCSC:11855[1>0]
uc291qoe.1	Ensembl.UCSC:11929[1]	ENSMUSG00000119373	Ensembl.UCSC:11929[1>0]
uc291qqn.1	Ensembl.UCSC:12437[1]	ENSMUSG00000119170	Ensembl.UCSC:12437[1>0]
uc291qss.1	Ensembl.UCSC:13234[1]	ENSMUSG00000000948	Ensembl.UCSC:13234[1>0]
uc291qss.1	Ensembl.UCSC:13234[1]	ENSMUSG00000077191	Ensembl.UCSC:13238[1>0]
uc291tsl.1	Ensembl.UCSC:133712[1]	ENSMUSG00002074911	Ensembl.UCSC:133712[1>0]
uc291ubq.1	Ensembl.UCSC:29178[1]	ENSMUSG00000098945	Ensembl.UCSC:29178[1>0]
uc291ucb.1	Ensembl.UCSC:29205[1]	ENSMUSG00000109365	Ensembl.UCSC:29205[1>0]
uc291uor.1	Ensembl.UCSC:65498[1]	ENSMUSG00000055116	Ensembl.UCSC:65498[1>0]
uc291vag.1	Ensembl.UCSC:108392[1]	ENSMUSG00000053358	Ensembl.UCSC:108392[1>0]
uc291ver.1	Ensembl.UCSC:112496[1]	ENSMUSG00000108551	Ensembl.UCSC:112496[1>0]
uc291vit.1	Ensembl.UCSC:23537[1]	ENSMUSG00000030720	Ensembl.UCSC:23537[1>0]
uc291voy.1	Ensembl.UCSC:144408[1]	ENSMUSG00000054716	Ensembl.UCSC:144408[1>0]
uc291vrg.1	Ensembl.UCSC:144576[1]	ENSMUSG00000108663	Ensembl.UCSC:144576[1>0]
uc291vxs.1	Ensembl.UCSC:141683[1]	ENSMUSG00000108354	Ensembl.UCSC:141683[1>0]
uc291wvq.1	Ensembl.UCSC:132980[1]	ENSMUSG00000054065	Ensembl.UCSC:132980[1>0]
uc291xmk.1	Ensembl.UCSC:120443[1]	ENSMUSG00000031090	Ensembl.UCSC:120443[1>0]
uc291xso.1	Ensembl.UCSC:52468[1]	ENSMUSG00000004568	Ensembl.UCSC:52468[1>0]
uc291ybe.1	Ensembl.UCSC:63616[1]	ENSMUSG00000079157	Ensembl.UCSC:63616[1>0]
uc291yxe.1	Ensembl.UCSC:113673[1]	ENSMUSG00000110148	Ensembl.UCSC:113673[1>0]
uc291yzm.1	Ensembl.UCSC:92652[1]	ENSMUSG00000037363	Ensembl.UCSC:92652[1>0]
uc292ank.1	Ensembl.UCSC:106004[1]	ENSMUSG00000031862	Ensembl.UCSC:106004[1>0]
uc292cge.1	Ensembl.UCSC:54730[1]	ENSMUSG00000031748	Ensembl.UCSC:54730[1>0]
uc292cmj.1	Ensembl.UCSC:65294[1]	ENSMUSG00000031788	Ensembl.UCSC:65294[1>0]
uc292csj.1	Ensembl.UCSC:77060[1]	ENSMUSG00000110019	Ensembl.UCSC:77060[1>0]
uc292csy.1	Ensembl.UCSC:111490[1]	ENSMUSG00000110600	Ensembl.UCSC:111490[1>0]
uc292ctd.1	Ensembl.UCSC:111631[1]	ENSMUSG00000110630	Ensembl.UCSC:111631[1>0]
uc292czn.1	Ensembl.UCSC:4757[1]	ENSMUSG00000050357	Ensembl.UCSC:4757[1>0]
uc292dor.1	Ensembl.UCSC:97236[1]	ENSMUSG00000031825	Ensembl.UCSC:97236[1>0]
uc292egb.1	Ensembl.UCSC:110518[1]	ENSMUSG00000042360	Ensembl.UCSC:110518[1>0]
uc292egc.1	Ensembl.UCSC:123669[1]	ENSMUSG00000110425	Ensembl.UCSC:123669[1>0]
uc292egd.1	Ensembl.UCSC:110526[1]	ENSMUSG00000110587	Ensembl.UCSC:110526[1>0]
uc292ege.1	Ensembl.UCSC:110532[1]	ENSMUSG00000110491	Ensembl.UCSC:110532[1>0]
uc292egf.1	Ensembl.UCSC:110538[1]	ENSMUSG00000110646	Ensembl.UCSC:110538[1>0]
uc292egg.1	Ensembl.UCSC:110540[1]	ENSMUSG00002075464	Ensembl.UCSC:110540[1>0]
uc292egh.1	Ensembl.UCSC:110746[1]	ENSMUSG00000025899	Ensembl.UCSC:110746[1>0]
uc292egi.1	Ensembl.UCSC:110748[1]	ENSMUSG00000025899	Ensembl.UCSC:110748[1>0]
uc292egj.1	Ensembl.UCSC:110750[1]	ENSMUSG00000025899	Ensembl.UCSC:110750[1>0]
uc292egk.1	Ensembl.UCSC:110753[1]	ENSMUSG00000025899	Ensembl.UCSC:110753[1>0]
uc292egl.1	Ensembl.UCSC:110762[1]	ENSMUSG00000025899	Ensembl.UCSC:110762[1>0]
uc292egm.1	Ensembl.UCSC:110767[1]	ENSMUSG00000064956	Ensembl.UCSC:110767[1>0]
uc292egn.1	Ensembl.UCSC:110770[1]	ENSMUSG00000077248	Ensembl.UCSC:110770[1>0]
uc292ego.1	Ensembl.UCSC:110839[1]	ENSMUSG00000025898	Ensembl.UCSC:110839[1>0]
uc292egp.1	Ensembl.UCSC:110845[1]	ENSMUSG00000025898	Ensembl.UCSC:110845[1>0]
uc292egq.1	Ensembl.UCSC:110850[1]	ENSMUSG00000025898	Ensembl.UCSC:110850[1>0]
uc292egr.1	Ensembl.UCSC:110854[1]	ENSMUSG00000110660	Ensembl.UCSC:110854[1>0]
uc292egs.1	Ensembl.UCSC:110868[1]	ENSMUSG00000041624	Ensembl.UCSC:110868[1>0]
uc292egt.1	Ensembl.UCSC:110870[1]	ENSMUSG00000041624	Ensembl.UCSC:110870[1>0]
uc292egu.1	Ensembl.UCSC:110874[1]	ENSMUSG00000110691	Ensembl.UCSC:110874[1>0]
uc292egv.1	Ensembl.UCSC:110876[1]	ENSMUSG00000110461	Ensembl.UCSC:110876[1>0]
uc292egw.1	Ensembl.UCSC:110877[1]	ENSMUSG00002075932	Ensembl.UCSC:110877[1>0]
uc292egx.1	Ensembl.UCSC:110909[1]	ENSMUSG00000025894	Ensembl.UCSC:110909[1>0]
uc292egy.1	Ensembl.UCSC:110912[1]	ENSMUSG00000025894	Ensembl.UCSC:110912[1>0]
uc292egz.1	Ensembl.UCSC:110931[1]	ENSMUSG00002076927	Ensembl.UCSC:110931[1>0]
uc292eha.1	Ensembl.UCSC:110940[1]	ENSMUSG00000041124	Ensembl.UCSC:110940[1>0]
uc292ehb.1	Ensembl.UCSC:111066[1]	ENSMUSG00002075667	Ensembl.UCSC:111066[1>0]
uc292ehc.1	Ensembl.UCSC:111067[1]	ENSMUSG00000110644	Ensembl.UCSC:111067[1>0]
uc292ehd.1	Ensembl.UCSC:111068[1]	ENSMUSG00000084690	Ensembl.UCSC:111068[1>0]
uc292ehe.1	Ensembl.UCSC:111088[1]	ENSMUSG00000033538	Ensembl.UCSC:111088[1>0]
uc292ehf.1	Ensembl.UCSC:111117[1]	ENSMUSG00000033538	Ensembl.UCSC:111117[1>0]
uc292ehg.1	Ensembl.UCSC:111125[1]	ENSMUSG00000033538	Ensembl.UCSC:111125[1>0]
uc292ehh.1	Ensembl.UCSC:111129[1]	ENSMUSG00000033538	Ensembl.UCSC:111129[1>0]
uc292ehi.1	Ensembl.UCSC:111132[1]	ENSMUSG00000033538	Ensembl.UCSC:111132[1>0]
uc292ehj.1	Ensembl.UCSC:111135[1]	ENSMUSG00000033538	Ensembl.UCSC:111135[1>0]
uc292ehk.1	Ensembl.UCSC:111196[1]	ENSMUSG00000025887	Ensembl.UCSC:111196[1>0]
uc292ehl.1	Ensembl.UCSC:111199[1]	ENSMUSG00000025887	Ensembl.UCSC:111199[1>0]
uc292ehm.1	Ensembl.UCSC:111200[1]	ENSMUSG00000025887	Ensembl.UCSC:111200[1>0]
uc292ehn.1	Ensembl.UCSC:111205[1]	ENSMUSG00000110927	Ensembl.UCSC:111205[1>0]
uc292eho.1	Ensembl.UCSC:111208[1]	ENSMUSG00000111191	Ensembl.UCSC:111208[1>0]
uc292ehp.1	Ensembl.UCSC:111210[1]	ENSMUSG00000110932	Ensembl.UCSC:111210[1>0]
uc292ehq.1	Ensembl.UCSC:111211[1]	ENSMUSG00000111707	Ensembl.UCSC:111211[1>0]
uc292ehr.1	Ensembl.UCSC:111269[1]	ENSMUSG00000111257	Ensembl.UCSC:111269[1>0]
uc292ehs.1	Ensembl.UCSC:111272[1]	ENSMUSG00000110732	Ensembl.UCSC:111272[1>0]
uc292eht.1	Ensembl.UCSC:111276[1]	ENSMUSG00000065382	Ensembl.UCSC:111276[1>0]
uc292ehu.1	Ensembl.UCSC:111279[1]	ENSMUSG00000111464	Ensembl.UCSC:111279[1>0]
uc292ehv.1	Ensembl.UCSC:111968[1]	ENSMUSG00000047193	Ensembl.UCSC:111968[1>0]
uc292ehw.1	Ensembl.UCSC:111978[1]	ENSMUSG00000047193	Ensembl.UCSC:111978[1>0]
uc292ehx.1	Ensembl.UCSC:111987[1]	ENSMUSG00000047193	Ensembl.UCSC:111987[1>0]
uc292ehy.1	Ensembl.UCSC:112001[1]	ENSMUSG00000047193	Ensembl.UCSC:112001[1>0]
uc292ehz.1	Ensembl.UCSC:112004[1]	ENSMUSG00000047193	Ensembl.UCSC:112004[1>0]
uc292eia.1	Ensembl.UCSC:112006[1]	ENSMUSG00000047193	Ensembl.UCSC:112006[1>0]
uc292eib.1	Ensembl.UCSC:112020[1]	ENSMUSG00000047193	Ensembl.UCSC:112020[1>0]
uc292eic.1	Ensembl.UCSC:112024[1]	ENSMUSG00000047193	Ensembl.UCSC:112024[1>0]
uc292eid.1	Ensembl.UCSC:112045[1]	ENSMUSG00000032002	Ensembl.UCSC:112045[1>0]
uc292eie.1	Ensembl.UCSC:112046[1]	ENSMUSG00000032002	Ensembl.UCSC:112046[1>0]
uc292eif.1	Ensembl.UCSC:112047[1]	ENSMUSG00000111615	Ensembl.UCSC:112047[1>0]
uc292eig.1	Ensembl.UCSC:112076[1]	ENSMUSG00000049723	Ensembl.UCSC:112076[1>0]
uc292eih.1	Ensembl.UCSC:112296[1]	ENSMUSG00000049723	Ensembl.UCSC:112296[1>0]
uc292eii.1	Ensembl.UCSC:112310[1]	ENSMUSG00000049723	Ensembl.UCSC:112310[1>0]
uc292eij.1	Ensembl.UCSC:109972[1]	ENSMUSG00000043089	Ensembl.UCSC:109972[1>0]
uc292eik.1	Ensembl.UCSC:109966[1]	ENSMUSG00000070323	Ensembl.UCSC:109966[1>0]
uc292eil.1	Ensembl.UCSC:109968[1]	ENSMUSG00000070323	Ensembl.UCSC:109968[1>0]
uc292eim.1	Ensembl.UCSC:132795[1]	ENSMUSG00000111764	Ensembl.UCSC:132795[1>0]
uc292ein.1	Ensembl.UCSC:132815[1]	ENSMUSG00000110936	Ensembl.UCSC:132815[1>0]
uc292eio.1	Ensembl.UCSC:132819[1]	ENSMUSG00000110887	Ensembl.UCSC:132819[1>0]
uc292eip.1	Ensembl.UCSC:132821[1]	ENSMUSG00000074516	Ensembl.UCSC:132821[1>0]
uc292eiq.1	Ensembl.UCSC:130728[1]	ENSMUSG00000050912	Ensembl.UCSC:130728[1>0]
uc292eir.1	Ensembl.UCSC:130736[1]	ENSMUSG00000050912	Ensembl.UCSC:130736[1>0]
uc292eis.1	Ensembl.UCSC:130750[1]	ENSMUSG00000057367	Ensembl.UCSC:130750[1>0]
uc292eit.1	Ensembl.UCSC:130751[1]	ENSMUSG00000057367	Ensembl.UCSC:130751[1>0]
uc292eiu.1	Ensembl.UCSC:130753[1]	ENSMUSG00000057367	Ensembl.UCSC:130753[1>0]
uc292eiv.1	Ensembl.UCSC:130755[1]	ENSMUSG00000057367	Ensembl.UCSC:130755[1>0]
uc292eiw.1	Ensembl.UCSC:130764[1]	ENSMUSG00000032000	Ensembl.UCSC:130764[1>0]
uc292eix.1	Ensembl.UCSC:130769[1]	ENSMUSG00000032000	Ensembl.UCSC:130769[1>0]
uc292eiy.1	Ensembl.UCSC:130773[1]	ENSMUSG00000032000	Ensembl.UCSC:130773[1>0]
uc292eiz.1	Ensembl.UCSC:130774[1]	ENSMUSG00000032000	Ensembl.UCSC:130774[1>0]
uc292eja.1	Ensembl.UCSC:130776[1]	ENSMUSG00000032000	Ensembl.UCSC:130776[1>0]
uc292ejb.1	Ensembl.UCSC:130825[1]	ENSMUSG00000053110	Ensembl.UCSC:130825[1>0]
uc292ejc.1	Ensembl.UCSC:130826[1]	ENSMUSG00000053110	Ensembl.UCSC:130826[1>0]
uc292ejd.1	Ensembl.UCSC:130827[1]	ENSMUSG00000053110	Ensembl.UCSC:130827[1>0]
uc292eje.1	Ensembl.UCSC:130828[1]	ENSMUSG00000053110	Ensembl.UCSC:130828[1>0]
uc292ejf.1	Ensembl.UCSC:130831[1]	ENSMUSG00000053110	Ensembl.UCSC:130831[1>0]
uc292ejg.1	Ensembl.UCSC:130841[1]	ENSMUSG00000092185	Ensembl.UCSC:130841[1>0]
uc292ejh.1	Ensembl.UCSC:130834[1]	ENSMUSG00000053110	Ensembl.UCSC:130834[1>0]
uc292eji.1	Ensembl.UCSC:130835[1]	ENSMUSG00000053110	Ensembl.UCSC:130835[1>0]
uc292ejj.1	Ensembl.UCSC:130844[1]	ENSMUSG00000110161	Ensembl.UCSC:130844[1>0]
uc292ejk.1	Ensembl.UCSC:130853[1]	ENSMUSG00000053070	Ensembl.UCSC:130853[1>0]
uc292ejl.1	Ensembl.UCSC:130860[1]	ENSMUSG00000040729	Ensembl.UCSC:130860[1>0]
uc292ejm.1	Ensembl.UCSC:130862[1]	ENSMUSG00000040729	Ensembl.UCSC:130862[1>0]
uc292ejn.1	Ensembl.UCSC:130864[1]	ENSMUSG00000111353	Ensembl.UCSC:130864[1>0]
uc292ejo.1	Ensembl.UCSC:130866[1]	ENSMUSG00000111845	Ensembl.UCSC:130866[1>0]
uc292ejp.1	Ensembl.UCSC:130955[1]	ENSMUSG00000031998	Ensembl.UCSC:130955[1>0]
uc292ejq.1	Ensembl.UCSC:130869[1]	ENSMUSG00000110828	Ensembl.UCSC:130869[1>0]
uc292ejr.1	Ensembl.UCSC:32231[1]	ENSMUSG00000031870	Ensembl.UCSC:32231[1>0]
uc292ejs.1	Ensembl.UCSC:32218[1]	ENSMUSG00000031870	Ensembl.UCSC:32218[1>0]
uc292ejt.1	Ensembl.UCSC:32223[1]	ENSMUSG00000031870	Ensembl.UCSC:32223[1>0]
uc292eju.1	Ensembl.UCSC:32241[1]	ENSMUSG00000078117	Ensembl.UCSC:32241[1>0]
uc292ejv.1	Ensembl.UCSC:32397[1]	ENSMUSG00000050730	Ensembl.UCSC:32397[1>0]
uc292ejw.1	Ensembl.UCSC:32399[1]	ENSMUSG00000050730	Ensembl.UCSC:32399[1>0]
uc292ejx.1	Ensembl.UCSC:32404[1]	ENSMUSG00000085253	Ensembl.UCSC:32404[1>0]
uc292ejy.1	Ensembl.UCSC:32406[1]	ENSMUSG00000088076	Ensembl.UCSC:32406[1>0]
uc292ejz.1	Ensembl.UCSC:32435[1]	ENSMUSG00000111061	Ensembl.UCSC:32435[1>0]
uc292eka.1	Ensembl.UCSC:32443[1]	ENSMUSG00000111317	Ensembl.UCSC:32443[1>0]
uc292ekb.1	Ensembl.UCSC:32447[1]	ENSMUSG00000111284	Ensembl.UCSC:32447[1>0]
uc292ekc.1	Ensembl.UCSC:32723[1]	ENSMUSG00000039488	Ensembl.UCSC:32723[1>0]
uc292ekd.1	Ensembl.UCSC:32724[1]	ENSMUSG00000039488	Ensembl.UCSC:32724[1>0]
uc292eke.1	Ensembl.UCSC:32725[1]	ENSMUSG00002076376	Ensembl.UCSC:32725[1>0]
uc292ekf.1	Ensembl.UCSC:32728[1]	ENSMUSG00002076070	Ensembl.UCSC:32728[1>0]
uc292ekg.1	Ensembl.UCSC:32729[1]	ENSMUSG00002076846	Ensembl.UCSC:32729[1>0]
uc292ekh.1	Ensembl.UCSC:32730[1]	ENSMUSG00000111648	Ensembl.UCSC:32730[1>0]
uc292eki.1	Ensembl.UCSC:32720[1]	ENSMUSG00000039488	Ensembl.UCSC:32720[1>0]
uc292ekj.1	Ensembl.UCSC:32731[1]	ENSMUSG00000111209	Ensembl.UCSC:32731[1>0]
uc292ekk.1	Ensembl.UCSC:32732[1]	ENSMUSG00000109590	Ensembl.UCSC:32732[1>0]
uc292ekl.1	Ensembl.UCSC:32735[1]	ENSMUSG00000111568	Ensembl.UCSC:32735[1>0]
uc292ekm.1	Ensembl.UCSC:32737[1]	ENSMUSG00000110951	Ensembl.UCSC:32737[1>0]
uc292ekn.1	Ensembl.UCSC:32739[1]	ENSMUSG00000111691	Ensembl.UCSC:32739[1>0]
uc292eko.1	Ensembl.UCSC:32740[1]	ENSMUSG00000110942	Ensembl.UCSC:32740[1>0]
uc292ekp.1	Ensembl.UCSC:32742[1]	ENSMUSG00000110734	Ensembl.UCSC:32742[1>0]
uc292ekq.1	Ensembl.UCSC:32743[1]	ENSMUSG00000111503	Ensembl.UCSC:32743[1>0]
uc292ekr.1	Ensembl.UCSC:32745[1]	ENSMUSG00000110858	Ensembl.UCSC:32745[1>0]
uc292eks.1	Ensembl.UCSC:32746[1]	ENSMUSG00000111458	Ensembl.UCSC:32746[1>0]
uc292ekt.1	Ensembl.UCSC:32748[1]	ENSMUSG00000111111	Ensembl.UCSC:32748[1>0]
uc292eku.1	Ensembl.UCSC:32749[1]	ENSMUSG00000111810	Ensembl.UCSC:32749[1>0]
uc292ekv.1	Ensembl.UCSC:32753[1]	ENSMUSG00002074896	Ensembl.UCSC:32753[1>0]
uc292ekw.1	Ensembl.UCSC:32756[1]	ENSMUSG00000111552	Ensembl.UCSC:32756[1>0]
uc292ekx.1	Ensembl.UCSC:32758[1]	ENSMUSG00000098228	Ensembl.UCSC:32758[1>0]
uc292eky.1	Ensembl.UCSC:109979[1]	ENSMUSG00000111830	Ensembl.UCSC:109979[1>0]
uc292ekz.1	Ensembl.UCSC:109984[1]	ENSMUSG00000111285	Ensembl.UCSC:109984[1>0]
uc292elf.1	Ensembl.UCSC:109997[1]	ENSMUSG00000111212	Ensembl.UCSC:109997[1>0]
uc292fev.1	Ensembl.UCSC:123993[1]	ENSMUSG00000111808	Ensembl.UCSC:123993[1>0]
uc292ffc.1	Ensembl.UCSC:124076[1]	ENSMUSG00000111069	Ensembl.UCSC:124076[1>0]
uc292iol.1	Ensembl.UCSC:103970[1]	ENSMUSG00000104469	Ensembl.UCSC:103970[1>0]
uc292ipq.1	Ensembl.UCSC:104691[1]	ENSMUSG00000098801	Ensembl.UCSC:104691[1>0]
uc292irc.1	Ensembl.UCSC:106369[1]	ENSMUSG00000102573	Ensembl.UCSC:106369[1>0]
uc292ist.1	Ensembl.UCSC:120201[1]	ENSMUSG00000103556	Ensembl.UCSC:120201[1>0]
uc292jan.1	Ensembl.UCSC:12150[1]	ENSMUSG00000111417	Ensembl.UCSC:12150[1>0]
uc292jpk.1	Ensembl.UCSC:41666[1]	ENSMUSG00000100568	Ensembl.UCSC:41666[1>0]
uc292kxv.1	Ensembl.UCSC:35082[1]	ENSMUSG00000032582	Ensembl.UCSC:35082[1>0]
uc292leb.1	Ensembl.UCSC:117680[1]	ENSMUSG00000006675	Ensembl.UCSC:117680[1>0]
uc292lio.1	Ensembl.UCSC:61557[1]	ENSMUSG00000025650	Ensembl.UCSC:61557[1>0]
uc292lsm.1	Ensembl.UCSC:90743[1]	ENSMUSG00000102060	Ensembl.UCSC:90743[1>0]
uc292moh.1	Ensembl.UCSC:108772[1]	ENSMUSG00000077659	Ensembl.UCSC:108772[1>0]
uc292onn.1	Ensembl.UCSC:3123[1]	ENSMUSG00000082337	Ensembl.UCSC:3123[1>0]
uc292ops.1	Ensembl.UCSC:91914[1]	ENSMUSG00000080829	Ensembl.UCSC:91914[1>0]
uc292oqv.1	Ensembl.UCSC:94126[1]	ENSMUSG00000001964	Ensembl.UCSC:94126[1>0]
uc292oqz.1	Ensembl.UCSC:95148[1]	ENSMUSG00000015289	Ensembl.UCSC:95148[1>0]
uc292ppw.1	Ensembl.UCSC:79811[1]	ENSMUSG00000031312	Ensembl.UCSC:79811[1>0]
uc292rft.1	Ensembl.UCSC:16585[1]	ENSMUSG00000082733	Ensembl.UCSC:16585[1>0]
uc292rvi.1	Ensembl.UCSC:1466[1]	ENSMUSG00000053211	Ensembl.UCSC:1466[1>0]
uc292rvj.1	Ensembl.UCSC:1470[1]	ENSMUSG00000101036	Ensembl.UCSC:1470[1>0]
uc292rvk.1	Ensembl.UCSC:1471[1]	ENSMUSG00000101107	Ensembl.UCSC:1471[1>0]
uc292rvl.1	Ensembl.UCSC:1472[1]	ENSMUSG00000101666	Ensembl.UCSC:1472[1>0]
uc292rvm.1	Ensembl.UCSC:1475[1]	ENSMUSG00000056673	Ensembl.UCSC:1475[1>0]
uc292rvn.1	Ensembl.UCSC:1476[1]	ENSMUSG00000056673	Ensembl.UCSC:1476[1>0]
uc292rvo.1	Ensembl.UCSC:1477[1]	ENSMUSG00000056673	Ensembl.UCSC:1477[1>0]
uc292rvp.1	Ensembl.UCSC:1478[1]	ENSMUSG00000056673	Ensembl.UCSC:1478[1>0]
uc292rvq.1	Ensembl.UCSC:1479[1]	ENSMUSG00000056673	Ensembl.UCSC:1479[1>0]
uc292rvr.1	Ensembl.UCSC:1480[1]	ENSMUSG00000056673	Ensembl.UCSC:1480[1>0]
uc292rvs.1	Ensembl.UCSC:1481[1]	ENSMUSG00000056673	Ensembl.UCSC:1481[1>0]
uc292rvt.1	Ensembl.UCSC:1482[1]	ENSMUSG00000075874	Ensembl.UCSC:1482[1>0]
uc292rvu.1	Ensembl.UCSC:1483[1]	ENSMUSG00002076920	Ensembl.UCSC:1483[1>0]
uc292rvv.1	Ensembl.UCSC:1485[1]	ENSMUSG00000069049	Ensembl.UCSC:1485[1>0]
uc292rvw.1	Ensembl.UCSC:1486[1]	ENSMUSG00000069049	Ensembl.UCSC:1486[1>0]
uc292rvx.1	Ensembl.UCSC:1487[1]	ENSMUSG00000069049	Ensembl.UCSC:1487[1>0]
uc292rvy.1	Ensembl.UCSC:1488[1]	ENSMUSG00000069049	Ensembl.UCSC:1488[1>0]
uc292rvz.1	Ensembl.UCSC:1489[1]	ENSMUSG00000069049	Ensembl.UCSC:1489[1>0]
uc292rwa.1	Ensembl.UCSC:1490[1]	ENSMUSG00000099876	Ensembl.UCSC:1490[1>0]
uc292rwb.1	Ensembl.UCSC:1722[1]	ENSMUSG00000121462	Ensembl.UCSC:1722[1>0]
uc292rwc.1	Ensembl.UCSC:1720[1]	ENSMUSG00000091749	Ensembl.UCSC:1720[1>0]
uc292rwd.1	Ensembl.UCSC:1492[1]	ENSMUSG00000068457	Ensembl.UCSC:1492[1>0]
uc292rwe.1	Ensembl.UCSC:1496[1]	ENSMUSG00000068457	Ensembl.UCSC:1496[1>0]
uc292rwf.1	Ensembl.UCSC:1497[1]	ENSMUSG00000068457	Ensembl.UCSC:1497[1>0]
uc292rwg.1	Ensembl.UCSC:1498[1]	ENSMUSG00000068457	Ensembl.UCSC:1498[1>0]
uc292rwh.1	Ensembl.UCSC:1499[1]	ENSMUSG00000068457	Ensembl.UCSC:1499[1>0]
uc292rwi.1	Ensembl.UCSC:1500[1]	ENSMUSG00000068457	Ensembl.UCSC:1500[1>0]
uc292rwj.1	Ensembl.UCSC:1501[1]	ENSMUSG00000068457	Ensembl.UCSC:1501[1>0]
uc292rwk.1	Ensembl.UCSC:1502[1]	ENSMUSG00000068457	Ensembl.UCSC:1502[1>0]
uc292rwl.1	Ensembl.UCSC:1504[1]	ENSMUSG00000069045	Ensembl.UCSC:1504[1>0]
uc292rwm.1	Ensembl.UCSC:1505[1]	ENSMUSG00000069045	Ensembl.UCSC:1505[1>0]
uc292rwn.1	Ensembl.UCSC:1506[1]	ENSMUSG00000069045	Ensembl.UCSC:1506[1>0]
uc292rwo.1	Ensembl.UCSC:1507[1]	ENSMUSG00000101059	Ensembl.UCSC:1507[1>0]
uc292rwp.1	Ensembl.UCSC:1508[1]	ENSMUSG00000099809	Ensembl.UCSC:1508[1>0]
uc292rwq.1	Ensembl.UCSC:1510[1]	ENSMUSG00000077793	Ensembl.UCSC:1510[1>0]
uc292rwr.1	Ensembl.UCSC:1511[1]	ENSMUSG00000100842	Ensembl.UCSC:1511[1>0]
uc292rws.1	Ensembl.UCSC:1512[1]	ENSMUSG00000101947	Ensembl.UCSC:1512[1>0]
uc292rwt.1	Ensembl.UCSC:1513[1]	ENSMUSG00000100619	Ensembl.UCSC:1513[1>0]
uc292rwu.1	Ensembl.UCSC:1514[1]	ENSMUSG00000100877	Ensembl.UCSC:1514[1>0]
uc292rwv.1	Ensembl.UCSC:1515[1]	ENSMUSG00000100576	Ensembl.UCSC:1515[1>0]
uc292rww.1	Ensembl.UCSC:1516[1]	ENSMUSG00000100326	Ensembl.UCSC:1516[1>0]
uc292rwx.1	Ensembl.UCSC:1517[1]	ENSMUSG00000100356	Ensembl.UCSC:1517[1>0]
uc292rwy.1	Ensembl.UCSC:1518[1]	ENSMUSG00000101443	Ensembl.UCSC:1518[1>0]
uc292rwz.1	Ensembl.UCSC:1519[1]	ENSMUSG00000000103	Ensembl.UCSC:1519[1>0]
uc292rxa.1	Ensembl.UCSC:1521[1]	ENSMUSG00000099614	Ensembl.UCSC:1521[1>0]
uc292rxb.1	Ensembl.UCSC:1522[1]	ENSMUSG00000099973	Ensembl.UCSC:1522[1>0]
uc292rxc.1	Ensembl.UCSC:1523[1]	ENSMUSG00000099888	Ensembl.UCSC:1523[1>0]
uc292rxd.1	Ensembl.UCSC:1524[1]	ENSMUSG00000100445	Ensembl.UCSC:1524[1>0]
uc292rxe.1	Ensembl.UCSC:1525[1]	ENSMUSG00000102072	Ensembl.UCSC:1525[1>0]
uc292rxf.1	Ensembl.UCSC:1526[1]	ENSMUSG00000101290	Ensembl.UCSC:1526[1>0]
uc292rxg.1	Ensembl.UCSC:1527[1]	ENSMUSG00000100103	Ensembl.UCSC:1527[1>0]
uc292rxh.1	Ensembl.UCSC:1528[1]	ENSMUSG00002075837	Ensembl.UCSC:1528[1>0]
uc292rxi.1	Ensembl.UCSC:1529[1]	ENSMUSG00000102120	Ensembl.UCSC:1529[1>0]
uc292rxj.1	Ensembl.UCSC:1530[1]	ENSMUSG00000099445	Ensembl.UCSC:1530[1>0]
uc292rxl.1	Ensembl.UCSC:1532[1]	ENSMUSG00000099748	Ensembl.UCSC:1532[1>0]
uc292rxm.1	Ensembl.UCSC:1534[1]	ENSMUSG00000101064	Ensembl.UCSC:1534[1>0]
uc292rxo.1	Ensembl.UCSC:1536[1]	ENSMUSG00000101114	Ensembl.UCSC:1536[1>0]
uc292rxp.1	Ensembl.UCSC:1538[1]	ENSMUSG00000100700	Ensembl.UCSC:1538[1>0]
uc292rxq.1	Ensembl.UCSC:1539[1]	ENSMUSG00000101066	Ensembl.UCSC:1539[1>0]
uc292rxr.1	Ensembl.UCSC:1544[1]	ENSMUSG00000095852	Ensembl.UCSC:1544[1>0]
uc292rxs.1	Ensembl.UCSC:1545[1]	ENSMUSG00000100145	Ensembl.UCSC:1545[1>0]
uc292rxt.1	Ensembl.UCSC:1546[1]	ENSMUSG00000099405	Ensembl.UCSC:1546[1>0]
uc292rxu.1	Ensembl.UCSC:1548[1]	ENSMUSG00000091987	Ensembl.UCSC:1548[1>0]
uc292rxv.1	Ensembl.UCSC:1549[1]	ENSMUSG00000099728	Ensembl.UCSC:1549[1>0]
uc292rxw.1	Ensembl.UCSC:1228[1]	ENSMUSG00000101667	Ensembl.UCSC:1228[1>0]
uc292rxx.1	Ensembl.UCSC:1230[1]	ENSMUSG00000093918	Ensembl.UCSC:1230[1>0]
uc292rxy.1	Ensembl.UCSC:1231[1]	ENSMUSG00000099455	Ensembl.UCSC:1231[1>0]
uc292rxz.1	Ensembl.UCSC:1233[1]	ENSMUSG00000094511	Ensembl.UCSC:1233[1>0]
uc292rya.1	Ensembl.UCSC:1234[1]	ENSMUSG00000101141	Ensembl.UCSC:1234[1>0]
uc292ryb.1	Ensembl.UCSC:1236[1]	ENSMUSG00000093987	Ensembl.UCSC:1236[1>0]
uc292ryc.1	Ensembl.UCSC:1237[1]	ENSMUSG00000100285	Ensembl.UCSC:1237[1>0]
uc292ryd.1	Ensembl.UCSC:1240[1]	ENSMUSG00000095948	Ensembl.UCSC:1240[1>0]
uc292rye.1	Ensembl.UCSC:1241[1]	ENSMUSG00000100960	Ensembl.UCSC:1241[1>0]
uc292ryf.1	Ensembl.UCSC:1242[1]	ENSMUSG00000099970	Ensembl.UCSC:1242[1>0]
uc292ryg.1	Ensembl.UCSC:1243[1]	ENSMUSG00000099660	Ensembl.UCSC:1243[1>0]
uc292ryh.1	Ensembl.UCSC:1245[1]	ENSMUSG00000096520	Ensembl.UCSC:1245[1>0]
uc292ryi.1	Ensembl.UCSC:1246[1]	ENSMUSG00000101016	Ensembl.UCSC:1246[1>0]
uc292ryj.1	Ensembl.UCSC:1247[1]	ENSMUSG00000100360	Ensembl.UCSC:1247[1>0]
uc292ryk.1	Ensembl.UCSC:1248[1]	ENSMUSG00000099838	Ensembl.UCSC:1248[1>0]
uc292ryl.1	Ensembl.UCSC:1249[1]	ENSMUSG00000100132	Ensembl.UCSC:1249[1>0]
uc292rym.1	Ensembl.UCSC:1250[1]	ENSMUSG00000101030	Ensembl.UCSC:1250[1>0]
uc292ryn.1	Ensembl.UCSC:1251[1]	ENSMUSG00000100641	Ensembl.UCSC:1251[1>0]
uc292ryo.1	Ensembl.UCSC:1252[1]	ENSMUSG00000101145	Ensembl.UCSC:1252[1>0]
uc292ryp.1	Ensembl.UCSC:1253[1]	ENSMUSG00000100656	Ensembl.UCSC:1253[1>0]
uc292ryq.1	Ensembl.UCSC:1254[1]	ENSMUSG00000100082	Ensembl.UCSC:1254[1>0]
uc292ryr.1	Ensembl.UCSC:1255[1]	ENSMUSG00000101712	Ensembl.UCSC:1255[1>0]
uc292rys.1	Ensembl.UCSC:1256[1]	ENSMUSG00000101558	Ensembl.UCSC:1256[1>0]
uc292ryt.1	Ensembl.UCSC:1257[1]	ENSMUSG00000100753	Ensembl.UCSC:1257[1>0]
uc292ryu.1	Ensembl.UCSC:1258[1]	ENSMUSG00000101499	Ensembl.UCSC:1258[1>0]
uc292ryv.1	Ensembl.UCSC:1259[1]	ENSMUSG00000101108	Ensembl.UCSC:1259[1>0]
uc292ryw.1	Ensembl.UCSC:1260[1]	ENSMUSG00000100300	Ensembl.UCSC:1260[1>0]
uc292ryx.1	Ensembl.UCSC:1261[1]	ENSMUSG00000100683	Ensembl.UCSC:1261[1>0]
uc292ryy.1	Ensembl.UCSC:1714[1]	ENSMUSG00000102088	Ensembl.UCSC:1714[1>0]
uc292ryz.1	Ensembl.UCSC:1262[1]	ENSMUSG00000099514	Ensembl.UCSC:1262[1>0]
uc292rza.1	Ensembl.UCSC:1263[1]	ENSMUSG00000100446	Ensembl.UCSC:1263[1>0]
uc292rzb.1	Ensembl.UCSC:1264[1]	ENSMUSG00000102680	Ensembl.UCSC:1264[1>0]
uc292rzc.1	Ensembl.UCSC:1716[1]	ENSMUSG00000099684	Ensembl.UCSC:1716[1>0]
uc292rzd.1	Ensembl.UCSC:1717[1]	ENSMUSG00000121460	Ensembl.UCSC:1717[1>0]
uc292rze.1	Ensembl.UCSC:1265[1]	ENSMUSG00000100984	Ensembl.UCSC:1265[1>0]
uc292rzf.1	Ensembl.UCSC:1266[1]	ENSMUSG00000100137	Ensembl.UCSC:1266[1>0]
uc292rzg.1	Ensembl.UCSC:1267[1]	ENSMUSG00000100958	Ensembl.UCSC:1267[1>0]
uc292rzh.1	Ensembl.UCSC:1268[1]	ENSMUSG00000099575	Ensembl.UCSC:1268[1>0]
uc292rzi.1	Ensembl.UCSC:1269[1]	ENSMUSG00000100597	Ensembl.UCSC:1269[1>0]
uc292rzj.1	Ensembl.UCSC:1270[1]	ENSMUSG00000099410	Ensembl.UCSC:1270[1>0]
uc292rzk.1	Ensembl.UCSC:1271[1]	ENSMUSG00000093927	Ensembl.UCSC:1271[1>0]
uc292rzl.1	Ensembl.UCSC:1272[1]	ENSMUSG00000093927	Ensembl.UCSC:1272[1>0]
uc292rzm.1	Ensembl.UCSC:2516[1]	ENSMUSG00000101212	Ensembl.UCSC:2516[1>0]
uc292rzn.1	Ensembl.UCSC:2518[1]	ENSMUSG00000101041	Ensembl.UCSC:2518[1>0]
uc292rzp.1	Ensembl.UCSC:2524[1]	ENSMUSG00000101611	Ensembl.UCSC:2524[1>0]
uc292rzq.1	Ensembl.UCSC:2526[1]	ENSMUSG00000101769	Ensembl.UCSC:2526[1>0]
uc292rzr.1	Ensembl.UCSC:1273[1]	ENSMUSG00000100792	Ensembl.UCSC:1273[1>0]
uc292rzs.1	Ensembl.UCSC:1274[1]	ENSMUSG00000099766	Ensembl.UCSC:1274[1>0]
uc292rzt.1	Ensembl.UCSC:1275[1]	ENSMUSG00000099726	Ensembl.UCSC:1275[1>0]
uc292rzu.1	Ensembl.UCSC:1276[1]	ENSMUSG00000101576	Ensembl.UCSC:1276[1>0]
uc292rzv.1	Ensembl.UCSC:1277[1]	ENSMUSG00000102115	Ensembl.UCSC:1277[1>0]
uc292rzw.1	Ensembl.UCSC:1278[1]	ENSMUSG00000102102	Ensembl.UCSC:1278[1>0]
uc292rzx.1	Ensembl.UCSC:2243[1]	ENSMUSG00002075850	Ensembl.UCSC:2243[1>0]
uc292rzy.1	Ensembl.UCSC:2245[1]	ENSMUSG00000099761	Ensembl.UCSC:2245[1>0]
uc292rzz.1	Ensembl.UCSC:2249[1]	ENSMUSG00000096706	Ensembl.UCSC:2249[1>0]
uc292sab.1	Ensembl.UCSC:2252[1]	ENSMUSG00000101805	Ensembl.UCSC:2252[1>0]
uc292sac.1	Ensembl.UCSC:2254[1]	ENSMUSG00000101380	Ensembl.UCSC:2254[1>0]
uc292sad.1	Ensembl.UCSC:2256[1]	ENSMUSG00000096268	Ensembl.UCSC:2256[1>0]
uc292sae.1	Ensembl.UCSC:2260[1]	ENSMUSG00000096268	Ensembl.UCSC:2260[1>0]
uc292saf.1	Ensembl.UCSC:2222[1]	ENSMUSG00000100634	Ensembl.UCSC:2222[1>0]
uc292sag.1	Ensembl.UCSC:2226[1]	ENSMUSG00000100056	Ensembl.UCSC:2226[1>0]
uc292sah.1	Ensembl.UCSC:2229[1]	ENSMUSG00000102338	Ensembl.UCSC:2229[1>0]
uc292sai.1	Ensembl.UCSC:2230[1]	ENSMUSG00000101291	Ensembl.UCSC:2230[1>0]
uc292saj.1	Ensembl.UCSC:2232[1]	ENSMUSG00000096036	Ensembl.UCSC:2232[1>0]
uc292sal.1	Ensembl.UCSC:2234[1]	ENSMUSG00000102042	Ensembl.UCSC:2234[1>0]
uc292sam.1	Ensembl.UCSC:2236[1]	ENSMUSG00000100878	Ensembl.UCSC:2236[1>0]
uc292san.1	Ensembl.UCSC:2237[1]	ENSMUSG00000099721	Ensembl.UCSC:2237[1>0]
uc292sao.1	Ensembl.UCSC:2239[1]	ENSMUSG00000101619	Ensembl.UCSC:2239[1>0]
uc292sap.1	Ensembl.UCSC:2241[1]	ENSMUSG00000100710	Ensembl.UCSC:2241[1>0]
uc292saq.1	Ensembl.UCSC:1279[1]	ENSMUSG00000100292	Ensembl.UCSC:1279[1>0]
uc292sar.1	Ensembl.UCSC:1280[1]	ENSMUSG00000101081	Ensembl.UCSC:1280[1>0]
uc292sas.1	Ensembl.UCSC:1281[1]	ENSMUSG00000099815	Ensembl.UCSC:1281[1>0]
uc292sau.1	Ensembl.UCSC:1283[1]	ENSMUSG00000101525	Ensembl.UCSC:1283[1>0]
uc292sav.1	Ensembl.UCSC:1284[1]	ENSMUSG00000095148	Ensembl.UCSC:1284[1>0]
uc292saw.1	Ensembl.UCSC:1285[1]	ENSMUSG00000095148	Ensembl.UCSC:1285[1>0]
uc292sax.1	Ensembl.UCSC:1286[1]	ENSMUSG00000101707	Ensembl.UCSC:1286[1>0]
uc292say.1	Ensembl.UCSC:1287[1]	ENSMUSG00000100275	Ensembl.UCSC:1287[1>0]
uc292saz.1	Ensembl.UCSC:1288[1]	ENSMUSG00000100472	Ensembl.UCSC:1288[1>0]
uc292sba.1	Ensembl.UCSC:2215[1]	ENSMUSG00000100289	Ensembl.UCSC:2215[1>0]
uc292sbb.1	Ensembl.UCSC:2216[1]	ENSMUSG00000101243	Ensembl.UCSC:2216[1>0]
uc292sbc.1	Ensembl.UCSC:2217[1]	ENSMUSG00000079806	Ensembl.UCSC:2217[1>0]
uc292sbe.1	Ensembl.UCSC:2218[1]	ENSMUSG00000100479	Ensembl.UCSC:2218[1>0]
uc292sbf.1	Ensembl.UCSC:2219[1]	ENSMUSG00000099352	Ensembl.UCSC:2219[1>0]
uc292sbg.1	Ensembl.UCSC:2220[1]	ENSMUSG00000101388	Ensembl.UCSC:2220[1>0]
uc292sbh.1	Ensembl.UCSC:1289[1]	ENSMUSG00000101055	Ensembl.UCSC:1289[1>0]
uc292sbi.1	Ensembl.UCSC:1290[1]	ENSMUSG00000096686	Ensembl.UCSC:1290[1>0]
uc292sbj.1	Ensembl.UCSC:1291[1]	ENSMUSG00000096686	Ensembl.UCSC:1291[1>0]
uc292sbk.1	Ensembl.UCSC:1292[1]	ENSMUSG00000099505	Ensembl.UCSC:1292[1>0]
uc292sbl.1	Ensembl.UCSC:1293[1]	ENSMUSG00000100161	Ensembl.UCSC:1293[1>0]
uc292sbm.1	Ensembl.UCSC:1294[1]	ENSMUSG00000102039	Ensembl.UCSC:1294[1>0]
uc292sbn.1	Ensembl.UCSC:2285[1]	ENSMUSG00000101913	Ensembl.UCSC:2285[1>0]
uc292sbo.1	Ensembl.UCSC:2289[1]	ENSMUSG00000094484	Ensembl.UCSC:2289[1>0]
uc292sbq.1	Ensembl.UCSC:1295[1]	ENSMUSG00000101479	Ensembl.UCSC:1295[1>0]
uc292sbr.1	Ensembl.UCSC:1296[1]	ENSMUSG00000100939	Ensembl.UCSC:1296[1>0]
uc292sbs.1	Ensembl.UCSC:1297[1]	ENSMUSG00000100262	Ensembl.UCSC:1297[1>0]
uc292sbt.1	Ensembl.UCSC:1298[1]	ENSMUSG00000100453	Ensembl.UCSC:1298[1>0]
uc292sbu.1	Ensembl.UCSC:1299[1]	ENSMUSG00000100858	Ensembl.UCSC:1299[1>0]
uc292sbv.1	Ensembl.UCSC:1300[1]	ENSMUSG00000099965	Ensembl.UCSC:1300[1>0]
uc292sbw.1	Ensembl.UCSC:1301[1]	ENSMUSG00000100948	Ensembl.UCSC:1301[1>0]
uc292sby.1	Ensembl.UCSC:1303[1]	ENSMUSG00000100961	Ensembl.UCSC:1303[1>0]
uc292sbz.1	Ensembl.UCSC:1304[1]	ENSMUSG00000100806	Ensembl.UCSC:1304[1>0]
uc292sca.1	Ensembl.UCSC:1305[1]	ENSMUSG00000101521	Ensembl.UCSC:1305[1>0]
uc292scb.1	Ensembl.UCSC:1306[1]	ENSMUSG00000094081	Ensembl.UCSC:1306[1>0]
uc292scc.2	Ensembl.UCSC:1308[1]	ENSMUSG00000101181	Ensembl.UCSC:1308[1>0]
uc292scd.1	Ensembl.UCSC:1309[1]	ENSMUSG00000100645	Ensembl.UCSC:1309[1>0]
uc292sce.1	Ensembl.UCSC:1310[1]	ENSMUSG00000100124	Ensembl.UCSC:1310[1>0]
uc292scf.1	Ensembl.UCSC:1311[1]	ENSMUSG00000101956	Ensembl.UCSC:1311[1>0]
uc292scg.1	Ensembl.UCSC:1312[1]	ENSMUSG00000101351	Ensembl.UCSC:1312[1>0]
uc292sch.1	Ensembl.UCSC:1313[1]	ENSMUSG00000100412	Ensembl.UCSC:1313[1>0]
uc292sci.1	Ensembl.UCSC:1314[1]	ENSMUSG00000102026	Ensembl.UCSC:1314[1>0]
uc292scj.1	Ensembl.UCSC:1315[1]	ENSMUSG00000099800	Ensembl.UCSC:1315[1>0]
uc292sck.1	Ensembl.UCSC:1316[1]	ENSMUSG00000099861	Ensembl.UCSC:1316[1>0]
uc292scl.1	Ensembl.UCSC:1317[1]	ENSMUSG00000095324	Ensembl.UCSC:1317[1>0]
uc292scm.1	Ensembl.UCSC:1318[1]	ENSMUSG00000095324	Ensembl.UCSC:1318[1>0]
uc292scn.1	Ensembl.UCSC:1319[1]	ENSMUSG00000101616	Ensembl.UCSC:1319[1>0]
uc292sco.1	Ensembl.UCSC:1719[1]	ENSMUSG00000121461	Ensembl.UCSC:1719[1>0]
uc292scp.1	Ensembl.UCSC:1718[1]	ENSMUSG00000100312	Ensembl.UCSC:1718[1>0]
uc292scq.1	Ensembl.UCSC:1320[1]	ENSMUSG00000100258	Ensembl.UCSC:1320[1>0]
uc292scr.1	Ensembl.UCSC:1321[1]	ENSMUSG00000101229	Ensembl.UCSC:1321[1>0]
uc292scs.1	Ensembl.UCSC:1322[1]	ENSMUSG00000101456	Ensembl.UCSC:1322[1>0]
uc292sct.1	Ensembl.UCSC:1323[1]	ENSMUSG00000100421	Ensembl.UCSC:1323[1>0]
uc292scu.1	Ensembl.UCSC:1325[1]	ENSMUSG00000103618	Ensembl.UCSC:1325[1>0]
uc292scv.1	Ensembl.UCSC:1324[1]	ENSMUSG00000100421	Ensembl.UCSC:1324[1>0]
uc292scw.1	Ensembl.UCSC:1326[1]	ENSMUSG00000101928	Ensembl.UCSC:1326[1>0]
uc292scx.1	Ensembl.UCSC:1327[1]	ENSMUSG00000100239	Ensembl.UCSC:1327[1>0]
uc292scy.1	Ensembl.UCSC:1328[1]	ENSMUSG00000100460	Ensembl.UCSC:1328[1>0]
uc292scz.1	Ensembl.UCSC:1329[1]	ENSMUSG00000101331	Ensembl.UCSC:1329[1>0]
uc292sda.1	Ensembl.UCSC:1330[1]	ENSMUSG00000101366	Ensembl.UCSC:1330[1>0]
uc292sdb.1	Ensembl.UCSC:1331[1]	ENSMUSG00000101142	Ensembl.UCSC:1331[1>0]
uc292sdc.1	Ensembl.UCSC:1332[1]	ENSMUSG00000100047	Ensembl.UCSC:1332[1>0]
uc292sdd.1	Ensembl.UCSC:1333[1]	ENSMUSG00000101858	Ensembl.UCSC:1333[1>0]
uc292sde.1	Ensembl.UCSC:1334[1]	ENSMUSG00000100933	Ensembl.UCSC:1334[1>0]
uc292sdf.1	Ensembl.UCSC:1335[1]	ENSMUSG00000100804	Ensembl.UCSC:1335[1>0]
uc292sdg.1	Ensembl.UCSC:1336[1]	ENSMUSG00000101672	Ensembl.UCSC:1336[1>0]
uc292sdh.1	Ensembl.UCSC:1337[1]	ENSMUSG00000099929	Ensembl.UCSC:1337[1>0]
uc292sdi.1	Ensembl.UCSC:1338[1]	ENSMUSG00000099939	Ensembl.UCSC:1338[1>0]
uc292sdj.1	Ensembl.UCSC:1339[1]	ENSMUSG00000100491	Ensembl.UCSC:1339[1>0]
uc292sdk.1	Ensembl.UCSC:1340[1]	ENSMUSG00000099566	Ensembl.UCSC:1340[1>0]
uc292sdl.1	Ensembl.UCSC:1342[1]	ENSMUSG00000101732	Ensembl.UCSC:1342[1>0]
uc292sdm.1	Ensembl.UCSC:1343[1]	ENSMUSG00000101056	Ensembl.UCSC:1343[1>0]
uc292sdn.1	Ensembl.UCSC:1344[1]	ENSMUSG00000099904	Ensembl.UCSC:1344[1>0]
uc292sdo.1	Ensembl.UCSC:1345[1]	ENSMUSG00000099523	Ensembl.UCSC:1345[1>0]
uc292sdp.1	Ensembl.UCSC:1346[1]	ENSMUSG00000100542	Ensembl.UCSC:1346[1>0]
uc292sdq.1	Ensembl.UCSC:1347[1]	ENSMUSG00000099956	Ensembl.UCSC:1347[1>0]
uc292sdr.1	Ensembl.UCSC:2294[1]	ENSMUSG00000100080	Ensembl.UCSC:2294[1>0]
uc292sds.1	Ensembl.UCSC:2299[1]	ENSMUSG00000101441	Ensembl.UCSC:2299[1>0]
uc292sdu.1	Ensembl.UCSC:2306[1]	ENSMUSG00000091077	Ensembl.UCSC:2306[1>0]
uc292sdv.1	Ensembl.UCSC:2309[1]	ENSMUSG00000094679	Ensembl.UCSC:2309[1>0]
uc292sdx.1	Ensembl.UCSC:2311[1]	ENSMUSG00000100109	Ensembl.UCSC:2311[1>0]
uc292sdy.1	Ensembl.UCSC:2313[1]	ENSMUSG00000100848	Ensembl.UCSC:2313[1>0]
uc292sdz.1	Ensembl.UCSC:2315[1]	ENSMUSG00000100105	Ensembl.UCSC:2315[1>0]
uc292sea.1	Ensembl.UCSC:1348[1]	ENSMUSG00000101095	Ensembl.UCSC:1348[1>0]
uc292seb.1	Ensembl.UCSC:2264[1]	ENSMUSG00000094773	Ensembl.UCSC:2264[1>0]
uc292sec.1	Ensembl.UCSC:2265[1]	ENSMUSG00000094773	Ensembl.UCSC:2265[1>0]
uc292sed.1	Ensembl.UCSC:2267[1]	ENSMUSG00000099688	Ensembl.UCSC:2267[1>0]
uc292see.1	Ensembl.UCSC:2268[1]	ENSMUSG00000101094	Ensembl.UCSC:2268[1>0]
uc292sef.1	Ensembl.UCSC:2270[1]	ENSMUSG00000101647	Ensembl.UCSC:2270[1>0]
uc292seg.1	Ensembl.UCSC:2274[1]	ENSMUSG00000096223	Ensembl.UCSC:2274[1>0]
uc292sei.1	Ensembl.UCSC:2275[1]	ENSMUSG00000101737	Ensembl.UCSC:2275[1>0]
uc292sej.1	Ensembl.UCSC:2276[1]	ENSMUSG00000100752	Ensembl.UCSC:2276[1>0]
uc292sek.1	Ensembl.UCSC:1349[1]	ENSMUSG00000100463	Ensembl.UCSC:1349[1>0]
uc292sel.1	Ensembl.UCSC:1350[1]	ENSMUSG00000101977	Ensembl.UCSC:1350[1>0]
uc292sem.1	Ensembl.UCSC:1351[1]	ENSMUSG00000100661	Ensembl.UCSC:1351[1>0]
uc292sen.1	Ensembl.UCSC:1352[1]	ENSMUSG00000100571	Ensembl.UCSC:1352[1>0]
uc292seo.1	Ensembl.UCSC:2278[1]	ENSMUSG00000100087	Ensembl.UCSC:2278[1>0]
uc292sep.1	Ensembl.UCSC:2281[1]	ENSMUSG00000094556	Ensembl.UCSC:2281[1>0]
uc292ser.1	Ensembl.UCSC:1353[1]	ENSMUSG00000100049	Ensembl.UCSC:1353[1>0]
uc292ses.1	Ensembl.UCSC:1354[1]	ENSMUSG00000100477	Ensembl.UCSC:1354[1>0]
uc292set.1	Ensembl.UCSC:1355[1]	ENSMUSG00000100800	Ensembl.UCSC:1355[1>0]
uc292seu.1	Ensembl.UCSC:1356[1]	ENSMUSG00000099439	Ensembl.UCSC:1356[1>0]
uc292sev.1	Ensembl.UCSC:1357[1]	ENSMUSG00000095032	Ensembl.UCSC:1357[1>0]
uc292sew.1	Ensembl.UCSC:1358[1]	ENSMUSG00000095032	Ensembl.UCSC:1358[1>0]
uc292sex.1	Ensembl.UCSC:1359[1]	ENSMUSG00000099372	Ensembl.UCSC:1359[1>0]
uc292sey.1	Ensembl.UCSC:1360[1]	ENSMUSG00000101699	Ensembl.UCSC:1360[1>0]
uc292sez.1	Ensembl.UCSC:1361[1]	ENSMUSG00000095242	Ensembl.UCSC:1361[1>0]
uc292sfa.1	Ensembl.UCSC:1362[1]	ENSMUSG00000095242	Ensembl.UCSC:1362[1>0]
uc292sfb.1	Ensembl.UCSC:2206[1]	ENSMUSG00000101396	Ensembl.UCSC:2206[1>0]
uc292sfc.1	Ensembl.UCSC:2207[1]	ENSMUSG00000100995	Ensembl.UCSC:2207[1>0]
uc292sfd.1	Ensembl.UCSC:2208[1]	ENSMUSG00000100273	Ensembl.UCSC:2208[1>0]
uc292sfe.1	Ensembl.UCSC:2209[1]	ENSMUSG00000095950	Ensembl.UCSC:2209[1>0]
uc292sfi.1	Ensembl.UCSC:2212[1]	ENSMUSG00000100369	Ensembl.UCSC:2212[1>0]
uc292sfj.1	Ensembl.UCSC:2213[1]	ENSMUSG00000075359	Ensembl.UCSC:2213[1>0]
uc292sfk.1	Ensembl.UCSC:2214[1]	ENSMUSG00000099668	Ensembl.UCSC:2214[1>0]
uc292sfl.1	Ensembl.UCSC:2198[1]	ENSMUSG00000100731	Ensembl.UCSC:2198[1>0]
uc292sfm.1	Ensembl.UCSC:2200[1]	ENSMUSG00000100074	Ensembl.UCSC:2200[1>0]
uc292sfn.1	Ensembl.UCSC:2201[1]	ENSMUSG00000099676	Ensembl.UCSC:2201[1>0]
uc292sfo.1	Ensembl.UCSC:2203[1]	ENSMUSG00000094813	Ensembl.UCSC:2203[1>0]
uc292sfq.1	Ensembl.UCSC:2204[1]	ENSMUSG00000099482	Ensembl.UCSC:2204[1>0]
uc292sfr.1	Ensembl.UCSC:2205[1]	ENSMUSG00000099776	Ensembl.UCSC:2205[1>0]
uc292sfs.1	Ensembl.UCSC:1363[1]	ENSMUSG00000100742	Ensembl.UCSC:1363[1>0]
uc292sft.1	Ensembl.UCSC:1364[1]	ENSMUSG00000100730	Ensembl.UCSC:1364[1>0]
uc292sfu.1	Ensembl.UCSC:1365[1]	ENSMUSG00000100567	Ensembl.UCSC:1365[1>0]
uc292sfv.1	Ensembl.UCSC:1366[1]	ENSMUSG00000094838	Ensembl.UCSC:1366[1>0]
uc292sfw.1	Ensembl.UCSC:1367[1]	ENSMUSG00000094838	Ensembl.UCSC:1367[1>0]
uc292sfx.1	Ensembl.UCSC:1368[1]	ENSMUSG00000101319	Ensembl.UCSC:1368[1>0]
uc292sfy.1	Ensembl.UCSC:1369[1]	ENSMUSG00000101789	Ensembl.UCSC:1369[1>0]
uc292sfz.1	Ensembl.UCSC:1370[1]	ENSMUSG00000100015	Ensembl.UCSC:1370[1>0]
uc292sga.1	Ensembl.UCSC:1371[1]	ENSMUSG00000099572	Ensembl.UCSC:1371[1>0]
uc292sgb.1	Ensembl.UCSC:1372[1]	ENSMUSG00000101690	Ensembl.UCSC:1372[1>0]
uc292sgc.1	Ensembl.UCSC:1373[1]	ENSMUSG00000101842	Ensembl.UCSC:1373[1>0]
uc292sgd.1	Ensembl.UCSC:1374[1]	ENSMUSG00000101871	Ensembl.UCSC:1374[1>0]
uc292sge.1	Ensembl.UCSC:1375[1]	ENSMUSG00000100919	Ensembl.UCSC:1375[1>0]
uc292sgf.1	Ensembl.UCSC:1376[1]	ENSMUSG00000101123	Ensembl.UCSC:1376[1>0]
uc292sgg.1	Ensembl.UCSC:1377[1]	ENSMUSG00000101276	Ensembl.UCSC:1377[1>0]
uc292sgh.1	Ensembl.UCSC:1378[1]	ENSMUSG00000100368	Ensembl.UCSC:1378[1>0]
uc292sgi.1	Ensembl.UCSC:1915[1]	ENSMUSG00000100231	Ensembl.UCSC:1915[1>0]
uc292sgj.1	Ensembl.UCSC:1916[1]	ENSMUSG00000101469	Ensembl.UCSC:1916[1>0]
uc292sgk.1	Ensembl.UCSC:1917[1]	ENSMUSG00000095508	Ensembl.UCSC:1917[1>0]
uc292sgl.1	Ensembl.UCSC:1918[1]	ENSMUSG00000095508	Ensembl.UCSC:1918[1>0]
uc292sgm.1	Ensembl.UCSC:1379[1]	ENSMUSG00000103330	Ensembl.UCSC:1379[1>0]
uc292sgn.1	Ensembl.UCSC:1380[1]	ENSMUSG00000104505	Ensembl.UCSC:1380[1>0]
uc292sgo.1	Ensembl.UCSC:1381[1]	ENSMUSG00000104505	Ensembl.UCSC:1381[1>0]
uc292sgp.1	Ensembl.UCSC:1382[1]	ENSMUSG00000104505	Ensembl.UCSC:1382[1>0]
uc292sgq.1	Ensembl.UCSC:1383[1]	ENSMUSG00000104468	Ensembl.UCSC:1383[1>0]
uc292sgr.1	Ensembl.UCSC:1759[1]	ENSMUSG00000094135	Ensembl.UCSC:1759[1>0]
uc292sgs.1	Ensembl.UCSC:1760[1]	ENSMUSG00000103361	Ensembl.UCSC:1760[1>0]
uc292sgt.1	Ensembl.UCSC:1761[1]	ENSMUSG00000104267	Ensembl.UCSC:1761[1>0]
uc292sgu.1	Ensembl.UCSC:1762[1]	ENSMUSG00000103352	Ensembl.UCSC:1762[1>0]
uc292sgv.1	Ensembl.UCSC:1763[1]	ENSMUSG00000102335	Ensembl.UCSC:1763[1>0]
uc292sgw.1	Ensembl.UCSC:1764[1]	ENSMUSG00000102335	Ensembl.UCSC:1764[1>0]
uc292sgy.1	Ensembl.UCSC:2318[1]	ENSMUSG00000096820	Ensembl.UCSC:2318[1>0]
uc292sha.1	Ensembl.UCSC:1765[1]	ENSMUSG00000103474	Ensembl.UCSC:1765[1>0]
uc292shc.1	Ensembl.UCSC:1767[1]	ENSMUSG00000093903	Ensembl.UCSC:1767[1>0]
uc292shd.1	Ensembl.UCSC:1769[1]	ENSMUSG00000103176	Ensembl.UCSC:1769[1>0]
uc292she.1	Ensembl.UCSC:1770[1]	ENSMUSG00000104522	Ensembl.UCSC:1770[1>0]
uc292shf.1	Ensembl.UCSC:1771[1]	ENSMUSG00000104522	Ensembl.UCSC:1771[1>0]
uc292shh.1	Ensembl.UCSC:1768[1]	ENSMUSG00000093903	Ensembl.UCSC:1768[1>0]
uc292shi.1	Ensembl.UCSC:1772[1]	ENSMUSG00000102177	Ensembl.UCSC:1772[1>0]
uc292shj.1	Ensembl.UCSC:1773[1]	ENSMUSG00000102177	Ensembl.UCSC:1773[1>0]
uc292shk.1	Ensembl.UCSC:1774[1]	ENSMUSG00000102177	Ensembl.UCSC:1774[1>0]
uc292shl.1	Ensembl.UCSC:1775[1]	ENSMUSG00000102346	Ensembl.UCSC:1775[1>0]
uc292shm.1	Ensembl.UCSC:1776[1]	ENSMUSG00000102346	Ensembl.UCSC:1776[1>0]
uc292sho.1	Ensembl.UCSC:2325[1]	ENSMUSG00000095900	Ensembl.UCSC:2325[1>0]
uc292shq.1	Ensembl.UCSC:1777[1]	ENSMUSG00000102174	Ensembl.UCSC:1777[1>0]
uc292shr.1	Ensembl.UCSC:1778[1]	ENSMUSG00000102583	Ensembl.UCSC:1778[1>0]
uc292shs.1	Ensembl.UCSC:1779[1]	ENSMUSG00000104048	Ensembl.UCSC:1779[1>0]
uc292sht.1	Ensembl.UCSC:1780[1]	ENSMUSG00000104404	Ensembl.UCSC:1780[1>0]
uc292shu.1	Ensembl.UCSC:1781[1]	ENSMUSG00000102799	Ensembl.UCSC:1781[1>0]
uc292shv.1	Ensembl.UCSC:1782[1]	ENSMUSG00000102613	Ensembl.UCSC:1782[1>0]
uc292shw.1	Ensembl.UCSC:1783[1]	ENSMUSG00000103524	Ensembl.UCSC:1783[1>0]
uc292shy.1	Ensembl.UCSC:2443[1]	ENSMUSG00000103681	Ensembl.UCSC:2443[1>0]
uc292shz.1	Ensembl.UCSC:2444[1]	ENSMUSG00000103681	Ensembl.UCSC:2444[1>0]
uc292sia.1	Ensembl.UCSC:2446[1]	ENSMUSG00000104409	Ensembl.UCSC:2446[1>0]
uc292sib.1	Ensembl.UCSC:2449[1]	ENSMUSG00000104409	Ensembl.UCSC:2449[1>0]
uc292sic.1	Ensembl.UCSC:2451[1]	ENSMUSG00000104409	Ensembl.UCSC:2451[1>0]
uc292sid.1	Ensembl.UCSC:2456[1]	ENSMUSG00000104127	Ensembl.UCSC:2456[1>0]
uc292sie.1	Ensembl.UCSC:2461[1]	ENSMUSG00000103872	Ensembl.UCSC:2461[1>0]
uc292sif.1	Ensembl.UCSC:2462[1]	ENSMUSG00000103872	Ensembl.UCSC:2462[1>0]
uc292sig.1	Ensembl.UCSC:2464[1]	ENSMUSG00000102787	Ensembl.UCSC:2464[1>0]
uc292sih.1	Ensembl.UCSC:2465[1]	ENSMUSG00000102787	Ensembl.UCSC:2465[1>0]
uc292sii.1	Ensembl.UCSC:2590[1]	ENSMUSG00000104499	Ensembl.UCSC:2590[1>0]
uc292sij.1	Ensembl.UCSC:2591[1]	ENSMUSG00000104499	Ensembl.UCSC:2591[1>0]
uc292sik.1	Ensembl.UCSC:2595[1]	ENSMUSG00000103431	Ensembl.UCSC:2595[1>0]
uc292sil.1	Ensembl.UCSC:2597[1]	ENSMUSG00000103431	Ensembl.UCSC:2597[1>0]
uc292sim.1	Ensembl.UCSC:2089[1]	ENSMUSG00000104191	Ensembl.UCSC:2089[1>0]
uc292sin.1	Ensembl.UCSC:2092[1]	ENSMUSG00000102492	Ensembl.UCSC:2092[1>0]
uc292sio.1	Ensembl.UCSC:2601[1]	ENSMUSG00000104260	Ensembl.UCSC:2601[1>0]
uc292sip.1	Ensembl.UCSC:1384[1]	ENSMUSG00000102251	Ensembl.UCSC:1384[1>0]
uc292siq.1	Ensembl.UCSC:1386[1]	ENSMUSG00000102251	Ensembl.UCSC:1386[1>0]
uc292sir.1	Ensembl.UCSC:1385[1]	ENSMUSG00000102251	Ensembl.UCSC:1385[1>0]
uc292sis.1	Ensembl.UCSC:1387[1]	ENSMUSG00000102366	Ensembl.UCSC:1387[1>0]
uc292sit.1	Ensembl.UCSC:1388[1]	ENSMUSG00000103909	Ensembl.UCSC:1388[1>0]
uc292siu.1	Ensembl.UCSC:1389[1]	ENSMUSG00000102835	Ensembl.UCSC:1389[1>0]
uc292siv.1	Ensembl.UCSC:1391[1]	ENSMUSG00000102835	Ensembl.UCSC:1391[1>0]
uc292siw.1	Ensembl.UCSC:1390[1]	ENSMUSG00000102835	Ensembl.UCSC:1390[1>0]
uc292six.1	Ensembl.UCSC:1392[1]	ENSMUSG00000103943	Ensembl.UCSC:1392[1>0]
uc292siy.1	Ensembl.UCSC:1394[1]	ENSMUSG00000103943	Ensembl.UCSC:1394[1>0]
uc292siz.1	Ensembl.UCSC:1393[1]	ENSMUSG00000103943	Ensembl.UCSC:1393[1>0]
uc292sja.1	Ensembl.UCSC:1395[1]	ENSMUSG00000102624	Ensembl.UCSC:1395[1>0]
uc292sjb.1	Ensembl.UCSC:1396[1]	ENSMUSG00000102138	Ensembl.UCSC:1396[1>0]
uc292sjc.1	Ensembl.UCSC:1397[1]	ENSMUSG00000102138	Ensembl.UCSC:1397[1>0]
uc292sjd.1	Ensembl.UCSC:1398[1]	ENSMUSG00000102582	Ensembl.UCSC:1398[1>0]
uc292sje.1	Ensembl.UCSC:1399[1]	ENSMUSG00000102582	Ensembl.UCSC:1399[1>0]
uc292sjf.1	Ensembl.UCSC:1400[1]	ENSMUSG00000103666	Ensembl.UCSC:1400[1>0]
uc292sjg.1	Ensembl.UCSC:1401[1]	ENSMUSG00000104207	Ensembl.UCSC:1401[1>0]
uc292sjh.1	Ensembl.UCSC:1402[1]	ENSMUSG00000102392	Ensembl.UCSC:1402[1>0]
uc292sji.1	Ensembl.UCSC:1403[1]	ENSMUSG00000102392	Ensembl.UCSC:1403[1>0]
uc292sjj.1	Ensembl.UCSC:1404[1]	ENSMUSG00000102392	Ensembl.UCSC:1404[1>0]
uc292sjk.1	Ensembl.UCSC:1405[1]	ENSMUSG00000095172	Ensembl.UCSC:1405[1>0]
uc292sjl.1	Ensembl.UCSC:1407[1]	ENSMUSG00000102754	Ensembl.UCSC:1407[1>0]
uc292sjm.1	Ensembl.UCSC:1408[1]	ENSMUSG00000103167	Ensembl.UCSC:1408[1>0]
uc292sjn.1	Ensembl.UCSC:1409[1]	ENSMUSG00000102387	Ensembl.UCSC:1409[1>0]
uc292sjo.1	Ensembl.UCSC:1410[1]	ENSMUSG00000102208	Ensembl.UCSC:1410[1>0]
uc292sjp.1	Ensembl.UCSC:1411[1]	ENSMUSG00000102265	Ensembl.UCSC:1411[1>0]
uc292sjq.1	Ensembl.UCSC:1412[1]	ENSMUSG00000104490	Ensembl.UCSC:1412[1>0]
uc292sjr.1	Ensembl.UCSC:1413[1]	ENSMUSG00000103112	Ensembl.UCSC:1413[1>0]
uc292sjs.1	Ensembl.UCSC:1414[1]	ENSMUSG00000103234	Ensembl.UCSC:1414[1>0]
uc292sjt.1	Ensembl.UCSC:1415[1]	ENSMUSG00000102288	Ensembl.UCSC:1415[1>0]
uc292sju.1	Ensembl.UCSC:1416[1]	ENSMUSG00000103417	Ensembl.UCSC:1416[1>0]
uc292sjv.1	Ensembl.UCSC:1417[1]	ENSMUSG00000094829	Ensembl.UCSC:1417[1>0]
uc292sjw.1	Ensembl.UCSC:1418[1]	ENSMUSG00000094829	Ensembl.UCSC:1418[1>0]
uc292sjx.1	Ensembl.UCSC:1751[1]	ENSMUSG00000104510	Ensembl.UCSC:1751[1>0]
uc292sjy.1	Ensembl.UCSC:1754[1]	ENSMUSG00000103602	Ensembl.UCSC:1754[1>0]
uc292sjz.1	Ensembl.UCSC:1755[1]	ENSMUSG00000102586	Ensembl.UCSC:1755[1>0]
uc292ska.1	Ensembl.UCSC:1756[1]	ENSMUSG00000102586	Ensembl.UCSC:1756[1>0]
uc292skb.1	Ensembl.UCSC:1757[1]	ENSMUSG00000102586	Ensembl.UCSC:1757[1>0]
uc292skc.1	Ensembl.UCSC:1723[1]	ENSMUSG00000102170	Ensembl.UCSC:1723[1>0]
uc292skd.1	Ensembl.UCSC:1725[1]	ENSMUSG00000102421	Ensembl.UCSC:1725[1>0]
uc292ske.1	Ensembl.UCSC:1726[1]	ENSMUSG00000104032	Ensembl.UCSC:1726[1>0]
uc292skf.1	Ensembl.UCSC:1727[1]	ENSMUSG00000102400	Ensembl.UCSC:1727[1>0]
uc292skg.1	Ensembl.UCSC:1728[1]	ENSMUSG00000102520	Ensembl.UCSC:1728[1>0]
uc292skh.1	Ensembl.UCSC:1729[1]	ENSMUSG00000102520	Ensembl.UCSC:1729[1>0]
uc292skj.1	Ensembl.UCSC:1730[1]	ENSMUSG00000102726	Ensembl.UCSC:1730[1>0]
uc292skk.1	Ensembl.UCSC:1731[1]	ENSMUSG00000102739	Ensembl.UCSC:1731[1>0]
uc292skl.1	Ensembl.UCSC:1734[1]	ENSMUSG00000103757	Ensembl.UCSC:1734[1>0]
uc292skn.1	Ensembl.UCSC:1735[1]	ENSMUSG00000103994	Ensembl.UCSC:1735[1>0]
uc292skp.1	Ensembl.UCSC:1738[1]	ENSMUSG00000103917	Ensembl.UCSC:1738[1>0]
uc292skq.1	Ensembl.UCSC:1739[1]	ENSMUSG00000104439	Ensembl.UCSC:1739[1>0]
uc292skr.1	Ensembl.UCSC:1740[1]	ENSMUSG00000104446	Ensembl.UCSC:1740[1>0]
uc292sks.1	Ensembl.UCSC:1741[1]	ENSMUSG00000103514	Ensembl.UCSC:1741[1>0]
uc292skt.1	Ensembl.UCSC:1742[1]	ENSMUSG00000102150	Ensembl.UCSC:1742[1>0]
uc292sku.1	Ensembl.UCSC:1743[1]	ENSMUSG00000103782	Ensembl.UCSC:1743[1>0]
uc292skv.1	Ensembl.UCSC:1744[1]	ENSMUSG00000104050	Ensembl.UCSC:1744[1>0]
uc292skw.1	Ensembl.UCSC:1745[1]	ENSMUSG00000102264	Ensembl.UCSC:1745[1>0]
uc292skx.1	Ensembl.UCSC:1899[1]	ENSMUSG00000103871	Ensembl.UCSC:1899[1>0]
uc292sky.1	Ensembl.UCSC:1900[1]	ENSMUSG00000104356	Ensembl.UCSC:1900[1>0]
uc292skz.1	Ensembl.UCSC:1901[1]	ENSMUSG00000103802	Ensembl.UCSC:1901[1>0]
uc292sla.1	Ensembl.UCSC:1902[1]	ENSMUSG00000104472	Ensembl.UCSC:1902[1>0]
uc292slc.1	Ensembl.UCSC:1903[1]	ENSMUSG00000103347	Ensembl.UCSC:1903[1>0]
uc292sld.1	Ensembl.UCSC:1904[1]	ENSMUSG00000104407	Ensembl.UCSC:1904[1>0]
uc292sle.1	Ensembl.UCSC:1905[1]	ENSMUSG00000104407	Ensembl.UCSC:1905[1>0]
uc292slf.1	Ensembl.UCSC:1906[1]	ENSMUSG00000102290	Ensembl.UCSC:1906[1>0]
uc292slg.1	Ensembl.UCSC:1907[1]	ENSMUSG00000103612	Ensembl.UCSC:1907[1>0]
uc292slh.1	Ensembl.UCSC:1908[1]	ENSMUSG00000102580	Ensembl.UCSC:1908[1>0]
uc292sli.1	Ensembl.UCSC:1909[1]	ENSMUSG00000102273	Ensembl.UCSC:1909[1>0]
uc292slj.1	Ensembl.UCSC:1910[1]	ENSMUSG00000102273	Ensembl.UCSC:1910[1>0]
uc292slk.1	Ensembl.UCSC:1911[1]	ENSMUSG00000102294	Ensembl.UCSC:1911[1>0]
uc292sll.1	Ensembl.UCSC:1912[1]	ENSMUSG00000103190	Ensembl.UCSC:1912[1>0]
uc292slm.1	Ensembl.UCSC:1913[1]	ENSMUSG00000103190	Ensembl.UCSC:1913[1>0]
uc292sln.1	Ensembl.UCSC:1419[1]	ENSMUSG00000102867	Ensembl.UCSC:1419[1>0]
uc292slo.1	Ensembl.UCSC:1421[1]	ENSMUSG00000102968	Ensembl.UCSC:1421[1>0]
uc292slp.1	Ensembl.UCSC:1420[1]	ENSMUSG00000102968	Ensembl.UCSC:1420[1>0]
uc292slq.1	Ensembl.UCSC:2086[1]	ENSMUSG00000103371	Ensembl.UCSC:2086[1>0]
uc292slr.1	Ensembl.UCSC:2088[1]	ENSMUSG00000103489	Ensembl.UCSC:2088[1>0]
uc292sls.1	Ensembl.UCSC:1422[1]	ENSMUSG00000103796	Ensembl.UCSC:1422[1>0]
uc292slt.1	Ensembl.UCSC:1423[1]	ENSMUSG00000102552	Ensembl.UCSC:1423[1>0]
uc292slu.1	Ensembl.UCSC:1424[1]	ENSMUSG00000104426	Ensembl.UCSC:1424[1>0]
uc292slv.1	Ensembl.UCSC:1425[1]	ENSMUSG00000102304	Ensembl.UCSC:1425[1>0]
uc292slw.1	Ensembl.UCSC:1426[1]	ENSMUSG00000102195	Ensembl.UCSC:1426[1>0]
uc292slx.1	Ensembl.UCSC:1428[1]	ENSMUSG00000102195	Ensembl.UCSC:1428[1>0]
uc292sly.1	Ensembl.UCSC:1427[1]	ENSMUSG00000102195	Ensembl.UCSC:1427[1>0]
uc292slz.1	Ensembl.UCSC:1429[1]	ENSMUSG00000104506	Ensembl.UCSC:1429[1>0]
uc292sma.1	Ensembl.UCSC:1430[1]	ENSMUSG00000104506	Ensembl.UCSC:1430[1>0]
uc292smb.1	Ensembl.UCSC:1431[1]	ENSMUSG00002074919	Ensembl.UCSC:1431[1>0]
uc292smc.1	Ensembl.UCSC:1432[1]	ENSMUSG00000102913	Ensembl.UCSC:1432[1>0]
uc292smd.1	Ensembl.UCSC:1433[1]	ENSMUSG00000103664	Ensembl.UCSC:1433[1>0]
uc292sme.1	Ensembl.UCSC:1434[1]	ENSMUSG00000103664	Ensembl.UCSC:1434[1>0]
uc292smf.1	Ensembl.UCSC:1435[1]	ENSMUSG00000103005	Ensembl.UCSC:1435[1>0]
uc292smg.1	Ensembl.UCSC:1436[1]	ENSMUSG00000103752	Ensembl.UCSC:1436[1>0]
uc292smh.1	Ensembl.UCSC:1437[1]	ENSMUSG00000103752	Ensembl.UCSC:1437[1>0]
uc292smi.1	Ensembl.UCSC:1438[1]	ENSMUSG00000102551	Ensembl.UCSC:1438[1>0]
uc292smj.1	Ensembl.UCSC:1439[1]	ENSMUSG00000102255	Ensembl.UCSC:1439[1>0]
uc292smk.1	Ensembl.UCSC:1440[1]	ENSMUSG00000103365	Ensembl.UCSC:1440[1>0]
uc292sml.1	Ensembl.UCSC:1441[1]	ENSMUSG00000103829	Ensembl.UCSC:1441[1>0]
uc292smm.1	Ensembl.UCSC:1442[1]	ENSMUSG00000103829	Ensembl.UCSC:1442[1>0]
uc292smn.1	Ensembl.UCSC:1443[1]	ENSMUSG00000103829	Ensembl.UCSC:1443[1>0]
uc292smo.1	Ensembl.UCSC:2191[1]	ENSMUSG00000102668	Ensembl.UCSC:2191[1>0]
uc292smp.1	Ensembl.UCSC:2194[1]	ENSMUSG00000104131	Ensembl.UCSC:2194[1>0]
uc292smq.1	Ensembl.UCSC:2195[1]	ENSMUSG00000104131	Ensembl.UCSC:2195[1>0]
uc292smr.1	Ensembl.UCSC:2196[1]	ENSMUSG00000104131	Ensembl.UCSC:2196[1>0]
uc292sms.1	Ensembl.UCSC:1444[1]	ENSMUSG00000103023	Ensembl.UCSC:1444[1>0]
uc292smt.1	Ensembl.UCSC:1445[1]	ENSMUSG00000103689	Ensembl.UCSC:1445[1>0]
uc292smu.1	Ensembl.UCSC:1446[1]	ENSMUSG00000094294	Ensembl.UCSC:1446[1>0]
uc292smv.1	Ensembl.UCSC:1447[1]	ENSMUSG00000094294	Ensembl.UCSC:1447[1>0]
uc292smw.1	Ensembl.UCSC:1449[1]	ENSMUSG00000093848	Ensembl.UCSC:1449[1>0]
uc292smx.1	Ensembl.UCSC:1450[1]	ENSMUSG00000102429	Ensembl.UCSC:1450[1>0]
uc292smy.1	Ensembl.UCSC:1452[1]	ENSMUSG00000102429	Ensembl.UCSC:1452[1>0]
uc292smz.1	Ensembl.UCSC:1451[1]	ENSMUSG00000102429	Ensembl.UCSC:1451[1>0]
uc292sna.1	Ensembl.UCSC:1453[1]	ENSMUSG00000102849	Ensembl.UCSC:1453[1>0]
uc292snb.1	Ensembl.UCSC:1454[1]	ENSMUSG00000102513	Ensembl.UCSC:1454[1>0]
uc292snc.1	Ensembl.UCSC:1455[1]	ENSMUSG00000102966	Ensembl.UCSC:1455[1>0]
uc292snd.1	Ensembl.UCSC:1456[1]	ENSMUSG00000104425	Ensembl.UCSC:1456[1>0]
uc292sne.1	Ensembl.UCSC:1458[1]	ENSMUSG00000104425	Ensembl.UCSC:1458[1>0]
uc292snf.1	Ensembl.UCSC:1457[1]	ENSMUSG00000104425	Ensembl.UCSC:1457[1>0]
uc292sng.1	Ensembl.UCSC:1459[1]	ENSMUSG00000102146	Ensembl.UCSC:1459[1>0]
uc292snh.1	Ensembl.UCSC:1460[1]	ENSMUSG00000102159	Ensembl.UCSC:1460[1>0]
uc292sni.1	Ensembl.UCSC:1461[1]	ENSMUSG00000102506	Ensembl.UCSC:1461[1>0]
uc292snj.1	Ensembl.UCSC:1462[1]	ENSMUSG00000102826	Ensembl.UCSC:1462[1>0]
uc294edf.1	Ensembl.UCSC:64083[1]	ENSMUSG00000119977	Ensembl.UCSC:64083[1>0]
uc294eoq.1	Ensembl.UCSC:64109[1]	ENSMUSG00000073569	Ensembl.UCSC:64109[1>0]
uc294esf.1	Ensembl.UCSC:137016[1]	ENSMUSG00000109495	Ensembl.UCSC:137016[1>0]
uc294gil.1	Ensembl.UCSC:78551[1]	ENSMUSG00000024901	Ensembl.UCSC:78551[1>0]
uc294gtc.1	Ensembl.UCSC:120168[1]	ENSMUSG00000040550	Ensembl.UCSC:120168[1>0]
uc294int.1	Ensembl.UCSC:104590[1]	ENSMUSG00000094695	Ensembl.UCSC:104590[1>0]
uc294ioo.1	Ensembl.UCSC:129169[1]	ENSMUSG00000121870	Ensembl.UCSC:129169[1>0]
uc294ios.1	Ensembl.UCSC:104500[1]	ENSMUSG00000118458	Ensembl.UCSC:104500[1>0]
uc294isa.1	Ensembl.UCSC:104614[1]	ENSMUSG00000095234	Ensembl.UCSC:104614[1>0]
uc294ist.1	Ensembl.UCSC:111079[1]	ENSMUSG00000025888	Ensembl.UCSC:111079[1>0]
uc294itr.1	Ensembl.UCSC:119689[1]	ENSMUSG00000095258	Ensembl.UCSC:119689[1>0]
uc294ixr.1	Ensembl.UCSC:1302[1]	ENSMUSG00000118447	Ensembl.UCSC:1302[1>0]
uc294iya.1	Ensembl.UCSC:111083[1]	ENSMUSG00000025888	Ensembl.UCSC:111083[1>0]
uc294iye.1	Ensembl.UCSC:2211[1]	ENSMUSG00000118422	Ensembl.UCSC:2211[1>0]
uc294izn.1	Ensembl.UCSC:111081[1]	ENSMUSG00000025888	Ensembl.UCSC:111081[1>0]
uc294izx.1	Ensembl.UCSC:2210[1]	ENSMUSG00000118472	Ensembl.UCSC:2210[1>0]
uc294jab.1	Ensembl.UCSC:129168[1]	ENSMUSG00000121870	Ensembl.UCSC:129168[1>0]
uc294jdd.1	Ensembl.UCSC:104571[1]	ENSMUSG00000118433	Ensembl.UCSC:104571[1>0]
uc294jef.1	Ensembl.UCSC:1282[1]	ENSMUSG00000118404	Ensembl.UCSC:1282[1>0]
uc294jfm.1	Ensembl.UCSC:128142[1]	ENSMUSG00000118434	Ensembl.UCSC:128142[1>0]
uc294jfz.1	Ensembl.UCSC:111085[1]	ENSMUSG00000025888	Ensembl.UCSC:111085[1>0]
uc294jgb.1	Ensembl.UCSC:104502[1]	ENSMUSG00000118425	Ensembl.UCSC:104502[1>0]
uc294jhl.1	Ensembl.UCSC:121013[1]	ENSMUSG00000078735	Ensembl.UCSC:121013[1>0]
uc294jhw.1	Ensembl.UCSC:130859[1]	ENSMUSG00000040729	Ensembl.UCSC:130859[1>0]
uc294jkq.1	Ensembl.UCSC:30239[1]	ENSMUSG00000118525	Ensembl.UCSC:30239[1>0]
uc294jpt.1	Ensembl.UCSC:92826[1]	ENSMUSG00000038729	Ensembl.UCSC:92826[1>0]
