name	source	ensembl_gene	ensembl_source
ENSMUSP00000000010	Ensembl:146511[2];Ensembl:146511[2>0]	ENSMUSG00000020875	CURATED:113[0];MGI:161755[13];MGI:161755[13|6>12|0];Ensembl.MGI:56367[1>0]
ENSMUSP00000000080	Ensembl:34207[2];Ensembl:34207[2>0]	ENSMUSG00000000078	CURATED:145[0];MGI:24449[13];MGI:24449[13|6>12|0];Ensembl.MGI:15408[1>0]
ENSMUSP00000000096	Ensembl:143681[2];Ensembl:143681[2>0]	ENSMUSG00000000094	CURATED:249[0];MGI:568350[13|6];MGI:568350[13|6>12|0];Ensembl.MGI:55464[1>0]
ENSMUSP00000000253	Ensembl:134214[2];Ensembl:134214[2>0]	ENSMUSG00000000247	CURATED:151[0];MGI:166743[13|6];MGI:166743[13|6>12|0];Ensembl.MGI:52419[1>0]
ENSMUSP00000000579	Ensembl:122714[2];Ensembl:122714[2>0]	ENSMUSG00000000567	CURATED:232[0];MGI:7094[13];MGI:7094[13|6>12|0];Ensembl.MGI:48228[1>0]
ENSMUSP00000000704	Ensembl:146531[2];Ensembl:146531[2>0]	ENSMUSG00000000690	CURATED:112[0];MGI:161752[13];MGI:161752[13|6>12|0];Ensembl.MGI:56372[1>0]
ENSMUSP00000000881	Ensembl:17334[2];Ensembl:17334[2>0]	ENSMUSG00000000861	CURATED:11[0];MGI:9828[13];MGI:9828[13|6>12|0];Ensembl.MGI:8348[1>0]
ENSMUSP00000000964	Ensembl:107062[2];Ensembl:107062[2>0]	ENSMUSG00000029844	CURATED:101[0];MGI:161746[13];MGI:161746[13|6>12|0];Ensembl.MGI:42933[1>0]
ENSMUSP00000001042	Ensembl:114571[2];Ensembl:114571[2>0]	ENSMUSG00000001016	CURATED:126[0];MGI:15826[13];MGI:15826[13|6>12|0];Ensembl.MGI:45539[1>0]
ENSMUSP00000001184	Ensembl:110191[2];Ensembl:110191[2>0]	ENSMUSG00000001156	CURATED:172[0];MGI:31178[13];MGI:31178[13|6>12|0];Ensembl.MGI:44100[1>0]
ENSMUSP00000001455	Ensembl:101074[2];Ensembl:101074[2>0]	ENSMUSG00000001419	CURATED:162[0];MGI:38180[13];MGI:38180[13|6>12|0];Ensembl.MGI:40776[1>0]
ENSMUSP00000001484	Ensembl:132145[2];Ensembl:132145[2>0]	ENSMUSG00000001444	CURATED:247[0];MGI:568345[13|6];MGI:568345[13|6>12|0];Ensembl.MGI:51708[1>0]
ENSMUSP00000001703	Ensembl:79943[2];Ensembl:79943[2>0]	ENSMUSG00000001657	CURATED:115[0];MGI:69132[13];MGI:69132[13|6>12|0];Ensembl.MGI:33152[1>0]
ENSMUSP00000001706	Ensembl:79926[2];Ensembl:79926[2>0]	ENSMUSG00000036139	CURATED:116[0];MGI:161762[13];MGI:161762[13|6>12|0];Ensembl.MGI:33143[1>0]
ENSMUSP00000001709	Ensembl:79916[2];Ensembl:79916[2>0]	ENSMUSG00000022485	CURATED:114[0];MGI:23124[13];MGI:23124[13|6>12|0];Ensembl.MGI:33136[1>0]
ENSMUSP00000002180	Ensembl:149082[2];Ensembl:149082[2>0]	ENSMUSG00000002111	CURATED:238[0];MGI:563961[11];MGI:564120[13|6>12|0];Ensembl.MGI:57156[1>0]
ENSMUSP00000003640	Ensembl:43347[2];Ensembl:43347[2>0]	ENSMUSG00000003545	CURATED:57[0];MGI:100518[13|6];MGI:100518[13|6>12|0];Ensembl.MGI:19215[1>0]
ENSMUSP00000003870	Ensembl:76454[2];Ensembl:76454[2>0]	ENSMUSG00000025025	CURATED:173[0];MGI:173847[13|6];MGI:173847[13|6>12|0];Ensembl.MGI:31921[1>0]
ENSMUSP00000004051	Ensembl:122071[2];Ensembl:122071[2>0]	ENSMUSG00000003949	CURATED:96[0];MGI:88194[13];MGI:88194[13|6>12|0];Ensembl.MGI:48005[1>0]
ENSMUSP00000004145	Ensembl:47695[2];Ensembl:47695[2>0]	ENSMUSG00000004043	CURATED:243[0];MGI:21438[13];MGI:21438[13|6>12|0];Ensembl.MGI:20980[1>0]
ENSMUSP00000004340	Ensembl:87697[2];Ensembl:87697[2>0]	ENSMUSG00000004231	CURATED:194[0];MGI:178758[13];MGI:178758[13|6>12|0];Ensembl.MGI:35867[1>0]
ENSMUSP00000004780	Ensembl:40316[2];Ensembl:40316[2>0]	ENSMUSG00000004661	CURATED:6[0];MGI:86648[13];MGI:28127[13|6>12|0];Ensembl.MGI:17991[1>0]
ENSMUSP00000004994	Ensembl:12877[2];Ensembl:12877[2>0]	ENSMUSG00000004872	CURATED:195[0];MGI:186225[13];MGI:186225[13|6>12|0];Ensembl.MGI:6514[1>0]
ENSMUSP00000005279	Ensembl:4085[2];Ensembl:4085[2>0]	ENSMUSG00000005148	CURATED:144[0];MGI:13049[13];MGI:13049[13|6>12|0];Ensembl.MGI:2607[1>0]
ENSMUSP00000006071	Ensembl:131612[2];Ensembl:131612[2>0]	ENSMUSG00000005917	CURATED:192[0];MGI:19210[13];MGI:19210[13|6>12|0];Ensembl.MGI:51543[1>0]
ENSMUSP00000007130	Ensembl:104985[2];Ensembl:104985[2>0]	ENSMUSG00000006932	CURATED:25[0];MGI:35392[13];MGI:35392[13|6>12|0];Ensembl.MGI:42271[1>0]
ENSMUSP00000007949	Ensembl:86219[2];Ensembl:86219[2>0]	ENSMUSG00000007805	CURATED:265[0];MGI:85832[13];MGI:85832[13|6>12|0];Ensembl.MGI:35324[1>0]
ENSMUSP00000008016	Ensembl:60834[2];Ensembl:60834[2>0]	ENSMUSG00000007872	CURATED:122[0];MGI:162778[13];MGI:162773[13|6>12|0];Ensembl.MGI:26204[1>0]
ENSMUSP00000008542	Ensembl:26059[2];Ensembl:26059[2>0]	ENSMUSG00000008398	CURATED:43[0];MGI:78039[13];MGI:78039[13|6>12|0];Ensembl.MGI:11960[1>0]
ENSMUSP00000009392	Ensembl:139326[2];Ensembl:139326[2>0]	ENSMUSG00000009248	CURATED:8[0];MGI:8517[13];MGI:8517[13|6>12|0];Ensembl.MGI:54127[1>0]
ENSMUSP00000012540	Ensembl:128974[2];Ensembl:128974[2>0]	ENSMUSG00000012396	CURATED:177[0];MGI:8264[13];MGI:8264[13|6>12|0];Ensembl.MGI:50530[1>0]
ENSMUSP00000014174	Ensembl:109053[2];Ensembl:109053[2>0]	ENSMUSG00000014030	CURATED:196[0];MGI:186229[13];MGI:186229[13|6>12|0];Ensembl.MGI:43728[1>0]
ENSMUSP00000015003	Ensembl:85385[2];Ensembl:85385[2>0]	ENSMUSG00000014859	CURATED:34[0];MGI:7043[13];MGI:7043[13|6>12|0];Ensembl.MGI:35008[1>0]
ENSMUSP00000015197	Ensembl:9350[2];Ensembl:9350[2>0]	ENSMUSG00000015053	CURATED:76[0];MGI:101199[13];MGI:101199[13|6>12|0];Ensembl.MGI:4965[1>0]
ENSMUSP00000015723	Ensembl:46931[2];Ensembl:46931[2>0]	ENSMUSG00000015579	CURATED:186[0];MGI:65137[13];MGI:65137[13|6>12|0];Ensembl.MGI:20628[1>0]
ENSMUSP00000015771	Ensembl:143342[2];Ensembl:143342[2>0]	ENSMUSG00000015627	CURATED:79[0];MGI:101207[13|6];MGI:101207[13|6>12|0];Ensembl.MGI:55378[1>0]
ENSMUSP00000015987	Ensembl:92180[2];Ensembl:92180[2>0]	ENSMUSG00000015843	CURATED:218[0];MGI:563075[13|6];MGI:563075[13|6>12|0];Ensembl.MGI:37484[1>0]
ENSMUSP00000016231	Ensembl:12290[2];Ensembl:12290[2>0]	ENSMUSG00000016087	CURATED:55[0];MGI:100266[13];MGI:100266[13|6>12|0];Ensembl.MGI:6240[1>0]
ENSMUSP00000018094	Ensembl:96698[2];Ensembl:96698[2>0]	ENSMUSG00000017950	CURATED:99[0];MGI:161644[13];MGI:161644[13|6>12|0];Ensembl.MGI:39104[1>0]
ENSMUSP00000018407	Ensembl:102736[2];Ensembl:102736[2>0]	ENSMUSG00000018263	CURATED:250[0];MGI:568351[13|6];MGI:568351[13|6>12|0];Ensembl.MGI:41372[1>0]
ENSMUSP00000018748	Ensembl:102618[2];Ensembl:102618[2>0]	ENSMUSG00000018604	CURATED:248[0];MGI:79417[13];MGI:79417[13|6>12|0];Ensembl.MGI:41341[1>0]
ENSMUSP00000018798	Ensembl:133412[2];Ensembl:133412[2>0]	ENSMUSG00000018654	CURATED:124[0];MGI:15595[13];MGI:15595[13|6>12|0];Ensembl.MGI:52129[1>0]
ENSMUSP00000018842	Ensembl:102247[2];Ensembl:102247[2>0]	ENSMUSG00000018698	CURATED:150[0];MGI:166741[13|6];MGI:166741[13|6>12|0];Ensembl.MGI:41228[1>0]
ENSMUSP00000019043	Ensembl:143338[2];Ensembl:143338[2>0]	ENSMUSG00000018899	CURATED:127[0];MGI:29446[13];MGI:29446[13|6>12|0];Ensembl.MGI:55376[1>0]
ENSMUSP00000019117	Ensembl:146546[2];Ensembl:146546[2>0]	ENSMUSG00000018973	CURATED:109[0];MGI:161759[13];MGI:161759[13|6>12|0];Ensembl.MGI:56380[1>0]
ENSMUSP00000019708	Ensembl:99659[2];Ensembl:99659[2>0]	ENSMUSG00000019564	CURATED:5[0];MGI:86647[13];MGI:28126[13|6>12|0];Ensembl.MGI:40192[1>0]
ENSMUSP00000020106	Ensembl:18463[2];Ensembl:18463[2>0]	ENSMUSG00000019947	CURATED:7[0];MGI:14866[13];MGI:14866[13|6>12|0];Ensembl.MGI:8855[1>0]
ENSMUSP00000020158	Ensembl:72953[2];Ensembl:72953[2>0]	ENSMUSG00000019982	CURATED:174[0];MGI:25180[13];MGI:25180[13|6>12|0];Ensembl.MGI:30669[1>0]
ENSMUSP00000020161	Ensembl:99119[2];Ensembl:99119[2>0]	ENSMUSG00000019987	CURATED:4[0];MGI:23370[13];MGI:23370[13|6>12|0];Ensembl.MGI:40009[1>0]
ENSMUSP00000020377	Ensembl:89389[2];Ensembl:89389[2>0]	ENSMUSG00000020167	CURATED:253[0];MGI:20040[13];MGI:20040[13|6>12|0];Ensembl.MGI:36510[1>0]
ENSMUSP00000020379	Ensembl:89392[2];Ensembl:89392[2>0]	ENSMUSG00000020167	CURATED:253[0];MGI:20040[13];MGI:20040[13|6>12|0];Ensembl.MGI:36510[1>0]
ENSMUSP00000020974	Ensembl:13346[2];Ensembl:13346[2>0]	ENSMUSG00000020644	CURATED:121[0];MGI:23321[13];MGI:23321[13|6>12|0];Ensembl.MGI:6782[1>0]
ENSMUSP00000021513	Ensembl:42527[2];Ensembl:42527[2>0]	ENSMUSG00000021095	CURATED:85[0];MGI:159342[13|6];MGI:159342[13|6>12|0];Ensembl.MGI:18867[1>0]
ENSMUSP00000021674	Ensembl:4928[2];Ensembl:4928[2>0]	ENSMUSG00000021250	CURATED:56[0];MGI:69032[13];MGI:69032[13|6>12|0];Ensembl.MGI:2975[1>0]
ENSMUSP00000021784	Ensembl:18305[2];Ensembl:18305[2>0]	ENSMUSG00000021356	CURATED:128[0];MGI:23965[13];MGI:23965[13|6>12|0];Ensembl.MGI:8764[1>0]
ENSMUSP00000021787	Ensembl:2867[2];Ensembl:2867[2>0]	ENSMUSG00000021359	CURATED:256[0];MGI:27775[13];MGI:27775[13|6>12|0];Ensembl.MGI:2024[1>0]
ENSMUSP00000021922	Ensembl:24127[2];Ensembl:24127[2>0]	ENSMUSG00000021469	CURATED:171[0];MGI:33830[13];MGI:33830[13|6>12|0];Ensembl.MGI:11182[1>0]
ENSMUSP00000021968	Ensembl:47399[2];Ensembl:47399[2>0]	ENSMUSG00000021506	CURATED:199[0];MGI:188323[13];MGI:187374[13|6>12|0];Ensembl.MGI:20861[1>0]
ENSMUSP00000022637	Ensembl:20444[2];Ensembl:20444[2>0]	ENSMUSG00000022053	CURATED:36[0];MGI:70178[13];MGI:70178[13|6>12|0];Ensembl.MGI:9696[1>0]
ENSMUSP00000022971	Ensembl:8533[2];Ensembl:8533[2>0]	ENSMUSG00000022346	CURATED:176[0];MGI:29060[13];MGI:29060[13|6>12|0];Ensembl.MGI:4600[1>0]
ENSMUSP00000023171	Ensembl:90329[2];Ensembl:90329[2>0]	ENSMUSG00000022528	CURATED:89[0];MGI:162020[13];MGI:160801[13|6>12|0];Ensembl.MGI:36794[1>0]
ENSMUSP00000023356	Ensembl:74962[2];Ensembl:74962[2>0]	ENSMUSG00000022676	CURATED:222[0];MGI:565510[13];MGI:565510[13|6>12|0];Ensembl.MGI:31353[1>0]
ENSMUSP00000023612	Ensembl:29745[2];Ensembl:29745[2>0]	ENSMUSG00000022895	CURATED:50[0];MGI:29672[13];MGI:29672[13|6>12|0];Ensembl.MGI:13398[1>0]
ENSMUSP00000023673	Ensembl:14348[2];Ensembl:14348[2>0]	ENSMUSG00000022952	CURATED:213[0];MGI:24709[13];MGI:24709[13|6>12|0];Ensembl.MGI:7196[1>0]
ENSMUSP00000024543	Ensembl:144777[2];Ensembl:144777[2>0]	ENSMUSG00000023781	CURATED:93[0];MGI:160806[13|6];MGI:160806[13|6>12|0];Ensembl.MGI:55803[1>0]
ENSMUSP00000024885	Ensembl:97378[2];Ensembl:97378[2>0]	ENSMUSG00000024081	CURATED:21[0];MGI:26111[13];MGI:26111[13|6>12|0];Ensembl.MGI:39416[1>0]
ENSMUSP00000024954	Ensembl:103475[2];Ensembl:103475[2>0]	ENSMUSG00000024140	CURATED:47[0];MGI:98321[13|6];MGI:98321[13|6>12|0];Ensembl.MGI:41688[1>0]
ENSMUSP00000025069	Ensembl:48092[2];Ensembl:48092[2>0]	ENSMUSG00000063889	CURATED:24[0];MGI:64827[13|6];MGI:64827[13|6>12|0];Ensembl.MGI:21105[1>0]
ENSMUSP00000025081	Ensembl:51190[2];Ensembl:51190[2>0]	ENSMUSG00000024238	CURATED:271[0];MGI:10768[13];MGI:10768[13|6>12|0];Ensembl.MGI:22292[1>0]
ENSMUSP00000025521	Ensembl:3968[2];Ensembl:3968[2>0]	ENSMUSG00000024619	CURATED:14[0];MGI:40019[13];MGI:40019[13|6>12|0];Ensembl.MGI:2555[1>0]
ENSMUSP00000025718	Ensembl:18955[2];Ensembl:18955[2>0]	ENSMUSG00000024803	CURATED:3[0];MGI:27386[13];MGI:27386[13|6>12|0];Ensembl.MGI:9104[1>0]
ENSMUSP00000025944	Ensembl:75338[2];Ensembl:75338[2>0]	ENSMUSG00000024986	CURATED:95[0];MGI:160896[13];MGI:160895[13|6>12|0];Ensembl.MGI:31512[1>0]
ENSMUSP00000025998	Ensembl:76457[2];Ensembl:76457[2>0]	ENSMUSG00000025025	CURATED:173[0];MGI:173847[13|6];MGI:173847[13|6>12|0];Ensembl.MGI:31921[1>0]
ENSMUSP00000026367	Ensembl:27598[2];Ensembl:27598[2>0]	ENSMUSG00000025323	CURATED:234[0];MGI:15238[13];MGI:15238[13|6>12|0];Ensembl.MGI:12581[1>0]
ENSMUSP00000026571	Ensembl:145023[2];Ensembl:145023[2>0]	ENSMUSG00000025498	CURATED:129[0];MGI:164545[13|6];MGI:164545[13|6>12|0];Ensembl.MGI:55857[1>0]
ENSMUSP00000026703	Ensembl:35804[2];Ensembl:35804[2>0]	ENSMUSG00000025612	CURATED:9[0];MGI:15849[13];MGI:15849[13|6>12|0];Ensembl.MGI:16078[1>0]
ENSMUSP00000027035	Ensembl:101937[2];Ensembl:101937[2>0]	ENSMUSG00000025902	CURATED:225[0];MGI:566108[13|6];MGI:566108[13|6>12|0];Ensembl.MGI:41126[1>0]
ENSMUSP00000027146	Ensembl:97900[2];Ensembl:97900[2>0]	ENSMUSG00000025997	CURATED:125[0];MGI:19266[13];MGI:19266[13|6>12|0];Ensembl.MGI:39610[1>0]
ENSMUSP00000027277	Ensembl:28102[2];Ensembl:28102[2>0]	ENSMUSG00000062939	CURATED:242[0];MGI:566979[13|6];MGI:566979[13|6>12|0];Ensembl.MGI:12784[1>0]
ENSMUSP00000027696	Ensembl:119677[2];Ensembl:119677[2>0]	ENSMUSG00000026436	CURATED:44[0];MGI:7670[13];MGI:7670[13|6>12|0];Ensembl.MGI:47313[1>0]
ENSMUSP00000027778	Ensembl:120019[2];Ensembl:120019[2>0]	ENSMUSG00000026497	CURATED:169[0];MGI:171938[13|6];MGI:171938[13|6>12|0];Ensembl.MGI:47439[1>0]
ENSMUSP00000027850	Ensembl:137640[2];Ensembl:137640[2>0]	ENSMUSG00000026565	CURATED:200[0];MGI:10164[13];MGI:10164[13|6>12|0];Ensembl.MGI:53587[1>0]
ENSMUSP00000028003	Ensembl:92328[2];Ensembl:92328[2>0]	ENSMUSG00000026686	CURATED:154[0];MGI:86606[13];MGI:86606[13|6>12|0];Ensembl.MGI:37518[1>0]
ENSMUSP00000028156	Ensembl:29528[2];Ensembl:29528[2>0]	ENSMUSG00000026815	CURATED:83[0];MGI:101525[13|6];MGI:101525[13|6>12|0];Ensembl.MGI:13289[1>0]
ENSMUSP00000028229	Ensembl:136386[2];Ensembl:136386[2>0]	ENSMUSG00000026872	CURATED:272[0];MGI:17429[13];MGI:17429[13|6>12|0];Ensembl.MGI:53126[1>0]
ENSMUSP00000028347	Ensembl:138605[2];Ensembl:138605[2>0]	ENSMUSG00000026970	CURATED:208[0];MGI:8785[13];MGI:8785[13|6>12|0];Ensembl.MGI:53873[1>0]
ENSMUSP00000028639	Ensembl:130611[2];Ensembl:130611[2>0]	ENSMUSG00000027210	CURATED:164[0];MGI:18915[13];MGI:18915[13|6>12|0];Ensembl.MGI:51222[1>0]
ENSMUSP00000029611	Ensembl:40545[2];Ensembl:40545[2>0]	ENSMUSG00000027985	CURATED:149[0];MGI:24611[13];MGI:24611[13|6>12|0];Ensembl.MGI:18081[1>0]
ENSMUSP00000029795	Ensembl:97360[2];Ensembl:97360[2>0]	ENSMUSG00000028150	CURATED:212[0];MGI:581994[13];MGI:191921[13|6>12|0];Ensembl.MGI:39406[1>0]
ENSMUSP00000029812	Ensembl:50940[2];Ensembl:50940[2>0]	ENSMUSG00000028163	CURATED:183[0];MGI:174607[13|6];MGI:174607[13|6>12|0];Ensembl.MGI:22193[1>0]
ENSMUSP00000030391	Ensembl:125864[2];Ensembl:125864[2>0]	ENSMUSG00000028640	CURATED:257[0];MGI:20203[13];MGI:20203[13|6>12|0];Ensembl.MGI:49379[1>0]
ENSMUSP00000030489	Ensembl:122962[2];Ensembl:122962[2>0]	ENSMUSG00000028717	CURATED:245[0];MGI:161897[13];MGI:161897[13|6>12|0];Ensembl.MGI:48327[1>0]
ENSMUSP00000031017	Ensembl:114604[2];Ensembl:114604[2>0]	ENSMUSG00000029135	CURATED:58[0];MGI:100520[13|6];MGI:100520[13|6>12|0];Ensembl.MGI:45550[1>0]
ENSMUSP00000031533	Ensembl:33772[2];Ensembl:33772[2>0]	ENSMUSG00000029553	CURATED:260[0];MGI:33794[13];MGI:33794[13|6>12|0];Ensembl.MGI:15210[1>0]
ENSMUSP00000031650	Ensembl:40018[2];Ensembl:40018[2>0]	ENSMUSG00000029646	CURATED:15[0];MGI:40022[13];MGI:40022[13|6>12|0];Ensembl.MGI:17896[1>0]
ENSMUSP00000031768	Ensembl:23584[2];Ensembl:23584[2>0]	ENSMUSG00000029754	CURATED:29[0];MGI:86121[13|6];MGI:86121[13|6>12|0];Ensembl.MGI:10931[1>0]
ENSMUSP00000031787	Ensembl:107158[2];Ensembl:107158[2>0]	ENSMUSG00000005503	CURATED:54[0];MGI:98962[13];MGI:98962[13|6>12|0];Ensembl.MGI:42962[1>0]
ENSMUSP00000032760	Ensembl:56493[2];Ensembl:56493[2>0]	ENSMUSG00000030544	CURATED:167[0];MGI:169333[13|6];MGI:169333[13|6>12|0];Ensembl.MGI:24435[1>0]
ENSMUSP00000032768	Ensembl:32556[2];Ensembl:32556[2>0]	ENSMUSG00000030551	CURATED:189[0];MGI:17767[13];MGI:17767[13|6>12|0];Ensembl.MGI:14680[1>0]
ENSMUSP00000032776	Ensembl:29176[2];Ensembl:29176[2>0]	ENSMUSG00000030557	CURATED:160[0];MGI:18849[13];MGI:18849[13|6>12|0];Ensembl.MGI:13170[1>0]
ENSMUSP00000032961	Ensembl:24262[2];Ensembl:24262[2>0]	ENSMUSG00000030717	CURATED:190[0];MGI:7815[13];MGI:7815[13|6>12|0];Ensembl.MGI:11233[1>0]
ENSMUSP00000033378	Ensembl:144781[2];Ensembl:144781[2>0]	ENSMUSG00000010476	CURATED:37[0];MGI:10727[13];MGI:10727[13|6>12|0];Ensembl.MGI:55806[1>0]
ENSMUSP00000033502	Ensembl:81423[2];Ensembl:81423[2>0]	ENSMUSG00000031162	CURATED:75[0];MGI:101197[13];MGI:101197[13|6>12|0];Ensembl.MGI:33636[1>0]
ENSMUSP00000033689	Ensembl:97375[2];Ensembl:97375[2>0]	ENSMUSG00000031326	CURATED:16[0];MGI:40024[13];MGI:40024[13|6>12|0];Ensembl.MGI:39413[1>0]
ENSMUSP00000034184	Ensembl:54220[2];Ensembl:54220[2>0]	ENSMUSG00000031737	CURATED:133[0];MGI:164576[13|6];MGI:164576[13|6>12|0];Ensembl.MGI:23571[1>0]
ENSMUSP00000034342	Ensembl:111499[2];Ensembl:111499[2>0]	ENSMUSG00000054400	CURATED:22[0];MGI:4908[13];MGI:4908[13|6>12|0];Ensembl.MGI:44591[1>0]
ENSMUSP00000034534	Ensembl:12673[2];Ensembl:12673[2>0]	ENSMUSG00000032035	CURATED:49[0];MGI:23218[13];MGI:23218[13|6>12|0];Ensembl.MGI:6430[1>0]
ENSMUSP00000034766	Ensembl:99622[2];Ensembl:99622[2>0]	ENSMUSG00000032238	CURATED:210[0];MGI:18025[13];MGI:18025[13|6>12|0];Ensembl.MGI:40181[1>0]
ENSMUSP00000034820	Ensembl:131508[2];Ensembl:131508[2>0]	ENSMUSG00000032280	CURATED:261[0];MGI:9149[13];MGI:9149[13|6>12|0];Ensembl.MGI:51520[1>0]
ENSMUSP00000034982	Ensembl:53331[2];Ensembl:53331[2>0]	ENSMUSG00000032411	CURATED:259[0];MGI:3705[13];MGI:3705[13|6>12|0];Ensembl.MGI:23152[1>0]
ENSMUSP00000035020	Ensembl:101829[2];Ensembl:101829[2>0]	ENSMUSG00000032446	CURATED:46[0];MGI:37628[13];MGI:37628[13|6>12|0];Ensembl.MGI:41076[1>0]
ENSMUSP00000035423	Ensembl:146533[2];Ensembl:146533[2>0]	ENSMUSG00000038700	CURATED:111[0];MGI:23989[13];MGI:23989[13|6>12|0];Ensembl.MGI:56373[1>0]
ENSMUSP00000035539	Ensembl:28326[2];Ensembl:28326[2>0]	ENSMUSG00000008193	CURATED:239[0];MGI:566396[13|6];MGI:566396[13|6>12|0];Ensembl.MGI:12867[1>0]
ENSMUSP00000035650	Ensembl:137007[2];Ensembl:137007[2>0]	ENSMUSG00000034762	CURATED:84[0];MGI:101703[13|6];MGI:101703[13|6>12|0];Ensembl.MGI:53339[1>0]
ENSMUSP00000036585	Ensembl:88994[2];Ensembl:88994[2>0]	ENSMUSG00000039656	CURATED:217[0];MGI:26958[13];MGI:26958[13|6>12|0];Ensembl.MGI:36374[1>0]
ENSMUSP00000036952	Ensembl:78089[2];Ensembl:78089[2>0]	ENSMUSG00000038415	CURATED:74[0];MGI:160829[13];MGI:100571[13|6>12|0];Ensembl.MGI:32509[1>0]
ENSMUSP00000037966	Ensembl:17517[2];Ensembl:17517[2>0]	ENSMUSG00000041272	CURATED:262[0];MGI:5001[13];MGI:5001[13|6>12|0];Ensembl.MGI:8422[1>0]
ENSMUSP00000038351	Ensembl:39518[2];Ensembl:39518[2>0]	ENSMUSG00000034227	CURATED:67[0];MGI:160835[13];MGI:100548[13|6>12|0];Ensembl.MGI:17680[1>0]
ENSMUSP00000039012	Ensembl:106552[2];Ensembl:106552[2>0]	ENSMUSG00000038253	CURATED:106[0];MGI:161743[13];MGI:161743[13|6>12|0];Ensembl.MGI:42774[1>0]
ENSMUSP00000039248	Ensembl:28439[2];Ensembl:28439[2>0]	ENSMUSG00000038151	CURATED:203[0];MGI:33074[13];MGI:33074[13|6>12|0];Ensembl.MGI:12909[1>0]
ENSMUSP00000039307	Ensembl:132099[2];Ensembl:132099[2>0]	ENSMUSG00000038560	CURATED:236[0];MGI:3678[13];MGI:3678[13|6>12|0];Ensembl.MGI:51692[1>0]
ENSMUSP00000040089	Ensembl:27597[2];Ensembl:27597[2>0]	ENSMUSG00000035799	CURATED:264[0];MGI:21475[13];MGI:21475[13|6>12|0];Ensembl.MGI:12580[1>0]
ENSMUSP00000040245	Ensembl:98214[2];Ensembl:98214[2>0]	ENSMUSG00000041515	CURATED:130[0];MGI:26535[13];MGI:26535[13|6>12|0];Ensembl.MGI:39697[1>0]
ENSMUSP00000040332	Ensembl:84164[2];Ensembl:84164[2>0]	ENSMUSG00000039476	CURATED:204[0];MGI:563131[13];MGI:189054[13|6>12|0];Ensembl.MGI:34639[1>0]
ENSMUSP00000040505	Ensembl:48972[2];Ensembl:48972[2>0]	ENSMUSG00000039377	CURATED:97[0];MGI:161411[13];MGI:161410[13|6>12|0];Ensembl.MGI:21455[1>0]
ENSMUSP00000040706	Ensembl:4966[2];Ensembl:4966[2>0]	ENSMUSG00000034266	CURATED:10[0];MGI:33662[13|6];MGI:33662[13|6>12|0];Ensembl.MGI:2994[1>0]
ENSMUSP00000040920	Ensembl:106668[2];Ensembl:106668[2>0]	ENSMUSG00000038210	CURATED:103[0];MGI:161749[13];MGI:161749[13|6>12|0];Ensembl.MGI:42815[1>0]
ENSMUSP00000041053	Ensembl:109499[2];Ensembl:109499[2>0]	ENSMUSG00000037868	CURATED:40[0];MGI:95100[13];MGI:95100[13|6>12|0];Ensembl.MGI:43871[1>0]
ENSMUSP00000041118	Ensembl:6795[2];Ensembl:6795[2>0]	ENSMUSG00000035451	CURATED:59[0];MGI:100523[13];MGI:100522[13|6>12|0];Ensembl.MGI:3792[1>0]
ENSMUSP00000041614	Ensembl:23958[2];Ensembl:23958[2>0]	ENSMUSG00000039158	CURATED:1[0];MGI:25346[13];MGI:25346[13|6>12|0];Ensembl.MGI:11106[1>0]
ENSMUSP00000041774	Ensembl:63561[2];Ensembl:63561[2>0]	ENSMUSG00000005836	CURATED:80[0];MGI:20306[13];MGI:20306[13|6>12|0];Ensembl.MGI:27318[1>0]
ENSMUSP00000041953	Ensembl:22809[2];Ensembl:22809[2>0]	ENSMUSG00000039521	CURATED:73[0];MGI:564093[13];MGI:100569[13|6>12|0];Ensembl.MGI:10638[1>0]
ENSMUSP00000041999	Ensembl:91079[2];Ensembl:91079[2>0]	ENSMUSG00000040726	CURATED:94[0];MGI:192700[13];MGI:160807[13|6>12|0];Ensembl.MGI:37095[1>0]
ENSMUSP00000042512	Ensembl:45130[2];Ensembl:45130[2>0]	ENSMUSG00000036602	CURATED:2[0];MGI:23565[13];MGI:23565[13|6>12|0];Ensembl.MGI:19924[1>0]
ENSMUSP00000043587	Ensembl:32401[2];Ensembl:32401[2>0]	ENSMUSG00000036144	CURATED:166[0];MGI:25147[13];MGI:25147[13|6>12|0];Ensembl.MGI:14621[1>0]
ENSMUSP00000043616	Ensembl:122276[2];Ensembl:122276[2>0]	ENSMUSG00000038765	CURATED:155[0];MGI:162767[13];MGI:162767[13|6>12|0];Ensembl.MGI:48073[1>0]
ENSMUSP00000044317	Ensembl:16766[2];Ensembl:16766[2>0]	ENSMUSG00000041649	CURATED:147[0];MGI:19372[13];MGI:19372[13|6>12|0];Ensembl.MGI:8105[1>0]
ENSMUSP00000044459	Ensembl:41069[2];Ensembl:41069[2>0]	ENSMUSG00000035158	CURATED:168[0];MGI:36378[13];MGI:36378[13|6>12|0];Ensembl.MGI:18273[1>0]
ENSMUSP00000044612	Ensembl:18716[2];Ensembl:18716[2>0]	ENSMUSG00000038872	CURATED:273[0];MGI:18658[13];MGI:18658[13|6>12|0];Ensembl.MGI:8975[1>0]
ENSMUSP00000044809	Ensembl:80324[2];Ensembl:80324[2>0]	ENSMUSG00000079277	CURATED:117[0];MGI:161770[13];MGI:161770[13|6>12|0];Ensembl.MGI:33292[1>0]
ENSMUSP00000044879	Ensembl:48295[2];Ensembl:48295[2>0]	ENSMUSG00000042258	CURATED:134[0];MGI:164620[13|6];MGI:164620[13|6>12|0];Ensembl.MGI:21206[1>0]
ENSMUSP00000044938	Ensembl:41066[2];Ensembl:41066[2>0]	ENSMUSG00000035158	CURATED:168[0];MGI:36378[13];MGI:36378[13|6>12|0];Ensembl.MGI:18273[1>0]
ENSMUSP00000044983	Ensembl:31496[2];Ensembl:31496[2>0]	ENSMUSG00000038193	CURATED:88[0];MGI:23277[13];MGI:23277[13|6>12|0];Ensembl.MGI:14192[1>0]
ENSMUSP00000045639	Ensembl:2424[2];Ensembl:2424[2>0]	ENSMUSG00000033863	CURATED:148[0];MGI:8015[13];MGI:8015[13|6>12|0];Ensembl.MGI:1758[1>0]
ENSMUSP00000045918	Ensembl:133742[2];Ensembl:133742[2>0]	ENSMUSG00000037025	CURATED:60[0];MGI:161639[13];MGI:100524[13|6>12|0];Ensembl.MGI:52284[1>0]
ENSMUSP00000046010	Ensembl:109801[2];Ensembl:109801[2>0]	ENSMUSG00000034041	CURATED:156[0];MGI:167938[13];MGI:167938[13|6>12|0];Ensembl.MGI:43975[1>0]
ENSMUSP00000046515	Ensembl:52369[2];Ensembl:52369[2>0]	ENSMUSG00000036461	CURATED:41[0];MGI:95329[13|6];MGI:95329[13|6>12|0];Ensembl.MGI:22758[1>0]
ENSMUSP00000046789	Ensembl:78138[2];Ensembl:78138[2>0]	ENSMUSG00000038402	CURATED:66[0];MGI:100236[13];MGI:100236[13|6>12|0];Ensembl.MGI:32530[1>0]
ENSMUSP00000046939	Ensembl:106596[2];Ensembl:106596[2>0]	ENSMUSG00000038227	CURATED:108[0];MGI:161747[13];MGI:161747[13|6>12|0];Ensembl.MGI:42788[1>0]
ENSMUSP00000046974	Ensembl:133411[2];Ensembl:133411[2>0]	ENSMUSG00000018654	CURATED:124[0];MGI:15595[13];MGI:15595[13|6>12|0];Ensembl.MGI:52129[1>0]
ENSMUSP00000046999	Ensembl:106232[2];Ensembl:106232[2>0]	ENSMUSG00000037335	CURATED:87[0];MGI:95115[13];MGI:95115[13|6>12|0];Ensembl.MGI:42668[1>0]
ENSMUSP00000047597	Ensembl:50144[2];Ensembl:50144[2>0]	ENSMUSG00000036192	CURATED:211[0];MGI:162214[13];MGI:162214[13|6>12|0];Ensembl.MGI:21910[1>0]
ENSMUSP00000047949	Ensembl:80909[2];Ensembl:80909[2>0]	ENSMUSG00000101174	CURATED:118[0];MGI:161771[13];MGI:161771[13|6>12|0];Ensembl.MGI:33466[1>0]
ENSMUSP00000048002	Ensembl:146535[2];Ensembl:146535[2>0]	ENSMUSG00000038692	CURATED:110[0];MGI:161756[13];MGI:161756[13|6>12|0];Ensembl.MGI:56375[1>0]
ENSMUSP00000048508	Ensembl:75930[2];Ensembl:75930[2>0]	ENSMUSG00000034486	CURATED:81[0];MGI:101257[13];MGI:101257[13|6>12|0];Ensembl.MGI:31749[1>0]
ENSMUSP00000048648	Ensembl:106576[2];Ensembl:106576[2>0]	ENSMUSG00000038236	CURATED:107[0];MGI:30452[13];MGI:30452[13|6>12|0];Ensembl.MGI:42779[1>0]
ENSMUSP00000048838	Ensembl:55610[2];Ensembl:55610[2>0]	ENSMUSG00000001288	CURATED:207[0];MGI:23998[13];MGI:23998[13|6>12|0];Ensembl.MGI:24073[1>0]
ENSMUSP00000050353	Ensembl:53402[2];Ensembl:53402[2>0]	ENSMUSG00000070691	CURATED:215[0];MGI:39131[13];MGI:39131[13|6>12|0];Ensembl.MGI:23185[1>0]
ENSMUSP00000050581	Ensembl:143602[2];Ensembl:143602[2>0]	ENSMUSG00000042821	CURATED:221[0];MGI:23155[13];MGI:23155[13|6>12|0];Ensembl.MGI:55430[1>0]
ENSMUSP00000050683	Ensembl:25603[2];Ensembl:25603[2>0]	ENSMUSG00000048756	CURATED:70[0];MGI:3870[13];MGI:3870[13|6>12|0];Ensembl.MGI:11783[1>0]
ENSMUSP00000050820	Ensembl:60558[2];Ensembl:60558[2>0]	ENSMUSG00000045817	CURATED:274[0];MGI:752513[13|6];MGI:752513[13|6>12|0];Ensembl.MGI:26103[1>0]
ENSMUSP00000051118	Ensembl:133325[2];Ensembl:133325[2>0]	ENSMUSG00000048001	CURATED:91[0];MGI:160804[13|6];MGI:160804[13|6>12|0];Ensembl.MGI:52088[1>0]
ENSMUSP00000051158	Ensembl:75000[2];Ensembl:75000[2>0]	ENSMUSG00000001493	CURATED:165[0];MGI:23961[13];MGI:23961[13|6>12|0];Ensembl.MGI:31361[1>0]
ENSMUSP00000051303	Ensembl:12674[2];Ensembl:12674[2>0]	ENSMUSG00000032035	CURATED:49[0];MGI:23218[13];MGI:23218[13|6>12|0];Ensembl.MGI:6430[1>0]
ENSMUSP00000052196	Ensembl:78160[2];Ensembl:78160[2>0]	ENSMUSG00000050295	CURATED:61[0];MGI:40420[13];MGI:40420[13|6>12|0];Ensembl.MGI:32540[1>0]
ENSMUSP00000052559	Ensembl:24233[2];Ensembl:24233[2>0]	ENSMUSG00000029755	CURATED:28[0];MGI:23996[13];MGI:23996[13|6>12|0];Ensembl.MGI:11218[1>0]
ENSMUSP00000052778	Ensembl:95192[2];Ensembl:95192[2>0]	ENSMUSG00000048528	CURATED:185[0];MGI:563260[13];MGI:174835[13|6>12|0];Ensembl.MGI:38582[1>0]
ENSMUSP00000053899	Ensembl:81084[2];Ensembl:81084[2>0]	ENSMUSG00000051510	CURATED:159[0];MGI:20788[13];MGI:20788[13|6>12|0];Ensembl.MGI:33514[1>0]
ENSMUSP00000054674	Ensembl:89216[2];Ensembl:89216[2>0]	ENSMUSG00000025959	CURATED:146[0];MGI:18267[13];MGI:18267[13|6>12|0];Ensembl.MGI:36454[1>0]
ENSMUSP00000054804	Ensembl:132894[2];Ensembl:132894[2>0]	ENSMUSG00000014592	CURATED:13[0];MGI:6742[13];MGI:6742[13|6>12|0];Ensembl.MGI:51932[1>0]
ENSMUSP00000054852	Ensembl:145181[2];Ensembl:145181[2>0]	ENSMUSG00000020484	CURATED:268[0];MGI:67336[13];MGI:67336[13|6>12|0];Ensembl.MGI:55899[1>0]
ENSMUSP00000055290	Ensembl:98729[2];Ensembl:98729[2>0]	ENSMUSG00000046714	CURATED:62[0];MGI:100232[13];MGI:100232[13|6>12|0];Ensembl.MGI:39858[1>0]
ENSMUSP00000055308	Ensembl:39535[2];Ensembl:39535[2>0]	ENSMUSG00000044167	CURATED:69[0];MGI:26518[13];MGI:26518[13|6>12|0];Ensembl.MGI:17687[1>0]
ENSMUSP00000057569	Ensembl.Proteins:8065[2];Ensembl.Proteins:322031[0>2];Ensembl:101105[2];Ensembl:101105[2>0]	ENSMUSG00000058239	CURATED:266[0];MGI:749629[13|6];MGI:749629[13|6>12|0];Ensembl.MGI:40785[1>0]
ENSMUSP00000058037	Ensembl:99799[2];Ensembl:99799[2>0]	ENSMUSG00000049577	CURATED:275[0];MGI:752932[13|6];MGI:752932[13|6>12|0];Ensembl.MGI:40224[1>0]
ENSMUSP00000058354	Ensembl:61872[2];Ensembl:61872[2>0]	ENSMUSG00000048450	CURATED:170[0];MGI:21242[13];MGI:21242[13|6>12|0];Ensembl.MGI:26650[1>0]
ENSMUSP00000058490	Ensembl:80295[2];Ensembl:80295[2>0]	ENSMUSG00000043342	CURATED:119[0];MGI:161773[13];MGI:161773[13|6>12|0];Ensembl.MGI:33279[1>0]
ENSMUSP00000059129	Ensembl:146999[2];Ensembl:146999[2>0]	ENSMUSG00000053113	CURATED:223[0];MGI:40860[13];MGI:40860[13|6>12|0];Ensembl.MGI:56508[1>0]
ENSMUSP00000059420	Ensembl:78237[2];Ensembl:78237[2>0]	ENSMUSG00000042903	CURATED:71[0];MGI:100564[11];MGI:100564[13|6>12|0];Ensembl.MGI:32576[1>0]
ENSMUSP00000059973	Ensembl:89633[2];Ensembl:89633[2>0]	ENSMUSG00000025958	CURATED:23[0];MGI:7501[13];MGI:7501[13|6>12|0];Ensembl.MGI:36591[1>0]
ENSMUSP00000061076	Ensembl:116812[2];Ensembl:116812[2>0]	ENSMUSG00000037174	CURATED:42[0];MGI:9076[13];MGI:9076[13|6>12|0];Ensembl.MGI:46374[1>0]
ENSMUSP00000061408	Ensembl:72261[2];Ensembl:72261[2>0]	ENSMUSG00000046160	CURATED:191[0];MGI:25875[13];MGI:25875[13|6>12|0];Ensembl.MGI:30415[1>0]
ENSMUSP00000061925	Ensembl:48068[2];Ensembl:48068[2>0]	ENSMUSG00000063889	CURATED:24[0];MGI:64827[13|6];MGI:64827[13|6>12|0];Ensembl.MGI:21105[1>0]
ENSMUSP00000062759	Ensembl:63681[2];Ensembl:63681[2>0]	ENSMUSG00000046470	CURATED:226[0];MGI:23994[13];MGI:23994[13|6>12|0];Ensembl.MGI:27369[1>0]
ENSMUSP00000062832	Ensembl:123446[2];Ensembl:123446[2>0]	ENSMUSG00000046323	CURATED:31[0];MGI:8506[13];MGI:8506[13|6>12|0];Ensembl.MGI:48496[1>0]
ENSMUSP00000064000	Ensembl:137641[2];Ensembl:137641[2>0]	ENSMUSG00000026565	CURATED:200[0];MGI:10164[13];MGI:10164[13|6>12|0];Ensembl.MGI:53587[1>0]
ENSMUSP00000064366	Ensembl:110121[2];Ensembl:110121[2>0]	ENSMUSG00000054191	CURATED:138[0];MGI:95285[13];MGI:95285[13|6>12|0];Ensembl.MGI:44084[1>0]
ENSMUSP00000064680	Ensembl:36017[2];Ensembl:36017[2>0]	ENSMUSG00000052837	CURATED:136[0];MGI:164898[13|6];MGI:164898[13|6>12|0];Ensembl.MGI:16169[1>0]
ENSMUSP00000064823	Ensembl:106637[2];Ensembl:106637[2>0]	ENSMUSG00000055148	CURATED:141[0];MGI:166893[13];MGI:165336[13|6>12|0];Ensembl.MGI:42797[1>0]
ENSMUSP00000064970	Ensembl:3434[2];Ensembl:3434[2>0]	ENSMUSG00000055639	CURATED:26[0];MGI:23131[13];MGI:23131[13|6>12|0];Ensembl.MGI:2293[1>0]
ENSMUSP00000065746	Ensembl:27662[2];Ensembl:27662[2>0]	ENSMUSG00000048562	CURATED:237[0];MGI:83716[13];MGI:83716[13|6>12|0];Ensembl.MGI:12618[1>0]
ENSMUSP00000065807	Ensembl:147156[2];Ensembl:147156[2>0]	ENSMUSG00000027109	CURATED:233[0];MGI:69153[13];MGI:69153[13|6>12|0];Ensembl.MGI:56580[1>0]
ENSMUSP00000066385	Ensembl:92713[2];Ensembl:92713[2>0]	ENSMUSG00000052534	CURATED:198[0];MGI:8021[13];MGI:8021[13|6>12|0];Ensembl.MGI:37624[1>0]
ENSMUSP00000066743	Ensembl:32833[2];Ensembl:32833[2>0]	ENSMUSG00000026104	CURATED:240[0];MGI:6918[13];MGI:6918[13|6>12|0];Ensembl.MGI:14824[1>0]
ENSMUSP00000066927	Ensembl:9309[2];Ensembl:9309[2>0]	ENSMUSG00000021944	CURATED:78[0];MGI:101205[13];MGI:101205[13|6>12|0];Ensembl.MGI:4951[1>0]
ENSMUSP00000067266	Ensembl:55611[2];Ensembl:55611[2>0]	ENSMUSG00000001288	CURATED:207[0];MGI:23998[13];MGI:23998[13|6>12|0];Ensembl.MGI:24073[1>0]
ENSMUSP00000067372	Ensembl:133409[2];Ensembl:133409[2>0]	ENSMUSG00000018654	CURATED:124[0];MGI:15595[13];MGI:15595[13|6>12|0];Ensembl.MGI:52129[1>0]
ENSMUSP00000067680	Ensembl:15102[2];Ensembl:15102[2>0]	ENSMUSG00000052040	CURATED:140[0];MGI:334[13];MGI:334[13|6>12|0];Ensembl.MGI:7472[1>0]
ENSMUSP00000067694	Ensembl:70715[2];Ensembl:70715[2>0]	ENSMUSG00000017491	CURATED:206[0];MGI:160284[13];MGI:160284[13|6>12|0];Ensembl.MGI:29871[1>0]
ENSMUSP00000067704	Ensembl:38704[2];Ensembl:38704[2>0]	ENSMUSG00000055435	CURATED:157[0];MGI:9859[13];MGI:9859[13|6>12|0];Ensembl.MGI:17323[1>0]
ENSMUSP00000067808	Ensembl:40547[2];Ensembl:40547[2>0]	ENSMUSG00000027985	CURATED:149[0];MGI:24611[13];MGI:24611[13|6>12|0];Ensembl.MGI:18081[1>0]
ENSMUSP00000068258	Ensembl:47821[2];Ensembl:47821[2>0]	ENSMUSG00000048251	CURATED:12[0];MGI:17509[13];MGI:17509[13|6>12|0];Ensembl.MGI:21032[1>0]
ENSMUSP00000068927	Ensembl:85120[2];Ensembl:85120[2>0]	ENSMUSG00000052435	CURATED:20[0];MGI:123353[13];MGI:40074[13|6>12|0];Ensembl.MGI:34932[1>0]
ENSMUSP00000069277	Ensembl:130041[2];Ensembl:130041[2>0]	ENSMUSG00000020160	CURATED:163[0];MGI:37330[13];MGI:37330[13|6>12|0];Ensembl.MGI:50979[1>0]
ENSMUSP00000069616	Ensembl:63875[2];Ensembl:63875[2>0]	ENSMUSG00000038418	CURATED:39[0];MGI:18959[13];MGI:18959[13|6>12|0];Ensembl.MGI:27449[1>0]
ENSMUSP00000069685	Ensembl:136387[2];Ensembl:136387[2>0]	ENSMUSG00000026872	CURATED:272[0];MGI:17429[13];MGI:17429[13|6>12|0];Ensembl.MGI:53126[1>0]
ENSMUSP00000069744	Ensembl:29518[2];Ensembl:29518[2>0]	ENSMUSG00000037992	CURATED:205[0];MGI:190162[13|6];MGI:190162[13|6>12|0];Ensembl.MGI:13285[1>0]
ENSMUSP00000069850	Ensembl:143650[2];Ensembl:143650[2>0]	ENSMUSG00000056501	CURATED:18[0];MGI:174604[13];MGI:40072[13|6>12|0];Ensembl.MGI:55448[1>0]
ENSMUSP00000071464	Ensembl:3433[2];Ensembl:3433[2>0]	ENSMUSG00000055639	CURATED:26[0];MGI:23131[13];MGI:23131[13|6>12|0];Ensembl.MGI:2293[1>0]
ENSMUSP00000072583	Ensembl:75976[2];Ensembl:75976[2>0]	ENSMUSG00000051910	CURATED:230[0];MGI:26623[13];MGI:26623[13|6>12|0];Ensembl.MGI:31760[1>0]
ENSMUSP00000072640	Ensembl:92716[2];Ensembl:92716[2>0]	ENSMUSG00000052534	CURATED:198[0];MGI:8021[13];MGI:8021[13|6>12|0];Ensembl.MGI:37624[1>0]
ENSMUSP00000073690	Ensembl:37502[2];Ensembl:37502[2>0]	ENSMUSG00000037465	CURATED:139[0];MGI:22931[13];MGI:22931[13|6>12|0];Ensembl.MGI:16821[1>0]
ENSMUSP00000073898	Ensembl:130616[2];Ensembl:130616[2>0]	ENSMUSG00000027210	CURATED:164[0];MGI:18915[13];MGI:18915[13|6>12|0];Ensembl.MGI:51222[1>0]
ENSMUSP00000073953	Ensembl:49175[2];Ensembl:49175[2>0]	ENSMUSG00000030067	CURATED:72[0];MGI:10840[13];MGI:10840[13|6>12|0];Ensembl.MGI:21528[1>0]
ENSMUSP00000073976	Ensembl:7667[2];Ensembl:7667[2>0]	ENSMUSG00000001504	CURATED:131[0];MGI:164572[13|6];MGI:164572[13|6>12|0];Ensembl.MGI:4229[1>0]
ENSMUSP00000074236	Ensembl:85665[2];Ensembl:85665[2>0]	ENSMUSG00000062327	CURATED:244[0];MGI:41582[13];MGI:41582[13|6>12|0];Ensembl.MGI:35115[1>0]
ENSMUSP00000074684	Ensembl:4362[2];Ensembl:4362[2>0]	ENSMUSG00000058794	CURATED:180[0];MGI:174594[13|6];MGI:174594[13|6>12|0];Ensembl.MGI:2737[1>0]
ENSMUSP00000074899	Ensembl:67693[2];Ensembl:67693[2>0]	ENSMUSG00000028565	CURATED:182[0];MGI:3869[13];MGI:3869[13|6>12|0];Ensembl.MGI:28838[1>0]
ENSMUSP00000075311	Ensembl:16426[2];Ensembl:16426[2>0]	ENSMUSG00000003847	CURATED:178[0];MGI:23262[13];MGI:23262[13|6>12|0];Ensembl.MGI:7976[1>0]
ENSMUSP00000075664	Ensembl:29174[2];Ensembl:29174[2>0]	ENSMUSG00000030557	CURATED:160[0];MGI:18849[13];MGI:18849[13|6>12|0];Ensembl.MGI:13170[1>0]
ENSMUSP00000075992	Ensembl:133410[2];Ensembl:133410[2>0]	ENSMUSG00000018654	CURATED:124[0];MGI:15595[13];MGI:15595[13|6>12|0];Ensembl.MGI:52129[1>0]
ENSMUSP00000076111	Ensembl:136390[2];Ensembl:136390[2>0]	ENSMUSG00000026872	CURATED:272[0];MGI:17429[13];MGI:17429[13|6>12|0];Ensembl.MGI:53126[1>0]
ENSMUSP00000076491	Ensembl:147824[2];Ensembl:147824[2>0]	ENSMUSG00000015846	CURATED:216[0];MGI:18105[13];MGI:18105[13|6>12|0];Ensembl.MGI:56805[1>0]
ENSMUSP00000076653	Ensembl:16437[2];Ensembl:16437[2>0]	ENSMUSG00000003847	CURATED:178[0];MGI:23262[13];MGI:23262[13|6>12|0];Ensembl.MGI:7976[1>0]
ENSMUSP00000078410	Ensembl:4345[2];Ensembl:4345[2>0]	ENSMUSG00000022708	CURATED:270[0];MGI:4436[13];MGI:4436[13|6>12|0];Ensembl.MGI:2728[1>0]
ENSMUSP00000078551	Ensembl:42040[2];Ensembl:42040[2>0]	ENSMUSG00000013089	CURATED:52[0];MGI:3409[13];MGI:3409[13|6>12|0];Ensembl.MGI:18672[1>0]
ENSMUSP00000078597	Ensembl:10008[2];Ensembl:10008[2>0]	ENSMUSG00000063060	CURATED:231[0];MGI:566135[13|6];MGI:566135[13|6>12|0];Ensembl.MGI:5242[1>0]
ENSMUSP00000078657	Ensembl:102621[2];Ensembl:102621[2>0]	ENSMUSG00000018604	CURATED:248[0];MGI:79417[13];MGI:79417[13|6>12|0];Ensembl.MGI:41341[1>0]
ENSMUSP00000078659	Ensembl:37715[2];Ensembl:37715[2>0]	ENSMUSG00000058665	CURATED:45[0];MGI:95593[13];MGI:95593[13|6>12|0];Ensembl.MGI:16909[1>0]
ENSMUSP00000079231	Ensembl:134361[2];Ensembl:134361[2>0]	ENSMUSG00000029249	CURATED:209[0];MGI:8870[13];MGI:8870[13|6>12|0];Ensembl.MGI:52483[1>0]
ENSMUSP00000079818	Ensembl:57261[2];Ensembl:57261[2>0]	ENSMUSG00000030199	CURATED:53[0];MGI:31188[13];MGI:31188[13|6>12|0];Ensembl.MGI:24719[1>0]
ENSMUSP00000080020	Ensembl:53008[2];Ensembl:53008[2>0]	ENSMUSG00000057098	CURATED:35[0];MGI:32452[13];MGI:32452[13|6>12|0];Ensembl.MGI:23013[1>0]
ENSMUSP00000080630	Ensembl:142465[2];Ensembl:142465[2>0]	ENSMUSG00000059325	CURATED:100[0];MGI:3591[13];MGI:3591[13|6>12|0];Ensembl.MGI:55106[1>0]
ENSMUSP00000080780	Ensembl:48094[2];Ensembl:48094[2>0]	ENSMUSG00000063889	CURATED:24[0];MGI:64827[13|6];MGI:64827[13|6>12|0];Ensembl.MGI:21105[1>0]
ENSMUSP00000083743	Ensembl:119676[2];Ensembl:119676[2>0]	ENSMUSG00000026436	CURATED:44[0];MGI:7670[13];MGI:7670[13|6>12|0];Ensembl.MGI:47313[1>0]
ENSMUSP00000084055	Ensembl:82991[2];Ensembl:82991[2>0]	ENSMUSG00000000782	CURATED:255[0];MGI:24833[13];MGI:24833[13|6>12|0];Ensembl.MGI:34217[1>0]
ENSMUSP00000084062	Ensembl:85829[2];Ensembl:85829[2>0]	ENSMUSG00000067071	CURATED:92[0];MGI:23909[13];MGI:23909[13|6>12|0];Ensembl.MGI:35199[1>0]
ENSMUSP00000084320	Ensembl:12878[2];Ensembl:12878[2>0]	ENSMUSG00000004872	CURATED:195[0];MGI:186225[13];MGI:186225[13|6>12|0];Ensembl.MGI:6514[1>0]
ENSMUSP00000084541	Ensembl:114540[2];Ensembl:114540[2>0]	ENSMUSG00000067261	CURATED:64[0];MGI:160833[13];MGI:100535[13|6>12|0];Ensembl.MGI:45528[1>0]
ENSMUSP00000084624	Ensembl:89634[2];Ensembl:89634[2>0]	ENSMUSG00000025958	CURATED:23[0];MGI:7501[13];MGI:7501[13|6>12|0];Ensembl.MGI:36591[1>0]
ENSMUSP00000086034	Ensembl:9534[2];Ensembl:9534[2>0]	ENSMUSG00000025912	CURATED:175[0];MGI:190864[13];MGI:173878[13|6>12|0];Ensembl.MGI:5037[1>0]
ENSMUSP00000086511	Ensembl:148579[2];Ensembl:148579[2>0]	ENSMUSG00000068079	CURATED:252[0];MGI:568427[13|6];MGI:568427[13|6>12|0];Ensembl.MGI:57002[1>0]
ENSMUSP00000086993	Ensembl:32558[2];Ensembl:32558[2>0]	ENSMUSG00000030551	CURATED:189[0];MGI:17767[13];MGI:17767[13|6>12|0];Ensembl.MGI:14680[1>0]
ENSMUSP00000087006	Ensembl:65659[2];Ensembl:65659[2>0]	ENSMUSG00000068302	CURATED:187[0];MGI:100265[13];MGI:100265[13|6>12|0];Ensembl.MGI:28084[1>0]
ENSMUSP00000087870	Ensembl:119442[2];Ensembl:119442[2>0]	ENSMUSG00000027168	CURATED:197[0];MGI:4727[13];MGI:4727[13|6>12|0];Ensembl.MGI:47218[1>0]
ENSMUSP00000087878	Ensembl:119439[2];Ensembl:119439[2>0]	ENSMUSG00000027168	CURATED:197[0];MGI:4727[13];MGI:4727[13|6>12|0];Ensembl.MGI:47218[1>0]
ENSMUSP00000088678	Ensembl:116813[2];Ensembl:116813[2>0]	ENSMUSG00000037174	CURATED:42[0];MGI:9076[13];MGI:9076[13|6>12|0];Ensembl.MGI:46374[1>0]
ENSMUSP00000089036	Ensembl:29015[2];Ensembl:29015[2>0]	ENSMUSG00000069171	CURATED:188[0];MGI:98467[13];MGI:98467[13|6>12|0];Ensembl.MGI:13107[1>0]
ENSMUSP00000090342	Ensembl:50394[2];Ensembl:50394[2>0]	ENSMUSG00000004040	CURATED:241[0];MGI:3785[13];MGI:3785[13|6>12|0];Ensembl.MGI:21980[1>0]
ENSMUSP00000090443	Ensembl:134310[2];Ensembl:134310[2>0]	ENSMUSG00000001510	CURATED:27[0];MGI:30561[13];MGI:30561[13|6>12|0];Ensembl.MGI:52465[1>0]
ENSMUSP00000090503	Ensembl:102250[2];Ensembl:102250[2>0]	ENSMUSG00000018698	CURATED:150[0];MGI:166741[13|6];MGI:166741[13|6>12|0];Ensembl.MGI:41228[1>0]
ENSMUSP00000091002	Ensembl:54175[2];Ensembl:54175[2>0]	ENSMUSG00000031734	CURATED:132[0];MGI:26556[13];MGI:26556[13|6>12|0];Ensembl.MGI:23549[1>0]
ENSMUSP00000091374	Ensembl:7221[2];Ensembl:7221[2>0]	ENSMUSG00000066687	CURATED:269[0];MGI:24870[13];MGI:24870[13|6>12|0];Ensembl.MGI:3986[1>0]
ENSMUSP00000091579	Ensembl:134068[2];Ensembl:134068[2>0]	ENSMUSG00000030699	CURATED:251[0];MGI:563040[13];MGI:563040[13|6>12|0];Ensembl.MGI:52391[1>0]
ENSMUSP00000092006	Ensembl:38878[2];Ensembl:38878[2>0]	ENSMUSG00000028946	CURATED:90[0];MGI:160803[13|6];MGI:160803[13|6>12|0];Ensembl.MGI:17418[1>0]
ENSMUSP00000092019	Ensembl:19743[2];Ensembl:19743[2>0]	ENSMUSG00000042745	CURATED:120[0];MGI:23712[13];MGI:23712[13|6>12|0];Ensembl.MGI:9429[1>0]
ENSMUSP00000092257	Ensembl.Proteins:167402[2];Ensembl.Proteins:243840[0>2];Ensembl:13213[2];Ensembl:13213[2>0]	ENSMUSG00000074637	CURATED:227[0];MGI:166425[13];MGI:166425[13|6>12|0];Ensembl.MGI:6695[1>0]
ENSMUSP00000092901	Ensembl:93561[2];Ensembl:93561[2>0]	ENSMUSG00000071076	CURATED:137[0];MGI:164901[13];MGI:164900[13|6>12|0];Ensembl.MGI:37955[1>0]
ENSMUSP00000093748	Ensembl:11834[2];Ensembl:11834[2>0]	ENSMUSG00000058550	CURATED:32[0];MGI:8530[13];MGI:8530[13|6>12|0];Ensembl.MGI:6040[1>0]
ENSMUSP00000093749	Ensembl:11833[2];Ensembl:11833[2>0]	ENSMUSG00000058550	CURATED:32[0];MGI:8530[13];MGI:8530[13|6>12|0];Ensembl.MGI:6040[1>0]
ENSMUSP00000095381	Ensembl:132892[2];Ensembl:132892[2>0]	ENSMUSG00000014592	CURATED:13[0];MGI:6742[13];MGI:6742[13|6>12|0];Ensembl.MGI:51932[1>0]
ENSMUSP00000095565	Ensembl:145024[2];Ensembl:145024[2>0]	ENSMUSG00000025498	CURATED:129[0];MGI:164545[13|6];MGI:164545[13|6>12|0];Ensembl.MGI:55857[1>0]
ENSMUSP00000096064	Ensembl:111503[2];Ensembl:111503[2>0]	ENSMUSG00000054400	CURATED:22[0];MGI:4908[13];MGI:4908[13|6>12|0];Ensembl.MGI:44591[1>0]
ENSMUSP00000096084	Ensembl:28328[2];Ensembl:28328[2>0]	ENSMUSG00000008193	CURATED:239[0];MGI:566396[13|6];MGI:566396[13|6>12|0];Ensembl.MGI:12867[1>0]
ENSMUSP00000096129	Ensembl:142534[2];Ensembl:142534[2>0]	ENSMUSG00000034957	CURATED:17[0];MGI:40069[13];MGI:40069[13|6>12|0];Ensembl.MGI:55127[1>0]
ENSMUSP00000096211	Ensembl:40549[2];Ensembl:40549[2>0]	ENSMUSG00000027985	CURATED:149[0];MGI:24611[13];MGI:24611[13|6>12|0];Ensembl.MGI:18081[1>0]
ENSMUSP00000096276	Ensembl:92471[2];Ensembl:92471[2>0]	ENSMUSG00000008496	CURATED:201[0];MGI:176985[13];MGI:176985[13|6>12|0];Ensembl.MGI:37552[1>0]
ENSMUSP00000096283	Ensembl:40313[2];Ensembl:40313[2>0]	ENSMUSG00000004661	CURATED:6[0];MGI:86648[13];MGI:28127[13|6>12|0];Ensembl.MGI:17991[1>0]
ENSMUSP00000096657	Ensembl:125867[2];Ensembl:125867[2>0]	ENSMUSG00000028640	CURATED:257[0];MGI:20203[13];MGI:20203[13|6>12|0];Ensembl.MGI:49379[1>0]
ENSMUSP00000096728	Ensembl:90787[2];Ensembl:90787[2>0]	ENSMUSG00000074622	CURATED:158[0];MGI:165577[13];MGI:165577[13|6>12|0];Ensembl.MGI:36988[1>0]
ENSMUSP00000096755	Ensembl:13213[2];Ensembl:13213[2>0]	ENSMUSG00000074637	CURATED:227[0];MGI:166425[13];MGI:166425[13|6>12|0];Ensembl.MGI:6695[1>0]
ENSMUSP00000097620	Ensembl:42969[2];Ensembl:42969[2>0]	ENSMUSG00000075304	CURATED:235[0];MGI:187162[11];MGI:566153[13|6>12|0];Ensembl.MGI:19069[1>0]
ENSMUSP00000097822	Ensembl:147825[2];Ensembl:147825[2>0]	ENSMUSG00000015846	CURATED:216[0];MGI:18105[13];MGI:18105[13|6>12|0];Ensembl.MGI:56805[1>0]
ENSMUSP00000098683	Ensembl:41067[2];Ensembl:41067[2>0]	ENSMUSG00000035158	CURATED:168[0];MGI:36378[13];MGI:36378[13|6>12|0];Ensembl.MGI:18273[1>0]
ENSMUSP00000098943	Ensembl:106551[2];Ensembl:106551[2>0]	ENSMUSG00000000942	CURATED:105[0];MGI:30521[13];MGI:30521[13|6>12|0];Ensembl.MGI:42773[1>0]
ENSMUSP00000099403	Ensembl:50391[2];Ensembl:50391[2>0]	ENSMUSG00000004040	CURATED:241[0];MGI:3785[13];MGI:3785[13|6>12|0];Ensembl.MGI:21980[1>0]
ENSMUSP00000099597	Ensembl:130612[2];Ensembl:130612[2>0]	ENSMUSG00000027210	CURATED:164[0];MGI:18915[13];MGI:18915[13|6>12|0];Ensembl.MGI:51222[1>0]
ENSMUSP00000099733	Ensembl:83307[2];Ensembl:83307[2>0]	ENSMUSG00000015839	CURATED:181[0];MGI:23153[13];MGI:23153[13|6>12|0];Ensembl.MGI:34317[1>0]
ENSMUSP00000099750	Ensembl:147155[2];Ensembl:147155[2>0]	ENSMUSG00000027109	CURATED:233[0];MGI:69153[13];MGI:69153[13|6>12|0];Ensembl.MGI:56580[1>0]
ENSMUSP00000099856	Ensembl:67695[2];Ensembl:67695[2>0]	ENSMUSG00000028565	CURATED:182[0];MGI:3869[13];MGI:3869[13|6>12|0];Ensembl.MGI:28838[1>0]
ENSMUSP00000099857	Ensembl:53009[2];Ensembl:53009[2>0]	ENSMUSG00000057098	CURATED:35[0];MGI:32452[13];MGI:32452[13|6>12|0];Ensembl.MGI:23013[1>0]
ENSMUSP00000099942	Ensembl:130040[2];Ensembl:130040[2>0]	ENSMUSG00000020160	CURATED:163[0];MGI:37330[13];MGI:37330[13|6>12|0];Ensembl.MGI:50979[1>0]
ENSMUSP00000099996	Ensembl:109056[2];Ensembl:109056[2>0]	ENSMUSG00000014030	CURATED:196[0];MGI:186229[13];MGI:186229[13|6>12|0];Ensembl.MGI:43728[1>0]
ENSMUSP00000100012	Ensembl:17838[2];Ensembl:17838[2>0]	ENSMUSG00000016477	CURATED:33[0];MGI:88225[13|6];MGI:88225[13|6>12|0];Ensembl.MGI:8567[1>0]
ENSMUSP00000100013	Ensembl:17267[2];Ensembl:17267[2>0]	ENSMUSG00000076431	CURATED:229[0];MGI:21264[13];MGI:21264[13|6>12|0];Ensembl.MGI:8316[1>0]
ENSMUSP00000100041	Ensembl:144407[2];Ensembl:144407[2>0]	ENSMUSG00000015619	CURATED:77[0];MGI:101201[13];MGI:101201[13|6>12|0];Ensembl.MGI:55660[1>0]
ENSMUSP00000100725	Ensembl:71944[2];Ensembl:71944[2>0]	ENSMUSG00000078302	CURATED:63[0];MGI:23975[13];MGI:23975[13|6>12|0];Ensembl.MGI:30303[1>0]
ENSMUSP00000100976	Ensembl:89394[2];Ensembl:89394[2>0]	ENSMUSG00000020167	CURATED:253[0];MGI:20040[13];MGI:20040[13|6>12|0];Ensembl.MGI:36510[1>0]
ENSMUSP00000100977	Ensembl:89391[2];Ensembl:89391[2>0]	ENSMUSG00000020167	CURATED:253[0];MGI:20040[13];MGI:20040[13|6>12|0];Ensembl.MGI:36510[1>0]
ENSMUSP00000100978	Ensembl:89390[2];Ensembl:89390[2>0]	ENSMUSG00000020167	CURATED:253[0];MGI:20040[13];MGI:20040[13|6>12|0];Ensembl.MGI:36510[1>0]
ENSMUSP00000100979	Ensembl:89386[2];Ensembl:89386[2>0]	ENSMUSG00000020167	CURATED:253[0];MGI:20040[13];MGI:20040[13|6>12|0];Ensembl.MGI:36510[1>0]
ENSMUSP00000100980	Ensembl:89387[2];Ensembl:89387[2>0]	ENSMUSG00000020167	CURATED:253[0];MGI:20040[13];MGI:20040[13|6>12|0];Ensembl.MGI:36510[1>0]
ENSMUSP00000100981	Ensembl:89384[2];Ensembl:89384[2>0]	ENSMUSG00000020167	CURATED:253[0];MGI:20040[13];MGI:20040[13|6>12|0];Ensembl.MGI:36510[1>0]
ENSMUSP00000100982	Ensembl:89385[2];Ensembl:89385[2>0]	ENSMUSG00000020167	CURATED:253[0];MGI:20040[13];MGI:20040[13|6>12|0];Ensembl.MGI:36510[1>0]
ENSMUSP00000100983	Ensembl:89388[2];Ensembl:89388[2>0]	ENSMUSG00000020167	CURATED:253[0];MGI:20040[13];MGI:20040[13|6>12|0];Ensembl.MGI:36510[1>0]
ENSMUSP00000101015	Ensembl:99661[2];Ensembl:99661[2>0]	ENSMUSG00000019564	CURATED:5[0];MGI:86647[13];MGI:28126[13|6>12|0];Ensembl.MGI:40192[1>0]
ENSMUSP00000101016	Ensembl:99660[2];Ensembl:99660[2>0]	ENSMUSG00000019564	CURATED:5[0];MGI:86647[13];MGI:28126[13|6>12|0];Ensembl.MGI:40192[1>0]
ENSMUSP00000101078	Ensembl:109501[2];Ensembl:109501[2>0]	ENSMUSG00000037868	CURATED:40[0];MGI:95100[13];MGI:95100[13|6>12|0];Ensembl.MGI:43871[1>0]
ENSMUSP00000101129	Ensembl:28440[2];Ensembl:28440[2>0]	ENSMUSG00000038151	CURATED:203[0];MGI:33074[13];MGI:33074[13|6>12|0];Ensembl.MGI:12909[1>0]
ENSMUSP00000101140	Ensembl:25606[2];Ensembl:25606[2>0]	ENSMUSG00000048756	CURATED:70[0];MGI:3870[13];MGI:3870[13|6>12|0];Ensembl.MGI:11783[1>0]
ENSMUSP00000101141	Ensembl:25602[2];Ensembl:25602[2>0]	ENSMUSG00000048756	CURATED:70[0];MGI:3870[13];MGI:3870[13|6>12|0];Ensembl.MGI:11783[1>0]
ENSMUSP00000101293	Ensembl:132896[2];Ensembl:132896[2>0]	ENSMUSG00000014592	CURATED:13[0];MGI:6742[13];MGI:6742[13|6>12|0];Ensembl.MGI:51932[1>0]
ENSMUSP00000101295	Ensembl:132895[2];Ensembl:132895[2>0]	ENSMUSG00000014592	CURATED:13[0];MGI:6742[13];MGI:6742[13|6>12|0];Ensembl.MGI:51932[1>0]
ENSMUSP00000101644	Ensembl:145022[2];Ensembl:145022[2>0]	ENSMUSG00000025498	CURATED:129[0];MGI:164545[13|6];MGI:164545[13|6>12|0];Ensembl.MGI:55857[1>0]
ENSMUSP00000101724	Ensembl:144782[2];Ensembl:144782[2>0]	ENSMUSG00000010476	CURATED:37[0];MGI:10727[13];MGI:10727[13|6>12|0];Ensembl.MGI:55806[1>0]
ENSMUSP00000101786	Ensembl:81087[2];Ensembl:81087[2>0]	ENSMUSG00000051510	CURATED:159[0];MGI:20788[13];MGI:20788[13|6>12|0];Ensembl.MGI:33514[1>0]
ENSMUSP00000101787	Ensembl:81086[2];Ensembl:81086[2>0]	ENSMUSG00000051510	CURATED:159[0];MGI:20788[13];MGI:20788[13|6>12|0];Ensembl.MGI:33514[1>0]
ENSMUSP00000101788	Ensembl:81085[2];Ensembl:81085[2>0]	ENSMUSG00000051510	CURATED:159[0];MGI:20788[13];MGI:20788[13|6>12|0];Ensembl.MGI:33514[1>0]
ENSMUSP00000101948	Ensembl:40546[2];Ensembl:40546[2>0]	ENSMUSG00000027985	CURATED:149[0];MGI:24611[13];MGI:24611[13|6>12|0];Ensembl.MGI:18081[1>0]
ENSMUSP00000102223	Ensembl:75978[2];Ensembl:75978[2>0]	ENSMUSG00000051910	CURATED:230[0];MGI:26623[13];MGI:26623[13|6>12|0];Ensembl.MGI:31760[1>0]
ENSMUSP00000102349	Ensembl:137008[2];Ensembl:137008[2>0]	ENSMUSG00000034762	CURATED:84[0];MGI:101703[13|6];MGI:101703[13|6>12|0];Ensembl.MGI:53339[1>0]
ENSMUSP00000102672	Ensembl:67696[2];Ensembl:67696[2>0]	ENSMUSG00000028565	CURATED:182[0];MGI:3869[13];MGI:3869[13|6>12|0];Ensembl.MGI:28838[1>0]
ENSMUSP00000102677	Ensembl:67694[2];Ensembl:67694[2>0]	ENSMUSG00000028565	CURATED:182[0];MGI:3869[13];MGI:3869[13|6>12|0];Ensembl.MGI:28838[1>0]
ENSMUSP00000102711	Ensembl:128411[2];Ensembl:128411[2>0]	ENSMUSG00000052684	CURATED:135[0];MGI:164899[13];MGI:164897[13|6>12|0];Ensembl.MGI:50336[1>0]
ENSMUSP00000102979	Ensembl:47697[2];Ensembl:47697[2>0]	ENSMUSG00000004043	CURATED:243[0];MGI:21438[13];MGI:21438[13|6>12|0];Ensembl.MGI:20980[1>0]
ENSMUSP00000102980	Ensembl:47701[2];Ensembl:47701[2>0]	ENSMUSG00000004043	CURATED:243[0];MGI:21438[13];MGI:21438[13|6>12|0];Ensembl.MGI:20980[1>0]
ENSMUSP00000103097	Ensembl:29521[2];Ensembl:29521[2>0]	ENSMUSG00000037992	CURATED:205[0];MGI:190162[13|6];MGI:190162[13|6>12|0];Ensembl.MGI:13285[1>0]
ENSMUSP00000103098	Ensembl:29516[2];Ensembl:29516[2>0]	ENSMUSG00000037992	CURATED:205[0];MGI:190162[13|6];MGI:190162[13|6>12|0];Ensembl.MGI:13285[1>0]
ENSMUSP00000103099	Ensembl:29517[2];Ensembl:29517[2>0]	ENSMUSG00000037992	CURATED:205[0];MGI:190162[13|6];MGI:190162[13|6>12|0];Ensembl.MGI:13285[1>0]
ENSMUSP00000103100	Ensembl:29171[2];Ensembl:29171[2>0]	ENSMUSG00000030557	CURATED:160[0];MGI:18849[13];MGI:18849[13|6>12|0];Ensembl.MGI:13170[1>0]
ENSMUSP00000103183	Ensembl:101076[2];Ensembl:101076[2>0]	ENSMUSG00000001419	CURATED:162[0];MGI:38180[13];MGI:38180[13|6>12|0];Ensembl.MGI:40776[1>0]
ENSMUSP00000103184	Ensembl:101077[2];Ensembl:101077[2>0]	ENSMUSG00000001419	CURATED:162[0];MGI:38180[13];MGI:38180[13|6>12|0];Ensembl.MGI:40776[1>0]
ENSMUSP00000103245	Ensembl:91226[2];Ensembl:91226[2>0]	ENSMUSG00000003032	CURATED:143[0];MGI:101670[13];MGI:101670[13|6>12|0];Ensembl.MGI:37141[1>0]
ENSMUSP00000103248	Ensembl:132100[2];Ensembl:132100[2>0]	ENSMUSG00000038560	CURATED:236[0];MGI:3678[13];MGI:3678[13|6>12|0];Ensembl.MGI:51692[1>0]
ENSMUSP00000103455	Ensembl:109055[2];Ensembl:109055[2>0]	ENSMUSG00000014030	CURATED:196[0];MGI:186229[13];MGI:186229[13|6>12|0];Ensembl.MGI:43728[1>0]
ENSMUSP00000103457	Ensembl:109058[2];Ensembl:109058[2>0]	ENSMUSG00000014030	CURATED:196[0];MGI:186229[13];MGI:186229[13|6>12|0];Ensembl.MGI:43728[1>0]
ENSMUSP00000103458	Ensembl:109057[2];Ensembl:109057[2>0]	ENSMUSG00000014030	CURATED:196[0];MGI:186229[13];MGI:186229[13|6>12|0];Ensembl.MGI:43728[1>0]
ENSMUSP00000103680	Ensembl:143682[2];Ensembl:143682[2>0]	ENSMUSG00000000094	CURATED:249[0];MGI:568350[13|6];MGI:568350[13|6>12|0];Ensembl.MGI:55464[1>0]
ENSMUSP00000103682	Ensembl:143680[2];Ensembl:143680[2>0]	ENSMUSG00000000094	CURATED:249[0];MGI:568350[13|6];MGI:568350[13|6>12|0];Ensembl.MGI:55464[1>0]
ENSMUSP00000103686	Ensembl:116814[2];Ensembl:116814[2>0]	ENSMUSG00000037174	CURATED:42[0];MGI:9076[13];MGI:9076[13|6>12|0];Ensembl.MGI:46374[1>0]
ENSMUSP00000103688	Ensembl:116815[2];Ensembl:116815[2>0]	ENSMUSG00000037174	CURATED:42[0];MGI:9076[13];MGI:9076[13|6>12|0];Ensembl.MGI:46374[1>0]
ENSMUSP00000103754	Ensembl.Proteins:264889[2];Ensembl.Proteins:322040[0>2];Ensembl:101105[2];Ensembl:101105[2>0]	ENSMUSG00000058239	CURATED:266[0];MGI:749629[13|6];MGI:749629[13|6>12|0];Ensembl.MGI:40785[1>0]
ENSMUSP00000103782	Ensembl:130225[2];Ensembl:130225[2>0]	ENSMUSG00000006311	CURATED:51[0];MGI:98902[13];MGI:98902[13|6>12|0];Ensembl.MGI:51073[1>0]
ENSMUSP00000104051	Ensembl:92475[2];Ensembl:92475[2>0]	ENSMUSG00000008496	CURATED:201[0];MGI:176985[13];MGI:176985[13|6>12|0];Ensembl.MGI:37552[1>0]
ENSMUSP00000104053	Ensembl:92470[2];Ensembl:92470[2>0]	ENSMUSG00000008496	CURATED:201[0];MGI:176985[13];MGI:176985[13|6>12|0];Ensembl.MGI:37552[1>0]
ENSMUSP00000104054	Ensembl:92474[2];Ensembl:92474[2>0]	ENSMUSG00000008496	CURATED:201[0];MGI:176985[13];MGI:176985[13|6>12|0];Ensembl.MGI:37552[1>0]
ENSMUSP00000104055	Ensembl:92473[2];Ensembl:92473[2>0]	ENSMUSG00000008496	CURATED:201[0];MGI:176985[13];MGI:176985[13|6>12|0];Ensembl.MGI:37552[1>0]
ENSMUSP00000104056	Ensembl:92472[2];Ensembl:92472[2>0]	ENSMUSG00000008496	CURATED:201[0];MGI:176985[13];MGI:176985[13|6>12|0];Ensembl.MGI:37552[1>0]
ENSMUSP00000104473	Ensembl:106233[2];Ensembl:106233[2>0]	ENSMUSG00000037335	CURATED:87[0];MGI:95115[13];MGI:95115[13|6>12|0];Ensembl.MGI:42668[1>0]
ENSMUSP00000104548	Ensembl:143331[2];Ensembl:143331[2>0]	ENSMUSG00000018899	CURATED:127[0];MGI:29446[13];MGI:29446[13|6>12|0];Ensembl.MGI:55376[1>0]
ENSMUSP00000104550	Ensembl:143333[2];Ensembl:143333[2>0]	ENSMUSG00000018899	CURATED:127[0];MGI:29446[13];MGI:29446[13|6>12|0];Ensembl.MGI:55376[1>0]
ENSMUSP00000104699	Ensembl:82992[2];Ensembl:82992[2>0]	ENSMUSG00000000782	CURATED:255[0];MGI:24833[13];MGI:24833[13|6>12|0];Ensembl.MGI:34217[1>0]
ENSMUSP00000104732	Ensembl:38705[2];Ensembl:38705[2>0]	ENSMUSG00000055435	CURATED:157[0];MGI:9859[13];MGI:9859[13|6>12|0];Ensembl.MGI:17323[1>0]
ENSMUSP00000104891	Ensembl:53010[2];Ensembl:53010[2>0]	ENSMUSG00000057098	CURATED:35[0];MGI:32452[13];MGI:32452[13|6>12|0];Ensembl.MGI:23013[1>0]
ENSMUSP00000104931	Ensembl:9343[2];Ensembl:9343[2>0]	ENSMUSG00000031902	CURATED:179[0];MGI:38172[13];MGI:38172[13|6>12|0];Ensembl.MGI:4962[1>0]
ENSMUSP00000105038	Ensembl:96696[2];Ensembl:96696[2>0]	ENSMUSG00000017950	CURATED:99[0];MGI:161644[13];MGI:161644[13|6>12|0];Ensembl.MGI:39104[1>0]
ENSMUSP00000105140	Ensembl:17337[2];Ensembl:17337[2>0]	ENSMUSG00000000861	CURATED:11[0];MGI:9828[13];MGI:9828[13|6>12|0];Ensembl.MGI:8348[1>0]
ENSMUSP00000105142	Ensembl:17336[2];Ensembl:17336[2>0]	ENSMUSG00000000861	CURATED:11[0];MGI:9828[13];MGI:9828[13|6>12|0];Ensembl.MGI:8348[1>0]
ENSMUSP00000105449	Ensembl:19744[2];Ensembl:19744[2>0]	ENSMUSG00000042745	CURATED:120[0];MGI:23712[13];MGI:23712[13|6>12|0];Ensembl.MGI:9429[1>0]
ENSMUSP00000105513	Ensembl:47822[2];Ensembl:47822[2>0]	ENSMUSG00000048251	CURATED:12[0];MGI:17509[13];MGI:17509[13|6>12|0];Ensembl.MGI:21032[1>0]
ENSMUSP00000105517	Ensembl:47823[2];Ensembl:47823[2>0]	ENSMUSG00000048251	CURATED:12[0];MGI:17509[13];MGI:17509[13|6>12|0];Ensembl.MGI:21032[1>0]
ENSMUSP00000105590	Ensembl:133741[2];Ensembl:133741[2>0]	ENSMUSG00000037025	CURATED:60[0];MGI:161639[13];MGI:100524[13|6>12|0];Ensembl.MGI:52284[1>0]
ENSMUSP00000105822	Ensembl:2875[2];Ensembl:2875[2>0]	ENSMUSG00000021359	CURATED:256[0];MGI:27775[13];MGI:27775[13|6>12|0];Ensembl.MGI:2024[1>0]
ENSMUSP00000105915	Ensembl:145311[2];Ensembl:145311[2>0]	ENSMUSG00000053552	CURATED:38[0];MGI:88532[13|6];MGI:88532[13|6>12|0];Ensembl.MGI:55923[1>0]
ENSMUSP00000105916	Ensembl:145312[2];Ensembl:145312[2>0]	ENSMUSG00000053552	CURATED:38[0];MGI:88532[13|6];MGI:88532[13|6>12|0];Ensembl.MGI:55923[1>0]
ENSMUSP00000105917	Ensembl:145310[2];Ensembl:145310[2>0]	ENSMUSG00000053552	CURATED:38[0];MGI:88532[13|6];MGI:88532[13|6>12|0];Ensembl.MGI:55923[1>0]
ENSMUSP00000105936	Ensembl:18306[2];Ensembl:18306[2>0]	ENSMUSG00000021356	CURATED:128[0];MGI:23965[13];MGI:23965[13|6>12|0];Ensembl.MGI:8764[1>0]
ENSMUSP00000106459	Ensembl:52370[2];Ensembl:52370[2>0]	ENSMUSG00000036461	CURATED:41[0];MGI:95329[13|6];MGI:95329[13|6>12|0];Ensembl.MGI:22758[1>0]
ENSMUSP00000106531	Ensembl:130615[2];Ensembl:130615[2>0]	ENSMUSG00000027210	CURATED:164[0];MGI:18915[13];MGI:18915[13|6>12|0];Ensembl.MGI:51222[1>0]
ENSMUSP00000106532	Ensembl:130613[2];Ensembl:130613[2>0]	ENSMUSG00000027210	CURATED:164[0];MGI:18915[13];MGI:18915[13|6>12|0];Ensembl.MGI:51222[1>0]
ENSMUSP00000106533	Ensembl:130614[2];Ensembl:130614[2>0]	ENSMUSG00000027210	CURATED:164[0];MGI:18915[13];MGI:18915[13|6>12|0];Ensembl.MGI:51222[1>0]
ENSMUSP00000106711	Ensembl:119443[2];Ensembl:119443[2>0]	ENSMUSG00000027168	CURATED:197[0];MGI:4727[13];MGI:4727[13|6>12|0];Ensembl.MGI:47218[1>0]
ENSMUSP00000106712	Ensembl:119441[2];Ensembl:119441[2>0]	ENSMUSG00000027168	CURATED:197[0];MGI:4727[13];MGI:4727[13|6>12|0];Ensembl.MGI:47218[1>0]
ENSMUSP00000106714	Ensembl:119440[2];Ensembl:119440[2>0]	ENSMUSG00000027168	CURATED:197[0];MGI:4727[13];MGI:4727[13|6>12|0];Ensembl.MGI:47218[1>0]
ENSMUSP00000106715	Ensembl:119431[2];Ensembl:119431[2>0]	ENSMUSG00000027168	CURATED:197[0];MGI:4727[13];MGI:4727[13|6>12|0];Ensembl.MGI:47218[1>0]
ENSMUSP00000106716	Ensembl:119432[2];Ensembl:119432[2>0]	ENSMUSG00000027168	CURATED:197[0];MGI:4727[13];MGI:4727[13|6>12|0];Ensembl.MGI:47218[1>0]
ENSMUSP00000106717	Ensembl:119435[2];Ensembl:119435[2>0]	ENSMUSG00000027168	CURATED:197[0];MGI:4727[13];MGI:4727[13|6>12|0];Ensembl.MGI:47218[1>0]
ENSMUSP00000106769	Ensembl:145602[2];Ensembl:145602[2>0]	ENSMUSG00000032698	CURATED:152[0];MGI:190607[13];MGI:166937[13|6>12|0];Ensembl.MGI:56031[1>0]
ENSMUSP00000106770	Ensembl:145601[2];Ensembl:145601[2>0]	ENSMUSG00000032698	CURATED:152[0];MGI:190607[13];MGI:166937[13|6>12|0];Ensembl.MGI:56031[1>0]
ENSMUSP00000106773	Ensembl:145599[2];Ensembl:145599[2>0]	ENSMUSG00000032698	CURATED:152[0];MGI:190607[13];MGI:166937[13|6>12|0];Ensembl.MGI:56031[1>0]
ENSMUSP00000107008	Ensembl:92327[2];Ensembl:92327[2>0]	ENSMUSG00000026686	CURATED:154[0];MGI:86606[13];MGI:86606[13|6>12|0];Ensembl.MGI:37518[1>0]
ENSMUSP00000107011	Ensembl:92183[2];Ensembl:92183[2>0]	ENSMUSG00000015843	CURATED:218[0];MGI:563075[13|6];MGI:563075[13|6>12|0];Ensembl.MGI:37484[1>0]
ENSMUSP00000107015	Ensembl:92182[2];Ensembl:92182[2>0]	ENSMUSG00000015843	CURATED:218[0];MGI:563075[13|6];MGI:563075[13|6>12|0];Ensembl.MGI:37484[1>0]
ENSMUSP00000107017	Ensembl:92181[2];Ensembl:92181[2>0]	ENSMUSG00000015843	CURATED:218[0];MGI:563075[13|6];MGI:563075[13|6>12|0];Ensembl.MGI:37484[1>0]
ENSMUSP00000107055	Ensembl:137636[2];Ensembl:137636[2>0]	ENSMUSG00000026565	CURATED:200[0];MGI:10164[13];MGI:10164[13|6>12|0];Ensembl.MGI:53587[1>0]
ENSMUSP00000107056	Ensembl:137630[2];Ensembl:137630[2>0]	ENSMUSG00000026565	CURATED:200[0];MGI:10164[13];MGI:10164[13|6>12|0];Ensembl.MGI:53587[1>0]
ENSMUSP00000107057	Ensembl:137633[2];Ensembl:137633[2>0]	ENSMUSG00000026565	CURATED:200[0];MGI:10164[13];MGI:10164[13|6>12|0];Ensembl.MGI:53587[1>0]
ENSMUSP00000107366	Ensembl:76456[2];Ensembl:76456[2>0]	ENSMUSG00000025025	CURATED:173[0];MGI:173847[13|6];MGI:173847[13|6>12|0];Ensembl.MGI:31921[1>0]
ENSMUSP00000107393	Ensembl:101828[2];Ensembl:101828[2>0]	ENSMUSG00000032446	CURATED:46[0];MGI:37628[13];MGI:37628[13|6>12|0];Ensembl.MGI:41076[1>0]
ENSMUSP00000107594	Ensembl:57262[2];Ensembl:57262[2>0]	ENSMUSG00000030199	CURATED:53[0];MGI:31188[13];MGI:31188[13|6>12|0];Ensembl.MGI:24719[1>0]
ENSMUSP00000107611	Ensembl:80908[2];Ensembl:80908[2>0]	ENSMUSG00000101174	CURATED:118[0];MGI:161771[13];MGI:161771[13|6>12|0];Ensembl.MGI:33466[1>0]
ENSMUSP00000107613	Ensembl:80323[2];Ensembl:80323[2>0]	ENSMUSG00000079277	CURATED:117[0];MGI:161770[13];MGI:161770[13|6>12|0];Ensembl.MGI:33292[1>0]
ENSMUSP00000107614	Ensembl:80321[2];Ensembl:80321[2>0]	ENSMUSG00000079277	CURATED:117[0];MGI:161770[13];MGI:161770[13|6>12|0];Ensembl.MGI:33292[1>0]
ENSMUSP00000107857	Ensembl:7785[2];Ensembl:7785[2>0]	ENSMUSG00000034998	CURATED:68[0];MGI:10969[13];MGI:10969[13|6>12|0];Ensembl.MGI:4290[1>0]
ENSMUSP00000108128	Ensembl:138606[2];Ensembl:138606[2>0]	ENSMUSG00000026970	CURATED:208[0];MGI:8785[13];MGI:8785[13|6>12|0];Ensembl.MGI:53873[1>0]
ENSMUSP00000108193	Ensembl:16765[2];Ensembl:16765[2>0]	ENSMUSG00000041649	CURATED:147[0];MGI:19372[13];MGI:19372[13|6>12|0];Ensembl.MGI:8105[1>0]
ENSMUSP00000108199	Ensembl:128973[2];Ensembl:128973[2>0]	ENSMUSG00000012396	CURATED:177[0];MGI:8264[13];MGI:8264[13|6>12|0];Ensembl.MGI:50530[1>0]
ENSMUSP00000108200	Ensembl:128972[2];Ensembl:128972[2>0]	ENSMUSG00000012396	CURATED:177[0];MGI:8264[13];MGI:8264[13|6>12|0];Ensembl.MGI:50530[1>0]
ENSMUSP00000108447	Ensembl:50146[2];Ensembl:50146[2>0]	ENSMUSG00000036192	CURATED:211[0];MGI:162214[13];MGI:162214[13|6>12|0];Ensembl.MGI:21910[1>0]
ENSMUSP00000108451	Ensembl:50145[2];Ensembl:50145[2>0]	ENSMUSG00000036192	CURATED:211[0];MGI:162214[13];MGI:162214[13|6>12|0];Ensembl.MGI:21910[1>0]
ENSMUSP00000108948	Ensembl:49200[2];Ensembl:49200[2>0]	ENSMUSG00000030067	CURATED:72[0];MGI:10840[13];MGI:10840[13|6>12|0];Ensembl.MGI:21528[1>0]
ENSMUSP00000108950	Ensembl:49177[2];Ensembl:49177[2>0]	ENSMUSG00000030067	CURATED:72[0];MGI:10840[13];MGI:10840[13|6>12|0];Ensembl.MGI:21528[1>0]
ENSMUSP00000108952	Ensembl:49170[2];Ensembl:49170[2>0]	ENSMUSG00000030067	CURATED:72[0];MGI:10840[13];MGI:10840[13|6>12|0];Ensembl.MGI:21528[1>0]
ENSMUSP00000108954	Ensembl:49176[2];Ensembl:49176[2>0]	ENSMUSG00000030067	CURATED:72[0];MGI:10840[13];MGI:10840[13|6>12|0];Ensembl.MGI:21528[1>0]
ENSMUSP00000108955	Ensembl:49178[2];Ensembl:49178[2>0]	ENSMUSG00000030067	CURATED:72[0];MGI:10840[13];MGI:10840[13|6>12|0];Ensembl.MGI:21528[1>0]
ENSMUSP00000108965	Ensembl:41068[2];Ensembl:41068[2>0]	ENSMUSG00000035158	CURATED:168[0];MGI:36378[13];MGI:36378[13|6>12|0];Ensembl.MGI:18273[1>0]
ENSMUSP00000109076	Ensembl:134362[2];Ensembl:134362[2>0]	ENSMUSG00000029249	CURATED:209[0];MGI:8870[13];MGI:8870[13|6>12|0];Ensembl.MGI:52483[1>0]
ENSMUSP00000109080	Ensembl:142464[2];Ensembl:142464[2>0]	ENSMUSG00000059325	CURATED:100[0];MGI:3591[13];MGI:3591[13|6>12|0];Ensembl.MGI:55106[1>0]
ENSMUSP00000109198	Ensembl:53868[2];Ensembl:53868[2>0]	ENSMUSG00000039153	CURATED:214[0];MGI:39119[13];MGI:39119[13|6>12|0];Ensembl.MGI:23408[1>0]
ENSMUSP00000109201	Ensembl:53873[2];Ensembl:53873[2>0]	ENSMUSG00000039153	CURATED:214[0];MGI:39119[13];MGI:39119[13|6>12|0];Ensembl.MGI:23408[1>0]
ENSMUSP00000109202	Ensembl:53862[2];Ensembl:53862[2>0]	ENSMUSG00000039153	CURATED:214[0];MGI:39119[13];MGI:39119[13|6>12|0];Ensembl.MGI:23408[1>0]
ENSMUSP00000109222	Ensembl:84163[2];Ensembl:84163[2>0]	ENSMUSG00000039476	CURATED:204[0];MGI:563131[13];MGI:189054[13|6>12|0];Ensembl.MGI:34639[1>0]
ENSMUSP00000109254	Ensembl:99626[2];Ensembl:99626[2>0]	ENSMUSG00000032238	CURATED:210[0];MGI:18025[13];MGI:18025[13|6>12|0];Ensembl.MGI:40181[1>0]
ENSMUSP00000109479	Ensembl:29224[2];Ensembl:29224[2>0]	ENSMUSG00000040732	CURATED:48[0];MGI:65773[13];MGI:65773[13|6>12|0];Ensembl.MGI:13190[1>0]
ENSMUSP00000109567	Ensembl:147826[2];Ensembl:147826[2>0]	ENSMUSG00000015846	CURATED:216[0];MGI:18105[13];MGI:18105[13|6>12|0];Ensembl.MGI:56805[1>0]
ENSMUSP00000109589	Ensembl:14349[2];Ensembl:14349[2>0]	ENSMUSG00000022952	CURATED:213[0];MGI:24709[13];MGI:24709[13|6>12|0];Ensembl.MGI:7196[1>0]
ENSMUSP00000109720	Ensembl:89215[2];Ensembl:89215[2>0]	ENSMUSG00000025959	CURATED:146[0];MGI:18267[13];MGI:18267[13|6>12|0];Ensembl.MGI:36454[1>0]
ENSMUSP00000109802	Ensembl:40311[2];Ensembl:40311[2>0]	ENSMUSG00000004661	CURATED:6[0];MGI:86648[13];MGI:28127[13|6>12|0];Ensembl.MGI:17991[1>0]
ENSMUSP00000110068	Ensembl:106598[2];Ensembl:106598[2>0]	ENSMUSG00000038227	CURATED:108[0];MGI:161747[13];MGI:161747[13|6>12|0];Ensembl.MGI:42788[1>0]
ENSMUSP00000110077	Ensembl:107112[2];Ensembl:107112[2>0]	ENSMUSG00000079560	CURATED:104[0];MGI:161745[13];MGI:161745[13|6>12|0];Ensembl.MGI:42952[1>0]
ENSMUSP00000110183	Ensembl:11902[2];Ensembl:11902[2>0]	ENSMUSG00000072419	CURATED:30[0];MGI:8522[13];MGI:8522[13|6>12|0];Ensembl.MGI:6078[1>0]
ENSMUSP00000110338	Ensembl:4343[2];Ensembl:4343[2>0]	ENSMUSG00000022708	CURATED:270[0];MGI:4436[13];MGI:4436[13|6>12|0];Ensembl.MGI:2728[1>0]
ENSMUSP00000110339	Ensembl:4333[2];Ensembl:4333[2>0]	ENSMUSG00000022708	CURATED:270[0];MGI:4436[13];MGI:4436[13|6>12|0];Ensembl.MGI:2728[1>0]
ENSMUSP00000110342	Ensembl:4330[2];Ensembl:4330[2>0]	ENSMUSG00000022708	CURATED:270[0];MGI:4436[13];MGI:4436[13|6>12|0];Ensembl.MGI:2728[1>0]
ENSMUSP00000110343	Ensembl:4344[2];Ensembl:4344[2>0]	ENSMUSG00000022708	CURATED:270[0];MGI:4436[13];MGI:4436[13|6>12|0];Ensembl.MGI:2728[1>0]
ENSMUSP00000110538	Ensembl:111695[2];Ensembl:111695[2>0]	ENSMUSG00000046711	CURATED:98[0];MGI:26959[13];MGI:26959[13|6>12|0];Ensembl.MGI:44650[1>0]
ENSMUSP00000111128	Ensembl:9535[2];Ensembl:9535[2>0]	ENSMUSG00000025912	CURATED:175[0];MGI:190864[13];MGI:173878[13|6>12|0];Ensembl.MGI:5037[1>0]
ENSMUSP00000111403	Ensembl:22807[2];Ensembl:22807[2>0]	ENSMUSG00000039521	CURATED:73[0];MGI:564093[13];MGI:100569[13|6>12|0];Ensembl.MGI:10638[1>0]
ENSMUSP00000111404	Ensembl:22804[2];Ensembl:22804[2>0]	ENSMUSG00000039521	CURATED:73[0];MGI:564093[13];MGI:100569[13|6>12|0];Ensembl.MGI:10638[1>0]
ENSMUSP00000111405	Ensembl:22806[2];Ensembl:22806[2>0]	ENSMUSG00000039521	CURATED:73[0];MGI:564093[13];MGI:100569[13|6>12|0];Ensembl.MGI:10638[1>0]
ENSMUSP00000112311	Ensembl:88998[2];Ensembl:88998[2>0]	ENSMUSG00000039656	CURATED:217[0];MGI:26958[13];MGI:26958[13|6>12|0];Ensembl.MGI:36374[1>0]
ENSMUSP00000112351	Ensembl:101940[2];Ensembl:101940[2>0]	ENSMUSG00000025902	CURATED:225[0];MGI:566108[13|6];MGI:566108[13|6>12|0];Ensembl.MGI:41126[1>0]
ENSMUSP00000112519	Ensembl:102617[2];Ensembl:102617[2>0]	ENSMUSG00000018604	CURATED:248[0];MGI:79417[13];MGI:79417[13|6>12|0];Ensembl.MGI:41341[1>0]
ENSMUSP00000112532	Ensembl:37721[2];Ensembl:37721[2>0]	ENSMUSG00000021848	CURATED:193[0];MGI:88143[13];MGI:88143[13|6>12|0];Ensembl.MGI:16912[1>0]
ENSMUSP00000112872	Ensembl:106658[2];Ensembl:106658[2>0]	ENSMUSG00000000938	CURATED:102[0];MGI:161748[13];MGI:161748[13|6>12|0];Ensembl.MGI:42810[1>0]
ENSMUSP00000112948	Ensembl:17332[2];Ensembl:17332[2>0]	ENSMUSG00000000861	CURATED:11[0];MGI:9828[13];MGI:9828[13|6>12|0];Ensembl.MGI:8348[1>0]
ENSMUSP00000113011	Ensembl:111704[2];Ensembl:111704[2>0]	ENSMUSG00000046711	CURATED:98[0];MGI:26959[13];MGI:26959[13|6>12|0];Ensembl.MGI:44650[1>0]
ENSMUSP00000113012	Ensembl:139327[2];Ensembl:139327[2>0]	ENSMUSG00000009248	CURATED:8[0];MGI:8517[13];MGI:8517[13|6>12|0];Ensembl.MGI:54127[1>0]
ENSMUSP00000113015	Ensembl:111692[2];Ensembl:111692[2>0]	ENSMUSG00000046711	CURATED:98[0];MGI:26959[13];MGI:26959[13|6>12|0];Ensembl.MGI:44650[1>0]
ENSMUSP00000113068	Ensembl:111703[2];Ensembl:111703[2>0]	ENSMUSG00000046711	CURATED:98[0];MGI:26959[13];MGI:26959[13|6>12|0];Ensembl.MGI:44650[1>0]
ENSMUSP00000113159	Ensembl:53403[2];Ensembl:53403[2>0]	ENSMUSG00000070691	CURATED:215[0];MGI:39131[13];MGI:39131[13|6>12|0];Ensembl.MGI:23185[1>0]
ENSMUSP00000113295	Ensembl:142463[2];Ensembl:142463[2>0]	ENSMUSG00000059325	CURATED:100[0];MGI:3591[13];MGI:3591[13|6>12|0];Ensembl.MGI:55106[1>0]
ENSMUSP00000113451	Ensembl:9310[2];Ensembl:9310[2>0]	ENSMUSG00000021944	CURATED:78[0];MGI:101205[13];MGI:101205[13|6>12|0];Ensembl.MGI:4951[1>0]
ENSMUSP00000113513	Ensembl:74435[2];Ensembl:74435[2>0]	ENSMUSG00000028266	CURATED:153[0];MGI:19245[13];MGI:19245[13|6>12|0];Ensembl.MGI:31205[1>0]
ENSMUSP00000113586	Ensembl:37726[2];Ensembl:37726[2>0]	ENSMUSG00000021848	CURATED:193[0];MGI:88143[13];MGI:88143[13|6>12|0];Ensembl.MGI:16912[1>0]
ENSMUSP00000113638	Ensembl:101075[2];Ensembl:101075[2>0]	ENSMUSG00000001419	CURATED:162[0];MGI:38180[13];MGI:38180[13|6>12|0];Ensembl.MGI:40776[1>0]
ENSMUSP00000113690	Ensembl:37728[2];Ensembl:37728[2>0]	ENSMUSG00000021848	CURATED:193[0];MGI:88143[13];MGI:88143[13|6>12|0];Ensembl.MGI:16912[1>0]
ENSMUSP00000113723	Ensembl:29229[2];Ensembl:29229[2>0]	ENSMUSG00000040732	CURATED:48[0];MGI:65773[13];MGI:65773[13|6>12|0];Ensembl.MGI:13190[1>0]
ENSMUSP00000113724	Ensembl:107063[2];Ensembl:107063[2>0]	ENSMUSG00000029844	CURATED:101[0];MGI:161746[13];MGI:161746[13|6>12|0];Ensembl.MGI:42933[1>0]
ENSMUSP00000113840	Ensembl:74436[2];Ensembl:74436[2>0]	ENSMUSG00000028266	CURATED:153[0];MGI:19245[13];MGI:19245[13|6>12|0];Ensembl.MGI:31205[1>0]
ENSMUSP00000113865	Ensembl:74437[2];Ensembl:74437[2>0]	ENSMUSG00000028266	CURATED:153[0];MGI:19245[13];MGI:19245[13|6>12|0];Ensembl.MGI:31205[1>0]
ENSMUSP00000113891	Ensembl:9308[2];Ensembl:9308[2>0]	ENSMUSG00000021944	CURATED:78[0];MGI:101205[13];MGI:101205[13|6>12|0];Ensembl.MGI:4951[1>0]
ENSMUSP00000113916	Ensembl:111697[2];Ensembl:111697[2>0]	ENSMUSG00000046711	CURATED:98[0];MGI:26959[13];MGI:26959[13|6>12|0];Ensembl.MGI:44650[1>0]
ENSMUSP00000113930	Ensembl:37720[2];Ensembl:37720[2>0]	ENSMUSG00000021848	CURATED:193[0];MGI:88143[13];MGI:88143[13|6>12|0];Ensembl.MGI:16912[1>0]
ENSMUSP00000114072	Ensembl:29226[2];Ensembl:29226[2>0]	ENSMUSG00000040732	CURATED:48[0];MGI:65773[13];MGI:65773[13|6>12|0];Ensembl.MGI:13190[1>0]
ENSMUSP00000114101	Ensembl:111707[2];Ensembl:111707[2>0]	ENSMUSG00000046711	CURATED:98[0];MGI:26959[13];MGI:26959[13|6>12|0];Ensembl.MGI:44650[1>0]
ENSMUSP00000114160	Ensembl:4364[2];Ensembl:4364[2>0]	ENSMUSG00000058794	CURATED:180[0];MGI:174594[13|6];MGI:174594[13|6>12|0];Ensembl.MGI:2737[1>0]
ENSMUSP00000114255	Ensembl:119681[2];Ensembl:119681[2>0]	ENSMUSG00000026436	CURATED:44[0];MGI:7670[13];MGI:7670[13|6>12|0];Ensembl.MGI:47313[1>0]
ENSMUSP00000114261	Ensembl:99662[2];Ensembl:99662[2>0]	ENSMUSG00000019564	CURATED:5[0];MGI:86647[13];MGI:28126[13|6>12|0];Ensembl.MGI:40192[1>0]
ENSMUSP00000114279	Ensembl:9312[2];Ensembl:9312[2>0]	ENSMUSG00000021944	CURATED:78[0];MGI:101205[13];MGI:101205[13|6>12|0];Ensembl.MGI:4951[1>0]
ENSMUSP00000114280	Ensembl:48070[2];Ensembl:48070[2>0]	ENSMUSG00000063889	CURATED:24[0];MGI:64827[13|6];MGI:64827[13|6>12|0];Ensembl.MGI:21105[1>0]
ENSMUSP00000114315	Ensembl:143332[2];Ensembl:143332[2>0]	ENSMUSG00000018899	CURATED:127[0];MGI:29446[13];MGI:29446[13|6>12|0];Ensembl.MGI:55376[1>0]
ENSMUSP00000114369	Ensembl:9313[2];Ensembl:9313[2>0]	ENSMUSG00000021944	CURATED:78[0];MGI:101205[13];MGI:101205[13|6>12|0];Ensembl.MGI:4951[1>0]
ENSMUSP00000114711	Ensembl:107113[2];Ensembl:107113[2>0]	ENSMUSG00000079560	CURATED:104[0];MGI:161745[13];MGI:161745[13|6>12|0];Ensembl.MGI:42952[1>0]
ENSMUSP00000114780	Ensembl:48084[2];Ensembl:48084[2>0]	ENSMUSG00000063889	CURATED:24[0];MGI:64827[13|6];MGI:64827[13|6>12|0];Ensembl.MGI:21105[1>0]
ENSMUSP00000114797	Ensembl:134211[2];Ensembl:134211[2>0]	ENSMUSG00000000247	CURATED:151[0];MGI:166743[13|6];MGI:166743[13|6>12|0];Ensembl.MGI:52419[1>0]
ENSMUSP00000114798	Ensembl:50941[2];Ensembl:50941[2>0]	ENSMUSG00000028163	CURATED:183[0];MGI:174607[13|6];MGI:174607[13|6>12|0];Ensembl.MGI:22193[1>0]
ENSMUSP00000114880	Ensembl:67692[2];Ensembl:67692[2>0]	ENSMUSG00000028565	CURATED:182[0];MGI:3869[13];MGI:3869[13|6>12|0];Ensembl.MGI:28838[1>0]
ENSMUSP00000115036	Ensembl:16431[2];Ensembl:16431[2>0]	ENSMUSG00000003847	CURATED:178[0];MGI:23262[13];MGI:23262[13|6>12|0];Ensembl.MGI:7976[1>0]
ENSMUSP00000115165	Ensembl:147823[2];Ensembl:147823[2>0]	ENSMUSG00000015846	CURATED:216[0];MGI:18105[13];MGI:18105[13|6>12|0];Ensembl.MGI:56805[1>0]
ENSMUSP00000115179	Ensembl:134213[2];Ensembl:134213[2>0]	ENSMUSG00000000247	CURATED:151[0];MGI:166743[13|6];MGI:166743[13|6>12|0];Ensembl.MGI:52419[1>0]
ENSMUSP00000115237	Ensembl:62215[2];Ensembl:62215[2>0]	ENSMUSG00000045179	CURATED:228[0];MGI:566118[13];MGI:566118[13|6>12|0];Ensembl.MGI:26814[1>0]
ENSMUSP00000115252	Ensembl:123447[2];Ensembl:123447[2>0]	ENSMUSG00000046323	CURATED:31[0];MGI:8506[13];MGI:8506[13|6>12|0];Ensembl.MGI:48496[1>0]
ENSMUSP00000115336	Ensembl:48074[2];Ensembl:48074[2>0]	ENSMUSG00000063889	CURATED:24[0];MGI:64827[13|6];MGI:64827[13|6>12|0];Ensembl.MGI:21105[1>0]
ENSMUSP00000115363	Ensembl:48078[2];Ensembl:48078[2>0]	ENSMUSG00000063889	CURATED:24[0];MGI:64827[13|6];MGI:64827[13|6>12|0];Ensembl.MGI:21105[1>0]
ENSMUSP00000115423	Ensembl:48060[2];Ensembl:48060[2>0]	ENSMUSG00000063889	CURATED:24[0];MGI:64827[13|6];MGI:64827[13|6>12|0];Ensembl.MGI:21105[1>0]
ENSMUSP00000115471	Ensembl:48066[2];Ensembl:48066[2>0]	ENSMUSG00000063889	CURATED:24[0];MGI:64827[13|6];MGI:64827[13|6>12|0];Ensembl.MGI:21105[1>0]
ENSMUSP00000115709	Ensembl:109498[2];Ensembl:109498[2>0]	ENSMUSG00000037868	CURATED:40[0];MGI:95100[13];MGI:95100[13|6>12|0];Ensembl.MGI:43871[1>0]
ENSMUSP00000115824	Ensembl:136629[2];Ensembl:136629[2>0]	ENSMUSG00000016503	CURATED:86[0];MGI:6983[13];MGI:6983[13|6>12|0];Ensembl.MGI:53210[1>0]
ENSMUSP00000115938	Ensembl:48082[2];Ensembl:48082[2>0]	ENSMUSG00000063889	CURATED:24[0];MGI:64827[13|6];MGI:64827[13|6>12|0];Ensembl.MGI:21105[1>0]
ENSMUSP00000116006	Ensembl:11989[2];Ensembl:11989[2>0]	ENSMUSG00000023927	CURATED:219[0];MGI:9252[13];MGI:9252[13|6>12|0];Ensembl.MGI:6124[1>0]
ENSMUSP00000116020	Ensembl:11992[2];Ensembl:11992[2>0]	ENSMUSG00000023927	CURATED:219[0];MGI:9252[13];MGI:9252[13|6>12|0];Ensembl.MGI:6124[1>0]
ENSMUSP00000116039	Ensembl:128077[2];Ensembl:128077[2>0]	ENSMUSG00000020248	CURATED:184[0];MGI:21499[13];MGI:21499[13|6>12|0];Ensembl.MGI:50189[1>0]
ENSMUSP00000116079	Ensembl:4371[2];Ensembl:4371[2>0]	ENSMUSG00000058794	CURATED:180[0];MGI:174594[13|6];MGI:174594[13|6>12|0];Ensembl.MGI:2737[1>0]
ENSMUSP00000116094	Ensembl:16429[2];Ensembl:16429[2>0]	ENSMUSG00000003847	CURATED:178[0];MGI:23262[13];MGI:23262[13|6>12|0];Ensembl.MGI:7976[1>0]
ENSMUSP00000116123	Ensembl:7786[2];Ensembl:7786[2>0]	ENSMUSG00000034998	CURATED:68[0];MGI:10969[13];MGI:10969[13|6>12|0];Ensembl.MGI:4290[1>0]
ENSMUSP00000116144	Ensembl:29178[2];Ensembl:29178[2>0]	ENSMUSG00000030557	CURATED:160[0];MGI:18849[13];MGI:18849[13|6>12|0];Ensembl.MGI:13170[1>0]
ENSMUSP00000116158	Ensembl:4368[2];Ensembl:4368[2>0]	ENSMUSG00000058794	CURATED:180[0];MGI:174594[13|6];MGI:174594[13|6>12|0];Ensembl.MGI:2737[1>0]
ENSMUSP00000116165	Ensembl:78239[2];Ensembl:78239[2>0]	ENSMUSG00000042903	CURATED:71[0];MGI:100564[11];MGI:100564[13|6>12|0];Ensembl.MGI:32576[1>0]
ENSMUSP00000116365	Ensembl:104989[2];Ensembl:104989[2>0]	ENSMUSG00000006932	CURATED:25[0];MGI:35392[13];MGI:35392[13|6>12|0];Ensembl.MGI:42271[1>0]
ENSMUSP00000116502	Ensembl:109500[2];Ensembl:109500[2>0]	ENSMUSG00000037868	CURATED:40[0];MGI:95100[13];MGI:95100[13|6>12|0];Ensembl.MGI:43871[1>0]
ENSMUSP00000116514	Ensembl:91225[2];Ensembl:91225[2>0]	ENSMUSG00000003032	CURATED:143[0];MGI:101670[13];MGI:101670[13|6>12|0];Ensembl.MGI:37141[1>0]
ENSMUSP00000116621	Ensembl:109497[2];Ensembl:109497[2>0]	ENSMUSG00000037868	CURATED:40[0];MGI:95100[13];MGI:95100[13|6>12|0];Ensembl.MGI:43871[1>0]
ENSMUSP00000116630	Ensembl:37724[2];Ensembl:37724[2>0]	ENSMUSG00000021848	CURATED:193[0];MGI:88143[13];MGI:88143[13|6>12|0];Ensembl.MGI:16912[1>0]
ENSMUSP00000116631	Ensembl:16425[2];Ensembl:16425[2>0]	ENSMUSG00000003847	CURATED:178[0];MGI:23262[13];MGI:23262[13|6>12|0];Ensembl.MGI:7976[1>0]
ENSMUSP00000116639	Ensembl:11998[2];Ensembl:11998[2>0]	ENSMUSG00000023927	CURATED:219[0];MGI:9252[13];MGI:9252[13|6>12|0];Ensembl.MGI:6124[1>0]
ENSMUSP00000116656	Ensembl:143339[2];Ensembl:143339[2>0]	ENSMUSG00000018899	CURATED:127[0];MGI:29446[13];MGI:29446[13|6>12|0];Ensembl.MGI:55376[1>0]
ENSMUSP00000116678	Ensembl:4370[2];Ensembl:4370[2>0]	ENSMUSG00000058794	CURATED:180[0];MGI:174594[13|6];MGI:174594[13|6>12|0];Ensembl.MGI:2737[1>0]
ENSMUSP00000116799	Ensembl:109503[2];Ensembl:109503[2>0]	ENSMUSG00000037868	CURATED:40[0];MGI:95100[13];MGI:95100[13|6>12|0];Ensembl.MGI:43871[1>0]
ENSMUSP00000116969	Ensembl:104984[2];Ensembl:104984[2>0]	ENSMUSG00000006932	CURATED:25[0];MGI:35392[13];MGI:35392[13|6>12|0];Ensembl.MGI:42271[1>0]
ENSMUSP00000117204	Ensembl:47696[2];Ensembl:47696[2>0]	ENSMUSG00000004043	CURATED:243[0];MGI:21438[13];MGI:21438[13|6>12|0];Ensembl.MGI:20980[1>0]
ENSMUSP00000117438	Ensembl:48063[2];Ensembl:48063[2>0]	ENSMUSG00000063889	CURATED:24[0];MGI:64827[13|6];MGI:64827[13|6>12|0];Ensembl.MGI:21105[1>0]
ENSMUSP00000117474	Ensembl:4366[2];Ensembl:4366[2>0]	ENSMUSG00000058794	CURATED:180[0];MGI:174594[13|6];MGI:174594[13|6>12|0];Ensembl.MGI:2737[1>0]
ENSMUSP00000117496	Ensembl:29170[2];Ensembl:29170[2>0]	ENSMUSG00000030557	CURATED:160[0];MGI:18849[13];MGI:18849[13|6>12|0];Ensembl.MGI:13170[1>0]
ENSMUSP00000117550	Ensembl:49187[2];Ensembl:49187[2>0]	ENSMUSG00000030067	CURATED:72[0];MGI:10840[13];MGI:10840[13|6>12|0];Ensembl.MGI:21528[1>0]
ENSMUSP00000117554	Ensembl:16436[2];Ensembl:16436[2>0]	ENSMUSG00000003847	CURATED:178[0];MGI:23262[13];MGI:23262[13|6>12|0];Ensembl.MGI:7976[1>0]
ENSMUSP00000117653	Ensembl:16764[2];Ensembl:16764[2>0]	ENSMUSG00000041649	CURATED:147[0];MGI:19372[13];MGI:19372[13|6>12|0];Ensembl.MGI:8105[1>0]
ENSMUSP00000117703	Ensembl:145598[2];Ensembl:145598[2>0]	ENSMUSG00000032698	CURATED:152[0];MGI:190607[13];MGI:166937[13|6>12|0];Ensembl.MGI:56031[1>0]
ENSMUSP00000117958	Ensembl:133407[2];Ensembl:133407[2>0]	ENSMUSG00000018654	CURATED:124[0];MGI:15595[13];MGI:15595[13|6>12|0];Ensembl.MGI:52129[1>0]
ENSMUSP00000118052	Ensembl:81424[2];Ensembl:81424[2>0]	ENSMUSG00000031162	CURATED:75[0];MGI:101197[13];MGI:101197[13|6>12|0];Ensembl.MGI:33636[1>0]
ENSMUSP00000118079	Ensembl:101830[2];Ensembl:101830[2>0]	ENSMUSG00000032446	CURATED:46[0];MGI:37628[13];MGI:37628[13|6>12|0];Ensembl.MGI:41076[1>0]
ENSMUSP00000118128	Ensembl:48062[2];Ensembl:48062[2>0]	ENSMUSG00000063889	CURATED:24[0];MGI:64827[13|6];MGI:64827[13|6>12|0];Ensembl.MGI:21105[1>0]
ENSMUSP00000118130	Ensembl:16435[2];Ensembl:16435[2>0]	ENSMUSG00000003847	CURATED:178[0];MGI:23262[13];MGI:23262[13|6>12|0];Ensembl.MGI:7976[1>0]
ENSMUSP00000118161	Ensembl:29016[2];Ensembl:29016[2>0]	ENSMUSG00000069171	CURATED:188[0];MGI:98467[13];MGI:98467[13|6>12|0];Ensembl.MGI:13107[1>0]
ENSMUSP00000118267	Ensembl:48056[2];Ensembl:48056[2>0]	ENSMUSG00000063889	CURATED:24[0];MGI:64827[13|6];MGI:64827[13|6>12|0];Ensembl.MGI:21105[1>0]
ENSMUSP00000118307	Ensembl:92477[2];Ensembl:92477[2>0]	ENSMUSG00000008496	CURATED:201[0];MGI:176985[13];MGI:176985[13|6>12|0];Ensembl.MGI:37552[1>0]
ENSMUSP00000118314	Ensembl:143336[2];Ensembl:143336[2>0]	ENSMUSG00000018899	CURATED:127[0];MGI:29446[13];MGI:29446[13|6>12|0];Ensembl.MGI:55376[1>0]
ENSMUSP00000118378	Ensembl:7788[2];Ensembl:7788[2>0]	ENSMUSG00000034998	CURATED:68[0];MGI:10969[13];MGI:10969[13|6>12|0];Ensembl.MGI:4290[1>0]
ENSMUSP00000118578	Ensembl:48064[2];Ensembl:48064[2>0]	ENSMUSG00000063889	CURATED:24[0];MGI:64827[13|6];MGI:64827[13|6>12|0];Ensembl.MGI:21105[1>0]
ENSMUSP00000118600	Ensembl:137006[2];Ensembl:137006[2>0]	ENSMUSG00000034762	CURATED:84[0];MGI:101703[13|6];MGI:101703[13|6>12|0];Ensembl.MGI:53339[1>0]
ENSMUSP00000118615	Ensembl:55612[2];Ensembl:55612[2>0]	ENSMUSG00000001288	CURATED:207[0];MGI:23998[13];MGI:23998[13|6>12|0];Ensembl.MGI:24073[1>0]
ENSMUSP00000118649	Ensembl:48069[2];Ensembl:48069[2>0]	ENSMUSG00000063889	CURATED:24[0];MGI:64827[13|6];MGI:64827[13|6>12|0];Ensembl.MGI:21105[1>0]
ENSMUSP00000118795	Ensembl:143335[2];Ensembl:143335[2>0]	ENSMUSG00000018899	CURATED:127[0];MGI:29446[13];MGI:29446[13|6>12|0];Ensembl.MGI:55376[1>0]
ENSMUSP00000118839	Ensembl:11994[2];Ensembl:11994[2>0]	ENSMUSG00000023927	CURATED:219[0];MGI:9252[13];MGI:9252[13|6>12|0];Ensembl.MGI:6124[1>0]
ENSMUSP00000118880	Ensembl:119680[2];Ensembl:119680[2>0]	ENSMUSG00000026436	CURATED:44[0];MGI:7670[13];MGI:7670[13|6>12|0];Ensembl.MGI:47313[1>0]
ENSMUSP00000118941	Ensembl:109502[2];Ensembl:109502[2>0]	ENSMUSG00000037868	CURATED:40[0];MGI:95100[13];MGI:95100[13|6>12|0];Ensembl.MGI:43871[1>0]
ENSMUSP00000118969	Ensembl:132898[2];Ensembl:132898[2>0]	ENSMUSG00000014592	CURATED:13[0];MGI:6742[13];MGI:6742[13|6>12|0];Ensembl.MGI:51932[1>0]
ENSMUSP00000119067	Ensembl:132893[2];Ensembl:132893[2>0]	ENSMUSG00000014592	CURATED:13[0];MGI:6742[13];MGI:6742[13|6>12|0];Ensembl.MGI:51932[1>0]
ENSMUSP00000119111	Ensembl:107159[2];Ensembl:107159[2>0]	ENSMUSG00000005503	CURATED:54[0];MGI:98962[13];MGI:98962[13|6>12|0];Ensembl.MGI:42962[1>0]
ENSMUSP00000119194	Ensembl:48083[2];Ensembl:48083[2>0]	ENSMUSG00000063889	CURATED:24[0];MGI:64827[13|6];MGI:64827[13|6>12|0];Ensembl.MGI:21105[1>0]
ENSMUSP00000119353	Ensembl:48065[2];Ensembl:48065[2>0]	ENSMUSG00000063889	CURATED:24[0];MGI:64827[13|6];MGI:64827[13|6>12|0];Ensembl.MGI:21105[1>0]
ENSMUSP00000119370	Ensembl:16428[2];Ensembl:16428[2>0]	ENSMUSG00000003847	CURATED:178[0];MGI:23262[13];MGI:23262[13|6>12|0];Ensembl.MGI:7976[1>0]
ENSMUSP00000119375	Ensembl:119444[2];Ensembl:119444[2>0]	ENSMUSG00000027168	CURATED:197[0];MGI:4727[13];MGI:4727[13|6>12|0];Ensembl.MGI:47218[1>0]
ENSMUSP00000119479	Ensembl:96694[2];Ensembl:96694[2>0]	ENSMUSG00000017950	CURATED:99[0];MGI:161644[13];MGI:161644[13|6>12|0];Ensembl.MGI:39104[1>0]
ENSMUSP00000119581	Ensembl:85666[2];Ensembl:85666[2>0]	ENSMUSG00000062327	CURATED:244[0];MGI:41582[13];MGI:41582[13|6>12|0];Ensembl.MGI:35115[1>0]
ENSMUSP00000119607	Ensembl:136627[2];Ensembl:136627[2>0]	ENSMUSG00000016503	CURATED:86[0];MGI:6983[13];MGI:6983[13|6>12|0];Ensembl.MGI:53210[1>0]
ENSMUSP00000119638	Ensembl:48075[2];Ensembl:48075[2>0]	ENSMUSG00000063889	CURATED:24[0];MGI:64827[13|6];MGI:64827[13|6>12|0];Ensembl.MGI:21105[1>0]
ENSMUSP00000119730	Ensembl:144410[2];Ensembl:144410[2>0]	ENSMUSG00000015619	CURATED:77[0];MGI:101201[13];MGI:101201[13|6>12|0];Ensembl.MGI:55660[1>0]
ENSMUSP00000119842	Ensembl:11993[2];Ensembl:11993[2>0]	ENSMUSG00000023927	CURATED:219[0];MGI:9252[13];MGI:9252[13|6>12|0];Ensembl.MGI:6124[1>0]
ENSMUSP00000119960	Ensembl:133408[2];Ensembl:133408[2>0]	ENSMUSG00000018654	CURATED:124[0];MGI:15595[13];MGI:15595[13|6>12|0];Ensembl.MGI:52129[1>0]
ENSMUSP00000120039	Ensembl:47698[2];Ensembl:47698[2>0]	ENSMUSG00000004043	CURATED:243[0];MGI:21438[13];MGI:21438[13|6>12|0];Ensembl.MGI:20980[1>0]
ENSMUSP00000120130	Ensembl:136403[2];Ensembl:136403[2>0]	ENSMUSG00000026872	CURATED:272[0];MGI:17429[13];MGI:17429[13|6>12|0];Ensembl.MGI:53126[1>0]
ENSMUSP00000120132	Ensembl:104990[2];Ensembl:104990[2>0]	ENSMUSG00000006932	CURATED:25[0];MGI:35392[13];MGI:35392[13|6>12|0];Ensembl.MGI:42271[1>0]
ENSMUSP00000120152	Ensembl:50392[2];Ensembl:50392[2>0]	ENSMUSG00000004040	CURATED:241[0];MGI:3785[13];MGI:3785[13|6>12|0];Ensembl.MGI:21980[1>0]
ENSMUSP00000120244	Ensembl:49184[2];Ensembl:49184[2>0]	ENSMUSG00000030067	CURATED:72[0];MGI:10840[13];MGI:10840[13|6>12|0];Ensembl.MGI:21528[1>0]
ENSMUSP00000120256	Ensembl:4369[2];Ensembl:4369[2>0]	ENSMUSG00000058794	CURATED:180[0];MGI:174594[13|6];MGI:174594[13|6>12|0];Ensembl.MGI:2737[1>0]
ENSMUSP00000120276	Ensembl:106656[2];Ensembl:106656[2>0]	ENSMUSG00000000938	CURATED:102[0];MGI:161748[13];MGI:161748[13|6>12|0];Ensembl.MGI:42810[1>0]
ENSMUSP00000120303	Ensembl:89397[2];Ensembl:89397[2>0]	ENSMUSG00000020167	CURATED:253[0];MGI:20040[13];MGI:20040[13|6>12|0];Ensembl.MGI:36510[1>0]
ENSMUSP00000120349	Ensembl:48079[2];Ensembl:48079[2>0]	ENSMUSG00000063889	CURATED:24[0];MGI:64827[13|6];MGI:64827[13|6>12|0];Ensembl.MGI:21105[1>0]
ENSMUSP00000120536	Ensembl:11990[2];Ensembl:11990[2>0]	ENSMUSG00000023927	CURATED:219[0];MGI:9252[13];MGI:9252[13|6>12|0];Ensembl.MGI:6124[1>0]
ENSMUSP00000120537	Ensembl:89217[2];Ensembl:89217[2>0]	ENSMUSG00000025959	CURATED:146[0];MGI:18267[13];MGI:18267[13|6>12|0];Ensembl.MGI:36454[1>0]
ENSMUSP00000120557	Ensembl:48080[2];Ensembl:48080[2>0]	ENSMUSG00000063889	CURATED:24[0];MGI:64827[13|6];MGI:64827[13|6>12|0];Ensembl.MGI:21105[1>0]
ENSMUSP00000121008	Ensembl:9311[2];Ensembl:9311[2>0]	ENSMUSG00000021944	CURATED:78[0];MGI:101205[13];MGI:101205[13|6>12|0];Ensembl.MGI:4951[1>0]
ENSMUSP00000121026	Ensembl:145028[2];Ensembl:145028[2>0]	ENSMUSG00000025498	CURATED:129[0];MGI:164545[13|6];MGI:164545[13|6>12|0];Ensembl.MGI:55857[1>0]
ENSMUSP00000121118	Ensembl:48058[2];Ensembl:48058[2>0]	ENSMUSG00000063889	CURATED:24[0];MGI:64827[13|6];MGI:64827[13|6>12|0];Ensembl.MGI:21105[1>0]
ENSMUSP00000121172	Ensembl:89393[2];Ensembl:89393[2>0]	ENSMUSG00000020167	CURATED:253[0];MGI:20040[13];MGI:20040[13|6>12|0];Ensembl.MGI:36510[1>0]
ENSMUSP00000121210	Ensembl:48089[2];Ensembl:48089[2>0]	ENSMUSG00000063889	CURATED:24[0];MGI:64827[13|6];MGI:64827[13|6>12|0];Ensembl.MGI:21105[1>0]
ENSMUSP00000121224	Ensembl:12000[2];Ensembl:12000[2>0]	ENSMUSG00000023927	CURATED:219[0];MGI:9252[13];MGI:9252[13|6>12|0];Ensembl.MGI:6124[1>0]
ENSMUSP00000121233	Ensembl:48057[2];Ensembl:48057[2>0]	ENSMUSG00000063889	CURATED:24[0];MGI:64827[13|6];MGI:64827[13|6>12|0];Ensembl.MGI:21105[1>0]
ENSMUSP00000121352	Ensembl:48067[2];Ensembl:48067[2>0]	ENSMUSG00000063889	CURATED:24[0];MGI:64827[13|6];MGI:64827[13|6>12|0];Ensembl.MGI:21105[1>0]
ENSMUSP00000121388	Ensembl:48071[2];Ensembl:48071[2>0]	ENSMUSG00000063889	CURATED:24[0];MGI:64827[13|6];MGI:64827[13|6>12|0];Ensembl.MGI:21105[1>0]
ENSMUSP00000121404	Ensembl:49186[2];Ensembl:49186[2>0]	ENSMUSG00000030067	CURATED:72[0];MGI:10840[13];MGI:10840[13|6>12|0];Ensembl.MGI:21528[1>0]
ENSMUSP00000121437	Ensembl:122963[2];Ensembl:122963[2>0]	ENSMUSG00000028717	CURATED:245[0];MGI:161897[13];MGI:161897[13|6>12|0];Ensembl.MGI:48327[1>0]
ENSMUSP00000121462	Ensembl:134216[2];Ensembl:134216[2>0]	ENSMUSG00000000247	CURATED:151[0];MGI:166743[13|6];MGI:166743[13|6>12|0];Ensembl.MGI:52419[1>0]
ENSMUSP00000121541	Ensembl:48073[2];Ensembl:48073[2>0]	ENSMUSG00000063889	CURATED:24[0];MGI:64827[13|6];MGI:64827[13|6>12|0];Ensembl.MGI:21105[1>0]
ENSMUSP00000121677	Ensembl:50395[2];Ensembl:50395[2>0]	ENSMUSG00000004040	CURATED:241[0];MGI:3785[13];MGI:3785[13|6>12|0];Ensembl.MGI:21980[1>0]
ENSMUSP00000121754	Ensembl:26061[2];Ensembl:26061[2>0]	ENSMUSG00000008398	CURATED:43[0];MGI:78039[13];MGI:78039[13|6>12|0];Ensembl.MGI:11960[1>0]
ENSMUSP00000121817	Ensembl:4363[2];Ensembl:4363[2>0]	ENSMUSG00000058794	CURATED:180[0];MGI:174594[13|6];MGI:174594[13|6>12|0];Ensembl.MGI:2737[1>0]
ENSMUSP00000121927	Ensembl:145600[2];Ensembl:145600[2>0]	ENSMUSG00000032698	CURATED:152[0];MGI:190607[13];MGI:166937[13|6>12|0];Ensembl.MGI:56031[1>0]
ENSMUSP00000122051	Ensembl:48059[2];Ensembl:48059[2>0]	ENSMUSG00000063889	CURATED:24[0];MGI:64827[13|6];MGI:64827[13|6>12|0];Ensembl.MGI:21105[1>0]
ENSMUSP00000122101	Ensembl:143337[2];Ensembl:143337[2>0]	ENSMUSG00000018899	CURATED:127[0];MGI:29446[13];MGI:29446[13|6>12|0];Ensembl.MGI:55376[1>0]
ENSMUSP00000122123	Ensembl:48081[2];Ensembl:48081[2>0]	ENSMUSG00000063889	CURATED:24[0];MGI:64827[13|6];MGI:64827[13|6>12|0];Ensembl.MGI:21105[1>0]
ENSMUSP00000122179	Ensembl:48085[2];Ensembl:48085[2>0]	ENSMUSG00000063889	CURATED:24[0];MGI:64827[13|6];MGI:64827[13|6>12|0];Ensembl.MGI:21105[1>0]
ENSMUSP00000122200	Ensembl:37725[2];Ensembl:37725[2>0]	ENSMUSG00000021848	CURATED:193[0];MGI:88143[13];MGI:88143[13|6>12|0];Ensembl.MGI:16912[1>0]
ENSMUSP00000122241	Ensembl:48077[2];Ensembl:48077[2>0]	ENSMUSG00000063889	CURATED:24[0];MGI:64827[13|6];MGI:64827[13|6>12|0];Ensembl.MGI:21105[1>0]
ENSMUSP00000122282	Ensembl:48090[2];Ensembl:48090[2>0]	ENSMUSG00000063889	CURATED:24[0];MGI:64827[13|6];MGI:64827[13|6>12|0];Ensembl.MGI:21105[1>0]
ENSMUSP00000122324	Ensembl:26060[2];Ensembl:26060[2>0]	ENSMUSG00000008398	CURATED:43[0];MGI:78039[13];MGI:78039[13|6>12|0];Ensembl.MGI:11960[1>0]
ENSMUSP00000122369	Ensembl:145596[2];Ensembl:145596[2>0]	ENSMUSG00000032698	CURATED:152[0];MGI:190607[13];MGI:166937[13|6>12|0];Ensembl.MGI:56031[1>0]
ENSMUSP00000122403	Ensembl:128072[2];Ensembl:128072[2>0]	ENSMUSG00000020248	CURATED:184[0];MGI:21499[13];MGI:21499[13|6>12|0];Ensembl.MGI:50189[1>0]
ENSMUSP00000122476	Ensembl:4365[2];Ensembl:4365[2>0]	ENSMUSG00000058794	CURATED:180[0];MGI:174594[13|6];MGI:174594[13|6>12|0];Ensembl.MGI:2737[1>0]
ENSMUSP00000122557	Ensembl:48076[2];Ensembl:48076[2>0]	ENSMUSG00000063889	CURATED:24[0];MGI:64827[13|6];MGI:64827[13|6>12|0];Ensembl.MGI:21105[1>0]
ENSMUSP00000122618	Ensembl:29018[2];Ensembl:29018[2>0]	ENSMUSG00000069171	CURATED:188[0];MGI:98467[13];MGI:98467[13|6>12|0];Ensembl.MGI:13107[1>0]
ENSMUSP00000122641	Ensembl:67697[2];Ensembl:67697[2>0]	ENSMUSG00000028565	CURATED:182[0];MGI:3869[13];MGI:3869[13|6>12|0];Ensembl.MGI:28838[1>0]
ENSMUSP00000122871	Ensembl:16434[2];Ensembl:16434[2>0]	ENSMUSG00000003847	CURATED:178[0];MGI:23262[13];MGI:23262[13|6>12|0];Ensembl.MGI:7976[1>0]
ENSMUSP00000123064	Ensembl:4367[2];Ensembl:4367[2>0]	ENSMUSG00000058794	CURATED:180[0];MGI:174594[13|6];MGI:174594[13|6>12|0];Ensembl.MGI:2737[1>0]
ENSMUSP00000123409	Ensembl:11997[2];Ensembl:11997[2>0]	ENSMUSG00000023927	CURATED:219[0];MGI:9252[13];MGI:9252[13|6>12|0];Ensembl.MGI:6124[1>0]
ENSMUSP00000123433	Ensembl:41070[2];Ensembl:41070[2>0]	ENSMUSG00000035158	CURATED:168[0];MGI:36378[13];MGI:36378[13|6>12|0];Ensembl.MGI:18273[1>0]
ENSMUSP00000123454	Ensembl:37723[2];Ensembl:37723[2>0]	ENSMUSG00000021848	CURATED:193[0];MGI:88143[13];MGI:88143[13|6>12|0];Ensembl.MGI:16912[1>0]
ENSMUSP00000123511	Ensembl:96697[2];Ensembl:96697[2>0]	ENSMUSG00000017950	CURATED:99[0];MGI:161644[13];MGI:161644[13|6>12|0];Ensembl.MGI:39104[1>0]
ENSMUSP00000123515	Ensembl:48072[2];Ensembl:48072[2>0]	ENSMUSG00000063889	CURATED:24[0];MGI:64827[13|6];MGI:64827[13|6>12|0];Ensembl.MGI:21105[1>0]
ENSMUSP00000123620	Ensembl:81425[2];Ensembl:81425[2>0]	ENSMUSG00000031162	CURATED:75[0];MGI:101197[13];MGI:101197[13|6>12|0];Ensembl.MGI:33636[1>0]
ENSMUSP00000123687	Ensembl:91224[2];Ensembl:91224[2>0]	ENSMUSG00000003032	CURATED:143[0];MGI:101670[13];MGI:101670[13|6>12|0];Ensembl.MGI:37141[1>0]
ENSMUSP00000123707	Ensembl:53863[2];Ensembl:53863[2>0]	ENSMUSG00000039153	CURATED:214[0];MGI:39119[13];MGI:39119[13|6>12|0];Ensembl.MGI:23408[1>0]
ENSMUSP00000123723	Ensembl:131517[2];Ensembl:131517[2>0]	ENSMUSG00000032280	CURATED:261[0];MGI:9149[13];MGI:9149[13|6>12|0];Ensembl.MGI:51520[1>0]
ENSMUSP00000123743	Ensembl:53867[2];Ensembl:53867[2>0]	ENSMUSG00000039153	CURATED:214[0];MGI:39119[13];MGI:39119[13|6>12|0];Ensembl.MGI:23408[1>0]
ENSMUSP00000123821	Ensembl:8532[2];Ensembl:8532[2>0]	ENSMUSG00000022346	CURATED:176[0];MGI:29060[13];MGI:29060[13|6>12|0];Ensembl.MGI:4600[1>0]
ENSMUSP00000123852	Ensembl:8537[2];Ensembl:8537[2>0]	ENSMUSG00000022346	CURATED:176[0];MGI:29060[13];MGI:29060[13|6>12|0];Ensembl.MGI:4600[1>0]
ENSMUSP00000124055	Ensembl:131512[2];Ensembl:131512[2>0]	ENSMUSG00000032280	CURATED:261[0];MGI:9149[13];MGI:9149[13|6>12|0];Ensembl.MGI:51520[1>0]
ENSMUSP00000124126	Ensembl:4336[2];Ensembl:4336[2>0]	ENSMUSG00000022708	CURATED:270[0];MGI:4436[13];MGI:4436[13|6>12|0];Ensembl.MGI:2728[1>0]
ENSMUSP00000124131	Ensembl:131511[2];Ensembl:131511[2>0]	ENSMUSG00000032280	CURATED:261[0];MGI:9149[13];MGI:9149[13|6>12|0];Ensembl.MGI:51520[1>0]
ENSMUSP00000124150	Ensembl:131520[2];Ensembl:131520[2>0]	ENSMUSG00000032280	CURATED:261[0];MGI:9149[13];MGI:9149[13|6>12|0];Ensembl.MGI:51520[1>0]
ENSMUSP00000124158	Ensembl:131515[2];Ensembl:131515[2>0]	ENSMUSG00000032280	CURATED:261[0];MGI:9149[13];MGI:9149[13|6>12|0];Ensembl.MGI:51520[1>0]
ENSMUSP00000124173	Ensembl:131513[2];Ensembl:131513[2>0]	ENSMUSG00000032280	CURATED:261[0];MGI:9149[13];MGI:9149[13|6>12|0];Ensembl.MGI:51520[1>0]
ENSMUSP00000124189	Ensembl:4340[2];Ensembl:4340[2>0]	ENSMUSG00000022708	CURATED:270[0];MGI:4436[13];MGI:4436[13|6>12|0];Ensembl.MGI:2728[1>0]
ENSMUSP00000124199	Ensembl:53869[2];Ensembl:53869[2>0]	ENSMUSG00000039153	CURATED:214[0];MGI:39119[13];MGI:39119[13|6>12|0];Ensembl.MGI:23408[1>0]
ENSMUSP00000124204	Ensembl:23583[2];Ensembl:23583[2>0]	ENSMUSG00000029754	CURATED:29[0];MGI:86121[13|6];MGI:86121[13|6>12|0];Ensembl.MGI:10931[1>0]
ENSMUSP00000124374	Ensembl:53866[2];Ensembl:53866[2>0]	ENSMUSG00000039153	CURATED:214[0];MGI:39119[13];MGI:39119[13|6>12|0];Ensembl.MGI:23408[1>0]
ENSMUSP00000124395	Ensembl:51192[2];Ensembl:51192[2>0]	ENSMUSG00000024238	CURATED:271[0];MGI:10768[13];MGI:10768[13|6>12|0];Ensembl.MGI:22292[1>0]
ENSMUSP00000124432	Ensembl:131510[2];Ensembl:131510[2>0]	ENSMUSG00000032280	CURATED:261[0];MGI:9149[13];MGI:9149[13|6>12|0];Ensembl.MGI:51520[1>0]
ENSMUSP00000124494	Ensembl:53865[2];Ensembl:53865[2>0]	ENSMUSG00000039153	CURATED:214[0];MGI:39119[13];MGI:39119[13|6>12|0];Ensembl.MGI:23408[1>0]
ENSMUSP00000124507	Ensembl:51194[2];Ensembl:51194[2>0]	ENSMUSG00000024238	CURATED:271[0];MGI:10768[13];MGI:10768[13|6>12|0];Ensembl.MGI:22292[1>0]
ENSMUSP00000124557	Ensembl:131516[2];Ensembl:131516[2>0]	ENSMUSG00000032280	CURATED:261[0];MGI:9149[13];MGI:9149[13|6>12|0];Ensembl.MGI:51520[1>0]
ENSMUSP00000124738	Ensembl:137631[2];Ensembl:137631[2>0]	ENSMUSG00000026565	CURATED:200[0];MGI:10164[13];MGI:10164[13|6>12|0];Ensembl.MGI:53587[1>0]
ENSMUSP00000124758	Ensembl:8534[2];Ensembl:8534[2>0]	ENSMUSG00000022346	CURATED:176[0];MGI:29060[13];MGI:29060[13|6>12|0];Ensembl.MGI:4600[1>0]
ENSMUSP00000124798	Ensembl:4339[2];Ensembl:4339[2>0]	ENSMUSG00000022708	CURATED:270[0];MGI:4436[13];MGI:4436[13|6>12|0];Ensembl.MGI:2728[1>0]
ENSMUSP00000124815	Ensembl:51196[2];Ensembl:51196[2>0]	ENSMUSG00000024238	CURATED:271[0];MGI:10768[13];MGI:10768[13|6>12|0];Ensembl.MGI:22292[1>0]
ENSMUSP00000124918	Ensembl:53864[2];Ensembl:53864[2>0]	ENSMUSG00000039153	CURATED:214[0];MGI:39119[13];MGI:39119[13|6>12|0];Ensembl.MGI:23408[1>0]
ENSMUSP00000124951	Ensembl:106234[2];Ensembl:106234[2>0]	ENSMUSG00000037335	CURATED:87[0];MGI:95115[13];MGI:95115[13|6>12|0];Ensembl.MGI:42668[1>0]
ENSMUSP00000124977	Ensembl:131509[2];Ensembl:131509[2>0]	ENSMUSG00000032280	CURATED:261[0];MGI:9149[13];MGI:9149[13|6>12|0];Ensembl.MGI:51520[1>0]
ENSMUSP00000124983	Ensembl:122965[2];Ensembl:122965[2>0]	ENSMUSG00000028717	CURATED:245[0];MGI:161897[13];MGI:161897[13|6>12|0];Ensembl.MGI:48327[1>0]
ENSMUSP00000124984	Ensembl:4328[2];Ensembl:4328[2>0]	ENSMUSG00000022708	CURATED:270[0];MGI:4436[13];MGI:4436[13|6>12|0];Ensembl.MGI:2728[1>0]
ENSMUSP00000125011	Ensembl:131518[2];Ensembl:131518[2>0]	ENSMUSG00000032280	CURATED:261[0];MGI:9149[13];MGI:9149[13|6>12|0];Ensembl.MGI:51520[1>0]
ENSMUSP00000125016	Ensembl:4337[2];Ensembl:4337[2>0]	ENSMUSG00000022708	CURATED:270[0];MGI:4436[13];MGI:4436[13|6>12|0];Ensembl.MGI:2728[1>0]
ENSMUSP00000125029	Ensembl:98217[2];Ensembl:98217[2>0]	ENSMUSG00000041515	CURATED:130[0];MGI:26535[13];MGI:26535[13|6>12|0];Ensembl.MGI:39697[1>0]
ENSMUSP00000125032	Ensembl:131514[2];Ensembl:131514[2>0]	ENSMUSG00000032280	CURATED:261[0];MGI:9149[13];MGI:9149[13|6>12|0];Ensembl.MGI:51520[1>0]
ENSMUSP00000125049	Ensembl:131507[2];Ensembl:131507[2>0]	ENSMUSG00000032280	CURATED:261[0];MGI:9149[13];MGI:9149[13|6>12|0];Ensembl.MGI:51520[1>0]
ENSMUSP00000125169	Ensembl:118425[2];Ensembl:118425[2>0]	ENSMUSG00000038805	CURATED:220[0];MGI:88088[13];MGI:88088[13|6>12|0];Ensembl.MGI:46883[1>0]
ENSMUSP00000125196	Ensembl:53870[2];Ensembl:53870[2>0]	ENSMUSG00000039153	CURATED:214[0];MGI:39119[13];MGI:39119[13|6>12|0];Ensembl.MGI:23408[1>0]
ENSMUSP00000125202	Ensembl:122964[2];Ensembl:122964[2>0]	ENSMUSG00000028717	CURATED:245[0];MGI:161897[13];MGI:161897[13|6>12|0];Ensembl.MGI:48327[1>0]
ENSMUSP00000125233	Ensembl:4331[2];Ensembl:4331[2>0]	ENSMUSG00000022708	CURATED:270[0];MGI:4436[13];MGI:4436[13|6>12|0];Ensembl.MGI:2728[1>0]
ENSMUSP00000125241	Ensembl:4338[2];Ensembl:4338[2>0]	ENSMUSG00000022708	CURATED:270[0];MGI:4436[13];MGI:4436[13|6>12|0];Ensembl.MGI:2728[1>0]
ENSMUSP00000125284	Ensembl:53871[2];Ensembl:53871[2>0]	ENSMUSG00000039153	CURATED:214[0];MGI:39119[13];MGI:39119[13|6>12|0];Ensembl.MGI:23408[1>0]
ENSMUSP00000125371	Ensembl:137632[2];Ensembl:137632[2>0]	ENSMUSG00000026565	CURATED:200[0];MGI:10164[13];MGI:10164[13|6>12|0];Ensembl.MGI:53587[1>0]
ENSMUSP00000125443	Ensembl:98216[2];Ensembl:98216[2>0]	ENSMUSG00000041515	CURATED:130[0];MGI:26535[13];MGI:26535[13|6>12|0];Ensembl.MGI:39697[1>0]
ENSMUSP00000125444	Ensembl:137635[2];Ensembl:137635[2>0]	ENSMUSG00000026565	CURATED:200[0];MGI:10164[13];MGI:10164[13|6>12|0];Ensembl.MGI:53587[1>0]
ENSMUSP00000125447	Ensembl:98213[2];Ensembl:98213[2>0]	ENSMUSG00000041515	CURATED:130[0];MGI:26535[13];MGI:26535[13|6>12|0];Ensembl.MGI:39697[1>0]
ENSMUSP00000125480	Ensembl:8536[2];Ensembl:8536[2>0]	ENSMUSG00000022346	CURATED:176[0];MGI:29060[13];MGI:29060[13|6>12|0];Ensembl.MGI:4600[1>0]
ENSMUSP00000125498	Ensembl:53860[2];Ensembl:53860[2>0]	ENSMUSG00000039153	CURATED:214[0];MGI:39119[13];MGI:39119[13|6>12|0];Ensembl.MGI:23408[1>0]
ENSMUSP00000125520	Ensembl:101105[2];Ensembl:101105[2>0]	ENSMUSG00000058239	CURATED:266[0];MGI:749629[13|6];MGI:749629[13|6>12|0];Ensembl.MGI:40785[1>0]
ENSMUSP00000125537	Ensembl:131519[2];Ensembl:131519[2>0]	ENSMUSG00000032280	CURATED:261[0];MGI:9149[13];MGI:9149[13|6>12|0];Ensembl.MGI:51520[1>0]
ENSMUSP00000125763	Ensembl:104986[2];Ensembl:104986[2>0]	ENSMUSG00000006932	CURATED:25[0];MGI:35392[13];MGI:35392[13|6>12|0];Ensembl.MGI:42271[1>0]
ENSMUSP00000126404	Ensembl:75965[2];Ensembl:75965[2>0]	ENSMUSG00000051910	CURATED:230[0];MGI:26623[13];MGI:26623[13|6>12|0];Ensembl.MGI:31760[1>0]
ENSMUSP00000126418	Ensembl:134067[2];Ensembl:134067[2>0]	ENSMUSG00000030699	CURATED:251[0];MGI:563040[13];MGI:563040[13|6>12|0];Ensembl.MGI:52391[1>0]
ENSMUSP00000126691	Ensembl:7671[2];Ensembl:7671[2>0]	ENSMUSG00000001504	CURATED:131[0];MGI:164572[13|6];MGI:164572[13|6>12|0];Ensembl.MGI:4229[1>0]
ENSMUSP00000126871	Ensembl:116816[2];Ensembl:116816[2>0]	ENSMUSG00000037174	CURATED:42[0];MGI:9076[13];MGI:9076[13|6>12|0];Ensembl.MGI:46374[1>0]
ENSMUSP00000126889	Ensembl:40307[2];Ensembl:40307[2>0]	ENSMUSG00000004661	CURATED:6[0];MGI:86648[13];MGI:28127[13|6>12|0];Ensembl.MGI:17991[1>0]
ENSMUSP00000126905	Ensembl:104991[2];Ensembl:104991[2>0]	ENSMUSG00000006932	CURATED:25[0];MGI:35392[13];MGI:35392[13|6>12|0];Ensembl.MGI:42271[1>0]
ENSMUSP00000127353	Ensembl:48093[2];Ensembl:48093[2>0]	ENSMUSG00000063889	CURATED:24[0];MGI:64827[13|6];MGI:64827[13|6>12|0];Ensembl.MGI:21105[1>0]
ENSMUSP00000127525	Ensembl:40310[2];Ensembl:40310[2>0]	ENSMUSG00000004661	CURATED:6[0];MGI:86648[13];MGI:28127[13|6>12|0];Ensembl.MGI:17991[1>0]
ENSMUSP00000127784	Ensembl:16438[2];Ensembl:16438[2>0]	ENSMUSG00000003847	CURATED:178[0];MGI:23262[13];MGI:23262[13|6>12|0];Ensembl.MGI:7976[1>0]
ENSMUSP00000127908	Ensembl:101106[2];Ensembl:101106[2>0]	ENSMUSG00000058239	CURATED:266[0];MGI:749629[13|6];MGI:749629[13|6>12|0];Ensembl.MGI:40785[1>0]
ENSMUSP00000127952	Ensembl:21326[2];Ensembl:21326[2>0]	ENSMUSG00000038482	CURATED:258[0];MGI:569176[13|6];MGI:569176[13|6>12|0];Ensembl.MGI:10049[1>0]
ENSMUSP00000127963	Ensembl:7669[2];Ensembl:7669[2>0]	ENSMUSG00000001504	CURATED:131[0];MGI:164572[13|6];MGI:164572[13|6>12|0];Ensembl.MGI:4229[1>0]
ENSMUSP00000128052	Ensembl:29531[2];Ensembl:29531[2>0]	ENSMUSG00000026815	CURATED:83[0];MGI:101525[13|6];MGI:101525[13|6>12|0];Ensembl.MGI:13289[1>0]
ENSMUSP00000128198	Ensembl:9348[2];Ensembl:9348[2>0]	ENSMUSG00000015053	CURATED:76[0];MGI:101199[13];MGI:101199[13|6>12|0];Ensembl.MGI:4965[1>0]
ENSMUSP00000128260	Ensembl:53342[2];Ensembl:53342[2>0]	ENSMUSG00000032411	CURATED:259[0];MGI:3705[13];MGI:3705[13|6>12|0];Ensembl.MGI:23152[1>0]
ENSMUSP00000128317	Ensembl:145597[2];Ensembl:145597[2>0]	ENSMUSG00000032698	CURATED:152[0];MGI:190607[13];MGI:166937[13|6>12|0];Ensembl.MGI:56031[1>0]
ENSMUSP00000128338	Ensembl:42042[2];Ensembl:42042[2>0]	ENSMUSG00000013089	CURATED:52[0];MGI:3409[13];MGI:3409[13|6>12|0];Ensembl.MGI:18672[1>0]
ENSMUSP00000128345	Ensembl:50949[2];Ensembl:50949[2>0]	ENSMUSG00000028163	CURATED:183[0];MGI:174607[13|6];MGI:174607[13|6>12|0];Ensembl.MGI:22193[1>0]
ENSMUSP00000128457	Ensembl:149084[2];Ensembl:149084[2>0]	ENSMUSG00000002111	CURATED:238[0];MGI:563961[11];MGI:564120[13|6>12|0];Ensembl.MGI:57156[1>0]
ENSMUSP00000128564	Ensembl:104996[2];Ensembl:104996[2>0]	ENSMUSG00000006932	CURATED:25[0];MGI:35392[13];MGI:35392[13|6>12|0];Ensembl.MGI:42271[1>0]
ENSMUSP00000128585	Ensembl:23586[2];Ensembl:23586[2>0]	ENSMUSG00000029754	CURATED:29[0];MGI:86121[13|6];MGI:86121[13|6>12|0];Ensembl.MGI:10931[1>0]
ENSMUSP00000128841	Ensembl:12002[2];Ensembl:12002[2>0]	ENSMUSG00000023927	CURATED:219[0];MGI:9252[13];MGI:9252[13|6>12|0];Ensembl.MGI:6124[1>0]
ENSMUSP00000128848	Ensembl:122926[2];Ensembl:122926[2>0]	ENSMUSG00000047751	CURATED:267[0];MGI:25074[13];MGI:25074[13|6>12|0];Ensembl.MGI:48317[1>0]
ENSMUSP00000128858	Ensembl:104995[2];Ensembl:104995[2>0]	ENSMUSG00000006932	CURATED:25[0];MGI:35392[13];MGI:35392[13|6>12|0];Ensembl.MGI:42271[1>0]
ENSMUSP00000128880	Ensembl:109065[2];Ensembl:109065[2>0]	ENSMUSG00000014030	CURATED:196[0];MGI:186229[13];MGI:186229[13|6>12|0];Ensembl.MGI:43728[1>0]
ENSMUSP00000129027	Ensembl:75979[2];Ensembl:75979[2>0]	ENSMUSG00000051910	CURATED:230[0];MGI:26623[13];MGI:26623[13|6>12|0];Ensembl.MGI:31760[1>0]
ENSMUSP00000129230	Ensembl:45124[2];Ensembl:45124[2>0]	ENSMUSG00000036602	CURATED:2[0];MGI:23565[13];MGI:23565[13|6>12|0];Ensembl.MGI:19924[1>0]
ENSMUSP00000129344	Ensembl:119456[2];Ensembl:119456[2>0]	ENSMUSG00000027168	CURATED:197[0];MGI:4727[13];MGI:4727[13|6>12|0];Ensembl.MGI:47218[1>0]
ENSMUSP00000129363	Ensembl:141910[2];Ensembl:141910[2>0]	ENSMUSG00000029178	CURATED:142[0];MGI:18333[13];MGI:18333[13|6>12|0];Ensembl.MGI:54989[1>0]
ENSMUSP00000129512	Ensembl:75977[2];Ensembl:75977[2>0]	ENSMUSG00000051910	CURATED:230[0];MGI:26623[13];MGI:26623[13|6>12|0];Ensembl.MGI:31760[1>0]
ENSMUSP00000129791	Ensembl:29522[2];Ensembl:29522[2>0]	ENSMUSG00000037992	CURATED:205[0];MGI:190162[13|6];MGI:190162[13|6>12|0];Ensembl.MGI:13285[1>0]
ENSMUSP00000129922	Ensembl:125869[2];Ensembl:125869[2>0]	ENSMUSG00000028640	CURATED:257[0];MGI:20203[13];MGI:20203[13|6>12|0];Ensembl.MGI:49379[1>0]
ENSMUSP00000130032	Ensembl:67699[2];Ensembl:67699[2>0]	ENSMUSG00000028565	CURATED:182[0];MGI:3869[13];MGI:3869[13|6>12|0];Ensembl.MGI:28838[1>0]
ENSMUSP00000130173	Ensembl:40308[2];Ensembl:40308[2>0]	ENSMUSG00000004661	CURATED:6[0];MGI:86648[13];MGI:28127[13|6>12|0];Ensembl.MGI:17991[1>0]
ENSMUSP00000130285	Ensembl:8535[2];Ensembl:8535[2>0]	ENSMUSG00000022346	CURATED:176[0];MGI:29060[13];MGI:29060[13|6>12|0];Ensembl.MGI:4600[1>0]
ENSMUSP00000130298	Ensembl:101103[2];Ensembl:101103[2>0]	ENSMUSG00000058239	CURATED:266[0];MGI:749629[13|6];MGI:749629[13|6>12|0];Ensembl.MGI:40785[1>0]
ENSMUSP00000130368	Ensembl:149079[2];Ensembl:149079[2>0]	ENSMUSG00000002111	CURATED:238[0];MGI:563961[11];MGI:564120[13|6>12|0];Ensembl.MGI:57156[1>0]
ENSMUSP00000130471	Ensembl:104992[2];Ensembl:104992[2>0]	ENSMUSG00000006932	CURATED:25[0];MGI:35392[13];MGI:35392[13|6>12|0];Ensembl.MGI:42271[1>0]
ENSMUSP00000130713	Ensembl:28101[2];Ensembl:28101[2>0]	ENSMUSG00000062939	CURATED:242[0];MGI:566979[13|6];MGI:566979[13|6>12|0];Ensembl.MGI:12784[1>0]
ENSMUSP00000130761	Ensembl:57263[2];Ensembl:57263[2>0]	ENSMUSG00000030199	CURATED:53[0];MGI:31188[13];MGI:31188[13|6>12|0];Ensembl.MGI:24719[1>0]
ENSMUSP00000130902	Ensembl:40314[2];Ensembl:40314[2>0]	ENSMUSG00000004661	CURATED:6[0];MGI:86648[13];MGI:28127[13|6>12|0];Ensembl.MGI:17991[1>0]
ENSMUSP00000131079	Ensembl:14350[2];Ensembl:14350[2>0]	ENSMUSG00000022952	CURATED:213[0];MGI:24709[13];MGI:24709[13|6>12|0];Ensembl.MGI:7196[1>0]
ENSMUSP00000131306	Ensembl:138613[2];Ensembl:138613[2>0]	ENSMUSG00000026970	CURATED:208[0];MGI:8785[13];MGI:8785[13|6>12|0];Ensembl.MGI:53873[1>0]
ENSMUSP00000131677	Ensembl:40312[2];Ensembl:40312[2>0]	ENSMUSG00000004661	CURATED:6[0];MGI:86648[13];MGI:28127[13|6>12|0];Ensembl.MGI:17991[1>0]
ENSMUSP00000131791	Ensembl:42041[2];Ensembl:42041[2>0]	ENSMUSG00000013089	CURATED:52[0];MGI:3409[13];MGI:3409[13|6>12|0];Ensembl.MGI:18672[1>0]
ENSMUSP00000132021	Ensembl:101108[2];Ensembl:101108[2>0]	ENSMUSG00000058239	CURATED:266[0];MGI:749629[13|6];MGI:749629[13|6>12|0];Ensembl.MGI:40785[1>0]
ENSMUSP00000132210	Ensembl:42044[2];Ensembl:42044[2>0]	ENSMUSG00000013089	CURATED:52[0];MGI:3409[13];MGI:3409[13|6>12|0];Ensembl.MGI:18672[1>0]
ENSMUSP00000132232	Ensembl:101110[2];Ensembl:101110[2>0]	ENSMUSG00000058239	CURATED:266[0];MGI:749629[13|6];MGI:749629[13|6>12|0];Ensembl.MGI:40785[1>0]
ENSMUSP00000132256	Ensembl:101101[2];Ensembl:101101[2>0]	ENSMUSG00000058239	CURATED:266[0];MGI:749629[13|6];MGI:749629[13|6>12|0];Ensembl.MGI:40785[1>0]
ENSMUSP00000132563	Ensembl:144780[2];Ensembl:144780[2>0]	ENSMUSG00000010476	CURATED:37[0];MGI:10727[13];MGI:10727[13|6>12|0];Ensembl.MGI:55806[1>0]
ENSMUSP00000132766	Ensembl:29227[2];Ensembl:29227[2>0]	ENSMUSG00000040732	CURATED:48[0];MGI:65773[13];MGI:65773[13|6>12|0];Ensembl.MGI:13190[1>0]
ENSMUSP00000132833	Ensembl:101107[2];Ensembl:101107[2>0]	ENSMUSG00000058239	CURATED:266[0];MGI:749629[13|6];MGI:749629[13|6>12|0];Ensembl.MGI:40785[1>0]
ENSMUSP00000132860	Ensembl:89630[2];Ensembl:89630[2>0]	ENSMUSG00000025958	CURATED:23[0];MGI:7501[13];MGI:7501[13|6>12|0];Ensembl.MGI:36591[1>0]
ENSMUSP00000132934	Ensembl:53330[2];Ensembl:53330[2>0]	ENSMUSG00000032411	CURATED:259[0];MGI:3705[13];MGI:3705[13|6>12|0];Ensembl.MGI:23152[1>0]
ENSMUSP00000133281	Ensembl:146530[2];Ensembl:146530[2>0]	ENSMUSG00000000690	CURATED:112[0];MGI:161752[13];MGI:161752[13|6>12|0];Ensembl.MGI:56372[1>0]
ENSMUSP00000133528	Ensembl:145313[2];Ensembl:145313[2>0]	ENSMUSG00000053552	CURATED:38[0];MGI:88532[13|6];MGI:88532[13|6>12|0];Ensembl.MGI:55923[1>0]
ENSMUSP00000133540	Ensembl:109059[2];Ensembl:109059[2>0]	ENSMUSG00000014030	CURATED:196[0];MGI:186229[13];MGI:186229[13|6>12|0];Ensembl.MGI:43728[1>0]
ENSMUSP00000133661	Ensembl:88997[2];Ensembl:88997[2>0]	ENSMUSG00000039656	CURATED:217[0];MGI:26958[13];MGI:26958[13|6>12|0];Ensembl.MGI:36374[1>0]
ENSMUSP00000133671	Ensembl:109062[2];Ensembl:109062[2>0]	ENSMUSG00000014030	CURATED:196[0];MGI:186229[13];MGI:186229[13|6>12|0];Ensembl.MGI:43728[1>0]
ENSMUSP00000133688	Ensembl:75339[2];Ensembl:75339[2>0]	ENSMUSG00000024986	CURATED:95[0];MGI:160896[13];MGI:160895[13|6>12|0];Ensembl.MGI:31512[1>0]
ENSMUSP00000133704	Ensembl:29017[2];Ensembl:29017[2>0]	ENSMUSG00000069171	CURATED:188[0];MGI:98467[13];MGI:98467[13|6>12|0];Ensembl.MGI:13107[1>0]
ENSMUSP00000133775	Ensembl:88996[2];Ensembl:88996[2>0]	ENSMUSG00000039656	CURATED:217[0];MGI:26958[13];MGI:26958[13|6>12|0];Ensembl.MGI:36374[1>0]
ENSMUSP00000133919	Ensembl:146512[2];Ensembl:146512[2>0]	ENSMUSG00000020875	CURATED:113[0];MGI:161755[13];MGI:161755[13|6>12|0];Ensembl.MGI:56367[1>0]
ENSMUSP00000133978	Ensembl:109061[2];Ensembl:109061[2>0]	ENSMUSG00000014030	CURATED:196[0];MGI:186229[13];MGI:186229[13|6>12|0];Ensembl.MGI:43728[1>0]
ENSMUSP00000134081	Ensembl:133743[2];Ensembl:133743[2>0]	ENSMUSG00000037025	CURATED:60[0];MGI:161639[13];MGI:100524[13|6>12|0];Ensembl.MGI:52284[1>0]
ENSMUSP00000134088	Ensembl:145185[2];Ensembl:145185[2>0]	ENSMUSG00000020484	CURATED:268[0];MGI:67336[13];MGI:67336[13|6>12|0];Ensembl.MGI:55899[1>0]
ENSMUSP00000134119	Ensembl:109063[2];Ensembl:109063[2>0]	ENSMUSG00000014030	CURATED:196[0];MGI:186229[13];MGI:186229[13|6>12|0];Ensembl.MGI:43728[1>0]
ENSMUSP00000134197	Ensembl:79925[2];Ensembl:79925[2>0]	ENSMUSG00000036139	CURATED:116[0];MGI:161762[13];MGI:161762[13|6>12|0];Ensembl.MGI:33143[1>0]
ENSMUSP00000134291	Ensembl:99623[2];Ensembl:99623[2>0]	ENSMUSG00000032238	CURATED:210[0];MGI:18025[13];MGI:18025[13|6>12|0];Ensembl.MGI:40181[1>0]
ENSMUSP00000134311	Ensembl:87698[2];Ensembl:87698[2>0]	ENSMUSG00000004231	CURATED:194[0];MGI:178758[13];MGI:178758[13|6>12|0];Ensembl.MGI:35867[1>0]
ENSMUSP00000134370	Ensembl:109054[2];Ensembl:109054[2>0]	ENSMUSG00000014030	CURATED:196[0];MGI:186229[13];MGI:186229[13|6>12|0];Ensembl.MGI:43728[1>0]
ENSMUSP00000134391	Ensembl:109064[2];Ensembl:109064[2>0]	ENSMUSG00000014030	CURATED:196[0];MGI:186229[13];MGI:186229[13|6>12|0];Ensembl.MGI:43728[1>0]
ENSMUSP00000134424	Ensembl:65660[2];Ensembl:65660[2>0]	ENSMUSG00000068302	CURATED:187[0];MGI:100265[13];MGI:100265[13|6>12|0];Ensembl.MGI:28084[1>0]
ENSMUSP00000134520	Ensembl:145315[2];Ensembl:145315[2>0]	ENSMUSG00000053552	CURATED:38[0];MGI:88532[13|6];MGI:88532[13|6>12|0];Ensembl.MGI:55923[1>0]
ENSMUSP00000134609	Ensembl:47400[2];Ensembl:47400[2>0]	ENSMUSG00000021506	CURATED:199[0];MGI:188323[13];MGI:187374[13|6>12|0];Ensembl.MGI:20861[1>0]
ENSMUSP00000134610	Ensembl:106577[2];Ensembl:106577[2>0]	ENSMUSG00000038236	CURATED:107[0];MGI:30452[13];MGI:30452[13|6>12|0];Ensembl.MGI:42779[1>0]
ENSMUSP00000134616	Ensembl:80325[2];Ensembl:80325[2>0]	ENSMUSG00000079277	CURATED:117[0];MGI:161770[13];MGI:161770[13|6>12|0];Ensembl.MGI:33292[1>0]
ENSMUSP00000134633	Ensembl:80322[2];Ensembl:80322[2>0]	ENSMUSG00000079277	CURATED:117[0];MGI:161770[13];MGI:161770[13|6>12|0];Ensembl.MGI:33292[1>0]
ENSMUSP00000134641	Ensembl:106575[2];Ensembl:106575[2>0]	ENSMUSG00000038236	CURATED:107[0];MGI:30452[13];MGI:30452[13|6>12|0];Ensembl.MGI:42779[1>0]
ENSMUSP00000134661	Ensembl:87696[2];Ensembl:87696[2>0]	ENSMUSG00000004231	CURATED:194[0];MGI:178758[13];MGI:178758[13|6>12|0];Ensembl.MGI:35867[1>0]
ENSMUSP00000134684	Ensembl:132900[2];Ensembl:132900[2>0]	ENSMUSG00000014592	CURATED:13[0];MGI:6742[13];MGI:6742[13|6>12|0];Ensembl.MGI:51932[1>0]
ENSMUSP00000134704	Ensembl:131614[2];Ensembl:131614[2>0]	ENSMUSG00000005917	CURATED:192[0];MGI:19210[13];MGI:19210[13|6>12|0];Ensembl.MGI:51543[1>0]
ENSMUSP00000134712	Ensembl:109060[2];Ensembl:109060[2>0]	ENSMUSG00000014030	CURATED:196[0];MGI:186229[13];MGI:186229[13|6>12|0];Ensembl.MGI:43728[1>0]
ENSMUSP00000134728	Ensembl:48973[2];Ensembl:48973[2>0]	ENSMUSG00000039377	CURATED:97[0];MGI:161411[13];MGI:161410[13|6>12|0];Ensembl.MGI:21455[1>0]
ENSMUSP00000134747	Ensembl:136389[2];Ensembl:136389[2>0]	ENSMUSG00000026872	CURATED:272[0];MGI:17429[13];MGI:17429[13|6>12|0];Ensembl.MGI:53126[1>0]
ENSMUSP00000134817	Ensembl:49174[2];Ensembl:49174[2>0]	ENSMUSG00000030067	CURATED:72[0];MGI:10840[13];MGI:10840[13|6>12|0];Ensembl.MGI:21528[1>0]
ENSMUSP00000134849	Ensembl:136384[2];Ensembl:136384[2>0]	ENSMUSG00000026872	CURATED:272[0];MGI:17429[13];MGI:17429[13|6>12|0];Ensembl.MGI:53126[1>0]
ENSMUSP00000134869	Ensembl:49190[2];Ensembl:49190[2>0]	ENSMUSG00000030067	CURATED:72[0];MGI:10840[13];MGI:10840[13|6>12|0];Ensembl.MGI:21528[1>0]
ENSMUSP00000134925	Ensembl:92711[2];Ensembl:92711[2>0]	ENSMUSG00000052534	CURATED:198[0];MGI:8021[13];MGI:8021[13|6>12|0];Ensembl.MGI:37624[1>0]
ENSMUSP00000134944	Ensembl:122277[2];Ensembl:122277[2>0]	ENSMUSG00000038765	CURATED:155[0];MGI:162767[13];MGI:162767[13|6>12|0];Ensembl.MGI:48073[1>0]
ENSMUSP00000134957	Ensembl:11991[2];Ensembl:11991[2>0]	ENSMUSG00000023927	CURATED:219[0];MGI:9252[13];MGI:9252[13|6>12|0];Ensembl.MGI:6124[1>0]
ENSMUSP00000134969	Ensembl:130039[2];Ensembl:130039[2>0]	ENSMUSG00000020160	CURATED:163[0];MGI:37330[13];MGI:37330[13|6>12|0];Ensembl.MGI:50979[1>0]
ENSMUSP00000135039	Ensembl:29186[2];Ensembl:29186[2>0]	ENSMUSG00000029275	CURATED:82[0];MGI:31726[13];MGI:31726[13|6>12|0];Ensembl.MGI:13172[1>0]
ENSMUSP00000135041	Ensembl:49181[2];Ensembl:49181[2>0]	ENSMUSG00000030067	CURATED:72[0];MGI:10840[13];MGI:10840[13|6>12|0];Ensembl.MGI:21528[1>0]
ENSMUSP00000135075	Ensembl:92469[2];Ensembl:92469[2>0]	ENSMUSG00000008496	CURATED:201[0];MGI:176985[13];MGI:176985[13|6>12|0];Ensembl.MGI:37552[1>0]
ENSMUSP00000135098	Ensembl:49179[2];Ensembl:49179[2>0]	ENSMUSG00000030067	CURATED:72[0];MGI:10840[13];MGI:10840[13|6>12|0];Ensembl.MGI:21528[1>0]
ENSMUSP00000135125	Ensembl:51193[2];Ensembl:51193[2>0]	ENSMUSG00000024238	CURATED:271[0];MGI:10768[13];MGI:10768[13|6>12|0];Ensembl.MGI:22292[1>0]
ENSMUSP00000135181	Ensembl:49172[2];Ensembl:49172[2>0]	ENSMUSG00000030067	CURATED:72[0];MGI:10840[13];MGI:10840[13|6>12|0];Ensembl.MGI:21528[1>0]
ENSMUSP00000135187	Ensembl:49192[2];Ensembl:49192[2>0]	ENSMUSG00000030067	CURATED:72[0];MGI:10840[13];MGI:10840[13|6>12|0];Ensembl.MGI:21528[1>0]
ENSMUSP00000135229	Ensembl:49196[2];Ensembl:49196[2>0]	ENSMUSG00000030067	CURATED:72[0];MGI:10840[13];MGI:10840[13|6>12|0];Ensembl.MGI:21528[1>0]
ENSMUSP00000135237	Ensembl:49191[2];Ensembl:49191[2>0]	ENSMUSG00000030067	CURATED:72[0];MGI:10840[13];MGI:10840[13|6>12|0];Ensembl.MGI:21528[1>0]
ENSMUSP00000135312	Ensembl:118424[2];Ensembl:118424[2>0]	ENSMUSG00000038805	CURATED:220[0];MGI:88088[13];MGI:88088[13|6>12|0];Ensembl.MGI:46883[1>0]
ENSMUSP00000135326	Ensembl:92476[2];Ensembl:92476[2>0]	ENSMUSG00000008496	CURATED:201[0];MGI:176985[13];MGI:176985[13|6>12|0];Ensembl.MGI:37552[1>0]
ENSMUSP00000135329	Ensembl:137647[2];Ensembl:137647[2>0]	ENSMUSG00000026565	CURATED:200[0];MGI:10164[13];MGI:10164[13|6>12|0];Ensembl.MGI:53587[1>0]
ENSMUSP00000135355	Ensembl:25605[2];Ensembl:25605[2>0]	ENSMUSG00000048756	CURATED:70[0];MGI:3870[13];MGI:3870[13|6>12|0];Ensembl.MGI:11783[1>0]
ENSMUSP00000135380	Ensembl:25604[2];Ensembl:25604[2>0]	ENSMUSG00000048756	CURATED:70[0];MGI:3870[13];MGI:3870[13|6>12|0];Ensembl.MGI:11783[1>0]
ENSMUSP00000135393	Ensembl:136385[2];Ensembl:136385[2>0]	ENSMUSG00000026872	CURATED:272[0];MGI:17429[13];MGI:17429[13|6>12|0];Ensembl.MGI:53126[1>0]
ENSMUSP00000135402	Ensembl:134215[2];Ensembl:134215[2>0]	ENSMUSG00000000247	CURATED:151[0];MGI:166743[13|6];MGI:166743[13|6>12|0];Ensembl.MGI:52419[1>0]
ENSMUSP00000135463	Ensembl:122075[2];Ensembl:122075[2>0]	ENSMUSG00000003949	CURATED:96[0];MGI:88194[13];MGI:88194[13|6>12|0];Ensembl.MGI:48005[1>0]
ENSMUSP00000135488	Ensembl:54176[2];Ensembl:54176[2>0]	ENSMUSG00000031734	CURATED:132[0];MGI:26556[13];MGI:26556[13|6>12|0];Ensembl.MGI:23549[1>0]
ENSMUSP00000135491	Ensembl:136405[2];Ensembl:136405[2>0]	ENSMUSG00000026872	CURATED:272[0];MGI:17429[13];MGI:17429[13|6>12|0];Ensembl.MGI:53126[1>0]
ENSMUSP00000135500	Ensembl:20445[2];Ensembl:20445[2>0]	ENSMUSG00000022053	CURATED:36[0];MGI:70178[13];MGI:70178[13|6>12|0];Ensembl.MGI:9696[1>0]
ENSMUSP00000135516	Ensembl:92710[2];Ensembl:92710[2>0]	ENSMUSG00000052534	CURATED:198[0];MGI:8021[13];MGI:8021[13|6>12|0];Ensembl.MGI:37624[1>0]
ENSMUSP00000135517	Ensembl:49189[2];Ensembl:49189[2>0]	ENSMUSG00000030067	CURATED:72[0];MGI:10840[13];MGI:10840[13|6>12|0];Ensembl.MGI:21528[1>0]
ENSMUSP00000135526	Ensembl:85667[2];Ensembl:85667[2>0]	ENSMUSG00000062327	CURATED:244[0];MGI:41582[13];MGI:41582[13|6>12|0];Ensembl.MGI:35115[1>0]
ENSMUSP00000135565	Ensembl:137645[2];Ensembl:137645[2>0]	ENSMUSG00000026565	CURATED:200[0];MGI:10164[13];MGI:10164[13|6>12|0];Ensembl.MGI:53587[1>0]
ENSMUSP00000135567	Ensembl:48296[2];Ensembl:48296[2>0]	ENSMUSG00000042258	CURATED:134[0];MGI:164620[13|6];MGI:164620[13|6>12|0];Ensembl.MGI:21206[1>0]
ENSMUSP00000135568	Ensembl:29228[2];Ensembl:29228[2>0]	ENSMUSG00000040732	CURATED:48[0];MGI:65773[13];MGI:65773[13|6>12|0];Ensembl.MGI:13190[1>0]
ENSMUSP00000135635	Ensembl:49182[2];Ensembl:49182[2>0]	ENSMUSG00000030067	CURATED:72[0];MGI:10840[13];MGI:10840[13|6>12|0];Ensembl.MGI:21528[1>0]
ENSMUSP00000135677	Ensembl:118423[2];Ensembl:118423[2>0]	ENSMUSG00000038805	CURATED:220[0];MGI:88088[13];MGI:88088[13|6>12|0];Ensembl.MGI:46883[1>0]
ENSMUSP00000135726	Ensembl:130043[2];Ensembl:130043[2>0]	ENSMUSG00000020160	CURATED:163[0];MGI:37330[13];MGI:37330[13|6>12|0];Ensembl.MGI:50979[1>0]
ENSMUSP00000135764	Ensembl:49180[2];Ensembl:49180[2>0]	ENSMUSG00000030067	CURATED:72[0];MGI:10840[13];MGI:10840[13|6>12|0];Ensembl.MGI:21528[1>0]
ENSMUSP00000135768	Ensembl:145184[2];Ensembl:145184[2>0]	ENSMUSG00000020484	CURATED:268[0];MGI:67336[13];MGI:67336[13|6>12|0];Ensembl.MGI:55899[1>0]
ENSMUSP00000135782	Ensembl:20447[2];Ensembl:20447[2>0]	ENSMUSG00000022053	CURATED:36[0];MGI:70178[13];MGI:70178[13|6>12|0];Ensembl.MGI:9696[1>0]
ENSMUSP00000135809	Ensembl:49173[2];Ensembl:49173[2>0]	ENSMUSG00000030067	CURATED:72[0];MGI:10840[13];MGI:10840[13|6>12|0];Ensembl.MGI:21528[1>0]
ENSMUSP00000135880	Ensembl:29185[2];Ensembl:29185[2>0]	ENSMUSG00000029275	CURATED:82[0];MGI:31726[13];MGI:31726[13|6>12|0];Ensembl.MGI:13172[1>0]
ENSMUSP00000135884	Ensembl:29183[2];Ensembl:29183[2>0]	ENSMUSG00000029275	CURATED:82[0];MGI:31726[13];MGI:31726[13|6>12|0];Ensembl.MGI:13172[1>0]
ENSMUSP00000136294	Ensembl:104988[2];Ensembl:104988[2>0]	ENSMUSG00000006932	CURATED:25[0];MGI:35392[13];MGI:35392[13|6>12|0];Ensembl.MGI:42271[1>0]
ENSMUSP00000136817	Ensembl:53341[2];Ensembl:53341[2>0]	ENSMUSG00000032411	CURATED:259[0];MGI:3705[13];MGI:3705[13|6>12|0];Ensembl.MGI:23152[1>0]
ENSMUSP00000137176	Ensembl:53339[2];Ensembl:53339[2>0]	ENSMUSG00000032411	CURATED:259[0];MGI:3705[13];MGI:3705[13|6>12|0];Ensembl.MGI:23152[1>0]
ENSMUSP00000137203	Ensembl:111053[2];Ensembl:111053[2>0]	ENSMUSG00000096014	CURATED:224[0];MGI:33958[13];MGI:33958[13|6>12|0];Ensembl.MGI:44437[1>0]
ENSMUSP00000137229	Ensembl:29184[2];Ensembl:29184[2>0]	ENSMUSG00000029275	CURATED:82[0];MGI:31726[13];MGI:31726[13|6>12|0];Ensembl.MGI:13172[1>0]
ENSMUSP00000137374	Ensembl:87382[2];Ensembl:87382[2>0]	ENSMUSG00000090125	CURATED:202[0];MGI:180402[13];MGI:180402[13|6>12|0];Ensembl.MGI:35757[1>0]
ENSMUSP00000137662	Ensembl:98426[2];Ensembl:98426[2>0]	ENSMUSG00000042812	CURATED:65[0];MGI:24577[13];MGI:24577[13|6>12|0];Ensembl.MGI:39775[1>0]
ENSMUSP00000138264	Ensembl:24232[2];Ensembl:24232[2>0]	ENSMUSG00000029755	CURATED:28[0];MGI:23996[13];MGI:23996[13|6>12|0];Ensembl.MGI:11218[1>0]
ENSMUSP00000138566	Ensembl:29172[2];Ensembl:29172[2>0]	ENSMUSG00000030557	CURATED:160[0];MGI:18849[13];MGI:18849[13|6>12|0];Ensembl.MGI:13170[1>0]
ENSMUSP00000138645	Ensembl:29175[2];Ensembl:29175[2>0]	ENSMUSG00000030557	CURATED:160[0];MGI:18849[13];MGI:18849[13|6>12|0];Ensembl.MGI:13170[1>0]
ENSMUSP00000138790	Ensembl:106579[2];Ensembl:106579[2>0]	ENSMUSG00000038236	CURATED:107[0];MGI:30452[13];MGI:30452[13|6>12|0];Ensembl.MGI:42779[1>0]
ENSMUSP00000138899	Ensembl:102248[2];Ensembl:102248[2>0]	ENSMUSG00000018698	CURATED:150[0];MGI:166741[13|6];MGI:166741[13|6>12|0];Ensembl.MGI:41228[1>0]
ENSMUSP00000138951	Ensembl:12675[2];Ensembl:12675[2>0]	ENSMUSG00000032035	CURATED:49[0];MGI:23218[13];MGI:23218[13|6>12|0];Ensembl.MGI:6430[1>0]
ENSMUSP00000138962	Ensembl:137634[2];Ensembl:137634[2>0]	ENSMUSG00000026565	CURATED:200[0];MGI:10164[13];MGI:10164[13|6>12|0];Ensembl.MGI:53587[1>0]
ENSMUSP00000138984	Ensembl:12291[2];Ensembl:12291[2>0]	ENSMUSG00000016087	CURATED:55[0];MGI:100266[13];MGI:100266[13|6>12|0];Ensembl.MGI:6240[1>0]
ENSMUSP00000139044	Ensembl:50942[2];Ensembl:50942[2>0]	ENSMUSG00000028163	CURATED:183[0];MGI:174607[13|6];MGI:174607[13|6>12|0];Ensembl.MGI:22193[1>0]
ENSMUSP00000139049	Ensembl:15104[2];Ensembl:15104[2>0]	ENSMUSG00000052040	CURATED:140[0];MGI:334[13];MGI:334[13|6>12|0];Ensembl.MGI:7472[1>0]
ENSMUSP00000139074	Ensembl:130044[2];Ensembl:130044[2>0]	ENSMUSG00000020160	CURATED:163[0];MGI:37330[13];MGI:37330[13|6>12|0];Ensembl.MGI:50979[1>0]
ENSMUSP00000139107	Ensembl:12676[2];Ensembl:12676[2>0]	ENSMUSG00000032035	CURATED:49[0];MGI:23218[13];MGI:23218[13|6>12|0];Ensembl.MGI:6430[1>0]
ENSMUSP00000139168	Ensembl:119434[2];Ensembl:119434[2>0]	ENSMUSG00000027168	CURATED:197[0];MGI:4727[13];MGI:4727[13|6>12|0];Ensembl.MGI:47218[1>0]
ENSMUSP00000139199	Ensembl:116820[2];Ensembl:116820[2>0]	ENSMUSG00000037174	CURATED:42[0];MGI:9076[13];MGI:9076[13|6>12|0];Ensembl.MGI:46374[1>0]
ENSMUSP00000139219	Ensembl:130047[2];Ensembl:130047[2>0]	ENSMUSG00000020160	CURATED:163[0];MGI:37330[13];MGI:37330[13|6>12|0];Ensembl.MGI:50979[1>0]
ENSMUSP00000139271	Ensembl:137637[2];Ensembl:137637[2>0]	ENSMUSG00000026565	CURATED:200[0];MGI:10164[13];MGI:10164[13|6>12|0];Ensembl.MGI:53587[1>0]
ENSMUSP00000139296	Ensembl:109068[2];Ensembl:109068[2>0]	ENSMUSG00000014030	CURATED:196[0];MGI:186229[13];MGI:186229[13|6>12|0];Ensembl.MGI:43728[1>0]
ENSMUSP00000139358	Ensembl:116819[2];Ensembl:116819[2>0]	ENSMUSG00000037174	CURATED:42[0];MGI:9076[13];MGI:9076[13|6>12|0];Ensembl.MGI:46374[1>0]
ENSMUSP00000139360	Ensembl:116811[2];Ensembl:116811[2>0]	ENSMUSG00000037174	CURATED:42[0];MGI:9076[13];MGI:9076[13|6>12|0];Ensembl.MGI:46374[1>0]
ENSMUSP00000139395	Ensembl:53345[2];Ensembl:53345[2>0]	ENSMUSG00000032411	CURATED:259[0];MGI:3705[13];MGI:3705[13|6>12|0];Ensembl.MGI:23152[1>0]
ENSMUSP00000139489	Ensembl:24264[2];Ensembl:24264[2>0]	ENSMUSG00000030717	CURATED:190[0];MGI:7815[13];MGI:7815[13|6>12|0];Ensembl.MGI:11233[1>0]
ENSMUSP00000139530	Ensembl:97905[2];Ensembl:97905[2>0]	ENSMUSG00000025997	CURATED:125[0];MGI:19266[13];MGI:19266[13|6>12|0];Ensembl.MGI:39610[1>0]
ENSMUSP00000139531	Ensembl:86220[2];Ensembl:86220[2>0]	ENSMUSG00000007805	CURATED:265[0];MGI:85832[13];MGI:85832[13|6>12|0];Ensembl.MGI:35324[1>0]
ENSMUSP00000139543	Ensembl:97901[2];Ensembl:97901[2>0]	ENSMUSG00000025997	CURATED:125[0];MGI:19266[13];MGI:19266[13|6>12|0];Ensembl.MGI:39610[1>0]
ENSMUSP00000139699	Ensembl:72952[2];Ensembl:72952[2>0]	ENSMUSG00000019982	CURATED:174[0];MGI:25180[13];MGI:25180[13|6>12|0];Ensembl.MGI:30669[1>0]
ENSMUSP00000139746	Ensembl:32834[2];Ensembl:32834[2>0]	ENSMUSG00000026104	CURATED:240[0];MGI:6918[13];MGI:6918[13|6>12|0];Ensembl.MGI:14824[1>0]
ENSMUSP00000139818	Ensembl:9538[2];Ensembl:9538[2>0]	ENSMUSG00000025912	CURATED:175[0];MGI:190864[13];MGI:173878[13|6>12|0];Ensembl.MGI:5037[1>0]
ENSMUSP00000139819	Ensembl:14351[2];Ensembl:14351[2>0]	ENSMUSG00000022952	CURATED:213[0];MGI:24709[13];MGI:24709[13|6>12|0];Ensembl.MGI:7196[1>0]
ENSMUSP00000139848	Ensembl:53332[2];Ensembl:53332[2>0]	ENSMUSG00000032411	CURATED:259[0];MGI:3705[13];MGI:3705[13|6>12|0];Ensembl.MGI:23152[1>0]
ENSMUSP00000139891	Ensembl:53337[2];Ensembl:53337[2>0]	ENSMUSG00000032411	CURATED:259[0];MGI:3705[13];MGI:3705[13|6>12|0];Ensembl.MGI:23152[1>0]
ENSMUSP00000139926	Ensembl:53333[2];Ensembl:53333[2>0]	ENSMUSG00000032411	CURATED:259[0];MGI:3705[13];MGI:3705[13|6>12|0];Ensembl.MGI:23152[1>0]
ENSMUSP00000139995	Ensembl:89629[2];Ensembl:89629[2>0]	ENSMUSG00000025958	CURATED:23[0];MGI:7501[13];MGI:7501[13|6>12|0];Ensembl.MGI:36591[1>0]
ENSMUSP00000140025	Ensembl:18715[2];Ensembl:18715[2>0]	ENSMUSG00000038872	CURATED:273[0];MGI:18658[13];MGI:18658[13|6>12|0];Ensembl.MGI:8975[1>0]
ENSMUSP00000140043	Ensembl:97903[2];Ensembl:97903[2>0]	ENSMUSG00000025997	CURATED:125[0];MGI:19266[13];MGI:19266[13|6>12|0];Ensembl.MGI:39610[1>0]
ENSMUSP00000140061	Ensembl:53334[2];Ensembl:53334[2>0]	ENSMUSG00000032411	CURATED:259[0];MGI:3705[13];MGI:3705[13|6>12|0];Ensembl.MGI:23152[1>0]
ENSMUSP00000140069	Ensembl:97904[2];Ensembl:97904[2>0]	ENSMUSG00000025997	CURATED:125[0];MGI:19266[13];MGI:19266[13|6>12|0];Ensembl.MGI:39610[1>0]
ENSMUSP00000140112	Ensembl:89637[2];Ensembl:89637[2>0]	ENSMUSG00000025958	CURATED:23[0];MGI:7501[13];MGI:7501[13|6>12|0];Ensembl.MGI:36591[1>0]
ENSMUSP00000140189	Ensembl:89636[2];Ensembl:89636[2>0]	ENSMUSG00000025958	CURATED:23[0];MGI:7501[13];MGI:7501[13|6>12|0];Ensembl.MGI:36591[1>0]
ENSMUSP00000140359	Ensembl:53336[2];Ensembl:53336[2>0]	ENSMUSG00000032411	CURATED:259[0];MGI:3705[13];MGI:3705[13|6>12|0];Ensembl.MGI:23152[1>0]
ENSMUSP00000140378	Ensembl:97906[2];Ensembl:97906[2>0]	ENSMUSG00000025997	CURATED:125[0];MGI:19266[13];MGI:19266[13|6>12|0];Ensembl.MGI:39610[1>0]
ENSMUSP00000140381	Ensembl:15103[2];Ensembl:15103[2>0]	ENSMUSG00000052040	CURATED:140[0];MGI:334[13];MGI:334[13|6>12|0];Ensembl.MGI:7472[1>0]
ENSMUSP00000140419	Ensembl:14353[2];Ensembl:14353[2>0]	ENSMUSG00000022952	CURATED:213[0];MGI:24709[13];MGI:24709[13|6>12|0];Ensembl.MGI:7196[1>0]
ENSMUSP00000140482	Ensembl:32842[2];Ensembl:32842[2>0]	ENSMUSG00000026104	CURATED:240[0];MGI:6918[13];MGI:6918[13|6>12|0];Ensembl.MGI:14824[1>0]
ENSMUSP00000140518	Ensembl:32832[2];Ensembl:32832[2>0]	ENSMUSG00000026104	CURATED:240[0];MGI:6918[13];MGI:6918[13|6>12|0];Ensembl.MGI:14824[1>0]
ENSMUSP00000140519	Ensembl:106578[2];Ensembl:106578[2>0]	ENSMUSG00000038236	CURATED:107[0];MGI:30452[13];MGI:30452[13|6>12|0];Ensembl.MGI:42779[1>0]
ENSMUSP00000140606	Ensembl:92709[2];Ensembl:92709[2>0]	ENSMUSG00000052534	CURATED:198[0];MGI:8021[13];MGI:8021[13|6>12|0];Ensembl.MGI:37624[1>0]
ENSMUSP00000140643	Ensembl:32843[2];Ensembl:32843[2>0]	ENSMUSG00000026104	CURATED:240[0];MGI:6918[13];MGI:6918[13|6>12|0];Ensembl.MGI:14824[1>0]
ENSMUSP00000140649	Ensembl:89632[2];Ensembl:89632[2>0]	ENSMUSG00000025958	CURATED:23[0];MGI:7501[13];MGI:7501[13|6>12|0];Ensembl.MGI:36591[1>0]
ENSMUSP00000140797	Ensembl:53338[2];Ensembl:53338[2>0]	ENSMUSG00000032411	CURATED:259[0];MGI:3705[13];MGI:3705[13|6>12|0];Ensembl.MGI:23152[1>0]
ENSMUSP00000140875	Ensembl:32835[2];Ensembl:32835[2>0]	ENSMUSG00000026104	CURATED:240[0];MGI:6918[13];MGI:6918[13|6>12|0];Ensembl.MGI:14824[1>0]
ENSMUSP00000141075	Ensembl:97902[2];Ensembl:97902[2>0]	ENSMUSG00000025997	CURATED:125[0];MGI:19266[13];MGI:19266[13|6>12|0];Ensembl.MGI:39610[1>0]
ENSMUSP00000141084	Ensembl:53340[2];Ensembl:53340[2>0]	ENSMUSG00000032411	CURATED:259[0];MGI:3705[13];MGI:3705[13|6>12|0];Ensembl.MGI:23152[1>0]
ENSMUSP00000141125	Ensembl:32837[2];Ensembl:32837[2>0]	ENSMUSG00000026104	CURATED:240[0];MGI:6918[13];MGI:6918[13|6>12|0];Ensembl.MGI:14824[1>0]
ENSMUSP00000141132	Ensembl:32840[2];Ensembl:32840[2>0]	ENSMUSG00000026104	CURATED:240[0];MGI:6918[13];MGI:6918[13|6>12|0];Ensembl.MGI:14824[1>0]
ENSMUSP00000141139	Ensembl:8538[2];Ensembl:8538[2>0]	ENSMUSG00000022346	CURATED:176[0];MGI:29060[13];MGI:29060[13|6>12|0];Ensembl.MGI:4600[1>0]
ENSMUSP00000141144	Ensembl:32836[2];Ensembl:32836[2>0]	ENSMUSG00000026104	CURATED:240[0];MGI:6918[13];MGI:6918[13|6>12|0];Ensembl.MGI:14824[1>0]
ENSMUSP00000141186	Ensembl:109070[2];Ensembl:109070[2>0]	ENSMUSG00000014030	CURATED:196[0];MGI:186229[13];MGI:186229[13|6>12|0];Ensembl.MGI:43728[1>0]
ENSMUSP00000141197	Ensembl:116810[2];Ensembl:116810[2>0]	ENSMUSG00000037174	CURATED:42[0];MGI:9076[13];MGI:9076[13|6>12|0];Ensembl.MGI:46374[1>0]
ENSMUSP00000141303	Ensembl:109066[2];Ensembl:109066[2>0]	ENSMUSG00000014030	CURATED:196[0];MGI:186229[13];MGI:186229[13|6>12|0];Ensembl.MGI:43728[1>0]
ENSMUSP00000141525	Ensembl:116822[2];Ensembl:116822[2>0]	ENSMUSG00000037174	CURATED:42[0];MGI:9076[13];MGI:9076[13|6>12|0];Ensembl.MGI:46374[1>0]
ENSMUSP00000141618	Ensembl:137638[2];Ensembl:137638[2>0]	ENSMUSG00000026565	CURATED:200[0];MGI:10164[13];MGI:10164[13|6>12|0];Ensembl.MGI:53587[1>0]
ENSMUSP00000141674	Ensembl:101944[2];Ensembl:101944[2>0]	ENSMUSG00000025902	CURATED:225[0];MGI:566108[13|6];MGI:566108[13|6>12|0];Ensembl.MGI:41126[1>0]
ENSMUSP00000141894	Ensembl:101938[2];Ensembl:101938[2>0]	ENSMUSG00000025902	CURATED:225[0];MGI:566108[13|6];MGI:566108[13|6>12|0];Ensembl.MGI:41126[1>0]
ENSMUSP00000142116	Ensembl:101939[2];Ensembl:101939[2>0]	ENSMUSG00000025902	CURATED:225[0];MGI:566108[13|6];MGI:566108[13|6>12|0];Ensembl.MGI:41126[1>0]
ENSMUSP00000142154	Ensembl:101943[2];Ensembl:101943[2>0]	ENSMUSG00000025902	CURATED:225[0];MGI:566108[13|6];MGI:566108[13|6>12|0];Ensembl.MGI:41126[1>0]
ENSMUSP00000142204	Ensembl:101942[2];Ensembl:101942[2>0]	ENSMUSG00000025902	CURATED:225[0];MGI:566108[13|6];MGI:566108[13|6>12|0];Ensembl.MGI:41126[1>0]
ENSMUSP00000142300	Ensembl:116818[2];Ensembl:116818[2>0]	ENSMUSG00000037174	CURATED:42[0];MGI:9076[13];MGI:9076[13|6>12|0];Ensembl.MGI:46374[1>0]
ENSMUSP00000142369	Ensembl:141914[2];Ensembl:141914[2>0]	ENSMUSG00000029178	CURATED:142[0];MGI:18333[13];MGI:18333[13|6>12|0];Ensembl.MGI:54989[1>0]
ENSMUSP00000142551	Ensembl:74440[2];Ensembl:74440[2>0]	ENSMUSG00000028266	CURATED:153[0];MGI:19245[13];MGI:19245[13|6>12|0];Ensembl.MGI:31205[1>0]
ENSMUSP00000142651	Ensembl:141917[2];Ensembl:141917[2>0]	ENSMUSG00000029178	CURATED:142[0];MGI:18333[13];MGI:18333[13|6>12|0];Ensembl.MGI:54989[1>0]
ENSMUSP00000142668	Ensembl:141916[2];Ensembl:141916[2>0]	ENSMUSG00000029178	CURATED:142[0];MGI:18333[13];MGI:18333[13|6>12|0];Ensembl.MGI:54989[1>0]
ENSMUSP00000143035	Ensembl:74438[2];Ensembl:74438[2>0]	ENSMUSG00000028266	CURATED:153[0];MGI:19245[13];MGI:19245[13|6>12|0];Ensembl.MGI:31205[1>0]
ENSMUSP00000143601	Ensembl:50944[2];Ensembl:50944[2>0]	ENSMUSG00000028163	CURATED:183[0];MGI:174607[13|6];MGI:174607[13|6>12|0];Ensembl.MGI:22193[1>0]
ENSMUSP00000143610	Ensembl:97363[2];Ensembl:97363[2>0]	ENSMUSG00000028150	CURATED:212[0];MGI:581994[13];MGI:191921[13|6>12|0];Ensembl.MGI:39406[1>0]
ENSMUSP00000143763	Ensembl:97361[2];Ensembl:97361[2>0]	ENSMUSG00000028150	CURATED:212[0];MGI:581994[13];MGI:191921[13|6>12|0];Ensembl.MGI:39406[1>0]
ENSMUSP00000143828	Ensembl:102737[2];Ensembl:102737[2>0]	ENSMUSG00000018263	CURATED:250[0];MGI:568351[13|6];MGI:568351[13|6>12|0];Ensembl.MGI:41372[1>0]
ENSMUSP00000143841	Ensembl:136399[2];Ensembl:136399[2>0]	ENSMUSG00000026872	CURATED:272[0];MGI:17429[13];MGI:17429[13|6>12|0];Ensembl.MGI:53126[1>0]
ENSMUSP00000143880	Ensembl:33773[2];Ensembl:33773[2>0]	ENSMUSG00000029553	CURATED:260[0];MGI:33794[13];MGI:33794[13|6>12|0];Ensembl.MGI:15210[1>0]
ENSMUSP00000143976	Ensembl:136404[2];Ensembl:136404[2>0]	ENSMUSG00000026872	CURATED:272[0];MGI:17429[13];MGI:17429[13|6>12|0];Ensembl.MGI:53126[1>0]
ENSMUSP00000144075	Ensembl:136392[2];Ensembl:136392[2>0]	ENSMUSG00000026872	CURATED:272[0];MGI:17429[13];MGI:17429[13|6>12|0];Ensembl.MGI:53126[1>0]
ENSMUSP00000144141	Ensembl:136397[2];Ensembl:136397[2>0]	ENSMUSG00000026872	CURATED:272[0];MGI:17429[13];MGI:17429[13|6>12|0];Ensembl.MGI:53126[1>0]
ENSMUSP00000144197	Ensembl:136393[2];Ensembl:136393[2>0]	ENSMUSG00000026872	CURATED:272[0];MGI:17429[13];MGI:17429[13|6>12|0];Ensembl.MGI:53126[1>0]
ENSMUSP00000144406	Ensembl:136394[2];Ensembl:136394[2>0]	ENSMUSG00000026872	CURATED:272[0];MGI:17429[13];MGI:17429[13|6>12|0];Ensembl.MGI:53126[1>0]
ENSMUSP00000144418	Ensembl:102735[2];Ensembl:102735[2>0]	ENSMUSG00000018263	CURATED:250[0];MGI:568351[13|6];MGI:568351[13|6>12|0];Ensembl.MGI:41372[1>0]
ENSMUSP00000144421	Ensembl:136388[2];Ensembl:136388[2>0]	ENSMUSG00000026872	CURATED:272[0];MGI:17429[13];MGI:17429[13|6>12|0];Ensembl.MGI:53126[1>0]
ENSMUSP00000144445	Ensembl:33774[2];Ensembl:33774[2>0]	ENSMUSG00000029553	CURATED:260[0];MGI:33794[13];MGI:33794[13|6>12|0];Ensembl.MGI:15210[1>0]
ENSMUSP00000144552	Ensembl:136402[2];Ensembl:136402[2>0]	ENSMUSG00000026872	CURATED:272[0];MGI:17429[13];MGI:17429[13|6>12|0];Ensembl.MGI:53126[1>0]
ENSMUSP00000144637	Ensembl:136391[2];Ensembl:136391[2>0]	ENSMUSG00000026872	CURATED:272[0];MGI:17429[13];MGI:17429[13|6>12|0];Ensembl.MGI:53126[1>0]
ENSMUSP00000144988	Ensembl:41071[2];Ensembl:41071[2>0]	ENSMUSG00000035158	CURATED:168[0];MGI:36378[13];MGI:36378[13|6>12|0];Ensembl.MGI:18273[1>0]
ENSMUSP00000145081	Ensembl:110192[2];Ensembl:110192[2>0]	ENSMUSG00000001156	CURATED:172[0];MGI:31178[13];MGI:31178[13|6>12|0];Ensembl.MGI:44100[1>0]
ENSMUSP00000145132	Ensembl:41064[2];Ensembl:41064[2>0]	ENSMUSG00000035158	CURATED:168[0];MGI:36378[13];MGI:36378[13|6>12|0];Ensembl.MGI:18273[1>0]
ENSMUSP00000145396	Ensembl:110193[2];Ensembl:110193[2>0]	ENSMUSG00000001156	CURATED:172[0];MGI:31178[13];MGI:31178[13|6>12|0];Ensembl.MGI:44100[1>0]
ENSMUSP00000145503	Ensembl:9349[2];Ensembl:9349[2>0]	ENSMUSG00000015053	CURATED:76[0];MGI:101199[13];MGI:101199[13|6>12|0];Ensembl.MGI:4965[1>0]
ENSMUSP00000145561	Ensembl:75971[2];Ensembl:75971[2>0]	ENSMUSG00000051910	CURATED:230[0];MGI:26623[13];MGI:26623[13|6>12|0];Ensembl.MGI:31760[1>0]
ENSMUSP00000145576	Ensembl:75973[2];Ensembl:75973[2>0]	ENSMUSG00000051910	CURATED:230[0];MGI:26623[13];MGI:26623[13|6>12|0];Ensembl.MGI:31760[1>0]
ENSMUSP00000145732	Ensembl:75967[2];Ensembl:75967[2>0]	ENSMUSG00000051910	CURATED:230[0];MGI:26623[13];MGI:26623[13|6>12|0];Ensembl.MGI:31760[1>0]
ENSMUSP00000145914	Ensembl:24265[2];Ensembl:24265[2>0]	ENSMUSG00000030717	CURATED:190[0];MGI:7815[13];MGI:7815[13|6>12|0];Ensembl.MGI:11233[1>0]
ENSMUSP00000145919	Ensembl:75964[2];Ensembl:75964[2>0]	ENSMUSG00000051910	CURATED:230[0];MGI:26623[13];MGI:26623[13|6>12|0];Ensembl.MGI:31760[1>0]
ENSMUSP00000145931	Ensembl:75966[2];Ensembl:75966[2>0]	ENSMUSG00000051910	CURATED:230[0];MGI:26623[13];MGI:26623[13|6>12|0];Ensembl.MGI:31760[1>0]
ENSMUSP00000145942	Ensembl:142533[2];Ensembl:142533[2>0]	ENSMUSG00000034957	CURATED:17[0];MGI:40069[13];MGI:40069[13|6>12|0];Ensembl.MGI:55127[1>0]
ENSMUSP00000145968	Ensembl:28327[2];Ensembl:28327[2>0]	ENSMUSG00000008193	CURATED:239[0];MGI:566396[13|6];MGI:566396[13|6>12|0];Ensembl.MGI:12867[1>0]
ENSMUSP00000146525	Ensembl:43349[2];Ensembl:43349[2>0]	ENSMUSG00000003545	CURATED:57[0];MGI:100518[13|6];MGI:100518[13|6>12|0];Ensembl.MGI:19215[1>0]
ENSMUSP00000146569	Ensembl:43351[2];Ensembl:43351[2>0]	ENSMUSG00000003545	CURATED:57[0];MGI:100518[13|6];MGI:100518[13|6>12|0];Ensembl.MGI:19215[1>0]
ENSMUSP00000146789	Ensembl:43352[2];Ensembl:43352[2>0]	ENSMUSG00000003545	CURATED:57[0];MGI:100518[13|6];MGI:100518[13|6>12|0];Ensembl.MGI:19215[1>0]
ENSMUSP00000146872	Ensembl:29177[2];Ensembl:29177[2>0]	ENSMUSG00000030557	CURATED:160[0];MGI:18849[13];MGI:18849[13|6>12|0];Ensembl.MGI:13170[1>0]
ENSMUSP00000146949	Ensembl:43350[2];Ensembl:43350[2>0]	ENSMUSG00000003545	CURATED:57[0];MGI:100518[13|6];MGI:100518[13|6>12|0];Ensembl.MGI:19215[1>0]
ENSMUSP00000147190	Ensembl:32560[2];Ensembl:32560[2>0]	ENSMUSG00000030551	CURATED:189[0];MGI:17767[13];MGI:17767[13|6>12|0];Ensembl.MGI:14680[1>0]
ENSMUSP00000147210	Ensembl:43348[2];Ensembl:43348[2>0]	ENSMUSG00000003545	CURATED:57[0];MGI:100518[13|6];MGI:100518[13|6>12|0];Ensembl.MGI:19215[1>0]
ENSMUSP00000147339	Ensembl:54219[2];Ensembl:54219[2>0]	ENSMUSG00000031737	CURATED:133[0];MGI:164576[13|6];MGI:164576[13|6>12|0];Ensembl.MGI:23571[1>0]
ENSMUSP00000147345	Ensembl:21323[2];Ensembl:21323[2>0]	ENSMUSG00000038482	CURATED:258[0];MGI:569176[13|6];MGI:569176[13|6>12|0];Ensembl.MGI:10049[1>0]
ENSMUSP00000147512	Ensembl:144784[2];Ensembl:144784[2>0]	ENSMUSG00000010476	CURATED:37[0];MGI:10727[13];MGI:10727[13|6>12|0];Ensembl.MGI:55806[1>0]
ENSMUSP00000147529	Ensembl:145027[2];Ensembl:145027[2>0]	ENSMUSG00000025498	CURATED:129[0];MGI:164545[13|6];MGI:164545[13|6>12|0];Ensembl.MGI:55857[1>0]
ENSMUSP00000147536	Ensembl:21320[2];Ensembl:21320[2>0]	ENSMUSG00000038482	CURATED:258[0];MGI:569176[13|6];MGI:569176[13|6>12|0];Ensembl.MGI:10049[1>0]
ENSMUSP00000147601	Ensembl:21325[2];Ensembl:21325[2>0]	ENSMUSG00000038482	CURATED:258[0];MGI:569176[13|6];MGI:569176[13|6>12|0];Ensembl.MGI:10049[1>0]
ENSMUSP00000147662	Ensembl:21319[2];Ensembl:21319[2>0]	ENSMUSG00000038482	CURATED:258[0];MGI:569176[13|6];MGI:569176[13|6>12|0];Ensembl.MGI:10049[1>0]
ENSMUSP00000147829	Ensembl:144783[2];Ensembl:144783[2>0]	ENSMUSG00000010476	CURATED:37[0];MGI:10727[13];MGI:10727[13|6>12|0];Ensembl.MGI:55806[1>0]
ENSMUSP00000147881	Ensembl:21318[2];Ensembl:21318[2>0]	ENSMUSG00000038482	CURATED:258[0];MGI:569176[13|6];MGI:569176[13|6>12|0];Ensembl.MGI:10049[1>0]
ENSMUSP00000148051	Ensembl:21322[2];Ensembl:21322[2>0]	ENSMUSG00000038482	CURATED:258[0];MGI:569176[13|6];MGI:569176[13|6>12|0];Ensembl.MGI:10049[1>0]
ENSMUSP00000148145	Ensembl:4909[2];Ensembl:4909[2>0]	ENSMUSG00000071637	CURATED:19[0];MGI:40073[13|6];MGI:40073[13|6>12|0];Ensembl.MGI:2968[1>0]
ENSMUSP00000148362	Ensembl:111500[2];Ensembl:111500[2>0]	ENSMUSG00000054400	CURATED:22[0];MGI:4908[13];MGI:4908[13|6>12|0];Ensembl.MGI:44591[1>0]
ENSMUSP00000148371	Ensembl:111507[2];Ensembl:111507[2>0]	ENSMUSG00000054400	CURATED:22[0];MGI:4908[13];MGI:4908[13|6>12|0];Ensembl.MGI:44591[1>0]
ENSMUSP00000148551	Ensembl:9340[2];Ensembl:9340[2>0]	ENSMUSG00000031902	CURATED:179[0];MGI:38172[13];MGI:38172[13|6>12|0];Ensembl.MGI:4962[1>0]
ENSMUSP00000148556	Ensembl:9341[2];Ensembl:9341[2>0]	ENSMUSG00000031902	CURATED:179[0];MGI:38172[13];MGI:38172[13|6>12|0];Ensembl.MGI:4962[1>0]
ENSMUSP00000148697	Ensembl:111502[2];Ensembl:111502[2>0]	ENSMUSG00000054400	CURATED:22[0];MGI:4908[13];MGI:4908[13|6>12|0];Ensembl.MGI:44591[1>0]
ENSMUSP00000148804	Ensembl:111504[2];Ensembl:111504[2>0]	ENSMUSG00000054400	CURATED:22[0];MGI:4908[13];MGI:4908[13|6>12|0];Ensembl.MGI:44591[1>0]
ENSMUSP00000148816	Ensembl:111501[2];Ensembl:111501[2>0]	ENSMUSG00000054400	CURATED:22[0];MGI:4908[13];MGI:4908[13|6>12|0];Ensembl.MGI:44591[1>0]
ENSMUSP00000150887	Ensembl:7222[2];Ensembl:7222[2>0]	ENSMUSG00000066687	CURATED:269[0];MGI:24870[13];MGI:24870[13|6>12|0];Ensembl.MGI:3986[1>0]
ENSMUSP00000151227	Ensembl:18462[2];Ensembl:18462[2>0]	ENSMUSG00000019947	CURATED:7[0];MGI:14866[13];MGI:14866[13|6>12|0];Ensembl.MGI:8855[1>0]
ENSMUSP00000151237	Ensembl:28441[2];Ensembl:28441[2>0]	ENSMUSG00000038151	CURATED:203[0];MGI:33074[13];MGI:33074[13|6>12|0];Ensembl.MGI:12909[1>0]
ENSMUSP00000151665	Ensembl:18464[2];Ensembl:18464[2>0]	ENSMUSG00000019947	CURATED:7[0];MGI:14866[13];MGI:14866[13|6>12|0];Ensembl.MGI:8855[1>0]
ENSMUSP00000151728	Ensembl:45126[2];Ensembl:45126[2>0]	ENSMUSG00000036602	CURATED:2[0];MGI:23565[13];MGI:23565[13|6>12|0];Ensembl.MGI:19924[1>0]
ENSMUSP00000151776	Ensembl:45128[2];Ensembl:45128[2>0]	ENSMUSG00000036602	CURATED:2[0];MGI:23565[13];MGI:23565[13|6>12|0];Ensembl.MGI:19924[1>0]
ENSMUSP00000151815	Ensembl:38879[2];Ensembl:38879[2>0]	ENSMUSG00000028946	CURATED:90[0];MGI:160803[13|6];MGI:160803[13|6>12|0];Ensembl.MGI:17418[1>0]
ENSMUSP00000152017	Ensembl:45123[2];Ensembl:45123[2>0]	ENSMUSG00000036602	CURATED:2[0];MGI:23565[13];MGI:23565[13|6>12|0];Ensembl.MGI:19924[1>0]
ENSMUSP00000152018	Ensembl:45127[2];Ensembl:45127[2>0]	ENSMUSG00000036602	CURATED:2[0];MGI:23565[13];MGI:23565[13|6>12|0];Ensembl.MGI:19924[1>0]
ENSMUSP00000152052	Ensembl:13344[2];Ensembl:13344[2>0]	ENSMUSG00000020644	CURATED:121[0];MGI:23321[13];MGI:23321[13|6>12|0];Ensembl.MGI:6782[1>0]
ENSMUSP00000152069	Ensembl:13345[2];Ensembl:13345[2>0]	ENSMUSG00000020644	CURATED:121[0];MGI:23321[13];MGI:23321[13|6>12|0];Ensembl.MGI:6782[1>0]
ENSMUSP00000152088	Ensembl:34208[2];Ensembl:34208[2>0]	ENSMUSG00000000078	CURATED:145[0];MGI:24449[13];MGI:24449[13|6>12|0];Ensembl.MGI:15408[1>0]
ENSMUSP00000152134	Ensembl:18307[2];Ensembl:18307[2>0]	ENSMUSG00000021356	CURATED:128[0];MGI:23965[13];MGI:23965[13|6>12|0];Ensembl.MGI:8764[1>0]
ENSMUSP00000152330	Ensembl:27600[2];Ensembl:27600[2>0]	ENSMUSG00000025323	CURATED:234[0];MGI:15238[13];MGI:15238[13|6>12|0];Ensembl.MGI:12581[1>0]
ENSMUSP00000152353	Ensembl:18710[2];Ensembl:18710[2>0]	ENSMUSG00000038872	CURATED:273[0];MGI:18658[13];MGI:18658[13|6>12|0];Ensembl.MGI:8975[1>0]
ENSMUSP00000152368	Ensembl:17837[2];Ensembl:17837[2>0]	ENSMUSG00000016477	CURATED:33[0];MGI:88225[13|6];MGI:88225[13|6>12|0];Ensembl.MGI:8567[1>0]
ENSMUSP00000152523	Ensembl:27663[2];Ensembl:27663[2>0]	ENSMUSG00000048562	CURATED:237[0];MGI:83716[13];MGI:83716[13|6>12|0];Ensembl.MGI:12618[1>0]
ENSMUSP00000152603	Ensembl:27599[2];Ensembl:27599[2>0]	ENSMUSG00000025323	CURATED:234[0];MGI:15238[13];MGI:15238[13|6>12|0];Ensembl.MGI:12581[1>0]
ENSMUSP00000152782	Ensembl:17836[2];Ensembl:17836[2>0]	ENSMUSG00000016477	CURATED:33[0];MGI:88225[13|6];MGI:88225[13|6>12|0];Ensembl.MGI:8567[1>0]
ENSMUSP00000152952	Ensembl:91078[2];Ensembl:91078[2>0]	ENSMUSG00000040726	CURATED:94[0];MGI:192700[13];MGI:160807[13|6>12|0];Ensembl.MGI:37095[1>0]
ENSMUSP00000152980	Ensembl:70714[2];Ensembl:70714[2>0]	ENSMUSG00000017491	CURATED:206[0];MGI:160284[13];MGI:160284[13|6>12|0];Ensembl.MGI:29871[1>0]
ENSMUSP00000153098	Ensembl:70716[2];Ensembl:70716[2>0]	ENSMUSG00000017491	CURATED:206[0];MGI:160284[13];MGI:160284[13|6>12|0];Ensembl.MGI:29871[1>0]
ENSMUSP00000153149	Ensembl:2869[2];Ensembl:2869[2>0]	ENSMUSG00000021359	CURATED:256[0];MGI:27775[13];MGI:27775[13|6>12|0];Ensembl.MGI:2024[1>0]
ENSMUSP00000153178	Ensembl:70718[2];Ensembl:70718[2>0]	ENSMUSG00000017491	CURATED:206[0];MGI:160284[13];MGI:160284[13|6>12|0];Ensembl.MGI:29871[1>0]
ENSMUSP00000153271	Ensembl:2870[2];Ensembl:2870[2>0]	ENSMUSG00000021359	CURATED:256[0];MGI:27775[13];MGI:27775[13|6>12|0];Ensembl.MGI:2024[1>0]
ENSMUSP00000153321	Ensembl:29020[2];Ensembl:29020[2>0]	ENSMUSG00000069171	CURATED:188[0];MGI:98467[13];MGI:98467[13|6>12|0];Ensembl.MGI:13107[1>0]
ENSMUSP00000153454	Ensembl:70713[2];Ensembl:70713[2>0]	ENSMUSG00000017491	CURATED:206[0];MGI:160284[13];MGI:160284[13|6>12|0];Ensembl.MGI:29871[1>0]
ENSMUSP00000153519	Ensembl:70712[2];Ensembl:70712[2>0]	ENSMUSG00000017491	CURATED:206[0];MGI:160284[13];MGI:160284[13|6>12|0];Ensembl.MGI:29871[1>0]
ENSMUSP00000153522	Ensembl:2871[2];Ensembl:2871[2>0]	ENSMUSG00000021359	CURATED:256[0];MGI:27775[13];MGI:27775[13|6>12|0];Ensembl.MGI:2024[1>0]
ENSMUSP00000153667	Ensembl:2872[2];Ensembl:2872[2>0]	ENSMUSG00000021359	CURATED:256[0];MGI:27775[13];MGI:27775[13|6>12|0];Ensembl.MGI:2024[1>0]
ENSMUSP00000153956	Ensembl:52371[2];Ensembl:52371[2>0]	ENSMUSG00000036461	CURATED:41[0];MGI:95329[13|6];MGI:95329[13|6>12|0];Ensembl.MGI:22758[1>0]
ENSMUSP00000153975	Ensembl:37504[2];Ensembl:37504[2>0]	ENSMUSG00000037465	CURATED:139[0];MGI:22931[13];MGI:22931[13|6>12|0];Ensembl.MGI:16821[1>0]
ENSMUSP00000154055	Ensembl:37505[2];Ensembl:37505[2>0]	ENSMUSG00000037465	CURATED:139[0];MGI:22931[13];MGI:22931[13|6>12|0];Ensembl.MGI:16821[1>0]
ENSMUSP00000154066	Ensembl:37719[2];Ensembl:37719[2>0]	ENSMUSG00000021848	CURATED:193[0];MGI:88143[13];MGI:88143[13|6>12|0];Ensembl.MGI:16912[1>0]
ENSMUSP00000154264	Ensembl:37718[2];Ensembl:37718[2>0]	ENSMUSG00000021848	CURATED:193[0];MGI:88143[13];MGI:88143[13|6>12|0];Ensembl.MGI:16912[1>0]
ENSMUSP00000154265	Ensembl:37501[2];Ensembl:37501[2>0]	ENSMUSG00000037465	CURATED:139[0];MGI:22931[13];MGI:22931[13|6>12|0];Ensembl.MGI:16821[1>0]
ENSMUSP00000154669	Ensembl:37506[2];Ensembl:37506[2>0]	ENSMUSG00000037465	CURATED:139[0];MGI:22931[13];MGI:22931[13|6>12|0];Ensembl.MGI:16821[1>0]
ENSMUSP00000154702	Ensembl:37503[2];Ensembl:37503[2>0]	ENSMUSG00000037465	CURATED:139[0];MGI:22931[13];MGI:22931[13|6>12|0];Ensembl.MGI:16821[1>0]
ENSMUSP00000154786	Ensembl:4086[2];Ensembl:4086[2>0]	ENSMUSG00000005148	CURATED:144[0];MGI:13049[13];MGI:13049[13|6>12|0];Ensembl.MGI:2607[1>0]
ENSMUSP00000155448	Ensembl:55615[2];Ensembl:55615[2>0]	ENSMUSG00000001288	CURATED:207[0];MGI:23998[13];MGI:23998[13|6>12|0];Ensembl.MGI:24073[1>0]
ENSMUSP00000155670	Ensembl:55613[2];Ensembl:55613[2>0]	ENSMUSG00000001288	CURATED:207[0];MGI:23998[13];MGI:23998[13|6>12|0];Ensembl.MGI:24073[1>0]
ENSMUSP00000155874	Ensembl:111701[2];Ensembl:111701[2>0]	ENSMUSG00000046711	CURATED:98[0];MGI:26959[13];MGI:26959[13|6>12|0];Ensembl.MGI:44650[1>0]
ENSMUSP00000155876	Ensembl:111706[2];Ensembl:111706[2>0]	ENSMUSG00000046711	CURATED:98[0];MGI:26959[13];MGI:26959[13|6>12|0];Ensembl.MGI:44650[1>0]
ENSMUSP00000155886	Ensembl:111694[2];Ensembl:111694[2>0]	ENSMUSG00000046711	CURATED:98[0];MGI:26959[13];MGI:26959[13|6>12|0];Ensembl.MGI:44650[1>0]
ENSMUSP00000155919	Ensembl:111705[2];Ensembl:111705[2>0]	ENSMUSG00000046711	CURATED:98[0];MGI:26959[13];MGI:26959[13|6>12|0];Ensembl.MGI:44650[1>0]
ENSMUSP00000155922	Ensembl:111708[2];Ensembl:111708[2>0]	ENSMUSG00000046711	CURATED:98[0];MGI:26959[13];MGI:26959[13|6>12|0];Ensembl.MGI:44650[1>0]
ENSMUSP00000155964	Ensembl:111700[2];Ensembl:111700[2>0]	ENSMUSG00000046711	CURATED:98[0];MGI:26959[13];MGI:26959[13|6>12|0];Ensembl.MGI:44650[1>0]
ENSMUSP00000155966	Ensembl:111699[2];Ensembl:111699[2>0]	ENSMUSG00000046711	CURATED:98[0];MGI:26959[13];MGI:26959[13|6>12|0];Ensembl.MGI:44650[1>0]
ENSMUSP00000156044	Ensembl:111702[2];Ensembl:111702[2>0]	ENSMUSG00000046711	CURATED:98[0];MGI:26959[13];MGI:26959[13|6>12|0];Ensembl.MGI:44650[1>0]
ENSMUSP00000156143	Ensembl:11901[2];Ensembl:11901[2>0]	ENSMUSG00000072419	CURATED:30[0];MGI:8522[13];MGI:8522[13|6>12|0];Ensembl.MGI:6078[1>0]
ENSMUSP00000156173	Ensembl:111693[2];Ensembl:111693[2>0]	ENSMUSG00000046711	CURATED:98[0];MGI:26959[13];MGI:26959[13|6>12|0];Ensembl.MGI:44650[1>0]
ENSMUSP00000156199	Ensembl:111696[2];Ensembl:111696[2>0]	ENSMUSG00000046711	CURATED:98[0];MGI:26959[13];MGI:26959[13|6>12|0];Ensembl.MGI:44650[1>0]
ENSMUSP00000156327	Ensembl:111698[2];Ensembl:111698[2>0]	ENSMUSG00000046711	CURATED:98[0];MGI:26959[13];MGI:26959[13|6>12|0];Ensembl.MGI:44650[1>0]
ENSMUSP00000156479	Ensembl:97379[2];Ensembl:97379[2>0]	ENSMUSG00000024081	CURATED:21[0];MGI:26111[13];MGI:26111[13|6>12|0];Ensembl.MGI:39416[1>0]
ENSMUSP00000156669	Ensembl:29222[2];Ensembl:29222[2>0]	ENSMUSG00000040732	CURATED:48[0];MGI:65773[13];MGI:65773[13|6>12|0];Ensembl.MGI:13190[1>0]
ENSMUSP00000156757	Ensembl:29748[2];Ensembl:29748[2>0]	ENSMUSG00000022895	CURATED:50[0];MGI:29672[13];MGI:29672[13|6>12|0];Ensembl.MGI:13398[1>0]
ENSMUSP00000156926	Ensembl:29225[2];Ensembl:29225[2>0]	ENSMUSG00000040732	CURATED:48[0];MGI:65773[13];MGI:65773[13|6>12|0];Ensembl.MGI:13190[1>0]
ENSMUSP00000156927	Ensembl:29223[2];Ensembl:29223[2>0]	ENSMUSG00000040732	CURATED:48[0];MGI:65773[13];MGI:65773[13|6>12|0];Ensembl.MGI:13190[1>0]
ENSMUSP00000157007	Ensembl:22805[2];Ensembl:22805[2>0]	ENSMUSG00000039521	CURATED:73[0];MGI:564093[13];MGI:100569[13|6>12|0];Ensembl.MGI:10638[1>0]
ENSMUSP00000157056	Ensembl:51189[2];Ensembl:51189[2>0]	ENSMUSG00000024238	CURATED:271[0];MGI:10768[13];MGI:10768[13|6>12|0];Ensembl.MGI:22292[1>0]
ENSMUSP00000157059	Ensembl:22803[2];Ensembl:22803[2>0]	ENSMUSG00000039521	CURATED:73[0];MGI:564093[13];MGI:100569[13|6>12|0];Ensembl.MGI:10638[1>0]
ENSMUSP00000157093	Ensembl:22801[2];Ensembl:22801[2>0]	ENSMUSG00000039521	CURATED:73[0];MGI:564093[13];MGI:100569[13|6>12|0];Ensembl.MGI:10638[1>0]
ENSMUSP00000157117	Ensembl:63560[2];Ensembl:63560[2>0]	ENSMUSG00000005836	CURATED:80[0];MGI:20306[13];MGI:20306[13|6>12|0];Ensembl.MGI:27318[1>0]
ENSMUSP00000157128	Ensembl:63563[2];Ensembl:63563[2>0]	ENSMUSG00000005836	CURATED:80[0];MGI:20306[13];MGI:20306[13|6>12|0];Ensembl.MGI:27318[1>0]
ENSMUSP00000157242	Ensembl:22802[2];Ensembl:22802[2>0]	ENSMUSG00000039521	CURATED:73[0];MGI:564093[13];MGI:100569[13|6>12|0];Ensembl.MGI:10638[1>0]
ENSMUSP00000157243	Ensembl:22800[2];Ensembl:22800[2>0]	ENSMUSG00000039521	CURATED:73[0];MGI:564093[13];MGI:100569[13|6>12|0];Ensembl.MGI:10638[1>0]
ENSMUSP00000157266	Ensembl:22808[2];Ensembl:22808[2>0]	ENSMUSG00000039521	CURATED:73[0];MGI:564093[13];MGI:100569[13|6>12|0];Ensembl.MGI:10638[1>0]
ENSMUSP00000157400	Ensembl:76460[2];Ensembl:76460[2>0]	ENSMUSG00000025025	CURATED:173[0];MGI:173847[13|6];MGI:173847[13|6>12|0];Ensembl.MGI:31921[1>0]
ENSMUSP00000157537	Ensembl:46932[2];Ensembl:46932[2>0]	ENSMUSG00000015579	CURATED:186[0];MGI:65137[13];MGI:65137[13|6>12|0];Ensembl.MGI:20628[1>0]
ENSMUSP00000157666	Ensembl:76458[2];Ensembl:76458[2>0]	ENSMUSG00000025025	CURATED:173[0];MGI:173847[13|6];MGI:173847[13|6>12|0];Ensembl.MGI:31921[1>0]
ENSMUSP00000157790	Ensembl:76459[2];Ensembl:76459[2>0]	ENSMUSG00000025025	CURATED:173[0];MGI:173847[13|6];MGI:173847[13|6>12|0];Ensembl.MGI:31921[1>0]
ENSMUSP00000157822	Ensembl:76455[2];Ensembl:76455[2>0]	ENSMUSG00000025025	CURATED:173[0];MGI:173847[13|6];MGI:173847[13|6>12|0];Ensembl.MGI:31921[1>0]
ENSMUSP00000157960	Ensembl:18954[2];Ensembl:18954[2>0]	ENSMUSG00000024803	CURATED:3[0];MGI:27386[13];MGI:27386[13|6>12|0];Ensembl.MGI:9104[1>0]
ENSMUSP00000157975	Ensembl:18952[2];Ensembl:18952[2>0]	ENSMUSG00000024803	CURATED:3[0];MGI:27386[13];MGI:27386[13|6>12|0];Ensembl.MGI:9104[1>0]
ENSMUSP00000158281	Ensembl:18953[2];Ensembl:18953[2>0]	ENSMUSG00000024803	CURATED:3[0];MGI:27386[13];MGI:27386[13|6>12|0];Ensembl.MGI:9104[1>0]
ENSMUSP00000158401	Ensembl:76461[2];Ensembl:76461[2>0]	ENSMUSG00000025025	CURATED:173[0];MGI:173847[13|6];MGI:173847[13|6>12|0];Ensembl.MGI:31921[1>0]
ENSMUSP00000158472	Ensembl:18956[2];Ensembl:18956[2>0]	ENSMUSG00000024803	CURATED:3[0];MGI:27386[13];MGI:27386[13|6>12|0];Ensembl.MGI:9104[1>0]
ENSMUSP00000158636	Ensembl:109800[2];Ensembl:109800[2>0]	ENSMUSG00000034041	CURATED:156[0];MGI:167938[13];MGI:167938[13|6>12|0];Ensembl.MGI:43975[1>0]
ENSMUSP00000158640	Ensembl:109802[2];Ensembl:109802[2>0]	ENSMUSG00000034041	CURATED:156[0];MGI:167938[13];MGI:167938[13|6>12|0];Ensembl.MGI:43975[1>0]
ENSMUSP00000158748	Ensembl:53861[2];Ensembl:53861[2>0]	ENSMUSG00000039153	CURATED:214[0];MGI:39119[13];MGI:39119[13|6>12|0];Ensembl.MGI:23408[1>0]
ENSMUSP00000158840	Ensembl:109799[2];Ensembl:109799[2>0]	ENSMUSG00000034041	CURATED:156[0];MGI:167938[13];MGI:167938[13|6>12|0];Ensembl.MGI:43975[1>0]
ENSMUSP00000158864	Ensembl:147827[2];Ensembl:147827[2>0]	ENSMUSG00000015846	CURATED:216[0];MGI:18105[13];MGI:18105[13|6>12|0];Ensembl.MGI:56805[1>0]
ENSMUSP00000158915	Ensembl:145182[2];Ensembl:145182[2>0]	ENSMUSG00000020484	CURATED:268[0];MGI:67336[13];MGI:67336[13|6>12|0];Ensembl.MGI:55899[1>0]
ENSMUSP00000158937	Ensembl:82993[2];Ensembl:82993[2>0]	ENSMUSG00000000782	CURATED:255[0];MGI:24833[13];MGI:24833[13|6>12|0];Ensembl.MGI:34217[1>0]
ENSMUSP00000159086	Ensembl:12672[2];Ensembl:12672[2>0]	ENSMUSG00000032035	CURATED:49[0];MGI:23218[13];MGI:23218[13|6>12|0];Ensembl.MGI:6430[1>0]
ENSMUSP00000159198	Ensembl:147828[2];Ensembl:147828[2>0]	ENSMUSG00000015846	CURATED:216[0];MGI:18105[13];MGI:18105[13|6>12|0];Ensembl.MGI:56805[1>0]
ENSMUSP00000159290	Ensembl:122279[2];Ensembl:122279[2>0]	ENSMUSG00000038765	CURATED:155[0];MGI:162767[13];MGI:162767[13|6>12|0];Ensembl.MGI:48073[1>0]
ENSMUSP00000159324	Ensembl:110122[2];Ensembl:110122[2>0]	ENSMUSG00000054191	CURATED:138[0];MGI:95285[13];MGI:95285[13|6>12|0];Ensembl.MGI:44084[1>0]
ENSMUSP00000159410	Ensembl:83708[2];Ensembl:83708[2>0]	ENSMUSG00000064043	CURATED:263[0];MGI:17958[13];MGI:17958[13|6>12|0];Ensembl.MGI:34469[1>0]
ENSMUSP00000159411	Ensembl:83711[2];Ensembl:83711[2>0]	ENSMUSG00000064043	CURATED:263[0];MGI:17958[13];MGI:17958[13|6>12|0];Ensembl.MGI:34469[1>0]
ENSMUSP00000159473	Ensembl:133414[2];Ensembl:133414[2>0]	ENSMUSG00000018654	CURATED:124[0];MGI:15595[13];MGI:15595[13|6>12|0];Ensembl.MGI:52129[1>0]
ENSMUSP00000159474	Ensembl:133406[2];Ensembl:133406[2>0]	ENSMUSG00000018654	CURATED:124[0];MGI:15595[13];MGI:15595[13|6>12|0];Ensembl.MGI:52129[1>0]
ENSMUSP00000159475	Ensembl:133413[2];Ensembl:133413[2>0]	ENSMUSG00000018654	CURATED:124[0];MGI:15595[13];MGI:15595[13|6>12|0];Ensembl.MGI:52129[1>0]
ENSMUSP00000159476	Ensembl:133415[2];Ensembl:133415[2>0]	ENSMUSG00000018654	CURATED:124[0];MGI:15595[13];MGI:15595[13|6>12|0];Ensembl.MGI:52129[1>0]
ENSMUSP00000159477	Ensembl:133416[2];Ensembl:133416[2>0]	ENSMUSG00000018654	CURATED:124[0];MGI:15595[13];MGI:15595[13|6>12|0];Ensembl.MGI:52129[1>0]
ENSMUSP00000159761	Ensembl:128412[2];Ensembl:128412[2>0]	ENSMUSG00000052684	CURATED:135[0];MGI:164899[13];MGI:164897[13|6>12|0];Ensembl.MGI:50336[1>0]
ENSMUSP00000159896	Ensembl:149080[2];Ensembl:149080[2>0]	ENSMUSG00000002111	CURATED:238[0];MGI:563961[11];MGI:564120[13|6>12|0];Ensembl.MGI:57156[1>0]
ENSMUSP00000159897	Ensembl:149083[2];Ensembl:149083[2>0]	ENSMUSG00000002111	CURATED:238[0];MGI:563961[11];MGI:564120[13|6>12|0];Ensembl.MGI:57156[1>0]
ENSMUSP00000160022	Ensembl:87694[2];Ensembl:87694[2>0]	ENSMUSG00000004231	CURATED:194[0];MGI:178758[13];MGI:178758[13|6>12|0];Ensembl.MGI:35867[1>0]
ENSMUSP00000160023	Ensembl:87695[2];Ensembl:87695[2>0]	ENSMUSG00000004231	CURATED:194[0];MGI:178758[13];MGI:178758[13|6>12|0];Ensembl.MGI:35867[1>0]
