name	source	ensembl_gene	ensembl_source
NM_001001806	Ensembl.RefSeq_mRNA:65902[1];Ensembl.RefSeq_mRNA:65902[1>0]	ENSMUSG00000045817	CURATED:274[0];MGI:752513[13|6];MGI:752513[13|6>12|0];Ensembl.MGI:26103[1>0]
NM_001007472	Ensembl.RefSeq_mRNA:71390[1];Ensembl.RefSeq_mRNA:71390[1>0]	ENSMUSG00000068302	CURATED:187[0];MGI:100265[13];MGI:100265[13|6>12|0];Ensembl.MGI:28084[1>0]
NM_001008542	Ensembl.RefSeq_mRNA:83314[1];Ensembl.RefSeq_mRNA:83314[1>0]	ENSMUSG00000025025	CURATED:173[0];MGI:173847[13|6];MGI:173847[13|6>12|0];Ensembl.MGI:31921[1>0]
NM_001008543	Ensembl.RefSeq_mRNA:83419[1];Ensembl.RefSeq_mRNA:83419[1>0]	ENSMUSG00000025025	CURATED:173[0];MGI:173847[13|6];MGI:173847[13|6>12|0];Ensembl.MGI:31921[1>0]
NM_001018002	Ensembl.RefSeq_mRNA:12706[1];Ensembl.RefSeq_mRNA:12706[1>0]	ENSMUSG00000058550	CURATED:32[0];MGI:8530[13];MGI:8530[13|6>12|0];Ensembl.MGI:6040[1>0]
NM_001018042	Ensembl.RefSeq_mRNA:161227[1];Ensembl.RefSeq_mRNA:161227[1>0]	ENSMUSG00000027109	CURATED:233[0];MGI:69153[13];MGI:69153[13|6>12|0];Ensembl.MGI:56580[1>0]
NM_001024806	Ensembl.RefSeq_mRNA:106305[1];Ensembl.RefSeq_mRNA:106305[1>0]	ENSMUSG00000024081	CURATED:21[0];MGI:26111[13];MGI:26111[13|6>12|0];Ensembl.MGI:39416[1>0]
NM_001025427	Ensembl.RefSeq_mRNA:122509[1];Ensembl.RefSeq_mRNA:122509[1>0]	ENSMUSG00000046711	CURATED:98[0];MGI:26959[13];MGI:26959[13|6>12|0];Ensembl.MGI:44650[1>0]
NM_001025559	Ensembl.RefSeq_mRNA:83168[1];Ensembl.RefSeq_mRNA:83168[1>0]	ENSMUSG00000051910	CURATED:230[0];MGI:26623[13];MGI:26623[13|6>12|0];Ensembl.MGI:31760[1>0]
NM_001025560	Ensembl.RefSeq_mRNA:83180[1];Ensembl.RefSeq_mRNA:83180[1>0]	ENSMUSG00000051910	CURATED:230[0];MGI:26623[13];MGI:26623[13|6>12|0];Ensembl.MGI:31760[1>0]
NM_001025577	Ensembl.RefSeq_mRNA:42070[1];Ensembl.RefSeq_mRNA:42070[1>0]	ENSMUSG00000055435	CURATED:157[0];MGI:9859[13];MGI:9859[13|6>12|0];Ensembl.MGI:17323[1>0]
NM_001025597	Ensembl.RefSeq_mRNA:146144[1];Ensembl.RefSeq_mRNA:146144[1>0]	ENSMUSG00000018654	CURATED:124[0];MGI:15595[13];MGI:15595[13|6>12|0];Ensembl.MGI:52129[1>0]
NM_001033324	Ensembl.RefSeq_mRNA:7780[1];Ensembl.RefSeq_mRNA:7780[1>0]	ENSMUSG00000066687	CURATED:269[0];MGI:24870[13];MGI:24870[13|6>12|0];Ensembl.MGI:3986[1>0]
NM_001033713	Ensembl.RefSeq_mRNA:31634[1];Ensembl.RefSeq_mRNA:31634[1>0]	ENSMUSG00000030557	CURATED:160[0];MGI:18849[13];MGI:18849[13|6>12|0];Ensembl.MGI:13170[1>0]
NM_001037726	Ensembl.RefSeq_mRNA:97848[1];Ensembl.RefSeq_mRNA:97848[1>0]	ENSMUSG00000025958	CURATED:23[0];MGI:7501[13];MGI:7501[13|6>12|0];Ensembl.MGI:36591[1>0]
NM_001037841	Ensembl.RefSeq_mRNA:121981[1];Ensembl.RefSeq_mRNA:121981[1>0]	ENSMUSG00000054400	CURATED:22[0];MGI:4908[13];MGI:4908[13|6>12|0];Ensembl.MGI:44591[1>0]
NM_001038610	Ensembl.RefSeq_mRNA:3552[1];Ensembl.RefSeq_mRNA:3552[1>0]	ENSMUSG00000055639	CURATED:26[0];MGI:23131[13];MGI:23131[13|6>12|0];Ensembl.MGI:2293[1>0]
NM_001038642	Ensembl.RefSeq_mRNA:13723[1];Ensembl.RefSeq_mRNA:13723[1>0]	ENSMUSG00000032035	CURATED:49[0];MGI:23218[13];MGI:23218[13|6>12|0];Ensembl.MGI:6430[1>0]
NM_001039356	Ensembl.RefSeq_mRNA:122557[1];Ensembl.RefSeq_mRNA:122557[1>0]	ENSMUSG00000046711	CURATED:98[0];MGI:26959[13];MGI:26959[13|6>12|0];Ensembl.MGI:44650[1>0]
NM_001042727	Ensembl.RefSeq_mRNA:60637[1];Ensembl.RefSeq_mRNA:60637[1>0]	ENSMUSG00000001288	CURATED:207[0];MGI:23998[13];MGI:23998[13|6>12|0];Ensembl.MGI:24073[1>0]
NM_001043354	Ensembl.RefSeq_mRNA:54572[1];Ensembl.RefSeq_mRNA:54572[1>0]	ENSMUSG00000036192	CURATED:211[0];MGI:162214[13];MGI:162214[13|6>12|0];Ensembl.MGI:21910[1>0]
NM_001045514	Ensembl.RefSeq_mRNA:25985[1];Ensembl.RefSeq_mRNA:25985[1>0]	ENSMUSG00000039158	CURATED:1[0];MGI:25346[13];MGI:25346[13|6>12|0];Ensembl.MGI:11106[1>0]
NM_001079883	Ensembl.RefSeq_mRNA:51909[1];Ensembl.RefSeq_mRNA:51909[1>0]	ENSMUSG00000048251	CURATED:12[0];MGI:17509[13];MGI:17509[13|6>12|0];Ensembl.MGI:21032[1>0]
NM_001081557	Ensembl.RefSeq_mRNA:145474[1];Ensembl.RefSeq_mRNA:145474[1>0]	ENSMUSG00000014592	CURATED:13[0];MGI:6742[13];MGI:6742[13|6>12|0];Ensembl.MGI:51932[1>0]
NM_001083927	Ensembl.RefSeq_mRNA:144390[1];Ensembl.RefSeq_mRNA:144390[1>0]	ENSMUSG00000032280	CURATED:261[0];MGI:9149[13];MGI:9149[13|6>12|0];Ensembl.MGI:51520[1>0]
NM_001083928	Ensembl.RefSeq_mRNA:144380[1];Ensembl.RefSeq_mRNA:144380[1>0]	ENSMUSG00000032280	CURATED:261[0];MGI:9149[13];MGI:9149[13|6>12|0];Ensembl.MGI:51520[1>0]
NM_001097623	Ensembl.RefSeq_mRNA:91130[1];Ensembl.RefSeq_mRNA:91130[1>0]	ENSMUSG00000064043	CURATED:263[0];MGI:17958[13];MGI:17958[13|6>12|0];Ensembl.MGI:34469[1>0]
NM_001098425	Ensembl.RefSeq_mRNA:161228[1];Ensembl.RefSeq_mRNA:161228[1>0]	ENSMUSG00000027109	CURATED:233[0];MGI:69153[13];MGI:69153[13|6>12|0];Ensembl.MGI:56580[1>0]
NM_001110513	Ensembl.RefSeq_mRNA:159160[1];Ensembl.RefSeq_mRNA:159160[1>0]	ENSMUSG00000053552	CURATED:38[0];MGI:88532[13|6];MGI:88532[13|6>12|0];Ensembl.MGI:55923[1>0]
NM_001110850	Ensembl.RefSeq_mRNA:53557[1];Ensembl.RefSeq_mRNA:53557[1>0]	ENSMUSG00000063889	CURATED:24[0];MGI:64827[13|6];MGI:64827[13|6>12|0];Ensembl.MGI:21105[1>0]
NM_001110851	Ensembl.RefSeq_mRNA:53695[1];Ensembl.RefSeq_mRNA:53695[1>0]	ENSMUSG00000063889	CURATED:24[0];MGI:64827[13|6];MGI:64827[13|6>12|0];Ensembl.MGI:21105[1>0]
NM_001110852	Ensembl.RefSeq_mRNA:53685[1];Ensembl.RefSeq_mRNA:53685[1>0]	ENSMUSG00000063889	CURATED:24[0];MGI:64827[13|6];MGI:64827[13|6>12|0];Ensembl.MGI:21105[1>0]
NM_001110853	Ensembl.RefSeq_mRNA:53493[1];Ensembl.RefSeq_mRNA:53493[1>0]	ENSMUSG00000063889	CURATED:24[0];MGI:64827[13|6];MGI:64827[13|6>12|0];Ensembl.MGI:21105[1>0]
NM_001110854	Ensembl.RefSeq_mRNA:53601[1];Ensembl.RefSeq_mRNA:53601[1>0]	ENSMUSG00000063889	CURATED:24[0];MGI:64827[13|6];MGI:64827[13|6>12|0];Ensembl.MGI:21105[1>0]
NM_001110855	Ensembl.RefSeq_mRNA:53533[1];Ensembl.RefSeq_mRNA:53533[1>0]	ENSMUSG00000063889	CURATED:24[0];MGI:64827[13|6];MGI:64827[13|6>12|0];Ensembl.MGI:21105[1>0]
NM_001110856	Ensembl.RefSeq_mRNA:53706[1];Ensembl.RefSeq_mRNA:53706[1>0]	ENSMUSG00000063889	CURATED:24[0];MGI:64827[13|6];MGI:64827[13|6>12|0];Ensembl.MGI:21105[1>0]
NM_001110857	Ensembl.RefSeq_mRNA:53537[1];Ensembl.RefSeq_mRNA:53537[1>0]	ENSMUSG00000063889	CURATED:24[0];MGI:64827[13|6];MGI:64827[13|6>12|0];Ensembl.MGI:21105[1>0]
NM_001110858	Ensembl.RefSeq_mRNA:53336[1];Ensembl.RefSeq_mRNA:53336[1>0]	ENSMUSG00000063889	CURATED:24[0];MGI:64827[13|6];MGI:64827[13|6>12|0];Ensembl.MGI:21105[1>0]
NM_001110859	Ensembl.RefSeq_mRNA:53481[1];Ensembl.RefSeq_mRNA:53481[1>0]	ENSMUSG00000063889	CURATED:24[0];MGI:64827[13|6];MGI:64827[13|6>12|0];Ensembl.MGI:21105[1>0]
NM_001111021	Ensembl.RefSeq_mRNA:15396[1];Ensembl.RefSeq_mRNA:15396[1>0]	ENSMUSG00000022952	CURATED:213[0];MGI:24709[13];MGI:24709[13|6>12|0];Ensembl.MGI:7196[1>0]
NM_001111022	Ensembl.RefSeq_mRNA:15395[1];Ensembl.RefSeq_mRNA:15395[1>0]	ENSMUSG00000022952	CURATED:213[0];MGI:24709[13];MGI:24709[13|6>12|0];Ensembl.MGI:7196[1>0]
NM_001111023	Ensembl.RefSeq_mRNA:15398[1];Ensembl.RefSeq_mRNA:15398[1>0]	ENSMUSG00000022952	CURATED:213[0];MGI:24709[13];MGI:24709[13|6>12|0];Ensembl.MGI:7196[1>0]
NM_001113198	Ensembl.RefSeq_mRNA:44947[1];Ensembl.RefSeq_mRNA:44947[1>0]	ENSMUSG00000035158	CURATED:168[0];MGI:36378[13];MGI:36378[13|6>12|0];Ensembl.MGI:18273[1>0]
NM_001113414	Ensembl.RefSeq_mRNA:158593[1];Ensembl.RefSeq_mRNA:158593[1>0]	ENSMUSG00000010476	CURATED:37[0];MGI:10727[13];MGI:10727[13|6>12|0];Ensembl.MGI:55806[1>0]
NM_001113415	Ensembl.RefSeq_mRNA:158596[1];Ensembl.RefSeq_mRNA:158596[1>0]	ENSMUSG00000010476	CURATED:37[0];MGI:10727[13];MGI:10727[13|6>12|0];Ensembl.MGI:55806[1>0]
NM_001122948	Ensembl.RefSeq_mRNA:2944[1];Ensembl.RefSeq_mRNA:2944[1>0]	ENSMUSG00000021359	CURATED:256[0];MGI:27775[13];MGI:27775[13|6>12|0];Ensembl.MGI:2024[1>0]
NM_001122950	Ensembl.RefSeq_mRNA:116559[1];Ensembl.RefSeq_mRNA:116559[1>0]	ENSMUSG00000000938	CURATED:102[0];MGI:161748[13];MGI:161748[13|6>12|0];Ensembl.MGI:42810[1>0]
NM_001122952	Ensembl.RefSeq_mRNA:74180[1];Ensembl.RefSeq_mRNA:74180[1>0]	ENSMUSG00000028565	CURATED:182[0];MGI:3869[13];MGI:3869[13|6>12|0];Ensembl.MGI:28838[1>0]
NM_001122953	Ensembl.RefSeq_mRNA:74246[1];Ensembl.RefSeq_mRNA:74246[1>0]	ENSMUSG00000028565	CURATED:182[0];MGI:3869[13];MGI:3869[13|6>12|0];Ensembl.MGI:28838[1>0]
NM_001136072	Ensembl.RefSeq_mRNA:143065[1];Ensembl.RefSeq_mRNA:143065[1>0]	ENSMUSG00000027210	CURATED:164[0];MGI:18915[13];MGI:18915[13|6>12|0];Ensembl.MGI:51222[1>0]
NM_001141931	Ensembl.RefSeq_mRNA:151845[1];Ensembl.RefSeq_mRNA:151845[1>0]	ENSMUSG00000026970	CURATED:208[0];MGI:8785[13];MGI:8785[13|6>12|0];Ensembl.MGI:53873[1>0]
NM_001141932	Ensembl.RefSeq_mRNA:151846[1];Ensembl.RefSeq_mRNA:151846[1>0]	ENSMUSG00000026970	CURATED:208[0];MGI:8785[13];MGI:8785[13|6>12|0];Ensembl.MGI:53873[1>0]
NM_001142335	Ensembl.RefSeq_mRNA:159428[1];Ensembl.RefSeq_mRNA:159428[1>0]	ENSMUSG00000032698	CURATED:152[0];MGI:190607[13];MGI:166937[13|6>12|0];Ensembl.MGI:56031[1>0]
NM_001142336	Ensembl.RefSeq_mRNA:159425[1];Ensembl.RefSeq_mRNA:159425[1>0]	ENSMUSG00000032698	CURATED:152[0];MGI:190607[13];MGI:166937[13|6>12|0];Ensembl.MGI:56031[1>0]
NM_001142337	Ensembl.RefSeq_mRNA:159424[1];Ensembl.RefSeq_mRNA:159424[1>0]	ENSMUSG00000032698	CURATED:152[0];MGI:190607[13];MGI:166937[13|6>12|0];Ensembl.MGI:56031[1>0]
NM_001145920	Ensembl.RefSeq_mRNA:58847[1];Ensembl.RefSeq_mRNA:58847[1>0]	ENSMUSG00000039153	CURATED:214[0];MGI:39119[13];MGI:39119[13|6>12|0];Ensembl.MGI:23408[1>0]
NM_001146038	Ensembl.RefSeq_mRNA:58976[1];Ensembl.RefSeq_mRNA:58976[1>0]	ENSMUSG00000039153	CURATED:214[0];MGI:39119[13];MGI:39119[13|6>12|0];Ensembl.MGI:23408[1>0]
NM_001159289	Ensembl.RefSeq_mRNA:18736[1];Ensembl.RefSeq_mRNA:18736[1>0]	ENSMUSG00000000861	CURATED:11[0];MGI:9828[13];MGI:9828[13|6>12|0];Ensembl.MGI:8348[1>0]
NM_001159290	Ensembl.RefSeq_mRNA:18665[1];Ensembl.RefSeq_mRNA:18665[1>0]	ENSMUSG00000000861	CURATED:11[0];MGI:9828[13];MGI:9828[13|6>12|0];Ensembl.MGI:8348[1>0]
NM_001159393	Ensembl.RefSeq_mRNA:156962[1];Ensembl.RefSeq_mRNA:156962[1>0]	ENSMUSG00000018899	CURATED:127[0];MGI:29446[13];MGI:29446[13|6>12|0];Ensembl.MGI:55376[1>0]
NM_001159396	Ensembl.RefSeq_mRNA:156970[1];Ensembl.RefSeq_mRNA:156970[1>0]	ENSMUSG00000018899	CURATED:127[0];MGI:29446[13];MGI:29446[13|6>12|0];Ensembl.MGI:55376[1>0]
NM_001159520	Ensembl.RefSeq_mRNA:13932[1];Ensembl.RefSeq_mRNA:13932[1>0]	ENSMUSG00000004872	CURATED:195[0];MGI:186225[13];MGI:186225[13|6>12|0];Ensembl.MGI:6514[1>0]
NM_001159567	Ensembl.RefSeq_mRNA:143063[1];Ensembl.RefSeq_mRNA:143063[1>0]	ENSMUSG00000027210	CURATED:164[0];MGI:18915[13];MGI:18915[13|6>12|0];Ensembl.MGI:51222[1>0]
NM_001159568	Ensembl.RefSeq_mRNA:143035[1];Ensembl.RefSeq_mRNA:143035[1>0]	ENSMUSG00000027210	CURATED:164[0];MGI:18915[13];MGI:18915[13|6>12|0];Ensembl.MGI:51222[1>0]
NM_001159569	Ensembl.RefSeq_mRNA:143072[1];Ensembl.RefSeq_mRNA:143072[1>0]	ENSMUSG00000027210	CURATED:164[0];MGI:18915[13];MGI:18915[13|6>12|0];Ensembl.MGI:51222[1>0]
NM_001159570	Ensembl.RefSeq_mRNA:143077[1];Ensembl.RefSeq_mRNA:143077[1>0]	ENSMUSG00000027210	CURATED:164[0];MGI:18915[13];MGI:18915[13|6>12|0];Ensembl.MGI:51222[1>0]
NM_001159696	Ensembl.RefSeq_mRNA:137734[1];Ensembl.RefSeq_mRNA:137734[1>0]	ENSMUSG00000028640	CURATED:257[0];MGI:20203[13];MGI:20203[13|6>12|0];Ensembl.MGI:49379[1>0]
NM_001159731	Ensembl.RefSeq_mRNA:100554[1];Ensembl.RefSeq_mRNA:100554[1>0]	ENSMUSG00000015843	CURATED:218[0];MGI:563075[13|6];MGI:563075[13|6>12|0];Ensembl.MGI:37484[1>0]
NM_001159900	Ensembl.RefSeq_mRNA:155993[1];Ensembl.RefSeq_mRNA:155993[1>0]	ENSMUSG00000059325	CURATED:100[0];MGI:3591[13];MGI:3591[13|6>12|0];Ensembl.MGI:55106[1>0]
NM_001159901	Ensembl.RefSeq_mRNA:155980[1];Ensembl.RefSeq_mRNA:155980[1>0]	ENSMUSG00000059325	CURATED:100[0];MGI:3591[13];MGI:3591[13|6>12|0];Ensembl.MGI:55106[1>0]
NM_001160406	Ensembl.RefSeq_mRNA:31890[1];Ensembl.RefSeq_mRNA:31890[1>0]	ENSMUSG00000026815	CURATED:83[0];MGI:101525[13|6];MGI:101525[13|6>12|0];Ensembl.MGI:13289[1>0]
NM_001161769	Ensembl.RefSeq_mRNA:80848[1];Ensembl.RefSeq_mRNA:80848[1>0]	ENSMUSG00000028266	CURATED:153[0];MGI:19245[13];MGI:19245[13|6>12|0];Ensembl.MGI:31205[1>0]
NM_001161770	Ensembl.RefSeq_mRNA:80864[1];Ensembl.RefSeq_mRNA:80864[1>0]	ENSMUSG00000028266	CURATED:153[0];MGI:19245[13];MGI:19245[13|6>12|0];Ensembl.MGI:31205[1>0]
NM_001163554	Ensembl.RefSeq_mRNA:101999[1];Ensembl.RefSeq_mRNA:101999[1>0]	ENSMUSG00000008496	CURATED:201[0];MGI:176985[13];MGI:176985[13|6>12|0];Ensembl.MGI:37552[1>0]
NM_001163555	Ensembl.RefSeq_mRNA:102012[1];Ensembl.RefSeq_mRNA:102012[1>0]	ENSMUSG00000008496	CURATED:201[0];MGI:176985[13];MGI:176985[13|6>12|0];Ensembl.MGI:37552[1>0]
NM_001163556	Ensembl.RefSeq_mRNA:101962[1];Ensembl.RefSeq_mRNA:101962[1>0]	ENSMUSG00000008496	CURATED:201[0];MGI:176985[13];MGI:176985[13|6>12|0];Ensembl.MGI:37552[1>0]
NM_001163630	Ensembl.RefSeq_mRNA:13136[1];Ensembl.RefSeq_mRNA:13136[1>0]	ENSMUSG00000023927	CURATED:219[0];MGI:9252[13];MGI:9252[13|6>12|0];Ensembl.MGI:6124[1>0]
NM_001163631	Ensembl.RefSeq_mRNA:13173[1];Ensembl.RefSeq_mRNA:13173[1>0]	ENSMUSG00000023927	CURATED:219[0];MGI:9252[13];MGI:9252[13|6>12|0];Ensembl.MGI:6124[1>0]
NM_001163632	Ensembl.RefSeq_mRNA:13106[1];Ensembl.RefSeq_mRNA:13106[1>0]	ENSMUSG00000023927	CURATED:219[0];MGI:9252[13];MGI:9252[13|6>12|0];Ensembl.MGI:6124[1>0]
NM_001164062	Ensembl.RefSeq_mRNA:52038[1];Ensembl.RefSeq_mRNA:52038[1>0]	ENSMUSG00000004043	CURATED:243[0];MGI:21438[13];MGI:21438[13|6>12|0];Ensembl.MGI:20980[1>0]
NM_001164147	Ensembl.RefSeq_mRNA:99207[1];Ensembl.RefSeq_mRNA:99207[1>0]	ENSMUSG00000020167	CURATED:253[0];MGI:20040[13];MGI:20040[13|6>12|0];Ensembl.MGI:36510[1>0]
NM_001164148	Ensembl.RefSeq_mRNA:99245[1];Ensembl.RefSeq_mRNA:99245[1>0]	ENSMUSG00000020167	CURATED:253[0];MGI:20040[13];MGI:20040[13|6>12|0];Ensembl.MGI:36510[1>0]
NM_001164149	Ensembl.RefSeq_mRNA:99241[1];Ensembl.RefSeq_mRNA:99241[1>0]	ENSMUSG00000020167	CURATED:253[0];MGI:20040[13];MGI:20040[13|6>12|0];Ensembl.MGI:36510[1>0]
NM_001164150	Ensembl.RefSeq_mRNA:99118[1];Ensembl.RefSeq_mRNA:99118[1>0]	ENSMUSG00000020167	CURATED:253[0];MGI:20040[13];MGI:20040[13|6>12|0];Ensembl.MGI:36510[1>0]
NM_001164151	Ensembl.RefSeq_mRNA:99283[1];Ensembl.RefSeq_mRNA:99283[1>0]	ENSMUSG00000020167	CURATED:253[0];MGI:20040[13];MGI:20040[13|6>12|0];Ensembl.MGI:36510[1>0]
NM_001164152	Ensembl.RefSeq_mRNA:99211[1];Ensembl.RefSeq_mRNA:99211[1>0]	ENSMUSG00000020167	CURATED:253[0];MGI:20040[13];MGI:20040[13|6>12|0];Ensembl.MGI:36510[1>0]
NM_001164153	Ensembl.RefSeq_mRNA:99281[1];Ensembl.RefSeq_mRNA:99281[1>0]	ENSMUSG00000020167	CURATED:253[0];MGI:20040[13];MGI:20040[13|6>12|0];Ensembl.MGI:36510[1>0]
NM_001164789	Ensembl.RefSeq_mRNA:111184[1];Ensembl.RefSeq_mRNA:111184[1>0]	ENSMUSG00000032446	CURATED:46[0];MGI:37628[13];MGI:37628[13|6>12|0];Ensembl.MGI:41076[1>0]
NM_001165902	Ensembl.RefSeq_mRNA:115253[1];Ensembl.RefSeq_mRNA:115253[1>0]	ENSMUSG00000006932	CURATED:25[0];MGI:35392[13];MGI:35392[13|6>12|0];Ensembl.MGI:42271[1>0]
NM_001166385	Ensembl.RefSeq_mRNA:29698[1];Ensembl.RefSeq_mRNA:29698[1>0]	ENSMUSG00000025323	CURATED:234[0];MGI:15238[13];MGI:15238[13|6>12|0];Ensembl.MGI:12581[1>0]
NM_001166535	Ensembl.RefSeq_mRNA:122508[1];Ensembl.RefSeq_mRNA:122508[1>0]	ENSMUSG00000046711	CURATED:98[0];MGI:26959[13];MGI:26959[13|6>12|0];Ensembl.MGI:44650[1>0]
NM_001166536	Ensembl.RefSeq_mRNA:122510[1];Ensembl.RefSeq_mRNA:122510[1>0]	ENSMUSG00000046711	CURATED:98[0];MGI:26959[13];MGI:26959[13|6>12|0];Ensembl.MGI:44650[1>0]
NM_001166537	Ensembl.RefSeq_mRNA:122650[1];Ensembl.RefSeq_mRNA:122650[1>0]	ENSMUSG00000046711	CURATED:98[0];MGI:26959[13];MGI:26959[13|6>12|0];Ensembl.MGI:44650[1>0]
NM_001166539	Ensembl.RefSeq_mRNA:122581[1];Ensembl.RefSeq_mRNA:122581[1>0]	ENSMUSG00000046711	CURATED:98[0];MGI:26959[13];MGI:26959[13|6>12|0];Ensembl.MGI:44650[1>0]
NM_001166540	Ensembl.RefSeq_mRNA:122536[1];Ensembl.RefSeq_mRNA:122536[1>0]	ENSMUSG00000046711	CURATED:98[0];MGI:26959[13];MGI:26959[13|6>12|0];Ensembl.MGI:44650[1>0]
NM_001166541	Ensembl.RefSeq_mRNA:122537[1];Ensembl.RefSeq_mRNA:122537[1>0]	ENSMUSG00000046711	CURATED:98[0];MGI:26959[13];MGI:26959[13|6>12|0];Ensembl.MGI:44650[1>0]
NM_001166542	Ensembl.RefSeq_mRNA:122538[1];Ensembl.RefSeq_mRNA:122538[1>0]	ENSMUSG00000046711	CURATED:98[0];MGI:26959[13];MGI:26959[13|6>12|0];Ensembl.MGI:44650[1>0]
NM_001166543	Ensembl.RefSeq_mRNA:122611[1];Ensembl.RefSeq_mRNA:122611[1>0]	ENSMUSG00000046711	CURATED:98[0];MGI:26959[13];MGI:26959[13|6>12|0];Ensembl.MGI:44650[1>0]
NM_001166544	Ensembl.RefSeq_mRNA:122612[1];Ensembl.RefSeq_mRNA:122612[1>0]	ENSMUSG00000046711	CURATED:98[0];MGI:26959[13];MGI:26959[13|6>12|0];Ensembl.MGI:44650[1>0]
NM_001166545	Ensembl.RefSeq_mRNA:122653[1];Ensembl.RefSeq_mRNA:122653[1>0]	ENSMUSG00000046711	CURATED:98[0];MGI:26959[13];MGI:26959[13|6>12|0];Ensembl.MGI:44650[1>0]
NM_001166546	Ensembl.RefSeq_mRNA:122585[1];Ensembl.RefSeq_mRNA:122585[1>0]	ENSMUSG00000046711	CURATED:98[0];MGI:26959[13];MGI:26959[13|6>12|0];Ensembl.MGI:44650[1>0]
NM_001176528	Ensembl.RefSeq_mRNA:31932[1];Ensembl.RefSeq_mRNA:31932[1>0]	ENSMUSG00000037992	CURATED:205[0];MGI:190162[13|6];MGI:190162[13|6>12|0];Ensembl.MGI:13285[1>0]
NM_001177302	Ensembl.RefSeq_mRNA:31922[1];Ensembl.RefSeq_mRNA:31922[1>0]	ENSMUSG00000037992	CURATED:205[0];MGI:190162[13|6];MGI:190162[13|6>12|0];Ensembl.MGI:13285[1>0]
NM_001177303	Ensembl.RefSeq_mRNA:31936[1];Ensembl.RefSeq_mRNA:31936[1>0]	ENSMUSG00000037992	CURATED:205[0];MGI:190162[13|6];MGI:190162[13|6>12|0];Ensembl.MGI:13285[1>0]
NM_001177352	Ensembl.RefSeq_mRNA:9152[1];Ensembl.RefSeq_mRNA:9152[1>0]	ENSMUSG00000022346	CURATED:176[0];MGI:29060[13];MGI:29060[13|6>12|0];Ensembl.MGI:4600[1>0]
NM_001177353	Ensembl.RefSeq_mRNA:9165[1];Ensembl.RefSeq_mRNA:9165[1>0]	ENSMUSG00000022346	CURATED:176[0];MGI:29060[13];MGI:29060[13|6>12|0];Ensembl.MGI:4600[1>0]
NM_001177354	Ensembl.RefSeq_mRNA:9153[1];Ensembl.RefSeq_mRNA:9153[1>0]	ENSMUSG00000022346	CURATED:176[0];MGI:29060[13];MGI:29060[13|6>12|0];Ensembl.MGI:4600[1>0]
NM_001178049	Ensembl.RefSeq_mRNA:44976[1];Ensembl.RefSeq_mRNA:44976[1>0]	ENSMUSG00000035158	CURATED:168[0];MGI:36378[13];MGI:36378[13|6>12|0];Ensembl.MGI:18273[1>0]
NM_001184706	Ensembl.RefSeq_mRNA:58753[1];Ensembl.RefSeq_mRNA:58753[1>0]	ENSMUSG00000032411	CURATED:259[0];MGI:3705[13];MGI:3705[13|6>12|0];Ensembl.MGI:23152[1>0]
NM_001184708	Ensembl.RefSeq_mRNA:58538[1];Ensembl.RefSeq_mRNA:58538[1>0]	ENSMUSG00000032411	CURATED:259[0];MGI:3705[13];MGI:3705[13|6>12|0];Ensembl.MGI:23152[1>0]
NM_001184709	Ensembl.RefSeq_mRNA:58862[1];Ensembl.RefSeq_mRNA:58862[1>0]	ENSMUSG00000032411	CURATED:259[0];MGI:3705[13];MGI:3705[13|6>12|0];Ensembl.MGI:23152[1>0]
NM_001184710	Ensembl.RefSeq_mRNA:58911[1];Ensembl.RefSeq_mRNA:58911[1>0]	ENSMUSG00000032411	CURATED:259[0];MGI:3705[13];MGI:3705[13|6>12|0];Ensembl.MGI:23152[1>0]
NM_001184711	Ensembl.RefSeq_mRNA:58946[1];Ensembl.RefSeq_mRNA:58946[1>0]	ENSMUSG00000032411	CURATED:259[0];MGI:3705[13];MGI:3705[13|6>12|0];Ensembl.MGI:23152[1>0]
NM_001193271	Ensembl.RefSeq_mRNA:142316[1];Ensembl.RefSeq_mRNA:142316[1>0]	ENSMUSG00000020160	CURATED:163[0];MGI:37330[13];MGI:37330[13|6>12|0];Ensembl.MGI:50979[1>0]
NM_001195565	Ensembl.RefSeq_mRNA:145491[1];Ensembl.RefSeq_mRNA:145491[1>0]	ENSMUSG00000014592	CURATED:13[0];MGI:6742[13];MGI:6742[13|6>12|0];Ensembl.MGI:51932[1>0]
NM_001197321	Ensembl.RefSeq_mRNA:54854[1];Ensembl.RefSeq_mRNA:54854[1>0]	ENSMUSG00000030067	CURATED:72[0];MGI:10840[13];MGI:10840[13|6>12|0];Ensembl.MGI:21528[1>0]
NM_001197322	Ensembl.RefSeq_mRNA:54986[1];Ensembl.RefSeq_mRNA:54986[1>0]	ENSMUSG00000030067	CURATED:72[0];MGI:10840[13];MGI:10840[13|6>12|0];Ensembl.MGI:21528[1>0]
NM_001198914	Ensembl.RefSeq_mRNA:79156[1];Ensembl.RefSeq_mRNA:79156[1>0]	ENSMUSG00000019982	CURATED:174[0];MGI:25180[13];MGI:25180[13|6>12|0];Ensembl.MGI:30669[1>0]
NM_001199347	Ensembl.RefSeq_mRNA:25182[1];Ensembl.RefSeq_mRNA:25182[1>0]	ENSMUSG00000039521	CURATED:73[0];MGI:564093[13];MGI:100569[13|6>12|0];Ensembl.MGI:10638[1>0]
NM_001199348	Ensembl.RefSeq_mRNA:25183[1];Ensembl.RefSeq_mRNA:25183[1>0]	ENSMUSG00000039521	CURATED:73[0];MGI:564093[13];MGI:100569[13|6>12|0];Ensembl.MGI:10638[1>0]
NM_001205214	Ensembl.RefSeq_mRNA:97081[1];Ensembl.RefSeq_mRNA:97081[1>0]	ENSMUSG00000039656	CURATED:217[0];MGI:26958[13];MGI:26958[13|6>12|0];Ensembl.MGI:36374[1>0]
NM_001205215	Ensembl.RefSeq_mRNA:97123[1];Ensembl.RefSeq_mRNA:97123[1>0]	ENSMUSG00000039656	CURATED:217[0];MGI:26958[13];MGI:26958[13|6>12|0];Ensembl.MGI:36374[1>0]
NM_001205216	Ensembl.RefSeq_mRNA:97129[1];Ensembl.RefSeq_mRNA:97129[1>0]	ENSMUSG00000039656	CURATED:217[0];MGI:26958[13];MGI:26958[13|6>12|0];Ensembl.MGI:36374[1>0]
NM_001205313	Ensembl.RefSeq_mRNA:36990[1];Ensembl.RefSeq_mRNA:36990[1>0]	ENSMUSG00000026104	CURATED:240[0];MGI:6918[13];MGI:6918[13|6>12|0];Ensembl.MGI:14824[1>0]
NM_001205314	Ensembl.RefSeq_mRNA:36924[1];Ensembl.RefSeq_mRNA:36924[1>0]	ENSMUSG00000026104	CURATED:240[0];MGI:6918[13];MGI:6918[13|6>12|0];Ensembl.MGI:14824[1>0]
NM_001242934	Ensembl.RefSeq_mRNA:18744[1];Ensembl.RefSeq_mRNA:18744[1>0]	ENSMUSG00000000861	CURATED:11[0];MGI:9828[13];MGI:9828[13|6>12|0];Ensembl.MGI:8348[1>0]
NM_001244198	Ensembl.RefSeq_mRNA:131091[1];Ensembl.RefSeq_mRNA:131091[1>0]	ENSMUSG00000027168	CURATED:197[0];MGI:4727[13];MGI:4727[13|6>12|0];Ensembl.MGI:47218[1>0]
NM_001244200	Ensembl.RefSeq_mRNA:131218[1];Ensembl.RefSeq_mRNA:131218[1>0]	ENSMUSG00000027168	CURATED:197[0];MGI:4727[13];MGI:4727[13|6>12|0];Ensembl.MGI:47218[1>0]
NM_001244201	Ensembl.RefSeq_mRNA:131092[1];Ensembl.RefSeq_mRNA:131092[1>0]	ENSMUSG00000027168	CURATED:197[0];MGI:4727[13];MGI:4727[13|6>12|0];Ensembl.MGI:47218[1>0]
NM_001244202	Ensembl.RefSeq_mRNA:131160[1];Ensembl.RefSeq_mRNA:131160[1>0]	ENSMUSG00000027168	CURATED:197[0];MGI:4727[13];MGI:4727[13|6>12|0];Ensembl.MGI:47218[1>0]
NM_001252600	Ensembl.RefSeq_mRNA:158813[1];Ensembl.RefSeq_mRNA:158813[1>0]	ENSMUSG00000025498	CURATED:129[0];MGI:164545[13|6];MGI:164545[13|6>12|0];Ensembl.MGI:55857[1>0]
NM_001252601	Ensembl.RefSeq_mRNA:158799[1];Ensembl.RefSeq_mRNA:158799[1>0]	ENSMUSG00000025498	CURATED:129[0];MGI:164545[13|6];MGI:164545[13|6>12|0];Ensembl.MGI:55857[1>0]
NM_001253822	Ensembl.RefSeq_mRNA:58841[1];Ensembl.RefSeq_mRNA:58841[1>0]	ENSMUSG00000031734	CURATED:132[0];MGI:26556[13];MGI:26556[13|6>12|0];Ensembl.MGI:23549[1>0]
NM_001267621	Ensembl.RefSeq_mRNA:31506[1];Ensembl.RefSeq_mRNA:31506[1>0]	ENSMUSG00000029275	CURATED:82[0];MGI:31726[13];MGI:31726[13|6>12|0];Ensembl.MGI:13172[1>0]
NM_001271503	Ensembl.RefSeq_mRNA:53558[1];Ensembl.RefSeq_mRNA:53558[1>0]	ENSMUSG00000063889	CURATED:24[0];MGI:64827[13|6];MGI:64827[13|6>12|0];Ensembl.MGI:21105[1>0]
NM_001271504	Ensembl.RefSeq_mRNA:53522[1];Ensembl.RefSeq_mRNA:53522[1>0]	ENSMUSG00000063889	CURATED:24[0];MGI:64827[13|6];MGI:64827[13|6>12|0];Ensembl.MGI:21105[1>0]
NM_001271505	Ensembl.RefSeq_mRNA:53708[1];Ensembl.RefSeq_mRNA:53708[1>0]	ENSMUSG00000063889	CURATED:24[0];MGI:64827[13|6];MGI:64827[13|6>12|0];Ensembl.MGI:21105[1>0]
NM_001271506	Ensembl.RefSeq_mRNA:53698[1];Ensembl.RefSeq_mRNA:53698[1>0]	ENSMUSG00000063889	CURATED:24[0];MGI:64827[13|6];MGI:64827[13|6>12|0];Ensembl.MGI:21105[1>0]
NM_001271627	Ensembl.RefSeq_mRNA:58977[1];Ensembl.RefSeq_mRNA:58977[1>0]	ENSMUSG00000039153	CURATED:214[0];MGI:39119[13];MGI:39119[13|6>12|0];Ensembl.MGI:23408[1>0]
NM_001271630	Ensembl.RefSeq_mRNA:58846[1];Ensembl.RefSeq_mRNA:58846[1>0]	ENSMUSG00000039153	CURATED:214[0];MGI:39119[13];MGI:39119[13|6>12|0];Ensembl.MGI:23408[1>0]
NM_001271631	Ensembl.RefSeq_mRNA:58848[1];Ensembl.RefSeq_mRNA:58848[1>0]	ENSMUSG00000039153	CURATED:214[0];MGI:39119[13];MGI:39119[13|6>12|0];Ensembl.MGI:23408[1>0]
NM_001271730	Ensembl.RefSeq_mRNA:158966[1];Ensembl.RefSeq_mRNA:158966[1>0]	ENSMUSG00000020484	CURATED:268[0];MGI:67336[13];MGI:67336[13|6>12|0];Ensembl.MGI:55899[1>0]
NM_001276387	Ensembl.RefSeq_mRNA:22078[1];Ensembl.RefSeq_mRNA:22078[1>0]	ENSMUSG00000022053	CURATED:36[0];MGI:70178[13];MGI:70178[13|6>12|0];Ensembl.MGI:9696[1>0]
NM_001276402	Ensembl.RefSeq_mRNA:44315[1];Ensembl.RefSeq_mRNA:44315[1>0]	ENSMUSG00000027985	CURATED:149[0];MGI:24611[13];MGI:24611[13|6>12|0];Ensembl.MGI:18081[1>0]
NM_001276403	Ensembl.RefSeq_mRNA:44338[1];Ensembl.RefSeq_mRNA:44338[1>0]	ENSMUSG00000027985	CURATED:149[0];MGI:24611[13];MGI:24611[13|6>12|0];Ensembl.MGI:18081[1>0]
NM_001277238	Ensembl.RefSeq_mRNA:116520[1];Ensembl.RefSeq_mRNA:116520[1>0]	ENSMUSG00000038227	CURATED:108[0];MGI:161747[13];MGI:161747[13|6>12|0];Ensembl.MGI:42788[1>0]
NM_001277326	Ensembl.RefSeq_mRNA:83187[1];Ensembl.RefSeq_mRNA:83187[1>0]	ENSMUSG00000051910	CURATED:230[0];MGI:26623[13];MGI:26623[13|6>12|0];Ensembl.MGI:31760[1>0]
NM_001277327	Ensembl.RefSeq_mRNA:83040[1];Ensembl.RefSeq_mRNA:83040[1>0]	ENSMUSG00000051910	CURATED:230[0];MGI:26623[13];MGI:26623[13|6>12|0];Ensembl.MGI:31760[1>0]
NM_001277328	Ensembl.RefSeq_mRNA:83177[1];Ensembl.RefSeq_mRNA:83177[1>0]	ENSMUSG00000051910	CURATED:230[0];MGI:26623[13];MGI:26623[13|6>12|0];Ensembl.MGI:31760[1>0]
NM_001282967	Ensembl.RefSeq_mRNA:28160[1];Ensembl.RefSeq_mRNA:28160[1>0]	ENSMUSG00000008398	CURATED:43[0];MGI:78039[13];MGI:78039[13|6>12|0];Ensembl.MGI:11960[1>0]
NM_001285805	Ensembl.RefSeq_mRNA:4690[1];Ensembl.RefSeq_mRNA:4690[1>0]	ENSMUSG00000022708	CURATED:270[0];MGI:4436[13];MGI:4436[13|6>12|0];Ensembl.MGI:2728[1>0]
NM_001286260	Ensembl.RefSeq_mRNA:17945[1];Ensembl.RefSeq_mRNA:17945[1>0]	ENSMUSG00000003847	CURATED:178[0];MGI:23262[13];MGI:23262[13|6>12|0];Ensembl.MGI:7976[1>0]
NM_001286343	Ensembl.RefSeq_mRNA:51914[1];Ensembl.RefSeq_mRNA:51914[1>0]	ENSMUSG00000048251	CURATED:12[0];MGI:17509[13];MGI:17509[13|6>12|0];Ensembl.MGI:21032[1>0]
NM_001286383	Ensembl.RefSeq_mRNA:121977[1];Ensembl.RefSeq_mRNA:121977[1>0]	ENSMUSG00000054400	CURATED:22[0];MGI:4908[13];MGI:4908[13|6>12|0];Ensembl.MGI:44591[1>0]
NM_001286411	Ensembl.RefSeq_mRNA:56898[1];Ensembl.RefSeq_mRNA:56898[1>0]	ENSMUSG00000036461	CURATED:41[0];MGI:95329[13|6];MGI:95329[13|6>12|0];Ensembl.MGI:22758[1>0]
NM_001286412	Ensembl.RefSeq_mRNA:56905[1];Ensembl.RefSeq_mRNA:56905[1>0]	ENSMUSG00000036461	CURATED:41[0];MGI:95329[13|6];MGI:95329[13|6>12|0];Ensembl.MGI:22758[1>0]
NM_001286481	Ensembl.RefSeq_mRNA:41152[1];Ensembl.RefSeq_mRNA:41152[1>0]	ENSMUSG00000021848	CURATED:193[0];MGI:88143[13];MGI:88143[13|6>12|0];Ensembl.MGI:16912[1>0]
NM_001286482	Ensembl.RefSeq_mRNA:41133[1];Ensembl.RefSeq_mRNA:41133[1>0]	ENSMUSG00000021848	CURATED:193[0];MGI:88143[13];MGI:88143[13|6>12|0];Ensembl.MGI:16912[1>0]
NM_001286483	Ensembl.RefSeq_mRNA:41173[1];Ensembl.RefSeq_mRNA:41173[1>0]	ENSMUSG00000021848	CURATED:193[0];MGI:88143[13];MGI:88143[13|6>12|0];Ensembl.MGI:16912[1>0]
NM_001286944	Ensembl.RefSeq_mRNA:101937[1];Ensembl.RefSeq_mRNA:101937[1>0]	ENSMUSG00000071076	CURATED:137[0];MGI:164901[13];MGI:164900[13|6>12|0];Ensembl.MGI:37955[1>0]
NM_001287388	Ensembl.RefSeq_mRNA:134410[1];Ensembl.RefSeq_mRNA:134410[1>0]	ENSMUSG00000028717	CURATED:245[0];MGI:161897[13];MGI:161897[13|6>12|0];Ensembl.MGI:48327[1>0]
NM_001287514	Ensembl.RefSeq_mRNA:156044[1];Ensembl.RefSeq_mRNA:156044[1>0]	ENSMUSG00000034957	CURATED:17[0];MGI:40069[13];MGI:40069[13|6>12|0];Ensembl.MGI:55127[1>0]
NM_001287515	Ensembl.RefSeq_mRNA:156045[1];Ensembl.RefSeq_mRNA:156045[1>0]	ENSMUSG00000034957	CURATED:17[0];MGI:40069[13];MGI:40069[13|6>12|0];Ensembl.MGI:55127[1>0]
NM_001287521	Ensembl.RefSeq_mRNA:156046[1];Ensembl.RefSeq_mRNA:156046[1>0]	ENSMUSG00000034957	CURATED:17[0];MGI:40069[13];MGI:40069[13|6>12|0];Ensembl.MGI:55127[1>0]
NM_001287523	Ensembl.RefSeq_mRNA:156047[1];Ensembl.RefSeq_mRNA:156047[1>0]	ENSMUSG00000034957	CURATED:17[0];MGI:40069[13];MGI:40069[13|6>12|0];Ensembl.MGI:55127[1>0]
NM_001287738	Ensembl.RefSeq_mRNA:157244[1];Ensembl.RefSeq_mRNA:157244[1>0]	ENSMUSG00000056501	CURATED:18[0];MGI:174604[13];MGI:40072[13|6>12|0];Ensembl.MGI:55448[1>0]
NM_001287739	Ensembl.RefSeq_mRNA:157246[1];Ensembl.RefSeq_mRNA:157246[1>0]	ENSMUSG00000056501	CURATED:18[0];MGI:174604[13];MGI:40072[13|6>12|0];Ensembl.MGI:55448[1>0]
NM_001288625	Ensembl.RefSeq_mRNA:108866[1];Ensembl.RefSeq_mRNA:108866[1>0]	ENSMUSG00000019564	CURATED:5[0];MGI:86647[13];MGI:28126[13|6>12|0];Ensembl.MGI:40192[1>0]
NM_001288626	Ensembl.RefSeq_mRNA:108859[1];Ensembl.RefSeq_mRNA:108859[1>0]	ENSMUSG00000019564	CURATED:5[0];MGI:86647[13];MGI:28126[13|6>12|0];Ensembl.MGI:40192[1>0]
NM_001289464	Ensembl.RefSeq_mRNA:111246[1];Ensembl.RefSeq_mRNA:111246[1>0]	ENSMUSG00000025902	CURATED:225[0];MGI:566108[13|6];MGI:566108[13|6>12|0];Ensembl.MGI:41126[1>0]
NM_001289465	Ensembl.RefSeq_mRNA:111237[1];Ensembl.RefSeq_mRNA:111237[1>0]	ENSMUSG00000025902	CURATED:225[0];MGI:566108[13|6];MGI:566108[13|6>12|0];Ensembl.MGI:41126[1>0]
NM_001289466	Ensembl.RefSeq_mRNA:111236[1];Ensembl.RefSeq_mRNA:111236[1>0]	ENSMUSG00000025902	CURATED:225[0];MGI:566108[13|6];MGI:566108[13|6>12|0];Ensembl.MGI:41126[1>0]
NM_001289467	Ensembl.RefSeq_mRNA:111235[1];Ensembl.RefSeq_mRNA:111235[1>0]	ENSMUSG00000025902	CURATED:225[0];MGI:566108[13|6];MGI:566108[13|6>12|0];Ensembl.MGI:41126[1>0]
NM_001289471	Ensembl.RefSeq_mRNA:40713[1];Ensembl.RefSeq_mRNA:40713[1>0]	ENSMUSG00000037465	CURATED:139[0];MGI:22931[13];MGI:22931[13|6>12|0];Ensembl.MGI:16821[1>0]
NM_001289521	Ensembl.RefSeq_mRNA:149303[1];Ensembl.RefSeq_mRNA:149303[1>0]	ENSMUSG00000026872	CURATED:272[0];MGI:17429[13];MGI:17429[13|6>12|0];Ensembl.MGI:53126[1>0]
NM_001289760	Ensembl.RefSeq_mRNA:76790[1];Ensembl.RefSeq_mRNA:76790[1>0]	ENSMUSG00000017491	CURATED:206[0];MGI:160284[13];MGI:160284[13|6>12|0];Ensembl.MGI:29871[1>0]
NM_001289761	Ensembl.RefSeq_mRNA:76791[1];Ensembl.RefSeq_mRNA:76791[1>0]	ENSMUSG00000017491	CURATED:206[0];MGI:160284[13];MGI:160284[13|6>12|0];Ensembl.MGI:29871[1>0]
NM_001289762	Ensembl.RefSeq_mRNA:76793[1];Ensembl.RefSeq_mRNA:76793[1>0]	ENSMUSG00000017491	CURATED:206[0];MGI:160284[13];MGI:160284[13|6>12|0];Ensembl.MGI:29871[1>0]
NM_001289828	Ensembl.RefSeq_mRNA:141151[1];Ensembl.RefSeq_mRNA:141151[1>0]	ENSMUSG00000012396	CURATED:177[0];MGI:8264[13];MGI:8264[13|6>12|0];Ensembl.MGI:50530[1>0]
NM_001289830	Ensembl.RefSeq_mRNA:141149[1];Ensembl.RefSeq_mRNA:141149[1>0]	ENSMUSG00000012396	CURATED:177[0];MGI:8264[13];MGI:8264[13|6>12|0];Ensembl.MGI:50530[1>0]
NM_001289831	Ensembl.RefSeq_mRNA:141148[1];Ensembl.RefSeq_mRNA:141148[1>0]	ENSMUSG00000012396	CURATED:177[0];MGI:8264[13];MGI:8264[13|6>12|0];Ensembl.MGI:50530[1>0]
NM_001289916	Ensembl.RefSeq_mRNA:108842[1];Ensembl.RefSeq_mRNA:108842[1>0]	ENSMUSG00000032238	CURATED:210[0];MGI:18025[13];MGI:18025[13|6>12|0];Ensembl.MGI:40181[1>0]
NM_001289917	Ensembl.RefSeq_mRNA:108740[1];Ensembl.RefSeq_mRNA:108740[1>0]	ENSMUSG00000032238	CURATED:210[0];MGI:18025[13];MGI:18025[13|6>12|0];Ensembl.MGI:40181[1>0]
NM_001289920	Ensembl.RefSeq_mRNA:19301[1];Ensembl.RefSeq_mRNA:19301[1>0]	ENSMUSG00000016477	CURATED:33[0];MGI:88225[13|6];MGI:88225[13|6>12|0];Ensembl.MGI:8567[1>0]
NM_001289921	Ensembl.RefSeq_mRNA:54582[1];Ensembl.RefSeq_mRNA:54582[1>0]	ENSMUSG00000036192	CURATED:211[0];MGI:162214[13];MGI:162214[13|6>12|0];Ensembl.MGI:21910[1>0]
NM_001290397	Ensembl.RefSeq_mRNA:10436[1];Ensembl.RefSeq_mRNA:10436[1>0]	ENSMUSG00000025912	CURATED:175[0];MGI:190864[13];MGI:173878[13|6>12|0];Ensembl.MGI:5037[1>0]
NM_001290481	Ensembl.RefSeq_mRNA:162006[1];Ensembl.RefSeq_mRNA:162006[1>0]	ENSMUSG00000015846	CURATED:216[0];MGI:18105[13];MGI:18105[13|6>12|0];Ensembl.MGI:56805[1>0]
NM_001290482	Ensembl.RefSeq_mRNA:162007[1];Ensembl.RefSeq_mRNA:162007[1>0]	ENSMUSG00000015846	CURATED:216[0];MGI:18105[13];MGI:18105[13|6>12|0];Ensembl.MGI:56805[1>0]
NM_001290646	Ensembl.RefSeq_mRNA:146948[1];Ensembl.RefSeq_mRNA:146948[1>0]	ENSMUSG00000000247	CURATED:151[0];MGI:166743[13|6];MGI:166743[13|6>12|0];Ensembl.MGI:52419[1>0]
NM_001290709	Ensembl.RefSeq_mRNA:57584[1];Ensembl.RefSeq_mRNA:57584[1>0]	ENSMUSG00000057098	CURATED:35[0];MGI:32452[13];MGI:32452[13|6>12|0];Ensembl.MGI:23013[1>0]
NM_001290710	Ensembl.RefSeq_mRNA:57595[1];Ensembl.RefSeq_mRNA:57595[1>0]	ENSMUSG00000057098	CURATED:35[0];MGI:32452[13];MGI:32452[13|6>12|0];Ensembl.MGI:23013[1>0]
NM_001290711	Ensembl.RefSeq_mRNA:57576[1];Ensembl.RefSeq_mRNA:57576[1>0]	ENSMUSG00000057098	CURATED:35[0];MGI:32452[13];MGI:32452[13|6>12|0];Ensembl.MGI:23013[1>0]
NM_001291059	Ensembl.RefSeq_mRNA:128047[1];Ensembl.RefSeq_mRNA:128047[1>0]	ENSMUSG00000037174	CURATED:42[0];MGI:9076[13];MGI:9076[13|6>12|0];Ensembl.MGI:46374[1>0]
NM_001291062	Ensembl.RefSeq_mRNA:128061[1];Ensembl.RefSeq_mRNA:128061[1>0]	ENSMUSG00000037174	CURATED:42[0];MGI:9076[13];MGI:9076[13|6>12|0];Ensembl.MGI:46374[1>0]
NM_001291063	Ensembl.RefSeq_mRNA:128070[1];Ensembl.RefSeq_mRNA:128070[1>0]	ENSMUSG00000037174	CURATED:42[0];MGI:9076[13];MGI:9076[13|6>12|0];Ensembl.MGI:46374[1>0]
NM_001291065	Ensembl.RefSeq_mRNA:146412[1];Ensembl.RefSeq_mRNA:146412[1>0]	ENSMUSG00000037025	CURATED:60[0];MGI:161639[13];MGI:100524[13|6>12|0];Ensembl.MGI:52284[1>0]
NM_001291067	Ensembl.RefSeq_mRNA:146411[1];Ensembl.RefSeq_mRNA:146411[1>0]	ENSMUSG00000037025	CURATED:60[0];MGI:161639[13];MGI:100524[13|6>12|0];Ensembl.MGI:52284[1>0]
NM_001291191	Ensembl.RefSeq_mRNA:31657[1];Ensembl.RefSeq_mRNA:31657[1>0]	ENSMUSG00000030557	CURATED:160[0];MGI:18849[13];MGI:18849[13|6>12|0];Ensembl.MGI:13170[1>0]
NM_001291192	Ensembl.RefSeq_mRNA:31653[1];Ensembl.RefSeq_mRNA:31653[1>0]	ENSMUSG00000030557	CURATED:160[0];MGI:18849[13];MGI:18849[13|6>12|0];Ensembl.MGI:13170[1>0]
NM_001291195	Ensembl.RefSeq_mRNA:31636[1];Ensembl.RefSeq_mRNA:31636[1>0]	ENSMUSG00000030557	CURATED:160[0];MGI:18849[13];MGI:18849[13|6>12|0];Ensembl.MGI:13170[1>0]
NM_001291196	Ensembl.RefSeq_mRNA:31637[1];Ensembl.RefSeq_mRNA:31637[1>0]	ENSMUSG00000030557	CURATED:160[0];MGI:18849[13];MGI:18849[13|6>12|0];Ensembl.MGI:13170[1>0]
NM_001291508	Ensembl.RefSeq_mRNA:101082[1];Ensembl.RefSeq_mRNA:101082[1>0]	ENSMUSG00000052534	CURATED:198[0];MGI:8021[13];MGI:8021[13|6>12|0];Ensembl.MGI:37624[1>0]
NM_001291509	Ensembl.RefSeq_mRNA:101090[1];Ensembl.RefSeq_mRNA:101090[1>0]	ENSMUSG00000052534	CURATED:198[0];MGI:8021[13];MGI:8021[13|6>12|0];Ensembl.MGI:37624[1>0]
NM_001291765	Ensembl.RefSeq_mRNA:23064[1];Ensembl.RefSeq_mRNA:23064[1>0]	ENSMUSG00000038482	CURATED:258[0];MGI:569176[13|6];MGI:569176[13|6>12|0];Ensembl.MGI:10049[1>0]
NM_001291766	Ensembl.RefSeq_mRNA:23098[1];Ensembl.RefSeq_mRNA:23098[1>0]	ENSMUSG00000038482	CURATED:258[0];MGI:569176[13|6];MGI:569176[13|6>12|0];Ensembl.MGI:10049[1>0]
NM_001291768	Ensembl.RefSeq_mRNA:23085[1];Ensembl.RefSeq_mRNA:23085[1>0]	ENSMUSG00000038482	CURATED:258[0];MGI:569176[13|6];MGI:569176[13|6>12|0];Ensembl.MGI:10049[1>0]
NM_001293734	Ensembl.RefSeq_mRNA:106352[1];Ensembl.RefSeq_mRNA:106352[1>0]	ENSMUSG00000028150	CURATED:212[0];MGI:581994[13];MGI:191921[13|6>12|0];Ensembl.MGI:39406[1>0]
NM_001301674	Ensembl.RefSeq_mRNA:2955[1];Ensembl.RefSeq_mRNA:2955[1>0]	ENSMUSG00000021359	CURATED:256[0];MGI:27775[13];MGI:27775[13|6>12|0];Ensembl.MGI:2024[1>0]
NM_001301811	Ensembl.RefSeq_mRNA:107385[1];Ensembl.RefSeq_mRNA:107385[1>0]	ENSMUSG00000041515	CURATED:130[0];MGI:26535[13];MGI:26535[13|6>12|0];Ensembl.MGI:39697[1>0]
NM_001301863	Ensembl.RefSeq_mRNA:146179[1];Ensembl.RefSeq_mRNA:146179[1>0]	ENSMUSG00000018654	CURATED:124[0];MGI:15595[13];MGI:15595[13|6>12|0];Ensembl.MGI:52129[1>0]
NM_001301865	Ensembl.RefSeq_mRNA:146174[1];Ensembl.RefSeq_mRNA:146174[1>0]	ENSMUSG00000018654	CURATED:124[0];MGI:15595[13];MGI:15595[13|6>12|0];Ensembl.MGI:52129[1>0]
NM_001301866	Ensembl.RefSeq_mRNA:146191[1];Ensembl.RefSeq_mRNA:146191[1>0]	ENSMUSG00000018654	CURATED:124[0];MGI:15595[13];MGI:15595[13|6>12|0];Ensembl.MGI:52129[1>0]
NM_001301868	Ensembl.RefSeq_mRNA:146145[1];Ensembl.RefSeq_mRNA:146145[1>0]	ENSMUSG00000018654	CURATED:124[0];MGI:15595[13];MGI:15595[13|6>12|0];Ensembl.MGI:52129[1>0]
NM_001302152	Ensembl.RefSeq_mRNA:31897[1];Ensembl.RefSeq_mRNA:31897[1>0]	ENSMUSG00000040732	CURATED:48[0];MGI:65773[13];MGI:65773[13|6>12|0];Ensembl.MGI:13190[1>0]
NM_001302153	Ensembl.RefSeq_mRNA:31900[1];Ensembl.RefSeq_mRNA:31900[1>0]	ENSMUSG00000040732	CURATED:48[0];MGI:65773[13];MGI:65773[13|6>12|0];Ensembl.MGI:13190[1>0]
NM_001302154	Ensembl.RefSeq_mRNA:31893[1];Ensembl.RefSeq_mRNA:31893[1>0]	ENSMUSG00000040732	CURATED:48[0];MGI:65773[13];MGI:65773[13|6>12|0];Ensembl.MGI:13190[1>0]
NM_001302179	Ensembl.RefSeq_mRNA:31896[1];Ensembl.RefSeq_mRNA:31896[1>0]	ENSMUSG00000040732	CURATED:48[0];MGI:65773[13];MGI:65773[13|6>12|0];Ensembl.MGI:13190[1>0]
NM_001302183	Ensembl.RefSeq_mRNA:31902[1];Ensembl.RefSeq_mRNA:31902[1>0]	ENSMUSG00000040732	CURATED:48[0];MGI:65773[13];MGI:65773[13|6>12|0];Ensembl.MGI:13190[1>0]
NM_001302338	Ensembl.RefSeq_mRNA:4523[1];Ensembl.RefSeq_mRNA:4523[1>0]	ENSMUSG00000058794	CURATED:180[0];MGI:174594[13|6];MGI:174594[13|6>12|0];Ensembl.MGI:2737[1>0]
NM_001302339	Ensembl.RefSeq_mRNA:4520[1];Ensembl.RefSeq_mRNA:4520[1>0]	ENSMUSG00000058794	CURATED:180[0];MGI:174594[13|6];MGI:174594[13|6>12|0];Ensembl.MGI:2737[1>0]
NM_001302340	Ensembl.RefSeq_mRNA:4521[1];Ensembl.RefSeq_mRNA:4521[1>0]	ENSMUSG00000058794	CURATED:180[0];MGI:174594[13|6];MGI:174594[13|6>12|0];Ensembl.MGI:2737[1>0]
NM_001302341	Ensembl.RefSeq_mRNA:4519[1];Ensembl.RefSeq_mRNA:4519[1>0]	ENSMUSG00000058794	CURATED:180[0];MGI:174594[13|6];MGI:174594[13|6>12|0];Ensembl.MGI:2737[1>0]
NM_001302343	Ensembl.RefSeq_mRNA:4509[1];Ensembl.RefSeq_mRNA:4509[1>0]	ENSMUSG00000058794	CURATED:180[0];MGI:174594[13|6];MGI:174594[13|6>12|0];Ensembl.MGI:2737[1>0]
NM_001303102	Ensembl.RefSeq_mRNA:62374[1];Ensembl.RefSeq_mRNA:62374[1>0]	ENSMUSG00000030199	CURATED:53[0];MGI:31188[13];MGI:31188[13|6>12|0];Ensembl.MGI:24719[1>0]
NM_001305432	Ensembl.RefSeq_mRNA:25986[1];Ensembl.RefSeq_mRNA:25986[1>0]	ENSMUSG00000039158	CURATED:1[0];MGI:25346[13];MGI:25346[13|6>12|0];Ensembl.MGI:11106[1>0]
NM_001308266	Ensembl.RefSeq_mRNA:30390[1];Ensembl.RefSeq_mRNA:30390[1>0]	ENSMUSG00000062939	CURATED:242[0];MGI:566979[13|6];MGI:566979[13|6>12|0];Ensembl.MGI:12784[1>0]
NM_001310144	Ensembl.RefSeq_mRNA:131120[1];Ensembl.RefSeq_mRNA:131120[1>0]	ENSMUSG00000027168	CURATED:197[0];MGI:4727[13];MGI:4727[13|6>12|0];Ensembl.MGI:47218[1>0]
NM_001310145	Ensembl.RefSeq_mRNA:131093[1];Ensembl.RefSeq_mRNA:131093[1>0]	ENSMUSG00000027168	CURATED:197[0];MGI:4727[13];MGI:4727[13|6>12|0];Ensembl.MGI:47218[1>0]
NM_001310146	Ensembl.RefSeq_mRNA:131094[1];Ensembl.RefSeq_mRNA:131094[1>0]	ENSMUSG00000027168	CURATED:197[0];MGI:4727[13];MGI:4727[13|6>12|0];Ensembl.MGI:47218[1>0]
NM_001310587	Ensembl.RefSeq_mRNA:110367[1];Ensembl.RefSeq_mRNA:110367[1>0]	ENSMUSG00000001419	CURATED:162[0];MGI:38180[13];MGI:38180[13|6>12|0];Ensembl.MGI:40776[1>0]
NM_001310593	Ensembl.RefSeq_mRNA:110359[1];Ensembl.RefSeq_mRNA:110359[1>0]	ENSMUSG00000001419	CURATED:162[0];MGI:38180[13];MGI:38180[13|6>12|0];Ensembl.MGI:40776[1>0]
NM_001310610	Ensembl.RefSeq_mRNA:9987[1];Ensembl.RefSeq_mRNA:9987[1>0]	ENSMUSG00000021944	CURATED:78[0];MGI:101205[13];MGI:101205[13|6>12|0];Ensembl.MGI:4951[1>0]
NM_001311066	Ensembl.RefSeq_mRNA:53544[1];Ensembl.RefSeq_mRNA:53544[1>0]	ENSMUSG00000063889	CURATED:24[0];MGI:64827[13|6];MGI:64827[13|6>12|0];Ensembl.MGI:21105[1>0]
NM_001311067	Ensembl.RefSeq_mRNA:53547[1];Ensembl.RefSeq_mRNA:53547[1>0]	ENSMUSG00000063889	CURATED:24[0];MGI:64827[13|6];MGI:64827[13|6>12|0];Ensembl.MGI:21105[1>0]
NM_001311118	Ensembl.RefSeq_mRNA:117021[1];Ensembl.RefSeq_mRNA:117021[1>0]	ENSMUSG00000029844	CURATED:101[0];MGI:161746[13];MGI:161746[13|6>12|0];Ensembl.MGI:42933[1>0]
NM_001312906	Ensembl.RefSeq_mRNA:105551[1];Ensembl.RefSeq_mRNA:105551[1>0]	ENSMUSG00000017950	CURATED:99[0];MGI:161644[13];MGI:161644[13|6>12|0];Ensembl.MGI:39104[1>0]
NM_001312907	Ensembl.RefSeq_mRNA:105552[1];Ensembl.RefSeq_mRNA:105552[1>0]	ENSMUSG00000017950	CURATED:99[0];MGI:161644[13];MGI:161644[13|6>12|0];Ensembl.MGI:39104[1>0]
NM_001313981	Ensembl.RefSeq_mRNA:90394[1];Ensembl.RefSeq_mRNA:90394[1>0]	ENSMUSG00000000782	CURATED:255[0];MGI:24833[13];MGI:24833[13|6>12|0];Ensembl.MGI:34217[1>0]
NM_001322265	Ensembl.RefSeq_mRNA:28153[1];Ensembl.RefSeq_mRNA:28153[1>0]	ENSMUSG00000008398	CURATED:43[0];MGI:78039[13];MGI:78039[13|6>12|0];Ensembl.MGI:11960[1>0]
NM_001322268	Ensembl.RefSeq_mRNA:28158[1];Ensembl.RefSeq_mRNA:28158[1>0]	ENSMUSG00000008398	CURATED:43[0];MGI:78039[13];MGI:78039[13|6>12|0];Ensembl.MGI:11960[1>0]
NM_001346036	Ensembl.RefSeq_mRNA:143073[1];Ensembl.RefSeq_mRNA:143073[1>0]	ENSMUSG00000027210	CURATED:164[0];MGI:18915[13];MGI:18915[13|6>12|0];Ensembl.MGI:51222[1>0]
NM_001346038	Ensembl.RefSeq_mRNA:143071[1];Ensembl.RefSeq_mRNA:143071[1>0]	ENSMUSG00000027210	CURATED:164[0];MGI:18915[13];MGI:18915[13|6>12|0];Ensembl.MGI:51222[1>0]
NM_001346041	Ensembl.RefSeq_mRNA:143076[1];Ensembl.RefSeq_mRNA:143076[1>0]	ENSMUSG00000027210	CURATED:164[0];MGI:18915[13];MGI:18915[13|6>12|0];Ensembl.MGI:51222[1>0]
NM_001346044	Ensembl.RefSeq_mRNA:143074[1];Ensembl.RefSeq_mRNA:143074[1>0]	ENSMUSG00000027210	CURATED:164[0];MGI:18915[13];MGI:18915[13|6>12|0];Ensembl.MGI:51222[1>0]
NM_001346045	Ensembl.RefSeq_mRNA:143066[1];Ensembl.RefSeq_mRNA:143066[1>0]	ENSMUSG00000027210	CURATED:164[0];MGI:18915[13];MGI:18915[13|6>12|0];Ensembl.MGI:51222[1>0]
NM_001346047	Ensembl.RefSeq_mRNA:143061[1];Ensembl.RefSeq_mRNA:143061[1>0]	ENSMUSG00000027210	CURATED:164[0];MGI:18915[13];MGI:18915[13|6>12|0];Ensembl.MGI:51222[1>0]
NM_001346053	Ensembl.RefSeq_mRNA:143062[1];Ensembl.RefSeq_mRNA:143062[1>0]	ENSMUSG00000027210	CURATED:164[0];MGI:18915[13];MGI:18915[13|6>12|0];Ensembl.MGI:51222[1>0]
NM_001346055	Ensembl.RefSeq_mRNA:143070[1];Ensembl.RefSeq_mRNA:143070[1>0]	ENSMUSG00000027210	CURATED:164[0];MGI:18915[13];MGI:18915[13|6>12|0];Ensembl.MGI:51222[1>0]
NM_001346056	Ensembl.RefSeq_mRNA:143064[1];Ensembl.RefSeq_mRNA:143064[1>0]	ENSMUSG00000027210	CURATED:164[0];MGI:18915[13];MGI:18915[13|6>12|0];Ensembl.MGI:51222[1>0]
NM_001347345	Ensembl.RefSeq_mRNA:54936[1];Ensembl.RefSeq_mRNA:54936[1>0]	ENSMUSG00000030067	CURATED:72[0];MGI:10840[13];MGI:10840[13|6>12|0];Ensembl.MGI:21528[1>0]
NM_001347458	Ensembl.RefSeq_mRNA:119724[1];Ensembl.RefSeq_mRNA:119724[1>0]	ENSMUSG00000037868	CURATED:40[0];MGI:95100[13];MGI:95100[13|6>12|0];Ensembl.MGI:43871[1>0]
NM_001347508	Ensembl.RefSeq_mRNA:19742[1];Ensembl.RefSeq_mRNA:19742[1>0]	ENSMUSG00000021356	CURATED:128[0];MGI:23965[13];MGI:23965[13|6>12|0];Ensembl.MGI:8764[1>0]
NM_001347538	Ensembl.RefSeq_mRNA:31305[1];Ensembl.RefSeq_mRNA:31305[1>0]	ENSMUSG00000069171	CURATED:188[0];MGI:98467[13];MGI:98467[13|6>12|0];Ensembl.MGI:13107[1>0]
NM_001347539	Ensembl.RefSeq_mRNA:31289[1];Ensembl.RefSeq_mRNA:31289[1>0]	ENSMUSG00000069171	CURATED:188[0];MGI:98467[13];MGI:98467[13|6>12|0];Ensembl.MGI:13107[1>0]
NM_001347586	Ensembl.RefSeq_mRNA:47152[1];Ensembl.RefSeq_mRNA:47152[1>0]	ENSMUSG00000003545	CURATED:57[0];MGI:100518[13|6];MGI:100518[13|6>12|0];Ensembl.MGI:19215[1>0]
NM_001355110	Ensembl.RefSeq_mRNA:158181[1];Ensembl.RefSeq_mRNA:158181[1>0]	ENSMUSG00000015619	CURATED:77[0];MGI:101201[13];MGI:101201[13|6>12|0];Ensembl.MGI:55660[1>0]
NM_001355111	Ensembl.RefSeq_mRNA:158182[1];Ensembl.RefSeq_mRNA:158182[1>0]	ENSMUSG00000015619	CURATED:77[0];MGI:101201[13];MGI:101201[13|6>12|0];Ensembl.MGI:55660[1>0]
NM_001355112	Ensembl.RefSeq_mRNA:158180[1];Ensembl.RefSeq_mRNA:158180[1>0]	ENSMUSG00000015619	CURATED:77[0];MGI:101201[13];MGI:101201[13|6>12|0];Ensembl.MGI:55660[1>0]
NM_001355113	Ensembl.RefSeq_mRNA:21241[1];Ensembl.RefSeq_mRNA:21241[1>0]	ENSMUSG00000042745	CURATED:120[0];MGI:23712[13];MGI:23712[13|6>12|0];Ensembl.MGI:9429[1>0]
NM_001355253	Ensembl.RefSeq_mRNA:10072[1];Ensembl.RefSeq_mRNA:10072[1>0]	ENSMUSG00000015053	CURATED:76[0];MGI:101199[13];MGI:101199[13|6>12|0];Ensembl.MGI:4965[1>0]
NM_001355288	Ensembl.RefSeq_mRNA:149286[1];Ensembl.RefSeq_mRNA:149286[1>0]	ENSMUSG00000026872	CURATED:272[0];MGI:17429[13];MGI:17429[13|6>12|0];Ensembl.MGI:53126[1>0]
NM_001355289	Ensembl.RefSeq_mRNA:149295[1];Ensembl.RefSeq_mRNA:149295[1>0]	ENSMUSG00000026872	CURATED:272[0];MGI:17429[13];MGI:17429[13|6>12|0];Ensembl.MGI:53126[1>0]
NM_001355290	Ensembl.RefSeq_mRNA:149296[1];Ensembl.RefSeq_mRNA:149296[1>0]	ENSMUSG00000026872	CURATED:272[0];MGI:17429[13];MGI:17429[13|6>12|0];Ensembl.MGI:53126[1>0]
NM_001355291	Ensembl.RefSeq_mRNA:149302[1];Ensembl.RefSeq_mRNA:149302[1>0]	ENSMUSG00000026872	CURATED:272[0];MGI:17429[13];MGI:17429[13|6>12|0];Ensembl.MGI:53126[1>0]
NM_001355742	Ensembl.RefSeq_mRNA:8358[1];Ensembl.RefSeq_mRNA:8358[1>0]	ENSMUSG00000034998	CURATED:68[0];MGI:10969[13];MGI:10969[13|6>12|0];Ensembl.MGI:4290[1>0]
NM_001355743	Ensembl.RefSeq_mRNA:8360[1];Ensembl.RefSeq_mRNA:8360[1>0]	ENSMUSG00000034998	CURATED:68[0];MGI:10969[13];MGI:10969[13|6>12|0];Ensembl.MGI:4290[1>0]
NM_001356358	Ensembl.RefSeq_mRNA:128060[1];Ensembl.RefSeq_mRNA:128060[1>0]	ENSMUSG00000037174	CURATED:42[0];MGI:9076[13];MGI:9076[13|6>12|0];Ensembl.MGI:46374[1>0]
NM_001357183	Ensembl.RefSeq_mRNA:18002[1];Ensembl.RefSeq_mRNA:18002[1>0]	ENSMUSG00000041649	CURATED:147[0];MGI:19372[13];MGI:19372[13|6>12|0];Ensembl.MGI:8105[1>0]
NM_001357324	Ensembl.RefSeq_mRNA:31658[1];Ensembl.RefSeq_mRNA:31658[1>0]	ENSMUSG00000030557	CURATED:160[0];MGI:18849[13];MGI:18849[13|6>12|0];Ensembl.MGI:13170[1>0]
NM_001357325	Ensembl.RefSeq_mRNA:31635[1];Ensembl.RefSeq_mRNA:31635[1>0]	ENSMUSG00000030557	CURATED:160[0];MGI:18849[13];MGI:18849[13|6>12|0];Ensembl.MGI:13170[1>0]
NM_001357627	Ensembl.RefSeq_mRNA:36923[1];Ensembl.RefSeq_mRNA:36923[1>0]	ENSMUSG00000026104	CURATED:240[0];MGI:6918[13];MGI:6918[13|6>12|0];Ensembl.MGI:14824[1>0]
NM_001357636	Ensembl.RefSeq_mRNA:13149[1];Ensembl.RefSeq_mRNA:13149[1>0]	ENSMUSG00000023927	CURATED:219[0];MGI:9252[13];MGI:9252[13|6>12|0];Ensembl.MGI:6124[1>0]
NM_001357637	Ensembl.RefSeq_mRNA:13134[1];Ensembl.RefSeq_mRNA:13134[1>0]	ENSMUSG00000023927	CURATED:219[0];MGI:9252[13];MGI:9252[13|6>12|0];Ensembl.MGI:6124[1>0]
NM_001357638	Ensembl.RefSeq_mRNA:13135[1];Ensembl.RefSeq_mRNA:13135[1>0]	ENSMUSG00000023927	CURATED:219[0];MGI:9252[13];MGI:9252[13|6>12|0];Ensembl.MGI:6124[1>0]
NM_001357640	Ensembl.RefSeq_mRNA:13148[1];Ensembl.RefSeq_mRNA:13148[1>0]	ENSMUSG00000023927	CURATED:219[0];MGI:9252[13];MGI:9252[13|6>12|0];Ensembl.MGI:6124[1>0]
NM_001357677	Ensembl.RefSeq_mRNA:40718[1];Ensembl.RefSeq_mRNA:40718[1>0]	ENSMUSG00000037465	CURATED:139[0];MGI:22931[13];MGI:22931[13|6>12|0];Ensembl.MGI:16821[1>0]
NM_001358428	Ensembl.RefSeq_mRNA:45891[1];Ensembl.RefSeq_mRNA:45891[1>0]	ENSMUSG00000013089	CURATED:52[0];MGI:3409[13];MGI:3409[13|6>12|0];Ensembl.MGI:18672[1>0]
NM_001358991	Ensembl.RefSeq_mRNA:23093[1];Ensembl.RefSeq_mRNA:23093[1>0]	ENSMUSG00000038482	CURATED:258[0];MGI:569176[13|6];MGI:569176[13|6>12|0];Ensembl.MGI:10049[1>0]
NM_001359994	Ensembl.RefSeq_mRNA:19299[1];Ensembl.RefSeq_mRNA:19299[1>0]	ENSMUSG00000016477	CURATED:33[0];MGI:88225[13|6];MGI:88225[13|6>12|0];Ensembl.MGI:8567[1>0]
NM_001360202	Ensembl.RefSeq_mRNA:22095[1];Ensembl.RefSeq_mRNA:22095[1>0]	ENSMUSG00000022053	CURATED:36[0];MGI:70178[13];MGI:70178[13|6>12|0];Ensembl.MGI:9696[1>0]
NM_001360225	Ensembl.RefSeq_mRNA:41153[1];Ensembl.RefSeq_mRNA:41153[1>0]	ENSMUSG00000021848	CURATED:193[0];MGI:88143[13];MGI:88143[13|6>12|0];Ensembl.MGI:16912[1>0]
NM_001360226	Ensembl.RefSeq_mRNA:41154[1];Ensembl.RefSeq_mRNA:41154[1>0]	ENSMUSG00000021848	CURATED:193[0];MGI:88143[13];MGI:88143[13|6>12|0];Ensembl.MGI:16912[1>0]
NM_001360345	Ensembl.RefSeq_mRNA:83394[1];Ensembl.RefSeq_mRNA:83394[1>0]	ENSMUSG00000025025	CURATED:173[0];MGI:173847[13|6];MGI:173847[13|6>12|0];Ensembl.MGI:31921[1>0]
NM_001360346	Ensembl.RefSeq_mRNA:83402[1];Ensembl.RefSeq_mRNA:83402[1>0]	ENSMUSG00000025025	CURATED:173[0];MGI:173847[13|6];MGI:173847[13|6>12|0];Ensembl.MGI:31921[1>0]
NM_001360347	Ensembl.RefSeq_mRNA:83403[1];Ensembl.RefSeq_mRNA:83403[1>0]	ENSMUSG00000025025	CURATED:173[0];MGI:173847[13|6];MGI:173847[13|6>12|0];Ensembl.MGI:31921[1>0]
NM_001360348	Ensembl.RefSeq_mRNA:83401[1];Ensembl.RefSeq_mRNA:83401[1>0]	ENSMUSG00000025025	CURATED:173[0];MGI:173847[13|6];MGI:173847[13|6>12|0];Ensembl.MGI:31921[1>0]
NM_001360899	Ensembl.RefSeq_mRNA:93363[1];Ensembl.RefSeq_mRNA:93363[1>0]	ENSMUSG00000067071	CURATED:92[0];MGI:23909[13];MGI:23909[13|6>12|0];Ensembl.MGI:35199[1>0]
NM_001360900	Ensembl.RefSeq_mRNA:93377[1];Ensembl.RefSeq_mRNA:93377[1>0]	ENSMUSG00000067071	CURATED:92[0];MGI:23909[13];MGI:23909[13|6>12|0];Ensembl.MGI:35199[1>0]
NM_001360981	Ensembl.RefSeq_mRNA:55590[1];Ensembl.RefSeq_mRNA:55590[1>0]	ENSMUSG00000024238	CURATED:271[0];MGI:10768[13];MGI:10768[13|6>12|0];Ensembl.MGI:22292[1>0]
NM_001360982	Ensembl.RefSeq_mRNA:55591[1];Ensembl.RefSeq_mRNA:55591[1>0]	ENSMUSG00000024238	CURATED:271[0];MGI:10768[13];MGI:10768[13|6>12|0];Ensembl.MGI:22292[1>0]
NM_001361954	Ensembl.RefSeq_mRNA:31933[1];Ensembl.RefSeq_mRNA:31933[1>0]	ENSMUSG00000037992	CURATED:205[0];MGI:190162[13|6];MGI:190162[13|6>12|0];Ensembl.MGI:13285[1>0]
NM_001362569	Ensembl.RefSeq_mRNA:57585[1];Ensembl.RefSeq_mRNA:57585[1>0]	ENSMUSG00000057098	CURATED:35[0];MGI:32452[13];MGI:32452[13|6>12|0];Ensembl.MGI:23013[1>0]
NM_001362571	Ensembl.RefSeq_mRNA:57593[1];Ensembl.RefSeq_mRNA:57593[1>0]	ENSMUSG00000057098	CURATED:35[0];MGI:32452[13];MGI:32452[13|6>12|0];Ensembl.MGI:23013[1>0]
NM_001362574	Ensembl.RefSeq_mRNA:57594[1];Ensembl.RefSeq_mRNA:57594[1>0]	ENSMUSG00000057098	CURATED:35[0];MGI:32452[13];MGI:32452[13|6>12|0];Ensembl.MGI:23013[1>0]
NM_001362575	Ensembl.RefSeq_mRNA:57581[1];Ensembl.RefSeq_mRNA:57581[1>0]	ENSMUSG00000057098	CURATED:35[0];MGI:32452[13];MGI:32452[13|6>12|0];Ensembl.MGI:23013[1>0]
NM_001362576	Ensembl.RefSeq_mRNA:57583[1];Ensembl.RefSeq_mRNA:57583[1>0]	ENSMUSG00000057098	CURATED:35[0];MGI:32452[13];MGI:32452[13|6>12|0];Ensembl.MGI:23013[1>0]
NM_001362577	Ensembl.RefSeq_mRNA:57582[1];Ensembl.RefSeq_mRNA:57582[1>0]	ENSMUSG00000057098	CURATED:35[0];MGI:32452[13];MGI:32452[13|6>12|0];Ensembl.MGI:23013[1>0]
NM_001362578	Ensembl.RefSeq_mRNA:57592[1];Ensembl.RefSeq_mRNA:57592[1>0]	ENSMUSG00000057098	CURATED:35[0];MGI:32452[13];MGI:32452[13|6>12|0];Ensembl.MGI:23013[1>0]
NM_001362579	Ensembl.RefSeq_mRNA:57591[1];Ensembl.RefSeq_mRNA:57591[1>0]	ENSMUSG00000057098	CURATED:35[0];MGI:32452[13];MGI:32452[13|6>12|0];Ensembl.MGI:23013[1>0]
NM_001362680	Ensembl.RefSeq_mRNA:52012[1];Ensembl.RefSeq_mRNA:52012[1>0]	ENSMUSG00000004043	CURATED:243[0];MGI:21438[13];MGI:21438[13|6>12|0];Ensembl.MGI:20980[1>0]
NM_001363230	Ensembl.RefSeq_mRNA:144591[1];Ensembl.RefSeq_mRNA:144591[1>0]	ENSMUSG00000038560	CURATED:236[0];MGI:3678[13];MGI:3678[13|6>12|0];Ensembl.MGI:51692[1>0]
NM_001364543	Ensembl.RefSeq_mRNA:7785[1];Ensembl.RefSeq_mRNA:7785[1>0]	ENSMUSG00000066687	CURATED:269[0];MGI:24870[13];MGI:24870[13|6>12|0];Ensembl.MGI:3986[1>0]
NM_001368743	Ensembl.RefSeq_mRNA:95537[1];Ensembl.RefSeq_mRNA:95537[1>0]	ENSMUSG00000004231	CURATED:194[0];MGI:178758[13];MGI:178758[13|6>12|0];Ensembl.MGI:35867[1>0]
NM_001368744	Ensembl.RefSeq_mRNA:95519[1];Ensembl.RefSeq_mRNA:95519[1>0]	ENSMUSG00000004231	CURATED:194[0];MGI:178758[13];MGI:178758[13|6>12|0];Ensembl.MGI:35867[1>0]
NM_001368745	Ensembl.RefSeq_mRNA:95520[1];Ensembl.RefSeq_mRNA:95520[1>0]	ENSMUSG00000004231	CURATED:194[0];MGI:178758[13];MGI:178758[13|6>12|0];Ensembl.MGI:35867[1>0]
NM_001368746	Ensembl.RefSeq_mRNA:95538[1];Ensembl.RefSeq_mRNA:95538[1>0]	ENSMUSG00000004231	CURATED:194[0];MGI:178758[13];MGI:178758[13|6>12|0];Ensembl.MGI:35867[1>0]
NM_001368747	Ensembl.RefSeq_mRNA:95528[1];Ensembl.RefSeq_mRNA:95528[1>0]	ENSMUSG00000004231	CURATED:194[0];MGI:178758[13];MGI:178758[13|6>12|0];Ensembl.MGI:35867[1>0]
NM_001368748	Ensembl.RefSeq_mRNA:95531[1];Ensembl.RefSeq_mRNA:95531[1>0]	ENSMUSG00000004231	CURATED:194[0];MGI:178758[13];MGI:178758[13|6>12|0];Ensembl.MGI:35867[1>0]
NM_001368749	Ensembl.RefSeq_mRNA:95530[1];Ensembl.RefSeq_mRNA:95530[1>0]	ENSMUSG00000004231	CURATED:194[0];MGI:178758[13];MGI:178758[13|6>12|0];Ensembl.MGI:35867[1>0]
NM_001368750	Ensembl.RefSeq_mRNA:95532[1];Ensembl.RefSeq_mRNA:95532[1>0]	ENSMUSG00000004231	CURATED:194[0];MGI:178758[13];MGI:178758[13|6>12|0];Ensembl.MGI:35867[1>0]
NM_001368751	Ensembl.RefSeq_mRNA:95529[1];Ensembl.RefSeq_mRNA:95529[1>0]	ENSMUSG00000004231	CURATED:194[0];MGI:178758[13];MGI:178758[13|6>12|0];Ensembl.MGI:35867[1>0]
NM_001368796	Ensembl.RefSeq_mRNA:10177[1];Ensembl.RefSeq_mRNA:10177[1>0]	ENSMUSG00000031902	CURATED:179[0];MGI:38172[13];MGI:38172[13|6>12|0];Ensembl.MGI:4962[1>0]
NM_001368797	Ensembl.RefSeq_mRNA:10173[1];Ensembl.RefSeq_mRNA:10173[1>0]	ENSMUSG00000031902	CURATED:179[0];MGI:38172[13];MGI:38172[13|6>12|0];Ensembl.MGI:4962[1>0]
NM_001368808	Ensembl.RefSeq_mRNA:150795[1];Ensembl.RefSeq_mRNA:150795[1>0]	ENSMUSG00000026565	CURATED:200[0];MGI:10164[13];MGI:10164[13|6>12|0];Ensembl.MGI:53587[1>0]
NM_001369018	Ensembl.RefSeq_mRNA:21247[1];Ensembl.RefSeq_mRNA:21247[1>0]	ENSMUSG00000042745	CURATED:120[0];MGI:23712[13];MGI:23712[13|6>12|0];Ensembl.MGI:9429[1>0]
NM_001369050	Ensembl.RefSeq_mRNA:57985[1];Ensembl.RefSeq_mRNA:57985[1>0]	ENSMUSG00000070691	CURATED:215[0];MGI:39131[13];MGI:39131[13|6>12|0];Ensembl.MGI:23185[1>0]
NM_001370755	Ensembl.RefSeq_mRNA:145886[1];Ensembl.RefSeq_mRNA:145886[1>0]	ENSMUSG00000048001	CURATED:91[0];MGI:160804[13|6];MGI:160804[13|6>12|0];Ensembl.MGI:52088[1>0]
NM_001372534	Ensembl.RefSeq_mRNA:13703[1];Ensembl.RefSeq_mRNA:13703[1>0]	ENSMUSG00000032035	CURATED:49[0];MGI:23218[13];MGI:23218[13|6>12|0];Ensembl.MGI:6430[1>0]
NM_001372535	Ensembl.RefSeq_mRNA:13710[1];Ensembl.RefSeq_mRNA:13710[1>0]	ENSMUSG00000032035	CURATED:49[0];MGI:23218[13];MGI:23218[13|6>12|0];Ensembl.MGI:6430[1>0]
NM_001372536	Ensembl.RefSeq_mRNA:13711[1];Ensembl.RefSeq_mRNA:13711[1>0]	ENSMUSG00000032035	CURATED:49[0];MGI:23218[13];MGI:23218[13|6>12|0];Ensembl.MGI:6430[1>0]
NM_001372537	Ensembl.RefSeq_mRNA:13724[1];Ensembl.RefSeq_mRNA:13724[1>0]	ENSMUSG00000032035	CURATED:49[0];MGI:23218[13];MGI:23218[13|6>12|0];Ensembl.MGI:6430[1>0]
NM_001373983	Ensembl.RefSeq_mRNA:119696[1];Ensembl.RefSeq_mRNA:119696[1>0]	ENSMUSG00000037868	CURATED:40[0];MGI:95100[13];MGI:95100[13|6>12|0];Ensembl.MGI:43871[1>0]
NM_001373985	Ensembl.RefSeq_mRNA:119721[1];Ensembl.RefSeq_mRNA:119721[1>0]	ENSMUSG00000037868	CURATED:40[0];MGI:95100[13];MGI:95100[13|6>12|0];Ensembl.MGI:43871[1>0]
NM_001373986	Ensembl.RefSeq_mRNA:119722[1];Ensembl.RefSeq_mRNA:119722[1>0]	ENSMUSG00000037868	CURATED:40[0];MGI:95100[13];MGI:95100[13|6>12|0];Ensembl.MGI:43871[1>0]
NM_001373987	Ensembl.RefSeq_mRNA:119723[1];Ensembl.RefSeq_mRNA:119723[1>0]	ENSMUSG00000037868	CURATED:40[0];MGI:95100[13];MGI:95100[13|6>12|0];Ensembl.MGI:43871[1>0]
NM_001374833	Ensembl.RefSeq_mRNA:53552[1];Ensembl.RefSeq_mRNA:53552[1>0]	ENSMUSG00000063889	CURATED:24[0];MGI:64827[13|6];MGI:64827[13|6>12|0];Ensembl.MGI:21105[1>0]
NM_001376954	Ensembl.RefSeq_mRNA:130893[1];Ensembl.RefSeq_mRNA:130893[1>0]	ENSMUSG00000026436	CURATED:44[0];MGI:7670[13];MGI:7670[13|6>12|0];Ensembl.MGI:47313[1>0]
NM_001376955	Ensembl.RefSeq_mRNA:130895[1];Ensembl.RefSeq_mRNA:130895[1>0]	ENSMUSG00000026436	CURATED:44[0];MGI:7670[13];MGI:7670[13|6>12|0];Ensembl.MGI:47313[1>0]
NM_001376956	Ensembl.RefSeq_mRNA:130894[1];Ensembl.RefSeq_mRNA:130894[1>0]	ENSMUSG00000026436	CURATED:44[0];MGI:7670[13];MGI:7670[13|6>12|0];Ensembl.MGI:47313[1>0]
NM_001376957	Ensembl.RefSeq_mRNA:130890[1];Ensembl.RefSeq_mRNA:130890[1>0]	ENSMUSG00000026436	CURATED:44[0];MGI:7670[13];MGI:7670[13|6>12|0];Ensembl.MGI:47313[1>0]
NM_001376958	Ensembl.RefSeq_mRNA:130902[1];Ensembl.RefSeq_mRNA:130902[1>0]	ENSMUSG00000026436	CURATED:44[0];MGI:7670[13];MGI:7670[13|6>12|0];Ensembl.MGI:47313[1>0]
NM_001376959	Ensembl.RefSeq_mRNA:130892[1];Ensembl.RefSeq_mRNA:130892[1>0]	ENSMUSG00000026436	CURATED:44[0];MGI:7670[13];MGI:7670[13|6>12|0];Ensembl.MGI:47313[1>0]
NM_001376967	Ensembl.RefSeq_mRNA:27636[1];Ensembl.RefSeq_mRNA:27636[1>0]	ENSMUSG00000048756	CURATED:70[0];MGI:3870[13];MGI:3870[13|6>12|0];Ensembl.MGI:11783[1>0]
NM_001377078	Ensembl.RefSeq_mRNA:18841[1];Ensembl.RefSeq_mRNA:18841[1>0]	ENSMUSG00000041272	CURATED:262[0];MGI:5001[13];MGI:5001[13|6>12|0];Ensembl.MGI:8422[1>0]
NM_001377079	Ensembl.RefSeq_mRNA:18842[1];Ensembl.RefSeq_mRNA:18842[1>0]	ENSMUSG00000041272	CURATED:262[0];MGI:5001[13];MGI:5001[13|6>12|0];Ensembl.MGI:8422[1>0]
NM_001378898	Ensembl.RefSeq_mRNA:163460[1];Ensembl.RefSeq_mRNA:163460[1>0]	ENSMUSG00000002111	CURATED:238[0];MGI:563961[11];MGI:564120[13|6>12|0];Ensembl.MGI:57156[1>0]
NM_001378899	Ensembl.RefSeq_mRNA:163457[1];Ensembl.RefSeq_mRNA:163457[1>0]	ENSMUSG00000002111	CURATED:238[0];MGI:563961[11];MGI:564120[13|6>12|0];Ensembl.MGI:57156[1>0]
NM_001378903	Ensembl.RefSeq_mRNA:99243[1];Ensembl.RefSeq_mRNA:99243[1>0]	ENSMUSG00000020167	CURATED:253[0];MGI:20040[13];MGI:20040[13|6>12|0];Ensembl.MGI:36510[1>0]
NM_001378904	Ensembl.RefSeq_mRNA:99206[1];Ensembl.RefSeq_mRNA:99206[1>0]	ENSMUSG00000020167	CURATED:253[0];MGI:20040[13];MGI:20040[13|6>12|0];Ensembl.MGI:36510[1>0]
NM_001378905	Ensembl.RefSeq_mRNA:99242[1];Ensembl.RefSeq_mRNA:99242[1>0]	ENSMUSG00000020167	CURATED:253[0];MGI:20040[13];MGI:20040[13|6>12|0];Ensembl.MGI:36510[1>0]
NM_001378908	Ensembl.RefSeq_mRNA:99244[1];Ensembl.RefSeq_mRNA:99244[1>0]	ENSMUSG00000020167	CURATED:253[0];MGI:20040[13];MGI:20040[13|6>12|0];Ensembl.MGI:36510[1>0]
NM_001378910	Ensembl.RefSeq_mRNA:99240[1];Ensembl.RefSeq_mRNA:99240[1>0]	ENSMUSG00000020167	CURATED:253[0];MGI:20040[13];MGI:20040[13|6>12|0];Ensembl.MGI:36510[1>0]
NM_001378912	Ensembl.RefSeq_mRNA:99205[1];Ensembl.RefSeq_mRNA:99205[1>0]	ENSMUSG00000020167	CURATED:253[0];MGI:20040[13];MGI:20040[13|6>12|0];Ensembl.MGI:36510[1>0]
NM_001378913	Ensembl.RefSeq_mRNA:99280[1];Ensembl.RefSeq_mRNA:99280[1>0]	ENSMUSG00000020167	CURATED:253[0];MGI:20040[13];MGI:20040[13|6>12|0];Ensembl.MGI:36510[1>0]
NM_001378914	Ensembl.RefSeq_mRNA:99183[1];Ensembl.RefSeq_mRNA:99183[1>0]	ENSMUSG00000020167	CURATED:253[0];MGI:20040[13];MGI:20040[13|6>12|0];Ensembl.MGI:36510[1>0]
NM_001379059	Ensembl.RefSeq_mRNA:44316[1];Ensembl.RefSeq_mRNA:44316[1>0]	ENSMUSG00000027985	CURATED:149[0];MGI:24611[13];MGI:24611[13|6>12|0];Ensembl.MGI:18081[1>0]
NM_001379060	Ensembl.RefSeq_mRNA:44321[1];Ensembl.RefSeq_mRNA:44321[1>0]	ENSMUSG00000027985	CURATED:149[0];MGI:24611[13];MGI:24611[13|6>12|0];Ensembl.MGI:18081[1>0]
NM_001379061	Ensembl.RefSeq_mRNA:44339[1];Ensembl.RefSeq_mRNA:44339[1>0]	ENSMUSG00000027985	CURATED:149[0];MGI:24611[13];MGI:24611[13|6>12|0];Ensembl.MGI:18081[1>0]
NM_001379062	Ensembl.RefSeq_mRNA:44340[1];Ensembl.RefSeq_mRNA:44340[1>0]	ENSMUSG00000027985	CURATED:149[0];MGI:24611[13];MGI:24611[13|6>12|0];Ensembl.MGI:18081[1>0]
NM_001379353	Ensembl.RefSeq_mRNA:43824[1];Ensembl.RefSeq_mRNA:43824[1>0]	ENSMUSG00000004661	CURATED:6[0];MGI:86648[13];MGI:28127[13|6>12|0];Ensembl.MGI:17991[1>0]
NM_001379379	Ensembl.RefSeq_mRNA:29744[1];Ensembl.RefSeq_mRNA:29744[1>0]	ENSMUSG00000048562	CURATED:237[0];MGI:83716[13];MGI:83716[13|6>12|0];Ensembl.MGI:12618[1>0]
NM_001379380	Ensembl.RefSeq_mRNA:29746[1];Ensembl.RefSeq_mRNA:29746[1>0]	ENSMUSG00000048562	CURATED:237[0];MGI:83716[13];MGI:83716[13|6>12|0];Ensembl.MGI:12618[1>0]
NM_001393397	Ensembl.RefSeq_mRNA:4790[1];Ensembl.RefSeq_mRNA:4790[1>0]	ENSMUSG00000022708	CURATED:270[0];MGI:4436[13];MGI:4436[13|6>12|0];Ensembl.MGI:2728[1>0]
NM_001393398	Ensembl.RefSeq_mRNA:4789[1];Ensembl.RefSeq_mRNA:4789[1>0]	ENSMUSG00000022708	CURATED:270[0];MGI:4436[13];MGI:4436[13|6>12|0];Ensembl.MGI:2728[1>0]
NM_001393399	Ensembl.RefSeq_mRNA:4748[1];Ensembl.RefSeq_mRNA:4748[1>0]	ENSMUSG00000022708	CURATED:270[0];MGI:4436[13];MGI:4436[13|6>12|0];Ensembl.MGI:2728[1>0]
NM_001399226	Ensembl.RefSeq_mRNA:90554[1];Ensembl.RefSeq_mRNA:90554[1>0]	ENSMUSG00000015839	CURATED:181[0];MGI:23153[13];MGI:23153[13|6>12|0];Ensembl.MGI:34317[1>0]
NM_001400376	Ensembl.RefSeq_mRNA:4522[1];Ensembl.RefSeq_mRNA:4522[1>0]	ENSMUSG00000058794	CURATED:180[0];MGI:174594[13|6];MGI:174594[13|6>12|0];Ensembl.MGI:2737[1>0]
NM_001401507	Ensembl.RefSeq_mRNA:158555[1];Ensembl.RefSeq_mRNA:158555[1>0]	ENSMUSG00000023781	CURATED:93[0];MGI:160806[13|6];MGI:160806[13|6>12|0];Ensembl.MGI:55803[1>0]
NM_001402850	Ensembl.RefSeq_mRNA:106881[1];Ensembl.RefSeq_mRNA:106881[1>0]	ENSMUSG00000025997	CURATED:125[0];MGI:19266[13];MGI:19266[13|6>12|0];Ensembl.MGI:39610[1>0]
NM_001402852	Ensembl.RefSeq_mRNA:106882[1];Ensembl.RefSeq_mRNA:106882[1>0]	ENSMUSG00000025997	CURATED:125[0];MGI:19266[13];MGI:19266[13|6>12|0];Ensembl.MGI:39610[1>0]
NM_001402853	Ensembl.RefSeq_mRNA:106884[1];Ensembl.RefSeq_mRNA:106884[1>0]	ENSMUSG00000025997	CURATED:125[0];MGI:19266[13];MGI:19266[13|6>12|0];Ensembl.MGI:39610[1>0]
NM_001402854	Ensembl.RefSeq_mRNA:106880[1];Ensembl.RefSeq_mRNA:106880[1>0]	ENSMUSG00000025997	CURATED:125[0];MGI:19266[13];MGI:19266[13|6>12|0];Ensembl.MGI:39610[1>0]
NM_001402855	Ensembl.RefSeq_mRNA:106896[1];Ensembl.RefSeq_mRNA:106896[1>0]	ENSMUSG00000025997	CURATED:125[0];MGI:19266[13];MGI:19266[13|6>12|0];Ensembl.MGI:39610[1>0]
NM_001402856	Ensembl.RefSeq_mRNA:106895[1];Ensembl.RefSeq_mRNA:106895[1>0]	ENSMUSG00000025997	CURATED:125[0];MGI:19266[13];MGI:19266[13|6>12|0];Ensembl.MGI:39610[1>0]
NM_001402857	Ensembl.RefSeq_mRNA:106885[1];Ensembl.RefSeq_mRNA:106885[1>0]	ENSMUSG00000025997	CURATED:125[0];MGI:19266[13];MGI:19266[13|6>12|0];Ensembl.MGI:39610[1>0]
NM_001403773	Ensembl.RefSeq_mRNA:31302[1];Ensembl.RefSeq_mRNA:31302[1>0]	ENSMUSG00000069171	CURATED:188[0];MGI:98467[13];MGI:98467[13|6>12|0];Ensembl.MGI:13107[1>0]
NM_001403775	Ensembl.RefSeq_mRNA:31304[1];Ensembl.RefSeq_mRNA:31304[1>0]	ENSMUSG00000069171	CURATED:188[0];MGI:98467[13];MGI:98467[13|6>12|0];Ensembl.MGI:13107[1>0]
NM_001403777	Ensembl.RefSeq_mRNA:31303[1];Ensembl.RefSeq_mRNA:31303[1>0]	ENSMUSG00000069171	CURATED:188[0];MGI:98467[13];MGI:98467[13|6>12|0];Ensembl.MGI:13107[1>0]
NM_001403791	Ensembl.RefSeq_mRNA:42298[1];Ensembl.RefSeq_mRNA:42298[1>0]	ENSMUSG00000028946	CURATED:90[0];MGI:160803[13|6];MGI:160803[13|6>12|0];Ensembl.MGI:17418[1>0]
NM_001403792	Ensembl.RefSeq_mRNA:42299[1];Ensembl.RefSeq_mRNA:42299[1>0]	ENSMUSG00000028946	CURATED:90[0];MGI:160803[13|6];MGI:160803[13|6>12|0];Ensembl.MGI:17418[1>0]
NM_001403793	Ensembl.RefSeq_mRNA:42302[1];Ensembl.RefSeq_mRNA:42302[1>0]	ENSMUSG00000028946	CURATED:90[0];MGI:160803[13|6];MGI:160803[13|6>12|0];Ensembl.MGI:17418[1>0]
NM_001403794	Ensembl.RefSeq_mRNA:42301[1];Ensembl.RefSeq_mRNA:42301[1>0]	ENSMUSG00000028946	CURATED:90[0];MGI:160803[13|6];MGI:160803[13|6>12|0];Ensembl.MGI:17418[1>0]
NM_001403985	Ensembl.RefSeq_mRNA:133352[1];Ensembl.RefSeq_mRNA:133352[1>0]	ENSMUSG00000003949	CURATED:96[0];MGI:88194[13];MGI:88194[13|6>12|0];Ensembl.MGI:48005[1>0]
NM_001403986	Ensembl.RefSeq_mRNA:133359[1];Ensembl.RefSeq_mRNA:133359[1>0]	ENSMUSG00000003949	CURATED:96[0];MGI:88194[13];MGI:88194[13|6>12|0];Ensembl.MGI:48005[1>0]
NM_001403988	Ensembl.RefSeq_mRNA:133354[1];Ensembl.RefSeq_mRNA:133354[1>0]	ENSMUSG00000003949	CURATED:96[0];MGI:88194[13];MGI:88194[13|6>12|0];Ensembl.MGI:48005[1>0]
NM_001403989	Ensembl.RefSeq_mRNA:133356[1];Ensembl.RefSeq_mRNA:133356[1>0]	ENSMUSG00000003949	CURATED:96[0];MGI:88194[13];MGI:88194[13|6>12|0];Ensembl.MGI:48005[1>0]
NM_001403991	Ensembl.RefSeq_mRNA:133358[1];Ensembl.RefSeq_mRNA:133358[1>0]	ENSMUSG00000003949	CURATED:96[0];MGI:88194[13];MGI:88194[13|6>12|0];Ensembl.MGI:48005[1>0]
NM_001403993	Ensembl.RefSeq_mRNA:133353[1];Ensembl.RefSeq_mRNA:133353[1>0]	ENSMUSG00000003949	CURATED:96[0];MGI:88194[13];MGI:88194[13|6>12|0];Ensembl.MGI:48005[1>0]
NM_001403995	Ensembl.RefSeq_mRNA:133355[1];Ensembl.RefSeq_mRNA:133355[1>0]	ENSMUSG00000003949	CURATED:96[0];MGI:88194[13];MGI:88194[13|6>12|0];Ensembl.MGI:48005[1>0]
NM_001403997	Ensembl.RefSeq_mRNA:133357[1];Ensembl.RefSeq_mRNA:133357[1>0]	ENSMUSG00000003949	CURATED:96[0];MGI:88194[13];MGI:88194[13|6>12|0];Ensembl.MGI:48005[1>0]
NM_001404490	Ensembl.RefSeq_mRNA:146100[1];Ensembl.RefSeq_mRNA:146100[1>0]	ENSMUSG00000018654	CURATED:124[0];MGI:15595[13];MGI:15595[13|6>12|0];Ensembl.MGI:52129[1>0]
NM_001404491	Ensembl.RefSeq_mRNA:146116[1];Ensembl.RefSeq_mRNA:146116[1>0]	ENSMUSG00000018654	CURATED:124[0];MGI:15595[13];MGI:15595[13|6>12|0];Ensembl.MGI:52129[1>0]
NM_001404492	Ensembl.RefSeq_mRNA:146103[1];Ensembl.RefSeq_mRNA:146103[1>0]	ENSMUSG00000018654	CURATED:124[0];MGI:15595[13];MGI:15595[13|6>12|0];Ensembl.MGI:52129[1>0]
NM_001404493	Ensembl.RefSeq_mRNA:146105[1];Ensembl.RefSeq_mRNA:146105[1>0]	ENSMUSG00000018654	CURATED:124[0];MGI:15595[13];MGI:15595[13|6>12|0];Ensembl.MGI:52129[1>0]
NM_001404494	Ensembl.RefSeq_mRNA:146101[1];Ensembl.RefSeq_mRNA:146101[1>0]	ENSMUSG00000018654	CURATED:124[0];MGI:15595[13];MGI:15595[13|6>12|0];Ensembl.MGI:52129[1>0]
NM_001404495	Ensembl.RefSeq_mRNA:146117[1];Ensembl.RefSeq_mRNA:146117[1>0]	ENSMUSG00000018654	CURATED:124[0];MGI:15595[13];MGI:15595[13|6>12|0];Ensembl.MGI:52129[1>0]
NM_001404496	Ensembl.RefSeq_mRNA:146102[1];Ensembl.RefSeq_mRNA:146102[1>0]	ENSMUSG00000018654	CURATED:124[0];MGI:15595[13];MGI:15595[13|6>12|0];Ensembl.MGI:52129[1>0]
NM_001404497	Ensembl.RefSeq_mRNA:146106[1];Ensembl.RefSeq_mRNA:146106[1>0]	ENSMUSG00000018654	CURATED:124[0];MGI:15595[13];MGI:15595[13|6>12|0];Ensembl.MGI:52129[1>0]
NM_001404498	Ensembl.RefSeq_mRNA:146135[1];Ensembl.RefSeq_mRNA:146135[1>0]	ENSMUSG00000018654	CURATED:124[0];MGI:15595[13];MGI:15595[13|6>12|0];Ensembl.MGI:52129[1>0]
NM_001404499	Ensembl.RefSeq_mRNA:146122[1];Ensembl.RefSeq_mRNA:146122[1>0]	ENSMUSG00000018654	CURATED:124[0];MGI:15595[13];MGI:15595[13|6>12|0];Ensembl.MGI:52129[1>0]
NM_001404500	Ensembl.RefSeq_mRNA:146121[1];Ensembl.RefSeq_mRNA:146121[1>0]	ENSMUSG00000018654	CURATED:124[0];MGI:15595[13];MGI:15595[13|6>12|0];Ensembl.MGI:52129[1>0]
NM_001404501	Ensembl.RefSeq_mRNA:146128[1];Ensembl.RefSeq_mRNA:146128[1>0]	ENSMUSG00000018654	CURATED:124[0];MGI:15595[13];MGI:15595[13|6>12|0];Ensembl.MGI:52129[1>0]
NM_001404502	Ensembl.RefSeq_mRNA:146114[1];Ensembl.RefSeq_mRNA:146114[1>0]	ENSMUSG00000018654	CURATED:124[0];MGI:15595[13];MGI:15595[13|6>12|0];Ensembl.MGI:52129[1>0]
NM_001404503	Ensembl.RefSeq_mRNA:146129[1];Ensembl.RefSeq_mRNA:146129[1>0]	ENSMUSG00000018654	CURATED:124[0];MGI:15595[13];MGI:15595[13|6>12|0];Ensembl.MGI:52129[1>0]
NM_001404504	Ensembl.RefSeq_mRNA:146143[1];Ensembl.RefSeq_mRNA:146143[1>0]	ENSMUSG00000018654	CURATED:124[0];MGI:15595[13];MGI:15595[13|6>12|0];Ensembl.MGI:52129[1>0]
NM_001404505	Ensembl.RefSeq_mRNA:146132[1];Ensembl.RefSeq_mRNA:146132[1>0]	ENSMUSG00000018654	CURATED:124[0];MGI:15595[13];MGI:15595[13|6>12|0];Ensembl.MGI:52129[1>0]
NM_001404506	Ensembl.RefSeq_mRNA:146134[1];Ensembl.RefSeq_mRNA:146134[1>0]	ENSMUSG00000018654	CURATED:124[0];MGI:15595[13];MGI:15595[13|6>12|0];Ensembl.MGI:52129[1>0]
NM_001404507	Ensembl.RefSeq_mRNA:146115[1];Ensembl.RefSeq_mRNA:146115[1>0]	ENSMUSG00000018654	CURATED:124[0];MGI:15595[13];MGI:15595[13|6>12|0];Ensembl.MGI:52129[1>0]
NM_001404508	Ensembl.RefSeq_mRNA:146123[1];Ensembl.RefSeq_mRNA:146123[1>0]	ENSMUSG00000018654	CURATED:124[0];MGI:15595[13];MGI:15595[13|6>12|0];Ensembl.MGI:52129[1>0]
NM_001404509	Ensembl.RefSeq_mRNA:146130[1];Ensembl.RefSeq_mRNA:146130[1>0]	ENSMUSG00000018654	CURATED:124[0];MGI:15595[13];MGI:15595[13|6>12|0];Ensembl.MGI:52129[1>0]
NM_001404510	Ensembl.RefSeq_mRNA:146119[1];Ensembl.RefSeq_mRNA:146119[1>0]	ENSMUSG00000018654	CURATED:124[0];MGI:15595[13];MGI:15595[13|6>12|0];Ensembl.MGI:52129[1>0]
NM_001404511	Ensembl.RefSeq_mRNA:146118[1];Ensembl.RefSeq_mRNA:146118[1>0]	ENSMUSG00000018654	CURATED:124[0];MGI:15595[13];MGI:15595[13|6>12|0];Ensembl.MGI:52129[1>0]
NM_001404512	Ensembl.RefSeq_mRNA:146108[1];Ensembl.RefSeq_mRNA:146108[1>0]	ENSMUSG00000018654	CURATED:124[0];MGI:15595[13];MGI:15595[13|6>12|0];Ensembl.MGI:52129[1>0]
NM_001404513	Ensembl.RefSeq_mRNA:146107[1];Ensembl.RefSeq_mRNA:146107[1>0]	ENSMUSG00000018654	CURATED:124[0];MGI:15595[13];MGI:15595[13|6>12|0];Ensembl.MGI:52129[1>0]
NM_001404514	Ensembl.RefSeq_mRNA:146120[1];Ensembl.RefSeq_mRNA:146120[1>0]	ENSMUSG00000018654	CURATED:124[0];MGI:15595[13];MGI:15595[13|6>12|0];Ensembl.MGI:52129[1>0]
NM_001404515	Ensembl.RefSeq_mRNA:146137[1];Ensembl.RefSeq_mRNA:146137[1>0]	ENSMUSG00000018654	CURATED:124[0];MGI:15595[13];MGI:15595[13|6>12|0];Ensembl.MGI:52129[1>0]
NM_001404516	Ensembl.RefSeq_mRNA:146125[1];Ensembl.RefSeq_mRNA:146125[1>0]	ENSMUSG00000018654	CURATED:124[0];MGI:15595[13];MGI:15595[13|6>12|0];Ensembl.MGI:52129[1>0]
NM_001404517	Ensembl.RefSeq_mRNA:146147[1];Ensembl.RefSeq_mRNA:146147[1>0]	ENSMUSG00000018654	CURATED:124[0];MGI:15595[13];MGI:15595[13|6>12|0];Ensembl.MGI:52129[1>0]
NM_001404518	Ensembl.RefSeq_mRNA:146127[1];Ensembl.RefSeq_mRNA:146127[1>0]	ENSMUSG00000018654	CURATED:124[0];MGI:15595[13];MGI:15595[13|6>12|0];Ensembl.MGI:52129[1>0]
NM_001404519	Ensembl.RefSeq_mRNA:146131[1];Ensembl.RefSeq_mRNA:146131[1>0]	ENSMUSG00000018654	CURATED:124[0];MGI:15595[13];MGI:15595[13|6>12|0];Ensembl.MGI:52129[1>0]
NM_001404520	Ensembl.RefSeq_mRNA:146124[1];Ensembl.RefSeq_mRNA:146124[1>0]	ENSMUSG00000018654	CURATED:124[0];MGI:15595[13];MGI:15595[13|6>12|0];Ensembl.MGI:52129[1>0]
NM_001404521	Ensembl.RefSeq_mRNA:146136[1];Ensembl.RefSeq_mRNA:146136[1>0]	ENSMUSG00000018654	CURATED:124[0];MGI:15595[13];MGI:15595[13|6>12|0];Ensembl.MGI:52129[1>0]
NM_001404522	Ensembl.RefSeq_mRNA:146146[1];Ensembl.RefSeq_mRNA:146146[1>0]	ENSMUSG00000018654	CURATED:124[0];MGI:15595[13];MGI:15595[13|6>12|0];Ensembl.MGI:52129[1>0]
NM_001404523	Ensembl.RefSeq_mRNA:146148[1];Ensembl.RefSeq_mRNA:146148[1>0]	ENSMUSG00000018654	CURATED:124[0];MGI:15595[13];MGI:15595[13|6>12|0];Ensembl.MGI:52129[1>0]
NM_001404525	Ensembl.RefSeq_mRNA:146158[1];Ensembl.RefSeq_mRNA:146158[1>0]	ENSMUSG00000018654	CURATED:124[0];MGI:15595[13];MGI:15595[13|6>12|0];Ensembl.MGI:52129[1>0]
NM_001404526	Ensembl.RefSeq_mRNA:146104[1];Ensembl.RefSeq_mRNA:146104[1>0]	ENSMUSG00000018654	CURATED:124[0];MGI:15595[13];MGI:15595[13|6>12|0];Ensembl.MGI:52129[1>0]
NM_001404527	Ensembl.RefSeq_mRNA:146142[1];Ensembl.RefSeq_mRNA:146142[1>0]	ENSMUSG00000018654	CURATED:124[0];MGI:15595[13];MGI:15595[13|6>12|0];Ensembl.MGI:52129[1>0]
NM_001404531	Ensembl.RefSeq_mRNA:146133[1];Ensembl.RefSeq_mRNA:146133[1>0]	ENSMUSG00000018654	CURATED:124[0];MGI:15595[13];MGI:15595[13|6>12|0];Ensembl.MGI:52129[1>0]
NM_001404532	Ensembl.RefSeq_mRNA:146141[1];Ensembl.RefSeq_mRNA:146141[1>0]	ENSMUSG00000018654	CURATED:124[0];MGI:15595[13];MGI:15595[13|6>12|0];Ensembl.MGI:52129[1>0]
NM_001404533	Ensembl.RefSeq_mRNA:146139[1];Ensembl.RefSeq_mRNA:146139[1>0]	ENSMUSG00000018654	CURATED:124[0];MGI:15595[13];MGI:15595[13|6>12|0];Ensembl.MGI:52129[1>0]
NM_001404534	Ensembl.RefSeq_mRNA:146159[1];Ensembl.RefSeq_mRNA:146159[1>0]	ENSMUSG00000018654	CURATED:124[0];MGI:15595[13];MGI:15595[13|6>12|0];Ensembl.MGI:52129[1>0]
NM_001404535	Ensembl.RefSeq_mRNA:146109[1];Ensembl.RefSeq_mRNA:146109[1>0]	ENSMUSG00000018654	CURATED:124[0];MGI:15595[13];MGI:15595[13|6>12|0];Ensembl.MGI:52129[1>0]
NM_001404537	Ensembl.RefSeq_mRNA:146140[1];Ensembl.RefSeq_mRNA:146140[1>0]	ENSMUSG00000018654	CURATED:124[0];MGI:15595[13];MGI:15595[13|6>12|0];Ensembl.MGI:52129[1>0]
NM_001404539	Ensembl.RefSeq_mRNA:146138[1];Ensembl.RefSeq_mRNA:146138[1>0]	ENSMUSG00000018654	CURATED:124[0];MGI:15595[13];MGI:15595[13|6>12|0];Ensembl.MGI:52129[1>0]
NM_001404540	Ensembl.RefSeq_mRNA:146126[1];Ensembl.RefSeq_mRNA:146126[1>0]	ENSMUSG00000018654	CURATED:124[0];MGI:15595[13];MGI:15595[13|6>12|0];Ensembl.MGI:52129[1>0]
NM_001404542	Ensembl.RefSeq_mRNA:146149[1];Ensembl.RefSeq_mRNA:146149[1>0]	ENSMUSG00000018654	CURATED:124[0];MGI:15595[13];MGI:15595[13|6>12|0];Ensembl.MGI:52129[1>0]
NM_001404543	Ensembl.RefSeq_mRNA:146167[1];Ensembl.RefSeq_mRNA:146167[1>0]	ENSMUSG00000018654	CURATED:124[0];MGI:15595[13];MGI:15595[13|6>12|0];Ensembl.MGI:52129[1>0]
NM_001404544	Ensembl.RefSeq_mRNA:146161[1];Ensembl.RefSeq_mRNA:146161[1>0]	ENSMUSG00000018654	CURATED:124[0];MGI:15595[13];MGI:15595[13|6>12|0];Ensembl.MGI:52129[1>0]
NM_001404545	Ensembl.RefSeq_mRNA:146164[1];Ensembl.RefSeq_mRNA:146164[1>0]	ENSMUSG00000018654	CURATED:124[0];MGI:15595[13];MGI:15595[13|6>12|0];Ensembl.MGI:52129[1>0]
NM_001404547	Ensembl.RefSeq_mRNA:146160[1];Ensembl.RefSeq_mRNA:146160[1>0]	ENSMUSG00000018654	CURATED:124[0];MGI:15595[13];MGI:15595[13|6>12|0];Ensembl.MGI:52129[1>0]
NM_001404549	Ensembl.RefSeq_mRNA:146165[1];Ensembl.RefSeq_mRNA:146165[1>0]	ENSMUSG00000018654	CURATED:124[0];MGI:15595[13];MGI:15595[13|6>12|0];Ensembl.MGI:52129[1>0]
NM_001404550	Ensembl.RefSeq_mRNA:146166[1];Ensembl.RefSeq_mRNA:146166[1>0]	ENSMUSG00000018654	CURATED:124[0];MGI:15595[13];MGI:15595[13|6>12|0];Ensembl.MGI:52129[1>0]
NM_001404551	Ensembl.RefSeq_mRNA:146162[1];Ensembl.RefSeq_mRNA:146162[1>0]	ENSMUSG00000018654	CURATED:124[0];MGI:15595[13];MGI:15595[13|6>12|0];Ensembl.MGI:52129[1>0]
NM_001404552	Ensembl.RefSeq_mRNA:146171[1];Ensembl.RefSeq_mRNA:146171[1>0]	ENSMUSG00000018654	CURATED:124[0];MGI:15595[13];MGI:15595[13|6>12|0];Ensembl.MGI:52129[1>0]
NM_001404553	Ensembl.RefSeq_mRNA:146182[1];Ensembl.RefSeq_mRNA:146182[1>0]	ENSMUSG00000018654	CURATED:124[0];MGI:15595[13];MGI:15595[13|6>12|0];Ensembl.MGI:52129[1>0]
NM_001404554	Ensembl.RefSeq_mRNA:146150[1];Ensembl.RefSeq_mRNA:146150[1>0]	ENSMUSG00000018654	CURATED:124[0];MGI:15595[13];MGI:15595[13|6>12|0];Ensembl.MGI:52129[1>0]
NM_001404555	Ensembl.RefSeq_mRNA:146186[1];Ensembl.RefSeq_mRNA:146186[1>0]	ENSMUSG00000018654	CURATED:124[0];MGI:15595[13];MGI:15595[13|6>12|0];Ensembl.MGI:52129[1>0]
NM_001404556	Ensembl.RefSeq_mRNA:146184[1];Ensembl.RefSeq_mRNA:146184[1>0]	ENSMUSG00000018654	CURATED:124[0];MGI:15595[13];MGI:15595[13|6>12|0];Ensembl.MGI:52129[1>0]
NM_001404557	Ensembl.RefSeq_mRNA:146188[1];Ensembl.RefSeq_mRNA:146188[1>0]	ENSMUSG00000018654	CURATED:124[0];MGI:15595[13];MGI:15595[13|6>12|0];Ensembl.MGI:52129[1>0]
NM_001404558	Ensembl.RefSeq_mRNA:146163[1];Ensembl.RefSeq_mRNA:146163[1>0]	ENSMUSG00000018654	CURATED:124[0];MGI:15595[13];MGI:15595[13|6>12|0];Ensembl.MGI:52129[1>0]
NM_001404559	Ensembl.RefSeq_mRNA:146169[1];Ensembl.RefSeq_mRNA:146169[1>0]	ENSMUSG00000018654	CURATED:124[0];MGI:15595[13];MGI:15595[13|6>12|0];Ensembl.MGI:52129[1>0]
NM_001404560	Ensembl.RefSeq_mRNA:146168[1];Ensembl.RefSeq_mRNA:146168[1>0]	ENSMUSG00000018654	CURATED:124[0];MGI:15595[13];MGI:15595[13|6>12|0];Ensembl.MGI:52129[1>0]
NM_001404561	Ensembl.RefSeq_mRNA:146172[1];Ensembl.RefSeq_mRNA:146172[1>0]	ENSMUSG00000018654	CURATED:124[0];MGI:15595[13];MGI:15595[13|6>12|0];Ensembl.MGI:52129[1>0]
NM_001404562	Ensembl.RefSeq_mRNA:146189[1];Ensembl.RefSeq_mRNA:146189[1>0]	ENSMUSG00000018654	CURATED:124[0];MGI:15595[13];MGI:15595[13|6>12|0];Ensembl.MGI:52129[1>0]
NM_001404563	Ensembl.RefSeq_mRNA:146173[1];Ensembl.RefSeq_mRNA:146173[1>0]	ENSMUSG00000018654	CURATED:124[0];MGI:15595[13];MGI:15595[13|6>12|0];Ensembl.MGI:52129[1>0]
NM_001404564	Ensembl.RefSeq_mRNA:146183[1];Ensembl.RefSeq_mRNA:146183[1>0]	ENSMUSG00000018654	CURATED:124[0];MGI:15595[13];MGI:15595[13|6>12|0];Ensembl.MGI:52129[1>0]
NM_001404565	Ensembl.RefSeq_mRNA:146185[1];Ensembl.RefSeq_mRNA:146185[1>0]	ENSMUSG00000018654	CURATED:124[0];MGI:15595[13];MGI:15595[13|6>12|0];Ensembl.MGI:52129[1>0]
NM_001404567	Ensembl.RefSeq_mRNA:146187[1];Ensembl.RefSeq_mRNA:146187[1>0]	ENSMUSG00000018654	CURATED:124[0];MGI:15595[13];MGI:15595[13|6>12|0];Ensembl.MGI:52129[1>0]
NM_001404568	Ensembl.RefSeq_mRNA:146190[1];Ensembl.RefSeq_mRNA:146190[1>0]	ENSMUSG00000018654	CURATED:124[0];MGI:15595[13];MGI:15595[13|6>12|0];Ensembl.MGI:52129[1>0]
NM_001404569	Ensembl.RefSeq_mRNA:146193[1];Ensembl.RefSeq_mRNA:146193[1>0]	ENSMUSG00000018654	CURATED:124[0];MGI:15595[13];MGI:15595[13|6>12|0];Ensembl.MGI:52129[1>0]
NM_001405929	Ensembl.RefSeq_mRNA:30692[1];Ensembl.RefSeq_mRNA:30692[1>0]	ENSMUSG00000038151	CURATED:203[0];MGI:33074[13];MGI:33074[13|6>12|0];Ensembl.MGI:12909[1>0]
NM_001405930	Ensembl.RefSeq_mRNA:30716[1];Ensembl.RefSeq_mRNA:30716[1>0]	ENSMUSG00000038151	CURATED:203[0];MGI:33074[13];MGI:33074[13|6>12|0];Ensembl.MGI:12909[1>0]
NM_001405931	Ensembl.RefSeq_mRNA:30723[1];Ensembl.RefSeq_mRNA:30723[1>0]	ENSMUSG00000038151	CURATED:203[0];MGI:33074[13];MGI:33074[13|6>12|0];Ensembl.MGI:12909[1>0]
NM_001405932	Ensembl.RefSeq_mRNA:30714[1];Ensembl.RefSeq_mRNA:30714[1>0]	ENSMUSG00000038151	CURATED:203[0];MGI:33074[13];MGI:33074[13|6>12|0];Ensembl.MGI:12909[1>0]
NM_001405933	Ensembl.RefSeq_mRNA:30715[1];Ensembl.RefSeq_mRNA:30715[1>0]	ENSMUSG00000038151	CURATED:203[0];MGI:33074[13];MGI:33074[13|6>12|0];Ensembl.MGI:12909[1>0]
NM_001405934	Ensembl.RefSeq_mRNA:30720[1];Ensembl.RefSeq_mRNA:30720[1>0]	ENSMUSG00000038151	CURATED:203[0];MGI:33074[13];MGI:33074[13|6>12|0];Ensembl.MGI:12909[1>0]
NM_001405935	Ensembl.RefSeq_mRNA:30717[1];Ensembl.RefSeq_mRNA:30717[1>0]	ENSMUSG00000038151	CURATED:203[0];MGI:33074[13];MGI:33074[13|6>12|0];Ensembl.MGI:12909[1>0]
NM_001405936	Ensembl.RefSeq_mRNA:30719[1];Ensembl.RefSeq_mRNA:30719[1>0]	ENSMUSG00000038151	CURATED:203[0];MGI:33074[13];MGI:33074[13|6>12|0];Ensembl.MGI:12909[1>0]
NM_001408517	Ensembl.RefSeq_mRNA:58832[1];Ensembl.RefSeq_mRNA:58832[1>0]	ENSMUSG00000032411	CURATED:259[0];MGI:3705[13];MGI:3705[13|6>12|0];Ensembl.MGI:23152[1>0]
NM_001408518	Ensembl.RefSeq_mRNA:58828[1];Ensembl.RefSeq_mRNA:58828[1>0]	ENSMUSG00000032411	CURATED:259[0];MGI:3705[13];MGI:3705[13|6>12|0];Ensembl.MGI:23152[1>0]
NM_001408519	Ensembl.RefSeq_mRNA:58756[1];Ensembl.RefSeq_mRNA:58756[1>0]	ENSMUSG00000032411	CURATED:259[0];MGI:3705[13];MGI:3705[13|6>12|0];Ensembl.MGI:23152[1>0]
NM_001408520	Ensembl.RefSeq_mRNA:58755[1];Ensembl.RefSeq_mRNA:58755[1>0]	ENSMUSG00000032411	CURATED:259[0];MGI:3705[13];MGI:3705[13|6>12|0];Ensembl.MGI:23152[1>0]
NM_001408521	Ensembl.RefSeq_mRNA:58831[1];Ensembl.RefSeq_mRNA:58831[1>0]	ENSMUSG00000032411	CURATED:259[0];MGI:3705[13];MGI:3705[13|6>12|0];Ensembl.MGI:23152[1>0]
NM_001408522	Ensembl.RefSeq_mRNA:58827[1];Ensembl.RefSeq_mRNA:58827[1>0]	ENSMUSG00000032411	CURATED:259[0];MGI:3705[13];MGI:3705[13|6>12|0];Ensembl.MGI:23152[1>0]
NM_001408523	Ensembl.RefSeq_mRNA:58751[1];Ensembl.RefSeq_mRNA:58751[1>0]	ENSMUSG00000032411	CURATED:259[0];MGI:3705[13];MGI:3705[13|6>12|0];Ensembl.MGI:23152[1>0]
NM_001408524	Ensembl.RefSeq_mRNA:58860[1];Ensembl.RefSeq_mRNA:58860[1>0]	ENSMUSG00000032411	CURATED:259[0];MGI:3705[13];MGI:3705[13|6>12|0];Ensembl.MGI:23152[1>0]
NM_001408525	Ensembl.RefSeq_mRNA:58859[1];Ensembl.RefSeq_mRNA:58859[1>0]	ENSMUSG00000032411	CURATED:259[0];MGI:3705[13];MGI:3705[13|6>12|0];Ensembl.MGI:23152[1>0]
NM_001408526	Ensembl.RefSeq_mRNA:58863[1];Ensembl.RefSeq_mRNA:58863[1>0]	ENSMUSG00000032411	CURATED:259[0];MGI:3705[13];MGI:3705[13|6>12|0];Ensembl.MGI:23152[1>0]
NM_001408527	Ensembl.RefSeq_mRNA:58865[1];Ensembl.RefSeq_mRNA:58865[1>0]	ENSMUSG00000032411	CURATED:259[0];MGI:3705[13];MGI:3705[13|6>12|0];Ensembl.MGI:23152[1>0]
NM_001408528	Ensembl.RefSeq_mRNA:58540[1];Ensembl.RefSeq_mRNA:58540[1>0]	ENSMUSG00000032411	CURATED:259[0];MGI:3705[13];MGI:3705[13|6>12|0];Ensembl.MGI:23152[1>0]
NM_001408529	Ensembl.RefSeq_mRNA:58536[1];Ensembl.RefSeq_mRNA:58536[1>0]	ENSMUSG00000032411	CURATED:259[0];MGI:3705[13];MGI:3705[13|6>12|0];Ensembl.MGI:23152[1>0]
NM_001408530	Ensembl.RefSeq_mRNA:58534[1];Ensembl.RefSeq_mRNA:58534[1>0]	ENSMUSG00000032411	CURATED:259[0];MGI:3705[13];MGI:3705[13|6>12|0];Ensembl.MGI:23152[1>0]
NM_001408531	Ensembl.RefSeq_mRNA:58530[1];Ensembl.RefSeq_mRNA:58530[1>0]	ENSMUSG00000032411	CURATED:259[0];MGI:3705[13];MGI:3705[13|6>12|0];Ensembl.MGI:23152[1>0]
NM_001408532	Ensembl.RefSeq_mRNA:58532[1];Ensembl.RefSeq_mRNA:58532[1>0]	ENSMUSG00000032411	CURATED:259[0];MGI:3705[13];MGI:3705[13|6>12|0];Ensembl.MGI:23152[1>0]
NM_001408533	Ensembl.RefSeq_mRNA:58543[1];Ensembl.RefSeq_mRNA:58543[1>0]	ENSMUSG00000032411	CURATED:259[0];MGI:3705[13];MGI:3705[13|6>12|0];Ensembl.MGI:23152[1>0]
NM_001408534	Ensembl.RefSeq_mRNA:58904[1];Ensembl.RefSeq_mRNA:58904[1>0]	ENSMUSG00000032411	CURATED:259[0];MGI:3705[13];MGI:3705[13|6>12|0];Ensembl.MGI:23152[1>0]
NM_001408535	Ensembl.RefSeq_mRNA:58907[1];Ensembl.RefSeq_mRNA:58907[1>0]	ENSMUSG00000032411	CURATED:259[0];MGI:3705[13];MGI:3705[13|6>12|0];Ensembl.MGI:23152[1>0]
NM_001408536	Ensembl.RefSeq_mRNA:58942[1];Ensembl.RefSeq_mRNA:58942[1>0]	ENSMUSG00000032411	CURATED:259[0];MGI:3705[13];MGI:3705[13|6>12|0];Ensembl.MGI:23152[1>0]
NM_001408537	Ensembl.RefSeq_mRNA:58941[1];Ensembl.RefSeq_mRNA:58941[1>0]	ENSMUSG00000032411	CURATED:259[0];MGI:3705[13];MGI:3705[13|6>12|0];Ensembl.MGI:23152[1>0]
NM_001408538	Ensembl.RefSeq_mRNA:58940[1];Ensembl.RefSeq_mRNA:58940[1>0]	ENSMUSG00000032411	CURATED:259[0];MGI:3705[13];MGI:3705[13|6>12|0];Ensembl.MGI:23152[1>0]
NM_001408539	Ensembl.RefSeq_mRNA:58938[1];Ensembl.RefSeq_mRNA:58938[1>0]	ENSMUSG00000032411	CURATED:259[0];MGI:3705[13];MGI:3705[13|6>12|0];Ensembl.MGI:23152[1>0]
NM_001408540	Ensembl.RefSeq_mRNA:58945[1];Ensembl.RefSeq_mRNA:58945[1>0]	ENSMUSG00000032411	CURATED:259[0];MGI:3705[13];MGI:3705[13|6>12|0];Ensembl.MGI:23152[1>0]
NM_001408541	Ensembl.RefSeq_mRNA:58944[1];Ensembl.RefSeq_mRNA:58944[1>0]	ENSMUSG00000032411	CURATED:259[0];MGI:3705[13];MGI:3705[13|6>12|0];Ensembl.MGI:23152[1>0]
NM_001408542	Ensembl.RefSeq_mRNA:58948[1];Ensembl.RefSeq_mRNA:58948[1>0]	ENSMUSG00000032411	CURATED:259[0];MGI:3705[13];MGI:3705[13|6>12|0];Ensembl.MGI:23152[1>0]
NM_001408543	Ensembl.RefSeq_mRNA:58814[1];Ensembl.RefSeq_mRNA:58814[1>0]	ENSMUSG00000032411	CURATED:259[0];MGI:3705[13];MGI:3705[13|6>12|0];Ensembl.MGI:23152[1>0]
NM_001408544	Ensembl.RefSeq_mRNA:58815[1];Ensembl.RefSeq_mRNA:58815[1>0]	ENSMUSG00000032411	CURATED:259[0];MGI:3705[13];MGI:3705[13|6>12|0];Ensembl.MGI:23152[1>0]
NM_001408545	Ensembl.RefSeq_mRNA:58817[1];Ensembl.RefSeq_mRNA:58817[1>0]	ENSMUSG00000032411	CURATED:259[0];MGI:3705[13];MGI:3705[13|6>12|0];Ensembl.MGI:23152[1>0]
NM_001408546	Ensembl.RefSeq_mRNA:58818[1];Ensembl.RefSeq_mRNA:58818[1>0]	ENSMUSG00000032411	CURATED:259[0];MGI:3705[13];MGI:3705[13|6>12|0];Ensembl.MGI:23152[1>0]
NM_001408547	Ensembl.RefSeq_mRNA:58943[1];Ensembl.RefSeq_mRNA:58943[1>0]	ENSMUSG00000032411	CURATED:259[0];MGI:3705[13];MGI:3705[13|6>12|0];Ensembl.MGI:23152[1>0]
NM_001408548	Ensembl.RefSeq_mRNA:58858[1];Ensembl.RefSeq_mRNA:58858[1>0]	ENSMUSG00000032411	CURATED:259[0];MGI:3705[13];MGI:3705[13|6>12|0];Ensembl.MGI:23152[1>0]
NM_001408549	Ensembl.RefSeq_mRNA:58819[1];Ensembl.RefSeq_mRNA:58819[1>0]	ENSMUSG00000032411	CURATED:259[0];MGI:3705[13];MGI:3705[13|6>12|0];Ensembl.MGI:23152[1>0]
NM_001408550	Ensembl.RefSeq_mRNA:58880[1];Ensembl.RefSeq_mRNA:58880[1>0]	ENSMUSG00000032411	CURATED:259[0];MGI:3705[13];MGI:3705[13|6>12|0];Ensembl.MGI:23152[1>0]
NM_001408551	Ensembl.RefSeq_mRNA:58881[1];Ensembl.RefSeq_mRNA:58881[1>0]	ENSMUSG00000032411	CURATED:259[0];MGI:3705[13];MGI:3705[13|6>12|0];Ensembl.MGI:23152[1>0]
NM_001408552	Ensembl.RefSeq_mRNA:58882[1];Ensembl.RefSeq_mRNA:58882[1>0]	ENSMUSG00000032411	CURATED:259[0];MGI:3705[13];MGI:3705[13|6>12|0];Ensembl.MGI:23152[1>0]
NM_001408553	Ensembl.RefSeq_mRNA:58816[1];Ensembl.RefSeq_mRNA:58816[1>0]	ENSMUSG00000032411	CURATED:259[0];MGI:3705[13];MGI:3705[13|6>12|0];Ensembl.MGI:23152[1>0]
NM_001408554	Ensembl.RefSeq_mRNA:58872[1];Ensembl.RefSeq_mRNA:58872[1>0]	ENSMUSG00000032411	CURATED:259[0];MGI:3705[13];MGI:3705[13|6>12|0];Ensembl.MGI:23152[1>0]
NM_001408555	Ensembl.RefSeq_mRNA:58870[1];Ensembl.RefSeq_mRNA:58870[1>0]	ENSMUSG00000032411	CURATED:259[0];MGI:3705[13];MGI:3705[13|6>12|0];Ensembl.MGI:23152[1>0]
NM_001408556	Ensembl.RefSeq_mRNA:58875[1];Ensembl.RefSeq_mRNA:58875[1>0]	ENSMUSG00000032411	CURATED:259[0];MGI:3705[13];MGI:3705[13|6>12|0];Ensembl.MGI:23152[1>0]
NM_001408557	Ensembl.RefSeq_mRNA:58877[1];Ensembl.RefSeq_mRNA:58877[1>0]	ENSMUSG00000032411	CURATED:259[0];MGI:3705[13];MGI:3705[13|6>12|0];Ensembl.MGI:23152[1>0]
NM_001408558	Ensembl.RefSeq_mRNA:58886[1];Ensembl.RefSeq_mRNA:58886[1>0]	ENSMUSG00000032411	CURATED:259[0];MGI:3705[13];MGI:3705[13|6>12|0];Ensembl.MGI:23152[1>0]
NM_001408559	Ensembl.RefSeq_mRNA:58883[1];Ensembl.RefSeq_mRNA:58883[1>0]	ENSMUSG00000032411	CURATED:259[0];MGI:3705[13];MGI:3705[13|6>12|0];Ensembl.MGI:23152[1>0]
NM_001408560	Ensembl.RefSeq_mRNA:58887[1];Ensembl.RefSeq_mRNA:58887[1>0]	ENSMUSG00000032411	CURATED:259[0];MGI:3705[13];MGI:3705[13|6>12|0];Ensembl.MGI:23152[1>0]
NM_001408561	Ensembl.RefSeq_mRNA:58876[1];Ensembl.RefSeq_mRNA:58876[1>0]	ENSMUSG00000032411	CURATED:259[0];MGI:3705[13];MGI:3705[13|6>12|0];Ensembl.MGI:23152[1>0]
NM_001408562	Ensembl.RefSeq_mRNA:58871[1];Ensembl.RefSeq_mRNA:58871[1>0]	ENSMUSG00000032411	CURATED:259[0];MGI:3705[13];MGI:3705[13|6>12|0];Ensembl.MGI:23152[1>0]
NM_001408563	Ensembl.RefSeq_mRNA:58878[1];Ensembl.RefSeq_mRNA:58878[1>0]	ENSMUSG00000032411	CURATED:259[0];MGI:3705[13];MGI:3705[13|6>12|0];Ensembl.MGI:23152[1>0]
NM_001408564	Ensembl.RefSeq_mRNA:58873[1];Ensembl.RefSeq_mRNA:58873[1>0]	ENSMUSG00000032411	CURATED:259[0];MGI:3705[13];MGI:3705[13|6>12|0];Ensembl.MGI:23152[1>0]
NM_001408565	Ensembl.RefSeq_mRNA:58869[1];Ensembl.RefSeq_mRNA:58869[1>0]	ENSMUSG00000032411	CURATED:259[0];MGI:3705[13];MGI:3705[13|6>12|0];Ensembl.MGI:23152[1>0]
NM_001408566	Ensembl.RefSeq_mRNA:58874[1];Ensembl.RefSeq_mRNA:58874[1>0]	ENSMUSG00000032411	CURATED:259[0];MGI:3705[13];MGI:3705[13|6>12|0];Ensembl.MGI:23152[1>0]
NM_001408567	Ensembl.RefSeq_mRNA:58884[1];Ensembl.RefSeq_mRNA:58884[1>0]	ENSMUSG00000032411	CURATED:259[0];MGI:3705[13];MGI:3705[13|6>12|0];Ensembl.MGI:23152[1>0]
NM_001408568	Ensembl.RefSeq_mRNA:58888[1];Ensembl.RefSeq_mRNA:58888[1>0]	ENSMUSG00000032411	CURATED:259[0];MGI:3705[13];MGI:3705[13|6>12|0];Ensembl.MGI:23152[1>0]
NM_001408569	Ensembl.RefSeq_mRNA:58901[1];Ensembl.RefSeq_mRNA:58901[1>0]	ENSMUSG00000032411	CURATED:259[0];MGI:3705[13];MGI:3705[13|6>12|0];Ensembl.MGI:23152[1>0]
NM_001408570	Ensembl.RefSeq_mRNA:58903[1];Ensembl.RefSeq_mRNA:58903[1>0]	ENSMUSG00000032411	CURATED:259[0];MGI:3705[13];MGI:3705[13|6>12|0];Ensembl.MGI:23152[1>0]
NM_001408571	Ensembl.RefSeq_mRNA:58910[1];Ensembl.RefSeq_mRNA:58910[1>0]	ENSMUSG00000032411	CURATED:259[0];MGI:3705[13];MGI:3705[13|6>12|0];Ensembl.MGI:23152[1>0]
NM_001408572	Ensembl.RefSeq_mRNA:58939[1];Ensembl.RefSeq_mRNA:58939[1>0]	ENSMUSG00000032411	CURATED:259[0];MGI:3705[13];MGI:3705[13|6>12|0];Ensembl.MGI:23152[1>0]
NM_001408573	Ensembl.RefSeq_mRNA:58752[1];Ensembl.RefSeq_mRNA:58752[1>0]	ENSMUSG00000032411	CURATED:259[0];MGI:3705[13];MGI:3705[13|6>12|0];Ensembl.MGI:23152[1>0]
NM_001408574	Ensembl.RefSeq_mRNA:58864[1];Ensembl.RefSeq_mRNA:58864[1>0]	ENSMUSG00000032411	CURATED:259[0];MGI:3705[13];MGI:3705[13|6>12|0];Ensembl.MGI:23152[1>0]
NM_001408575	Ensembl.RefSeq_mRNA:58909[1];Ensembl.RefSeq_mRNA:58909[1>0]	ENSMUSG00000032411	CURATED:259[0];MGI:3705[13];MGI:3705[13|6>12|0];Ensembl.MGI:23152[1>0]
NM_001408576	Ensembl.RefSeq_mRNA:58905[1];Ensembl.RefSeq_mRNA:58905[1>0]	ENSMUSG00000032411	CURATED:259[0];MGI:3705[13];MGI:3705[13|6>12|0];Ensembl.MGI:23152[1>0]
NM_001408577	Ensembl.RefSeq_mRNA:58902[1];Ensembl.RefSeq_mRNA:58902[1>0]	ENSMUSG00000032411	CURATED:259[0];MGI:3705[13];MGI:3705[13|6>12|0];Ensembl.MGI:23152[1>0]
NM_001408578	Ensembl.RefSeq_mRNA:58906[1];Ensembl.RefSeq_mRNA:58906[1>0]	ENSMUSG00000032411	CURATED:259[0];MGI:3705[13];MGI:3705[13|6>12|0];Ensembl.MGI:23152[1>0]
NM_001408579	Ensembl.RefSeq_mRNA:58908[1];Ensembl.RefSeq_mRNA:58908[1>0]	ENSMUSG00000032411	CURATED:259[0];MGI:3705[13];MGI:3705[13|6>12|0];Ensembl.MGI:23152[1>0]
NM_001408580	Ensembl.RefSeq_mRNA:58829[1];Ensembl.RefSeq_mRNA:58829[1>0]	ENSMUSG00000032411	CURATED:259[0];MGI:3705[13];MGI:3705[13|6>12|0];Ensembl.MGI:23152[1>0]
NM_001408581	Ensembl.RefSeq_mRNA:58754[1];Ensembl.RefSeq_mRNA:58754[1>0]	ENSMUSG00000032411	CURATED:259[0];MGI:3705[13];MGI:3705[13|6>12|0];Ensembl.MGI:23152[1>0]
NM_001408582	Ensembl.RefSeq_mRNA:58757[1];Ensembl.RefSeq_mRNA:58757[1>0]	ENSMUSG00000032411	CURATED:259[0];MGI:3705[13];MGI:3705[13|6>12|0];Ensembl.MGI:23152[1>0]
NM_001408583	Ensembl.RefSeq_mRNA:58861[1];Ensembl.RefSeq_mRNA:58861[1>0]	ENSMUSG00000032411	CURATED:259[0];MGI:3705[13];MGI:3705[13|6>12|0];Ensembl.MGI:23152[1>0]
NM_001408584	Ensembl.RefSeq_mRNA:58947[1];Ensembl.RefSeq_mRNA:58947[1>0]	ENSMUSG00000032411	CURATED:259[0];MGI:3705[13];MGI:3705[13|6>12|0];Ensembl.MGI:23152[1>0]
NM_001408585	Ensembl.RefSeq_mRNA:58541[1];Ensembl.RefSeq_mRNA:58541[1>0]	ENSMUSG00000032411	CURATED:259[0];MGI:3705[13];MGI:3705[13|6>12|0];Ensembl.MGI:23152[1>0]
NM_001408586	Ensembl.RefSeq_mRNA:58539[1];Ensembl.RefSeq_mRNA:58539[1>0]	ENSMUSG00000032411	CURATED:259[0];MGI:3705[13];MGI:3705[13|6>12|0];Ensembl.MGI:23152[1>0]
NM_001408587	Ensembl.RefSeq_mRNA:58535[1];Ensembl.RefSeq_mRNA:58535[1>0]	ENSMUSG00000032411	CURATED:259[0];MGI:3705[13];MGI:3705[13|6>12|0];Ensembl.MGI:23152[1>0]
NM_001408588	Ensembl.RefSeq_mRNA:58529[1];Ensembl.RefSeq_mRNA:58529[1>0]	ENSMUSG00000032411	CURATED:259[0];MGI:3705[13];MGI:3705[13|6>12|0];Ensembl.MGI:23152[1>0]
NM_001408589	Ensembl.RefSeq_mRNA:58531[1];Ensembl.RefSeq_mRNA:58531[1>0]	ENSMUSG00000032411	CURATED:259[0];MGI:3705[13];MGI:3705[13|6>12|0];Ensembl.MGI:23152[1>0]
NM_001408590	Ensembl.RefSeq_mRNA:58542[1];Ensembl.RefSeq_mRNA:58542[1>0]	ENSMUSG00000032411	CURATED:259[0];MGI:3705[13];MGI:3705[13|6>12|0];Ensembl.MGI:23152[1>0]
NM_001408591	Ensembl.RefSeq_mRNA:58879[1];Ensembl.RefSeq_mRNA:58879[1>0]	ENSMUSG00000032411	CURATED:259[0];MGI:3705[13];MGI:3705[13|6>12|0];Ensembl.MGI:23152[1>0]
NM_001408592	Ensembl.RefSeq_mRNA:58885[1];Ensembl.RefSeq_mRNA:58885[1>0]	ENSMUSG00000032411	CURATED:259[0];MGI:3705[13];MGI:3705[13|6>12|0];Ensembl.MGI:23152[1>0]
NM_001408593	Ensembl.RefSeq_mRNA:58889[1];Ensembl.RefSeq_mRNA:58889[1>0]	ENSMUSG00000032411	CURATED:259[0];MGI:3705[13];MGI:3705[13|6>12|0];Ensembl.MGI:23152[1>0]
NM_001408594	Ensembl.RefSeq_mRNA:58537[1];Ensembl.RefSeq_mRNA:58537[1>0]	ENSMUSG00000032411	CURATED:259[0];MGI:3705[13];MGI:3705[13|6>12|0];Ensembl.MGI:23152[1>0]
NM_001408595	Ensembl.RefSeq_mRNA:58533[1];Ensembl.RefSeq_mRNA:58533[1>0]	ENSMUSG00000032411	CURATED:259[0];MGI:3705[13];MGI:3705[13|6>12|0];Ensembl.MGI:23152[1>0]
NM_001410051	Ensembl.RefSeq_mRNA:44948[1];Ensembl.RefSeq_mRNA:44948[1>0]	ENSMUSG00000035158	CURATED:168[0];MGI:36378[13];MGI:36378[13|6>12|0];Ensembl.MGI:18273[1>0]
NM_001410052	Ensembl.RefSeq_mRNA:44905[1];Ensembl.RefSeq_mRNA:44905[1>0]	ENSMUSG00000035158	CURATED:168[0];MGI:36378[13];MGI:36378[13|6>12|0];Ensembl.MGI:18273[1>0]
NM_001410053	Ensembl.RefSeq_mRNA:44977[1];Ensembl.RefSeq_mRNA:44977[1>0]	ENSMUSG00000035158	CURATED:168[0];MGI:36378[13];MGI:36378[13|6>12|0];Ensembl.MGI:18273[1>0]
NM_001410054	Ensembl.RefSeq_mRNA:44981[1];Ensembl.RefSeq_mRNA:44981[1>0]	ENSMUSG00000035158	CURATED:168[0];MGI:36378[13];MGI:36378[13|6>12|0];Ensembl.MGI:18273[1>0]
NM_001410055	Ensembl.RefSeq_mRNA:44982[1];Ensembl.RefSeq_mRNA:44982[1>0]	ENSMUSG00000035158	CURATED:168[0];MGI:36378[13];MGI:36378[13|6>12|0];Ensembl.MGI:18273[1>0]
NM_001410056	Ensembl.RefSeq_mRNA:44906[1];Ensembl.RefSeq_mRNA:44906[1>0]	ENSMUSG00000035158	CURATED:168[0];MGI:36378[13];MGI:36378[13|6>12|0];Ensembl.MGI:18273[1>0]
NM_001410057	Ensembl.RefSeq_mRNA:44907[1];Ensembl.RefSeq_mRNA:44907[1>0]	ENSMUSG00000035158	CURATED:168[0];MGI:36378[13];MGI:36378[13|6>12|0];Ensembl.MGI:18273[1>0]
NM_001410058	Ensembl.RefSeq_mRNA:44991[1];Ensembl.RefSeq_mRNA:44991[1>0]	ENSMUSG00000035158	CURATED:168[0];MGI:36378[13];MGI:36378[13|6>12|0];Ensembl.MGI:18273[1>0]
NM_001410059	Ensembl.RefSeq_mRNA:44993[1];Ensembl.RefSeq_mRNA:44993[1>0]	ENSMUSG00000035158	CURATED:168[0];MGI:36378[13];MGI:36378[13|6>12|0];Ensembl.MGI:18273[1>0]
NM_001410076	Ensembl.RefSeq_mRNA:120526[1];Ensembl.RefSeq_mRNA:120526[1>0]	ENSMUSG00000001156	CURATED:172[0];MGI:31178[13];MGI:31178[13|6>12|0];Ensembl.MGI:44100[1>0]
NM_001410077	Ensembl.RefSeq_mRNA:110372[1];Ensembl.RefSeq_mRNA:110372[1>0]	ENSMUSG00000001419	CURATED:162[0];MGI:38180[13];MGI:38180[13|6>12|0];Ensembl.MGI:40776[1>0]
NM_001410078	Ensembl.RefSeq_mRNA:110375[1];Ensembl.RefSeq_mRNA:110375[1>0]	ENSMUSG00000001419	CURATED:162[0];MGI:38180[13];MGI:38180[13|6>12|0];Ensembl.MGI:40776[1>0]
NM_001410079	Ensembl.RefSeq_mRNA:110365[1];Ensembl.RefSeq_mRNA:110365[1>0]	ENSMUSG00000001419	CURATED:162[0];MGI:38180[13];MGI:38180[13|6>12|0];Ensembl.MGI:40776[1>0]
NM_001410080	Ensembl.RefSeq_mRNA:110364[1];Ensembl.RefSeq_mRNA:110364[1>0]	ENSMUSG00000001419	CURATED:162[0];MGI:38180[13];MGI:38180[13|6>12|0];Ensembl.MGI:40776[1>0]
NM_001410081	Ensembl.RefSeq_mRNA:110369[1];Ensembl.RefSeq_mRNA:110369[1>0]	ENSMUSG00000001419	CURATED:162[0];MGI:38180[13];MGI:38180[13|6>12|0];Ensembl.MGI:40776[1>0]
NM_001410082	Ensembl.RefSeq_mRNA:110371[1];Ensembl.RefSeq_mRNA:110371[1>0]	ENSMUSG00000001419	CURATED:162[0];MGI:38180[13];MGI:38180[13|6>12|0];Ensembl.MGI:40776[1>0]
NM_001410083	Ensembl.RefSeq_mRNA:110374[1];Ensembl.RefSeq_mRNA:110374[1>0]	ENSMUSG00000001419	CURATED:162[0];MGI:38180[13];MGI:38180[13|6>12|0];Ensembl.MGI:40776[1>0]
NM_001410084	Ensembl.RefSeq_mRNA:110358[1];Ensembl.RefSeq_mRNA:110358[1>0]	ENSMUSG00000001419	CURATED:162[0];MGI:38180[13];MGI:38180[13|6>12|0];Ensembl.MGI:40776[1>0]
NM_001410085	Ensembl.RefSeq_mRNA:110334[1];Ensembl.RefSeq_mRNA:110334[1>0]	ENSMUSG00000001419	CURATED:162[0];MGI:38180[13];MGI:38180[13|6>12|0];Ensembl.MGI:40776[1>0]
NM_001410086	Ensembl.RefSeq_mRNA:110340[1];Ensembl.RefSeq_mRNA:110340[1>0]	ENSMUSG00000001419	CURATED:162[0];MGI:38180[13];MGI:38180[13|6>12|0];Ensembl.MGI:40776[1>0]
NM_001410087	Ensembl.RefSeq_mRNA:110345[1];Ensembl.RefSeq_mRNA:110345[1>0]	ENSMUSG00000001419	CURATED:162[0];MGI:38180[13];MGI:38180[13|6>12|0];Ensembl.MGI:40776[1>0]
NM_001410088	Ensembl.RefSeq_mRNA:110333[1];Ensembl.RefSeq_mRNA:110333[1>0]	ENSMUSG00000001419	CURATED:162[0];MGI:38180[13];MGI:38180[13|6>12|0];Ensembl.MGI:40776[1>0]
NM_001410089	Ensembl.RefSeq_mRNA:110343[1];Ensembl.RefSeq_mRNA:110343[1>0]	ENSMUSG00000001419	CURATED:162[0];MGI:38180[13];MGI:38180[13|6>12|0];Ensembl.MGI:40776[1>0]
NM_001410090	Ensembl.RefSeq_mRNA:110376[1];Ensembl.RefSeq_mRNA:110376[1>0]	ENSMUSG00000001419	CURATED:162[0];MGI:38180[13];MGI:38180[13|6>12|0];Ensembl.MGI:40776[1>0]
NM_001410091	Ensembl.RefSeq_mRNA:110329[1];Ensembl.RefSeq_mRNA:110329[1>0]	ENSMUSG00000001419	CURATED:162[0];MGI:38180[13];MGI:38180[13|6>12|0];Ensembl.MGI:40776[1>0]
NM_001410092	Ensembl.RefSeq_mRNA:110336[1];Ensembl.RefSeq_mRNA:110336[1>0]	ENSMUSG00000001419	CURATED:162[0];MGI:38180[13];MGI:38180[13|6>12|0];Ensembl.MGI:40776[1>0]
NM_001410093	Ensembl.RefSeq_mRNA:110342[1];Ensembl.RefSeq_mRNA:110342[1>0]	ENSMUSG00000001419	CURATED:162[0];MGI:38180[13];MGI:38180[13|6>12|0];Ensembl.MGI:40776[1>0]
NM_001410094	Ensembl.RefSeq_mRNA:110368[1];Ensembl.RefSeq_mRNA:110368[1>0]	ENSMUSG00000001419	CURATED:162[0];MGI:38180[13];MGI:38180[13|6>12|0];Ensembl.MGI:40776[1>0]
NM_001410095	Ensembl.RefSeq_mRNA:110370[1];Ensembl.RefSeq_mRNA:110370[1>0]	ENSMUSG00000001419	CURATED:162[0];MGI:38180[13];MGI:38180[13|6>12|0];Ensembl.MGI:40776[1>0]
NM_001410096	Ensembl.RefSeq_mRNA:110366[1];Ensembl.RefSeq_mRNA:110366[1>0]	ENSMUSG00000001419	CURATED:162[0];MGI:38180[13];MGI:38180[13|6>12|0];Ensembl.MGI:40776[1>0]
NM_001410097	Ensembl.RefSeq_mRNA:110373[1];Ensembl.RefSeq_mRNA:110373[1>0]	ENSMUSG00000001419	CURATED:162[0];MGI:38180[13];MGI:38180[13|6>12|0];Ensembl.MGI:40776[1>0]
NM_001410098	Ensembl.RefSeq_mRNA:110328[1];Ensembl.RefSeq_mRNA:110328[1>0]	ENSMUSG00000001419	CURATED:162[0];MGI:38180[13];MGI:38180[13|6>12|0];Ensembl.MGI:40776[1>0]
NM_001410099	Ensembl.RefSeq_mRNA:110335[1];Ensembl.RefSeq_mRNA:110335[1>0]	ENSMUSG00000001419	CURATED:162[0];MGI:38180[13];MGI:38180[13|6>12|0];Ensembl.MGI:40776[1>0]
NM_001410100	Ensembl.RefSeq_mRNA:110331[1];Ensembl.RefSeq_mRNA:110331[1>0]	ENSMUSG00000001419	CURATED:162[0];MGI:38180[13];MGI:38180[13|6>12|0];Ensembl.MGI:40776[1>0]
NM_001410101	Ensembl.RefSeq_mRNA:110339[1];Ensembl.RefSeq_mRNA:110339[1>0]	ENSMUSG00000001419	CURATED:162[0];MGI:38180[13];MGI:38180[13|6>12|0];Ensembl.MGI:40776[1>0]
NM_001410102	Ensembl.RefSeq_mRNA:110344[1];Ensembl.RefSeq_mRNA:110344[1>0]	ENSMUSG00000001419	CURATED:162[0];MGI:38180[13];MGI:38180[13|6>12|0];Ensembl.MGI:40776[1>0]
NM_001410103	Ensembl.RefSeq_mRNA:110332[1];Ensembl.RefSeq_mRNA:110332[1>0]	ENSMUSG00000001419	CURATED:162[0];MGI:38180[13];MGI:38180[13|6>12|0];Ensembl.MGI:40776[1>0]
NM_001410104	Ensembl.RefSeq_mRNA:110337[1];Ensembl.RefSeq_mRNA:110337[1>0]	ENSMUSG00000001419	CURATED:162[0];MGI:38180[13];MGI:38180[13|6>12|0];Ensembl.MGI:40776[1>0]
NM_001410105	Ensembl.RefSeq_mRNA:110341[1];Ensembl.RefSeq_mRNA:110341[1>0]	ENSMUSG00000001419	CURATED:162[0];MGI:38180[13];MGI:38180[13|6>12|0];Ensembl.MGI:40776[1>0]
NM_001410251	Ensembl.RefSeq_mRNA:13213[1];Ensembl.RefSeq_mRNA:13213[1>0]	ENSMUSG00000016087	CURATED:55[0];MGI:100266[13];MGI:100266[13|6>12|0];Ensembl.MGI:6240[1>0]
NM_001410252	Ensembl.RefSeq_mRNA:13212[1];Ensembl.RefSeq_mRNA:13212[1>0]	ENSMUSG00000016087	CURATED:55[0];MGI:100266[13];MGI:100266[13|6>12|0];Ensembl.MGI:6240[1>0]
NM_001410442	Ensembl.RefSeq_mRNA:55667[1];Ensembl.RefSeq_mRNA:55667[1>0]	ENSMUSG00000028163	CURATED:183[0];MGI:174607[13|6];MGI:174607[13|6>12|0];Ensembl.MGI:22193[1>0]
NM_001410497	Ensembl.RefSeq_mRNA:7781[1];Ensembl.RefSeq_mRNA:7781[1>0]	ENSMUSG00000066687	CURATED:269[0];MGI:24870[13];MGI:24870[13|6>12|0];Ensembl.MGI:3986[1>0]
NM_001410603	Ensembl.RefSeq_mRNA:88521[1];Ensembl.RefSeq_mRNA:88521[1>0]	ENSMUSG00000031162	CURATED:75[0];MGI:101197[13];MGI:101197[13|6>12|0];Ensembl.MGI:33636[1>0]
NM_001410604	Ensembl.RefSeq_mRNA:88519[1];Ensembl.RefSeq_mRNA:88519[1>0]	ENSMUSG00000031162	CURATED:75[0];MGI:101197[13];MGI:101197[13|6>12|0];Ensembl.MGI:33636[1>0]
NM_001411153	Ensembl.RefSeq_mRNA:111185[1];Ensembl.RefSeq_mRNA:111185[1>0]	ENSMUSG00000032446	CURATED:46[0];MGI:37628[13];MGI:37628[13|6>12|0];Ensembl.MGI:41076[1>0]
NM_001411714	Ensembl.RefSeq_mRNA:60615[1];Ensembl.RefSeq_mRNA:60615[1>0]	ENSMUSG00000001288	CURATED:207[0];MGI:23998[13];MGI:23998[13|6>12|0];Ensembl.MGI:24073[1>0]
NM_001412718	Ensembl.RefSeq_mRNA:122535[1];Ensembl.RefSeq_mRNA:122535[1>0]	ENSMUSG00000046711	CURATED:98[0];MGI:26959[13];MGI:26959[13|6>12|0];Ensembl.MGI:44650[1>0]
NM_001412721	Ensembl.RefSeq_mRNA:122636[1];Ensembl.RefSeq_mRNA:122636[1>0]	ENSMUSG00000046711	CURATED:98[0];MGI:26959[13];MGI:26959[13|6>12|0];Ensembl.MGI:44650[1>0]
NM_001412722	Ensembl.RefSeq_mRNA:122630[1];Ensembl.RefSeq_mRNA:122630[1>0]	ENSMUSG00000046711	CURATED:98[0];MGI:26959[13];MGI:26959[13|6>12|0];Ensembl.MGI:44650[1>0]
NM_001412723	Ensembl.RefSeq_mRNA:122591[1];Ensembl.RefSeq_mRNA:122591[1>0]	ENSMUSG00000046711	CURATED:98[0];MGI:26959[13];MGI:26959[13|6>12|0];Ensembl.MGI:44650[1>0]
NM_001412724	Ensembl.RefSeq_mRNA:122589[1];Ensembl.RefSeq_mRNA:122589[1>0]	ENSMUSG00000046711	CURATED:98[0];MGI:26959[13];MGI:26959[13|6>12|0];Ensembl.MGI:44650[1>0]
NM_001412726	Ensembl.RefSeq_mRNA:122634[1];Ensembl.RefSeq_mRNA:122634[1>0]	ENSMUSG00000046711	CURATED:98[0];MGI:26959[13];MGI:26959[13|6>12|0];Ensembl.MGI:44650[1>0]
NM_001412727	Ensembl.RefSeq_mRNA:122586[1];Ensembl.RefSeq_mRNA:122586[1>0]	ENSMUSG00000046711	CURATED:98[0];MGI:26959[13];MGI:26959[13|6>12|0];Ensembl.MGI:44650[1>0]
NM_001412728	Ensembl.RefSeq_mRNA:122632[1];Ensembl.RefSeq_mRNA:122632[1>0]	ENSMUSG00000046711	CURATED:98[0];MGI:26959[13];MGI:26959[13|6>12|0];Ensembl.MGI:44650[1>0]
NM_001412729	Ensembl.RefSeq_mRNA:122655[1];Ensembl.RefSeq_mRNA:122655[1>0]	ENSMUSG00000046711	CURATED:98[0];MGI:26959[13];MGI:26959[13|6>12|0];Ensembl.MGI:44650[1>0]
NM_001412730	Ensembl.RefSeq_mRNA:122654[1];Ensembl.RefSeq_mRNA:122654[1>0]	ENSMUSG00000046711	CURATED:98[0];MGI:26959[13];MGI:26959[13|6>12|0];Ensembl.MGI:44650[1>0]
NM_001412731	Ensembl.RefSeq_mRNA:122560[1];Ensembl.RefSeq_mRNA:122560[1>0]	ENSMUSG00000046711	CURATED:98[0];MGI:26959[13];MGI:26959[13|6>12|0];Ensembl.MGI:44650[1>0]
NM_001412732	Ensembl.RefSeq_mRNA:122559[1];Ensembl.RefSeq_mRNA:122559[1>0]	ENSMUSG00000046711	CURATED:98[0];MGI:26959[13];MGI:26959[13|6>12|0];Ensembl.MGI:44650[1>0]
NM_001412733	Ensembl.RefSeq_mRNA:122513[1];Ensembl.RefSeq_mRNA:122513[1>0]	ENSMUSG00000046711	CURATED:98[0];MGI:26959[13];MGI:26959[13|6>12|0];Ensembl.MGI:44650[1>0]
NM_001412740	Ensembl.RefSeq_mRNA:122569[1];Ensembl.RefSeq_mRNA:122569[1>0]	ENSMUSG00000046711	CURATED:98[0];MGI:26959[13];MGI:26959[13|6>12|0];Ensembl.MGI:44650[1>0]
NM_001412748	Ensembl.RefSeq_mRNA:122592[1];Ensembl.RefSeq_mRNA:122592[1>0]	ENSMUSG00000046711	CURATED:98[0];MGI:26959[13];MGI:26959[13|6>12|0];Ensembl.MGI:44650[1>0]
NM_001412749	Ensembl.RefSeq_mRNA:122594[1];Ensembl.RefSeq_mRNA:122594[1>0]	ENSMUSG00000046711	CURATED:98[0];MGI:26959[13];MGI:26959[13|6>12|0];Ensembl.MGI:44650[1>0]
NM_001412750	Ensembl.RefSeq_mRNA:122637[1];Ensembl.RefSeq_mRNA:122637[1>0]	ENSMUSG00000046711	CURATED:98[0];MGI:26959[13];MGI:26959[13|6>12|0];Ensembl.MGI:44650[1>0]
NM_001412751	Ensembl.RefSeq_mRNA:122588[1];Ensembl.RefSeq_mRNA:122588[1>0]	ENSMUSG00000046711	CURATED:98[0];MGI:26959[13];MGI:26959[13|6>12|0];Ensembl.MGI:44650[1>0]
NM_001412752	Ensembl.RefSeq_mRNA:122590[1];Ensembl.RefSeq_mRNA:122590[1>0]	ENSMUSG00000046711	CURATED:98[0];MGI:26959[13];MGI:26959[13|6>12|0];Ensembl.MGI:44650[1>0]
NM_001412754	Ensembl.RefSeq_mRNA:122633[1];Ensembl.RefSeq_mRNA:122633[1>0]	ENSMUSG00000046711	CURATED:98[0];MGI:26959[13];MGI:26959[13|6>12|0];Ensembl.MGI:44650[1>0]
NM_001412755	Ensembl.RefSeq_mRNA:122635[1];Ensembl.RefSeq_mRNA:122635[1>0]	ENSMUSG00000046711	CURATED:98[0];MGI:26959[13];MGI:26959[13|6>12|0];Ensembl.MGI:44650[1>0]
NM_001412764	Ensembl.RefSeq_mRNA:122631[1];Ensembl.RefSeq_mRNA:122631[1>0]	ENSMUSG00000046711	CURATED:98[0];MGI:26959[13];MGI:26959[13|6>12|0];Ensembl.MGI:44650[1>0]
NM_001412765	Ensembl.RefSeq_mRNA:122587[1];Ensembl.RefSeq_mRNA:122587[1>0]	ENSMUSG00000046711	CURATED:98[0];MGI:26959[13];MGI:26959[13|6>12|0];Ensembl.MGI:44650[1>0]
NM_001412766	Ensembl.RefSeq_mRNA:122619[1];Ensembl.RefSeq_mRNA:122619[1>0]	ENSMUSG00000046711	CURATED:98[0];MGI:26959[13];MGI:26959[13|6>12|0];Ensembl.MGI:44650[1>0]
NM_001412767	Ensembl.RefSeq_mRNA:122616[1];Ensembl.RefSeq_mRNA:122616[1>0]	ENSMUSG00000046711	CURATED:98[0];MGI:26959[13];MGI:26959[13|6>12|0];Ensembl.MGI:44650[1>0]
NM_001412768	Ensembl.RefSeq_mRNA:122613[1];Ensembl.RefSeq_mRNA:122613[1>0]	ENSMUSG00000046711	CURATED:98[0];MGI:26959[13];MGI:26959[13|6>12|0];Ensembl.MGI:44650[1>0]
NM_001412769	Ensembl.RefSeq_mRNA:122618[1];Ensembl.RefSeq_mRNA:122618[1>0]	ENSMUSG00000046711	CURATED:98[0];MGI:26959[13];MGI:26959[13|6>12|0];Ensembl.MGI:44650[1>0]
NM_001412770	Ensembl.RefSeq_mRNA:122615[1];Ensembl.RefSeq_mRNA:122615[1>0]	ENSMUSG00000046711	CURATED:98[0];MGI:26959[13];MGI:26959[13|6>12|0];Ensembl.MGI:44650[1>0]
NM_001412771	Ensembl.RefSeq_mRNA:122617[1];Ensembl.RefSeq_mRNA:122617[1>0]	ENSMUSG00000046711	CURATED:98[0];MGI:26959[13];MGI:26959[13|6>12|0];Ensembl.MGI:44650[1>0]
NM_001412772	Ensembl.RefSeq_mRNA:122614[1];Ensembl.RefSeq_mRNA:122614[1>0]	ENSMUSG00000046711	CURATED:98[0];MGI:26959[13];MGI:26959[13|6>12|0];Ensembl.MGI:44650[1>0]
NM_001412773	Ensembl.RefSeq_mRNA:122620[1];Ensembl.RefSeq_mRNA:122620[1>0]	ENSMUSG00000046711	CURATED:98[0];MGI:26959[13];MGI:26959[13|6>12|0];Ensembl.MGI:44650[1>0]
NM_001412783	Ensembl.RefSeq_mRNA:122582[1];Ensembl.RefSeq_mRNA:122582[1>0]	ENSMUSG00000046711	CURATED:98[0];MGI:26959[13];MGI:26959[13|6>12|0];Ensembl.MGI:44650[1>0]
NM_001412943	Ensembl.RefSeq_mRNA:122511[1];Ensembl.RefSeq_mRNA:122511[1>0]	ENSMUSG00000046711	CURATED:98[0];MGI:26959[13];MGI:26959[13|6>12|0];Ensembl.MGI:44650[1>0]
NM_001412944	Ensembl.RefSeq_mRNA:122561[1];Ensembl.RefSeq_mRNA:122561[1>0]	ENSMUSG00000046711	CURATED:98[0];MGI:26959[13];MGI:26959[13|6>12|0];Ensembl.MGI:44650[1>0]
NM_001412945	Ensembl.RefSeq_mRNA:122567[1];Ensembl.RefSeq_mRNA:122567[1>0]	ENSMUSG00000046711	CURATED:98[0];MGI:26959[13];MGI:26959[13|6>12|0];Ensembl.MGI:44650[1>0]
NM_001412949	Ensembl.RefSeq_mRNA:122544[1];Ensembl.RefSeq_mRNA:122544[1>0]	ENSMUSG00000046711	CURATED:98[0];MGI:26959[13];MGI:26959[13|6>12|0];Ensembl.MGI:44650[1>0]
NM_001412950	Ensembl.RefSeq_mRNA:122543[1];Ensembl.RefSeq_mRNA:122543[1>0]	ENSMUSG00000046711	CURATED:98[0];MGI:26959[13];MGI:26959[13|6>12|0];Ensembl.MGI:44650[1>0]
NM_001412951	Ensembl.RefSeq_mRNA:122625[1];Ensembl.RefSeq_mRNA:122625[1>0]	ENSMUSG00000046711	CURATED:98[0];MGI:26959[13];MGI:26959[13|6>12|0];Ensembl.MGI:44650[1>0]
NM_001412952	Ensembl.RefSeq_mRNA:122626[1];Ensembl.RefSeq_mRNA:122626[1>0]	ENSMUSG00000046711	CURATED:98[0];MGI:26959[13];MGI:26959[13|6>12|0];Ensembl.MGI:44650[1>0]
NM_001412953	Ensembl.RefSeq_mRNA:122623[1];Ensembl.RefSeq_mRNA:122623[1>0]	ENSMUSG00000046711	CURATED:98[0];MGI:26959[13];MGI:26959[13|6>12|0];Ensembl.MGI:44650[1>0]
NM_001412954	Ensembl.RefSeq_mRNA:122624[1];Ensembl.RefSeq_mRNA:122624[1>0]	ENSMUSG00000046711	CURATED:98[0];MGI:26959[13];MGI:26959[13|6>12|0];Ensembl.MGI:44650[1>0]
NM_001412955	Ensembl.RefSeq_mRNA:122583[1];Ensembl.RefSeq_mRNA:122583[1>0]	ENSMUSG00000046711	CURATED:98[0];MGI:26959[13];MGI:26959[13|6>12|0];Ensembl.MGI:44650[1>0]
NM_001412956	Ensembl.RefSeq_mRNA:122540[1];Ensembl.RefSeq_mRNA:122540[1>0]	ENSMUSG00000046711	CURATED:98[0];MGI:26959[13];MGI:26959[13|6>12|0];Ensembl.MGI:44650[1>0]
NM_001412957	Ensembl.RefSeq_mRNA:122539[1];Ensembl.RefSeq_mRNA:122539[1>0]	ENSMUSG00000046711	CURATED:98[0];MGI:26959[13];MGI:26959[13|6>12|0];Ensembl.MGI:44650[1>0]
NM_001412958	Ensembl.RefSeq_mRNA:122568[1];Ensembl.RefSeq_mRNA:122568[1>0]	ENSMUSG00000046711	CURATED:98[0];MGI:26959[13];MGI:26959[13|6>12|0];Ensembl.MGI:44650[1>0]
NM_001412959	Ensembl.RefSeq_mRNA:122512[1];Ensembl.RefSeq_mRNA:122512[1>0]	ENSMUSG00000046711	CURATED:98[0];MGI:26959[13];MGI:26959[13|6>12|0];Ensembl.MGI:44650[1>0]
NM_001413142	Ensembl.RefSeq_mRNA:122593[1];Ensembl.RefSeq_mRNA:122593[1>0]	ENSMUSG00000046711	CURATED:98[0];MGI:26959[13];MGI:26959[13|6>12|0];Ensembl.MGI:44650[1>0]
NM_001413143	Ensembl.RefSeq_mRNA:122541[1];Ensembl.RefSeq_mRNA:122541[1>0]	ENSMUSG00000046711	CURATED:98[0];MGI:26959[13];MGI:26959[13|6>12|0];Ensembl.MGI:44650[1>0]
NM_001413144	Ensembl.RefSeq_mRNA:122542[1];Ensembl.RefSeq_mRNA:122542[1>0]	ENSMUSG00000046711	CURATED:98[0];MGI:26959[13];MGI:26959[13|6>12|0];Ensembl.MGI:44650[1>0]
NM_001413797	Ensembl.RefSeq_mRNA:23084[1];Ensembl.RefSeq_mRNA:23084[1>0]	ENSMUSG00000038482	CURATED:258[0];MGI:569176[13|6];MGI:569176[13|6>12|0];Ensembl.MGI:10049[1>0]
NM_001413798	Ensembl.RefSeq_mRNA:23083[1];Ensembl.RefSeq_mRNA:23083[1>0]	ENSMUSG00000038482	CURATED:258[0];MGI:569176[13|6];MGI:569176[13|6>12|0];Ensembl.MGI:10049[1>0]
NM_001413799	Ensembl.RefSeq_mRNA:23077[1];Ensembl.RefSeq_mRNA:23077[1>0]	ENSMUSG00000038482	CURATED:258[0];MGI:569176[13|6];MGI:569176[13|6>12|0];Ensembl.MGI:10049[1>0]
NM_001413800	Ensembl.RefSeq_mRNA:23078[1];Ensembl.RefSeq_mRNA:23078[1>0]	ENSMUSG00000038482	CURATED:258[0];MGI:569176[13|6];MGI:569176[13|6>12|0];Ensembl.MGI:10049[1>0]
NM_001413801	Ensembl.RefSeq_mRNA:23065[1];Ensembl.RefSeq_mRNA:23065[1>0]	ENSMUSG00000038482	CURATED:258[0];MGI:569176[13|6];MGI:569176[13|6>12|0];Ensembl.MGI:10049[1>0]
NM_001413802	Ensembl.RefSeq_mRNA:23079[1];Ensembl.RefSeq_mRNA:23079[1>0]	ENSMUSG00000038482	CURATED:258[0];MGI:569176[13|6];MGI:569176[13|6>12|0];Ensembl.MGI:10049[1>0]
NM_001413803	Ensembl.RefSeq_mRNA:23075[1];Ensembl.RefSeq_mRNA:23075[1>0]	ENSMUSG00000038482	CURATED:258[0];MGI:569176[13|6];MGI:569176[13|6>12|0];Ensembl.MGI:10049[1>0]
NM_001413804	Ensembl.RefSeq_mRNA:23080[1];Ensembl.RefSeq_mRNA:23080[1>0]	ENSMUSG00000038482	CURATED:258[0];MGI:569176[13|6];MGI:569176[13|6>12|0];Ensembl.MGI:10049[1>0]
NM_001413805	Ensembl.RefSeq_mRNA:23081[1];Ensembl.RefSeq_mRNA:23081[1>0]	ENSMUSG00000038482	CURATED:258[0];MGI:569176[13|6];MGI:569176[13|6>12|0];Ensembl.MGI:10049[1>0]
NM_001413806	Ensembl.RefSeq_mRNA:23086[1];Ensembl.RefSeq_mRNA:23086[1>0]	ENSMUSG00000038482	CURATED:258[0];MGI:569176[13|6];MGI:569176[13|6>12|0];Ensembl.MGI:10049[1>0]
NM_001413807	Ensembl.RefSeq_mRNA:23082[1];Ensembl.RefSeq_mRNA:23082[1>0]	ENSMUSG00000038482	CURATED:258[0];MGI:569176[13|6];MGI:569176[13|6>12|0];Ensembl.MGI:10049[1>0]
NM_001413808	Ensembl.RefSeq_mRNA:23076[1];Ensembl.RefSeq_mRNA:23076[1>0]	ENSMUSG00000038482	CURATED:258[0];MGI:569176[13|6];MGI:569176[13|6>12|0];Ensembl.MGI:10049[1>0]
NM_001413809	Ensembl.RefSeq_mRNA:23074[1];Ensembl.RefSeq_mRNA:23074[1>0]	ENSMUSG00000038482	CURATED:258[0];MGI:569176[13|6];MGI:569176[13|6>12|0];Ensembl.MGI:10049[1>0]
NM_001413810	Ensembl.RefSeq_mRNA:23091[1];Ensembl.RefSeq_mRNA:23091[1>0]	ENSMUSG00000038482	CURATED:258[0];MGI:569176[13|6];MGI:569176[13|6>12|0];Ensembl.MGI:10049[1>0]
NM_001413811	Ensembl.RefSeq_mRNA:23092[1];Ensembl.RefSeq_mRNA:23092[1>0]	ENSMUSG00000038482	CURATED:258[0];MGI:569176[13|6];MGI:569176[13|6>12|0];Ensembl.MGI:10049[1>0]
NM_001413812	Ensembl.RefSeq_mRNA:23097[1];Ensembl.RefSeq_mRNA:23097[1>0]	ENSMUSG00000038482	CURATED:258[0];MGI:569176[13|6];MGI:569176[13|6>12|0];Ensembl.MGI:10049[1>0]
NM_001413813	Ensembl.RefSeq_mRNA:23096[1];Ensembl.RefSeq_mRNA:23096[1>0]	ENSMUSG00000038482	CURATED:258[0];MGI:569176[13|6];MGI:569176[13|6>12|0];Ensembl.MGI:10049[1>0]
NM_001413814	Ensembl.RefSeq_mRNA:23094[1];Ensembl.RefSeq_mRNA:23094[1>0]	ENSMUSG00000038482	CURATED:258[0];MGI:569176[13|6];MGI:569176[13|6>12|0];Ensembl.MGI:10049[1>0]
NM_001413815	Ensembl.RefSeq_mRNA:23138[1];Ensembl.RefSeq_mRNA:23138[1>0]	ENSMUSG00000038482	CURATED:258[0];MGI:569176[13|6];MGI:569176[13|6>12|0];Ensembl.MGI:10049[1>0]
NM_001413816	Ensembl.RefSeq_mRNA:23095[1];Ensembl.RefSeq_mRNA:23095[1>0]	ENSMUSG00000038482	CURATED:258[0];MGI:569176[13|6];MGI:569176[13|6>12|0];Ensembl.MGI:10049[1>0]
NM_001413817	Ensembl.RefSeq_mRNA:23088[1];Ensembl.RefSeq_mRNA:23088[1>0]	ENSMUSG00000038482	CURATED:258[0];MGI:569176[13|6];MGI:569176[13|6>12|0];Ensembl.MGI:10049[1>0]
NM_001413818	Ensembl.RefSeq_mRNA:23090[1];Ensembl.RefSeq_mRNA:23090[1>0]	ENSMUSG00000038482	CURATED:258[0];MGI:569176[13|6];MGI:569176[13|6>12|0];Ensembl.MGI:10049[1>0]
NM_001413819	Ensembl.RefSeq_mRNA:23136[1];Ensembl.RefSeq_mRNA:23136[1>0]	ENSMUSG00000038482	CURATED:258[0];MGI:569176[13|6];MGI:569176[13|6>12|0];Ensembl.MGI:10049[1>0]
NM_001413820	Ensembl.RefSeq_mRNA:23089[1];Ensembl.RefSeq_mRNA:23089[1>0]	ENSMUSG00000038482	CURATED:258[0];MGI:569176[13|6];MGI:569176[13|6>12|0];Ensembl.MGI:10049[1>0]
NM_001413821	Ensembl.RefSeq_mRNA:23087[1];Ensembl.RefSeq_mRNA:23087[1>0]	ENSMUSG00000038482	CURATED:258[0];MGI:569176[13|6];MGI:569176[13|6>12|0];Ensembl.MGI:10049[1>0]
NM_001413822	Ensembl.RefSeq_mRNA:23135[1];Ensembl.RefSeq_mRNA:23135[1>0]	ENSMUSG00000038482	CURATED:258[0];MGI:569176[13|6];MGI:569176[13|6>12|0];Ensembl.MGI:10049[1>0]
NM_001413823	Ensembl.RefSeq_mRNA:23134[1];Ensembl.RefSeq_mRNA:23134[1>0]	ENSMUSG00000038482	CURATED:258[0];MGI:569176[13|6];MGI:569176[13|6>12|0];Ensembl.MGI:10049[1>0]
NM_001415846	Ensembl.RefSeq_mRNA:159157[1];Ensembl.RefSeq_mRNA:159157[1>0]	ENSMUSG00000053552	CURATED:38[0];MGI:88532[13|6];MGI:88532[13|6>12|0];Ensembl.MGI:55923[1>0]
NM_001416728	Ensembl.RefSeq_mRNA:98365[1];Ensembl.RefSeq_mRNA:98365[1>0]	ENSMUSG00000022528	CURATED:89[0];MGI:162020[13];MGI:160801[13|6>12|0];Ensembl.MGI:36794[1>0]
NM_001416729	Ensembl.RefSeq_mRNA:98362[1];Ensembl.RefSeq_mRNA:98362[1>0]	ENSMUSG00000022528	CURATED:89[0];MGI:162020[13];MGI:160801[13|6>12|0];Ensembl.MGI:36794[1>0]
NM_001416730	Ensembl.RefSeq_mRNA:98364[1];Ensembl.RefSeq_mRNA:98364[1>0]	ENSMUSG00000022528	CURATED:89[0];MGI:162020[13];MGI:160801[13|6>12|0];Ensembl.MGI:36794[1>0]
NM_001417046	Ensembl.RefSeq_mRNA:158185[1];Ensembl.RefSeq_mRNA:158185[1>0]	ENSMUSG00000015619	CURATED:77[0];MGI:101201[13];MGI:101201[13|6>12|0];Ensembl.MGI:55660[1>0]
NM_001417048	Ensembl.RefSeq_mRNA:158184[1];Ensembl.RefSeq_mRNA:158184[1>0]	ENSMUSG00000015619	CURATED:77[0];MGI:101201[13];MGI:101201[13|6>12|0];Ensembl.MGI:55660[1>0]
NM_001417049	Ensembl.RefSeq_mRNA:158179[1];Ensembl.RefSeq_mRNA:158179[1>0]	ENSMUSG00000015619	CURATED:77[0];MGI:101201[13];MGI:101201[13|6>12|0];Ensembl.MGI:55660[1>0]
NM_001417050	Ensembl.RefSeq_mRNA:158177[1];Ensembl.RefSeq_mRNA:158177[1>0]	ENSMUSG00000015619	CURATED:77[0];MGI:101201[13];MGI:101201[13|6>12|0];Ensembl.MGI:55660[1>0]
NM_001417051	Ensembl.RefSeq_mRNA:158174[1];Ensembl.RefSeq_mRNA:158174[1>0]	ENSMUSG00000015619	CURATED:77[0];MGI:101201[13];MGI:101201[13|6>12|0];Ensembl.MGI:55660[1>0]
NM_001417052	Ensembl.RefSeq_mRNA:158175[1];Ensembl.RefSeq_mRNA:158175[1>0]	ENSMUSG00000015619	CURATED:77[0];MGI:101201[13];MGI:101201[13|6>12|0];Ensembl.MGI:55660[1>0]
NM_001417053	Ensembl.RefSeq_mRNA:158176[1];Ensembl.RefSeq_mRNA:158176[1>0]	ENSMUSG00000015619	CURATED:77[0];MGI:101201[13];MGI:101201[13|6>12|0];Ensembl.MGI:55660[1>0]
NM_001417054	Ensembl.RefSeq_mRNA:158178[1];Ensembl.RefSeq_mRNA:158178[1>0]	ENSMUSG00000015619	CURATED:77[0];MGI:101201[13];MGI:101201[13|6>12|0];Ensembl.MGI:55660[1>0]
NM_001417132	Ensembl.RefSeq_mRNA:101995[1];Ensembl.RefSeq_mRNA:101995[1>0]	ENSMUSG00000008496	CURATED:201[0];MGI:176985[13];MGI:176985[13|6>12|0];Ensembl.MGI:37552[1>0]
NM_001417133	Ensembl.RefSeq_mRNA:101998[1];Ensembl.RefSeq_mRNA:101998[1>0]	ENSMUSG00000008496	CURATED:201[0];MGI:176985[13];MGI:176985[13|6>12|0];Ensembl.MGI:37552[1>0]
NM_001417134	Ensembl.RefSeq_mRNA:101994[1];Ensembl.RefSeq_mRNA:101994[1>0]	ENSMUSG00000008496	CURATED:201[0];MGI:176985[13];MGI:176985[13|6>12|0];Ensembl.MGI:37552[1>0]
NM_001417135	Ensembl.RefSeq_mRNA:101993[1];Ensembl.RefSeq_mRNA:101993[1>0]	ENSMUSG00000008496	CURATED:201[0];MGI:176985[13];MGI:176985[13|6>12|0];Ensembl.MGI:37552[1>0]
NM_001417136	Ensembl.RefSeq_mRNA:101996[1];Ensembl.RefSeq_mRNA:101996[1>0]	ENSMUSG00000008496	CURATED:201[0];MGI:176985[13];MGI:176985[13|6>12|0];Ensembl.MGI:37552[1>0]
NM_001417137	Ensembl.RefSeq_mRNA:101997[1];Ensembl.RefSeq_mRNA:101997[1>0]	ENSMUSG00000008496	CURATED:201[0];MGI:176985[13];MGI:176985[13|6>12|0];Ensembl.MGI:37552[1>0]
NM_001417138	Ensembl.RefSeq_mRNA:102001[1];Ensembl.RefSeq_mRNA:102001[1>0]	ENSMUSG00000008496	CURATED:201[0];MGI:176985[13];MGI:176985[13|6>12|0];Ensembl.MGI:37552[1>0]
NM_001417139	Ensembl.RefSeq_mRNA:102000[1];Ensembl.RefSeq_mRNA:102000[1>0]	ENSMUSG00000008496	CURATED:201[0];MGI:176985[13];MGI:176985[13|6>12|0];Ensembl.MGI:37552[1>0]
NM_001417140	Ensembl.RefSeq_mRNA:102017[1];Ensembl.RefSeq_mRNA:102017[1>0]	ENSMUSG00000008496	CURATED:201[0];MGI:176985[13];MGI:176985[13|6>12|0];Ensembl.MGI:37552[1>0]
NM_001417295	Ensembl.RefSeq_mRNA:83169[1];Ensembl.RefSeq_mRNA:83169[1>0]	ENSMUSG00000051910	CURATED:230[0];MGI:26623[13];MGI:26623[13|6>12|0];Ensembl.MGI:31760[1>0]
NM_001417296	Ensembl.RefSeq_mRNA:83170[1];Ensembl.RefSeq_mRNA:83170[1>0]	ENSMUSG00000051910	CURATED:230[0];MGI:26623[13];MGI:26623[13|6>12|0];Ensembl.MGI:31760[1>0]
NM_001417297	Ensembl.RefSeq_mRNA:83171[1];Ensembl.RefSeq_mRNA:83171[1>0]	ENSMUSG00000051910	CURATED:230[0];MGI:26623[13];MGI:26623[13|6>12|0];Ensembl.MGI:31760[1>0]
NM_001417298	Ensembl.RefSeq_mRNA:83178[1];Ensembl.RefSeq_mRNA:83178[1>0]	ENSMUSG00000051910	CURATED:230[0];MGI:26623[13];MGI:26623[13|6>12|0];Ensembl.MGI:31760[1>0]
NM_001417299	Ensembl.RefSeq_mRNA:83179[1];Ensembl.RefSeq_mRNA:83179[1>0]	ENSMUSG00000051910	CURATED:230[0];MGI:26623[13];MGI:26623[13|6>12|0];Ensembl.MGI:31760[1>0]
NM_001417300	Ensembl.RefSeq_mRNA:83181[1];Ensembl.RefSeq_mRNA:83181[1>0]	ENSMUSG00000051910	CURATED:230[0];MGI:26623[13];MGI:26623[13|6>12|0];Ensembl.MGI:31760[1>0]
NM_001417483	Ensembl.RefSeq_mRNA:100610[1];Ensembl.RefSeq_mRNA:100610[1>0]	ENSMUSG00000026686	CURATED:154[0];MGI:86606[13];MGI:86606[13|6>12|0];Ensembl.MGI:37518[1>0]
NM_001419267	Ensembl.RefSeq_mRNA:116459[1];Ensembl.RefSeq_mRNA:116459[1>0]	ENSMUSG00000038236	CURATED:107[0];MGI:30452[13];MGI:30452[13|6>12|0];Ensembl.MGI:42779[1>0]
NM_001419268	Ensembl.RefSeq_mRNA:116456[1];Ensembl.RefSeq_mRNA:116456[1>0]	ENSMUSG00000038236	CURATED:107[0];MGI:30452[13];MGI:30452[13|6>12|0];Ensembl.MGI:42779[1>0]
NM_001419269	Ensembl.RefSeq_mRNA:116461[1];Ensembl.RefSeq_mRNA:116461[1>0]	ENSMUSG00000038236	CURATED:107[0];MGI:30452[13];MGI:30452[13|6>12|0];Ensembl.MGI:42779[1>0]
NM_001419270	Ensembl.RefSeq_mRNA:116490[1];Ensembl.RefSeq_mRNA:116490[1>0]	ENSMUSG00000038236	CURATED:107[0];MGI:30452[13];MGI:30452[13|6>12|0];Ensembl.MGI:42779[1>0]
NM_001419271	Ensembl.RefSeq_mRNA:116463[1];Ensembl.RefSeq_mRNA:116463[1>0]	ENSMUSG00000038236	CURATED:107[0];MGI:30452[13];MGI:30452[13|6>12|0];Ensembl.MGI:42779[1>0]
NM_001419272	Ensembl.RefSeq_mRNA:116497[1];Ensembl.RefSeq_mRNA:116497[1>0]	ENSMUSG00000038236	CURATED:107[0];MGI:30452[13];MGI:30452[13|6>12|0];Ensembl.MGI:42779[1>0]
NM_001419273	Ensembl.RefSeq_mRNA:116457[1];Ensembl.RefSeq_mRNA:116457[1>0]	ENSMUSG00000038236	CURATED:107[0];MGI:30452[13];MGI:30452[13|6>12|0];Ensembl.MGI:42779[1>0]
NM_001419274	Ensembl.RefSeq_mRNA:116458[1];Ensembl.RefSeq_mRNA:116458[1>0]	ENSMUSG00000038236	CURATED:107[0];MGI:30452[13];MGI:30452[13|6>12|0];Ensembl.MGI:42779[1>0]
NM_001419276	Ensembl.RefSeq_mRNA:116455[1];Ensembl.RefSeq_mRNA:116455[1>0]	ENSMUSG00000038236	CURATED:107[0];MGI:30452[13];MGI:30452[13|6>12|0];Ensembl.MGI:42779[1>0]
NM_001419277	Ensembl.RefSeq_mRNA:116453[1];Ensembl.RefSeq_mRNA:116453[1>0]	ENSMUSG00000038236	CURATED:107[0];MGI:30452[13];MGI:30452[13|6>12|0];Ensembl.MGI:42779[1>0]
NM_001419278	Ensembl.RefSeq_mRNA:116454[1];Ensembl.RefSeq_mRNA:116454[1>0]	ENSMUSG00000038236	CURATED:107[0];MGI:30452[13];MGI:30452[13|6>12|0];Ensembl.MGI:42779[1>0]
NM_001419279	Ensembl.RefSeq_mRNA:116460[1];Ensembl.RefSeq_mRNA:116460[1>0]	ENSMUSG00000038236	CURATED:107[0];MGI:30452[13];MGI:30452[13|6>12|0];Ensembl.MGI:42779[1>0]
NM_001419377	Ensembl.RefSeq_mRNA:116518[1];Ensembl.RefSeq_mRNA:116518[1>0]	ENSMUSG00000038227	CURATED:108[0];MGI:161747[13];MGI:161747[13|6>12|0];Ensembl.MGI:42788[1>0]
NM_001419378	Ensembl.RefSeq_mRNA:116521[1];Ensembl.RefSeq_mRNA:116521[1>0]	ENSMUSG00000038227	CURATED:108[0];MGI:161747[13];MGI:161747[13|6>12|0];Ensembl.MGI:42788[1>0]
NM_001419379	Ensembl.RefSeq_mRNA:116517[1];Ensembl.RefSeq_mRNA:116517[1>0]	ENSMUSG00000038227	CURATED:108[0];MGI:161747[13];MGI:161747[13|6>12|0];Ensembl.MGI:42788[1>0]
NM_001419380	Ensembl.RefSeq_mRNA:116519[1];Ensembl.RefSeq_mRNA:116519[1>0]	ENSMUSG00000038227	CURATED:108[0];MGI:161747[13];MGI:161747[13|6>12|0];Ensembl.MGI:42788[1>0]
NM_001419404	Ensembl.RefSeq_mRNA:116560[1];Ensembl.RefSeq_mRNA:116560[1>0]	ENSMUSG00000000938	CURATED:102[0];MGI:161748[13];MGI:161748[13|6>12|0];Ensembl.MGI:42810[1>0]
NM_001419405	Ensembl.RefSeq_mRNA:116558[1];Ensembl.RefSeq_mRNA:116558[1>0]	ENSMUSG00000000938	CURATED:102[0];MGI:161748[13];MGI:161748[13|6>12|0];Ensembl.MGI:42810[1>0]
NM_001421474	Ensembl.RefSeq_mRNA:49002[1];Ensembl.RefSeq_mRNA:49002[1>0]	ENSMUSG00000036602	CURATED:2[0];MGI:23565[13];MGI:23565[13|6>12|0];Ensembl.MGI:19924[1>0]
NM_001421475	Ensembl.RefSeq_mRNA:49007[1];Ensembl.RefSeq_mRNA:49007[1>0]	ENSMUSG00000036602	CURATED:2[0];MGI:23565[13];MGI:23565[13|6>12|0];Ensembl.MGI:19924[1>0]
NM_001421476	Ensembl.RefSeq_mRNA:49008[1];Ensembl.RefSeq_mRNA:49008[1>0]	ENSMUSG00000036602	CURATED:2[0];MGI:23565[13];MGI:23565[13|6>12|0];Ensembl.MGI:19924[1>0]
NM_001422240	Ensembl.RefSeq_mRNA:56897[1];Ensembl.RefSeq_mRNA:56897[1>0]	ENSMUSG00000036461	CURATED:41[0];MGI:95329[13|6];MGI:95329[13|6>12|0];Ensembl.MGI:22758[1>0]
NM_001422241	Ensembl.RefSeq_mRNA:56896[1];Ensembl.RefSeq_mRNA:56896[1>0]	ENSMUSG00000036461	CURATED:41[0];MGI:95329[13|6];MGI:95329[13|6>12|0];Ensembl.MGI:22758[1>0]
NM_001422243	Ensembl.RefSeq_mRNA:56904[1];Ensembl.RefSeq_mRNA:56904[1>0]	ENSMUSG00000036461	CURATED:41[0];MGI:95329[13|6];MGI:95329[13|6>12|0];Ensembl.MGI:22758[1>0]
NM_007482	Ensembl.RefSeq_mRNA:108218[1];Ensembl.RefSeq_mRNA:108218[1>0]	ENSMUSG00000019987	CURATED:4[0];MGI:23370[13];MGI:23370[13|6>12|0];Ensembl.MGI:40009[1>0]
NM_007496	Ensembl.RefSeq_mRNA:20170[1];Ensembl.RefSeq_mRNA:20170[1>0]	ENSMUSG00000038872	CURATED:273[0];MGI:18658[13];MGI:18658[13|6>12|0];Ensembl.MGI:8975[1>0]
NM_007520	Ensembl.RefSeq_mRNA:38812[1];Ensembl.RefSeq_mRNA:38812[1>0]	ENSMUSG00000025612	CURATED:9[0];MGI:15849[13];MGI:15849[13|6>12|0];Ensembl.MGI:16078[1>0]
NM_007548	Ensembl.RefSeq_mRNA:30718[1];Ensembl.RefSeq_mRNA:30718[1>0]	ENSMUSG00000038151	CURATED:203[0];MGI:33074[13];MGI:33074[13|6>12|0];Ensembl.MGI:12909[1>0]
NM_007614	Ensembl.RefSeq_mRNA:115186[1];Ensembl.RefSeq_mRNA:115186[1>0]	ENSMUSG00000006932	CURATED:25[0];MGI:35392[13];MGI:35392[13|6>12|0];Ensembl.MGI:42271[1>0]
NM_007673	Ensembl.RefSeq_mRNA:43459[1];Ensembl.RefSeq_mRNA:43459[1>0]	ENSMUSG00000029646	CURATED:15[0];MGI:40022[13];MGI:40022[13|6>12|0];Ensembl.MGI:17896[1>0]
NM_007674	Ensembl.RefSeq_mRNA:106250[1];Ensembl.RefSeq_mRNA:106250[1>0]	ENSMUSG00000031326	CURATED:16[0];MGI:40024[13];MGI:40024[13|6>12|0];Ensembl.MGI:39413[1>0]
NM_007678	Ensembl.RefSeq_mRNA:156043[1];Ensembl.RefSeq_mRNA:156043[1>0]	ENSMUSG00000034957	CURATED:17[0];MGI:40069[13];MGI:40069[13|6>12|0];Ensembl.MGI:55127[1>0]
NM_007679	Ensembl.RefSeq_mRNA:5173[1];Ensembl.RefSeq_mRNA:5173[1>0]	ENSMUSG00000071637	CURATED:19[0];MGI:40073[13|6];MGI:40073[13|6>12|0];Ensembl.MGI:2968[1>0]
NM_007707	Ensembl.RefSeq_mRNA:161053[1];Ensembl.RefSeq_mRNA:161053[1>0]	ENSMUSG00000053113	CURATED:223[0];MGI:40860[13];MGI:40860[13|6>12|0];Ensembl.MGI:56508[1>0]
NM_007826	Ensembl.RefSeq_mRNA:3548[1];Ensembl.RefSeq_mRNA:3548[1>0]	ENSMUSG00000055639	CURATED:26[0];MGI:23131[13];MGI:23131[13|6>12|0];Ensembl.MGI:2293[1>0]
NM_007855	Ensembl.RefSeq_mRNA:93777[1];Ensembl.RefSeq_mRNA:93777[1>0]	ENSMUSG00000007805	CURATED:265[0];MGI:85832[13];MGI:85832[13|6>12|0];Ensembl.MGI:35324[1>0]
NM_007880	Ensembl.RefSeq_mRNA:108854[1];Ensembl.RefSeq_mRNA:108854[1>0]	ENSMUSG00000019564	CURATED:5[0];MGI:86647[13];MGI:28126[13|6>12|0];Ensembl.MGI:40192[1>0]
NM_007897	Ensembl.RefSeq_mRNA:57577[1];Ensembl.RefSeq_mRNA:57577[1>0]	ENSMUSG00000057098	CURATED:35[0];MGI:32452[13];MGI:32452[13|6>12|0];Ensembl.MGI:23013[1>0]
NM_007913	Ensembl.RefSeq_mRNA:69574[1];Ensembl.RefSeq_mRNA:69574[1>0]	ENSMUSG00000038418	CURATED:39[0];MGI:18959[13];MGI:18959[13|6>12|0];Ensembl.MGI:27449[1>0]
NM_007920	Ensembl.RefSeq_mRNA:56890[1];Ensembl.RefSeq_mRNA:56890[1>0]	ENSMUSG00000036461	CURATED:41[0];MGI:95329[13|6];MGI:95329[13|6>12|0];Ensembl.MGI:22758[1>0]
NM_007923	Ensembl.RefSeq_mRNA:130891[1];Ensembl.RefSeq_mRNA:130891[1>0]	ENSMUSG00000026436	CURATED:44[0];MGI:7670[13];MGI:7670[13|6>12|0];Ensembl.MGI:47313[1>0]
NM_007959	Ensembl.RefSeq_mRNA:142503[1];Ensembl.RefSeq_mRNA:142503[1>0]	ENSMUSG00000006311	CURATED:51[0];MGI:98902[13];MGI:98902[13|6>12|0];Ensembl.MGI:51073[1>0]
NM_007961	Ensembl.RefSeq_mRNA:62375[1];Ensembl.RefSeq_mRNA:62375[1>0]	ENSMUSG00000030199	CURATED:53[0];MGI:31188[13];MGI:31188[13|6>12|0];Ensembl.MGI:24719[1>0]
NM_007966	Ensembl.RefSeq_mRNA:117117[1];Ensembl.RefSeq_mRNA:117117[1>0]	ENSMUSG00000005503	CURATED:54[0];MGI:98962[13];MGI:98962[13|6>12|0];Ensembl.MGI:42962[1>0]
NM_008026	Ensembl.RefSeq_mRNA:13214[1];Ensembl.RefSeq_mRNA:13214[1>0]	ENSMUSG00000016087	CURATED:55[0];MGI:100266[13];MGI:100266[13|6>12|0];Ensembl.MGI:6240[1>0]
NM_008036	Ensembl.RefSeq_mRNA:47132[1];Ensembl.RefSeq_mRNA:47132[1>0]	ENSMUSG00000003545	CURATED:57[0];MGI:100518[13|6];MGI:100518[13|6>12|0];Ensembl.MGI:19215[1>0]
NM_008037	Ensembl.RefSeq_mRNA:125344[1];Ensembl.RefSeq_mRNA:125344[1>0]	ENSMUSG00000029135	CURATED:58[0];MGI:100520[13|6];MGI:100520[13|6>12|0];Ensembl.MGI:45550[1>0]
NM_008089	Ensembl.RefSeq_mRNA:88520[1];Ensembl.RefSeq_mRNA:88520[1>0]	ENSMUSG00000031162	CURATED:75[0];MGI:101197[13];MGI:101197[13|6>12|0];Ensembl.MGI:33636[1>0]
NM_008090	Ensembl.RefSeq_mRNA:10087[1];Ensembl.RefSeq_mRNA:10087[1>0]	ENSMUSG00000015053	CURATED:76[0];MGI:101199[13];MGI:101199[13|6>12|0];Ensembl.MGI:4965[1>0]
NM_008091	Ensembl.RefSeq_mRNA:158183[1];Ensembl.RefSeq_mRNA:158183[1>0]	ENSMUSG00000015619	CURATED:77[0];MGI:101201[13];MGI:101201[13|6>12|0];Ensembl.MGI:55660[1>0]
NM_008092	Ensembl.RefSeq_mRNA:9978[1];Ensembl.RefSeq_mRNA:9978[1>0]	ENSMUSG00000021944	CURATED:78[0];MGI:101205[13];MGI:101205[13|6>12|0];Ensembl.MGI:4951[1>0]
NM_008093	Ensembl.RefSeq_mRNA:156910[1];Ensembl.RefSeq_mRNA:156910[1>0]	ENSMUSG00000015627	CURATED:79[0];MGI:101207[13|6];MGI:101207[13|6>12|0];Ensembl.MGI:55378[1>0]
NM_008114	Ensembl.RefSeq_mRNA:31872[1];Ensembl.RefSeq_mRNA:31872[1>0]	ENSMUSG00000026815	CURATED:83[0];MGI:101525[13|6];MGI:101525[13|6>12|0];Ensembl.MGI:13289[1>0]
NM_008213	Ensembl.RefSeq_mRNA:116066[1];Ensembl.RefSeq_mRNA:116066[1>0]	ENSMUSG00000037335	CURATED:87[0];MGI:95115[13];MGI:95115[13|6>12|0];Ensembl.MGI:42668[1>0]
NM_008235	Ensembl.RefSeq_mRNA:98363[1];Ensembl.RefSeq_mRNA:98363[1>0]	ENSMUSG00000022528	CURATED:89[0];MGI:162020[13];MGI:160801[13|6>12|0];Ensembl.MGI:36794[1>0]
NM_008237	Ensembl.RefSeq_mRNA:42300[1];Ensembl.RefSeq_mRNA:42300[1>0]	ENSMUSG00000028946	CURATED:90[0];MGI:160803[13|6];MGI:160803[13|6>12|0];Ensembl.MGI:17418[1>0]
NM_008239	Ensembl.RefSeq_mRNA:84892[1];Ensembl.RefSeq_mRNA:84892[1>0]	ENSMUSG00000038415	CURATED:74[0];MGI:160829[13];MGI:100571[13|6>12|0];Ensembl.MGI:32509[1>0]
NM_008240	Ensembl.RefSeq_mRNA:42926[1];Ensembl.RefSeq_mRNA:42926[1>0]	ENSMUSG00000034227	CURATED:67[0];MGI:160835[13];MGI:100548[13|6>12|0];Ensembl.MGI:17680[1>0]
NM_008242	Ensembl.RefSeq_mRNA:78082[1];Ensembl.RefSeq_mRNA:78082[1>0]	ENSMUSG00000078302	CURATED:63[0];MGI:23975[13];MGI:23975[13|6>12|0];Ensembl.MGI:30303[1>0]
NM_008245	Ensembl.RefSeq_mRNA:81746[1];Ensembl.RefSeq_mRNA:81746[1>0]	ENSMUSG00000024986	CURATED:95[0];MGI:160896[13];MGI:160895[13|6>12|0];Ensembl.MGI:31512[1>0]
NM_008250	Ensembl.RefSeq_mRNA:53114[1];Ensembl.RefSeq_mRNA:53114[1>0]	ENSMUSG00000039377	CURATED:97[0];MGI:161411[13];MGI:161410[13|6>12|0];Ensembl.MGI:21455[1>0]
NM_008259	Ensembl.RefSeq_mRNA:7273[1];Ensembl.RefSeq_mRNA:7273[1>0]	ENSMUSG00000035451	CURATED:59[0];MGI:100523[13];MGI:100522[13|6>12|0];Ensembl.MGI:3792[1>0]
NM_008261	Ensembl.RefSeq_mRNA:105553[1];Ensembl.RefSeq_mRNA:105553[1>0]	ENSMUSG00000017950	CURATED:99[0];MGI:161644[13];MGI:161644[13|6>12|0];Ensembl.MGI:39104[1>0]
NM_008263	Ensembl.RefSeq_mRNA:116548[1];Ensembl.RefSeq_mRNA:116548[1>0]	ENSMUSG00000000938	CURATED:102[0];MGI:161748[13];MGI:161748[13|6>12|0];Ensembl.MGI:42810[1>0]
NM_008265	Ensembl.RefSeq_mRNA:116400[1];Ensembl.RefSeq_mRNA:116400[1>0]	ENSMUSG00000000942	CURATED:105[0];MGI:30521[13];MGI:30521[13|6>12|0];Ensembl.MGI:42773[1>0]
NM_008266	Ensembl.RefSeq_mRNA:160564[1];Ensembl.RefSeq_mRNA:160564[1>0]	ENSMUSG00000018973	CURATED:109[0];MGI:161759[13];MGI:161759[13|6>12|0];Ensembl.MGI:56380[1>0]
NM_008268	Ensembl.RefSeq_mRNA:160551[1];Ensembl.RefSeq_mRNA:160551[1>0]	ENSMUSG00000038700	CURATED:111[0];MGI:23989[13];MGI:23989[13|6>12|0];Ensembl.MGI:56373[1>0]
NM_008269	Ensembl.RefSeq_mRNA:160549[1];Ensembl.RefSeq_mRNA:160549[1>0]	ENSMUSG00000000690	CURATED:112[0];MGI:161752[13];MGI:161752[13|6>12|0];Ensembl.MGI:56372[1>0]
NM_008270	Ensembl.RefSeq_mRNA:160532[1];Ensembl.RefSeq_mRNA:160532[1>0]	ENSMUSG00000020875	CURATED:113[0];MGI:161755[13];MGI:161755[13|6>12|0];Ensembl.MGI:56367[1>0]
NM_008272	Ensembl.RefSeq_mRNA:86927[1];Ensembl.RefSeq_mRNA:86927[1>0]	ENSMUSG00000036139	CURATED:116[0];MGI:161762[13];MGI:161762[13|6>12|0];Ensembl.MGI:33143[1>0]
NM_008320	Ensembl.RefSeq_mRNA:107358[1];Ensembl.RefSeq_mRNA:107358[1>0]	ENSMUSG00000041515	CURATED:130[0];MGI:26535[13];MGI:26535[13|6>12|0];Ensembl.MGI:39697[1>0]
NM_008321	Ensembl.RefSeq_mRNA:66217[1];Ensembl.RefSeq_mRNA:66217[1>0]	ENSMUSG00000007872	CURATED:122[0];MGI:162778[13];MGI:162773[13|6>12|0];Ensembl.MGI:26204[1>0]
NM_008390	Ensembl.RefSeq_mRNA:156957[1];Ensembl.RefSeq_mRNA:156957[1>0]	ENSMUSG00000018899	CURATED:127[0];MGI:29446[13];MGI:29446[13|6>12|0];Ensembl.MGI:55376[1>0]
NM_008393	Ensembl.RefSeq_mRNA:58854[1];Ensembl.RefSeq_mRNA:58854[1>0]	ENSMUSG00000031734	CURATED:132[0];MGI:26556[13];MGI:26556[13|6>12|0];Ensembl.MGI:23549[1>0]
NM_008416	Ensembl.RefSeq_mRNA:39017[1];Ensembl.RefSeq_mRNA:39017[1>0]	ENSMUSG00000052837	CURATED:136[0];MGI:164898[13|6];MGI:164898[13|6>12|0];Ensembl.MGI:16169[1>0]
NM_008452	Ensembl.RefSeq_mRNA:116537[1];Ensembl.RefSeq_mRNA:116537[1>0]	ENSMUSG00000055148	CURATED:141[0];MGI:166893[13];MGI:165336[13|6>12|0];Ensembl.MGI:42797[1>0]
NM_008453	Ensembl.RefSeq_mRNA:155414[1];Ensembl.RefSeq_mRNA:155414[1>0]	ENSMUSG00000029178	CURATED:142[0];MGI:18333[13];MGI:18333[13|6>12|0];Ensembl.MGI:54989[1>0]
NM_008498	Ensembl.RefSeq_mRNA:111615[1];Ensembl.RefSeq_mRNA:111615[1>0]	ENSMUSG00000018698	CURATED:150[0];MGI:166741[13|6];MGI:166741[13|6>12|0];Ensembl.MGI:41228[1>0]
NM_008505	Ensembl.RefSeq_mRNA:159432[1];Ensembl.RefSeq_mRNA:159432[1>0]	ENSMUSG00000032698	CURATED:152[0];MGI:190607[13];MGI:166937[13|6>12|0];Ensembl.MGI:56031[1>0]
NM_008535	Ensembl.RefSeq_mRNA:120035[1];Ensembl.RefSeq_mRNA:120035[1>0]	ENSMUSG00000034041	CURATED:156[0];MGI:167938[13];MGI:167938[13|6>12|0];Ensembl.MGI:43975[1>0]
NM_008554	Ensembl.RefSeq_mRNA:152523[1];Ensembl.RefSeq_mRNA:152523[1>0]	ENSMUSG00000009248	CURATED:8[0];MGI:8517[13];MGI:8517[13|6>12|0];Ensembl.MGI:54127[1>0]
NM_008584	Ensembl.RefSeq_mRNA:34997[1];Ensembl.RefSeq_mRNA:34997[1>0]	ENSMUSG00000036144	CURATED:166[0];MGI:25147[13];MGI:25147[13|6>12|0];Ensembl.MGI:14621[1>0]
NM_008588	Ensembl.RefSeq_mRNA:61443[1];Ensembl.RefSeq_mRNA:61443[1>0]	ENSMUSG00000030544	CURATED:167[0];MGI:169333[13|6];MGI:169333[13|6>12|0];Ensembl.MGI:24435[1>0]
NM_008592	Ensembl.RefSeq_mRNA:84985[1];Ensembl.RefSeq_mRNA:84985[1>0]	ENSMUSG00000050295	CURATED:61[0];MGI:40420[13];MGI:40420[13|6>12|0];Ensembl.MGI:32540[1>0]
NM_008601	Ensembl.RefSeq_mRNA:44992[1];Ensembl.RefSeq_mRNA:44992[1>0]	ENSMUSG00000035158	CURATED:168[0];MGI:36378[13];MGI:36378[13|6>12|0];Ensembl.MGI:18273[1>0]
NM_008651	Ensembl.RefSeq_mRNA:10433[1];Ensembl.RefSeq_mRNA:10433[1>0]	ENSMUSG00000025912	CURATED:175[0];MGI:190864[13];MGI:173878[13|6>12|0];Ensembl.MGI:5037[1>0]
NM_008685	Ensembl.RefSeq_mRNA:4508[1];Ensembl.RefSeq_mRNA:4508[1>0]	ENSMUSG00000058794	CURATED:180[0];MGI:174594[13|6];MGI:174594[13|6>12|0];Ensembl.MGI:2737[1>0]
NM_008689	Ensembl.RefSeq_mRNA:55668[1];Ensembl.RefSeq_mRNA:55668[1>0]	ENSMUSG00000028163	CURATED:183[0];MGI:174607[13|6];MGI:174607[13|6>12|0];Ensembl.MGI:22193[1>0]
NM_008700	Ensembl.RefSeq_mRNA:50881[1];Ensembl.RefSeq_mRNA:50881[1>0]	ENSMUSG00000015579	CURATED:186[0];MGI:65137[13];MGI:65137[13|6>12|0];Ensembl.MGI:20628[1>0]
NM_008781	Ensembl.RefSeq_mRNA:13956[1];Ensembl.RefSeq_mRNA:13956[1>0]	ENSMUSG00000004872	CURATED:195[0];MGI:186225[13];MGI:186225[13|6>12|0];Ensembl.MGI:6514[1>0]
NM_008782	Ensembl.RefSeq_mRNA:119397[1];Ensembl.RefSeq_mRNA:119397[1>0]	ENSMUSG00000014030	CURATED:196[0];MGI:186229[13];MGI:186229[13|6>12|0];Ensembl.MGI:43728[1>0]
NM_008783	Ensembl.RefSeq_mRNA:101048[1];Ensembl.RefSeq_mRNA:101048[1>0]	ENSMUSG00000052534	CURATED:198[0];MGI:8021[13];MGI:8021[13|6>12|0];Ensembl.MGI:37624[1>0]
NM_009024	Ensembl.RefSeq_mRNA:31912[1];Ensembl.RefSeq_mRNA:31912[1>0]	ENSMUSG00000037992	CURATED:205[0];MGI:190162[13|6];MGI:190162[13|6>12|0];Ensembl.MGI:13285[1>0]
NM_009107	Ensembl.RefSeq_mRNA:100526[1];Ensembl.RefSeq_mRNA:100526[1>0]	ENSMUSG00000015843	CURATED:218[0];MGI:563075[13|6];MGI:563075[13|6>12|0];Ensembl.MGI:37484[1>0]
NM_009116	Ensembl.RefSeq_mRNA:91496[1];Ensembl.RefSeq_mRNA:91496[1>0]	ENSMUSG00000039476	CURATED:204[0];MGI:563131[13];MGI:189054[13|6>12|0];Ensembl.MGI:34639[1>0]
NM_009122	Ensembl.RefSeq_mRNA:13101[1];Ensembl.RefSeq_mRNA:13101[1>0]	ENSMUSG00000023927	CURATED:219[0];MGI:9252[13];MGI:9252[13|6>12|0];Ensembl.MGI:6124[1>0]
NM_009123	Ensembl.RefSeq_mRNA:103718[1];Ensembl.RefSeq_mRNA:103718[1>0]	ENSMUSG00000048528	CURATED:185[0];MGI:563260[13];MGI:174835[13|6>12|0];Ensembl.MGI:38582[1>0]
NM_009233	Ensembl.RefSeq_mRNA:121469[1];Ensembl.RefSeq_mRNA:121469[1>0]	ENSMUSG00000096014	CURATED:224[0];MGI:33958[13];MGI:33958[13|6>12|0];Ensembl.MGI:44437[1>0]
NM_009236	Ensembl.RefSeq_mRNA:69316[1];Ensembl.RefSeq_mRNA:69316[1>0]	ENSMUSG00000046470	CURATED:226[0];MGI:23994[13];MGI:23994[13|6>12|0];Ensembl.MGI:27369[1>0]
NM_009237	Ensembl.RefSeq_mRNA:67671[1];Ensembl.RefSeq_mRNA:67671[1>0]	ENSMUSG00000045179	CURATED:228[0];MGI:566118[13];MGI:566118[13|6>12|0];Ensembl.MGI:26814[1>0]
NM_009238	Ensembl.RefSeq_mRNA:18512[1];Ensembl.RefSeq_mRNA:18512[1>0]	ENSMUSG00000076431	CURATED:229[0];MGI:21264[13];MGI:21264[13|6>12|0];Ensembl.MGI:8316[1>0]
NM_009239	Ensembl.RefSeq_mRNA:29716[1];Ensembl.RefSeq_mRNA:29716[1>0]	ENSMUSG00000025323	CURATED:234[0];MGI:15238[13];MGI:15238[13|6>12|0];Ensembl.MGI:12581[1>0]
NM_009283	Ensembl.RefSeq_mRNA:36922[1];Ensembl.RefSeq_mRNA:36922[1>0]	ENSMUSG00000026104	CURATED:240[0];MGI:6918[13];MGI:6918[13|6>12|0];Ensembl.MGI:14824[1>0]
NM_009309	Ensembl.RefSeq_mRNA:93207[1];Ensembl.RefSeq_mRNA:93207[1>0]	ENSMUSG00000062327	CURATED:244[0];MGI:41582[13];MGI:41582[13|6>12|0];Ensembl.MGI:35115[1>0]
NM_009328	Ensembl.RefSeq_mRNA:162842[1];Ensembl.RefSeq_mRNA:162842[1>0]	ENSMUSG00000068079	CURATED:252[0];MGI:568427[13|6];MGI:568427[13|6>12|0];Ensembl.MGI:57002[1>0]
NM_009331	Ensembl.RefSeq_mRNA:90395[1];Ensembl.RefSeq_mRNA:90395[1>0]	ENSMUSG00000000782	CURATED:255[0];MGI:24833[13];MGI:24833[13|6>12|0];Ensembl.MGI:34217[1>0]
NM_009335	Ensembl.RefSeq_mRNA:137709[1];Ensembl.RefSeq_mRNA:137709[1>0]	ENSMUSG00000028640	CURATED:257[0];MGI:20203[13];MGI:20203[13|6>12|0];Ensembl.MGI:49379[1>0]
NM_009361	Ensembl.RefSeq_mRNA:23137[1];Ensembl.RefSeq_mRNA:23137[1>0]	ENSMUSG00000038482	CURATED:258[0];MGI:569176[13|6];MGI:569176[13|6>12|0];Ensembl.MGI:10049[1>0]
NM_009389	Ensembl.RefSeq_mRNA:144401[1];Ensembl.RefSeq_mRNA:144401[1>0]	ENSMUSG00000032280	CURATED:261[0];MGI:9149[13];MGI:9149[13|6>12|0];Ensembl.MGI:51520[1>0]
NM_009482	Ensembl.RefSeq_mRNA:134335[1];Ensembl.RefSeq_mRNA:134335[1>0]	ENSMUSG00000047751	CURATED:267[0];MGI:25074[13];MGI:25074[13|6>12|0];Ensembl.MGI:48317[1>0]
NM_009569	Ensembl.RefSeq_mRNA:108891[1];Ensembl.RefSeq_mRNA:108891[1>0]	ENSMUSG00000049577	CURATED:275[0];MGI:752932[13|6];MGI:752932[13|6>12|0];Ensembl.MGI:40224[1>0]
NM_009578	Ensembl.RefSeq_mRNA:146170[1];Ensembl.RefSeq_mRNA:146170[1>0]	ENSMUSG00000018654	CURATED:124[0];MGI:15595[13];MGI:15595[13|6>12|0];Ensembl.MGI:52129[1>0]
NM_009697	Ensembl.RefSeq_mRNA:35169[1];Ensembl.RefSeq_mRNA:35169[1>0]	ENSMUSG00000030551	CURATED:189[0];MGI:17767[13];MGI:17767[13|6>12|0];Ensembl.MGI:14680[1>0]
NM_009769	Ensembl.RefSeq_mRNA:4262[1];Ensembl.RefSeq_mRNA:4262[1>0]	ENSMUSG00000005148	CURATED:144[0];MGI:13049[13];MGI:13049[13|6>12|0];Ensembl.MGI:2607[1>0]
NM_009820	Ensembl.RefSeq_mRNA:58975[1];Ensembl.RefSeq_mRNA:58975[1>0]	ENSMUSG00000039153	CURATED:214[0];MGI:39119[13];MGI:39119[13|6>12|0];Ensembl.MGI:23408[1>0]
NM_009821	Ensembl.RefSeq_mRNA:15397[1];Ensembl.RefSeq_mRNA:15397[1>0]	ENSMUSG00000022952	CURATED:213[0];MGI:24709[13];MGI:24709[13|6>12|0];Ensembl.MGI:7196[1>0]
NM_009880	Ensembl.RefSeq_mRNA:4106[1];Ensembl.RefSeq_mRNA:4106[1>0]	ENSMUSG00000024619	CURATED:14[0];MGI:40019[13];MGI:40019[13|6>12|0];Ensembl.MGI:2555[1>0]
NM_009883	Ensembl.RefSeq_mRNA:157245[1];Ensembl.RefSeq_mRNA:157245[1>0]	ENSMUSG00000056501	CURATED:18[0];MGI:174604[13];MGI:40072[13|6>12|0];Ensembl.MGI:55448[1>0]
NM_009952	Ensembl.RefSeq_mRNA:97867[1];Ensembl.RefSeq_mRNA:97867[1>0]	ENSMUSG00000025958	CURATED:23[0];MGI:7501[13];MGI:7501[13|6>12|0];Ensembl.MGI:36591[1>0]
NM_010055	Ensembl.RefSeq_mRNA:147075[1];Ensembl.RefSeq_mRNA:147075[1>0]	ENSMUSG00000001510	CURATED:27[0];MGI:30561[13];MGI:30561[13|6>12|0];Ensembl.MGI:52465[1>0]
NM_010056	Ensembl.RefSeq_mRNA:26225[1];Ensembl.RefSeq_mRNA:26225[1>0]	ENSMUSG00000029755	CURATED:28[0];MGI:23996[13];MGI:23996[13|6>12|0];Ensembl.MGI:11218[1>0]
NM_010057	Ensembl.RefSeq_mRNA:25480[1];Ensembl.RefSeq_mRNA:25480[1>0]	ENSMUSG00000029754	CURATED:29[0];MGI:86121[13|6];MGI:86121[13|6>12|0];Ensembl.MGI:10931[1>0]
NM_010093	Ensembl.RefSeq_mRNA:19303[1];Ensembl.RefSeq_mRNA:19303[1>0]	ENSMUSG00000016477	CURATED:33[0];MGI:88225[13|6];MGI:88225[13|6>12|0];Ensembl.MGI:8567[1>0]
NM_010095	Ensembl.RefSeq_mRNA:22079[1];Ensembl.RefSeq_mRNA:22079[1>0]	ENSMUSG00000022053	CURATED:36[0];MGI:70178[13];MGI:70178[13|6>12|0];Ensembl.MGI:9696[1>0]
NM_010096	Ensembl.RefSeq_mRNA:158594[1];Ensembl.RefSeq_mRNA:158594[1>0]	ENSMUSG00000010476	CURATED:37[0];MGI:10727[13];MGI:10727[13|6>12|0];Ensembl.MGI:55806[1>0]
NM_010118	Ensembl.RefSeq_mRNA:119708[1];Ensembl.RefSeq_mRNA:119708[1>0]	ENSMUSG00000037868	CURATED:40[0];MGI:95100[13];MGI:95100[13|6>12|0];Ensembl.MGI:43871[1>0]
NM_010133	Ensembl.RefSeq_mRNA:40955[1];Ensembl.RefSeq_mRNA:40955[1>0]	ENSMUSG00000058665	CURATED:45[0];MGI:95593[13];MGI:95593[13|6>12|0];Ensembl.MGI:16909[1>0]
NM_010136	Ensembl.RefSeq_mRNA:111202[1];Ensembl.RefSeq_mRNA:111202[1>0]	ENSMUSG00000032446	CURATED:46[0];MGI:37628[13];MGI:37628[13|6>12|0];Ensembl.MGI:41076[1>0]
NM_010137	Ensembl.RefSeq_mRNA:112978[1];Ensembl.RefSeq_mRNA:112978[1>0]	ENSMUSG00000024140	CURATED:47[0];MGI:98321[13|6];MGI:98321[13|6>12|0];Ensembl.MGI:41688[1>0]
NM_010151	Ensembl.RefSeq_mRNA:31283[1];Ensembl.RefSeq_mRNA:31283[1>0]	ENSMUSG00000069171	CURATED:188[0];MGI:98467[13];MGI:98467[13|6>12|0];Ensembl.MGI:13107[1>0]
NM_010225	Ensembl.RefSeq_mRNA:84956[1];Ensembl.RefSeq_mRNA:84956[1>0]	ENSMUSG00000038402	CURATED:66[0];MGI:100236[13];MGI:100236[13|6>12|0];Ensembl.MGI:32530[1>0]
NM_010234	Ensembl.RefSeq_mRNA:5191[1];Ensembl.RefSeq_mRNA:5191[1>0]	ENSMUSG00000021250	CURATED:56[0];MGI:69032[13];MGI:69032[13|6>12|0];Ensembl.MGI:2975[1>0]
NM_010258	Ensembl.RefSeq_mRNA:69209[1];Ensembl.RefSeq_mRNA:69209[1>0]	ENSMUSG00000005836	CURATED:80[0];MGI:20306[13];MGI:20306[13|6>12|0];Ensembl.MGI:27318[1>0]
NM_010262	Ensembl.RefSeq_mRNA:82471[1];Ensembl.RefSeq_mRNA:82471[1>0]	ENSMUSG00000034486	CURATED:81[0];MGI:101257[13];MGI:101257[13|6>12|0];Ensembl.MGI:31749[1>0]
NM_010278	Ensembl.RefSeq_mRNA:31495[1];Ensembl.RefSeq_mRNA:31495[1>0]	ENSMUSG00000029275	CURATED:82[0];MGI:31726[13];MGI:31726[13|6>12|0];Ensembl.MGI:13172[1>0]
NM_010351	Ensembl.RefSeq_mRNA:46200[1];Ensembl.RefSeq_mRNA:46200[1>0]	ENSMUSG00000021095	CURATED:85[0];MGI:159342[13|6];MGI:159342[13|6>12|0];Ensembl.MGI:18867[1>0]
NM_010402	Ensembl.RefSeq_mRNA:34015[1];Ensembl.RefSeq_mRNA:34015[1>0]	ENSMUSG00000038193	CURATED:88[0];MGI:23277[13];MGI:23277[13|6>12|0];Ensembl.MGI:14192[1>0]
NM_010419	Ensembl.RefSeq_mRNA:145885[1];Ensembl.RefSeq_mRNA:145885[1>0]	ENSMUSG00000048001	CURATED:91[0];MGI:160804[13|6];MGI:160804[13|6>12|0];Ensembl.MGI:52088[1>0]
NM_010420	Ensembl.RefSeq_mRNA:99226[1];Ensembl.RefSeq_mRNA:99226[1>0]	ENSMUSG00000040726	CURATED:94[0];MGI:192700[13];MGI:160807[13|6>12|0];Ensembl.MGI:37095[1>0]
NM_010425	Ensembl.RefSeq_mRNA:125241[1];Ensembl.RefSeq_mRNA:125241[1>0]	ENSMUSG00000067261	CURATED:64[0];MGI:160833[13];MGI:100535[13|6>12|0];Ensembl.MGI:45528[1>0]
NM_010426	Ensembl.RefSeq_mRNA:107441[1];Ensembl.RefSeq_mRNA:107441[1>0]	ENSMUSG00000042812	CURATED:65[0];MGI:24577[13];MGI:24577[13|6>12|0];Ensembl.MGI:39775[1>0]
NM_010446	Ensembl.RefSeq_mRNA:146414[1];Ensembl.RefSeq_mRNA:146414[1>0]	ENSMUSG00000037025	CURATED:60[0];MGI:161639[13];MGI:100524[13|6>12|0];Ensembl.MGI:52284[1>0]
NM_010449	Ensembl.RefSeq_mRNA:117014[1];Ensembl.RefSeq_mRNA:117014[1>0]	ENSMUSG00000029844	CURATED:101[0];MGI:161746[13];MGI:161746[13|6>12|0];Ensembl.MGI:42933[1>0]
NM_010450	Ensembl.RefSeq_mRNA:116569[1];Ensembl.RefSeq_mRNA:116569[1>0]	ENSMUSG00000038210	CURATED:103[0];MGI:161749[13];MGI:161749[13|6>12|0];Ensembl.MGI:42815[1>0]
NM_010452	Ensembl.RefSeq_mRNA:117094[1];Ensembl.RefSeq_mRNA:117094[1>0]	ENSMUSG00000079560	CURATED:104[0];MGI:161745[13];MGI:161745[13|6>12|0];Ensembl.MGI:42952[1>0]
NM_010453	Ensembl.RefSeq_mRNA:116410[1];Ensembl.RefSeq_mRNA:116410[1>0]	ENSMUSG00000038253	CURATED:106[0];MGI:161743[13];MGI:161743[13|6>12|0];Ensembl.MGI:42774[1>0]
NM_010455	Ensembl.RefSeq_mRNA:116462[1];Ensembl.RefSeq_mRNA:116462[1>0]	ENSMUSG00000038236	CURATED:107[0];MGI:30452[13];MGI:30452[13|6>12|0];Ensembl.MGI:42779[1>0]
NM_010456	Ensembl.RefSeq_mRNA:116522[1];Ensembl.RefSeq_mRNA:116522[1>0]	ENSMUSG00000038227	CURATED:108[0];MGI:161747[13];MGI:161747[13|6>12|0];Ensembl.MGI:42788[1>0]
NM_010459	Ensembl.RefSeq_mRNA:160553[1];Ensembl.RefSeq_mRNA:160553[1>0]	ENSMUSG00000038692	CURATED:110[0];MGI:161756[13];MGI:161756[13|6>12|0];Ensembl.MGI:56375[1>0]
NM_010466	Ensembl.RefSeq_mRNA:86945[1];Ensembl.RefSeq_mRNA:86945[1>0]	ENSMUSG00000001657	CURATED:115[0];MGI:69132[13];MGI:69132[13|6>12|0];Ensembl.MGI:33152[1>0]
NM_010468	Ensembl.RefSeq_mRNA:87381[1];Ensembl.RefSeq_mRNA:87381[1>0]	ENSMUSG00000079277	CURATED:117[0];MGI:161770[13];MGI:161770[13|6>12|0];Ensembl.MGI:33292[1>0]
NM_010469	Ensembl.RefSeq_mRNA:87927[1];Ensembl.RefSeq_mRNA:87927[1>0]	ENSMUSG00000101174	CURATED:118[0];MGI:161771[13];MGI:161771[13|6>12|0];Ensembl.MGI:33466[1>0]
NM_010495	Ensembl.RefSeq_mRNA:21242[1];Ensembl.RefSeq_mRNA:21242[1>0]	ENSMUSG00000042745	CURATED:120[0];MGI:23712[13];MGI:23712[13|6>12|0];Ensembl.MGI:9429[1>0]
NM_010496	Ensembl.RefSeq_mRNA:14298[1];Ensembl.RefSeq_mRNA:14298[1>0]	ENSMUSG00000020644	CURATED:121[0];MGI:23321[13];MGI:23321[13|6>12|0];Ensembl.MGI:6782[1>0]
NM_010574	Ensembl.RefSeq_mRNA:8248[1];Ensembl.RefSeq_mRNA:8248[1>0]	ENSMUSG00000001504	CURATED:131[0];MGI:164572[13|6];MGI:164572[13|6>12|0];Ensembl.MGI:4229[1>0]
NM_010591	Ensembl.RefSeq_mRNA:140454[1];Ensembl.RefSeq_mRNA:140454[1>0]	ENSMUSG00000052684	CURATED:135[0];MGI:164899[13];MGI:164897[13|6>12|0];Ensembl.MGI:50336[1>0]
NM_010592	Ensembl.RefSeq_mRNA:101936[1];Ensembl.RefSeq_mRNA:101936[1>0]	ENSMUSG00000071076	CURATED:137[0];MGI:164901[13];MGI:164900[13|6>12|0];Ensembl.MGI:37955[1>0]
NM_010635	Ensembl.RefSeq_mRNA:120428[1];Ensembl.RefSeq_mRNA:120428[1>0]	ENSMUSG00000054191	CURATED:138[0];MGI:95285[13];MGI:95285[13|6>12|0];Ensembl.MGI:44084[1>0]
NM_010637	Ensembl.RefSeq_mRNA:99366[1];Ensembl.RefSeq_mRNA:99366[1>0]	ENSMUSG00000003032	CURATED:143[0];MGI:101670[13];MGI:101670[13|6>12|0];Ensembl.MGI:37141[1>0]
NM_010638	Ensembl.RefSeq_mRNA:2454[1];Ensembl.RefSeq_mRNA:2454[1>0]	ENSMUSG00000033863	CURATED:148[0];MGI:8015[13];MGI:8015[13|6>12|0];Ensembl.MGI:1758[1>0]
NM_010658	Ensembl.RefSeq_mRNA:98872[1];Ensembl.RefSeq_mRNA:98872[1>0]	ENSMUSG00000074622	CURATED:158[0];MGI:165577[13];MGI:165577[13|6>12|0];Ensembl.MGI:36988[1>0]
NM_010703	Ensembl.RefSeq_mRNA:44298[1];Ensembl.RefSeq_mRNA:44298[1>0]	ENSMUSG00000027985	CURATED:149[0];MGI:24611[13];MGI:24611[13|6>12|0];Ensembl.MGI:18081[1>0]
NM_010710	Ensembl.RefSeq_mRNA:146977[1];Ensembl.RefSeq_mRNA:146977[1>0]	ENSMUSG00000000247	CURATED:151[0];MGI:166743[13|6];MGI:166743[13|6>12|0];Ensembl.MGI:52419[1>0]
NM_010723	Ensembl.RefSeq_mRNA:80860[1];Ensembl.RefSeq_mRNA:80860[1>0]	ENSMUSG00000028266	CURATED:153[0];MGI:19245[13];MGI:19245[13|6>12|0];Ensembl.MGI:31205[1>0]
NM_010725	Ensembl.RefSeq_mRNA:133632[1];Ensembl.RefSeq_mRNA:133632[1>0]	ENSMUSG00000038765	CURATED:155[0];MGI:162767[13];MGI:162767[13|6>12|0];Ensembl.MGI:48073[1>0]
NM_010751	Ensembl.RefSeq_mRNA:120527[1];Ensembl.RefSeq_mRNA:120527[1>0]	ENSMUSG00000001156	CURATED:172[0];MGI:31178[13];MGI:31178[13|6>12|0];Ensembl.MGI:44100[1>0]
NM_010756	Ensembl.RefSeq_mRNA:88144[1];Ensembl.RefSeq_mRNA:88144[1>0]	ENSMUSG00000051510	CURATED:159[0];MGI:20788[13];MGI:20788[13|6>12|0];Ensembl.MGI:33514[1>0]
NM_010789	Ensembl.RefSeq_mRNA:142333[1];Ensembl.RefSeq_mRNA:142333[1>0]	ENSMUSG00000020160	CURATED:163[0];MGI:37330[13];MGI:37330[13|6>12|0];Ensembl.MGI:50979[1>0]
NM_010791	Ensembl.RefSeq_mRNA:81317[1];Ensembl.RefSeq_mRNA:81317[1>0]	ENSMUSG00000001493	CURATED:165[0];MGI:23961[13];MGI:23961[13|6>12|0];Ensembl.MGI:31361[1>0]
NM_010825	Ensembl.RefSeq_mRNA:143041[1];Ensembl.RefSeq_mRNA:143041[1>0]	ENSMUSG00000027210	CURATED:164[0];MGI:18915[13];MGI:18915[13|6>12|0];Ensembl.MGI:51222[1>0]
NM_010835	Ensembl.RefSeq_mRNA:67317[1];Ensembl.RefSeq_mRNA:67317[1>0]	ENSMUSG00000048450	CURATED:170[0];MGI:21242[13];MGI:21242[13|6>12|0];Ensembl.MGI:26650[1>0]
NM_010847	Ensembl.RefSeq_mRNA:83386[1];Ensembl.RefSeq_mRNA:83386[1>0]	ENSMUSG00000025025	CURATED:173[0];MGI:173847[13|6];MGI:173847[13|6>12|0];Ensembl.MGI:31921[1>0]
NM_010848	Ensembl.RefSeq_mRNA:79163[1];Ensembl.RefSeq_mRNA:79163[1>0]	ENSMUSG00000019982	CURATED:174[0];MGI:25180[13];MGI:25180[13|6>12|0];Ensembl.MGI:30669[1>0]
NM_010849	Ensembl.RefSeq_mRNA:9159[1];Ensembl.RefSeq_mRNA:9159[1>0]	ENSMUSG00000022346	CURATED:176[0];MGI:29060[13];MGI:29060[13|6>12|0];Ensembl.MGI:4600[1>0]
NM_010901	Ensembl.RefSeq_mRNA:10178[1];Ensembl.RefSeq_mRNA:10178[1>0]	ENSMUSG00000031902	CURATED:179[0];MGI:38172[13];MGI:38172[13|6>12|0];Ensembl.MGI:4962[1>0]
NM_010902	Ensembl.RefSeq_mRNA:90551[1];Ensembl.RefSeq_mRNA:90551[1>0]	ENSMUSG00000015839	CURATED:181[0];MGI:23153[13];MGI:23153[13|6>12|0];Ensembl.MGI:34317[1>0]
NM_010905	Ensembl.RefSeq_mRNA:74181[1];Ensembl.RefSeq_mRNA:74181[1>0]	ENSMUSG00000028565	CURATED:182[0];MGI:3869[13];MGI:3869[13|6>12|0];Ensembl.MGI:28838[1>0]
NM_010914	Ensembl.RefSeq_mRNA:140103[1];Ensembl.RefSeq_mRNA:140103[1>0]	ENSMUSG00000020248	CURATED:184[0];MGI:21499[13];MGI:21499[13|6>12|0];Ensembl.MGI:50189[1>0]
NM_011023	Ensembl.RefSeq_mRNA:144051[1];Ensembl.RefSeq_mRNA:144051[1>0]	ENSMUSG00000005917	CURATED:192[0];MGI:19210[13];MGI:19210[13|6>12|0];Ensembl.MGI:51543[1>0]
NM_011037	Ensembl.RefSeq_mRNA:95527[1];Ensembl.RefSeq_mRNA:95527[1>0]	ENSMUSG00000004231	CURATED:194[0];MGI:178758[13];MGI:178758[13|6>12|0];Ensembl.MGI:35867[1>0]
NM_011097	Ensembl.RefSeq_mRNA:51429[1];Ensembl.RefSeq_mRNA:51429[1>0]	ENSMUSG00000021506	CURATED:199[0];MGI:188323[13];MGI:187374[13|6>12|0];Ensembl.MGI:20861[1>0]
NM_011137	Ensembl.RefSeq_mRNA:150780[1];Ensembl.RefSeq_mRNA:150780[1>0]	ENSMUSG00000026565	CURATED:200[0];MGI:10164[13];MGI:10164[13|6>12|0];Ensembl.MGI:53587[1>0]
NM_011138	Ensembl.RefSeq_mRNA:101972[1];Ensembl.RefSeq_mRNA:101972[1>0]	ENSMUSG00000008496	CURATED:201[0];MGI:176985[13];MGI:176985[13|6>12|0];Ensembl.MGI:37552[1>0]
NM_011141	Ensembl.RefSeq_mRNA:95050[1];Ensembl.RefSeq_mRNA:95050[1>0]	ENSMUSG00000090125	CURATED:202[0];MGI:180402[13];MGI:180402[13|6>12|0];Ensembl.MGI:35757[1>0]
NM_011243	Ensembl.RefSeq_mRNA:76792[1];Ensembl.RefSeq_mRNA:76792[1>0]	ENSMUSG00000017491	CURATED:206[0];MGI:160284[13];MGI:160284[13|6>12|0];Ensembl.MGI:29871[1>0]
NM_011244	Ensembl.RefSeq_mRNA:60616[1];Ensembl.RefSeq_mRNA:60616[1>0]	ENSMUSG00000001288	CURATED:207[0];MGI:23998[13];MGI:23998[13|6>12|0];Ensembl.MGI:24073[1>0]
NM_011263	Ensembl.RefSeq_mRNA:147120[1];Ensembl.RefSeq_mRNA:147120[1>0]	ENSMUSG00000029249	CURATED:209[0];MGI:8870[13];MGI:8870[13|6>12|0];Ensembl.MGI:52483[1>0]
NM_011281	Ensembl.RefSeq_mRNA:106349[1];Ensembl.RefSeq_mRNA:106349[1>0]	ENSMUSG00000028150	CURATED:212[0];MGI:581994[13];MGI:191921[13|6>12|0];Ensembl.MGI:39406[1>0]
NM_011305	Ensembl.RefSeq_mRNA:162005[1];Ensembl.RefSeq_mRNA:162005[1>0]	ENSMUSG00000015846	CURATED:216[0];MGI:18105[13];MGI:18105[13|6>12|0];Ensembl.MGI:56805[1>0]
NM_011306	Ensembl.RefSeq_mRNA:97099[1];Ensembl.RefSeq_mRNA:97099[1>0]	ENSMUSG00000039656	CURATED:217[0];MGI:26958[13];MGI:26958[13|6>12|0];Ensembl.MGI:36374[1>0]
NM_011355	Ensembl.RefSeq_mRNA:163459[1];Ensembl.RefSeq_mRNA:163459[1>0]	ENSMUSG00000002111	CURATED:238[0];MGI:563961[11];MGI:564120[13|6>12|0];Ensembl.MGI:57156[1>0]
NM_011381	Ensembl.RefSeq_mRNA:129508[1];Ensembl.RefSeq_mRNA:129508[1>0]	ENSMUSG00000038805	CURATED:220[0];MGI:88088[13];MGI:88088[13|6>12|0];Ensembl.MGI:46883[1>0]
NM_011415	Ensembl.RefSeq_mRNA:81230[1];Ensembl.RefSeq_mRNA:81230[1>0]	ENSMUSG00000022676	CURATED:222[0];MGI:565510[13];MGI:565510[13|6>12|0];Ensembl.MGI:31353[1>0]
NM_011427	Ensembl.RefSeq_mRNA:157209[1];Ensembl.RefSeq_mRNA:157209[1>0]	ENSMUSG00000042821	CURATED:221[0];MGI:23155[13];MGI:23155[13|6>12|0];Ensembl.MGI:55430[1>0]
NM_011441	Ensembl.RefSeq_mRNA:111233[1];Ensembl.RefSeq_mRNA:111233[1>0]	ENSMUSG00000025902	CURATED:225[0];MGI:566108[13|6];MGI:566108[13|6>12|0];Ensembl.MGI:41126[1>0]
NM_011443	Ensembl.RefSeq_mRNA:14136[1];Ensembl.RefSeq_mRNA:14136[1>0]	ENSMUSG00000074637	CURATED:227[0];MGI:166425[13];MGI:166425[13|6>12|0];Ensembl.MGI:6695[1>0]
NM_011445	Ensembl.RefSeq_mRNA:83165[1];Ensembl.RefSeq_mRNA:83165[1>0]	ENSMUSG00000051910	CURATED:230[0];MGI:26623[13];MGI:26623[13|6>12|0];Ensembl.MGI:31760[1>0]
NM_011446	Ensembl.RefSeq_mRNA:10756[1];Ensembl.RefSeq_mRNA:10756[1>0]	ENSMUSG00000063060	CURATED:231[0];MGI:566135[13|6];MGI:566135[13|6>12|0];Ensembl.MGI:5242[1>0]
NM_011448	Ensembl.RefSeq_mRNA:134145[1];Ensembl.RefSeq_mRNA:134145[1>0]	ENSMUSG00000000567	CURATED:232[0];MGI:7094[13];MGI:7094[13|6>12|0];Ensembl.MGI:48228[1>0]
NM_011486	Ensembl.RefSeq_mRNA:55457[1];Ensembl.RefSeq_mRNA:55457[1>0]	ENSMUSG00000004040	CURATED:241[0];MGI:3785[13];MGI:3785[13|6>12|0];Ensembl.MGI:21980[1>0]
NM_011487	Ensembl.RefSeq_mRNA:30394[1];Ensembl.RefSeq_mRNA:30394[1>0]	ENSMUSG00000062939	CURATED:242[0];MGI:566979[13|6];MGI:566979[13|6>12|0];Ensembl.MGI:12784[1>0]
NM_011488	Ensembl.RefSeq_mRNA:52004[1];Ensembl.RefSeq_mRNA:52004[1>0]	ENSMUSG00000004043	CURATED:243[0];MGI:21438[13];MGI:21438[13|6>12|0];Ensembl.MGI:20980[1>0]
NM_011527	Ensembl.RefSeq_mRNA:134406[1];Ensembl.RefSeq_mRNA:134406[1>0]	ENSMUSG00000028717	CURATED:245[0];MGI:161897[13];MGI:161897[13|6>12|0];Ensembl.MGI:48327[1>0]
NM_011535	Ensembl.RefSeq_mRNA:112101[1];Ensembl.RefSeq_mRNA:112101[1>0]	ENSMUSG00000018604	CURATED:248[0];MGI:79417[13];MGI:79417[13|6>12|0];Ensembl.MGI:41341[1>0]
NM_011536	Ensembl.RefSeq_mRNA:157284[1];Ensembl.RefSeq_mRNA:157284[1>0]	ENSMUSG00000000094	CURATED:249[0];MGI:568350[13|6];MGI:568350[13|6>12|0];Ensembl.MGI:55464[1>0]
NM_011537	Ensembl.RefSeq_mRNA:112144[1];Ensembl.RefSeq_mRNA:112144[1>0]	ENSMUSG00000018263	CURATED:250[0];MGI:568351[13|6];MGI:568351[13|6>12|0];Ensembl.MGI:41372[1>0]
NM_011538	Ensembl.RefSeq_mRNA:146793[1];Ensembl.RefSeq_mRNA:146793[1>0]	ENSMUSG00000030699	CURATED:251[0];MGI:563040[13];MGI:563040[13|6>12|0];Ensembl.MGI:52391[1>0]
NM_011546	Ensembl.RefSeq_mRNA:55589[1];Ensembl.RefSeq_mRNA:55589[1>0]	ENSMUSG00000024238	CURATED:271[0];MGI:10768[13];MGI:10768[13|6>12|0];Ensembl.MGI:22292[1>0]
NM_011547	Ensembl.RefSeq_mRNA:2957[1];Ensembl.RefSeq_mRNA:2957[1>0]	ENSMUSG00000021359	CURATED:256[0];MGI:27775[13];MGI:27775[13|6>12|0];Ensembl.MGI:2024[1>0]
NM_011548	Ensembl.RefSeq_mRNA:99184[1];Ensembl.RefSeq_mRNA:99184[1>0]	ENSMUSG00000020167	CURATED:253[0];MGI:20040[13];MGI:20040[13|6>12|0];Ensembl.MGI:36510[1>0]
NM_011658	Ensembl.RefSeq_mRNA:29674[1];Ensembl.RefSeq_mRNA:29674[1>0]	ENSMUSG00000035799	CURATED:264[0];MGI:21475[13];MGI:21475[13|6>12|0];Ensembl.MGI:12580[1>0]
NM_011680	Ensembl.RefSeq_mRNA:110498[1];Ensembl.RefSeq_mRNA:110498[1>0]	ENSMUSG00000058239	CURATED:266[0];MGI:749629[13|6];MGI:749629[13|6>12|0];Ensembl.MGI:40785[1>0]
NM_011770	Ensembl.RefSeq_mRNA:106883[1];Ensembl.RefSeq_mRNA:106883[1>0]	ENSMUSG00000025997	CURATED:125[0];MGI:19266[13];MGI:19266[13|6>12|0];Ensembl.MGI:39610[1>0]
NM_011803	Ensembl.RefSeq_mRNA:37049[1];Ensembl.RefSeq_mRNA:37049[1>0]	ENSMUSG00000000078	CURATED:145[0];MGI:24449[13];MGI:24449[13|6>12|0];Ensembl.MGI:15408[1>0]
NM_011808	Ensembl.RefSeq_mRNA:13709[1];Ensembl.RefSeq_mRNA:13709[1>0]	ENSMUSG00000032035	CURATED:49[0];MGI:23218[13];MGI:23218[13|6>12|0];Ensembl.MGI:6430[1>0]
NM_011809	Ensembl.RefSeq_mRNA:32142[1];Ensembl.RefSeq_mRNA:32142[1>0]	ENSMUSG00000022895	CURATED:50[0];MGI:29672[13];MGI:29672[13|6>12|0];Ensembl.MGI:13398[1>0]
NM_013468	Ensembl.RefSeq_mRNA:20337[1];Ensembl.RefSeq_mRNA:20337[1>0]	ENSMUSG00000024803	CURATED:3[0];MGI:27386[13];MGI:27386[13|6>12|0];Ensembl.MGI:9104[1>0]
NM_013498	Ensembl.RefSeq_mRNA:53504[1];Ensembl.RefSeq_mRNA:53504[1>0]	ENSMUSG00000063889	CURATED:24[0];MGI:64827[13|6];MGI:64827[13|6>12|0];Ensembl.MGI:21105[1>0]
NM_013508	Ensembl.RefSeq_mRNA:28154[1];Ensembl.RefSeq_mRNA:28154[1>0]	ENSMUSG00000008398	CURATED:43[0];MGI:78039[13];MGI:78039[13|6>12|0];Ensembl.MGI:11960[1>0]
NM_013519	Ensembl.RefSeq_mRNA:107773[1];Ensembl.RefSeq_mRNA:107773[1>0]	ENSMUSG00000046714	CURATED:62[0];MGI:100232[13];MGI:100232[13|6>12|0];Ensembl.MGI:39858[1>0]
NM_013555	Ensembl.RefSeq_mRNA:87310[1];Ensembl.RefSeq_mRNA:87310[1>0]	ENSMUSG00000043342	CURATED:119[0];MGI:161773[13];MGI:161773[13|6>12|0];Ensembl.MGI:33279[1>0]
NM_013601	Ensembl.RefSeq_mRNA:26074[1];Ensembl.RefSeq_mRNA:26074[1>0]	ENSMUSG00000021469	CURATED:171[0];MGI:33830[13];MGI:33830[13|6>12|0];Ensembl.MGI:11182[1>0]
NM_013627	Ensembl.RefSeq_mRNA:131153[1];Ensembl.RefSeq_mRNA:131153[1>0]	ENSMUSG00000027168	CURATED:197[0];MGI:4727[13];MGI:4727[13|6>12|0];Ensembl.MGI:47218[1>0]
NM_013646	Ensembl.RefSeq_mRNA:108826[1];Ensembl.RefSeq_mRNA:108826[1>0]	ENSMUSG00000032238	CURATED:210[0];MGI:18025[13];MGI:18025[13|6>12|0];Ensembl.MGI:40181[1>0]
NM_013674	Ensembl.RefSeq_mRNA:19740[1];Ensembl.RefSeq_mRNA:19740[1>0]	ENSMUSG00000021356	CURATED:128[0];MGI:23965[13];MGI:23965[13|6>12|0];Ensembl.MGI:8764[1>0]
NM_013692	Ensembl.RefSeq_mRNA:40717[1];Ensembl.RefSeq_mRNA:40717[1>0]	ENSMUSG00000037465	CURATED:139[0];MGI:22931[13];MGI:22931[13|6>12|0];Ensembl.MGI:16821[1>0]
NM_013729	Ensembl.RefSeq_mRNA:131308[1];Ensembl.RefSeq_mRNA:131308[1>0]	ENSMUSG00000026497	CURATED:169[0];MGI:171938[13|6];MGI:171938[13|6>12|0];Ensembl.MGI:47439[1>0]
NM_013842	Ensembl.RefSeq_mRNA:158965[1];Ensembl.RefSeq_mRNA:158965[1>0]	ENSMUSG00000020484	CURATED:268[0];MGI:67336[13];MGI:67336[13|6>12|0];Ensembl.MGI:55899[1>0]
NM_015753	Ensembl.RefSeq_mRNA:149297[1];Ensembl.RefSeq_mRNA:149297[1>0]	ENSMUSG00000026872	CURATED:272[0];MGI:17429[13];MGI:17429[13|6>12|0];Ensembl.MGI:53126[1>0]
NM_016660	Ensembl.RefSeq_mRNA:122558[1];Ensembl.RefSeq_mRNA:122558[1>0]	ENSMUSG00000046711	CURATED:98[0];MGI:26959[13];MGI:26959[13|6>12|0];Ensembl.MGI:44650[1>0]
NM_016707	Ensembl.RefSeq_mRNA:18714[1];Ensembl.RefSeq_mRNA:18714[1>0]	ENSMUSG00000000861	CURATED:11[0];MGI:9828[13];MGI:9828[13|6>12|0];Ensembl.MGI:8348[1>0]
NM_016767	Ensembl.RefSeq_mRNA:5247[1];Ensembl.RefSeq_mRNA:5247[1>0]	ENSMUSG00000034266	CURATED:10[0];MGI:33662[13|6];MGI:33662[13|6>12|0];Ensembl.MGI:2994[1>0]
NM_016850	Ensembl.RefSeq_mRNA:158809[1];Ensembl.RefSeq_mRNA:158809[1>0]	ENSMUSG00000025498	CURATED:129[0];MGI:164545[13|6];MGI:164545[13|6>12|0];Ensembl.MGI:55857[1>0]
NM_016968	Ensembl.RefSeq_mRNA:78388[1];Ensembl.RefSeq_mRNA:78388[1>0]	ENSMUSG00000046160	CURATED:191[0];MGI:25875[13];MGI:25875[13|6>12|0];Ensembl.MGI:30415[1>0]
NM_018789	Ensembl.RefSeq_mRNA:85043[1];Ensembl.RefSeq_mRNA:85043[1>0]	ENSMUSG00000042903	CURATED:71[0];MGI:100564[11];MGI:100564[13|6>12|0];Ensembl.MGI:32576[1>0]
NM_018823	Ensembl.RefSeq_mRNA:18004[1];Ensembl.RefSeq_mRNA:18004[1>0]	ENSMUSG00000003847	CURATED:178[0];MGI:23262[13];MGI:23262[13|6>12|0];Ensembl.MGI:7976[1>0]
NM_018826	Ensembl.RefSeq_mRNA:58991[1];Ensembl.RefSeq_mRNA:58991[1>0]	ENSMUSG00000031737	CURATED:133[0];MGI:164576[13|6];MGI:164576[13|6>12|0];Ensembl.MGI:23571[1>0]
NM_019479	Ensembl.RefSeq_mRNA:93364[1];Ensembl.RefSeq_mRNA:93364[1>0]	ENSMUSG00000067071	CURATED:92[0];MGI:23909[13];MGI:23909[13|6>12|0];Ensembl.MGI:35199[1>0]
NM_019507	Ensembl.RefSeq_mRNA:144643[1];Ensembl.RefSeq_mRNA:144643[1>0]	ENSMUSG00000001444	CURATED:247[0];MGI:568345[13|6];MGI:568345[13|6>12|0];Ensembl.MGI:51708[1>0]
NM_019689	Ensembl.RefSeq_mRNA:43778[1];Ensembl.RefSeq_mRNA:43778[1>0]	ENSMUSG00000004661	CURATED:6[0];MGI:86648[13];MGI:28127[13|6>12|0];Ensembl.MGI:17991[1>0]
NM_019732	Ensembl.RefSeq_mRNA:57984[1];Ensembl.RefSeq_mRNA:57984[1>0]	ENSMUSG00000070691	CURATED:215[0];MGI:39131[13];MGI:39131[13|6>12|0];Ensembl.MGI:23185[1>0]
NM_019738	Ensembl.RefSeq_mRNA:26234[1];Ensembl.RefSeq_mRNA:26234[1>0]	ENSMUSG00000030717	CURATED:190[0];MGI:7815[13];MGI:7815[13|6>12|0];Ensembl.MGI:11233[1>0]
NM_019739	Ensembl.RefSeq_mRNA:42937[1];Ensembl.RefSeq_mRNA:42937[1>0]	ENSMUSG00000044167	CURATED:69[0];MGI:26518[13];MGI:26518[13|6>12|0];Ensembl.MGI:17687[1>0]
NM_019740	Ensembl.RefSeq_mRNA:27635[1];Ensembl.RefSeq_mRNA:27635[1>0]	ENSMUSG00000048756	CURATED:70[0];MGI:3870[13];MGI:3870[13|6>12|0];Ensembl.MGI:11783[1>0]
NM_019778	Ensembl.RefSeq_mRNA:4791[1];Ensembl.RefSeq_mRNA:4791[1>0]	ENSMUSG00000022708	CURATED:270[0];MGI:4436[13];MGI:4436[13|6>12|0];Ensembl.MGI:2728[1>0]
NM_019866	Ensembl.RefSeq_mRNA:30555[1];Ensembl.RefSeq_mRNA:30555[1>0]	ENSMUSG00000008193	CURATED:239[0];MGI:566396[13|6];MGI:566396[13|6>12|0];Ensembl.MGI:12867[1>0]
NM_020296	Ensembl.RefSeq_mRNA:151828[1];Ensembl.RefSeq_mRNA:151828[1>0]	ENSMUSG00000026970	CURATED:208[0];MGI:8785[13];MGI:8785[13|6>12|0];Ensembl.MGI:53873[1>0]
NM_021366	Ensembl.RefSeq_mRNA:16231[1];Ensembl.RefSeq_mRNA:16231[1>0]	ENSMUSG00000052040	CURATED:140[0];MGI:334[13];MGI:334[13|6>12|0];Ensembl.MGI:7472[1>0]
NM_021399	Ensembl.RefSeq_mRNA:51915[1];Ensembl.RefSeq_mRNA:51915[1>0]	ENSMUSG00000048251	CURATED:12[0];MGI:17509[13];MGI:17509[13|6>12|0];Ensembl.MGI:21032[1>0]
NM_021459	Ensembl.RefSeq_mRNA:52415[1];Ensembl.RefSeq_mRNA:52415[1>0]	ENSMUSG00000042258	CURATED:134[0];MGI:164620[13|6];MGI:164620[13|6>12|0];Ensembl.MGI:21206[1>0]
NM_022435	Ensembl.RefSeq_mRNA:46644[1];Ensembl.RefSeq_mRNA:46644[1>0]	ENSMUSG00000075304	CURATED:235[0];MGI:187162[11];MGI:566153[13|6>12|0];Ensembl.MGI:19069[1>0]
NM_023502	Ensembl.RefSeq_mRNA:128014[1];Ensembl.RefSeq_mRNA:128014[1>0]	ENSMUSG00000037174	CURATED:42[0];MGI:9076[13];MGI:9076[13|6>12|0];Ensembl.MGI:46374[1>0]
NM_023598	Ensembl.RefSeq_mRNA:19887[1];Ensembl.RefSeq_mRNA:19887[1>0]	ENSMUSG00000019947	CURATED:7[0];MGI:14866[13];MGI:14866[13|6>12|0];Ensembl.MGI:8855[1>0]
NM_023794	Ensembl.RefSeq_mRNA:45890[1];Ensembl.RefSeq_mRNA:45890[1>0]	ENSMUSG00000013089	CURATED:52[0];MGI:3409[13];MGI:3409[13|6>12|0];Ensembl.MGI:18672[1>0]
NM_025652	Ensembl.RefSeq_mRNA:149528[1];Ensembl.RefSeq_mRNA:149528[1>0]	ENSMUSG00000016503	CURATED:86[0];MGI:6983[13];MGI:6983[13|6>12|0];Ensembl.MGI:53210[1>0]
NM_026374	Ensembl.RefSeq_mRNA:125356[1];Ensembl.RefSeq_mRNA:125356[1>0]	ENSMUSG00000001016	CURATED:126[0];MGI:15826[13];MGI:15826[13|6>12|0];Ensembl.MGI:45539[1>0]
NM_028016	Ensembl.RefSeq_mRNA:141150[1];Ensembl.RefSeq_mRNA:141150[1>0]	ENSMUSG00000012396	CURATED:177[0];MGI:8264[13];MGI:8264[13|6>12|0];Ensembl.MGI:50530[1>0]
NM_028610	Ensembl.RefSeq_mRNA:12701[1];Ensembl.RefSeq_mRNA:12701[1>0]	ENSMUSG00000058550	CURATED:32[0];MGI:8530[13];MGI:8530[13|6>12|0];Ensembl.MGI:6040[1>0]
NM_028615	Ensembl.RefSeq_mRNA:12771[1];Ensembl.RefSeq_mRNA:12771[1>0]	ENSMUSG00000072419	CURATED:30[0];MGI:8522[13];MGI:8522[13|6>12|0];Ensembl.MGI:6078[1>0]
NM_029295	Ensembl.RefSeq_mRNA:121972[1];Ensembl.RefSeq_mRNA:121972[1>0]	ENSMUSG00000054400	CURATED:22[0];MGI:4908[13];MGI:4908[13|6>12|0];Ensembl.MGI:44591[1>0]
NM_031183	Ensembl.RefSeq_mRNA:144590[1];Ensembl.RefSeq_mRNA:144590[1>0]	ENSMUSG00000038560	CURATED:236[0];MGI:3678[13];MGI:3678[13|6>12|0];Ensembl.MGI:51692[1>0]
NM_031198	Ensembl.RefSeq_mRNA:36513[1];Ensembl.RefSeq_mRNA:36513[1>0]	ENSMUSG00000029553	CURATED:260[0];MGI:33794[13];MGI:33794[13|6>12|0];Ensembl.MGI:15210[1>0]
NM_033041	Ensembl.RefSeq_mRNA:158556[1];Ensembl.RefSeq_mRNA:158556[1>0]	ENSMUSG00000023781	CURATED:93[0];MGI:160806[13|6];MGI:160806[13|6>12|0];Ensembl.MGI:55803[1>0]
NM_033563	Ensembl.RefSeq_mRNA:97171[1];Ensembl.RefSeq_mRNA:97171[1>0]	ENSMUSG00000025959	CURATED:146[0];MGI:18267[13];MGI:18267[13|6>12|0];Ensembl.MGI:36454[1>0]
NM_033652	Ensembl.RefSeq_mRNA:100619[1];Ensembl.RefSeq_mRNA:100619[1>0]	ENSMUSG00000026686	CURATED:154[0];MGI:86606[13];MGI:86606[13|6>12|0];Ensembl.MGI:37518[1>0]
NM_053202	Ensembl.RefSeq_mRNA:55163[1];Ensembl.RefSeq_mRNA:55163[1>0]	ENSMUSG00000030067	CURATED:72[0];MGI:10840[13];MGI:10840[13|6>12|0];Ensembl.MGI:21528[1>0]
NM_054039	Ensembl.RefSeq_mRNA:25172[1];Ensembl.RefSeq_mRNA:25172[1>0]	ENSMUSG00000039521	CURATED:73[0];MGI:564093[13];MGI:100569[13|6>12|0];Ensembl.MGI:10638[1>0]
NM_133659	Ensembl.RefSeq_mRNA:31888[1];Ensembl.RefSeq_mRNA:31888[1>0]	ENSMUSG00000040732	CURATED:48[0];MGI:65773[13];MGI:65773[13|6>12|0];Ensembl.MGI:13190[1>0]
NM_133665	Ensembl.RefSeq_mRNA:110330[1];Ensembl.RefSeq_mRNA:110330[1>0]	ENSMUSG00000001419	CURATED:162[0];MGI:38180[13];MGI:38180[13|6>12|0];Ensembl.MGI:40776[1>0]
NM_133828	Ensembl.RefSeq_mRNA:97887[1];Ensembl.RefSeq_mRNA:97887[1>0]	ENSMUSG00000025958	CURATED:23[0];MGI:7501[13];MGI:7501[13|6>12|0];Ensembl.MGI:36591[1>0]
NM_133957	Ensembl.RefSeq_mRNA:18000[1];Ensembl.RefSeq_mRNA:18000[1>0]	ENSMUSG00000003847	CURATED:178[0];MGI:23262[13];MGI:23262[13|6>12|0];Ensembl.MGI:7976[1>0]
NM_139218	Ensembl.RefSeq_mRNA:135061[1];Ensembl.RefSeq_mRNA:135061[1>0]	ENSMUSG00000046323	CURATED:31[0];MGI:8506[13];MGI:8506[13|6>12|0];Ensembl.MGI:48496[1>0]
NM_144841	Ensembl.RefSeq_mRNA:41144[1];Ensembl.RefSeq_mRNA:41144[1>0]	ENSMUSG00000021848	CURATED:193[0];MGI:88143[13];MGI:88143[13|6>12|0];Ensembl.MGI:16912[1>0]
NM_145711	Ensembl.RefSeq_mRNA:18843[1];Ensembl.RefSeq_mRNA:18843[1>0]	ENSMUSG00000041272	CURATED:262[0];MGI:5001[13];MGI:5001[13|6>12|0];Ensembl.MGI:8422[1>0]
NM_146095	Ensembl.RefSeq_mRNA:54570[1];Ensembl.RefSeq_mRNA:54570[1>0]	ENSMUSG00000036192	CURATED:211[0];MGI:162214[13];MGI:162214[13|6>12|0];Ensembl.MGI:21910[1>0]
NM_147221	Ensembl.RefSeq_mRNA:149951[1];Ensembl.RefSeq_mRNA:149951[1>0]	ENSMUSG00000034762	CURATED:84[0];MGI:101703[13|6];MGI:101703[13|6>12|0];Ensembl.MGI:53339[1>0]
NM_148952	Ensembl.RefSeq_mRNA:92818[1];Ensembl.RefSeq_mRNA:92818[1>0]	ENSMUSG00000014859	CURATED:34[0];MGI:7043[13];MGI:7043[13|6>12|0];Ensembl.MGI:35008[1>0]
NM_172553	Ensembl.RefSeq_mRNA:49020[1];Ensembl.RefSeq_mRNA:49020[1>0]	ENSMUSG00000036602	CURATED:2[0];MGI:23565[13];MGI:23565[13|6>12|0];Ensembl.MGI:19924[1>0]
NM_172563	Ensembl.RefSeq_mRNA:133351[1];Ensembl.RefSeq_mRNA:133351[1>0]	ENSMUSG00000003949	CURATED:96[0];MGI:88194[13];MGI:88194[13|6>12|0];Ensembl.MGI:48005[1>0]
NM_172622	Ensembl.RefSeq_mRNA:91145[1];Ensembl.RefSeq_mRNA:91145[1>0]	ENSMUSG00000064043	CURATED:263[0];MGI:17958[13];MGI:17958[13|6>12|0];Ensembl.MGI:34469[1>0]
NM_172798	Ensembl.RefSeq_mRNA:157286[1];Ensembl.RefSeq_mRNA:157286[1>0]	ENSMUSG00000000094	CURATED:249[0];MGI:568350[13|6];MGI:568350[13|6>12|0];Ensembl.MGI:55464[1>0]
NM_173780	Ensembl.RefSeq_mRNA:17993[1];Ensembl.RefSeq_mRNA:17993[1>0]	ENSMUSG00000041649	CURATED:147[0];MGI:19372[13];MGI:19372[13|6>12|0];Ensembl.MGI:8105[1>0]
NM_175606	Ensembl.RefSeq_mRNA:155998[1];Ensembl.RefSeq_mRNA:155998[1>0]	ENSMUSG00000059325	CURATED:100[0];MGI:3591[13];MGI:3591[13|6>12|0];Ensembl.MGI:55106[1>0]
NM_175730	Ensembl.RefSeq_mRNA:86908[1];Ensembl.RefSeq_mRNA:86908[1>0]	ENSMUSG00000022485	CURATED:114[0];MGI:23124[13];MGI:23124[13|6>12|0];Ensembl.MGI:33136[1>0]
NM_177082	Ensembl.RefSeq_mRNA:29745[1];Ensembl.RefSeq_mRNA:29745[1>0]	ENSMUSG00000048562	CURATED:237[0];MGI:83716[13];MGI:83716[13|6>12|0];Ensembl.MGI:12618[1>0]
NM_178667	Ensembl.RefSeq_mRNA:58830[1];Ensembl.RefSeq_mRNA:58830[1>0]	ENSMUSG00000032411	CURATED:259[0];MGI:3705[13];MGI:3705[13|6>12|0];Ensembl.MGI:23152[1>0]
NM_180974	Ensembl.RefSeq_mRNA:8359[1];Ensembl.RefSeq_mRNA:8359[1>0]	ENSMUSG00000034998	CURATED:68[0];MGI:10969[13];MGI:10969[13|6>12|0];Ensembl.MGI:4290[1>0]
NM_181058	Ensembl.RefSeq_mRNA:4749[1];Ensembl.RefSeq_mRNA:4749[1>0]	ENSMUSG00000022708	CURATED:270[0];MGI:4436[13];MGI:4436[13|6>12|0];Ensembl.MGI:2728[1>0]
NM_183261	Ensembl.RefSeq_mRNA:35179[1];Ensembl.RefSeq_mRNA:35179[1>0]	ENSMUSG00000030551	CURATED:189[0];MGI:17767[13];MGI:17767[13|6>12|0];Ensembl.MGI:14680[1>0]
NM_183355	Ensembl.RefSeq_mRNA:101076[1];Ensembl.RefSeq_mRNA:101076[1>0]	ENSMUSG00000052534	CURATED:198[0];MGI:8021[13];MGI:8021[13|6>12|0];Ensembl.MGI:37624[1>0]
NM_198052	Ensembl.RefSeq_mRNA:112085[1];Ensembl.RefSeq_mRNA:112085[1>0]	ENSMUSG00000018604	CURATED:248[0];MGI:79417[13];MGI:79417[13|6>12|0];Ensembl.MGI:41341[1>0]
NM_198854	Ensembl.RefSeq_mRNA:26175[1];Ensembl.RefSeq_mRNA:26175[1>0]	ENSMUSG00000029755	CURATED:28[0];MGI:23996[13];MGI:23996[13|6>12|0];Ensembl.MGI:11218[1>0]
NM_198932	Ensembl.RefSeq_mRNA:150804[1];Ensembl.RefSeq_mRNA:150804[1>0]	ENSMUSG00000026565	CURATED:200[0];MGI:10164[13];MGI:10164[13|6>12|0];Ensembl.MGI:53587[1>0]
NM_198933	Ensembl.RefSeq_mRNA:150822[1];Ensembl.RefSeq_mRNA:150822[1>0]	ENSMUSG00000026565	CURATED:200[0];MGI:10164[13];MGI:10164[13|6>12|0];Ensembl.MGI:53587[1>0]
NM_198934	Ensembl.RefSeq_mRNA:150777[1];Ensembl.RefSeq_mRNA:150777[1>0]	ENSMUSG00000026565	CURATED:200[0];MGI:10164[13];MGI:10164[13|6>12|0];Ensembl.MGI:53587[1>0]
NM_207131	Ensembl.RefSeq_mRNA:92542[1];Ensembl.RefSeq_mRNA:92542[1>0]	ENSMUSG00000052435	CURATED:20[0];MGI:123353[13];MGI:40074[13|6>12|0];Ensembl.MGI:34932[1>0]
NM_213659	Ensembl.RefSeq_mRNA:55509[1];Ensembl.RefSeq_mRNA:55509[1>0]	ENSMUSG00000004040	CURATED:241[0];MGI:3785[13];MGI:3785[13|6>12|0];Ensembl.MGI:21980[1>0]
NM_213660	Ensembl.RefSeq_mRNA:55539[1];Ensembl.RefSeq_mRNA:55539[1>0]	ENSMUSG00000004040	CURATED:241[0];MGI:3785[13];MGI:3785[13|6>12|0];Ensembl.MGI:21980[1>0]
NP_001001806	Ensembl.RefSeq_peptide:33026[1];Ensembl.RefSeq_peptide:33026[1>0]	ENSMUSG00000045817	CURATED:274[0];MGI:752513[13|6];MGI:752513[13|6>12|0];Ensembl.MGI:26103[1>0]
NP_001007473	Ensembl.RefSeq_peptide:35538[1];Ensembl.RefSeq_peptide:35538[1>0]	ENSMUSG00000068302	CURATED:187[0];MGI:100265[13];MGI:100265[13|6>12|0];Ensembl.MGI:28084[1>0]
NP_001008542	Ensembl.RefSeq_peptide:40826[1];Ensembl.RefSeq_peptide:40826[1>0]	ENSMUSG00000025025	CURATED:173[0];MGI:173847[13|6];MGI:173847[13|6>12|0];Ensembl.MGI:31921[1>0]
NP_001008543	Ensembl.RefSeq_peptide:40883[1];Ensembl.RefSeq_peptide:40883[1>0]	ENSMUSG00000025025	CURATED:173[0];MGI:173847[13|6];MGI:173847[13|6>12|0];Ensembl.MGI:31921[1>0]
NP_001018002	Ensembl.RefSeq_peptide:5501[1];Ensembl.RefSeq_peptide:5501[1>0]	ENSMUSG00000058550	CURATED:32[0];MGI:8530[13];MGI:8530[13|6>12|0];Ensembl.MGI:6040[1>0]
NP_001018052	Ensembl.RefSeq_peptide:80011[1];Ensembl.RefSeq_peptide:80011[1>0]	ENSMUSG00000027109	CURATED:233[0];MGI:69153[13];MGI:69153[13|6>12|0];Ensembl.MGI:56580[1>0]
NP_001019977	Ensembl.RefSeq_peptide:52832[1];Ensembl.RefSeq_peptide:52832[1>0]	ENSMUSG00000024081	CURATED:21[0];MGI:26111[13];MGI:26111[13|6>12|0];Ensembl.MGI:39416[1>0]
NP_001020598	Ensembl.RefSeq_peptide:60756[1];Ensembl.RefSeq_peptide:60756[1>0]	ENSMUSG00000046711	CURATED:98[0];MGI:26959[13];MGI:26959[13|6>12|0];Ensembl.MGI:44650[1>0]
NP_001020730	Ensembl.RefSeq_peptide:40746[1];Ensembl.RefSeq_peptide:40746[1>0]	ENSMUSG00000051910	CURATED:230[0];MGI:26623[13];MGI:26623[13|6>12|0];Ensembl.MGI:31760[1>0]
NP_001020731	Ensembl.RefSeq_peptide:40758[1];Ensembl.RefSeq_peptide:40758[1>0]	ENSMUSG00000051910	CURATED:230[0];MGI:26623[13];MGI:26623[13|6>12|0];Ensembl.MGI:31760[1>0]
NP_001020748	Ensembl.RefSeq_peptide:20560[1];Ensembl.RefSeq_peptide:20560[1>0]	ENSMUSG00000055435	CURATED:157[0];MGI:9859[13];MGI:9859[13|6>12|0];Ensembl.MGI:17323[1>0]
NP_001020768	Ensembl.RefSeq_peptide:72592[1];Ensembl.RefSeq_peptide:72592[1>0]	ENSMUSG00000018654	CURATED:124[0];MGI:15595[13];MGI:15595[13|6>12|0];Ensembl.MGI:52129[1>0]
NP_001028496	Ensembl.RefSeq_peptide:3093[1];Ensembl.RefSeq_peptide:3093[1>0]	ENSMUSG00000066687	CURATED:269[0];MGI:24870[13];MGI:24870[13|6>12|0];Ensembl.MGI:3986[1>0]
NP_001028885	Ensembl.RefSeq_peptide:15260[1];Ensembl.RefSeq_peptide:15260[1>0]	ENSMUSG00000030557	CURATED:160[0];MGI:18849[13];MGI:18849[13|6>12|0];Ensembl.MGI:13170[1>0]
NP_001032815	Ensembl.RefSeq_peptide:48377[1];Ensembl.RefSeq_peptide:48377[1>0]	ENSMUSG00000025958	CURATED:23[0];MGI:7501[13];MGI:7501[13|6>12|0];Ensembl.MGI:36591[1>0]
NP_001032930	Ensembl.RefSeq_peptide:60485[1];Ensembl.RefSeq_peptide:60485[1>0]	ENSMUSG00000054400	CURATED:22[0];MGI:4908[13];MGI:4908[13|6>12|0];Ensembl.MGI:44591[1>0]
NP_001033699	Ensembl.RefSeq_peptide:832[1];Ensembl.RefSeq_peptide:832[1>0]	ENSMUSG00000055639	CURATED:26[0];MGI:23131[13];MGI:23131[13|6>12|0];Ensembl.MGI:2293[1>0]
NP_001033731	Ensembl.RefSeq_peptide:6015[1];Ensembl.RefSeq_peptide:6015[1>0]	ENSMUSG00000032035	CURATED:49[0];MGI:23218[13];MGI:23218[13|6>12|0];Ensembl.MGI:6430[1>0]
NP_001034445	Ensembl.RefSeq_peptide:60792[1];Ensembl.RefSeq_peptide:60792[1>0]	ENSMUSG00000046711	CURATED:98[0];MGI:26959[13];MGI:26959[13|6>12|0];Ensembl.MGI:44650[1>0]
NP_001036192	Ensembl.RefSeq_peptide:30076[1];Ensembl.RefSeq_peptide:30076[1>0]	ENSMUSG00000001288	CURATED:207[0];MGI:23998[13];MGI:23998[13|6>12|0];Ensembl.MGI:24073[1>0]
NP_001036819	Ensembl.RefSeq_peptide:27034[1];Ensembl.RefSeq_peptide:27034[1>0]	ENSMUSG00000036192	CURATED:211[0];MGI:162214[13];MGI:162214[13|6>12|0];Ensembl.MGI:21910[1>0]
NP_001038979	Ensembl.RefSeq_peptide:12330[1];Ensembl.RefSeq_peptide:12330[1>0]	ENSMUSG00000039158	CURATED:1[0];MGI:25346[13];MGI:25346[13|6>12|0];Ensembl.MGI:11106[1>0]
NP_001073352	Ensembl.RefSeq_peptide:25648[1];Ensembl.RefSeq_peptide:25648[1>0]	ENSMUSG00000048251	CURATED:12[0];MGI:17509[13];MGI:17509[13|6>12|0];Ensembl.MGI:21032[1>0]
NP_001075026	Ensembl.RefSeq_peptide:72214[1];Ensembl.RefSeq_peptide:72214[1>0]	ENSMUSG00000014592	CURATED:13[0];MGI:6742[13];MGI:6742[13|6>12|0];Ensembl.MGI:51932[1>0]
NP_001077396	Ensembl.RefSeq_peptide:71603[1];Ensembl.RefSeq_peptide:71603[1>0]	ENSMUSG00000032280	CURATED:261[0];MGI:9149[13];MGI:9149[13|6>12|0];Ensembl.MGI:51520[1>0]
NP_001077397	Ensembl.RefSeq_peptide:71594[1];Ensembl.RefSeq_peptide:71594[1>0]	ENSMUSG00000032280	CURATED:261[0];MGI:9149[13];MGI:9149[13|6>12|0];Ensembl.MGI:51520[1>0]
NP_001091092	Ensembl.RefSeq_peptide:44692[1];Ensembl.RefSeq_peptide:44692[1>0]	ENSMUSG00000064043	CURATED:263[0];MGI:17958[13];MGI:17958[13|6>12|0];Ensembl.MGI:34469[1>0]
NP_001091895	Ensembl.RefSeq_peptide:80010[1];Ensembl.RefSeq_peptide:80010[1>0]	ENSMUSG00000027109	CURATED:233[0];MGI:69153[13];MGI:69153[13|6>12|0];Ensembl.MGI:56580[1>0]
NP_001103983	Ensembl.RefSeq_peptide:78806[1];Ensembl.RefSeq_peptide:78806[1>0]	ENSMUSG00000053552	CURATED:38[0];MGI:88532[13|6];MGI:88532[13|6>12|0];Ensembl.MGI:55923[1>0]
NP_001104320	Ensembl.RefSeq_peptide:26505[1];Ensembl.RefSeq_peptide:26505[1>0]	ENSMUSG00000063889	CURATED:24[0];MGI:64827[13|6];MGI:64827[13|6>12|0];Ensembl.MGI:21105[1>0]
NP_001104321	Ensembl.RefSeq_peptide:26591[1];Ensembl.RefSeq_peptide:26591[1>0]	ENSMUSG00000063889	CURATED:24[0];MGI:64827[13|6];MGI:64827[13|6>12|0];Ensembl.MGI:21105[1>0]
NP_001104322	Ensembl.RefSeq_peptide:26585[1];Ensembl.RefSeq_peptide:26585[1>0]	ENSMUSG00000063889	CURATED:24[0];MGI:64827[13|6];MGI:64827[13|6>12|0];Ensembl.MGI:21105[1>0]
NP_001104323	Ensembl.RefSeq_peptide:26460[1];Ensembl.RefSeq_peptide:26460[1>0]	ENSMUSG00000063889	CURATED:24[0];MGI:64827[13|6];MGI:64827[13|6>12|0];Ensembl.MGI:21105[1>0]
NP_001104324	Ensembl.RefSeq_peptide:26545[1];Ensembl.RefSeq_peptide:26545[1>0]	ENSMUSG00000063889	CURATED:24[0];MGI:64827[13|6];MGI:64827[13|6>12|0];Ensembl.MGI:21105[1>0]
NP_001104325	Ensembl.RefSeq_peptide:26491[1];Ensembl.RefSeq_peptide:26491[1>0]	ENSMUSG00000063889	CURATED:24[0];MGI:64827[13|6];MGI:64827[13|6>12|0];Ensembl.MGI:21105[1>0]
NP_001104326	Ensembl.RefSeq_peptide:26599[1];Ensembl.RefSeq_peptide:26599[1>0]	ENSMUSG00000063889	CURATED:24[0];MGI:64827[13|6];MGI:64827[13|6>12|0];Ensembl.MGI:21105[1>0]
NP_001104327	Ensembl.RefSeq_peptide:26494[1];Ensembl.RefSeq_peptide:26494[1>0]	ENSMUSG00000063889	CURATED:24[0];MGI:64827[13|6];MGI:64827[13|6>12|0];Ensembl.MGI:21105[1>0]
NP_001104328	Ensembl.RefSeq_peptide:26376[1];Ensembl.RefSeq_peptide:26376[1>0]	ENSMUSG00000063889	CURATED:24[0];MGI:64827[13|6];MGI:64827[13|6>12|0];Ensembl.MGI:21105[1>0]
NP_001104329	Ensembl.RefSeq_peptide:26453[1];Ensembl.RefSeq_peptide:26453[1>0]	ENSMUSG00000063889	CURATED:24[0];MGI:64827[13|6];MGI:64827[13|6>12|0];Ensembl.MGI:21105[1>0]
NP_001104491	Ensembl.RefSeq_peptide:6782[1];Ensembl.RefSeq_peptide:6782[1>0]	ENSMUSG00000022952	CURATED:213[0];MGI:24709[13];MGI:24709[13|6>12|0];Ensembl.MGI:7196[1>0]
NP_001104492	Ensembl.RefSeq_peptide:6781[1];Ensembl.RefSeq_peptide:6781[1>0]	ENSMUSG00000022952	CURATED:213[0];MGI:24709[13];MGI:24709[13|6>12|0];Ensembl.MGI:7196[1>0]
NP_001104493	Ensembl.RefSeq_peptide:6784[1];Ensembl.RefSeq_peptide:6784[1>0]	ENSMUSG00000022952	CURATED:213[0];MGI:24709[13];MGI:24709[13|6>12|0];Ensembl.MGI:7196[1>0]
NP_001106669	Ensembl.RefSeq_peptide:21994[1];Ensembl.RefSeq_peptide:21994[1>0]	ENSMUSG00000035158	CURATED:168[0];MGI:36378[13];MGI:36378[13|6>12|0];Ensembl.MGI:18273[1>0]
NP_001106885	Ensembl.RefSeq_peptide:78510[1];Ensembl.RefSeq_peptide:78510[1>0]	ENSMUSG00000010476	CURATED:37[0];MGI:10727[13];MGI:10727[13|6>12|0];Ensembl.MGI:55806[1>0]
NP_001106886	Ensembl.RefSeq_peptide:78513[1];Ensembl.RefSeq_peptide:78513[1>0]	ENSMUSG00000010476	CURATED:37[0];MGI:10727[13];MGI:10727[13|6>12|0];Ensembl.MGI:55806[1>0]
NP_001116420	Ensembl.RefSeq_peptide:546[1];Ensembl.RefSeq_peptide:546[1>0]	ENSMUSG00000021359	CURATED:256[0];MGI:27775[13];MGI:27775[13|6>12|0];Ensembl.MGI:2024[1>0]
NP_001116422	Ensembl.RefSeq_peptide:57575[1];Ensembl.RefSeq_peptide:57575[1>0]	ENSMUSG00000000938	CURATED:102[0];MGI:161748[13];MGI:161748[13|6>12|0];Ensembl.MGI:42810[1>0]
NP_001116424	Ensembl.RefSeq_peptide:36713[1];Ensembl.RefSeq_peptide:36713[1>0]	ENSMUSG00000028565	CURATED:182[0];MGI:3869[13];MGI:3869[13|6>12|0];Ensembl.MGI:28838[1>0]
NP_001116425	Ensembl.RefSeq_peptide:36737[1];Ensembl.RefSeq_peptide:36737[1>0]	ENSMUSG00000028565	CURATED:182[0];MGI:3869[13];MGI:3869[13|6>12|0];Ensembl.MGI:28838[1>0]
NP_001129544	Ensembl.RefSeq_peptide:70869[1];Ensembl.RefSeq_peptide:70869[1>0]	ENSMUSG00000027210	CURATED:164[0];MGI:18915[13];MGI:18915[13|6>12|0];Ensembl.MGI:51222[1>0]
NP_001135403	Ensembl.RefSeq_peptide:75230[1];Ensembl.RefSeq_peptide:75230[1>0]	ENSMUSG00000026970	CURATED:208[0];MGI:8785[13];MGI:8785[13|6>12|0];Ensembl.MGI:53873[1>0]
NP_001135404	Ensembl.RefSeq_peptide:75231[1];Ensembl.RefSeq_peptide:75231[1>0]	ENSMUSG00000026970	CURATED:208[0];MGI:8785[13];MGI:8785[13|6>12|0];Ensembl.MGI:53873[1>0]
NP_001135807	Ensembl.RefSeq_peptide:78942[1];Ensembl.RefSeq_peptide:78942[1>0]	ENSMUSG00000032698	CURATED:152[0];MGI:190607[13];MGI:166937[13|6>12|0];Ensembl.MGI:56031[1>0]
NP_001135808	Ensembl.RefSeq_peptide:78936[1];Ensembl.RefSeq_peptide:78936[1>0]	ENSMUSG00000032698	CURATED:152[0];MGI:190607[13];MGI:166937[13|6>12|0];Ensembl.MGI:56031[1>0]
NP_001135809	Ensembl.RefSeq_peptide:78935[1];Ensembl.RefSeq_peptide:78935[1>0]	ENSMUSG00000032698	CURATED:152[0];MGI:190607[13];MGI:166937[13|6>12|0];Ensembl.MGI:56031[1>0]
NP_001139392	Ensembl.RefSeq_peptide:29145[1];Ensembl.RefSeq_peptide:29145[1>0]	ENSMUSG00000039153	CURATED:214[0];MGI:39119[13];MGI:39119[13|6>12|0];Ensembl.MGI:23408[1>0]
NP_001139510	Ensembl.RefSeq_peptide:29240[1];Ensembl.RefSeq_peptide:29240[1>0]	ENSMUSG00000039153	CURATED:214[0];MGI:39119[13];MGI:39119[13|6>12|0];Ensembl.MGI:23408[1>0]
NP_001152761	Ensembl.RefSeq_peptide:8631[1];Ensembl.RefSeq_peptide:8631[1>0]	ENSMUSG00000000861	CURATED:11[0];MGI:9828[13];MGI:9828[13|6>12|0];Ensembl.MGI:8348[1>0]
NP_001152762	Ensembl.RefSeq_peptide:8580[1];Ensembl.RefSeq_peptide:8580[1>0]	ENSMUSG00000000861	CURATED:11[0];MGI:9828[13];MGI:9828[13|6>12|0];Ensembl.MGI:8348[1>0]
NP_001152865	Ensembl.RefSeq_peptide:77683[1];Ensembl.RefSeq_peptide:77683[1>0]	ENSMUSG00000018899	CURATED:127[0];MGI:29446[13];MGI:29446[13|6>12|0];Ensembl.MGI:55376[1>0]
NP_001152868	Ensembl.RefSeq_peptide:77689[1];Ensembl.RefSeq_peptide:77689[1>0]	ENSMUSG00000018899	CURATED:127[0];MGI:29446[13];MGI:29446[13|6>12|0];Ensembl.MGI:55376[1>0]
NP_001152992	Ensembl.RefSeq_peptide:6092[1];Ensembl.RefSeq_peptide:6092[1>0]	ENSMUSG00000004872	CURATED:195[0];MGI:186225[13];MGI:186225[13|6>12|0];Ensembl.MGI:6514[1>0]
NP_001153039	Ensembl.RefSeq_peptide:70866[1];Ensembl.RefSeq_peptide:70866[1>0]	ENSMUSG00000027210	CURATED:164[0];MGI:18915[13];MGI:18915[13|6>12|0];Ensembl.MGI:51222[1>0]
NP_001153040	Ensembl.RefSeq_peptide:70853[1];Ensembl.RefSeq_peptide:70853[1>0]	ENSMUSG00000027210	CURATED:164[0];MGI:18915[13];MGI:18915[13|6>12|0];Ensembl.MGI:51222[1>0]
NP_001153041	Ensembl.RefSeq_peptide:70877[1];Ensembl.RefSeq_peptide:70877[1>0]	ENSMUSG00000027210	CURATED:164[0];MGI:18915[13];MGI:18915[13|6>12|0];Ensembl.MGI:51222[1>0]
NP_001153042	Ensembl.RefSeq_peptide:70879[1];Ensembl.RefSeq_peptide:70879[1>0]	ENSMUSG00000027210	CURATED:164[0];MGI:18915[13];MGI:18915[13|6>12|0];Ensembl.MGI:51222[1>0]
NP_001153168	Ensembl.RefSeq_peptide:68121[1];Ensembl.RefSeq_peptide:68121[1>0]	ENSMUSG00000028640	CURATED:257[0];MGI:20203[13];MGI:20203[13|6>12|0];Ensembl.MGI:49379[1>0]
NP_001153203	Ensembl.RefSeq_peptide:49808[1];Ensembl.RefSeq_peptide:49808[1>0]	ENSMUSG00000015843	CURATED:218[0];MGI:563075[13|6];MGI:563075[13|6>12|0];Ensembl.MGI:37484[1>0]
NP_001153372	Ensembl.RefSeq_peptide:77200[1];Ensembl.RefSeq_peptide:77200[1>0]	ENSMUSG00000059325	CURATED:100[0];MGI:3591[13];MGI:3591[13|6>12|0];Ensembl.MGI:55106[1>0]
NP_001153373	Ensembl.RefSeq_peptide:77194[1];Ensembl.RefSeq_peptide:77194[1>0]	ENSMUSG00000059325	CURATED:100[0];MGI:3591[13];MGI:3591[13|6>12|0];Ensembl.MGI:55106[1>0]
NP_001153878	Ensembl.RefSeq_peptide:15375[1];Ensembl.RefSeq_peptide:15375[1>0]	ENSMUSG00000026815	CURATED:83[0];MGI:101525[13|6];MGI:101525[13|6>12|0];Ensembl.MGI:13289[1>0]
NP_001155241	Ensembl.RefSeq_peptide:39516[1];Ensembl.RefSeq_peptide:39516[1>0]	ENSMUSG00000028266	CURATED:153[0];MGI:19245[13];MGI:19245[13|6>12|0];Ensembl.MGI:31205[1>0]
NP_001155242	Ensembl.RefSeq_peptide:39525[1];Ensembl.RefSeq_peptide:39525[1>0]	ENSMUSG00000028266	CURATED:153[0];MGI:19245[13];MGI:19245[13|6>12|0];Ensembl.MGI:31205[1>0]
NP_001157026	Ensembl.RefSeq_peptide:50457[1];Ensembl.RefSeq_peptide:50457[1>0]	ENSMUSG00000008496	CURATED:201[0];MGI:176985[13];MGI:176985[13|6>12|0];Ensembl.MGI:37552[1>0]
NP_001157027	Ensembl.RefSeq_peptide:50458[1];Ensembl.RefSeq_peptide:50458[1>0]	ENSMUSG00000008496	CURATED:201[0];MGI:176985[13];MGI:176985[13|6>12|0];Ensembl.MGI:37552[1>0]
NP_001157028	Ensembl.RefSeq_peptide:50435[1];Ensembl.RefSeq_peptide:50435[1>0]	ENSMUSG00000008496	CURATED:201[0];MGI:176985[13];MGI:176985[13|6>12|0];Ensembl.MGI:37552[1>0]
NP_001157102	Ensembl.RefSeq_peptide:5730[1];Ensembl.RefSeq_peptide:5730[1>0]	ENSMUSG00000023927	CURATED:219[0];MGI:9252[13];MGI:9252[13|6>12|0];Ensembl.MGI:6124[1>0]
NP_001157103	Ensembl.RefSeq_peptide:5754[1];Ensembl.RefSeq_peptide:5754[1>0]	ENSMUSG00000023927	CURATED:219[0];MGI:9252[13];MGI:9252[13|6>12|0];Ensembl.MGI:6124[1>0]
NP_001157104	Ensembl.RefSeq_peptide:5714[1];Ensembl.RefSeq_peptide:5714[1>0]	ENSMUSG00000023927	CURATED:219[0];MGI:9252[13];MGI:9252[13|6>12|0];Ensembl.MGI:6124[1>0]
NP_001157534	Ensembl.RefSeq_peptide:25735[1];Ensembl.RefSeq_peptide:25735[1>0]	ENSMUSG00000004043	CURATED:243[0];MGI:21438[13];MGI:21438[13|6>12|0];Ensembl.MGI:20980[1>0]
NP_001157619	Ensembl.RefSeq_peptide:49122[1];Ensembl.RefSeq_peptide:49122[1>0]	ENSMUSG00000020167	CURATED:253[0];MGI:20040[13];MGI:20040[13|6>12|0];Ensembl.MGI:36510[1>0]
NP_001157620	Ensembl.RefSeq_peptide:49141[1];Ensembl.RefSeq_peptide:49141[1>0]	ENSMUSG00000020167	CURATED:253[0];MGI:20040[13];MGI:20040[13|6>12|0];Ensembl.MGI:36510[1>0]
NP_001157621	Ensembl.RefSeq_peptide:49139[1];Ensembl.RefSeq_peptide:49139[1>0]	ENSMUSG00000020167	CURATED:253[0];MGI:20040[13];MGI:20040[13|6>12|0];Ensembl.MGI:36510[1>0]
NP_001157622	Ensembl.RefSeq_peptide:49055[1];Ensembl.RefSeq_peptide:49055[1>0]	ENSMUSG00000020167	CURATED:253[0];MGI:20040[13];MGI:20040[13|6>12|0];Ensembl.MGI:36510[1>0]
NP_001157623	Ensembl.RefSeq_peptide:49157[1];Ensembl.RefSeq_peptide:49157[1>0]	ENSMUSG00000020167	CURATED:253[0];MGI:20040[13];MGI:20040[13|6>12|0];Ensembl.MGI:36510[1>0]
NP_001157624	Ensembl.RefSeq_peptide:49123[1];Ensembl.RefSeq_peptide:49123[1>0]	ENSMUSG00000020167	CURATED:253[0];MGI:20040[13];MGI:20040[13|6>12|0];Ensembl.MGI:36510[1>0]
NP_001157625	Ensembl.RefSeq_peptide:49155[1];Ensembl.RefSeq_peptide:49155[1>0]	ENSMUSG00000020167	CURATED:253[0];MGI:20040[13];MGI:20040[13|6>12|0];Ensembl.MGI:36510[1>0]
NP_001158261	Ensembl.RefSeq_peptide:54913[1];Ensembl.RefSeq_peptide:54913[1>0]	ENSMUSG00000032446	CURATED:46[0];MGI:37628[13];MGI:37628[13|6>12|0];Ensembl.MGI:41076[1>0]
NP_001159374	Ensembl.RefSeq_peptide:56935[1];Ensembl.RefSeq_peptide:56935[1>0]	ENSMUSG00000006932	CURATED:25[0];MGI:35392[13];MGI:35392[13|6>12|0];Ensembl.MGI:42271[1>0]
NP_001159857	Ensembl.RefSeq_peptide:14148[1];Ensembl.RefSeq_peptide:14148[1>0]	ENSMUSG00000025323	CURATED:234[0];MGI:15238[13];MGI:15238[13|6>12|0];Ensembl.MGI:12581[1>0]
NP_001160007	Ensembl.RefSeq_peptide:60755[1];Ensembl.RefSeq_peptide:60755[1>0]	ENSMUSG00000046711	CURATED:98[0];MGI:26959[13];MGI:26959[13|6>12|0];Ensembl.MGI:44650[1>0]
NP_001160008	Ensembl.RefSeq_peptide:60757[1];Ensembl.RefSeq_peptide:60757[1>0]	ENSMUSG00000046711	CURATED:98[0];MGI:26959[13];MGI:26959[13|6>12|0];Ensembl.MGI:44650[1>0]
NP_001160009	Ensembl.RefSeq_peptide:60866[1];Ensembl.RefSeq_peptide:60866[1>0]	ENSMUSG00000046711	CURATED:98[0];MGI:26959[13];MGI:26959[13|6>12|0];Ensembl.MGI:44650[1>0]
NP_001160011	Ensembl.RefSeq_peptide:60815[1];Ensembl.RefSeq_peptide:60815[1>0]	ENSMUSG00000046711	CURATED:98[0];MGI:26959[13];MGI:26959[13|6>12|0];Ensembl.MGI:44650[1>0]
NP_001160012	Ensembl.RefSeq_peptide:60776[1];Ensembl.RefSeq_peptide:60776[1>0]	ENSMUSG00000046711	CURATED:98[0];MGI:26959[13];MGI:26959[13|6>12|0];Ensembl.MGI:44650[1>0]
NP_001160013	Ensembl.RefSeq_peptide:60777[1];Ensembl.RefSeq_peptide:60777[1>0]	ENSMUSG00000046711	CURATED:98[0];MGI:26959[13];MGI:26959[13|6>12|0];Ensembl.MGI:44650[1>0]
NP_001160014	Ensembl.RefSeq_peptide:60778[1];Ensembl.RefSeq_peptide:60778[1>0]	ENSMUSG00000046711	CURATED:98[0];MGI:26959[13];MGI:26959[13|6>12|0];Ensembl.MGI:44650[1>0]
NP_001160015	Ensembl.RefSeq_peptide:60838[1];Ensembl.RefSeq_peptide:60838[1>0]	ENSMUSG00000046711	CURATED:98[0];MGI:26959[13];MGI:26959[13|6>12|0];Ensembl.MGI:44650[1>0]
NP_001160016	Ensembl.RefSeq_peptide:60839[1];Ensembl.RefSeq_peptide:60839[1>0]	ENSMUSG00000046711	CURATED:98[0];MGI:26959[13];MGI:26959[13|6>12|0];Ensembl.MGI:44650[1>0]
NP_001160017	Ensembl.RefSeq_peptide:60869[1];Ensembl.RefSeq_peptide:60869[1>0]	ENSMUSG00000046711	CURATED:98[0];MGI:26959[13];MGI:26959[13|6>12|0];Ensembl.MGI:44650[1>0]
NP_001160018	Ensembl.RefSeq_peptide:60824[1];Ensembl.RefSeq_peptide:60824[1>0]	ENSMUSG00000046711	CURATED:98[0];MGI:26959[13];MGI:26959[13|6>12|0];Ensembl.MGI:44650[1>0]
NP_001169999	Ensembl.RefSeq_peptide:15400[1];Ensembl.RefSeq_peptide:15400[1>0]	ENSMUSG00000037992	CURATED:205[0];MGI:190162[13|6];MGI:190162[13|6>12|0];Ensembl.MGI:13285[1>0]
NP_001170773	Ensembl.RefSeq_peptide:15394[1];Ensembl.RefSeq_peptide:15394[1>0]	ENSMUSG00000037992	CURATED:205[0];MGI:190162[13|6];MGI:190162[13|6>12|0];Ensembl.MGI:13285[1>0]
NP_001170774	Ensembl.RefSeq_peptide:15401[1];Ensembl.RefSeq_peptide:15401[1>0]	ENSMUSG00000037992	CURATED:205[0];MGI:190162[13|6];MGI:190162[13|6>12|0];Ensembl.MGI:13285[1>0]
NP_001170823	Ensembl.RefSeq_peptide:3723[1];Ensembl.RefSeq_peptide:3723[1>0]	ENSMUSG00000022346	CURATED:176[0];MGI:29060[13];MGI:29060[13|6>12|0];Ensembl.MGI:4600[1>0]
NP_001170824	Ensembl.RefSeq_peptide:3734[1];Ensembl.RefSeq_peptide:3734[1>0]	ENSMUSG00000022346	CURATED:176[0];MGI:29060[13];MGI:29060[13|6>12|0];Ensembl.MGI:4600[1>0]
NP_001170825	Ensembl.RefSeq_peptide:3724[1];Ensembl.RefSeq_peptide:3724[1>0]	ENSMUSG00000022346	CURATED:176[0];MGI:29060[13];MGI:29060[13|6>12|0];Ensembl.MGI:4600[1>0]
NP_001171520	Ensembl.RefSeq_peptide:22010[1];Ensembl.RefSeq_peptide:22010[1>0]	ENSMUSG00000035158	CURATED:168[0];MGI:36378[13];MGI:36378[13|6>12|0];Ensembl.MGI:18273[1>0]
NP_001171635	Ensembl.RefSeq_peptide:29088[1];Ensembl.RefSeq_peptide:29088[1>0]	ENSMUSG00000032411	CURATED:259[0];MGI:3705[13];MGI:3705[13|6>12|0];Ensembl.MGI:23152[1>0]
NP_001171637	Ensembl.RefSeq_peptide:29002[1];Ensembl.RefSeq_peptide:29002[1>0]	ENSMUSG00000032411	CURATED:259[0];MGI:3705[13];MGI:3705[13|6>12|0];Ensembl.MGI:23152[1>0]
NP_001171638	Ensembl.RefSeq_peptide:29159[1];Ensembl.RefSeq_peptide:29159[1>0]	ENSMUSG00000032411	CURATED:259[0];MGI:3705[13];MGI:3705[13|6>12|0];Ensembl.MGI:23152[1>0]
NP_001171639	Ensembl.RefSeq_peptide:29198[1];Ensembl.RefSeq_peptide:29198[1>0]	ENSMUSG00000032411	CURATED:259[0];MGI:3705[13];MGI:3705[13|6>12|0];Ensembl.MGI:23152[1>0]
NP_001171640	Ensembl.RefSeq_peptide:29224[1];Ensembl.RefSeq_peptide:29224[1>0]	ENSMUSG00000032411	CURATED:259[0];MGI:3705[13];MGI:3705[13|6>12|0];Ensembl.MGI:23152[1>0]
NP_001180200	Ensembl.RefSeq_peptide:70481[1];Ensembl.RefSeq_peptide:70481[1>0]	ENSMUSG00000020160	CURATED:163[0];MGI:37330[13];MGI:37330[13|6>12|0];Ensembl.MGI:50979[1>0]
NP_001182494	Ensembl.RefSeq_peptide:72227[1];Ensembl.RefSeq_peptide:72227[1>0]	ENSMUSG00000014592	CURATED:13[0];MGI:6742[13];MGI:6742[13|6>12|0];Ensembl.MGI:51932[1>0]
NP_001184250	Ensembl.RefSeq_peptide:27178[1];Ensembl.RefSeq_peptide:27178[1>0]	ENSMUSG00000030067	CURATED:72[0];MGI:10840[13];MGI:10840[13|6>12|0];Ensembl.MGI:21528[1>0]
NP_001184251	Ensembl.RefSeq_peptide:27243[1];Ensembl.RefSeq_peptide:27243[1>0]	ENSMUSG00000030067	CURATED:72[0];MGI:10840[13];MGI:10840[13|6>12|0];Ensembl.MGI:21528[1>0]
NP_001185843	Ensembl.RefSeq_peptide:38634[1];Ensembl.RefSeq_peptide:38634[1>0]	ENSMUSG00000019982	CURATED:174[0];MGI:25180[13];MGI:25180[13|6>12|0];Ensembl.MGI:30669[1>0]
NP_001186276	Ensembl.RefSeq_peptide:11950[1];Ensembl.RefSeq_peptide:11950[1>0]	ENSMUSG00000039521	CURATED:73[0];MGI:564093[13];MGI:100569[13|6>12|0];Ensembl.MGI:10638[1>0]
NP_001186277	Ensembl.RefSeq_peptide:11951[1];Ensembl.RefSeq_peptide:11951[1>0]	ENSMUSG00000039521	CURATED:73[0];MGI:564093[13];MGI:100569[13|6>12|0];Ensembl.MGI:10638[1>0]
NP_001192143	Ensembl.RefSeq_peptide:47944[1];Ensembl.RefSeq_peptide:47944[1>0]	ENSMUSG00000039656	CURATED:217[0];MGI:26958[13];MGI:26958[13|6>12|0];Ensembl.MGI:36374[1>0]
NP_001192144	Ensembl.RefSeq_peptide:47973[1];Ensembl.RefSeq_peptide:47973[1>0]	ENSMUSG00000039656	CURATED:217[0];MGI:26958[13];MGI:26958[13|6>12|0];Ensembl.MGI:36374[1>0]
NP_001192145	Ensembl.RefSeq_peptide:47976[1];Ensembl.RefSeq_peptide:47976[1>0]	ENSMUSG00000039656	CURATED:217[0];MGI:26958[13];MGI:26958[13|6>12|0];Ensembl.MGI:36374[1>0]
NP_001192242	Ensembl.RefSeq_peptide:17977[1];Ensembl.RefSeq_peptide:17977[1>0]	ENSMUSG00000026104	CURATED:240[0];MGI:6918[13];MGI:6918[13|6>12|0];Ensembl.MGI:14824[1>0]
NP_001192243	Ensembl.RefSeq_peptide:17941[1];Ensembl.RefSeq_peptide:17941[1>0]	ENSMUSG00000026104	CURATED:240[0];MGI:6918[13];MGI:6918[13|6>12|0];Ensembl.MGI:14824[1>0]
NP_001229863	Ensembl.RefSeq_peptide:8637[1];Ensembl.RefSeq_peptide:8637[1>0]	ENSMUSG00000000861	CURATED:11[0];MGI:9828[13];MGI:9828[13|6>12|0];Ensembl.MGI:8348[1>0]
NP_001231127	Ensembl.RefSeq_peptide:64860[1];Ensembl.RefSeq_peptide:64860[1>0]	ENSMUSG00000027168	CURATED:197[0];MGI:4727[13];MGI:4727[13|6>12|0];Ensembl.MGI:47218[1>0]
NP_001231129	Ensembl.RefSeq_peptide:64941[1];Ensembl.RefSeq_peptide:64941[1>0]	ENSMUSG00000027168	CURATED:197[0];MGI:4727[13];MGI:4727[13|6>12|0];Ensembl.MGI:47218[1>0]
NP_001231130	Ensembl.RefSeq_peptide:64863[1];Ensembl.RefSeq_peptide:64863[1>0]	ENSMUSG00000027168	CURATED:197[0];MGI:4727[13];MGI:4727[13|6>12|0];Ensembl.MGI:47218[1>0]
NP_001231131	Ensembl.RefSeq_peptide:64917[1];Ensembl.RefSeq_peptide:64917[1>0]	ENSMUSG00000027168	CURATED:197[0];MGI:4727[13];MGI:4727[13|6>12|0];Ensembl.MGI:47218[1>0]
NP_001239529	Ensembl.RefSeq_peptide:78642[1];Ensembl.RefSeq_peptide:78642[1>0]	ENSMUSG00000025498	CURATED:129[0];MGI:164545[13|6];MGI:164545[13|6>12|0];Ensembl.MGI:55857[1>0]
NP_001239530	Ensembl.RefSeq_peptide:78633[1];Ensembl.RefSeq_peptide:78633[1>0]	ENSMUSG00000025498	CURATED:129[0];MGI:164545[13|6];MGI:164545[13|6>12|0];Ensembl.MGI:55857[1>0]
NP_001240751	Ensembl.RefSeq_peptide:29140[1];Ensembl.RefSeq_peptide:29140[1>0]	ENSMUSG00000031734	CURATED:132[0];MGI:26556[13];MGI:26556[13|6>12|0];Ensembl.MGI:23549[1>0]
NP_001254550	Ensembl.RefSeq_peptide:15185[1];Ensembl.RefSeq_peptide:15185[1>0]	ENSMUSG00000029275	CURATED:82[0];MGI:31726[13];MGI:31726[13|6>12|0];Ensembl.MGI:13172[1>0]
NP_001258432	Ensembl.RefSeq_peptide:26506[1];Ensembl.RefSeq_peptide:26506[1>0]	ENSMUSG00000063889	CURATED:24[0];MGI:64827[13|6];MGI:64827[13|6>12|0];Ensembl.MGI:21105[1>0]
NP_001258433	Ensembl.RefSeq_peptide:26484[1];Ensembl.RefSeq_peptide:26484[1>0]	ENSMUSG00000063889	CURATED:24[0];MGI:64827[13|6];MGI:64827[13|6>12|0];Ensembl.MGI:21105[1>0]
NP_001258434	Ensembl.RefSeq_peptide:26600[1];Ensembl.RefSeq_peptide:26600[1>0]	ENSMUSG00000063889	CURATED:24[0];MGI:64827[13|6];MGI:64827[13|6>12|0];Ensembl.MGI:21105[1>0]
NP_001258435	Ensembl.RefSeq_peptide:26592[1];Ensembl.RefSeq_peptide:26592[1>0]	ENSMUSG00000063889	CURATED:24[0];MGI:64827[13|6];MGI:64827[13|6>12|0];Ensembl.MGI:21105[1>0]
NP_001258556	Ensembl.RefSeq_peptide:29241[1];Ensembl.RefSeq_peptide:29241[1>0]	ENSMUSG00000039153	CURATED:214[0];MGI:39119[13];MGI:39119[13|6>12|0];Ensembl.MGI:23408[1>0]
NP_001258559	Ensembl.RefSeq_peptide:29144[1];Ensembl.RefSeq_peptide:29144[1>0]	ENSMUSG00000039153	CURATED:214[0];MGI:39119[13];MGI:39119[13|6>12|0];Ensembl.MGI:23408[1>0]
NP_001258560	Ensembl.RefSeq_peptide:29146[1];Ensembl.RefSeq_peptide:29146[1>0]	ENSMUSG00000039153	CURATED:214[0];MGI:39119[13];MGI:39119[13|6>12|0];Ensembl.MGI:23408[1>0]
NP_001258659	Ensembl.RefSeq_peptide:78721[1];Ensembl.RefSeq_peptide:78721[1>0]	ENSMUSG00000020484	CURATED:268[0];MGI:67336[13];MGI:67336[13|6>12|0];Ensembl.MGI:55899[1>0]
NP_001263316	Ensembl.RefSeq_peptide:10369[1];Ensembl.RefSeq_peptide:10369[1>0]	ENSMUSG00000022053	CURATED:36[0];MGI:70178[13];MGI:70178[13|6>12|0];Ensembl.MGI:9696[1>0]
NP_001263331	Ensembl.RefSeq_peptide:21655[1];Ensembl.RefSeq_peptide:21655[1>0]	ENSMUSG00000027985	CURATED:149[0];MGI:24611[13];MGI:24611[13|6>12|0];Ensembl.MGI:18081[1>0]
NP_001263332	Ensembl.RefSeq_peptide:21665[1];Ensembl.RefSeq_peptide:21665[1>0]	ENSMUSG00000027985	CURATED:149[0];MGI:24611[13];MGI:24611[13|6>12|0];Ensembl.MGI:18081[1>0]
NP_001264167	Ensembl.RefSeq_peptide:57556[1];Ensembl.RefSeq_peptide:57556[1>0]	ENSMUSG00000038227	CURATED:108[0];MGI:161747[13];MGI:161747[13|6>12|0];Ensembl.MGI:42788[1>0]
NP_001264255	Ensembl.RefSeq_peptide:40761[1];Ensembl.RefSeq_peptide:40761[1>0]	ENSMUSG00000051910	CURATED:230[0];MGI:26623[13];MGI:26623[13|6>12|0];Ensembl.MGI:31760[1>0]
NP_001264256	Ensembl.RefSeq_peptide:40671[1];Ensembl.RefSeq_peptide:40671[1>0]	ENSMUSG00000051910	CURATED:230[0];MGI:26623[13];MGI:26623[13|6>12|0];Ensembl.MGI:31760[1>0]
NP_001264257	Ensembl.RefSeq_peptide:40754[1];Ensembl.RefSeq_peptide:40754[1>0]	ENSMUSG00000051910	CURATED:230[0];MGI:26623[13];MGI:26623[13|6>12|0];Ensembl.MGI:31760[1>0]
NP_001269896	Ensembl.RefSeq_peptide:13409[1];Ensembl.RefSeq_peptide:13409[1>0]	ENSMUSG00000008398	CURATED:43[0];MGI:78039[13];MGI:78039[13|6>12|0];Ensembl.MGI:11960[1>0]
NP_001272734	Ensembl.RefSeq_peptide:1417[1];Ensembl.RefSeq_peptide:1417[1>0]	ENSMUSG00000022708	CURATED:270[0];MGI:4436[13];MGI:4436[13|6>12|0];Ensembl.MGI:2728[1>0]
NP_001273189	Ensembl.RefSeq_peptide:8201[1];Ensembl.RefSeq_peptide:8201[1>0]	ENSMUSG00000003847	CURATED:178[0];MGI:23262[13];MGI:23262[13|6>12|0];Ensembl.MGI:7976[1>0]
NP_001273272	Ensembl.RefSeq_peptide:25653[1];Ensembl.RefSeq_peptide:25653[1>0]	ENSMUSG00000048251	CURATED:12[0];MGI:17509[13];MGI:17509[13|6>12|0];Ensembl.MGI:21032[1>0]
NP_001273312	Ensembl.RefSeq_peptide:60481[1];Ensembl.RefSeq_peptide:60481[1>0]	ENSMUSG00000054400	CURATED:22[0];MGI:4908[13];MGI:4908[13|6>12|0];Ensembl.MGI:44591[1>0]
NP_001273340	Ensembl.RefSeq_peptide:28219[1];Ensembl.RefSeq_peptide:28219[1>0]	ENSMUSG00000036461	CURATED:41[0];MGI:95329[13|6];MGI:95329[13|6>12|0];Ensembl.MGI:22758[1>0]
NP_001273341	Ensembl.RefSeq_peptide:28222[1];Ensembl.RefSeq_peptide:28222[1>0]	ENSMUSG00000036461	CURATED:41[0];MGI:95329[13|6];MGI:95329[13|6>12|0];Ensembl.MGI:22758[1>0]
NP_001273410	Ensembl.RefSeq_peptide:20078[1];Ensembl.RefSeq_peptide:20078[1>0]	ENSMUSG00000021848	CURATED:193[0];MGI:88143[13];MGI:88143[13|6>12|0];Ensembl.MGI:16912[1>0]
NP_001273411	Ensembl.RefSeq_peptide:20066[1];Ensembl.RefSeq_peptide:20066[1>0]	ENSMUSG00000021848	CURATED:193[0];MGI:88143[13];MGI:88143[13|6>12|0];Ensembl.MGI:16912[1>0]
NP_001273412	Ensembl.RefSeq_peptide:20092[1];Ensembl.RefSeq_peptide:20092[1>0]	ENSMUSG00000021848	CURATED:193[0];MGI:88143[13];MGI:88143[13|6>12|0];Ensembl.MGI:16912[1>0]
NP_001273873	Ensembl.RefSeq_peptide:50425[1];Ensembl.RefSeq_peptide:50425[1>0]	ENSMUSG00000071076	CURATED:137[0];MGI:164901[13];MGI:164900[13|6>12|0];Ensembl.MGI:37955[1>0]
NP_001274317	Ensembl.RefSeq_peptide:66471[1];Ensembl.RefSeq_peptide:66471[1>0]	ENSMUSG00000028717	CURATED:245[0];MGI:161897[13];MGI:161897[13|6>12|0];Ensembl.MGI:48327[1>0]
NP_001274443	Ensembl.RefSeq_peptide:77217[1];Ensembl.RefSeq_peptide:77217[1>0]	ENSMUSG00000034957	CURATED:17[0];MGI:40069[13];MGI:40069[13|6>12|0];Ensembl.MGI:55127[1>0]
NP_001274444	Ensembl.RefSeq_peptide:77214[1];Ensembl.RefSeq_peptide:77214[1>0]	ENSMUSG00000034957	CURATED:17[0];MGI:40069[13];MGI:40069[13|6>12|0];Ensembl.MGI:55127[1>0]
NP_001274450	Ensembl.RefSeq_peptide:77216[1];Ensembl.RefSeq_peptide:77216[1>0]	ENSMUSG00000034957	CURATED:17[0];MGI:40069[13];MGI:40069[13|6>12|0];Ensembl.MGI:55127[1>0]
NP_001274452	Ensembl.RefSeq_peptide:77215[1];Ensembl.RefSeq_peptide:77215[1>0]	ENSMUSG00000034957	CURATED:17[0];MGI:40069[13];MGI:40069[13|6>12|0];Ensembl.MGI:55127[1>0]
NP_001274667	Ensembl.RefSeq_peptide:77804[1];Ensembl.RefSeq_peptide:77804[1>0]	ENSMUSG00000056501	CURATED:18[0];MGI:174604[13];MGI:40072[13|6>12|0];Ensembl.MGI:55448[1>0]
NP_001274668	Ensembl.RefSeq_peptide:77805[1];Ensembl.RefSeq_peptide:77805[1>0]	ENSMUSG00000056501	CURATED:18[0];MGI:174604[13];MGI:40072[13|6>12|0];Ensembl.MGI:55448[1>0]
NP_001275554	Ensembl.RefSeq_peptide:53976[1];Ensembl.RefSeq_peptide:53976[1>0]	ENSMUSG00000019564	CURATED:5[0];MGI:86647[13];MGI:28126[13|6>12|0];Ensembl.MGI:40192[1>0]
NP_001275555	Ensembl.RefSeq_peptide:53968[1];Ensembl.RefSeq_peptide:53968[1>0]	ENSMUSG00000019564	CURATED:5[0];MGI:86647[13];MGI:28126[13|6>12|0];Ensembl.MGI:40192[1>0]
NP_001276393	Ensembl.RefSeq_peptide:54952[1];Ensembl.RefSeq_peptide:54952[1>0]	ENSMUSG00000025902	CURATED:225[0];MGI:566108[13|6];MGI:566108[13|6>12|0];Ensembl.MGI:41126[1>0]
NP_001276394	Ensembl.RefSeq_peptide:54941[1];Ensembl.RefSeq_peptide:54941[1>0]	ENSMUSG00000025902	CURATED:225[0];MGI:566108[13|6];MGI:566108[13|6>12|0];Ensembl.MGI:41126[1>0]
NP_001276395	Ensembl.RefSeq_peptide:54940[1];Ensembl.RefSeq_peptide:54940[1>0]	ENSMUSG00000025902	CURATED:225[0];MGI:566108[13|6];MGI:566108[13|6>12|0];Ensembl.MGI:41126[1>0]
NP_001276396	Ensembl.RefSeq_peptide:54939[1];Ensembl.RefSeq_peptide:54939[1>0]	ENSMUSG00000025902	CURATED:225[0];MGI:566108[13|6];MGI:566108[13|6>12|0];Ensembl.MGI:41126[1>0]
NP_001276400	Ensembl.RefSeq_peptide:19882[1];Ensembl.RefSeq_peptide:19882[1>0]	ENSMUSG00000037465	CURATED:139[0];MGI:22931[13];MGI:22931[13|6>12|0];Ensembl.MGI:16821[1>0]
NP_001276450	Ensembl.RefSeq_peptide:73845[1];Ensembl.RefSeq_peptide:73845[1>0]	ENSMUSG00000026872	CURATED:272[0];MGI:17429[13];MGI:17429[13|6>12|0];Ensembl.MGI:53126[1>0]
NP_001276689	Ensembl.RefSeq_peptide:37605[1];Ensembl.RefSeq_peptide:37605[1>0]	ENSMUSG00000017491	CURATED:206[0];MGI:160284[13];MGI:160284[13|6>12|0];Ensembl.MGI:29871[1>0]
NP_001276690	Ensembl.RefSeq_peptide:37607[1];Ensembl.RefSeq_peptide:37607[1>0]	ENSMUSG00000017491	CURATED:206[0];MGI:160284[13];MGI:160284[13|6>12|0];Ensembl.MGI:29871[1>0]
NP_001276691	Ensembl.RefSeq_peptide:37606[1];Ensembl.RefSeq_peptide:37606[1>0]	ENSMUSG00000017491	CURATED:206[0];MGI:160284[13];MGI:160284[13|6>12|0];Ensembl.MGI:29871[1>0]
NP_001276757	Ensembl.RefSeq_peptide:69878[1];Ensembl.RefSeq_peptide:69878[1>0]	ENSMUSG00000012396	CURATED:177[0];MGI:8264[13];MGI:8264[13|6>12|0];Ensembl.MGI:50530[1>0]
NP_001276759	Ensembl.RefSeq_peptide:69877[1];Ensembl.RefSeq_peptide:69877[1>0]	ENSMUSG00000012396	CURATED:177[0];MGI:8264[13];MGI:8264[13|6>12|0];Ensembl.MGI:50530[1>0]
NP_001276760	Ensembl.RefSeq_peptide:69876[1];Ensembl.RefSeq_peptide:69876[1>0]	ENSMUSG00000012396	CURATED:177[0];MGI:8264[13];MGI:8264[13|6>12|0];Ensembl.MGI:50530[1>0]
NP_001276845	Ensembl.RefSeq_peptide:53956[1];Ensembl.RefSeq_peptide:53956[1>0]	ENSMUSG00000032238	CURATED:210[0];MGI:18025[13];MGI:18025[13|6>12|0];Ensembl.MGI:40181[1>0]
NP_001276849	Ensembl.RefSeq_peptide:8914[1];Ensembl.RefSeq_peptide:8914[1>0]	ENSMUSG00000016477	CURATED:33[0];MGI:88225[13|6];MGI:88225[13|6>12|0];Ensembl.MGI:8567[1>0]
NP_001276850	Ensembl.RefSeq_peptide:27041[1];Ensembl.RefSeq_peptide:27041[1>0]	ENSMUSG00000036192	CURATED:211[0];MGI:162214[13];MGI:162214[13|6>12|0];Ensembl.MGI:21910[1>0]
NP_001277326	Ensembl.RefSeq_peptide:4369[1];Ensembl.RefSeq_peptide:4369[1>0]	ENSMUSG00000025912	CURATED:175[0];MGI:190864[13];MGI:173878[13|6>12|0];Ensembl.MGI:5037[1>0]
NP_001277410	Ensembl.RefSeq_peptide:80473[1];Ensembl.RefSeq_peptide:80473[1>0]	ENSMUSG00000015846	CURATED:216[0];MGI:18105[13];MGI:18105[13|6>12|0];Ensembl.MGI:56805[1>0]
NP_001277411	Ensembl.RefSeq_peptide:80474[1];Ensembl.RefSeq_peptide:80474[1>0]	ENSMUSG00000015846	CURATED:216[0];MGI:18105[13];MGI:18105[13|6>12|0];Ensembl.MGI:56805[1>0]
NP_001277575	Ensembl.RefSeq_peptide:73029[1];Ensembl.RefSeq_peptide:73029[1>0]	ENSMUSG00000000247	CURATED:151[0];MGI:166743[13|6];MGI:166743[13|6>12|0];Ensembl.MGI:52419[1>0]
NP_001277638	Ensembl.RefSeq_peptide:28542[1];Ensembl.RefSeq_peptide:28542[1>0]	ENSMUSG00000057098	CURATED:35[0];MGI:32452[13];MGI:32452[13|6>12|0];Ensembl.MGI:23013[1>0]
NP_001277639	Ensembl.RefSeq_peptide:28550[1];Ensembl.RefSeq_peptide:28550[1>0]	ENSMUSG00000057098	CURATED:35[0];MGI:32452[13];MGI:32452[13|6>12|0];Ensembl.MGI:23013[1>0]
NP_001277640	Ensembl.RefSeq_peptide:28534[1];Ensembl.RefSeq_peptide:28534[1>0]	ENSMUSG00000057098	CURATED:35[0];MGI:32452[13];MGI:32452[13|6>12|0];Ensembl.MGI:23013[1>0]
NP_001277988	Ensembl.RefSeq_peptide:63255[1];Ensembl.RefSeq_peptide:63255[1>0]	ENSMUSG00000037174	CURATED:42[0];MGI:9076[13];MGI:9076[13|6>12|0];Ensembl.MGI:46374[1>0]
NP_001277991	Ensembl.RefSeq_peptide:63265[1];Ensembl.RefSeq_peptide:63265[1>0]	ENSMUSG00000037174	CURATED:42[0];MGI:9076[13];MGI:9076[13|6>12|0];Ensembl.MGI:46374[1>0]
NP_001277992	Ensembl.RefSeq_peptide:63270[1];Ensembl.RefSeq_peptide:63270[1>0]	ENSMUSG00000037174	CURATED:42[0];MGI:9076[13];MGI:9076[13|6>12|0];Ensembl.MGI:46374[1>0]
NP_001277994	Ensembl.RefSeq_peptide:72746[1];Ensembl.RefSeq_peptide:72746[1>0]	ENSMUSG00000037025	CURATED:60[0];MGI:161639[13];MGI:100524[13|6>12|0];Ensembl.MGI:52284[1>0]
NP_001277996	Ensembl.RefSeq_peptide:72745[1];Ensembl.RefSeq_peptide:72745[1>0]	ENSMUSG00000037025	CURATED:60[0];MGI:161639[13];MGI:100524[13|6>12|0];Ensembl.MGI:52284[1>0]
NP_001278120	Ensembl.RefSeq_peptide:15278[1];Ensembl.RefSeq_peptide:15278[1>0]	ENSMUSG00000030557	CURATED:160[0];MGI:18849[13];MGI:18849[13|6>12|0];Ensembl.MGI:13170[1>0]
NP_001278121	Ensembl.RefSeq_peptide:15273[1];Ensembl.RefSeq_peptide:15273[1>0]	ENSMUSG00000030557	CURATED:160[0];MGI:18849[13];MGI:18849[13|6>12|0];Ensembl.MGI:13170[1>0]
NP_001278124	Ensembl.RefSeq_peptide:15263[1];Ensembl.RefSeq_peptide:15263[1>0]	ENSMUSG00000030557	CURATED:160[0];MGI:18849[13];MGI:18849[13|6>12|0];Ensembl.MGI:13170[1>0]
NP_001278125	Ensembl.RefSeq_peptide:15262[1];Ensembl.RefSeq_peptide:15262[1>0]	ENSMUSG00000030557	CURATED:160[0];MGI:18849[13];MGI:18849[13|6>12|0];Ensembl.MGI:13170[1>0]
NP_001278437	Ensembl.RefSeq_peptide:49985[1];Ensembl.RefSeq_peptide:49985[1>0]	ENSMUSG00000052534	CURATED:198[0];MGI:8021[13];MGI:8021[13|6>12|0];Ensembl.MGI:37624[1>0]
NP_001278438	Ensembl.RefSeq_peptide:49987[1];Ensembl.RefSeq_peptide:49987[1>0]	ENSMUSG00000052534	CURATED:198[0];MGI:8021[13];MGI:8021[13|6>12|0];Ensembl.MGI:37624[1>0]
NP_001278694	Ensembl.RefSeq_peptide:10866[1];Ensembl.RefSeq_peptide:10866[1>0]	ENSMUSG00000038482	CURATED:258[0];MGI:569176[13|6];MGI:569176[13|6>12|0];Ensembl.MGI:10049[1>0]
NP_001278695	Ensembl.RefSeq_peptide:10894[1];Ensembl.RefSeq_peptide:10894[1>0]	ENSMUSG00000038482	CURATED:258[0];MGI:569176[13|6];MGI:569176[13|6>12|0];Ensembl.MGI:10049[1>0]
NP_001278697	Ensembl.RefSeq_peptide:10881[1];Ensembl.RefSeq_peptide:10881[1>0]	ENSMUSG00000038482	CURATED:258[0];MGI:569176[13|6];MGI:569176[13|6>12|0];Ensembl.MGI:10049[1>0]
NP_001280663	Ensembl.RefSeq_peptide:52853[1];Ensembl.RefSeq_peptide:52853[1>0]	ENSMUSG00000028150	CURATED:212[0];MGI:581994[13];MGI:191921[13|6>12|0];Ensembl.MGI:39406[1>0]
NP_001288603	Ensembl.RefSeq_peptide:551[1];Ensembl.RefSeq_peptide:551[1>0]	ENSMUSG00000021359	CURATED:256[0];MGI:27775[13];MGI:27775[13|6>12|0];Ensembl.MGI:2024[1>0]
NP_001288740	Ensembl.RefSeq_peptide:53311[1];Ensembl.RefSeq_peptide:53311[1>0]	ENSMUSG00000041515	CURATED:130[0];MGI:26535[13];MGI:26535[13|6>12|0];Ensembl.MGI:39697[1>0]
NP_001288792	Ensembl.RefSeq_peptide:72616[1];Ensembl.RefSeq_peptide:72616[1>0]	ENSMUSG00000018654	CURATED:124[0];MGI:15595[13];MGI:15595[13|6>12|0];Ensembl.MGI:52129[1>0]
NP_001288794	Ensembl.RefSeq_peptide:72613[1];Ensembl.RefSeq_peptide:72613[1>0]	ENSMUSG00000018654	CURATED:124[0];MGI:15595[13];MGI:15595[13|6>12|0];Ensembl.MGI:52129[1>0]
NP_001288795	Ensembl.RefSeq_peptide:72626[1];Ensembl.RefSeq_peptide:72626[1>0]	ENSMUSG00000018654	CURATED:124[0];MGI:15595[13];MGI:15595[13|6>12|0];Ensembl.MGI:52129[1>0]
NP_001288797	Ensembl.RefSeq_peptide:72576[1];Ensembl.RefSeq_peptide:72576[1>0]	ENSMUSG00000018654	CURATED:124[0];MGI:15595[13];MGI:15595[13|6>12|0];Ensembl.MGI:52129[1>0]
NP_001289081	Ensembl.RefSeq_peptide:15380[1];Ensembl.RefSeq_peptide:15380[1>0]	ENSMUSG00000040732	CURATED:48[0];MGI:65773[13];MGI:65773[13|6>12|0];Ensembl.MGI:13190[1>0]
NP_001289082	Ensembl.RefSeq_peptide:15382[1];Ensembl.RefSeq_peptide:15382[1>0]	ENSMUSG00000040732	CURATED:48[0];MGI:65773[13];MGI:65773[13|6>12|0];Ensembl.MGI:13190[1>0]
NP_001289083	Ensembl.RefSeq_peptide:15377[1];Ensembl.RefSeq_peptide:15377[1>0]	ENSMUSG00000040732	CURATED:48[0];MGI:65773[13];MGI:65773[13|6>12|0];Ensembl.MGI:13190[1>0]
NP_001289108	Ensembl.RefSeq_peptide:15379[1];Ensembl.RefSeq_peptide:15379[1>0]	ENSMUSG00000040732	CURATED:48[0];MGI:65773[13];MGI:65773[13|6>12|0];Ensembl.MGI:13190[1>0]
NP_001289112	Ensembl.RefSeq_peptide:15383[1];Ensembl.RefSeq_peptide:15383[1>0]	ENSMUSG00000040732	CURATED:48[0];MGI:65773[13];MGI:65773[13|6>12|0];Ensembl.MGI:13190[1>0]
NP_001289267	Ensembl.RefSeq_peptide:1312[1];Ensembl.RefSeq_peptide:1312[1>0]	ENSMUSG00000058794	CURATED:180[0];MGI:174594[13|6];MGI:174594[13|6>12|0];Ensembl.MGI:2737[1>0]
NP_001289268	Ensembl.RefSeq_peptide:1309[1];Ensembl.RefSeq_peptide:1309[1>0]	ENSMUSG00000058794	CURATED:180[0];MGI:174594[13|6];MGI:174594[13|6>12|0];Ensembl.MGI:2737[1>0]
NP_001289269	Ensembl.RefSeq_peptide:1310[1];Ensembl.RefSeq_peptide:1310[1>0]	ENSMUSG00000058794	CURATED:180[0];MGI:174594[13|6];MGI:174594[13|6>12|0];Ensembl.MGI:2737[1>0]
NP_001289270	Ensembl.RefSeq_peptide:1308[1];Ensembl.RefSeq_peptide:1308[1>0]	ENSMUSG00000058794	CURATED:180[0];MGI:174594[13|6];MGI:174594[13|6>12|0];Ensembl.MGI:2737[1>0]
NP_001289272	Ensembl.RefSeq_peptide:1298[1];Ensembl.RefSeq_peptide:1298[1>0]	ENSMUSG00000058794	CURATED:180[0];MGI:174594[13|6];MGI:174594[13|6>12|0];Ensembl.MGI:2737[1>0]
NP_001290031	Ensembl.RefSeq_peptide:30998[1];Ensembl.RefSeq_peptide:30998[1>0]	ENSMUSG00000030199	CURATED:53[0];MGI:31188[13];MGI:31188[13|6>12|0];Ensembl.MGI:24719[1>0]
NP_001292361	Ensembl.RefSeq_peptide:12331[1];Ensembl.RefSeq_peptide:12331[1>0]	ENSMUSG00000039158	CURATED:1[0];MGI:25346[13];MGI:25346[13|6>12|0];Ensembl.MGI:11106[1>0]
NP_001295195	Ensembl.RefSeq_peptide:14524[1];Ensembl.RefSeq_peptide:14524[1>0]	ENSMUSG00000062939	CURATED:242[0];MGI:566979[13|6];MGI:566979[13|6>12|0];Ensembl.MGI:12784[1>0]
NP_001297073	Ensembl.RefSeq_peptide:64881[1];Ensembl.RefSeq_peptide:64881[1>0]	ENSMUSG00000027168	CURATED:197[0];MGI:4727[13];MGI:4727[13|6>12|0];Ensembl.MGI:47218[1>0]
NP_001297074	Ensembl.RefSeq_peptide:64861[1];Ensembl.RefSeq_peptide:64861[1>0]	ENSMUSG00000027168	CURATED:197[0];MGI:4727[13];MGI:4727[13|6>12|0];Ensembl.MGI:47218[1>0]
NP_001297075	Ensembl.RefSeq_peptide:64862[1];Ensembl.RefSeq_peptide:64862[1>0]	ENSMUSG00000027168	CURATED:197[0];MGI:4727[13];MGI:4727[13|6>12|0];Ensembl.MGI:47218[1>0]
NP_001297516	Ensembl.RefSeq_peptide:54528[1];Ensembl.RefSeq_peptide:54528[1>0]	ENSMUSG00000001419	CURATED:162[0];MGI:38180[13];MGI:38180[13|6>12|0];Ensembl.MGI:40776[1>0]
NP_001297522	Ensembl.RefSeq_peptide:54516[1];Ensembl.RefSeq_peptide:54516[1>0]	ENSMUSG00000001419	CURATED:162[0];MGI:38180[13];MGI:38180[13|6>12|0];Ensembl.MGI:40776[1>0]
NP_001297539	Ensembl.RefSeq_peptide:4165[1];Ensembl.RefSeq_peptide:4165[1>0]	ENSMUSG00000021944	CURATED:78[0];MGI:101205[13];MGI:101205[13|6>12|0];Ensembl.MGI:4951[1>0]
NP_001297995	Ensembl.RefSeq_peptide:26497[1];Ensembl.RefSeq_peptide:26497[1>0]	ENSMUSG00000063889	CURATED:24[0];MGI:64827[13|6];MGI:64827[13|6>12|0];Ensembl.MGI:21105[1>0]
NP_001297996	Ensembl.RefSeq_peptide:26499[1];Ensembl.RefSeq_peptide:26499[1>0]	ENSMUSG00000063889	CURATED:24[0];MGI:64827[13|6];MGI:64827[13|6>12|0];Ensembl.MGI:21105[1>0]
NP_001298047	Ensembl.RefSeq_peptide:57834[1];Ensembl.RefSeq_peptide:57834[1>0]	ENSMUSG00000029844	CURATED:101[0];MGI:161746[13];MGI:161746[13|6>12|0];Ensembl.MGI:42933[1>0]
NP_001299835	Ensembl.RefSeq_peptide:52392[1];Ensembl.RefSeq_peptide:52392[1>0]	ENSMUSG00000017950	CURATED:99[0];MGI:161644[13];MGI:161644[13|6>12|0];Ensembl.MGI:39104[1>0]
NP_001299836	Ensembl.RefSeq_peptide:52391[1];Ensembl.RefSeq_peptide:52391[1>0]	ENSMUSG00000017950	CURATED:99[0];MGI:161644[13];MGI:161644[13|6>12|0];Ensembl.MGI:39104[1>0]
NP_001300910	Ensembl.RefSeq_peptide:44278[1];Ensembl.RefSeq_peptide:44278[1>0]	ENSMUSG00000000782	CURATED:255[0];MGI:24833[13];MGI:24833[13|6>12|0];Ensembl.MGI:34217[1>0]
NP_001309194	Ensembl.RefSeq_peptide:13402[1];Ensembl.RefSeq_peptide:13402[1>0]	ENSMUSG00000008398	CURATED:43[0];MGI:78039[13];MGI:78039[13|6>12|0];Ensembl.MGI:11960[1>0]
NP_001309197	Ensembl.RefSeq_peptide:13407[1];Ensembl.RefSeq_peptide:13407[1>0]	ENSMUSG00000008398	CURATED:43[0];MGI:78039[13];MGI:78039[13|6>12|0];Ensembl.MGI:11960[1>0]
NP_001332965	Ensembl.RefSeq_peptide:70875[1];Ensembl.RefSeq_peptide:70875[1>0]	ENSMUSG00000027210	CURATED:164[0];MGI:18915[13];MGI:18915[13|6>12|0];Ensembl.MGI:51222[1>0]
NP_001332967	Ensembl.RefSeq_peptide:70876[1];Ensembl.RefSeq_peptide:70876[1>0]	ENSMUSG00000027210	CURATED:164[0];MGI:18915[13];MGI:18915[13|6>12|0];Ensembl.MGI:51222[1>0]
NP_001332970	Ensembl.RefSeq_peptide:70878[1];Ensembl.RefSeq_peptide:70878[1>0]	ENSMUSG00000027210	CURATED:164[0];MGI:18915[13];MGI:18915[13|6>12|0];Ensembl.MGI:51222[1>0]
NP_001332973	Ensembl.RefSeq_peptide:70873[1];Ensembl.RefSeq_peptide:70873[1>0]	ENSMUSG00000027210	CURATED:164[0];MGI:18915[13];MGI:18915[13|6>12|0];Ensembl.MGI:51222[1>0]
NP_001332974	Ensembl.RefSeq_peptide:70867[1];Ensembl.RefSeq_peptide:70867[1>0]	ENSMUSG00000027210	CURATED:164[0];MGI:18915[13];MGI:18915[13|6>12|0];Ensembl.MGI:51222[1>0]
NP_001332976	Ensembl.RefSeq_peptide:70865[1];Ensembl.RefSeq_peptide:70865[1>0]	ENSMUSG00000027210	CURATED:164[0];MGI:18915[13];MGI:18915[13|6>12|0];Ensembl.MGI:51222[1>0]
NP_001332982	Ensembl.RefSeq_peptide:70864[1];Ensembl.RefSeq_peptide:70864[1>0]	ENSMUSG00000027210	CURATED:164[0];MGI:18915[13];MGI:18915[13|6>12|0];Ensembl.MGI:51222[1>0]
NP_001332984	Ensembl.RefSeq_peptide:70874[1];Ensembl.RefSeq_peptide:70874[1>0]	ENSMUSG00000027210	CURATED:164[0];MGI:18915[13];MGI:18915[13|6>12|0];Ensembl.MGI:51222[1>0]
NP_001332985	Ensembl.RefSeq_peptide:70868[1];Ensembl.RefSeq_peptide:70868[1>0]	ENSMUSG00000027210	CURATED:164[0];MGI:18915[13];MGI:18915[13|6>12|0];Ensembl.MGI:51222[1>0]
NP_001334274	Ensembl.RefSeq_peptide:27226[1];Ensembl.RefSeq_peptide:27226[1>0]	ENSMUSG00000030067	CURATED:72[0];MGI:10840[13];MGI:10840[13|6>12|0];Ensembl.MGI:21528[1>0]
NP_001334387	Ensembl.RefSeq_peptide:59249[1];Ensembl.RefSeq_peptide:59249[1>0]	ENSMUSG00000037868	CURATED:40[0];MGI:95100[13];MGI:95100[13|6>12|0];Ensembl.MGI:43871[1>0]
NP_001334437	Ensembl.RefSeq_peptide:9129[1];Ensembl.RefSeq_peptide:9129[1>0]	ENSMUSG00000021356	CURATED:128[0];MGI:23965[13];MGI:23965[13|6>12|0];Ensembl.MGI:8764[1>0]
NP_001334467	Ensembl.RefSeq_peptide:15065[1];Ensembl.RefSeq_peptide:15065[1>0]	ENSMUSG00000069171	CURATED:188[0];MGI:98467[13];MGI:98467[13|6>12|0];Ensembl.MGI:13107[1>0]
NP_001334468	Ensembl.RefSeq_peptide:15054[1];Ensembl.RefSeq_peptide:15054[1>0]	ENSMUSG00000069171	CURATED:188[0];MGI:98467[13];MGI:98467[13|6>12|0];Ensembl.MGI:13107[1>0]
NP_001334515	Ensembl.RefSeq_peptide:23101[1];Ensembl.RefSeq_peptide:23101[1>0]	ENSMUSG00000003545	CURATED:57[0];MGI:100518[13|6];MGI:100518[13|6>12|0];Ensembl.MGI:19215[1>0]
NP_001342039	Ensembl.RefSeq_peptide:78329[1];Ensembl.RefSeq_peptide:78329[1>0]	ENSMUSG00000015619	CURATED:77[0];MGI:101201[13];MGI:101201[13|6>12|0];Ensembl.MGI:55660[1>0]
NP_001342040	Ensembl.RefSeq_peptide:78328[1];Ensembl.RefSeq_peptide:78328[1>0]	ENSMUSG00000015619	CURATED:77[0];MGI:101201[13];MGI:101201[13|6>12|0];Ensembl.MGI:55660[1>0]
NP_001342041	Ensembl.RefSeq_peptide:78327[1];Ensembl.RefSeq_peptide:78327[1>0]	ENSMUSG00000015619	CURATED:77[0];MGI:101201[13];MGI:101201[13|6>12|0];Ensembl.MGI:55660[1>0]
NP_001342042	Ensembl.RefSeq_peptide:9908[1];Ensembl.RefSeq_peptide:9908[1>0]	ENSMUSG00000042745	CURATED:120[0];MGI:23712[13];MGI:23712[13|6>12|0];Ensembl.MGI:9429[1>0]
NP_001342182	Ensembl.RefSeq_peptide:4215[1];Ensembl.RefSeq_peptide:4215[1>0]	ENSMUSG00000015053	CURATED:76[0];MGI:101199[13];MGI:101199[13|6>12|0];Ensembl.MGI:4965[1>0]
NP_001342217	Ensembl.RefSeq_peptide:73835[1];Ensembl.RefSeq_peptide:73835[1>0]	ENSMUSG00000026872	CURATED:272[0];MGI:17429[13];MGI:17429[13|6>12|0];Ensembl.MGI:53126[1>0]
NP_001342218	Ensembl.RefSeq_peptide:73840[1];Ensembl.RefSeq_peptide:73840[1>0]	ENSMUSG00000026872	CURATED:272[0];MGI:17429[13];MGI:17429[13|6>12|0];Ensembl.MGI:53126[1>0]
NP_001342219	Ensembl.RefSeq_peptide:73841[1];Ensembl.RefSeq_peptide:73841[1>0]	ENSMUSG00000026872	CURATED:272[0];MGI:17429[13];MGI:17429[13|6>12|0];Ensembl.MGI:53126[1>0]
NP_001342220	Ensembl.RefSeq_peptide:73844[1];Ensembl.RefSeq_peptide:73844[1>0]	ENSMUSG00000026872	CURATED:272[0];MGI:17429[13];MGI:17429[13|6>12|0];Ensembl.MGI:53126[1>0]
NP_001342671	Ensembl.RefSeq_peptide:3341[1];Ensembl.RefSeq_peptide:3341[1>0]	ENSMUSG00000034998	CURATED:68[0];MGI:10969[13];MGI:10969[13|6>12|0];Ensembl.MGI:4290[1>0]
NP_001342672	Ensembl.RefSeq_peptide:3340[1];Ensembl.RefSeq_peptide:3340[1>0]	ENSMUSG00000034998	CURATED:68[0];MGI:10969[13];MGI:10969[13|6>12|0];Ensembl.MGI:4290[1>0]
NP_001343287	Ensembl.RefSeq_peptide:63264[1];Ensembl.RefSeq_peptide:63264[1>0]	ENSMUSG00000037174	CURATED:42[0];MGI:9076[13];MGI:9076[13|6>12|0];Ensembl.MGI:46374[1>0]
NP_001344112	Ensembl.RefSeq_peptide:8240[1];Ensembl.RefSeq_peptide:8240[1>0]	ENSMUSG00000041649	CURATED:147[0];MGI:19372[13];MGI:19372[13|6>12|0];Ensembl.MGI:8105[1>0]
NP_001344253	Ensembl.RefSeq_peptide:15277[1];Ensembl.RefSeq_peptide:15277[1>0]	ENSMUSG00000030557	CURATED:160[0];MGI:18849[13];MGI:18849[13|6>12|0];Ensembl.MGI:13170[1>0]
NP_001344254	Ensembl.RefSeq_peptide:15261[1];Ensembl.RefSeq_peptide:15261[1>0]	ENSMUSG00000030557	CURATED:160[0];MGI:18849[13];MGI:18849[13|6>12|0];Ensembl.MGI:13170[1>0]
NP_001344556	Ensembl.RefSeq_peptide:17940[1];Ensembl.RefSeq_peptide:17940[1>0]	ENSMUSG00000026104	CURATED:240[0];MGI:6918[13];MGI:6918[13|6>12|0];Ensembl.MGI:14824[1>0]
NP_001344565	Ensembl.RefSeq_peptide:5741[1];Ensembl.RefSeq_peptide:5741[1>0]	ENSMUSG00000023927	CURATED:219[0];MGI:9252[13];MGI:9252[13|6>12|0];Ensembl.MGI:6124[1>0]
NP_001344566	Ensembl.RefSeq_peptide:5728[1];Ensembl.RefSeq_peptide:5728[1>0]	ENSMUSG00000023927	CURATED:219[0];MGI:9252[13];MGI:9252[13|6>12|0];Ensembl.MGI:6124[1>0]
NP_001344567	Ensembl.RefSeq_peptide:5729[1];Ensembl.RefSeq_peptide:5729[1>0]	ENSMUSG00000023927	CURATED:219[0];MGI:9252[13];MGI:9252[13|6>12|0];Ensembl.MGI:6124[1>0]
NP_001344569	Ensembl.RefSeq_peptide:5740[1];Ensembl.RefSeq_peptide:5740[1>0]	ENSMUSG00000023927	CURATED:219[0];MGI:9252[13];MGI:9252[13|6>12|0];Ensembl.MGI:6124[1>0]
NP_001344606	Ensembl.RefSeq_peptide:19885[1];Ensembl.RefSeq_peptide:19885[1>0]	ENSMUSG00000037465	CURATED:139[0];MGI:22931[13];MGI:22931[13|6>12|0];Ensembl.MGI:16821[1>0]
NP_001345357	Ensembl.RefSeq_peptide:22478[1];Ensembl.RefSeq_peptide:22478[1>0]	ENSMUSG00000013089	CURATED:52[0];MGI:3409[13];MGI:3409[13|6>12|0];Ensembl.MGI:18672[1>0]
NP_001345920	Ensembl.RefSeq_peptide:10889[1];Ensembl.RefSeq_peptide:10889[1>0]	ENSMUSG00000038482	CURATED:258[0];MGI:569176[13|6];MGI:569176[13|6>12|0];Ensembl.MGI:10049[1>0]
NP_001346923	Ensembl.RefSeq_peptide:8912[1];Ensembl.RefSeq_peptide:8912[1>0]	ENSMUSG00000016477	CURATED:33[0];MGI:88225[13|6];MGI:88225[13|6>12|0];Ensembl.MGI:8567[1>0]
NP_001347131	Ensembl.RefSeq_peptide:10381[1];Ensembl.RefSeq_peptide:10381[1>0]	ENSMUSG00000022053	CURATED:36[0];MGI:70178[13];MGI:70178[13|6>12|0];Ensembl.MGI:9696[1>0]
NP_001347154	Ensembl.RefSeq_peptide:20079[1];Ensembl.RefSeq_peptide:20079[1>0]	ENSMUSG00000021848	CURATED:193[0];MGI:88143[13];MGI:88143[13|6>12|0];Ensembl.MGI:16912[1>0]
NP_001347155	Ensembl.RefSeq_peptide:20080[1];Ensembl.RefSeq_peptide:20080[1>0]	ENSMUSG00000021848	CURATED:193[0];MGI:88143[13];MGI:88143[13|6>12|0];Ensembl.MGI:16912[1>0]
NP_001347274	Ensembl.RefSeq_peptide:40870[1];Ensembl.RefSeq_peptide:40870[1>0]	ENSMUSG00000025025	CURATED:173[0];MGI:173847[13|6];MGI:173847[13|6>12|0];Ensembl.MGI:31921[1>0]
NP_001347275	Ensembl.RefSeq_peptide:40876[1];Ensembl.RefSeq_peptide:40876[1>0]	ENSMUSG00000025025	CURATED:173[0];MGI:173847[13|6];MGI:173847[13|6>12|0];Ensembl.MGI:31921[1>0]
NP_001347276	Ensembl.RefSeq_peptide:40877[1];Ensembl.RefSeq_peptide:40877[1>0]	ENSMUSG00000025025	CURATED:173[0];MGI:173847[13|6];MGI:173847[13|6>12|0];Ensembl.MGI:31921[1>0]
NP_001347277	Ensembl.RefSeq_peptide:40875[1];Ensembl.RefSeq_peptide:40875[1>0]	ENSMUSG00000025025	CURATED:173[0];MGI:173847[13|6];MGI:173847[13|6>12|0];Ensembl.MGI:31921[1>0]
NP_001347828	Ensembl.RefSeq_peptide:45955[1];Ensembl.RefSeq_peptide:45955[1>0]	ENSMUSG00000067071	CURATED:92[0];MGI:23909[13];MGI:23909[13|6>12|0];Ensembl.MGI:35199[1>0]
NP_001347910	Ensembl.RefSeq_peptide:27551[1];Ensembl.RefSeq_peptide:27551[1>0]	ENSMUSG00000024238	CURATED:271[0];MGI:10768[13];MGI:10768[13|6>12|0];Ensembl.MGI:22292[1>0]
NP_001347911	Ensembl.RefSeq_peptide:27552[1];Ensembl.RefSeq_peptide:27552[1>0]	ENSMUSG00000024238	CURATED:271[0];MGI:10768[13];MGI:10768[13|6>12|0];Ensembl.MGI:22292[1>0]
NP_001348883	Ensembl.RefSeq_peptide:15399[1];Ensembl.RefSeq_peptide:15399[1>0]	ENSMUSG00000037992	CURATED:205[0];MGI:190162[13|6];MGI:190162[13|6>12|0];Ensembl.MGI:13285[1>0]
NP_001349498	Ensembl.RefSeq_peptide:28541[1];Ensembl.RefSeq_peptide:28541[1>0]	ENSMUSG00000057098	CURATED:35[0];MGI:32452[13];MGI:32452[13|6>12|0];Ensembl.MGI:23013[1>0]
NP_001349500	Ensembl.RefSeq_peptide:28551[1];Ensembl.RefSeq_peptide:28551[1>0]	ENSMUSG00000057098	CURATED:35[0];MGI:32452[13];MGI:32452[13|6>12|0];Ensembl.MGI:23013[1>0]
NP_001349503	Ensembl.RefSeq_peptide:28548[1];Ensembl.RefSeq_peptide:28548[1>0]	ENSMUSG00000057098	CURATED:35[0];MGI:32452[13];MGI:32452[13|6>12|0];Ensembl.MGI:23013[1>0]
NP_001349504	Ensembl.RefSeq_peptide:28540[1];Ensembl.RefSeq_peptide:28540[1>0]	ENSMUSG00000057098	CURATED:35[0];MGI:32452[13];MGI:32452[13|6>12|0];Ensembl.MGI:23013[1>0]
NP_001349505	Ensembl.RefSeq_peptide:28539[1];Ensembl.RefSeq_peptide:28539[1>0]	ENSMUSG00000057098	CURATED:35[0];MGI:32452[13];MGI:32452[13|6>12|0];Ensembl.MGI:23013[1>0]
NP_001349506	Ensembl.RefSeq_peptide:28538[1];Ensembl.RefSeq_peptide:28538[1>0]	ENSMUSG00000057098	CURATED:35[0];MGI:32452[13];MGI:32452[13|6>12|0];Ensembl.MGI:23013[1>0]
NP_001349507	Ensembl.RefSeq_peptide:28547[1];Ensembl.RefSeq_peptide:28547[1>0]	ENSMUSG00000057098	CURATED:35[0];MGI:32452[13];MGI:32452[13|6>12|0];Ensembl.MGI:23013[1>0]
NP_001349508	Ensembl.RefSeq_peptide:28549[1];Ensembl.RefSeq_peptide:28549[1>0]	ENSMUSG00000057098	CURATED:35[0];MGI:32452[13];MGI:32452[13|6>12|0];Ensembl.MGI:23013[1>0]
NP_001349609	Ensembl.RefSeq_peptide:25719[1];Ensembl.RefSeq_peptide:25719[1>0]	ENSMUSG00000004043	CURATED:243[0];MGI:21438[13];MGI:21438[13|6>12|0];Ensembl.MGI:20980[1>0]
NP_001350159	Ensembl.RefSeq_peptide:71727[1];Ensembl.RefSeq_peptide:71727[1>0]	ENSMUSG00000038560	CURATED:236[0];MGI:3678[13];MGI:3678[13|6>12|0];Ensembl.MGI:51692[1>0]
NP_001351472	Ensembl.RefSeq_peptide:3095[1];Ensembl.RefSeq_peptide:3095[1>0]	ENSMUSG00000066687	CURATED:269[0];MGI:24870[13];MGI:24870[13|6>12|0];Ensembl.MGI:3986[1>0]
NP_001355672	Ensembl.RefSeq_peptide:47146[1];Ensembl.RefSeq_peptide:47146[1>0]	ENSMUSG00000004231	CURATED:194[0];MGI:178758[13];MGI:178758[13|6>12|0];Ensembl.MGI:35867[1>0]
NP_001355673	Ensembl.RefSeq_peptide:47134[1];Ensembl.RefSeq_peptide:47134[1>0]	ENSMUSG00000004231	CURATED:194[0];MGI:178758[13];MGI:178758[13|6>12|0];Ensembl.MGI:35867[1>0]
NP_001355674	Ensembl.RefSeq_peptide:47133[1];Ensembl.RefSeq_peptide:47133[1>0]	ENSMUSG00000004231	CURATED:194[0];MGI:178758[13];MGI:178758[13|6>12|0];Ensembl.MGI:35867[1>0]
NP_001355675	Ensembl.RefSeq_peptide:47147[1];Ensembl.RefSeq_peptide:47147[1>0]	ENSMUSG00000004231	CURATED:194[0];MGI:178758[13];MGI:178758[13|6>12|0];Ensembl.MGI:35867[1>0]
NP_001355676	Ensembl.RefSeq_peptide:47140[1];Ensembl.RefSeq_peptide:47140[1>0]	ENSMUSG00000004231	CURATED:194[0];MGI:178758[13];MGI:178758[13|6>12|0];Ensembl.MGI:35867[1>0]
NP_001355677	Ensembl.RefSeq_peptide:47143[1];Ensembl.RefSeq_peptide:47143[1>0]	ENSMUSG00000004231	CURATED:194[0];MGI:178758[13];MGI:178758[13|6>12|0];Ensembl.MGI:35867[1>0]
NP_001355678	Ensembl.RefSeq_peptide:47139[1];Ensembl.RefSeq_peptide:47139[1>0]	ENSMUSG00000004231	CURATED:194[0];MGI:178758[13];MGI:178758[13|6>12|0];Ensembl.MGI:35867[1>0]
NP_001355679	Ensembl.RefSeq_peptide:47141[1];Ensembl.RefSeq_peptide:47141[1>0]	ENSMUSG00000004231	CURATED:194[0];MGI:178758[13];MGI:178758[13|6>12|0];Ensembl.MGI:35867[1>0]
NP_001355680	Ensembl.RefSeq_peptide:47142[1];Ensembl.RefSeq_peptide:47142[1>0]	ENSMUSG00000004231	CURATED:194[0];MGI:178758[13];MGI:178758[13|6>12|0];Ensembl.MGI:35867[1>0]
NP_001355725	Ensembl.RefSeq_peptide:4263[1];Ensembl.RefSeq_peptide:4263[1>0]	ENSMUSG00000031902	CURATED:179[0];MGI:38172[13];MGI:38172[13|6>12|0];Ensembl.MGI:4962[1>0]
NP_001355726	Ensembl.RefSeq_peptide:4261[1];Ensembl.RefSeq_peptide:4261[1>0]	ENSMUSG00000031902	CURATED:179[0];MGI:38172[13];MGI:38172[13|6>12|0];Ensembl.MGI:4962[1>0]
NP_001355737	Ensembl.RefSeq_peptide:74706[1];Ensembl.RefSeq_peptide:74706[1>0]	ENSMUSG00000026565	CURATED:200[0];MGI:10164[13];MGI:10164[13|6>12|0];Ensembl.MGI:53587[1>0]
NP_001355947	Ensembl.RefSeq_peptide:9911[1];Ensembl.RefSeq_peptide:9911[1>0]	ENSMUSG00000042745	CURATED:120[0];MGI:23712[13];MGI:23712[13|6>12|0];Ensembl.MGI:9429[1>0]
NP_001355979	Ensembl.RefSeq_peptide:28743[1];Ensembl.RefSeq_peptide:28743[1>0]	ENSMUSG00000070691	CURATED:215[0];MGI:39131[13];MGI:39131[13|6>12|0];Ensembl.MGI:23185[1>0]
NP_001357684	Ensembl.RefSeq_peptide:72433[1];Ensembl.RefSeq_peptide:72433[1>0]	ENSMUSG00000048001	CURATED:91[0];MGI:160804[13|6];MGI:160804[13|6>12|0];Ensembl.MGI:52088[1>0]
NP_001359463	Ensembl.RefSeq_peptide:6000[1];Ensembl.RefSeq_peptide:6000[1>0]	ENSMUSG00000032035	CURATED:49[0];MGI:23218[13];MGI:23218[13|6>12|0];Ensembl.MGI:6430[1>0]
NP_001359464	Ensembl.RefSeq_peptide:6005[1];Ensembl.RefSeq_peptide:6005[1>0]	ENSMUSG00000032035	CURATED:49[0];MGI:23218[13];MGI:23218[13|6>12|0];Ensembl.MGI:6430[1>0]
NP_001359465	Ensembl.RefSeq_peptide:6004[1];Ensembl.RefSeq_peptide:6004[1>0]	ENSMUSG00000032035	CURATED:49[0];MGI:23218[13];MGI:23218[13|6>12|0];Ensembl.MGI:6430[1>0]
NP_001359466	Ensembl.RefSeq_peptide:6014[1];Ensembl.RefSeq_peptide:6014[1>0]	ENSMUSG00000032035	CURATED:49[0];MGI:23218[13];MGI:23218[13|6>12|0];Ensembl.MGI:6430[1>0]
NP_001360912	Ensembl.RefSeq_peptide:59233[1];Ensembl.RefSeq_peptide:59233[1>0]	ENSMUSG00000037868	CURATED:40[0];MGI:95100[13];MGI:95100[13|6>12|0];Ensembl.MGI:43871[1>0]
NP_001360914	Ensembl.RefSeq_peptide:59246[1];Ensembl.RefSeq_peptide:59246[1>0]	ENSMUSG00000037868	CURATED:40[0];MGI:95100[13];MGI:95100[13|6>12|0];Ensembl.MGI:43871[1>0]
NP_001360915	Ensembl.RefSeq_peptide:59247[1];Ensembl.RefSeq_peptide:59247[1>0]	ENSMUSG00000037868	CURATED:40[0];MGI:95100[13];MGI:95100[13|6>12|0];Ensembl.MGI:43871[1>0]
NP_001360916	Ensembl.RefSeq_peptide:59248[1];Ensembl.RefSeq_peptide:59248[1>0]	ENSMUSG00000037868	CURATED:40[0];MGI:95100[13];MGI:95100[13|6>12|0];Ensembl.MGI:43871[1>0]
NP_001361762	Ensembl.RefSeq_peptide:26502[1];Ensembl.RefSeq_peptide:26502[1>0]	ENSMUSG00000063889	CURATED:24[0];MGI:64827[13|6];MGI:64827[13|6>12|0];Ensembl.MGI:21105[1>0]
NP_001363883	Ensembl.RefSeq_peptide:64751[1];Ensembl.RefSeq_peptide:64751[1>0]	ENSMUSG00000026436	CURATED:44[0];MGI:7670[13];MGI:7670[13|6>12|0];Ensembl.MGI:47313[1>0]
NP_001363884	Ensembl.RefSeq_peptide:64753[1];Ensembl.RefSeq_peptide:64753[1>0]	ENSMUSG00000026436	CURATED:44[0];MGI:7670[13];MGI:7670[13|6>12|0];Ensembl.MGI:47313[1>0]
NP_001363885	Ensembl.RefSeq_peptide:64752[1];Ensembl.RefSeq_peptide:64752[1>0]	ENSMUSG00000026436	CURATED:44[0];MGI:7670[13];MGI:7670[13|6>12|0];Ensembl.MGI:47313[1>0]
NP_001363886	Ensembl.RefSeq_peptide:64749[1];Ensembl.RefSeq_peptide:64749[1>0]	ENSMUSG00000026436	CURATED:44[0];MGI:7670[13];MGI:7670[13|6>12|0];Ensembl.MGI:47313[1>0]
NP_001363887	Ensembl.RefSeq_peptide:64757[1];Ensembl.RefSeq_peptide:64757[1>0]	ENSMUSG00000026436	CURATED:44[0];MGI:7670[13];MGI:7670[13|6>12|0];Ensembl.MGI:47313[1>0]
NP_001363888	Ensembl.RefSeq_peptide:64748[1];Ensembl.RefSeq_peptide:64748[1>0]	ENSMUSG00000026436	CURATED:44[0];MGI:7670[13];MGI:7670[13|6>12|0];Ensembl.MGI:47313[1>0]
NP_001363896	Ensembl.RefSeq_peptide:13138[1];Ensembl.RefSeq_peptide:13138[1>0]	ENSMUSG00000048756	CURATED:70[0];MGI:3870[13];MGI:3870[13|6>12|0];Ensembl.MGI:11783[1>0]
NP_001364007	Ensembl.RefSeq_peptide:8683[1];Ensembl.RefSeq_peptide:8683[1>0]	ENSMUSG00000041272	CURATED:262[0];MGI:5001[13];MGI:5001[13|6>12|0];Ensembl.MGI:8422[1>0]
NP_001364008	Ensembl.RefSeq_peptide:8684[1];Ensembl.RefSeq_peptide:8684[1>0]	ENSMUSG00000041272	CURATED:262[0];MGI:5001[13];MGI:5001[13|6>12|0];Ensembl.MGI:8422[1>0]
NP_001365827	Ensembl.RefSeq_peptide:81278[1];Ensembl.RefSeq_peptide:81278[1>0]	ENSMUSG00000002111	CURATED:238[0];MGI:563961[11];MGI:564120[13|6>12|0];Ensembl.MGI:57156[1>0]
NP_001365828	Ensembl.RefSeq_peptide:81277[1];Ensembl.RefSeq_peptide:81277[1>0]	ENSMUSG00000002111	CURATED:238[0];MGI:563961[11];MGI:564120[13|6>12|0];Ensembl.MGI:57156[1>0]
NP_001365832	Ensembl.RefSeq_peptide:49136[1];Ensembl.RefSeq_peptide:49136[1>0]	ENSMUSG00000020167	CURATED:253[0];MGI:20040[13];MGI:20040[13|6>12|0];Ensembl.MGI:36510[1>0]
NP_001365833	Ensembl.RefSeq_peptide:49120[1];Ensembl.RefSeq_peptide:49120[1>0]	ENSMUSG00000020167	CURATED:253[0];MGI:20040[13];MGI:20040[13|6>12|0];Ensembl.MGI:36510[1>0]
NP_001365834	Ensembl.RefSeq_peptide:49138[1];Ensembl.RefSeq_peptide:49138[1>0]	ENSMUSG00000020167	CURATED:253[0];MGI:20040[13];MGI:20040[13|6>12|0];Ensembl.MGI:36510[1>0]
NP_001365837	Ensembl.RefSeq_peptide:49140[1];Ensembl.RefSeq_peptide:49140[1>0]	ENSMUSG00000020167	CURATED:253[0];MGI:20040[13];MGI:20040[13|6>12|0];Ensembl.MGI:36510[1>0]
NP_001365839	Ensembl.RefSeq_peptide:49137[1];Ensembl.RefSeq_peptide:49137[1>0]	ENSMUSG00000020167	CURATED:253[0];MGI:20040[13];MGI:20040[13|6>12|0];Ensembl.MGI:36510[1>0]
NP_001365841	Ensembl.RefSeq_peptide:49121[1];Ensembl.RefSeq_peptide:49121[1>0]	ENSMUSG00000020167	CURATED:253[0];MGI:20040[13];MGI:20040[13|6>12|0];Ensembl.MGI:36510[1>0]
NP_001365842	Ensembl.RefSeq_peptide:49154[1];Ensembl.RefSeq_peptide:49154[1>0]	ENSMUSG00000020167	CURATED:253[0];MGI:20040[13];MGI:20040[13|6>12|0];Ensembl.MGI:36510[1>0]
NP_001365843	Ensembl.RefSeq_peptide:49107[1];Ensembl.RefSeq_peptide:49107[1>0]	ENSMUSG00000020167	CURATED:253[0];MGI:20040[13];MGI:20040[13|6>12|0];Ensembl.MGI:36510[1>0]
NP_001365988	Ensembl.RefSeq_peptide:21654[1];Ensembl.RefSeq_peptide:21654[1>0]	ENSMUSG00000027985	CURATED:149[0];MGI:24611[13];MGI:24611[13|6>12|0];Ensembl.MGI:18081[1>0]
NP_001365989	Ensembl.RefSeq_peptide:21656[1];Ensembl.RefSeq_peptide:21656[1>0]	ENSMUSG00000027985	CURATED:149[0];MGI:24611[13];MGI:24611[13|6>12|0];Ensembl.MGI:18081[1>0]
NP_001365990	Ensembl.RefSeq_peptide:21664[1];Ensembl.RefSeq_peptide:21664[1>0]	ENSMUSG00000027985	CURATED:149[0];MGI:24611[13];MGI:24611[13|6>12|0];Ensembl.MGI:18081[1>0]
NP_001365991	Ensembl.RefSeq_peptide:21663[1];Ensembl.RefSeq_peptide:21663[1>0]	ENSMUSG00000027985	CURATED:149[0];MGI:24611[13];MGI:24611[13|6>12|0];Ensembl.MGI:18081[1>0]
NP_001366282	Ensembl.RefSeq_peptide:21440[1];Ensembl.RefSeq_peptide:21440[1>0]	ENSMUSG00000004661	CURATED:6[0];MGI:86648[13];MGI:28127[13|6>12|0];Ensembl.MGI:17991[1>0]
NP_001366308	Ensembl.RefSeq_peptide:14163[1];Ensembl.RefSeq_peptide:14163[1>0]	ENSMUSG00000048562	CURATED:237[0];MGI:83716[13];MGI:83716[13|6>12|0];Ensembl.MGI:12618[1>0]
NP_001366309	Ensembl.RefSeq_peptide:14165[1];Ensembl.RefSeq_peptide:14165[1>0]	ENSMUSG00000048562	CURATED:237[0];MGI:83716[13];MGI:83716[13|6>12|0];Ensembl.MGI:12618[1>0]
NP_001380326	Ensembl.RefSeq_peptide:1465[1];Ensembl.RefSeq_peptide:1465[1>0]	ENSMUSG00000022708	CURATED:270[0];MGI:4436[13];MGI:4436[13|6>12|0];Ensembl.MGI:2728[1>0]
NP_001380327	Ensembl.RefSeq_peptide:1464[1];Ensembl.RefSeq_peptide:1464[1>0]	ENSMUSG00000022708	CURATED:270[0];MGI:4436[13];MGI:4436[13|6>12|0];Ensembl.MGI:2728[1>0]
NP_001380328	Ensembl.RefSeq_peptide:1437[1];Ensembl.RefSeq_peptide:1437[1>0]	ENSMUSG00000022708	CURATED:270[0];MGI:4436[13];MGI:4436[13|6>12|0];Ensembl.MGI:2728[1>0]
NP_001387305	Ensembl.RefSeq_peptide:1311[1];Ensembl.RefSeq_peptide:1311[1>0]	ENSMUSG00000058794	CURATED:180[0];MGI:174594[13|6];MGI:174594[13|6>12|0];Ensembl.MGI:2737[1>0]
NP_001388436	Ensembl.RefSeq_peptide:78492[1];Ensembl.RefSeq_peptide:78492[1>0]	ENSMUSG00000023781	CURATED:93[0];MGI:160806[13|6];MGI:160806[13|6>12|0];Ensembl.MGI:55803[1>0]
NP_001389779	Ensembl.RefSeq_peptide:53088[1];Ensembl.RefSeq_peptide:53088[1>0]	ENSMUSG00000025997	CURATED:125[0];MGI:19266[13];MGI:19266[13|6>12|0];Ensembl.MGI:39610[1>0]
NP_001389781	Ensembl.RefSeq_peptide:53090[1];Ensembl.RefSeq_peptide:53090[1>0]	ENSMUSG00000025997	CURATED:125[0];MGI:19266[13];MGI:19266[13|6>12|0];Ensembl.MGI:39610[1>0]
NP_001389782	Ensembl.RefSeq_peptide:53092[1];Ensembl.RefSeq_peptide:53092[1>0]	ENSMUSG00000025997	CURATED:125[0];MGI:19266[13];MGI:19266[13|6>12|0];Ensembl.MGI:39610[1>0]
NP_001389783	Ensembl.RefSeq_peptide:53089[1];Ensembl.RefSeq_peptide:53089[1>0]	ENSMUSG00000025997	CURATED:125[0];MGI:19266[13];MGI:19266[13|6>12|0];Ensembl.MGI:39610[1>0]
NP_001389784	Ensembl.RefSeq_peptide:53098[1];Ensembl.RefSeq_peptide:53098[1>0]	ENSMUSG00000025997	CURATED:125[0];MGI:19266[13];MGI:19266[13|6>12|0];Ensembl.MGI:39610[1>0]
NP_001389785	Ensembl.RefSeq_peptide:53099[1];Ensembl.RefSeq_peptide:53099[1>0]	ENSMUSG00000025997	CURATED:125[0];MGI:19266[13];MGI:19266[13|6>12|0];Ensembl.MGI:39610[1>0]
NP_001389786	Ensembl.RefSeq_peptide:53093[1];Ensembl.RefSeq_peptide:53093[1>0]	ENSMUSG00000025997	CURATED:125[0];MGI:19266[13];MGI:19266[13|6>12|0];Ensembl.MGI:39610[1>0]
NP_001390702	Ensembl.RefSeq_peptide:15062[1];Ensembl.RefSeq_peptide:15062[1>0]	ENSMUSG00000069171	CURATED:188[0];MGI:98467[13];MGI:98467[13|6>12|0];Ensembl.MGI:13107[1>0]
NP_001390704	Ensembl.RefSeq_peptide:15064[1];Ensembl.RefSeq_peptide:15064[1>0]	ENSMUSG00000069171	CURATED:188[0];MGI:98467[13];MGI:98467[13|6>12|0];Ensembl.MGI:13107[1>0]
NP_001390706	Ensembl.RefSeq_peptide:15063[1];Ensembl.RefSeq_peptide:15063[1>0]	ENSMUSG00000069171	CURATED:188[0];MGI:98467[13];MGI:98467[13|6>12|0];Ensembl.MGI:13107[1>0]
NP_001390720	Ensembl.RefSeq_peptide:20659[1];Ensembl.RefSeq_peptide:20659[1>0]	ENSMUSG00000028946	CURATED:90[0];MGI:160803[13|6];MGI:160803[13|6>12|0];Ensembl.MGI:17418[1>0]
NP_001390721	Ensembl.RefSeq_peptide:20660[1];Ensembl.RefSeq_peptide:20660[1>0]	ENSMUSG00000028946	CURATED:90[0];MGI:160803[13|6];MGI:160803[13|6>12|0];Ensembl.MGI:17418[1>0]
NP_001390722	Ensembl.RefSeq_peptide:20663[1];Ensembl.RefSeq_peptide:20663[1>0]	ENSMUSG00000028946	CURATED:90[0];MGI:160803[13|6];MGI:160803[13|6>12|0];Ensembl.MGI:17418[1>0]
NP_001390723	Ensembl.RefSeq_peptide:20662[1];Ensembl.RefSeq_peptide:20662[1>0]	ENSMUSG00000028946	CURATED:90[0];MGI:160803[13|6];MGI:160803[13|6>12|0];Ensembl.MGI:17418[1>0]
NP_001390914	Ensembl.RefSeq_peptide:65861[1];Ensembl.RefSeq_peptide:65861[1>0]	ENSMUSG00000003949	CURATED:96[0];MGI:88194[13];MGI:88194[13|6>12|0];Ensembl.MGI:48005[1>0]
NP_001390917	Ensembl.RefSeq_peptide:65862[1];Ensembl.RefSeq_peptide:65862[1>0]	ENSMUSG00000003949	CURATED:96[0];MGI:88194[13];MGI:88194[13|6>12|0];Ensembl.MGI:48005[1>0]
NP_001390918	Ensembl.RefSeq_peptide:65864[1];Ensembl.RefSeq_peptide:65864[1>0]	ENSMUSG00000003949	CURATED:96[0];MGI:88194[13];MGI:88194[13|6>12|0];Ensembl.MGI:48005[1>0]
NP_001390920	Ensembl.RefSeq_peptide:65865[1];Ensembl.RefSeq_peptide:65865[1>0]	ENSMUSG00000003949	CURATED:96[0];MGI:88194[13];MGI:88194[13|6>12|0];Ensembl.MGI:48005[1>0]
NP_001390922	Ensembl.RefSeq_peptide:65866[1];Ensembl.RefSeq_peptide:65866[1>0]	ENSMUSG00000003949	CURATED:96[0];MGI:88194[13];MGI:88194[13|6>12|0];Ensembl.MGI:48005[1>0]
NP_001390924	Ensembl.RefSeq_peptide:65863[1];Ensembl.RefSeq_peptide:65863[1>0]	ENSMUSG00000003949	CURATED:96[0];MGI:88194[13];MGI:88194[13|6>12|0];Ensembl.MGI:48005[1>0]
NP_001390926	Ensembl.RefSeq_peptide:65860[1];Ensembl.RefSeq_peptide:65860[1>0]	ENSMUSG00000003949	CURATED:96[0];MGI:88194[13];MGI:88194[13|6>12|0];Ensembl.MGI:48005[1>0]
NP_001391419	Ensembl.RefSeq_peptide:72549[1];Ensembl.RefSeq_peptide:72549[1>0]	ENSMUSG00000018654	CURATED:124[0];MGI:15595[13];MGI:15595[13|6>12|0];Ensembl.MGI:52129[1>0]
NP_001391420	Ensembl.RefSeq_peptide:72561[1];Ensembl.RefSeq_peptide:72561[1>0]	ENSMUSG00000018654	CURATED:124[0];MGI:15595[13];MGI:15595[13|6>12|0];Ensembl.MGI:52129[1>0]
NP_001391421	Ensembl.RefSeq_peptide:72552[1];Ensembl.RefSeq_peptide:72552[1>0]	ENSMUSG00000018654	CURATED:124[0];MGI:15595[13];MGI:15595[13|6>12|0];Ensembl.MGI:52129[1>0]
NP_001391422	Ensembl.RefSeq_peptide:72553[1];Ensembl.RefSeq_peptide:72553[1>0]	ENSMUSG00000018654	CURATED:124[0];MGI:15595[13];MGI:15595[13|6>12|0];Ensembl.MGI:52129[1>0]
NP_001391423	Ensembl.RefSeq_peptide:72551[1];Ensembl.RefSeq_peptide:72551[1>0]	ENSMUSG00000018654	CURATED:124[0];MGI:15595[13];MGI:15595[13|6>12|0];Ensembl.MGI:52129[1>0]
NP_001391424	Ensembl.RefSeq_peptide:72568[1];Ensembl.RefSeq_peptide:72568[1>0]	ENSMUSG00000018654	CURATED:124[0];MGI:15595[13];MGI:15595[13|6>12|0];Ensembl.MGI:52129[1>0]
NP_001391425	Ensembl.RefSeq_peptide:72550[1];Ensembl.RefSeq_peptide:72550[1>0]	ENSMUSG00000018654	CURATED:124[0];MGI:15595[13];MGI:15595[13|6>12|0];Ensembl.MGI:52129[1>0]
NP_001391426	Ensembl.RefSeq_peptide:72545[1];Ensembl.RefSeq_peptide:72545[1>0]	ENSMUSG00000018654	CURATED:124[0];MGI:15595[13];MGI:15595[13|6>12|0];Ensembl.MGI:52129[1>0]
NP_001391427	Ensembl.RefSeq_peptide:72590[1];Ensembl.RefSeq_peptide:72590[1>0]	ENSMUSG00000018654	CURATED:124[0];MGI:15595[13];MGI:15595[13|6>12|0];Ensembl.MGI:52129[1>0]
NP_001391428	Ensembl.RefSeq_peptide:72585[1];Ensembl.RefSeq_peptide:72585[1>0]	ENSMUSG00000018654	CURATED:124[0];MGI:15595[13];MGI:15595[13|6>12|0];Ensembl.MGI:52129[1>0]
NP_001391429	Ensembl.RefSeq_peptide:72584[1];Ensembl.RefSeq_peptide:72584[1>0]	ENSMUSG00000018654	CURATED:124[0];MGI:15595[13];MGI:15595[13|6>12|0];Ensembl.MGI:52129[1>0]
NP_001391430	Ensembl.RefSeq_peptide:72586[1];Ensembl.RefSeq_peptide:72586[1>0]	ENSMUSG00000018654	CURATED:124[0];MGI:15595[13];MGI:15595[13|6>12|0];Ensembl.MGI:52129[1>0]
NP_001391431	Ensembl.RefSeq_peptide:72583[1];Ensembl.RefSeq_peptide:72583[1>0]	ENSMUSG00000018654	CURATED:124[0];MGI:15595[13];MGI:15595[13|6>12|0];Ensembl.MGI:52129[1>0]
NP_001391432	Ensembl.RefSeq_peptide:72587[1];Ensembl.RefSeq_peptide:72587[1>0]	ENSMUSG00000018654	CURATED:124[0];MGI:15595[13];MGI:15595[13|6>12|0];Ensembl.MGI:52129[1>0]
NP_001391433	Ensembl.RefSeq_peptide:72591[1];Ensembl.RefSeq_peptide:72591[1>0]	ENSMUSG00000018654	CURATED:124[0];MGI:15595[13];MGI:15595[13|6>12|0];Ensembl.MGI:52129[1>0]
NP_001391434	Ensembl.RefSeq_peptide:72588[1];Ensembl.RefSeq_peptide:72588[1>0]	ENSMUSG00000018654	CURATED:124[0];MGI:15595[13];MGI:15595[13|6>12|0];Ensembl.MGI:52129[1>0]
NP_001391435	Ensembl.RefSeq_peptide:72589[1];Ensembl.RefSeq_peptide:72589[1>0]	ENSMUSG00000018654	CURATED:124[0];MGI:15595[13];MGI:15595[13|6>12|0];Ensembl.MGI:52129[1>0]
NP_001391436	Ensembl.RefSeq_peptide:72574[1];Ensembl.RefSeq_peptide:72574[1>0]	ENSMUSG00000018654	CURATED:124[0];MGI:15595[13];MGI:15595[13|6>12|0];Ensembl.MGI:52129[1>0]
NP_001391437	Ensembl.RefSeq_peptide:72580[1];Ensembl.RefSeq_peptide:72580[1>0]	ENSMUSG00000018654	CURATED:124[0];MGI:15595[13];MGI:15595[13|6>12|0];Ensembl.MGI:52129[1>0]
NP_001391438	Ensembl.RefSeq_peptide:72559[1];Ensembl.RefSeq_peptide:72559[1>0]	ENSMUSG00000018654	CURATED:124[0];MGI:15595[13];MGI:15595[13|6>12|0];Ensembl.MGI:52129[1>0]
NP_001391439	Ensembl.RefSeq_peptide:72567[1];Ensembl.RefSeq_peptide:72567[1>0]	ENSMUSG00000018654	CURATED:124[0];MGI:15595[13];MGI:15595[13|6>12|0];Ensembl.MGI:52129[1>0]
NP_001391440	Ensembl.RefSeq_peptide:72579[1];Ensembl.RefSeq_peptide:72579[1>0]	ENSMUSG00000018654	CURATED:124[0];MGI:15595[13];MGI:15595[13|6>12|0];Ensembl.MGI:52129[1>0]
NP_001391441	Ensembl.RefSeq_peptide:72544[1];Ensembl.RefSeq_peptide:72544[1>0]	ENSMUSG00000018654	CURATED:124[0];MGI:15595[13];MGI:15595[13|6>12|0];Ensembl.MGI:52129[1>0]
NP_001391442	Ensembl.RefSeq_peptide:72547[1];Ensembl.RefSeq_peptide:72547[1>0]	ENSMUSG00000018654	CURATED:124[0];MGI:15595[13];MGI:15595[13|6>12|0];Ensembl.MGI:52129[1>0]
NP_001391443	Ensembl.RefSeq_peptide:72569[1];Ensembl.RefSeq_peptide:72569[1>0]	ENSMUSG00000018654	CURATED:124[0];MGI:15595[13];MGI:15595[13|6>12|0];Ensembl.MGI:52129[1>0]
NP_001391444	Ensembl.RefSeq_peptide:72560[1];Ensembl.RefSeq_peptide:72560[1>0]	ENSMUSG00000018654	CURATED:124[0];MGI:15595[13];MGI:15595[13|6>12|0];Ensembl.MGI:52129[1>0]
NP_001391445	Ensembl.RefSeq_peptide:72563[1];Ensembl.RefSeq_peptide:72563[1>0]	ENSMUSG00000018654	CURATED:124[0];MGI:15595[13];MGI:15595[13|6>12|0];Ensembl.MGI:52129[1>0]
NP_001391446	Ensembl.RefSeq_peptide:72557[1];Ensembl.RefSeq_peptide:72557[1>0]	ENSMUSG00000018654	CURATED:124[0];MGI:15595[13];MGI:15595[13|6>12|0];Ensembl.MGI:52129[1>0]
NP_001391447	Ensembl.RefSeq_peptide:72572[1];Ensembl.RefSeq_peptide:72572[1>0]	ENSMUSG00000018654	CURATED:124[0];MGI:15595[13];MGI:15595[13|6>12|0];Ensembl.MGI:52129[1>0]
NP_001391448	Ensembl.RefSeq_peptide:72571[1];Ensembl.RefSeq_peptide:72571[1>0]	ENSMUSG00000018654	CURATED:124[0];MGI:15595[13];MGI:15595[13|6>12|0];Ensembl.MGI:52129[1>0]
NP_001391449	Ensembl.RefSeq_peptide:72582[1];Ensembl.RefSeq_peptide:72582[1>0]	ENSMUSG00000018654	CURATED:124[0];MGI:15595[13];MGI:15595[13|6>12|0];Ensembl.MGI:52129[1>0]
NP_001391450	Ensembl.RefSeq_peptide:72578[1];Ensembl.RefSeq_peptide:72578[1>0]	ENSMUSG00000018654	CURATED:124[0];MGI:15595[13];MGI:15595[13|6>12|0];Ensembl.MGI:52129[1>0]
NP_001391451	Ensembl.RefSeq_peptide:72573[1];Ensembl.RefSeq_peptide:72573[1>0]	ENSMUSG00000018654	CURATED:124[0];MGI:15595[13];MGI:15595[13|6>12|0];Ensembl.MGI:52129[1>0]
NP_001391452	Ensembl.RefSeq_peptide:72562[1];Ensembl.RefSeq_peptide:72562[1>0]	ENSMUSG00000018654	CURATED:124[0];MGI:15595[13];MGI:15595[13|6>12|0];Ensembl.MGI:52129[1>0]
NP_001391454	Ensembl.RefSeq_peptide:72597[1];Ensembl.RefSeq_peptide:72597[1>0]	ENSMUSG00000018654	CURATED:124[0];MGI:15595[13];MGI:15595[13|6>12|0];Ensembl.MGI:52129[1>0]
NP_001391455	Ensembl.RefSeq_peptide:72548[1];Ensembl.RefSeq_peptide:72548[1>0]	ENSMUSG00000018654	CURATED:124[0];MGI:15595[13];MGI:15595[13|6>12|0];Ensembl.MGI:52129[1>0]
NP_001391456	Ensembl.RefSeq_peptide:72577[1];Ensembl.RefSeq_peptide:72577[1>0]	ENSMUSG00000018654	CURATED:124[0];MGI:15595[13];MGI:15595[13|6>12|0];Ensembl.MGI:52129[1>0]
NP_001391460	Ensembl.RefSeq_peptide:72581[1];Ensembl.RefSeq_peptide:72581[1>0]	ENSMUSG00000018654	CURATED:124[0];MGI:15595[13];MGI:15595[13|6>12|0];Ensembl.MGI:52129[1>0]
NP_001391461	Ensembl.RefSeq_peptide:72575[1];Ensembl.RefSeq_peptide:72575[1>0]	ENSMUSG00000018654	CURATED:124[0];MGI:15595[13];MGI:15595[13|6>12|0];Ensembl.MGI:52129[1>0]
NP_001391462	Ensembl.RefSeq_peptide:72556[1];Ensembl.RefSeq_peptide:72556[1>0]	ENSMUSG00000018654	CURATED:124[0];MGI:15595[13];MGI:15595[13|6>12|0];Ensembl.MGI:52129[1>0]
NP_001391463	Ensembl.RefSeq_peptide:72602[1];Ensembl.RefSeq_peptide:72602[1>0]	ENSMUSG00000018654	CURATED:124[0];MGI:15595[13];MGI:15595[13|6>12|0];Ensembl.MGI:52129[1>0]
NP_001391464	Ensembl.RefSeq_peptide:72546[1];Ensembl.RefSeq_peptide:72546[1>0]	ENSMUSG00000018654	CURATED:124[0];MGI:15595[13];MGI:15595[13|6>12|0];Ensembl.MGI:52129[1>0]
NP_001391466	Ensembl.RefSeq_peptide:72566[1];Ensembl.RefSeq_peptide:72566[1>0]	ENSMUSG00000018654	CURATED:124[0];MGI:15595[13];MGI:15595[13|6>12|0];Ensembl.MGI:52129[1>0]
NP_001391468	Ensembl.RefSeq_peptide:72558[1];Ensembl.RefSeq_peptide:72558[1>0]	ENSMUSG00000018654	CURATED:124[0];MGI:15595[13];MGI:15595[13|6>12|0];Ensembl.MGI:52129[1>0]
NP_001391469	Ensembl.RefSeq_peptide:72570[1];Ensembl.RefSeq_peptide:72570[1>0]	ENSMUSG00000018654	CURATED:124[0];MGI:15595[13];MGI:15595[13|6>12|0];Ensembl.MGI:52129[1>0]
NP_001391471	Ensembl.RefSeq_peptide:72564[1];Ensembl.RefSeq_peptide:72564[1>0]	ENSMUSG00000018654	CURATED:124[0];MGI:15595[13];MGI:15595[13|6>12|0];Ensembl.MGI:52129[1>0]
NP_001391472	Ensembl.RefSeq_peptide:72611[1];Ensembl.RefSeq_peptide:72611[1>0]	ENSMUSG00000018654	CURATED:124[0];MGI:15595[13];MGI:15595[13|6>12|0];Ensembl.MGI:52129[1>0]
NP_001391473	Ensembl.RefSeq_peptide:72608[1];Ensembl.RefSeq_peptide:72608[1>0]	ENSMUSG00000018654	CURATED:124[0];MGI:15595[13];MGI:15595[13|6>12|0];Ensembl.MGI:52129[1>0]
NP_001391474	Ensembl.RefSeq_peptide:72609[1];Ensembl.RefSeq_peptide:72609[1>0]	ENSMUSG00000018654	CURATED:124[0];MGI:15595[13];MGI:15595[13|6>12|0];Ensembl.MGI:52129[1>0]
NP_001391476	Ensembl.RefSeq_peptide:72607[1];Ensembl.RefSeq_peptide:72607[1>0]	ENSMUSG00000018654	CURATED:124[0];MGI:15595[13];MGI:15595[13|6>12|0];Ensembl.MGI:52129[1>0]
NP_001391478	Ensembl.RefSeq_peptide:72610[1];Ensembl.RefSeq_peptide:72610[1>0]	ENSMUSG00000018654	CURATED:124[0];MGI:15595[13];MGI:15595[13|6>12|0];Ensembl.MGI:52129[1>0]
NP_001391479	Ensembl.RefSeq_peptide:72605[1];Ensembl.RefSeq_peptide:72605[1>0]	ENSMUSG00000018654	CURATED:124[0];MGI:15595[13];MGI:15595[13|6>12|0];Ensembl.MGI:52129[1>0]
NP_001391480	Ensembl.RefSeq_peptide:72604[1];Ensembl.RefSeq_peptide:72604[1>0]	ENSMUSG00000018654	CURATED:124[0];MGI:15595[13];MGI:15595[13|6>12|0];Ensembl.MGI:52129[1>0]
NP_001391481	Ensembl.RefSeq_peptide:72601[1];Ensembl.RefSeq_peptide:72601[1>0]	ENSMUSG00000018654	CURATED:124[0];MGI:15595[13];MGI:15595[13|6>12|0];Ensembl.MGI:52129[1>0]
NP_001391482	Ensembl.RefSeq_peptide:72622[1];Ensembl.RefSeq_peptide:72622[1>0]	ENSMUSG00000018654	CURATED:124[0];MGI:15595[13];MGI:15595[13|6>12|0];Ensembl.MGI:52129[1>0]
NP_001391483	Ensembl.RefSeq_peptide:72565[1];Ensembl.RefSeq_peptide:72565[1>0]	ENSMUSG00000018654	CURATED:124[0];MGI:15595[13];MGI:15595[13|6>12|0];Ensembl.MGI:52129[1>0]
NP_001391484	Ensembl.RefSeq_peptide:72624[1];Ensembl.RefSeq_peptide:72624[1>0]	ENSMUSG00000018654	CURATED:124[0];MGI:15595[13];MGI:15595[13|6>12|0];Ensembl.MGI:52129[1>0]
NP_001391485	Ensembl.RefSeq_peptide:72623[1];Ensembl.RefSeq_peptide:72623[1>0]	ENSMUSG00000018654	CURATED:124[0];MGI:15595[13];MGI:15595[13|6>12|0];Ensembl.MGI:52129[1>0]
NP_001391486	Ensembl.RefSeq_peptide:72625[1];Ensembl.RefSeq_peptide:72625[1>0]	ENSMUSG00000018654	CURATED:124[0];MGI:15595[13];MGI:15595[13|6>12|0];Ensembl.MGI:52129[1>0]
NP_001391487	Ensembl.RefSeq_peptide:72603[1];Ensembl.RefSeq_peptide:72603[1>0]	ENSMUSG00000018654	CURATED:124[0];MGI:15595[13];MGI:15595[13|6>12|0];Ensembl.MGI:52129[1>0]
NP_001391488	Ensembl.RefSeq_peptide:72600[1];Ensembl.RefSeq_peptide:72600[1>0]	ENSMUSG00000018654	CURATED:124[0];MGI:15595[13];MGI:15595[13|6>12|0];Ensembl.MGI:52129[1>0]
NP_001391489	Ensembl.RefSeq_peptide:72599[1];Ensembl.RefSeq_peptide:72599[1>0]	ENSMUSG00000018654	CURATED:124[0];MGI:15595[13];MGI:15595[13|6>12|0];Ensembl.MGI:52129[1>0]
NP_001391490	Ensembl.RefSeq_peptide:72598[1];Ensembl.RefSeq_peptide:72598[1>0]	ENSMUSG00000018654	CURATED:124[0];MGI:15595[13];MGI:15595[13|6>12|0];Ensembl.MGI:52129[1>0]
NP_001391491	Ensembl.RefSeq_peptide:72620[1];Ensembl.RefSeq_peptide:72620[1>0]	ENSMUSG00000018654	CURATED:124[0];MGI:15595[13];MGI:15595[13|6>12|0];Ensembl.MGI:52129[1>0]
NP_001391492	Ensembl.RefSeq_peptide:72606[1];Ensembl.RefSeq_peptide:72606[1>0]	ENSMUSG00000018654	CURATED:124[0];MGI:15595[13];MGI:15595[13|6>12|0];Ensembl.MGI:52129[1>0]
NP_001391493	Ensembl.RefSeq_peptide:72619[1];Ensembl.RefSeq_peptide:72619[1>0]	ENSMUSG00000018654	CURATED:124[0];MGI:15595[13];MGI:15595[13|6>12|0];Ensembl.MGI:52129[1>0]
NP_001391494	Ensembl.RefSeq_peptide:72617[1];Ensembl.RefSeq_peptide:72617[1>0]	ENSMUSG00000018654	CURATED:124[0];MGI:15595[13];MGI:15595[13|6>12|0];Ensembl.MGI:52129[1>0]
NP_001391496	Ensembl.RefSeq_peptide:72621[1];Ensembl.RefSeq_peptide:72621[1>0]	ENSMUSG00000018654	CURATED:124[0];MGI:15595[13];MGI:15595[13|6>12|0];Ensembl.MGI:52129[1>0]
NP_001391497	Ensembl.RefSeq_peptide:72618[1];Ensembl.RefSeq_peptide:72618[1>0]	ENSMUSG00000018654	CURATED:124[0];MGI:15595[13];MGI:15595[13|6>12|0];Ensembl.MGI:52129[1>0]
NP_001391498	Ensembl.RefSeq_peptide:72627[1];Ensembl.RefSeq_peptide:72627[1>0]	ENSMUSG00000018654	CURATED:124[0];MGI:15595[13];MGI:15595[13|6>12|0];Ensembl.MGI:52129[1>0]
NP_001392858	Ensembl.RefSeq_peptide:14679[1];Ensembl.RefSeq_peptide:14679[1>0]	ENSMUSG00000038151	CURATED:203[0];MGI:33074[13];MGI:33074[13|6>12|0];Ensembl.MGI:12909[1>0]
NP_001392859	Ensembl.RefSeq_peptide:14691[1];Ensembl.RefSeq_peptide:14691[1>0]	ENSMUSG00000038151	CURATED:203[0];MGI:33074[13];MGI:33074[13|6>12|0];Ensembl.MGI:12909[1>0]
NP_001392860	Ensembl.RefSeq_peptide:14699[1];Ensembl.RefSeq_peptide:14699[1>0]	ENSMUSG00000038151	CURATED:203[0];MGI:33074[13];MGI:33074[13|6>12|0];Ensembl.MGI:12909[1>0]
NP_001392861	Ensembl.RefSeq_peptide:14696[1];Ensembl.RefSeq_peptide:14696[1>0]	ENSMUSG00000038151	CURATED:203[0];MGI:33074[13];MGI:33074[13|6>12|0];Ensembl.MGI:12909[1>0]
NP_001392862	Ensembl.RefSeq_peptide:14695[1];Ensembl.RefSeq_peptide:14695[1>0]	ENSMUSG00000038151	CURATED:203[0];MGI:33074[13];MGI:33074[13|6>12|0];Ensembl.MGI:12909[1>0]
NP_001392863	Ensembl.RefSeq_peptide:14692[1];Ensembl.RefSeq_peptide:14692[1>0]	ENSMUSG00000038151	CURATED:203[0];MGI:33074[13];MGI:33074[13|6>12|0];Ensembl.MGI:12909[1>0]
NP_001392864	Ensembl.RefSeq_peptide:14693[1];Ensembl.RefSeq_peptide:14693[1>0]	ENSMUSG00000038151	CURATED:203[0];MGI:33074[13];MGI:33074[13|6>12|0];Ensembl.MGI:12909[1>0]
NP_001392865	Ensembl.RefSeq_peptide:14694[1];Ensembl.RefSeq_peptide:14694[1>0]	ENSMUSG00000038151	CURATED:203[0];MGI:33074[13];MGI:33074[13|6>12|0];Ensembl.MGI:12909[1>0]
NP_001395446	Ensembl.RefSeq_peptide:29135[1];Ensembl.RefSeq_peptide:29135[1>0]	ENSMUSG00000032411	CURATED:259[0];MGI:3705[13];MGI:3705[13|6>12|0];Ensembl.MGI:23152[1>0]
NP_001395447	Ensembl.RefSeq_peptide:29132[1];Ensembl.RefSeq_peptide:29132[1>0]	ENSMUSG00000032411	CURATED:259[0];MGI:3705[13];MGI:3705[13|6>12|0];Ensembl.MGI:23152[1>0]
NP_001395448	Ensembl.RefSeq_peptide:29090[1];Ensembl.RefSeq_peptide:29090[1>0]	ENSMUSG00000032411	CURATED:259[0];MGI:3705[13];MGI:3705[13|6>12|0];Ensembl.MGI:23152[1>0]
NP_001395449	Ensembl.RefSeq_peptide:29089[1];Ensembl.RefSeq_peptide:29089[1>0]	ENSMUSG00000032411	CURATED:259[0];MGI:3705[13];MGI:3705[13|6>12|0];Ensembl.MGI:23152[1>0]
NP_001395450	Ensembl.RefSeq_peptide:29134[1];Ensembl.RefSeq_peptide:29134[1>0]	ENSMUSG00000032411	CURATED:259[0];MGI:3705[13];MGI:3705[13|6>12|0];Ensembl.MGI:23152[1>0]
NP_001395451	Ensembl.RefSeq_peptide:29131[1];Ensembl.RefSeq_peptide:29131[1>0]	ENSMUSG00000032411	CURATED:259[0];MGI:3705[13];MGI:3705[13|6>12|0];Ensembl.MGI:23152[1>0]
NP_001395452	Ensembl.RefSeq_peptide:29087[1];Ensembl.RefSeq_peptide:29087[1>0]	ENSMUSG00000032411	CURATED:259[0];MGI:3705[13];MGI:3705[13|6>12|0];Ensembl.MGI:23152[1>0]
NP_001395453	Ensembl.RefSeq_peptide:29158[1];Ensembl.RefSeq_peptide:29158[1>0]	ENSMUSG00000032411	CURATED:259[0];MGI:3705[13];MGI:3705[13|6>12|0];Ensembl.MGI:23152[1>0]
NP_001395454	Ensembl.RefSeq_peptide:29157[1];Ensembl.RefSeq_peptide:29157[1>0]	ENSMUSG00000032411	CURATED:259[0];MGI:3705[13];MGI:3705[13|6>12|0];Ensembl.MGI:23152[1>0]
NP_001395455	Ensembl.RefSeq_peptide:29160[1];Ensembl.RefSeq_peptide:29160[1>0]	ENSMUSG00000032411	CURATED:259[0];MGI:3705[13];MGI:3705[13|6>12|0];Ensembl.MGI:23152[1>0]
NP_001395456	Ensembl.RefSeq_peptide:29161[1];Ensembl.RefSeq_peptide:29161[1>0]	ENSMUSG00000032411	CURATED:259[0];MGI:3705[13];MGI:3705[13|6>12|0];Ensembl.MGI:23152[1>0]
NP_001395457	Ensembl.RefSeq_peptide:29003[1];Ensembl.RefSeq_peptide:29003[1>0]	ENSMUSG00000032411	CURATED:259[0];MGI:3705[13];MGI:3705[13|6>12|0];Ensembl.MGI:23152[1>0]
NP_001395458	Ensembl.RefSeq_peptide:29001[1];Ensembl.RefSeq_peptide:29001[1>0]	ENSMUSG00000032411	CURATED:259[0];MGI:3705[13];MGI:3705[13|6>12|0];Ensembl.MGI:23152[1>0]
NP_001395459	Ensembl.RefSeq_peptide:29000[1];Ensembl.RefSeq_peptide:29000[1>0]	ENSMUSG00000032411	CURATED:259[0];MGI:3705[13];MGI:3705[13|6>12|0];Ensembl.MGI:23152[1>0]
NP_001395460	Ensembl.RefSeq_peptide:28998[1];Ensembl.RefSeq_peptide:28998[1>0]	ENSMUSG00000032411	CURATED:259[0];MGI:3705[13];MGI:3705[13|6>12|0];Ensembl.MGI:23152[1>0]
NP_001395461	Ensembl.RefSeq_peptide:28999[1];Ensembl.RefSeq_peptide:28999[1>0]	ENSMUSG00000032411	CURATED:259[0];MGI:3705[13];MGI:3705[13|6>12|0];Ensembl.MGI:23152[1>0]
NP_001395462	Ensembl.RefSeq_peptide:29004[1];Ensembl.RefSeq_peptide:29004[1>0]	ENSMUSG00000032411	CURATED:259[0];MGI:3705[13];MGI:3705[13|6>12|0];Ensembl.MGI:23152[1>0]
NP_001395463	Ensembl.RefSeq_peptide:29196[1];Ensembl.RefSeq_peptide:29196[1>0]	ENSMUSG00000032411	CURATED:259[0];MGI:3705[13];MGI:3705[13|6>12|0];Ensembl.MGI:23152[1>0]
NP_001395464	Ensembl.RefSeq_peptide:29197[1];Ensembl.RefSeq_peptide:29197[1>0]	ENSMUSG00000032411	CURATED:259[0];MGI:3705[13];MGI:3705[13|6>12|0];Ensembl.MGI:23152[1>0]
NP_001395465	Ensembl.RefSeq_peptide:29221[1];Ensembl.RefSeq_peptide:29221[1>0]	ENSMUSG00000032411	CURATED:259[0];MGI:3705[13];MGI:3705[13|6>12|0];Ensembl.MGI:23152[1>0]
NP_001395466	Ensembl.RefSeq_peptide:29220[1];Ensembl.RefSeq_peptide:29220[1>0]	ENSMUSG00000032411	CURATED:259[0];MGI:3705[13];MGI:3705[13|6>12|0];Ensembl.MGI:23152[1>0]
NP_001395467	Ensembl.RefSeq_peptide:29219[1];Ensembl.RefSeq_peptide:29219[1>0]	ENSMUSG00000032411	CURATED:259[0];MGI:3705[13];MGI:3705[13|6>12|0];Ensembl.MGI:23152[1>0]
NP_001395468	Ensembl.RefSeq_peptide:29218[1];Ensembl.RefSeq_peptide:29218[1>0]	ENSMUSG00000032411	CURATED:259[0];MGI:3705[13];MGI:3705[13|6>12|0];Ensembl.MGI:23152[1>0]
NP_001395469	Ensembl.RefSeq_peptide:29223[1];Ensembl.RefSeq_peptide:29223[1>0]	ENSMUSG00000032411	CURATED:259[0];MGI:3705[13];MGI:3705[13|6>12|0];Ensembl.MGI:23152[1>0]
NP_001395470	Ensembl.RefSeq_peptide:29222[1];Ensembl.RefSeq_peptide:29222[1>0]	ENSMUSG00000032411	CURATED:259[0];MGI:3705[13];MGI:3705[13|6>12|0];Ensembl.MGI:23152[1>0]
NP_001395471	Ensembl.RefSeq_peptide:29225[1];Ensembl.RefSeq_peptide:29225[1>0]	ENSMUSG00000032411	CURATED:259[0];MGI:3705[13];MGI:3705[13|6>12|0];Ensembl.MGI:23152[1>0]
NP_001395472	Ensembl.RefSeq_peptide:29121[1];Ensembl.RefSeq_peptide:29121[1>0]	ENSMUSG00000032411	CURATED:259[0];MGI:3705[13];MGI:3705[13|6>12|0];Ensembl.MGI:23152[1>0]
NP_001395473	Ensembl.RefSeq_peptide:29124[1];Ensembl.RefSeq_peptide:29124[1>0]	ENSMUSG00000032411	CURATED:259[0];MGI:3705[13];MGI:3705[13|6>12|0];Ensembl.MGI:23152[1>0]
NP_001395474	Ensembl.RefSeq_peptide:29119[1];Ensembl.RefSeq_peptide:29119[1>0]	ENSMUSG00000032411	CURATED:259[0];MGI:3705[13];MGI:3705[13|6>12|0];Ensembl.MGI:23152[1>0]
NP_001395475	Ensembl.RefSeq_peptide:29122[1];Ensembl.RefSeq_peptide:29122[1>0]	ENSMUSG00000032411	CURATED:259[0];MGI:3705[13];MGI:3705[13|6>12|0];Ensembl.MGI:23152[1>0]
NP_001395476	Ensembl.RefSeq_peptide:29217[1];Ensembl.RefSeq_peptide:29217[1>0]	ENSMUSG00000032411	CURATED:259[0];MGI:3705[13];MGI:3705[13|6>12|0];Ensembl.MGI:23152[1>0]
NP_001395477	Ensembl.RefSeq_peptide:29154[1];Ensembl.RefSeq_peptide:29154[1>0]	ENSMUSG00000032411	CURATED:259[0];MGI:3705[13];MGI:3705[13|6>12|0];Ensembl.MGI:23152[1>0]
NP_001395478	Ensembl.RefSeq_peptide:29123[1];Ensembl.RefSeq_peptide:29123[1>0]	ENSMUSG00000032411	CURATED:259[0];MGI:3705[13];MGI:3705[13|6>12|0];Ensembl.MGI:23152[1>0]
NP_001395479	Ensembl.RefSeq_peptide:29174[1];Ensembl.RefSeq_peptide:29174[1>0]	ENSMUSG00000032411	CURATED:259[0];MGI:3705[13];MGI:3705[13|6>12|0];Ensembl.MGI:23152[1>0]
NP_001395480	Ensembl.RefSeq_peptide:29165[1];Ensembl.RefSeq_peptide:29165[1>0]	ENSMUSG00000032411	CURATED:259[0];MGI:3705[13];MGI:3705[13|6>12|0];Ensembl.MGI:23152[1>0]
NP_001395481	Ensembl.RefSeq_peptide:29171[1];Ensembl.RefSeq_peptide:29171[1>0]	ENSMUSG00000032411	CURATED:259[0];MGI:3705[13];MGI:3705[13|6>12|0];Ensembl.MGI:23152[1>0]
NP_001395482	Ensembl.RefSeq_peptide:29120[1];Ensembl.RefSeq_peptide:29120[1>0]	ENSMUSG00000032411	CURATED:259[0];MGI:3705[13];MGI:3705[13|6>12|0];Ensembl.MGI:23152[1>0]
NP_001395483	Ensembl.RefSeq_peptide:29180[1];Ensembl.RefSeq_peptide:29180[1>0]	ENSMUSG00000032411	CURATED:259[0];MGI:3705[13];MGI:3705[13|6>12|0];Ensembl.MGI:23152[1>0]
NP_001395484	Ensembl.RefSeq_peptide:29181[1];Ensembl.RefSeq_peptide:29181[1>0]	ENSMUSG00000032411	CURATED:259[0];MGI:3705[13];MGI:3705[13|6>12|0];Ensembl.MGI:23152[1>0]
NP_001395485	Ensembl.RefSeq_peptide:29182[1];Ensembl.RefSeq_peptide:29182[1>0]	ENSMUSG00000032411	CURATED:259[0];MGI:3705[13];MGI:3705[13|6>12|0];Ensembl.MGI:23152[1>0]
NP_001395486	Ensembl.RefSeq_peptide:29177[1];Ensembl.RefSeq_peptide:29177[1>0]	ENSMUSG00000032411	CURATED:259[0];MGI:3705[13];MGI:3705[13|6>12|0];Ensembl.MGI:23152[1>0]
NP_001395487	Ensembl.RefSeq_peptide:29170[1];Ensembl.RefSeq_peptide:29170[1>0]	ENSMUSG00000032411	CURATED:259[0];MGI:3705[13];MGI:3705[13|6>12|0];Ensembl.MGI:23152[1>0]
NP_001395488	Ensembl.RefSeq_peptide:29167[1];Ensembl.RefSeq_peptide:29167[1>0]	ENSMUSG00000032411	CURATED:259[0];MGI:3705[13];MGI:3705[13|6>12|0];Ensembl.MGI:23152[1>0]
NP_001395489	Ensembl.RefSeq_peptide:29176[1];Ensembl.RefSeq_peptide:29176[1>0]	ENSMUSG00000032411	CURATED:259[0];MGI:3705[13];MGI:3705[13|6>12|0];Ensembl.MGI:23152[1>0]
NP_001395490	Ensembl.RefSeq_peptide:29169[1];Ensembl.RefSeq_peptide:29169[1>0]	ENSMUSG00000032411	CURATED:259[0];MGI:3705[13];MGI:3705[13|6>12|0];Ensembl.MGI:23152[1>0]
NP_001395491	Ensembl.RefSeq_peptide:29168[1];Ensembl.RefSeq_peptide:29168[1>0]	ENSMUSG00000032411	CURATED:259[0];MGI:3705[13];MGI:3705[13|6>12|0];Ensembl.MGI:23152[1>0]
NP_001395492	Ensembl.RefSeq_peptide:29184[1];Ensembl.RefSeq_peptide:29184[1>0]	ENSMUSG00000032411	CURATED:259[0];MGI:3705[13];MGI:3705[13|6>12|0];Ensembl.MGI:23152[1>0]
NP_001395493	Ensembl.RefSeq_peptide:29173[1];Ensembl.RefSeq_peptide:29173[1>0]	ENSMUSG00000032411	CURATED:259[0];MGI:3705[13];MGI:3705[13|6>12|0];Ensembl.MGI:23152[1>0]
NP_001395494	Ensembl.RefSeq_peptide:29166[1];Ensembl.RefSeq_peptide:29166[1>0]	ENSMUSG00000032411	CURATED:259[0];MGI:3705[13];MGI:3705[13|6>12|0];Ensembl.MGI:23152[1>0]
NP_001395495	Ensembl.RefSeq_peptide:29179[1];Ensembl.RefSeq_peptide:29179[1>0]	ENSMUSG00000032411	CURATED:259[0];MGI:3705[13];MGI:3705[13|6>12|0];Ensembl.MGI:23152[1>0]
NP_001395496	Ensembl.RefSeq_peptide:29183[1];Ensembl.RefSeq_peptide:29183[1>0]	ENSMUSG00000032411	CURATED:259[0];MGI:3705[13];MGI:3705[13|6>12|0];Ensembl.MGI:23152[1>0]
NP_001395497	Ensembl.RefSeq_peptide:29178[1];Ensembl.RefSeq_peptide:29178[1>0]	ENSMUSG00000032411	CURATED:259[0];MGI:3705[13];MGI:3705[13|6>12|0];Ensembl.MGI:23152[1>0]
NP_001395498	Ensembl.RefSeq_peptide:29188[1];Ensembl.RefSeq_peptide:29188[1>0]	ENSMUSG00000032411	CURATED:259[0];MGI:3705[13];MGI:3705[13|6>12|0];Ensembl.MGI:23152[1>0]
NP_001395499	Ensembl.RefSeq_peptide:29192[1];Ensembl.RefSeq_peptide:29192[1>0]	ENSMUSG00000032411	CURATED:259[0];MGI:3705[13];MGI:3705[13|6>12|0];Ensembl.MGI:23152[1>0]
NP_001395500	Ensembl.RefSeq_peptide:29195[1];Ensembl.RefSeq_peptide:29195[1>0]	ENSMUSG00000032411	CURATED:259[0];MGI:3705[13];MGI:3705[13|6>12|0];Ensembl.MGI:23152[1>0]
NP_001395501	Ensembl.RefSeq_peptide:29216[1];Ensembl.RefSeq_peptide:29216[1>0]	ENSMUSG00000032411	CURATED:259[0];MGI:3705[13];MGI:3705[13|6>12|0];Ensembl.MGI:23152[1>0]
NP_001395502	Ensembl.RefSeq_peptide:29085[1];Ensembl.RefSeq_peptide:29085[1>0]	ENSMUSG00000032411	CURATED:259[0];MGI:3705[13];MGI:3705[13|6>12|0];Ensembl.MGI:23152[1>0]
NP_001395503	Ensembl.RefSeq_peptide:29156[1];Ensembl.RefSeq_peptide:29156[1>0]	ENSMUSG00000032411	CURATED:259[0];MGI:3705[13];MGI:3705[13|6>12|0];Ensembl.MGI:23152[1>0]
NP_001395504	Ensembl.RefSeq_peptide:29190[1];Ensembl.RefSeq_peptide:29190[1>0]	ENSMUSG00000032411	CURATED:259[0];MGI:3705[13];MGI:3705[13|6>12|0];Ensembl.MGI:23152[1>0]
NP_001395505	Ensembl.RefSeq_peptide:29193[1];Ensembl.RefSeq_peptide:29193[1>0]	ENSMUSG00000032411	CURATED:259[0];MGI:3705[13];MGI:3705[13|6>12|0];Ensembl.MGI:23152[1>0]
NP_001395506	Ensembl.RefSeq_peptide:29194[1];Ensembl.RefSeq_peptide:29194[1>0]	ENSMUSG00000032411	CURATED:259[0];MGI:3705[13];MGI:3705[13|6>12|0];Ensembl.MGI:23152[1>0]
NP_001395507	Ensembl.RefSeq_peptide:29191[1];Ensembl.RefSeq_peptide:29191[1>0]	ENSMUSG00000032411	CURATED:259[0];MGI:3705[13];MGI:3705[13|6>12|0];Ensembl.MGI:23152[1>0]
NP_001395508	Ensembl.RefSeq_peptide:29189[1];Ensembl.RefSeq_peptide:29189[1>0]	ENSMUSG00000032411	CURATED:259[0];MGI:3705[13];MGI:3705[13|6>12|0];Ensembl.MGI:23152[1>0]
NP_001395509	Ensembl.RefSeq_peptide:29130[1];Ensembl.RefSeq_peptide:29130[1>0]	ENSMUSG00000032411	CURATED:259[0];MGI:3705[13];MGI:3705[13|6>12|0];Ensembl.MGI:23152[1>0]
NP_001395510	Ensembl.RefSeq_peptide:29086[1];Ensembl.RefSeq_peptide:29086[1>0]	ENSMUSG00000032411	CURATED:259[0];MGI:3705[13];MGI:3705[13|6>12|0];Ensembl.MGI:23152[1>0]
NP_001395511	Ensembl.RefSeq_peptide:29084[1];Ensembl.RefSeq_peptide:29084[1>0]	ENSMUSG00000032411	CURATED:259[0];MGI:3705[13];MGI:3705[13|6>12|0];Ensembl.MGI:23152[1>0]
NP_001395512	Ensembl.RefSeq_peptide:29155[1];Ensembl.RefSeq_peptide:29155[1>0]	ENSMUSG00000032411	CURATED:259[0];MGI:3705[13];MGI:3705[13|6>12|0];Ensembl.MGI:23152[1>0]
NP_001395513	Ensembl.RefSeq_peptide:29215[1];Ensembl.RefSeq_peptide:29215[1>0]	ENSMUSG00000032411	CURATED:259[0];MGI:3705[13];MGI:3705[13|6>12|0];Ensembl.MGI:23152[1>0]
NP_001395514	Ensembl.RefSeq_peptide:28993[1];Ensembl.RefSeq_peptide:28993[1>0]	ENSMUSG00000032411	CURATED:259[0];MGI:3705[13];MGI:3705[13|6>12|0];Ensembl.MGI:23152[1>0]
NP_001395515	Ensembl.RefSeq_peptide:28997[1];Ensembl.RefSeq_peptide:28997[1>0]	ENSMUSG00000032411	CURATED:259[0];MGI:3705[13];MGI:3705[13|6>12|0];Ensembl.MGI:23152[1>0]
NP_001395516	Ensembl.RefSeq_peptide:28990[1];Ensembl.RefSeq_peptide:28990[1>0]	ENSMUSG00000032411	CURATED:259[0];MGI:3705[13];MGI:3705[13|6>12|0];Ensembl.MGI:23152[1>0]
NP_001395517	Ensembl.RefSeq_peptide:28992[1];Ensembl.RefSeq_peptide:28992[1>0]	ENSMUSG00000032411	CURATED:259[0];MGI:3705[13];MGI:3705[13|6>12|0];Ensembl.MGI:23152[1>0]
NP_001395518	Ensembl.RefSeq_peptide:28995[1];Ensembl.RefSeq_peptide:28995[1>0]	ENSMUSG00000032411	CURATED:259[0];MGI:3705[13];MGI:3705[13|6>12|0];Ensembl.MGI:23152[1>0]
NP_001395519	Ensembl.RefSeq_peptide:28994[1];Ensembl.RefSeq_peptide:28994[1>0]	ENSMUSG00000032411	CURATED:259[0];MGI:3705[13];MGI:3705[13|6>12|0];Ensembl.MGI:23152[1>0]
NP_001395520	Ensembl.RefSeq_peptide:29172[1];Ensembl.RefSeq_peptide:29172[1>0]	ENSMUSG00000032411	CURATED:259[0];MGI:3705[13];MGI:3705[13|6>12|0];Ensembl.MGI:23152[1>0]
NP_001395521	Ensembl.RefSeq_peptide:29164[1];Ensembl.RefSeq_peptide:29164[1>0]	ENSMUSG00000032411	CURATED:259[0];MGI:3705[13];MGI:3705[13|6>12|0];Ensembl.MGI:23152[1>0]
NP_001395522	Ensembl.RefSeq_peptide:29175[1];Ensembl.RefSeq_peptide:29175[1>0]	ENSMUSG00000032411	CURATED:259[0];MGI:3705[13];MGI:3705[13|6>12|0];Ensembl.MGI:23152[1>0]
NP_001395523	Ensembl.RefSeq_peptide:28991[1];Ensembl.RefSeq_peptide:28991[1>0]	ENSMUSG00000032411	CURATED:259[0];MGI:3705[13];MGI:3705[13|6>12|0];Ensembl.MGI:23152[1>0]
NP_001395524	Ensembl.RefSeq_peptide:28996[1];Ensembl.RefSeq_peptide:28996[1>0]	ENSMUSG00000032411	CURATED:259[0];MGI:3705[13];MGI:3705[13|6>12|0];Ensembl.MGI:23152[1>0]
NP_001396980	Ensembl.RefSeq_peptide:21993[1];Ensembl.RefSeq_peptide:21993[1>0]	ENSMUSG00000035158	CURATED:168[0];MGI:36378[13];MGI:36378[13|6>12|0];Ensembl.MGI:18273[1>0]
NP_001396981	Ensembl.RefSeq_peptide:21972[1];Ensembl.RefSeq_peptide:21972[1>0]	ENSMUSG00000035158	CURATED:168[0];MGI:36378[13];MGI:36378[13|6>12|0];Ensembl.MGI:18273[1>0]
NP_001396982	Ensembl.RefSeq_peptide:22009[1];Ensembl.RefSeq_peptide:22009[1>0]	ENSMUSG00000035158	CURATED:168[0];MGI:36378[13];MGI:36378[13|6>12|0];Ensembl.MGI:18273[1>0]
NP_001396983	Ensembl.RefSeq_peptide:22014[1];Ensembl.RefSeq_peptide:22014[1>0]	ENSMUSG00000035158	CURATED:168[0];MGI:36378[13];MGI:36378[13|6>12|0];Ensembl.MGI:18273[1>0]
NP_001396984	Ensembl.RefSeq_peptide:22013[1];Ensembl.RefSeq_peptide:22013[1>0]	ENSMUSG00000035158	CURATED:168[0];MGI:36378[13];MGI:36378[13|6>12|0];Ensembl.MGI:18273[1>0]
NP_001396985	Ensembl.RefSeq_peptide:21970[1];Ensembl.RefSeq_peptide:21970[1>0]	ENSMUSG00000035158	CURATED:168[0];MGI:36378[13];MGI:36378[13|6>12|0];Ensembl.MGI:18273[1>0]
NP_001396986	Ensembl.RefSeq_peptide:21971[1];Ensembl.RefSeq_peptide:21971[1>0]	ENSMUSG00000035158	CURATED:168[0];MGI:36378[13];MGI:36378[13|6>12|0];Ensembl.MGI:18273[1>0]
NP_001396987	Ensembl.RefSeq_peptide:22019[1];Ensembl.RefSeq_peptide:22019[1>0]	ENSMUSG00000035158	CURATED:168[0];MGI:36378[13];MGI:36378[13|6>12|0];Ensembl.MGI:18273[1>0]
NP_001396988	Ensembl.RefSeq_peptide:22020[1];Ensembl.RefSeq_peptide:22020[1>0]	ENSMUSG00000035158	CURATED:168[0];MGI:36378[13];MGI:36378[13|6>12|0];Ensembl.MGI:18273[1>0]
NP_001397005	Ensembl.RefSeq_peptide:59685[1];Ensembl.RefSeq_peptide:59685[1>0]	ENSMUSG00000001156	CURATED:172[0];MGI:31178[13];MGI:31178[13|6>12|0];Ensembl.MGI:44100[1>0]
NP_001397006	Ensembl.RefSeq_peptide:54529[1];Ensembl.RefSeq_peptide:54529[1>0]	ENSMUSG00000001419	CURATED:162[0];MGI:38180[13];MGI:38180[13|6>12|0];Ensembl.MGI:40776[1>0]
NP_001397007	Ensembl.RefSeq_peptide:54530[1];Ensembl.RefSeq_peptide:54530[1>0]	ENSMUSG00000001419	CURATED:162[0];MGI:38180[13];MGI:38180[13|6>12|0];Ensembl.MGI:40776[1>0]
NP_001397008	Ensembl.RefSeq_peptide:54522[1];Ensembl.RefSeq_peptide:54522[1>0]	ENSMUSG00000001419	CURATED:162[0];MGI:38180[13];MGI:38180[13|6>12|0];Ensembl.MGI:40776[1>0]
NP_001397009	Ensembl.RefSeq_peptide:54520[1];Ensembl.RefSeq_peptide:54520[1>0]	ENSMUSG00000001419	CURATED:162[0];MGI:38180[13];MGI:38180[13|6>12|0];Ensembl.MGI:40776[1>0]
NP_001397010	Ensembl.RefSeq_peptide:54526[1];Ensembl.RefSeq_peptide:54526[1>0]	ENSMUSG00000001419	CURATED:162[0];MGI:38180[13];MGI:38180[13|6>12|0];Ensembl.MGI:40776[1>0]
NP_001397011	Ensembl.RefSeq_peptide:54523[1];Ensembl.RefSeq_peptide:54523[1>0]	ENSMUSG00000001419	CURATED:162[0];MGI:38180[13];MGI:38180[13|6>12|0];Ensembl.MGI:40776[1>0]
NP_001397012	Ensembl.RefSeq_peptide:54518[1];Ensembl.RefSeq_peptide:54518[1>0]	ENSMUSG00000001419	CURATED:162[0];MGI:38180[13];MGI:38180[13|6>12|0];Ensembl.MGI:40776[1>0]
NP_001397013	Ensembl.RefSeq_peptide:54515[1];Ensembl.RefSeq_peptide:54515[1>0]	ENSMUSG00000001419	CURATED:162[0];MGI:38180[13];MGI:38180[13|6>12|0];Ensembl.MGI:40776[1>0]
NP_001397014	Ensembl.RefSeq_peptide:54502[1];Ensembl.RefSeq_peptide:54502[1>0]	ENSMUSG00000001419	CURATED:162[0];MGI:38180[13];MGI:38180[13|6>12|0];Ensembl.MGI:40776[1>0]
NP_001397015	Ensembl.RefSeq_peptide:54509[1];Ensembl.RefSeq_peptide:54509[1>0]	ENSMUSG00000001419	CURATED:162[0];MGI:38180[13];MGI:38180[13|6>12|0];Ensembl.MGI:40776[1>0]
NP_001397016	Ensembl.RefSeq_peptide:54510[1];Ensembl.RefSeq_peptide:54510[1>0]	ENSMUSG00000001419	CURATED:162[0];MGI:38180[13];MGI:38180[13|6>12|0];Ensembl.MGI:40776[1>0]
NP_001397017	Ensembl.RefSeq_peptide:54495[1];Ensembl.RefSeq_peptide:54495[1>0]	ENSMUSG00000001419	CURATED:162[0];MGI:38180[13];MGI:38180[13|6>12|0];Ensembl.MGI:40776[1>0]
NP_001397018	Ensembl.RefSeq_peptide:54504[1];Ensembl.RefSeq_peptide:54504[1>0]	ENSMUSG00000001419	CURATED:162[0];MGI:38180[13];MGI:38180[13|6>12|0];Ensembl.MGI:40776[1>0]
NP_001397019	Ensembl.RefSeq_peptide:54527[1];Ensembl.RefSeq_peptide:54527[1>0]	ENSMUSG00000001419	CURATED:162[0];MGI:38180[13];MGI:38180[13|6>12|0];Ensembl.MGI:40776[1>0]
NP_001397020	Ensembl.RefSeq_peptide:54493[1];Ensembl.RefSeq_peptide:54493[1>0]	ENSMUSG00000001419	CURATED:162[0];MGI:38180[13];MGI:38180[13|6>12|0];Ensembl.MGI:40776[1>0]
NP_001397021	Ensembl.RefSeq_peptide:54500[1];Ensembl.RefSeq_peptide:54500[1>0]	ENSMUSG00000001419	CURATED:162[0];MGI:38180[13];MGI:38180[13|6>12|0];Ensembl.MGI:40776[1>0]
NP_001397022	Ensembl.RefSeq_peptide:54506[1];Ensembl.RefSeq_peptide:54506[1>0]	ENSMUSG00000001419	CURATED:162[0];MGI:38180[13];MGI:38180[13|6>12|0];Ensembl.MGI:40776[1>0]
NP_001397023	Ensembl.RefSeq_peptide:54519[1];Ensembl.RefSeq_peptide:54519[1>0]	ENSMUSG00000001419	CURATED:162[0];MGI:38180[13];MGI:38180[13|6>12|0];Ensembl.MGI:40776[1>0]
NP_001397024	Ensembl.RefSeq_peptide:54525[1];Ensembl.RefSeq_peptide:54525[1>0]	ENSMUSG00000001419	CURATED:162[0];MGI:38180[13];MGI:38180[13|6>12|0];Ensembl.MGI:40776[1>0]
NP_001397025	Ensembl.RefSeq_peptide:54521[1];Ensembl.RefSeq_peptide:54521[1>0]	ENSMUSG00000001419	CURATED:162[0];MGI:38180[13];MGI:38180[13|6>12|0];Ensembl.MGI:40776[1>0]
NP_001397026	Ensembl.RefSeq_peptide:54524[1];Ensembl.RefSeq_peptide:54524[1>0]	ENSMUSG00000001419	CURATED:162[0];MGI:38180[13];MGI:38180[13|6>12|0];Ensembl.MGI:40776[1>0]
NP_001397027	Ensembl.RefSeq_peptide:54499[1];Ensembl.RefSeq_peptide:54499[1>0]	ENSMUSG00000001419	CURATED:162[0];MGI:38180[13];MGI:38180[13|6>12|0];Ensembl.MGI:40776[1>0]
NP_001397028	Ensembl.RefSeq_peptide:54498[1];Ensembl.RefSeq_peptide:54498[1>0]	ENSMUSG00000001419	CURATED:162[0];MGI:38180[13];MGI:38180[13|6>12|0];Ensembl.MGI:40776[1>0]
NP_001397029	Ensembl.RefSeq_peptide:54494[1];Ensembl.RefSeq_peptide:54494[1>0]	ENSMUSG00000001419	CURATED:162[0];MGI:38180[13];MGI:38180[13|6>12|0];Ensembl.MGI:40776[1>0]
NP_001397030	Ensembl.RefSeq_peptide:54505[1];Ensembl.RefSeq_peptide:54505[1>0]	ENSMUSG00000001419	CURATED:162[0];MGI:38180[13];MGI:38180[13|6>12|0];Ensembl.MGI:40776[1>0]
NP_001397031	Ensembl.RefSeq_peptide:54508[1];Ensembl.RefSeq_peptide:54508[1>0]	ENSMUSG00000001419	CURATED:162[0];MGI:38180[13];MGI:38180[13|6>12|0];Ensembl.MGI:40776[1>0]
NP_001397032	Ensembl.RefSeq_peptide:54497[1];Ensembl.RefSeq_peptide:54497[1>0]	ENSMUSG00000001419	CURATED:162[0];MGI:38180[13];MGI:38180[13|6>12|0];Ensembl.MGI:40776[1>0]
NP_001397033	Ensembl.RefSeq_peptide:54496[1];Ensembl.RefSeq_peptide:54496[1>0]	ENSMUSG00000001419	CURATED:162[0];MGI:38180[13];MGI:38180[13|6>12|0];Ensembl.MGI:40776[1>0]
NP_001397034	Ensembl.RefSeq_peptide:54507[1];Ensembl.RefSeq_peptide:54507[1>0]	ENSMUSG00000001419	CURATED:162[0];MGI:38180[13];MGI:38180[13|6>12|0];Ensembl.MGI:40776[1>0]
NP_001397180	Ensembl.RefSeq_peptide:5772[1];Ensembl.RefSeq_peptide:5772[1>0]	ENSMUSG00000016087	CURATED:55[0];MGI:100266[13];MGI:100266[13|6>12|0];Ensembl.MGI:6240[1>0]
NP_001397181	Ensembl.RefSeq_peptide:5773[1];Ensembl.RefSeq_peptide:5773[1>0]	ENSMUSG00000016087	CURATED:55[0];MGI:100266[13];MGI:100266[13|6>12|0];Ensembl.MGI:6240[1>0]
NP_001397371	Ensembl.RefSeq_peptide:27588[1];Ensembl.RefSeq_peptide:27588[1>0]	ENSMUSG00000028163	CURATED:183[0];MGI:174607[13|6];MGI:174607[13|6>12|0];Ensembl.MGI:22193[1>0]
NP_001397426	Ensembl.RefSeq_peptide:3094[1];Ensembl.RefSeq_peptide:3094[1>0]	ENSMUSG00000066687	CURATED:269[0];MGI:24870[13];MGI:24870[13|6>12|0];Ensembl.MGI:3986[1>0]
NP_001397532	Ensembl.RefSeq_peptide:43553[1];Ensembl.RefSeq_peptide:43553[1>0]	ENSMUSG00000031162	CURATED:75[0];MGI:101197[13];MGI:101197[13|6>12|0];Ensembl.MGI:33636[1>0]
NP_001397533	Ensembl.RefSeq_peptide:43551[1];Ensembl.RefSeq_peptide:43551[1>0]	ENSMUSG00000031162	CURATED:75[0];MGI:101197[13];MGI:101197[13|6>12|0];Ensembl.MGI:33636[1>0]
NP_001398082	Ensembl.RefSeq_peptide:54912[1];Ensembl.RefSeq_peptide:54912[1>0]	ENSMUSG00000032446	CURATED:46[0];MGI:37628[13];MGI:37628[13|6>12|0];Ensembl.MGI:41076[1>0]
NP_001398643	Ensembl.RefSeq_peptide:30059[1];Ensembl.RefSeq_peptide:30059[1>0]	ENSMUSG00000001288	CURATED:207[0];MGI:23998[13];MGI:23998[13|6>12|0];Ensembl.MGI:24073[1>0]
NP_001399647	Ensembl.RefSeq_peptide:60775[1];Ensembl.RefSeq_peptide:60775[1>0]	ENSMUSG00000046711	CURATED:98[0];MGI:26959[13];MGI:26959[13|6>12|0];Ensembl.MGI:44650[1>0]
NP_001399650	Ensembl.RefSeq_peptide:60857[1];Ensembl.RefSeq_peptide:60857[1>0]	ENSMUSG00000046711	CURATED:98[0];MGI:26959[13];MGI:26959[13|6>12|0];Ensembl.MGI:44650[1>0]
NP_001399651	Ensembl.RefSeq_peptide:60854[1];Ensembl.RefSeq_peptide:60854[1>0]	ENSMUSG00000046711	CURATED:98[0];MGI:26959[13];MGI:26959[13|6>12|0];Ensembl.MGI:44650[1>0]
NP_001399652	Ensembl.RefSeq_peptide:60827[1];Ensembl.RefSeq_peptide:60827[1>0]	ENSMUSG00000046711	CURATED:98[0];MGI:26959[13];MGI:26959[13|6>12|0];Ensembl.MGI:44650[1>0]
NP_001399653	Ensembl.RefSeq_peptide:60826[1];Ensembl.RefSeq_peptide:60826[1>0]	ENSMUSG00000046711	CURATED:98[0];MGI:26959[13];MGI:26959[13|6>12|0];Ensembl.MGI:44650[1>0]
NP_001399655	Ensembl.RefSeq_peptide:60856[1];Ensembl.RefSeq_peptide:60856[1>0]	ENSMUSG00000046711	CURATED:98[0];MGI:26959[13];MGI:26959[13|6>12|0];Ensembl.MGI:44650[1>0]
NP_001399656	Ensembl.RefSeq_peptide:60825[1];Ensembl.RefSeq_peptide:60825[1>0]	ENSMUSG00000046711	CURATED:98[0];MGI:26959[13];MGI:26959[13|6>12|0];Ensembl.MGI:44650[1>0]
NP_001399657	Ensembl.RefSeq_peptide:60855[1];Ensembl.RefSeq_peptide:60855[1>0]	ENSMUSG00000046711	CURATED:98[0];MGI:26959[13];MGI:26959[13|6>12|0];Ensembl.MGI:44650[1>0]
NP_001399658	Ensembl.RefSeq_peptide:60871[1];Ensembl.RefSeq_peptide:60871[1>0]	ENSMUSG00000046711	CURATED:98[0];MGI:26959[13];MGI:26959[13|6>12|0];Ensembl.MGI:44650[1>0]
NP_001399659	Ensembl.RefSeq_peptide:60870[1];Ensembl.RefSeq_peptide:60870[1>0]	ENSMUSG00000046711	CURATED:98[0];MGI:26959[13];MGI:26959[13|6>12|0];Ensembl.MGI:44650[1>0]
NP_001399660	Ensembl.RefSeq_peptide:60795[1];Ensembl.RefSeq_peptide:60795[1>0]	ENSMUSG00000046711	CURATED:98[0];MGI:26959[13];MGI:26959[13|6>12|0];Ensembl.MGI:44650[1>0]
NP_001399661	Ensembl.RefSeq_peptide:60794[1];Ensembl.RefSeq_peptide:60794[1>0]	ENSMUSG00000046711	CURATED:98[0];MGI:26959[13];MGI:26959[13|6>12|0];Ensembl.MGI:44650[1>0]
NP_001399662	Ensembl.RefSeq_peptide:60758[1];Ensembl.RefSeq_peptide:60758[1>0]	ENSMUSG00000046711	CURATED:98[0];MGI:26959[13];MGI:26959[13|6>12|0];Ensembl.MGI:44650[1>0]
NP_001399669	Ensembl.RefSeq_peptide:60803[1];Ensembl.RefSeq_peptide:60803[1>0]	ENSMUSG00000046711	CURATED:98[0];MGI:26959[13];MGI:26959[13|6>12|0];Ensembl.MGI:44650[1>0]
NP_001399677	Ensembl.RefSeq_peptide:60819[1];Ensembl.RefSeq_peptide:60819[1>0]	ENSMUSG00000046711	CURATED:98[0];MGI:26959[13];MGI:26959[13|6>12|0];Ensembl.MGI:44650[1>0]
NP_001399678	Ensembl.RefSeq_peptide:60821[1];Ensembl.RefSeq_peptide:60821[1>0]	ENSMUSG00000046711	CURATED:98[0];MGI:26959[13];MGI:26959[13|6>12|0];Ensembl.MGI:44650[1>0]
NP_001399679	Ensembl.RefSeq_peptide:60852[1];Ensembl.RefSeq_peptide:60852[1>0]	ENSMUSG00000046711	CURATED:98[0];MGI:26959[13];MGI:26959[13|6>12|0];Ensembl.MGI:44650[1>0]
NP_001399680	Ensembl.RefSeq_peptide:60820[1];Ensembl.RefSeq_peptide:60820[1>0]	ENSMUSG00000046711	CURATED:98[0];MGI:26959[13];MGI:26959[13|6>12|0];Ensembl.MGI:44650[1>0]
NP_001399681	Ensembl.RefSeq_peptide:60822[1];Ensembl.RefSeq_peptide:60822[1>0]	ENSMUSG00000046711	CURATED:98[0];MGI:26959[13];MGI:26959[13|6>12|0];Ensembl.MGI:44650[1>0]
NP_001399683	Ensembl.RefSeq_peptide:60851[1];Ensembl.RefSeq_peptide:60851[1>0]	ENSMUSG00000046711	CURATED:98[0];MGI:26959[13];MGI:26959[13|6>12|0];Ensembl.MGI:44650[1>0]
NP_001399684	Ensembl.RefSeq_peptide:60853[1];Ensembl.RefSeq_peptide:60853[1>0]	ENSMUSG00000046711	CURATED:98[0];MGI:26959[13];MGI:26959[13|6>12|0];Ensembl.MGI:44650[1>0]
NP_001399693	Ensembl.RefSeq_peptide:60850[1];Ensembl.RefSeq_peptide:60850[1>0]	ENSMUSG00000046711	CURATED:98[0];MGI:26959[13];MGI:26959[13|6>12|0];Ensembl.MGI:44650[1>0]
NP_001399694	Ensembl.RefSeq_peptide:60823[1];Ensembl.RefSeq_peptide:60823[1>0]	ENSMUSG00000046711	CURATED:98[0];MGI:26959[13];MGI:26959[13|6>12|0];Ensembl.MGI:44650[1>0]
NP_001399695	Ensembl.RefSeq_peptide:60843[1];Ensembl.RefSeq_peptide:60843[1>0]	ENSMUSG00000046711	CURATED:98[0];MGI:26959[13];MGI:26959[13|6>12|0];Ensembl.MGI:44650[1>0]
NP_001399696	Ensembl.RefSeq_peptide:60841[1];Ensembl.RefSeq_peptide:60841[1>0]	ENSMUSG00000046711	CURATED:98[0];MGI:26959[13];MGI:26959[13|6>12|0];Ensembl.MGI:44650[1>0]
NP_001399697	Ensembl.RefSeq_peptide:60840[1];Ensembl.RefSeq_peptide:60840[1>0]	ENSMUSG00000046711	CURATED:98[0];MGI:26959[13];MGI:26959[13|6>12|0];Ensembl.MGI:44650[1>0]
NP_001399698	Ensembl.RefSeq_peptide:60842[1];Ensembl.RefSeq_peptide:60842[1>0]	ENSMUSG00000046711	CURATED:98[0];MGI:26959[13];MGI:26959[13|6>12|0];Ensembl.MGI:44650[1>0]
NP_001399699	Ensembl.RefSeq_peptide:60835[1];Ensembl.RefSeq_peptide:60835[1>0]	ENSMUSG00000046711	CURATED:98[0];MGI:26959[13];MGI:26959[13|6>12|0];Ensembl.MGI:44650[1>0]
NP_001399700	Ensembl.RefSeq_peptide:60837[1];Ensembl.RefSeq_peptide:60837[1>0]	ENSMUSG00000046711	CURATED:98[0];MGI:26959[13];MGI:26959[13|6>12|0];Ensembl.MGI:44650[1>0]
NP_001399701	Ensembl.RefSeq_peptide:60834[1];Ensembl.RefSeq_peptide:60834[1>0]	ENSMUSG00000046711	CURATED:98[0];MGI:26959[13];MGI:26959[13|6>12|0];Ensembl.MGI:44650[1>0]
NP_001399702	Ensembl.RefSeq_peptide:60836[1];Ensembl.RefSeq_peptide:60836[1>0]	ENSMUSG00000046711	CURATED:98[0];MGI:26959[13];MGI:26959[13|6>12|0];Ensembl.MGI:44650[1>0]
NP_001399712	Ensembl.RefSeq_peptide:60816[1];Ensembl.RefSeq_peptide:60816[1>0]	ENSMUSG00000046711	CURATED:98[0];MGI:26959[13];MGI:26959[13|6>12|0];Ensembl.MGI:44650[1>0]
NP_001399872	Ensembl.RefSeq_peptide:60753[1];Ensembl.RefSeq_peptide:60753[1>0]	ENSMUSG00000046711	CURATED:98[0];MGI:26959[13];MGI:26959[13|6>12|0];Ensembl.MGI:44650[1>0]
NP_001399873	Ensembl.RefSeq_peptide:60791[1];Ensembl.RefSeq_peptide:60791[1>0]	ENSMUSG00000046711	CURATED:98[0];MGI:26959[13];MGI:26959[13|6>12|0];Ensembl.MGI:44650[1>0]
NP_001399874	Ensembl.RefSeq_peptide:60802[1];Ensembl.RefSeq_peptide:60802[1>0]	ENSMUSG00000046711	CURATED:98[0];MGI:26959[13];MGI:26959[13|6>12|0];Ensembl.MGI:44650[1>0]
NP_001399878	Ensembl.RefSeq_peptide:60780[1];Ensembl.RefSeq_peptide:60780[1>0]	ENSMUSG00000046711	CURATED:98[0];MGI:26959[13];MGI:26959[13|6>12|0];Ensembl.MGI:44650[1>0]
NP_001399879	Ensembl.RefSeq_peptide:60779[1];Ensembl.RefSeq_peptide:60779[1>0]	ENSMUSG00000046711	CURATED:98[0];MGI:26959[13];MGI:26959[13|6>12|0];Ensembl.MGI:44650[1>0]
NP_001399880	Ensembl.RefSeq_peptide:60846[1];Ensembl.RefSeq_peptide:60846[1>0]	ENSMUSG00000046711	CURATED:98[0];MGI:26959[13];MGI:26959[13|6>12|0];Ensembl.MGI:44650[1>0]
NP_001399881	Ensembl.RefSeq_peptide:60847[1];Ensembl.RefSeq_peptide:60847[1>0]	ENSMUSG00000046711	CURATED:98[0];MGI:26959[13];MGI:26959[13|6>12|0];Ensembl.MGI:44650[1>0]
NP_001399882	Ensembl.RefSeq_peptide:60845[1];Ensembl.RefSeq_peptide:60845[1>0]	ENSMUSG00000046711	CURATED:98[0];MGI:26959[13];MGI:26959[13|6>12|0];Ensembl.MGI:44650[1>0]
NP_001399883	Ensembl.RefSeq_peptide:60844[1];Ensembl.RefSeq_peptide:60844[1>0]	ENSMUSG00000046711	CURATED:98[0];MGI:26959[13];MGI:26959[13|6>12|0];Ensembl.MGI:44650[1>0]
NP_001399884	Ensembl.RefSeq_peptide:60814[1];Ensembl.RefSeq_peptide:60814[1>0]	ENSMUSG00000046711	CURATED:98[0];MGI:26959[13];MGI:26959[13|6>12|0];Ensembl.MGI:44650[1>0]
NP_001399885	Ensembl.RefSeq_peptide:60774[1];Ensembl.RefSeq_peptide:60774[1>0]	ENSMUSG00000046711	CURATED:98[0];MGI:26959[13];MGI:26959[13|6>12|0];Ensembl.MGI:44650[1>0]
NP_001399886	Ensembl.RefSeq_peptide:60773[1];Ensembl.RefSeq_peptide:60773[1>0]	ENSMUSG00000046711	CURATED:98[0];MGI:26959[13];MGI:26959[13|6>12|0];Ensembl.MGI:44650[1>0]
NP_001399887	Ensembl.RefSeq_peptide:60801[1];Ensembl.RefSeq_peptide:60801[1>0]	ENSMUSG00000046711	CURATED:98[0];MGI:26959[13];MGI:26959[13|6>12|0];Ensembl.MGI:44650[1>0]
NP_001399888	Ensembl.RefSeq_peptide:60754[1];Ensembl.RefSeq_peptide:60754[1>0]	ENSMUSG00000046711	CURATED:98[0];MGI:26959[13];MGI:26959[13|6>12|0];Ensembl.MGI:44650[1>0]
NP_001400071	Ensembl.RefSeq_peptide:60818[1];Ensembl.RefSeq_peptide:60818[1>0]	ENSMUSG00000046711	CURATED:98[0];MGI:26959[13];MGI:26959[13|6>12|0];Ensembl.MGI:44650[1>0]
NP_001400072	Ensembl.RefSeq_peptide:60772[1];Ensembl.RefSeq_peptide:60772[1>0]	ENSMUSG00000046711	CURATED:98[0];MGI:26959[13];MGI:26959[13|6>12|0];Ensembl.MGI:44650[1>0]
NP_001400073	Ensembl.RefSeq_peptide:60771[1];Ensembl.RefSeq_peptide:60771[1>0]	ENSMUSG00000046711	CURATED:98[0];MGI:26959[13];MGI:26959[13|6>12|0];Ensembl.MGI:44650[1>0]
NP_001400726	Ensembl.RefSeq_peptide:10880[1];Ensembl.RefSeq_peptide:10880[1>0]	ENSMUSG00000038482	CURATED:258[0];MGI:569176[13|6];MGI:569176[13|6>12|0];Ensembl.MGI:10049[1>0]
NP_001400727	Ensembl.RefSeq_peptide:10879[1];Ensembl.RefSeq_peptide:10879[1>0]	ENSMUSG00000038482	CURATED:258[0];MGI:569176[13|6];MGI:569176[13|6>12|0];Ensembl.MGI:10049[1>0]
NP_001400728	Ensembl.RefSeq_peptide:10875[1];Ensembl.RefSeq_peptide:10875[1>0]	ENSMUSG00000038482	CURATED:258[0];MGI:569176[13|6];MGI:569176[13|6>12|0];Ensembl.MGI:10049[1>0]
NP_001400729	Ensembl.RefSeq_peptide:10876[1];Ensembl.RefSeq_peptide:10876[1>0]	ENSMUSG00000038482	CURATED:258[0];MGI:569176[13|6];MGI:569176[13|6>12|0];Ensembl.MGI:10049[1>0]
NP_001400730	Ensembl.RefSeq_peptide:10865[1];Ensembl.RefSeq_peptide:10865[1>0]	ENSMUSG00000038482	CURATED:258[0];MGI:569176[13|6];MGI:569176[13|6>12|0];Ensembl.MGI:10049[1>0]
NP_001400731	Ensembl.RefSeq_peptide:10877[1];Ensembl.RefSeq_peptide:10877[1>0]	ENSMUSG00000038482	CURATED:258[0];MGI:569176[13|6];MGI:569176[13|6>12|0];Ensembl.MGI:10049[1>0]
NP_001400732	Ensembl.RefSeq_peptide:10873[1];Ensembl.RefSeq_peptide:10873[1>0]	ENSMUSG00000038482	CURATED:258[0];MGI:569176[13|6];MGI:569176[13|6>12|0];Ensembl.MGI:10049[1>0]
NP_001400733	Ensembl.RefSeq_peptide:10871[1];Ensembl.RefSeq_peptide:10871[1>0]	ENSMUSG00000038482	CURATED:258[0];MGI:569176[13|6];MGI:569176[13|6>12|0];Ensembl.MGI:10049[1>0]
NP_001400734	Ensembl.RefSeq_peptide:10870[1];Ensembl.RefSeq_peptide:10870[1>0]	ENSMUSG00000038482	CURATED:258[0];MGI:569176[13|6];MGI:569176[13|6>12|0];Ensembl.MGI:10049[1>0]
NP_001400735	Ensembl.RefSeq_peptide:10882[1];Ensembl.RefSeq_peptide:10882[1>0]	ENSMUSG00000038482	CURATED:258[0];MGI:569176[13|6];MGI:569176[13|6>12|0];Ensembl.MGI:10049[1>0]
NP_001400736	Ensembl.RefSeq_peptide:10878[1];Ensembl.RefSeq_peptide:10878[1>0]	ENSMUSG00000038482	CURATED:258[0];MGI:569176[13|6];MGI:569176[13|6>12|0];Ensembl.MGI:10049[1>0]
NP_001400737	Ensembl.RefSeq_peptide:10874[1];Ensembl.RefSeq_peptide:10874[1>0]	ENSMUSG00000038482	CURATED:258[0];MGI:569176[13|6];MGI:569176[13|6>12|0];Ensembl.MGI:10049[1>0]
NP_001400738	Ensembl.RefSeq_peptide:10872[1];Ensembl.RefSeq_peptide:10872[1>0]	ENSMUSG00000038482	CURATED:258[0];MGI:569176[13|6];MGI:569176[13|6>12|0];Ensembl.MGI:10049[1>0]
NP_001400739	Ensembl.RefSeq_peptide:10887[1];Ensembl.RefSeq_peptide:10887[1>0]	ENSMUSG00000038482	CURATED:258[0];MGI:569176[13|6];MGI:569176[13|6>12|0];Ensembl.MGI:10049[1>0]
NP_001400740	Ensembl.RefSeq_peptide:10888[1];Ensembl.RefSeq_peptide:10888[1>0]	ENSMUSG00000038482	CURATED:258[0];MGI:569176[13|6];MGI:569176[13|6>12|0];Ensembl.MGI:10049[1>0]
NP_001400741	Ensembl.RefSeq_peptide:10893[1];Ensembl.RefSeq_peptide:10893[1>0]	ENSMUSG00000038482	CURATED:258[0];MGI:569176[13|6];MGI:569176[13|6>12|0];Ensembl.MGI:10049[1>0]
NP_001400742	Ensembl.RefSeq_peptide:10892[1];Ensembl.RefSeq_peptide:10892[1>0]	ENSMUSG00000038482	CURATED:258[0];MGI:569176[13|6];MGI:569176[13|6>12|0];Ensembl.MGI:10049[1>0]
NP_001400743	Ensembl.RefSeq_peptide:10890[1];Ensembl.RefSeq_peptide:10890[1>0]	ENSMUSG00000038482	CURATED:258[0];MGI:569176[13|6];MGI:569176[13|6>12|0];Ensembl.MGI:10049[1>0]
NP_001400744	Ensembl.RefSeq_peptide:10921[1];Ensembl.RefSeq_peptide:10921[1>0]	ENSMUSG00000038482	CURATED:258[0];MGI:569176[13|6];MGI:569176[13|6>12|0];Ensembl.MGI:10049[1>0]
NP_001400745	Ensembl.RefSeq_peptide:10891[1];Ensembl.RefSeq_peptide:10891[1>0]	ENSMUSG00000038482	CURATED:258[0];MGI:569176[13|6];MGI:569176[13|6>12|0];Ensembl.MGI:10049[1>0]
NP_001400746	Ensembl.RefSeq_peptide:10884[1];Ensembl.RefSeq_peptide:10884[1>0]	ENSMUSG00000038482	CURATED:258[0];MGI:569176[13|6];MGI:569176[13|6>12|0];Ensembl.MGI:10049[1>0]
NP_001400747	Ensembl.RefSeq_peptide:10886[1];Ensembl.RefSeq_peptide:10886[1>0]	ENSMUSG00000038482	CURATED:258[0];MGI:569176[13|6];MGI:569176[13|6>12|0];Ensembl.MGI:10049[1>0]
NP_001400748	Ensembl.RefSeq_peptide:10924[1];Ensembl.RefSeq_peptide:10924[1>0]	ENSMUSG00000038482	CURATED:258[0];MGI:569176[13|6];MGI:569176[13|6>12|0];Ensembl.MGI:10049[1>0]
NP_001400749	Ensembl.RefSeq_peptide:10885[1];Ensembl.RefSeq_peptide:10885[1>0]	ENSMUSG00000038482	CURATED:258[0];MGI:569176[13|6];MGI:569176[13|6>12|0];Ensembl.MGI:10049[1>0]
NP_001400750	Ensembl.RefSeq_peptide:10883[1];Ensembl.RefSeq_peptide:10883[1>0]	ENSMUSG00000038482	CURATED:258[0];MGI:569176[13|6];MGI:569176[13|6>12|0];Ensembl.MGI:10049[1>0]
NP_001400751	Ensembl.RefSeq_peptide:10923[1];Ensembl.RefSeq_peptide:10923[1>0]	ENSMUSG00000038482	CURATED:258[0];MGI:569176[13|6];MGI:569176[13|6>12|0];Ensembl.MGI:10049[1>0]
NP_001400752	Ensembl.RefSeq_peptide:10922[1];Ensembl.RefSeq_peptide:10922[1>0]	ENSMUSG00000038482	CURATED:258[0];MGI:569176[13|6];MGI:569176[13|6>12|0];Ensembl.MGI:10049[1>0]
NP_001402775	Ensembl.RefSeq_peptide:78803[1];Ensembl.RefSeq_peptide:78803[1>0]	ENSMUSG00000053552	CURATED:38[0];MGI:88532[13|6];MGI:88532[13|6>12|0];Ensembl.MGI:55923[1>0]
NP_001403657	Ensembl.RefSeq_peptide:48659[1];Ensembl.RefSeq_peptide:48659[1>0]	ENSMUSG00000022528	CURATED:89[0];MGI:162020[13];MGI:160801[13|6>12|0];Ensembl.MGI:36794[1>0]
NP_001403658	Ensembl.RefSeq_peptide:48657[1];Ensembl.RefSeq_peptide:48657[1>0]	ENSMUSG00000022528	CURATED:89[0];MGI:162020[13];MGI:160801[13|6>12|0];Ensembl.MGI:36794[1>0]
NP_001403659	Ensembl.RefSeq_peptide:48656[1];Ensembl.RefSeq_peptide:48656[1>0]	ENSMUSG00000022528	CURATED:89[0];MGI:162020[13];MGI:160801[13|6>12|0];Ensembl.MGI:36794[1>0]
NP_001403975	Ensembl.RefSeq_peptide:78338[1];Ensembl.RefSeq_peptide:78338[1>0]	ENSMUSG00000015619	CURATED:77[0];MGI:101201[13];MGI:101201[13|6>12|0];Ensembl.MGI:55660[1>0]
NP_001403977	Ensembl.RefSeq_peptide:78337[1];Ensembl.RefSeq_peptide:78337[1>0]	ENSMUSG00000015619	CURATED:77[0];MGI:101201[13];MGI:101201[13|6>12|0];Ensembl.MGI:55660[1>0]
NP_001403978	Ensembl.RefSeq_peptide:78335[1];Ensembl.RefSeq_peptide:78335[1>0]	ENSMUSG00000015619	CURATED:77[0];MGI:101201[13];MGI:101201[13|6>12|0];Ensembl.MGI:55660[1>0]
NP_001403979	Ensembl.RefSeq_peptide:78334[1];Ensembl.RefSeq_peptide:78334[1>0]	ENSMUSG00000015619	CURATED:77[0];MGI:101201[13];MGI:101201[13|6>12|0];Ensembl.MGI:55660[1>0]
NP_001403980	Ensembl.RefSeq_peptide:78333[1];Ensembl.RefSeq_peptide:78333[1>0]	ENSMUSG00000015619	CURATED:77[0];MGI:101201[13];MGI:101201[13|6>12|0];Ensembl.MGI:55660[1>0]
NP_001403981	Ensembl.RefSeq_peptide:78331[1];Ensembl.RefSeq_peptide:78331[1>0]	ENSMUSG00000015619	CURATED:77[0];MGI:101201[13];MGI:101201[13|6>12|0];Ensembl.MGI:55660[1>0]
NP_001403982	Ensembl.RefSeq_peptide:78332[1];Ensembl.RefSeq_peptide:78332[1>0]	ENSMUSG00000015619	CURATED:77[0];MGI:101201[13];MGI:101201[13|6>12|0];Ensembl.MGI:55660[1>0]
NP_001403983	Ensembl.RefSeq_peptide:78330[1];Ensembl.RefSeq_peptide:78330[1>0]	ENSMUSG00000015619	CURATED:77[0];MGI:101201[13];MGI:101201[13|6>12|0];Ensembl.MGI:55660[1>0]
NP_001404061	Ensembl.RefSeq_peptide:50451[1];Ensembl.RefSeq_peptide:50451[1>0]	ENSMUSG00000008496	CURATED:201[0];MGI:176985[13];MGI:176985[13|6>12|0];Ensembl.MGI:37552[1>0]
NP_001404062	Ensembl.RefSeq_peptide:50450[1];Ensembl.RefSeq_peptide:50450[1>0]	ENSMUSG00000008496	CURATED:201[0];MGI:176985[13];MGI:176985[13|6>12|0];Ensembl.MGI:37552[1>0]
NP_001404063	Ensembl.RefSeq_peptide:50454[1];Ensembl.RefSeq_peptide:50454[1>0]	ENSMUSG00000008496	CURATED:201[0];MGI:176985[13];MGI:176985[13|6>12|0];Ensembl.MGI:37552[1>0]
NP_001404064	Ensembl.RefSeq_peptide:50456[1];Ensembl.RefSeq_peptide:50456[1>0]	ENSMUSG00000008496	CURATED:201[0];MGI:176985[13];MGI:176985[13|6>12|0];Ensembl.MGI:37552[1>0]
NP_001404065	Ensembl.RefSeq_peptide:50449[1];Ensembl.RefSeq_peptide:50449[1>0]	ENSMUSG00000008496	CURATED:201[0];MGI:176985[13];MGI:176985[13|6>12|0];Ensembl.MGI:37552[1>0]
NP_001404066	Ensembl.RefSeq_peptide:50452[1];Ensembl.RefSeq_peptide:50452[1>0]	ENSMUSG00000008496	CURATED:201[0];MGI:176985[13];MGI:176985[13|6>12|0];Ensembl.MGI:37552[1>0]
NP_001404067	Ensembl.RefSeq_peptide:50455[1];Ensembl.RefSeq_peptide:50455[1>0]	ENSMUSG00000008496	CURATED:201[0];MGI:176985[13];MGI:176985[13|6>12|0];Ensembl.MGI:37552[1>0]
NP_001404068	Ensembl.RefSeq_peptide:50453[1];Ensembl.RefSeq_peptide:50453[1>0]	ENSMUSG00000008496	CURATED:201[0];MGI:176985[13];MGI:176985[13|6>12|0];Ensembl.MGI:37552[1>0]
NP_001404069	Ensembl.RefSeq_peptide:50461[1];Ensembl.RefSeq_peptide:50461[1>0]	ENSMUSG00000008496	CURATED:201[0];MGI:176985[13];MGI:176985[13|6>12|0];Ensembl.MGI:37552[1>0]
NP_001404224	Ensembl.RefSeq_peptide:40747[1];Ensembl.RefSeq_peptide:40747[1>0]	ENSMUSG00000051910	CURATED:230[0];MGI:26623[13];MGI:26623[13|6>12|0];Ensembl.MGI:31760[1>0]
NP_001404225	Ensembl.RefSeq_peptide:40748[1];Ensembl.RefSeq_peptide:40748[1>0]	ENSMUSG00000051910	CURATED:230[0];MGI:26623[13];MGI:26623[13|6>12|0];Ensembl.MGI:31760[1>0]
NP_001404226	Ensembl.RefSeq_peptide:40749[1];Ensembl.RefSeq_peptide:40749[1>0]	ENSMUSG00000051910	CURATED:230[0];MGI:26623[13];MGI:26623[13|6>12|0];Ensembl.MGI:31760[1>0]
NP_001404227	Ensembl.RefSeq_peptide:40756[1];Ensembl.RefSeq_peptide:40756[1>0]	ENSMUSG00000051910	CURATED:230[0];MGI:26623[13];MGI:26623[13|6>12|0];Ensembl.MGI:31760[1>0]
NP_001404228	Ensembl.RefSeq_peptide:40757[1];Ensembl.RefSeq_peptide:40757[1>0]	ENSMUSG00000051910	CURATED:230[0];MGI:26623[13];MGI:26623[13|6>12|0];Ensembl.MGI:31760[1>0]
NP_001404229	Ensembl.RefSeq_peptide:40755[1];Ensembl.RefSeq_peptide:40755[1>0]	ENSMUSG00000051910	CURATED:230[0];MGI:26623[13];MGI:26623[13|6>12|0];Ensembl.MGI:31760[1>0]
NP_001404412	Ensembl.RefSeq_peptide:49847[1];Ensembl.RefSeq_peptide:49847[1>0]	ENSMUSG00000026686	CURATED:154[0];MGI:86606[13];MGI:86606[13|6>12|0];Ensembl.MGI:37518[1>0]
NP_001406196	Ensembl.RefSeq_peptide:57523[1];Ensembl.RefSeq_peptide:57523[1>0]	ENSMUSG00000038236	CURATED:107[0];MGI:30452[13];MGI:30452[13|6>12|0];Ensembl.MGI:42779[1>0]
NP_001406197	Ensembl.RefSeq_peptide:57522[1];Ensembl.RefSeq_peptide:57522[1>0]	ENSMUSG00000038236	CURATED:107[0];MGI:30452[13];MGI:30452[13|6>12|0];Ensembl.MGI:42779[1>0]
NP_001406198	Ensembl.RefSeq_peptide:57524[1];Ensembl.RefSeq_peptide:57524[1>0]	ENSMUSG00000038236	CURATED:107[0];MGI:30452[13];MGI:30452[13|6>12|0];Ensembl.MGI:42779[1>0]
NP_001406199	Ensembl.RefSeq_peptide:57546[1];Ensembl.RefSeq_peptide:57546[1>0]	ENSMUSG00000038236	CURATED:107[0];MGI:30452[13];MGI:30452[13|6>12|0];Ensembl.MGI:42779[1>0]
NP_001406200	Ensembl.RefSeq_peptide:57519[1];Ensembl.RefSeq_peptide:57519[1>0]	ENSMUSG00000038236	CURATED:107[0];MGI:30452[13];MGI:30452[13|6>12|0];Ensembl.MGI:42779[1>0]
NP_001406201	Ensembl.RefSeq_peptide:57549[1];Ensembl.RefSeq_peptide:57549[1>0]	ENSMUSG00000038236	CURATED:107[0];MGI:30452[13];MGI:30452[13|6>12|0];Ensembl.MGI:42779[1>0]
NP_001406202	Ensembl.RefSeq_peptide:57517[1];Ensembl.RefSeq_peptide:57517[1>0]	ENSMUSG00000038236	CURATED:107[0];MGI:30452[13];MGI:30452[13|6>12|0];Ensembl.MGI:42779[1>0]
NP_001406203	Ensembl.RefSeq_peptide:57521[1];Ensembl.RefSeq_peptide:57521[1>0]	ENSMUSG00000038236	CURATED:107[0];MGI:30452[13];MGI:30452[13|6>12|0];Ensembl.MGI:42779[1>0]
NP_001406205	Ensembl.RefSeq_peptide:57516[1];Ensembl.RefSeq_peptide:57516[1>0]	ENSMUSG00000038236	CURATED:107[0];MGI:30452[13];MGI:30452[13|6>12|0];Ensembl.MGI:42779[1>0]
NP_001406206	Ensembl.RefSeq_peptide:57515[1];Ensembl.RefSeq_peptide:57515[1>0]	ENSMUSG00000038236	CURATED:107[0];MGI:30452[13];MGI:30452[13|6>12|0];Ensembl.MGI:42779[1>0]
NP_001406207	Ensembl.RefSeq_peptide:57520[1];Ensembl.RefSeq_peptide:57520[1>0]	ENSMUSG00000038236	CURATED:107[0];MGI:30452[13];MGI:30452[13|6>12|0];Ensembl.MGI:42779[1>0]
NP_001406208	Ensembl.RefSeq_peptide:57518[1];Ensembl.RefSeq_peptide:57518[1>0]	ENSMUSG00000038236	CURATED:107[0];MGI:30452[13];MGI:30452[13|6>12|0];Ensembl.MGI:42779[1>0]
NP_001406306	Ensembl.RefSeq_peptide:57555[1];Ensembl.RefSeq_peptide:57555[1>0]	ENSMUSG00000038227	CURATED:108[0];MGI:161747[13];MGI:161747[13|6>12|0];Ensembl.MGI:42788[1>0]
NP_001406307	Ensembl.RefSeq_peptide:57559[1];Ensembl.RefSeq_peptide:57559[1>0]	ENSMUSG00000038227	CURATED:108[0];MGI:161747[13];MGI:161747[13|6>12|0];Ensembl.MGI:42788[1>0]
NP_001406308	Ensembl.RefSeq_peptide:57557[1];Ensembl.RefSeq_peptide:57557[1>0]	ENSMUSG00000038227	CURATED:108[0];MGI:161747[13];MGI:161747[13|6>12|0];Ensembl.MGI:42788[1>0]
NP_001406309	Ensembl.RefSeq_peptide:57558[1];Ensembl.RefSeq_peptide:57558[1>0]	ENSMUSG00000038227	CURATED:108[0];MGI:161747[13];MGI:161747[13|6>12|0];Ensembl.MGI:42788[1>0]
NP_001406333	Ensembl.RefSeq_peptide:57573[1];Ensembl.RefSeq_peptide:57573[1>0]	ENSMUSG00000000938	CURATED:102[0];MGI:161748[13];MGI:161748[13|6>12|0];Ensembl.MGI:42810[1>0]
NP_001406334	Ensembl.RefSeq_peptide:57574[1];Ensembl.RefSeq_peptide:57574[1>0]	ENSMUSG00000000938	CURATED:102[0];MGI:161748[13];MGI:161748[13|6>12|0];Ensembl.MGI:42810[1>0]
NP_001407285	Ensembl.RefSeq_peptide:73027[1];Ensembl.RefSeq_peptide:73027[1>0]	ENSMUSG00000000247	CURATED:151[0];MGI:166743[13|6];MGI:166743[13|6>12|0];Ensembl.MGI:52419[1>0]
NP_001407286	Ensembl.RefSeq_peptide:73028[1];Ensembl.RefSeq_peptide:73028[1>0]	ENSMUSG00000000247	CURATED:151[0];MGI:166743[13|6];MGI:166743[13|6>12|0];Ensembl.MGI:52419[1>0]
NP_001407305	Ensembl.RefSeq_peptide:78933[1];Ensembl.RefSeq_peptide:78933[1>0]	ENSMUSG00000032698	CURATED:152[0];MGI:190607[13];MGI:166937[13|6>12|0];Ensembl.MGI:56031[1>0]
NP_001407306	Ensembl.RefSeq_peptide:78932[1];Ensembl.RefSeq_peptide:78932[1>0]	ENSMUSG00000032698	CURATED:152[0];MGI:190607[13];MGI:166937[13|6>12|0];Ensembl.MGI:56031[1>0]
NP_001407307	Ensembl.RefSeq_peptide:78931[1];Ensembl.RefSeq_peptide:78931[1>0]	ENSMUSG00000032698	CURATED:152[0];MGI:190607[13];MGI:166937[13|6>12|0];Ensembl.MGI:56031[1>0]
NP_001407308	Ensembl.RefSeq_peptide:78934[1];Ensembl.RefSeq_peptide:78934[1>0]	ENSMUSG00000032698	CURATED:152[0];MGI:190607[13];MGI:166937[13|6>12|0];Ensembl.MGI:56031[1>0]
NP_001407425	Ensembl.RefSeq_peptide:49807[1];Ensembl.RefSeq_peptide:49807[1>0]	ENSMUSG00000015843	CURATED:218[0];MGI:563075[13|6];MGI:563075[13|6>12|0];Ensembl.MGI:37484[1>0]
NP_001407437	Ensembl.RefSeq_peptide:54935[1];Ensembl.RefSeq_peptide:54935[1>0]	ENSMUSG00000025902	CURATED:225[0];MGI:566108[13|6];MGI:566108[13|6>12|0];Ensembl.MGI:41126[1>0]
NP_001407438	Ensembl.RefSeq_peptide:54936[1];Ensembl.RefSeq_peptide:54936[1>0]	ENSMUSG00000025902	CURATED:225[0];MGI:566108[13|6];MGI:566108[13|6>12|0];Ensembl.MGI:41126[1>0]
NP_001408403	Ensembl.RefSeq_peptide:24048[1];Ensembl.RefSeq_peptide:24048[1>0]	ENSMUSG00000036602	CURATED:2[0];MGI:23565[13];MGI:23565[13|6>12|0];Ensembl.MGI:19924[1>0]
NP_001408404	Ensembl.RefSeq_peptide:24049[1];Ensembl.RefSeq_peptide:24049[1>0]	ENSMUSG00000036602	CURATED:2[0];MGI:23565[13];MGI:23565[13|6>12|0];Ensembl.MGI:19924[1>0]
NP_001408405	Ensembl.RefSeq_peptide:24050[1];Ensembl.RefSeq_peptide:24050[1>0]	ENSMUSG00000036602	CURATED:2[0];MGI:23565[13];MGI:23565[13|6>12|0];Ensembl.MGI:19924[1>0]
NP_001408736	Ensembl.RefSeq_peptide:54608[1];Ensembl.RefSeq_peptide:54608[1>0]	ENSMUSG00000058239	CURATED:266[0];MGI:749629[13|6];MGI:749629[13|6>12|0];Ensembl.MGI:40785[1>0]
NP_001408737	Ensembl.RefSeq_peptide:54613[1];Ensembl.RefSeq_peptide:54613[1>0]	ENSMUSG00000058239	CURATED:266[0];MGI:749629[13|6];MGI:749629[13|6>12|0];Ensembl.MGI:40785[1>0]
NP_001409169	Ensembl.RefSeq_peptide:28217[1];Ensembl.RefSeq_peptide:28217[1>0]	ENSMUSG00000036461	CURATED:41[0];MGI:95329[13|6];MGI:95329[13|6>12|0];Ensembl.MGI:22758[1>0]
NP_001409170	Ensembl.RefSeq_peptide:28216[1];Ensembl.RefSeq_peptide:28216[1>0]	ENSMUSG00000036461	CURATED:41[0];MGI:95329[13|6];MGI:95329[13|6>12|0];Ensembl.MGI:22758[1>0]
NP_001409171	Ensembl.RefSeq_peptide:28213[1];Ensembl.RefSeq_peptide:28213[1>0]	ENSMUSG00000036461	CURATED:41[0];MGI:95329[13|6];MGI:95329[13|6>12|0];Ensembl.MGI:22758[1>0]
NP_001409172	Ensembl.RefSeq_peptide:28221[1];Ensembl.RefSeq_peptide:28221[1>0]	ENSMUSG00000036461	CURATED:41[0];MGI:95329[13|6];MGI:95329[13|6>12|0];Ensembl.MGI:22758[1>0]
NP_001411398	Ensembl.RefSeq_peptide:49126[1];Ensembl.RefSeq_peptide:49126[1>0]	ENSMUSG00000040726	CURATED:94[0];MGI:192700[13];MGI:160807[13|6>12|0];Ensembl.MGI:37095[1>0]
NP_031508	Ensembl.RefSeq_peptide:53740[1];Ensembl.RefSeq_peptide:53740[1>0]	ENSMUSG00000019987	CURATED:4[0];MGI:23370[13];MGI:23370[13|6>12|0];Ensembl.MGI:40009[1>0]
NP_031522	Ensembl.RefSeq_peptide:9333[1];Ensembl.RefSeq_peptide:9333[1>0]	ENSMUSG00000038872	CURATED:273[0];MGI:18658[13];MGI:18658[13|6>12|0];Ensembl.MGI:8975[1>0]
NP_031546	Ensembl.RefSeq_peptide:18921[1];Ensembl.RefSeq_peptide:18921[1>0]	ENSMUSG00000025612	CURATED:9[0];MGI:15849[13];MGI:15849[13|6>12|0];Ensembl.MGI:16078[1>0]
NP_031574	Ensembl.RefSeq_peptide:14697[1];Ensembl.RefSeq_peptide:14697[1>0]	ENSMUSG00000038151	CURATED:203[0];MGI:33074[13];MGI:33074[13|6>12|0];Ensembl.MGI:12909[1>0]
NP_031640	Ensembl.RefSeq_peptide:56913[1];Ensembl.RefSeq_peptide:56913[1>0]	ENSMUSG00000006932	CURATED:25[0];MGI:35392[13];MGI:35392[13|6>12|0];Ensembl.MGI:42271[1>0]
NP_031699	Ensembl.RefSeq_peptide:21254[1];Ensembl.RefSeq_peptide:21254[1>0]	ENSMUSG00000029646	CURATED:15[0];MGI:40022[13];MGI:40022[13|6>12|0];Ensembl.MGI:17896[1>0]
NP_031700	Ensembl.RefSeq_peptide:52802[1];Ensembl.RefSeq_peptide:52802[1>0]	ENSMUSG00000031326	CURATED:16[0];MGI:40024[13];MGI:40024[13|6>12|0];Ensembl.MGI:39413[1>0]
NP_031704	Ensembl.RefSeq_peptide:77218[1];Ensembl.RefSeq_peptide:77218[1>0]	ENSMUSG00000034957	CURATED:17[0];MGI:40069[13];MGI:40069[13|6>12|0];Ensembl.MGI:55127[1>0]
NP_031705	Ensembl.RefSeq_peptide:1685[1];Ensembl.RefSeq_peptide:1685[1>0]	ENSMUSG00000071637	CURATED:19[0];MGI:40073[13|6];MGI:40073[13|6>12|0];Ensembl.MGI:2968[1>0]
NP_031733	Ensembl.RefSeq_peptide:79918[1];Ensembl.RefSeq_peptide:79918[1>0]	ENSMUSG00000053113	CURATED:223[0];MGI:40860[13];MGI:40860[13|6>12|0];Ensembl.MGI:56508[1>0]
NP_031852	Ensembl.RefSeq_peptide:828[1];Ensembl.RefSeq_peptide:828[1>0]	ENSMUSG00000055639	CURATED:26[0];MGI:23131[13];MGI:23131[13|6>12|0];Ensembl.MGI:2293[1>0]
NP_031881	Ensembl.RefSeq_peptide:46178[1];Ensembl.RefSeq_peptide:46178[1>0]	ENSMUSG00000007805	CURATED:265[0];MGI:85832[13];MGI:85832[13|6>12|0];Ensembl.MGI:35324[1>0]
NP_031906	Ensembl.RefSeq_peptide:53963[1];Ensembl.RefSeq_peptide:53963[1>0]	ENSMUSG00000019564	CURATED:5[0];MGI:86647[13];MGI:28126[13|6>12|0];Ensembl.MGI:40192[1>0]
NP_031923	Ensembl.RefSeq_peptide:28535[1];Ensembl.RefSeq_peptide:28535[1>0]	ENSMUSG00000057098	CURATED:35[0];MGI:32452[13];MGI:32452[13|6>12|0];Ensembl.MGI:23013[1>0]
NP_031939	Ensembl.RefSeq_peptide:34765[1];Ensembl.RefSeq_peptide:34765[1>0]	ENSMUSG00000038418	CURATED:39[0];MGI:18959[13];MGI:18959[13|6>12|0];Ensembl.MGI:27449[1>0]
NP_031946	Ensembl.RefSeq_peptide:28214[1];Ensembl.RefSeq_peptide:28214[1>0]	ENSMUSG00000036461	CURATED:41[0];MGI:95329[13|6];MGI:95329[13|6>12|0];Ensembl.MGI:22758[1>0]
NP_031949	Ensembl.RefSeq_peptide:64750[1];Ensembl.RefSeq_peptide:64750[1>0]	ENSMUSG00000026436	CURATED:44[0];MGI:7670[13];MGI:7670[13|6>12|0];Ensembl.MGI:47313[1>0]
NP_031985	Ensembl.RefSeq_peptide:70584[1];Ensembl.RefSeq_peptide:70584[1>0]	ENSMUSG00000006311	CURATED:51[0];MGI:98902[13];MGI:98902[13|6>12|0];Ensembl.MGI:51073[1>0]
NP_031987	Ensembl.RefSeq_peptide:30999[1];Ensembl.RefSeq_peptide:30999[1>0]	ENSMUSG00000030199	CURATED:53[0];MGI:31188[13];MGI:31188[13|6>12|0];Ensembl.MGI:24719[1>0]
NP_031992	Ensembl.RefSeq_peptide:57874[1];Ensembl.RefSeq_peptide:57874[1>0]	ENSMUSG00000005503	CURATED:54[0];MGI:98962[13];MGI:98962[13|6>12|0];Ensembl.MGI:42962[1>0]
NP_032052	Ensembl.RefSeq_peptide:5774[1];Ensembl.RefSeq_peptide:5774[1>0]	ENSMUSG00000016087	CURATED:55[0];MGI:100266[13];MGI:100266[13|6>12|0];Ensembl.MGI:6240[1>0]
NP_032062	Ensembl.RefSeq_peptide:23092[1];Ensembl.RefSeq_peptide:23092[1>0]	ENSMUSG00000003545	CURATED:57[0];MGI:100518[13|6];MGI:100518[13|6>12|0];Ensembl.MGI:19215[1>0]
NP_032063	Ensembl.RefSeq_peptide:62205[1];Ensembl.RefSeq_peptide:62205[1>0]	ENSMUSG00000029135	CURATED:58[0];MGI:100520[13|6];MGI:100520[13|6>12|0];Ensembl.MGI:45550[1>0]
NP_032115	Ensembl.RefSeq_peptide:43552[1];Ensembl.RefSeq_peptide:43552[1>0]	ENSMUSG00000031162	CURATED:75[0];MGI:101197[13];MGI:101197[13|6>12|0];Ensembl.MGI:33636[1>0]
NP_032116	Ensembl.RefSeq_peptide:4222[1];Ensembl.RefSeq_peptide:4222[1>0]	ENSMUSG00000015053	CURATED:76[0];MGI:101199[13];MGI:101199[13|6>12|0];Ensembl.MGI:4965[1>0]
NP_032117	Ensembl.RefSeq_peptide:78336[1];Ensembl.RefSeq_peptide:78336[1>0]	ENSMUSG00000015619	CURATED:77[0];MGI:101201[13];MGI:101201[13|6>12|0];Ensembl.MGI:55660[1>0]
NP_032118	Ensembl.RefSeq_peptide:4158[1];Ensembl.RefSeq_peptide:4158[1>0]	ENSMUSG00000021944	CURATED:78[0];MGI:101205[13];MGI:101205[13|6>12|0];Ensembl.MGI:4951[1>0]
NP_032119	Ensembl.RefSeq_peptide:77656[1];Ensembl.RefSeq_peptide:77656[1>0]	ENSMUSG00000015627	CURATED:79[0];MGI:101207[13|6];MGI:101207[13|6>12|0];Ensembl.MGI:55378[1>0]
NP_032140	Ensembl.RefSeq_peptide:15368[1];Ensembl.RefSeq_peptide:15368[1>0]	ENSMUSG00000026815	CURATED:83[0];MGI:101525[13|6];MGI:101525[13|6>12|0];Ensembl.MGI:13289[1>0]
NP_032239	Ensembl.RefSeq_peptide:57310[1];Ensembl.RefSeq_peptide:57310[1>0]	ENSMUSG00000037335	CURATED:87[0];MGI:95115[13];MGI:95115[13|6>12|0];Ensembl.MGI:42668[1>0]
NP_032261	Ensembl.RefSeq_peptide:48658[1];Ensembl.RefSeq_peptide:48658[1>0]	ENSMUSG00000022528	CURATED:89[0];MGI:162020[13];MGI:160801[13|6>12|0];Ensembl.MGI:36794[1>0]
NP_032263	Ensembl.RefSeq_peptide:20661[1];Ensembl.RefSeq_peptide:20661[1>0]	ENSMUSG00000028946	CURATED:90[0];MGI:160803[13|6];MGI:160803[13|6>12|0];Ensembl.MGI:17418[1>0]
NP_032265	Ensembl.RefSeq_peptide:41698[1];Ensembl.RefSeq_peptide:41698[1>0]	ENSMUSG00000038415	CURATED:74[0];MGI:160829[13];MGI:100571[13|6>12|0];Ensembl.MGI:32509[1>0]
NP_032266	Ensembl.RefSeq_peptide:20998[1];Ensembl.RefSeq_peptide:20998[1>0]	ENSMUSG00000034227	CURATED:67[0];MGI:160835[13];MGI:100548[13|6>12|0];Ensembl.MGI:17680[1>0]
NP_032268	Ensembl.RefSeq_peptide:38221[1];Ensembl.RefSeq_peptide:38221[1>0]	ENSMUSG00000078302	CURATED:63[0];MGI:23975[13];MGI:23975[13|6>12|0];Ensembl.MGI:30303[1>0]
NP_032271	Ensembl.RefSeq_peptide:39927[1];Ensembl.RefSeq_peptide:39927[1>0]	ENSMUSG00000024986	CURATED:95[0];MGI:160896[13];MGI:160895[13|6>12|0];Ensembl.MGI:31512[1>0]
NP_032276	Ensembl.RefSeq_peptide:26257[1];Ensembl.RefSeq_peptide:26257[1>0]	ENSMUSG00000039377	CURATED:97[0];MGI:161411[13];MGI:161410[13|6>12|0];Ensembl.MGI:21455[1>0]
NP_032285	Ensembl.RefSeq_peptide:2845[1];Ensembl.RefSeq_peptide:2845[1>0]	ENSMUSG00000035451	CURATED:59[0];MGI:100523[13];MGI:100522[13|6>12|0];Ensembl.MGI:3792[1>0]
NP_032287	Ensembl.RefSeq_peptide:52393[1];Ensembl.RefSeq_peptide:52393[1>0]	ENSMUSG00000017950	CURATED:99[0];MGI:161644[13];MGI:161644[13|6>12|0];Ensembl.MGI:39104[1>0]
NP_032289	Ensembl.RefSeq_peptide:57569[1];Ensembl.RefSeq_peptide:57569[1>0]	ENSMUSG00000000938	CURATED:102[0];MGI:161748[13];MGI:161748[13|6>12|0];Ensembl.MGI:42810[1>0]
NP_032291	Ensembl.RefSeq_peptide:57469[1];Ensembl.RefSeq_peptide:57469[1>0]	ENSMUSG00000000942	CURATED:105[0];MGI:30521[13];MGI:30521[13|6>12|0];Ensembl.MGI:42773[1>0]
NP_032292	Ensembl.RefSeq_peptide:79651[1];Ensembl.RefSeq_peptide:79651[1>0]	ENSMUSG00000018973	CURATED:109[0];MGI:161759[13];MGI:161759[13|6>12|0];Ensembl.MGI:56380[1>0]
NP_032294	Ensembl.RefSeq_peptide:79645[1];Ensembl.RefSeq_peptide:79645[1>0]	ENSMUSG00000038700	CURATED:111[0];MGI:23989[13];MGI:23989[13|6>12|0];Ensembl.MGI:56373[1>0]
NP_032295	Ensembl.RefSeq_peptide:79644[1];Ensembl.RefSeq_peptide:79644[1>0]	ENSMUSG00000000690	CURATED:112[0];MGI:161752[13];MGI:161752[13|6>12|0];Ensembl.MGI:56372[1>0]
NP_032296	Ensembl.RefSeq_peptide:79633[1];Ensembl.RefSeq_peptide:79633[1>0]	ENSMUSG00000020875	CURATED:113[0];MGI:161755[13];MGI:161755[13|6>12|0];Ensembl.MGI:56367[1>0]
NP_032298	Ensembl.RefSeq_peptide:42798[1];Ensembl.RefSeq_peptide:42798[1>0]	ENSMUSG00000036139	CURATED:116[0];MGI:161762[13];MGI:161762[13|6>12|0];Ensembl.MGI:33143[1>0]
NP_032346	Ensembl.RefSeq_peptide:53303[1];Ensembl.RefSeq_peptide:53303[1>0]	ENSMUSG00000041515	CURATED:130[0];MGI:26535[13];MGI:26535[13|6>12|0];Ensembl.MGI:39697[1>0]
NP_032347	Ensembl.RefSeq_peptide:33174[1];Ensembl.RefSeq_peptide:33174[1>0]	ENSMUSG00000007872	CURATED:122[0];MGI:162778[13];MGI:162773[13|6>12|0];Ensembl.MGI:26204[1>0]
NP_032416	Ensembl.RefSeq_peptide:77678[1];Ensembl.RefSeq_peptide:77678[1>0]	ENSMUSG00000018899	CURATED:127[0];MGI:29446[13];MGI:29446[13|6>12|0];Ensembl.MGI:55376[1>0]
NP_032419	Ensembl.RefSeq_peptide:29152[1];Ensembl.RefSeq_peptide:29152[1>0]	ENSMUSG00000031734	CURATED:132[0];MGI:26556[13];MGI:26556[13|6>12|0];Ensembl.MGI:23549[1>0]
NP_032442	Ensembl.RefSeq_peptide:19013[1];Ensembl.RefSeq_peptide:19013[1>0]	ENSMUSG00000052837	CURATED:136[0];MGI:164898[13|6];MGI:164898[13|6>12|0];Ensembl.MGI:16169[1>0]
NP_032478	Ensembl.RefSeq_peptide:57567[1];Ensembl.RefSeq_peptide:57567[1>0]	ENSMUSG00000055148	CURATED:141[0];MGI:166893[13];MGI:165336[13|6>12|0];Ensembl.MGI:42797[1>0]
NP_032479	Ensembl.RefSeq_peptide:77048[1];Ensembl.RefSeq_peptide:77048[1>0]	ENSMUSG00000029178	CURATED:142[0];MGI:18333[13];MGI:18333[13|6>12|0];Ensembl.MGI:54989[1>0]
NP_032524	Ensembl.RefSeq_peptide:55176[1];Ensembl.RefSeq_peptide:55176[1>0]	ENSMUSG00000018698	CURATED:150[0];MGI:166741[13|6];MGI:166741[13|6>12|0];Ensembl.MGI:41228[1>0]
NP_032531	Ensembl.RefSeq_peptide:78945[1];Ensembl.RefSeq_peptide:78945[1>0]	ENSMUSG00000032698	CURATED:152[0];MGI:190607[13];MGI:166937[13|6>12|0];Ensembl.MGI:56031[1>0]
NP_032561	Ensembl.RefSeq_peptide:59424[1];Ensembl.RefSeq_peptide:59424[1>0]	ENSMUSG00000034041	CURATED:156[0];MGI:167938[13];MGI:167938[13|6>12|0];Ensembl.MGI:43975[1>0]
NP_032580	Ensembl.RefSeq_peptide:75626[1];Ensembl.RefSeq_peptide:75626[1>0]	ENSMUSG00000009248	CURATED:8[0];MGI:8517[13];MGI:8517[13|6>12|0];Ensembl.MGI:54127[1>0]
NP_032610	Ensembl.RefSeq_peptide:16956[1];Ensembl.RefSeq_peptide:16956[1>0]	ENSMUSG00000036144	CURATED:166[0];MGI:25147[13];MGI:25147[13|6>12|0];Ensembl.MGI:14621[1>0]
NP_032614	Ensembl.RefSeq_peptide:30476[1];Ensembl.RefSeq_peptide:30476[1>0]	ENSMUSG00000030544	CURATED:167[0];MGI:169333[13|6];MGI:169333[13|6>12|0];Ensembl.MGI:24435[1>0]
NP_032618	Ensembl.RefSeq_peptide:41729[1];Ensembl.RefSeq_peptide:41729[1>0]	ENSMUSG00000050295	CURATED:61[0];MGI:40420[13];MGI:40420[13|6>12|0];Ensembl.MGI:32540[1>0]
NP_032627	Ensembl.RefSeq_peptide:22021[1];Ensembl.RefSeq_peptide:22021[1>0]	ENSMUSG00000035158	CURATED:168[0];MGI:36378[13];MGI:36378[13|6>12|0];Ensembl.MGI:18273[1>0]
NP_032677	Ensembl.RefSeq_peptide:4368[1];Ensembl.RefSeq_peptide:4368[1>0]	ENSMUSG00000025912	CURATED:175[0];MGI:190864[13];MGI:173878[13|6>12|0];Ensembl.MGI:5037[1>0]
NP_032711	Ensembl.RefSeq_peptide:1297[1];Ensembl.RefSeq_peptide:1297[1>0]	ENSMUSG00000058794	CURATED:180[0];MGI:174594[13|6];MGI:174594[13|6>12|0];Ensembl.MGI:2737[1>0]
NP_032715	Ensembl.RefSeq_peptide:27589[1];Ensembl.RefSeq_peptide:27589[1>0]	ENSMUSG00000028163	CURATED:183[0];MGI:174607[13|6];MGI:174607[13|6>12|0];Ensembl.MGI:22193[1>0]
NP_032726	Ensembl.RefSeq_peptide:25111[1];Ensembl.RefSeq_peptide:25111[1>0]	ENSMUSG00000015579	CURATED:186[0];MGI:65137[13];MGI:65137[13|6>12|0];Ensembl.MGI:20628[1>0]
NP_032807	Ensembl.RefSeq_peptide:6100[1];Ensembl.RefSeq_peptide:6100[1>0]	ENSMUSG00000004872	CURATED:195[0];MGI:186225[13];MGI:186225[13|6>12|0];Ensembl.MGI:6514[1>0]
NP_032808	Ensembl.RefSeq_peptide:59066[1];Ensembl.RefSeq_peptide:59066[1>0]	ENSMUSG00000014030	CURATED:196[0];MGI:186229[13];MGI:186229[13|6>12|0];Ensembl.MGI:43728[1>0]
NP_032809	Ensembl.RefSeq_peptide:49973[1];Ensembl.RefSeq_peptide:49973[1>0]	ENSMUSG00000052534	CURATED:198[0];MGI:8021[13];MGI:8021[13|6>12|0];Ensembl.MGI:37624[1>0]
NP_033050	Ensembl.RefSeq_peptide:15388[1];Ensembl.RefSeq_peptide:15388[1>0]	ENSMUSG00000037992	CURATED:205[0];MGI:190162[13|6];MGI:190162[13|6>12|0];Ensembl.MGI:13285[1>0]
NP_033133	Ensembl.RefSeq_peptide:49803[1];Ensembl.RefSeq_peptide:49803[1>0]	ENSMUSG00000015843	CURATED:218[0];MGI:563075[13|6];MGI:563075[13|6>12|0];Ensembl.MGI:37484[1>0]
NP_033142	Ensembl.RefSeq_peptide:44900[1];Ensembl.RefSeq_peptide:44900[1>0]	ENSMUSG00000039476	CURATED:204[0];MGI:563131[13];MGI:189054[13|6>12|0];Ensembl.MGI:34639[1>0]
NP_033148	Ensembl.RefSeq_peptide:5710[1];Ensembl.RefSeq_peptide:5710[1>0]	ENSMUSG00000023927	CURATED:219[0];MGI:9252[13];MGI:9252[13|6>12|0];Ensembl.MGI:6124[1>0]
NP_033149	Ensembl.RefSeq_peptide:51338[1];Ensembl.RefSeq_peptide:51338[1>0]	ENSMUSG00000048528	CURATED:185[0];MGI:563260[13];MGI:174835[13|6>12|0];Ensembl.MGI:38582[1>0]
NP_033259	Ensembl.RefSeq_peptide:60193[1];Ensembl.RefSeq_peptide:60193[1>0]	ENSMUSG00000096014	CURATED:224[0];MGI:33958[13];MGI:33958[13|6>12|0];Ensembl.MGI:44437[1>0]
NP_033262	Ensembl.RefSeq_peptide:34624[1];Ensembl.RefSeq_peptide:34624[1>0]	ENSMUSG00000046470	CURATED:226[0];MGI:23994[13];MGI:23994[13|6>12|0];Ensembl.MGI:27369[1>0]
NP_033263	Ensembl.RefSeq_peptide:33878[1];Ensembl.RefSeq_peptide:33878[1>0]	ENSMUSG00000045179	CURATED:228[0];MGI:566118[13];MGI:566118[13|6>12|0];Ensembl.MGI:26814[1>0]
NP_033264	Ensembl.RefSeq_peptide:8500[1];Ensembl.RefSeq_peptide:8500[1>0]	ENSMUSG00000076431	CURATED:229[0];MGI:21264[13];MGI:21264[13|6>12|0];Ensembl.MGI:8316[1>0]
NP_033265	Ensembl.RefSeq_peptide:14155[1];Ensembl.RefSeq_peptide:14155[1>0]	ENSMUSG00000025323	CURATED:234[0];MGI:15238[13];MGI:15238[13|6>12|0];Ensembl.MGI:12581[1>0]
NP_033309	Ensembl.RefSeq_peptide:17939[1];Ensembl.RefSeq_peptide:17939[1>0]	ENSMUSG00000026104	CURATED:240[0];MGI:6918[13];MGI:6918[13|6>12|0];Ensembl.MGI:14824[1>0]
NP_033335	Ensembl.RefSeq_peptide:45886[1];Ensembl.RefSeq_peptide:45886[1>0]	ENSMUSG00000062327	CURATED:244[0];MGI:41582[13];MGI:41582[13|6>12|0];Ensembl.MGI:35115[1>0]
NP_033354	Ensembl.RefSeq_peptide:80924[1];Ensembl.RefSeq_peptide:80924[1>0]	ENSMUSG00000068079	CURATED:252[0];MGI:568427[13|6];MGI:568427[13|6>12|0];Ensembl.MGI:57002[1>0]
NP_033357	Ensembl.RefSeq_peptide:44279[1];Ensembl.RefSeq_peptide:44279[1>0]	ENSMUSG00000000782	CURATED:255[0];MGI:24833[13];MGI:24833[13|6>12|0];Ensembl.MGI:34217[1>0]
NP_033361	Ensembl.RefSeq_peptide:68110[1];Ensembl.RefSeq_peptide:68110[1>0]	ENSMUSG00000028640	CURATED:257[0];MGI:20203[13];MGI:20203[13|6>12|0];Ensembl.MGI:49379[1>0]
NP_033387	Ensembl.RefSeq_peptide:10925[1];Ensembl.RefSeq_peptide:10925[1>0]	ENSMUSG00000038482	CURATED:258[0];MGI:569176[13|6];MGI:569176[13|6>12|0];Ensembl.MGI:10049[1>0]
NP_033415	Ensembl.RefSeq_peptide:71610[1];Ensembl.RefSeq_peptide:71610[1>0]	ENSMUSG00000032280	CURATED:261[0];MGI:9149[13];MGI:9149[13|6>12|0];Ensembl.MGI:51520[1>0]
NP_033508	Ensembl.RefSeq_peptide:66410[1];Ensembl.RefSeq_peptide:66410[1>0]	ENSMUSG00000047751	CURATED:267[0];MGI:25074[13];MGI:25074[13|6>12|0];Ensembl.MGI:48317[1>0]
NP_033595	Ensembl.RefSeq_peptide:53989[1];Ensembl.RefSeq_peptide:53989[1>0]	ENSMUSG00000049577	CURATED:275[0];MGI:752932[13|6];MGI:752932[13|6>12|0];Ensembl.MGI:40224[1>0]
NP_033604	Ensembl.RefSeq_peptide:72612[1];Ensembl.RefSeq_peptide:72612[1>0]	ENSMUSG00000018654	CURATED:124[0];MGI:15595[13];MGI:15595[13|6>12|0];Ensembl.MGI:52129[1>0]
NP_033827	Ensembl.RefSeq_peptide:17051[1];Ensembl.RefSeq_peptide:17051[1>0]	ENSMUSG00000030551	CURATED:189[0];MGI:17767[13];MGI:17767[13|6>12|0];Ensembl.MGI:14680[1>0]
NP_033899	Ensembl.RefSeq_peptide:1181[1];Ensembl.RefSeq_peptide:1181[1>0]	ENSMUSG00000005148	CURATED:144[0];MGI:13049[13];MGI:13049[13|6>12|0];Ensembl.MGI:2607[1>0]
NP_033950	Ensembl.RefSeq_peptide:29239[1];Ensembl.RefSeq_peptide:29239[1>0]	ENSMUSG00000039153	CURATED:214[0];MGI:39119[13];MGI:39119[13|6>12|0];Ensembl.MGI:23408[1>0]
NP_033951	Ensembl.RefSeq_peptide:6783[1];Ensembl.RefSeq_peptide:6783[1>0]	ENSMUSG00000022952	CURATED:213[0];MGI:24709[13];MGI:24709[13|6>12|0];Ensembl.MGI:7196[1>0]
NP_034010	Ensembl.RefSeq_peptide:1090[1];Ensembl.RefSeq_peptide:1090[1>0]	ENSMUSG00000024619	CURATED:14[0];MGI:40019[13];MGI:40019[13|6>12|0];Ensembl.MGI:2555[1>0]
NP_034013	Ensembl.RefSeq_peptide:77806[1];Ensembl.RefSeq_peptide:77806[1>0]	ENSMUSG00000056501	CURATED:18[0];MGI:174604[13];MGI:40072[13|6>12|0];Ensembl.MGI:55448[1>0]
NP_034082	Ensembl.RefSeq_peptide:48382[1];Ensembl.RefSeq_peptide:48382[1>0]	ENSMUSG00000025958	CURATED:23[0];MGI:7501[13];MGI:7501[13|6>12|0];Ensembl.MGI:36591[1>0]
NP_034185	Ensembl.RefSeq_peptide:73080[1];Ensembl.RefSeq_peptide:73080[1>0]	ENSMUSG00000001510	CURATED:27[0];MGI:30561[13];MGI:30561[13|6>12|0];Ensembl.MGI:52465[1>0]
NP_034186	Ensembl.RefSeq_peptide:12442[1];Ensembl.RefSeq_peptide:12442[1>0]	ENSMUSG00000029755	CURATED:28[0];MGI:23996[13];MGI:23996[13|6>12|0];Ensembl.MGI:11218[1>0]
NP_034187	Ensembl.RefSeq_peptide:12117[1];Ensembl.RefSeq_peptide:12117[1>0]	ENSMUSG00000029754	CURATED:29[0];MGI:86121[13|6];MGI:86121[13|6>12|0];Ensembl.MGI:10931[1>0]
NP_034223	Ensembl.RefSeq_peptide:8916[1];Ensembl.RefSeq_peptide:8916[1>0]	ENSMUSG00000016477	CURATED:33[0];MGI:88225[13|6];MGI:88225[13|6>12|0];Ensembl.MGI:8567[1>0]
NP_034225	Ensembl.RefSeq_peptide:10370[1];Ensembl.RefSeq_peptide:10370[1>0]	ENSMUSG00000022053	CURATED:36[0];MGI:70178[13];MGI:70178[13|6>12|0];Ensembl.MGI:9696[1>0]
NP_034226	Ensembl.RefSeq_peptide:78511[1];Ensembl.RefSeq_peptide:78511[1>0]	ENSMUSG00000010476	CURATED:37[0];MGI:10727[13];MGI:10727[13|6>12|0];Ensembl.MGI:55806[1>0]
NP_034248	Ensembl.RefSeq_peptide:59238[1];Ensembl.RefSeq_peptide:59238[1>0]	ENSMUSG00000037868	CURATED:40[0];MGI:95100[13];MGI:95100[13|6>12|0];Ensembl.MGI:43871[1>0]
NP_034263	Ensembl.RefSeq_peptide:20005[1];Ensembl.RefSeq_peptide:20005[1>0]	ENSMUSG00000058665	CURATED:45[0];MGI:95593[13];MGI:95593[13|6>12|0];Ensembl.MGI:16909[1>0]
NP_034266	Ensembl.RefSeq_peptide:54918[1];Ensembl.RefSeq_peptide:54918[1>0]	ENSMUSG00000032446	CURATED:46[0];MGI:37628[13];MGI:37628[13|6>12|0];Ensembl.MGI:41076[1>0]
NP_034267	Ensembl.RefSeq_peptide:55929[1];Ensembl.RefSeq_peptide:55929[1>0]	ENSMUSG00000024140	CURATED:47[0];MGI:98321[13|6];MGI:98321[13|6>12|0];Ensembl.MGI:41688[1>0]
NP_034281	Ensembl.RefSeq_peptide:15049[1];Ensembl.RefSeq_peptide:15049[1>0]	ENSMUSG00000069171	CURATED:188[0];MGI:98467[13];MGI:98467[13|6>12|0];Ensembl.MGI:13107[1>0]
NP_034355	Ensembl.RefSeq_peptide:41721[1];Ensembl.RefSeq_peptide:41721[1>0]	ENSMUSG00000038402	CURATED:66[0];MGI:100236[13];MGI:100236[13|6>12|0];Ensembl.MGI:32530[1>0]
NP_034364	Ensembl.RefSeq_peptide:1693[1];Ensembl.RefSeq_peptide:1693[1>0]	ENSMUSG00000021250	CURATED:56[0];MGI:69032[13];MGI:69032[13|6>12|0];Ensembl.MGI:2975[1>0]
NP_034388	Ensembl.RefSeq_peptide:34579[1];Ensembl.RefSeq_peptide:34579[1>0]	ENSMUSG00000005836	CURATED:80[0];MGI:20306[13];MGI:20306[13|6>12|0];Ensembl.MGI:27318[1>0]
NP_034392	Ensembl.RefSeq_peptide:40355[1];Ensembl.RefSeq_peptide:40355[1>0]	ENSMUSG00000034486	CURATED:81[0];MGI:101257[13];MGI:101257[13|6>12|0];Ensembl.MGI:31749[1>0]
NP_034408	Ensembl.RefSeq_peptide:15180[1];Ensembl.RefSeq_peptide:15180[1>0]	ENSMUSG00000029275	CURATED:82[0];MGI:31726[13];MGI:31726[13|6>12|0];Ensembl.MGI:13172[1>0]
NP_034481	Ensembl.RefSeq_peptide:22621[1];Ensembl.RefSeq_peptide:22621[1>0]	ENSMUSG00000021095	CURATED:85[0];MGI:159342[13|6];MGI:159342[13|6>12|0];Ensembl.MGI:18867[1>0]
NP_034532	Ensembl.RefSeq_peptide:16470[1];Ensembl.RefSeq_peptide:16470[1>0]	ENSMUSG00000038193	CURATED:88[0];MGI:23277[13];MGI:23277[13|6>12|0];Ensembl.MGI:14192[1>0]
NP_034549	Ensembl.RefSeq_peptide:72434[1];Ensembl.RefSeq_peptide:72434[1>0]	ENSMUSG00000048001	CURATED:91[0];MGI:160804[13|6];MGI:160804[13|6>12|0];Ensembl.MGI:52088[1>0]
NP_034550	Ensembl.RefSeq_peptide:49130[1];Ensembl.RefSeq_peptide:49130[1>0]	ENSMUSG00000040726	CURATED:94[0];MGI:192700[13];MGI:160807[13|6>12|0];Ensembl.MGI:37095[1>0]
NP_034555	Ensembl.RefSeq_peptide:62151[1];Ensembl.RefSeq_peptide:62151[1>0]	ENSMUSG00000067261	CURATED:64[0];MGI:160833[13];MGI:100535[13|6>12|0];Ensembl.MGI:45528[1>0]
NP_034556	Ensembl.RefSeq_peptide:53326[1];Ensembl.RefSeq_peptide:53326[1>0]	ENSMUSG00000042812	CURATED:65[0];MGI:24577[13];MGI:24577[13|6>12|0];Ensembl.MGI:39775[1>0]
NP_034576	Ensembl.RefSeq_peptide:72748[1];Ensembl.RefSeq_peptide:72748[1>0]	ENSMUSG00000037025	CURATED:60[0];MGI:161639[13];MGI:100524[13|6>12|0];Ensembl.MGI:52284[1>0]
NP_034579	Ensembl.RefSeq_peptide:57832[1];Ensembl.RefSeq_peptide:57832[1>0]	ENSMUSG00000029844	CURATED:101[0];MGI:161746[13];MGI:161746[13|6>12|0];Ensembl.MGI:42933[1>0]
NP_034580	Ensembl.RefSeq_peptide:57579[1];Ensembl.RefSeq_peptide:57579[1>0]	ENSMUSG00000038210	CURATED:103[0];MGI:161749[13];MGI:161749[13|6>12|0];Ensembl.MGI:42815[1>0]
NP_034582	Ensembl.RefSeq_peptide:57864[1];Ensembl.RefSeq_peptide:57864[1>0]	ENSMUSG00000079560	CURATED:104[0];MGI:161745[13];MGI:161745[13|6>12|0];Ensembl.MGI:42952[1>0]
NP_034583	Ensembl.RefSeq_peptide:57476[1];Ensembl.RefSeq_peptide:57476[1>0]	ENSMUSG00000038253	CURATED:106[0];MGI:161743[13];MGI:161743[13|6>12|0];Ensembl.MGI:42774[1>0]
NP_034585	Ensembl.RefSeq_peptide:57525[1];Ensembl.RefSeq_peptide:57525[1>0]	ENSMUSG00000038236	CURATED:107[0];MGI:30452[13];MGI:30452[13|6>12|0];Ensembl.MGI:42779[1>0]
NP_034586	Ensembl.RefSeq_peptide:57560[1];Ensembl.RefSeq_peptide:57560[1>0]	ENSMUSG00000038227	CURATED:108[0];MGI:161747[13];MGI:161747[13|6>12|0];Ensembl.MGI:42788[1>0]
NP_034589	Ensembl.RefSeq_peptide:79646[1];Ensembl.RefSeq_peptide:79646[1>0]	ENSMUSG00000038692	CURATED:110[0];MGI:161756[13];MGI:161756[13|6>12|0];Ensembl.MGI:56375[1>0]
NP_034596	Ensembl.RefSeq_peptide:42808[1];Ensembl.RefSeq_peptide:42808[1>0]	ENSMUSG00000001657	CURATED:115[0];MGI:69132[13];MGI:69132[13|6>12|0];Ensembl.MGI:33152[1>0]
NP_034598	Ensembl.RefSeq_peptide:43038[1];Ensembl.RefSeq_peptide:43038[1>0]	ENSMUSG00000079277	CURATED:117[0];MGI:161770[13];MGI:161770[13|6>12|0];Ensembl.MGI:33292[1>0]
NP_034599	Ensembl.RefSeq_peptide:43286[1];Ensembl.RefSeq_peptide:43286[1>0]	ENSMUSG00000101174	CURATED:118[0];MGI:161771[13];MGI:161771[13|6>12|0];Ensembl.MGI:33466[1>0]
NP_034625	Ensembl.RefSeq_peptide:9909[1];Ensembl.RefSeq_peptide:9909[1>0]	ENSMUSG00000042745	CURATED:120[0];MGI:23712[13];MGI:23712[13|6>12|0];Ensembl.MGI:9429[1>0]
NP_034626	Ensembl.RefSeq_peptide:6233[1];Ensembl.RefSeq_peptide:6233[1>0]	ENSMUSG00000020644	CURATED:121[0];MGI:23321[13];MGI:23321[13|6>12|0];Ensembl.MGI:6782[1>0]
NP_034704	Ensembl.RefSeq_peptide:3292[1];Ensembl.RefSeq_peptide:3292[1>0]	ENSMUSG00000001504	CURATED:131[0];MGI:164572[13|6];MGI:164572[13|6>12|0];Ensembl.MGI:4229[1>0]
NP_034721	Ensembl.RefSeq_peptide:69474[1];Ensembl.RefSeq_peptide:69474[1>0]	ENSMUSG00000052684	CURATED:135[0];MGI:164899[13];MGI:164897[13|6>12|0];Ensembl.MGI:50336[1>0]
NP_034722	Ensembl.RefSeq_peptide:50426[1];Ensembl.RefSeq_peptide:50426[1>0]	ENSMUSG00000071076	CURATED:137[0];MGI:164901[13];MGI:164900[13|6>12|0];Ensembl.MGI:37955[1>0]
NP_034765	Ensembl.RefSeq_peptide:59631[1];Ensembl.RefSeq_peptide:59631[1>0]	ENSMUSG00000054191	CURATED:138[0];MGI:95285[13];MGI:95285[13|6>12|0];Ensembl.MGI:44084[1>0]
NP_034767	Ensembl.RefSeq_peptide:49202[1];Ensembl.RefSeq_peptide:49202[1>0]	ENSMUSG00000003032	CURATED:143[0];MGI:101670[13];MGI:101670[13|6>12|0];Ensembl.MGI:37141[1>0]
NP_034768	Ensembl.RefSeq_peptide:388[1];Ensembl.RefSeq_peptide:388[1>0]	ENSMUSG00000033863	CURATED:148[0];MGI:8015[13];MGI:8015[13|6>12|0];Ensembl.MGI:1758[1>0]
NP_034788	Ensembl.RefSeq_peptide:48922[1];Ensembl.RefSeq_peptide:48922[1>0]	ENSMUSG00000074622	CURATED:158[0];MGI:165577[13];MGI:165577[13|6>12|0];Ensembl.MGI:36988[1>0]
NP_034833	Ensembl.RefSeq_peptide:21646[1];Ensembl.RefSeq_peptide:21646[1>0]	ENSMUSG00000027985	CURATED:149[0];MGI:24611[13];MGI:24611[13|6>12|0];Ensembl.MGI:18081[1>0]
NP_034840	Ensembl.RefSeq_peptide:73037[1];Ensembl.RefSeq_peptide:73037[1>0]	ENSMUSG00000000247	CURATED:151[0];MGI:166743[13|6];MGI:166743[13|6>12|0];Ensembl.MGI:52419[1>0]
NP_034853	Ensembl.RefSeq_peptide:39524[1];Ensembl.RefSeq_peptide:39524[1>0]	ENSMUSG00000028266	CURATED:153[0];MGI:19245[13];MGI:19245[13|6>12|0];Ensembl.MGI:31205[1>0]
NP_034855	Ensembl.RefSeq_peptide:66039[1];Ensembl.RefSeq_peptide:66039[1>0]	ENSMUSG00000038765	CURATED:155[0];MGI:162767[13];MGI:162767[13|6>12|0];Ensembl.MGI:48073[1>0]
NP_034881	Ensembl.RefSeq_peptide:59686[1];Ensembl.RefSeq_peptide:59686[1>0]	ENSMUSG00000001156	CURATED:172[0];MGI:31178[13];MGI:31178[13|6>12|0];Ensembl.MGI:44100[1>0]
NP_034886	Ensembl.RefSeq_peptide:43402[1];Ensembl.RefSeq_peptide:43402[1>0]	ENSMUSG00000051510	CURATED:159[0];MGI:20788[13];MGI:20788[13|6>12|0];Ensembl.MGI:33514[1>0]
NP_034919	Ensembl.RefSeq_peptide:70490[1];Ensembl.RefSeq_peptide:70490[1>0]	ENSMUSG00000020160	CURATED:163[0];MGI:37330[13];MGI:37330[13|6>12|0];Ensembl.MGI:50979[1>0]
NP_034921	Ensembl.RefSeq_peptide:39690[1];Ensembl.RefSeq_peptide:39690[1>0]	ENSMUSG00000001493	CURATED:165[0];MGI:23961[13];MGI:23961[13|6>12|0];Ensembl.MGI:31361[1>0]
NP_034955	Ensembl.RefSeq_peptide:70857[1];Ensembl.RefSeq_peptide:70857[1>0]	ENSMUSG00000027210	CURATED:164[0];MGI:18915[13];MGI:18915[13|6>12|0];Ensembl.MGI:51222[1>0]
NP_034965	Ensembl.RefSeq_peptide:33717[1];Ensembl.RefSeq_peptide:33717[1>0]	ENSMUSG00000048450	CURATED:170[0];MGI:21242[13];MGI:21242[13|6>12|0];Ensembl.MGI:26650[1>0]
NP_034977	Ensembl.RefSeq_peptide:40868[1];Ensembl.RefSeq_peptide:40868[1>0]	ENSMUSG00000025025	CURATED:173[0];MGI:173847[13|6];MGI:173847[13|6>12|0];Ensembl.MGI:31921[1>0]
NP_034978	Ensembl.RefSeq_peptide:38638[1];Ensembl.RefSeq_peptide:38638[1>0]	ENSMUSG00000019982	CURATED:174[0];MGI:25180[13];MGI:25180[13|6>12|0];Ensembl.MGI:30669[1>0]
NP_034979	Ensembl.RefSeq_peptide:3728[1];Ensembl.RefSeq_peptide:3728[1>0]	ENSMUSG00000022346	CURATED:176[0];MGI:29060[13];MGI:29060[13|6>12|0];Ensembl.MGI:4600[1>0]
NP_035031	Ensembl.RefSeq_peptide:4264[1];Ensembl.RefSeq_peptide:4264[1>0]	ENSMUSG00000031902	CURATED:179[0];MGI:38172[13];MGI:38172[13|6>12|0];Ensembl.MGI:4962[1>0]
NP_035032	Ensembl.RefSeq_peptide:44388[1];Ensembl.RefSeq_peptide:44388[1>0]	ENSMUSG00000015839	CURATED:181[0];MGI:23153[13];MGI:23153[13|6>12|0];Ensembl.MGI:34317[1>0]
NP_035035	Ensembl.RefSeq_peptide:36714[1];Ensembl.RefSeq_peptide:36714[1>0]	ENSMUSG00000028565	CURATED:182[0];MGI:3869[13];MGI:3869[13|6>12|0];Ensembl.MGI:28838[1>0]
NP_035044	Ensembl.RefSeq_peptide:69342[1];Ensembl.RefSeq_peptide:69342[1>0]	ENSMUSG00000020248	CURATED:184[0];MGI:21499[13];MGI:21499[13|6>12|0];Ensembl.MGI:50189[1>0]
NP_035153	Ensembl.RefSeq_peptide:71412[1];Ensembl.RefSeq_peptide:71412[1>0]	ENSMUSG00000005917	CURATED:192[0];MGI:19210[13];MGI:19210[13|6>12|0];Ensembl.MGI:51543[1>0]
NP_035167	Ensembl.RefSeq_peptide:47144[1];Ensembl.RefSeq_peptide:47144[1>0]	ENSMUSG00000004231	CURATED:194[0];MGI:178758[13];MGI:178758[13|6>12|0];Ensembl.MGI:35867[1>0]
NP_035227	Ensembl.RefSeq_peptide:25381[1];Ensembl.RefSeq_peptide:25381[1>0]	ENSMUSG00000021506	CURATED:199[0];MGI:188323[13];MGI:187374[13|6>12|0];Ensembl.MGI:20861[1>0]
NP_035267	Ensembl.RefSeq_peptide:74697[1];Ensembl.RefSeq_peptide:74697[1>0]	ENSMUSG00000026565	CURATED:200[0];MGI:10164[13];MGI:10164[13|6>12|0];Ensembl.MGI:53587[1>0]
NP_035268	Ensembl.RefSeq_peptide:50440[1];Ensembl.RefSeq_peptide:50440[1>0]	ENSMUSG00000008496	CURATED:201[0];MGI:176985[13];MGI:176985[13|6>12|0];Ensembl.MGI:37552[1>0]
NP_035271	Ensembl.RefSeq_peptide:46863[1];Ensembl.RefSeq_peptide:46863[1>0]	ENSMUSG00000090125	CURATED:202[0];MGI:180402[13];MGI:180402[13|6>12|0];Ensembl.MGI:35757[1>0]
NP_035373	Ensembl.RefSeq_peptide:37608[1];Ensembl.RefSeq_peptide:37608[1>0]	ENSMUSG00000017491	CURATED:206[0];MGI:160284[13];MGI:160284[13|6>12|0];Ensembl.MGI:29871[1>0]
NP_035374	Ensembl.RefSeq_peptide:30060[1];Ensembl.RefSeq_peptide:30060[1>0]	ENSMUSG00000001288	CURATED:207[0];MGI:23998[13];MGI:23998[13|6>12|0];Ensembl.MGI:24073[1>0]
NP_035393	Ensembl.RefSeq_peptide:73110[1];Ensembl.RefSeq_peptide:73110[1>0]	ENSMUSG00000029249	CURATED:209[0];MGI:8870[13];MGI:8870[13|6>12|0];Ensembl.MGI:52483[1>0]
NP_035411	Ensembl.RefSeq_peptide:52851[1];Ensembl.RefSeq_peptide:52851[1>0]	ENSMUSG00000028150	CURATED:212[0];MGI:581994[13];MGI:191921[13|6>12|0];Ensembl.MGI:39406[1>0]
NP_035435	Ensembl.RefSeq_peptide:80472[1];Ensembl.RefSeq_peptide:80472[1>0]	ENSMUSG00000015846	CURATED:216[0];MGI:18105[13];MGI:18105[13|6>12|0];Ensembl.MGI:56805[1>0]
NP_035436	Ensembl.RefSeq_peptide:47957[1];Ensembl.RefSeq_peptide:47957[1>0]	ENSMUSG00000039656	CURATED:217[0];MGI:26958[13];MGI:26958[13|6>12|0];Ensembl.MGI:36374[1>0]
NP_035485	Ensembl.RefSeq_peptide:81279[1];Ensembl.RefSeq_peptide:81279[1>0]	ENSMUSG00000002111	CURATED:238[0];MGI:563961[11];MGI:564120[13|6>12|0];Ensembl.MGI:57156[1>0]
NP_035511	Ensembl.RefSeq_peptide:63986[1];Ensembl.RefSeq_peptide:63986[1>0]	ENSMUSG00000038805	CURATED:220[0];MGI:88088[13];MGI:88088[13|6>12|0];Ensembl.MGI:46883[1>0]
NP_035545	Ensembl.RefSeq_peptide:39665[1];Ensembl.RefSeq_peptide:39665[1>0]	ENSMUSG00000022676	CURATED:222[0];MGI:565510[13];MGI:565510[13|6>12|0];Ensembl.MGI:31353[1>0]
NP_035557	Ensembl.RefSeq_peptide:77789[1];Ensembl.RefSeq_peptide:77789[1>0]	ENSMUSG00000042821	CURATED:221[0];MGI:23155[13];MGI:23155[13|6>12|0];Ensembl.MGI:55430[1>0]
NP_035571	Ensembl.RefSeq_peptide:54937[1];Ensembl.RefSeq_peptide:54937[1>0]	ENSMUSG00000025902	CURATED:225[0];MGI:566108[13|6];MGI:566108[13|6>12|0];Ensembl.MGI:41126[1>0]
NP_035573	Ensembl.RefSeq_peptide:6183[1];Ensembl.RefSeq_peptide:6183[1>0]	ENSMUSG00000074637	CURATED:227[0];MGI:166425[13];MGI:166425[13|6>12|0];Ensembl.MGI:6695[1>0]
NP_035575	Ensembl.RefSeq_peptide:40744[1];Ensembl.RefSeq_peptide:40744[1>0]	ENSMUSG00000051910	CURATED:230[0];MGI:26623[13];MGI:26623[13|6>12|0];Ensembl.MGI:31760[1>0]
NP_035576	Ensembl.RefSeq_peptide:4559[1];Ensembl.RefSeq_peptide:4559[1>0]	ENSMUSG00000063060	CURATED:231[0];MGI:566135[13|6];MGI:566135[13|6>12|0];Ensembl.MGI:5242[1>0]
NP_035578	Ensembl.RefSeq_peptide:66313[1];Ensembl.RefSeq_peptide:66313[1>0]	ENSMUSG00000000567	CURATED:232[0];MGI:7094[13];MGI:7094[13|6>12|0];Ensembl.MGI:48228[1>0]
NP_035616	Ensembl.RefSeq_peptide:27477[1];Ensembl.RefSeq_peptide:27477[1>0]	ENSMUSG00000004040	CURATED:241[0];MGI:3785[13];MGI:3785[13|6>12|0];Ensembl.MGI:21980[1>0]
NP_035617	Ensembl.RefSeq_peptide:14525[1];Ensembl.RefSeq_peptide:14525[1>0]	ENSMUSG00000062939	CURATED:242[0];MGI:566979[13|6];MGI:566979[13|6>12|0];Ensembl.MGI:12784[1>0]
NP_035618	Ensembl.RefSeq_peptide:25716[1];Ensembl.RefSeq_peptide:25716[1>0]	ENSMUSG00000004043	CURATED:243[0];MGI:21438[13];MGI:21438[13|6>12|0];Ensembl.MGI:20980[1>0]
NP_035657	Ensembl.RefSeq_peptide:66467[1];Ensembl.RefSeq_peptide:66467[1>0]	ENSMUSG00000028717	CURATED:245[0];MGI:161897[13];MGI:161897[13|6>12|0];Ensembl.MGI:48327[1>0]
NP_035665	Ensembl.RefSeq_peptide:55436[1];Ensembl.RefSeq_peptide:55436[1>0]	ENSMUSG00000018604	CURATED:248[0];MGI:79417[13];MGI:79417[13|6>12|0];Ensembl.MGI:41341[1>0]
NP_035666	Ensembl.RefSeq_peptide:77814[1];Ensembl.RefSeq_peptide:77814[1>0]	ENSMUSG00000000094	CURATED:249[0];MGI:568350[13|6];MGI:568350[13|6>12|0];Ensembl.MGI:55464[1>0]
NP_035667	Ensembl.RefSeq_peptide:55461[1];Ensembl.RefSeq_peptide:55461[1>0]	ENSMUSG00000018263	CURATED:250[0];MGI:568351[13|6];MGI:568351[13|6>12|0];Ensembl.MGI:41372[1>0]
NP_035668	Ensembl.RefSeq_peptide:72971[1];Ensembl.RefSeq_peptide:72971[1>0]	ENSMUSG00000030699	CURATED:251[0];MGI:563040[13];MGI:563040[13|6>12|0];Ensembl.MGI:52391[1>0]
NP_035676	Ensembl.RefSeq_peptide:27553[1];Ensembl.RefSeq_peptide:27553[1>0]	ENSMUSG00000024238	CURATED:271[0];MGI:10768[13];MGI:10768[13|6>12|0];Ensembl.MGI:22292[1>0]
NP_035677	Ensembl.RefSeq_peptide:553[1];Ensembl.RefSeq_peptide:553[1>0]	ENSMUSG00000021359	CURATED:256[0];MGI:27775[13];MGI:27775[13|6>12|0];Ensembl.MGI:2024[1>0]
NP_035678	Ensembl.RefSeq_peptide:49108[1];Ensembl.RefSeq_peptide:49108[1>0]	ENSMUSG00000020167	CURATED:253[0];MGI:20040[13];MGI:20040[13|6>12|0];Ensembl.MGI:36510[1>0]
NP_035788	Ensembl.RefSeq_peptide:14144[1];Ensembl.RefSeq_peptide:14144[1>0]	ENSMUSG00000035799	CURATED:264[0];MGI:21475[13];MGI:21475[13|6>12|0];Ensembl.MGI:12580[1>0]
NP_035810	Ensembl.RefSeq_peptide:54584[1];Ensembl.RefSeq_peptide:54584[1>0]	ENSMUSG00000058239	CURATED:266[0];MGI:749629[13|6];MGI:749629[13|6>12|0];Ensembl.MGI:40785[1>0]
NP_035900	Ensembl.RefSeq_peptide:53091[1];Ensembl.RefSeq_peptide:53091[1>0]	ENSMUSG00000025997	CURATED:125[0];MGI:19266[13];MGI:19266[13|6>12|0];Ensembl.MGI:39610[1>0]
NP_035933	Ensembl.RefSeq_peptide:18013[1];Ensembl.RefSeq_peptide:18013[1>0]	ENSMUSG00000000078	CURATED:145[0];MGI:24449[13];MGI:24449[13|6>12|0];Ensembl.MGI:15408[1>0]
NP_035938	Ensembl.RefSeq_peptide:6006[1];Ensembl.RefSeq_peptide:6006[1>0]	ENSMUSG00000032035	CURATED:49[0];MGI:23218[13];MGI:23218[13|6>12|0];Ensembl.MGI:6430[1>0]
NP_035939	Ensembl.RefSeq_peptide:15485[1];Ensembl.RefSeq_peptide:15485[1>0]	ENSMUSG00000022895	CURATED:50[0];MGI:29672[13];MGI:29672[13|6>12|0];Ensembl.MGI:13398[1>0]
NP_038496	Ensembl.RefSeq_peptide:9414[1];Ensembl.RefSeq_peptide:9414[1>0]	ENSMUSG00000024803	CURATED:3[0];MGI:27386[13];MGI:27386[13|6>12|0];Ensembl.MGI:9104[1>0]
NP_038526	Ensembl.RefSeq_peptide:26469[1];Ensembl.RefSeq_peptide:26469[1>0]	ENSMUSG00000063889	CURATED:24[0];MGI:64827[13|6];MGI:64827[13|6>12|0];Ensembl.MGI:21105[1>0]
NP_038536	Ensembl.RefSeq_peptide:13403[1];Ensembl.RefSeq_peptide:13403[1>0]	ENSMUSG00000008398	CURATED:43[0];MGI:78039[13];MGI:78039[13|6>12|0];Ensembl.MGI:11960[1>0]
NP_038547	Ensembl.RefSeq_peptide:53493[1];Ensembl.RefSeq_peptide:53493[1>0]	ENSMUSG00000046714	CURATED:62[0];MGI:100232[13];MGI:100232[13|6>12|0];Ensembl.MGI:39858[1>0]
NP_038583	Ensembl.RefSeq_peptide:42997[1];Ensembl.RefSeq_peptide:42997[1>0]	ENSMUSG00000043342	CURATED:119[0];MGI:161773[13];MGI:161773[13|6>12|0];Ensembl.MGI:33279[1>0]
NP_038629	Ensembl.RefSeq_peptide:12372[1];Ensembl.RefSeq_peptide:12372[1>0]	ENSMUSG00000021469	CURATED:171[0];MGI:33830[13];MGI:33830[13|6>12|0];Ensembl.MGI:11182[1>0]
NP_038655	Ensembl.RefSeq_peptide:64910[1];Ensembl.RefSeq_peptide:64910[1>0]	ENSMUSG00000027168	CURATED:197[0];MGI:4727[13];MGI:4727[13|6>12|0];Ensembl.MGI:47218[1>0]
NP_038674	Ensembl.RefSeq_peptide:53949[1];Ensembl.RefSeq_peptide:53949[1>0]	ENSMUSG00000032238	CURATED:210[0];MGI:18025[13];MGI:18025[13|6>12|0];Ensembl.MGI:40181[1>0]
NP_038702	Ensembl.RefSeq_peptide:9127[1];Ensembl.RefSeq_peptide:9127[1>0]	ENSMUSG00000021356	CURATED:128[0];MGI:23965[13];MGI:23965[13|6>12|0];Ensembl.MGI:8764[1>0]
NP_038720	Ensembl.RefSeq_peptide:19886[1];Ensembl.RefSeq_peptide:19886[1>0]	ENSMUSG00000037465	CURATED:139[0];MGI:22931[13];MGI:22931[13|6>12|0];Ensembl.MGI:16821[1>0]
NP_038757	Ensembl.RefSeq_peptide:64978[1];Ensembl.RefSeq_peptide:64978[1>0]	ENSMUSG00000026497	CURATED:169[0];MGI:171938[13|6];MGI:171938[13|6>12|0];Ensembl.MGI:47439[1>0]
NP_038870	Ensembl.RefSeq_peptide:78720[1];Ensembl.RefSeq_peptide:78720[1>0]	ENSMUSG00000020484	CURATED:268[0];MGI:67336[13];MGI:67336[13|6>12|0];Ensembl.MGI:55899[1>0]
NP_056568	Ensembl.RefSeq_peptide:73842[1];Ensembl.RefSeq_peptide:73842[1>0]	ENSMUSG00000026872	CURATED:272[0];MGI:17429[13];MGI:17429[13|6>12|0];Ensembl.MGI:53126[1>0]
NP_057869	Ensembl.RefSeq_peptide:60793[1];Ensembl.RefSeq_peptide:60793[1>0]	ENSMUSG00000046711	CURATED:98[0];MGI:26959[13];MGI:26959[13|6>12|0];Ensembl.MGI:44650[1>0]
NP_057916	Ensembl.RefSeq_peptide:8615[1];Ensembl.RefSeq_peptide:8615[1>0]	ENSMUSG00000000861	CURATED:11[0];MGI:9828[13];MGI:9828[13|6>12|0];Ensembl.MGI:8348[1>0]
NP_058047	Ensembl.RefSeq_peptide:1730[1];Ensembl.RefSeq_peptide:1730[1>0]	ENSMUSG00000034266	CURATED:10[0];MGI:33662[13|6];MGI:33662[13|6>12|0];Ensembl.MGI:2994[1>0]
NP_058546	Ensembl.RefSeq_peptide:78641[1];Ensembl.RefSeq_peptide:78641[1>0]	ENSMUSG00000025498	CURATED:129[0];MGI:164545[13|6];MGI:164545[13|6>12|0];Ensembl.MGI:55857[1>0]
NP_058664	Ensembl.RefSeq_peptide:38354[1];Ensembl.RefSeq_peptide:38354[1>0]	ENSMUSG00000046160	CURATED:191[0];MGI:25875[13];MGI:25875[13|6>12|0];Ensembl.MGI:30415[1>0]
NP_061259	Ensembl.RefSeq_peptide:41745[1];Ensembl.RefSeq_peptide:41745[1>0]	ENSMUSG00000042903	CURATED:71[0];MGI:100564[11];MGI:100564[13|6>12|0];Ensembl.MGI:32576[1>0]
NP_061293	Ensembl.RefSeq_peptide:8241[1];Ensembl.RefSeq_peptide:8241[1>0]	ENSMUSG00000003847	CURATED:178[0];MGI:23262[13];MGI:23262[13|6>12|0];Ensembl.MGI:7976[1>0]
NP_061296	Ensembl.RefSeq_peptide:29244[1];Ensembl.RefSeq_peptide:29244[1>0]	ENSMUSG00000031737	CURATED:133[0];MGI:164576[13|6];MGI:164576[13|6>12|0];Ensembl.MGI:23571[1>0]
NP_062352	Ensembl.RefSeq_peptide:45956[1];Ensembl.RefSeq_peptide:45956[1>0]	ENSMUSG00000067071	CURATED:92[0];MGI:23909[13];MGI:23909[13|6>12|0];Ensembl.MGI:35199[1>0]
NP_062380	Ensembl.RefSeq_peptide:71753[1];Ensembl.RefSeq_peptide:71753[1>0]	ENSMUSG00000001444	CURATED:247[0];MGI:568345[13|6];MGI:568345[13|6>12|0];Ensembl.MGI:51708[1>0]
NP_062663	Ensembl.RefSeq_peptide:21412[1];Ensembl.RefSeq_peptide:21412[1>0]	ENSMUSG00000004661	CURATED:6[0];MGI:86648[13];MGI:28127[13|6>12|0];Ensembl.MGI:17991[1>0]
NP_062706	Ensembl.RefSeq_peptide:28742[1];Ensembl.RefSeq_peptide:28742[1>0]	ENSMUSG00000070691	CURATED:215[0];MGI:39131[13];MGI:39131[13|6>12|0];Ensembl.MGI:23185[1>0]
NP_062712	Ensembl.RefSeq_peptide:12445[1];Ensembl.RefSeq_peptide:12445[1>0]	ENSMUSG00000030717	CURATED:190[0];MGI:7815[13];MGI:7815[13|6>12|0];Ensembl.MGI:11233[1>0]
NP_062713	Ensembl.RefSeq_peptide:21008[1];Ensembl.RefSeq_peptide:21008[1>0]	ENSMUSG00000044167	CURATED:69[0];MGI:26518[13];MGI:26518[13|6>12|0];Ensembl.MGI:17687[1>0]
NP_062714	Ensembl.RefSeq_peptide:13137[1];Ensembl.RefSeq_peptide:13137[1>0]	ENSMUSG00000048756	CURATED:70[0];MGI:3870[13];MGI:3870[13|6>12|0];Ensembl.MGI:11783[1>0]
NP_062752	Ensembl.RefSeq_peptide:1466[1];Ensembl.RefSeq_peptide:1466[1>0]	ENSMUSG00000022708	CURATED:270[0];MGI:4436[13];MGI:4436[13|6>12|0];Ensembl.MGI:2728[1>0]
NP_063919	Ensembl.RefSeq_peptide:14608[1];Ensembl.RefSeq_peptide:14608[1>0]	ENSMUSG00000008193	CURATED:239[0];MGI:566396[13|6];MGI:566396[13|6>12|0];Ensembl.MGI:12867[1>0]
NP_064692	Ensembl.RefSeq_peptide:75220[1];Ensembl.RefSeq_peptide:75220[1>0]	ENSMUSG00000026970	CURATED:208[0];MGI:8785[13];MGI:8785[13|6>12|0];Ensembl.MGI:53873[1>0]
NP_067341	Ensembl.RefSeq_peptide:7240[1];Ensembl.RefSeq_peptide:7240[1>0]	ENSMUSG00000052040	CURATED:140[0];MGI:334[13];MGI:334[13|6>12|0];Ensembl.MGI:7472[1>0]
NP_067374	Ensembl.RefSeq_peptide:25654[1];Ensembl.RefSeq_peptide:25654[1>0]	ENSMUSG00000048251	CURATED:12[0];MGI:17509[13];MGI:17509[13|6>12|0];Ensembl.MGI:21032[1>0]
NP_067434	Ensembl.RefSeq_peptide:25920[1];Ensembl.RefSeq_peptide:25920[1>0]	ENSMUSG00000042258	CURATED:134[0];MGI:164620[13|6];MGI:164620[13|6>12|0];Ensembl.MGI:21206[1>0]
NP_071880	Ensembl.RefSeq_peptide:22816[1];Ensembl.RefSeq_peptide:22816[1>0]	ENSMUSG00000075304	CURATED:235[0];MGI:187162[11];MGI:566153[13|6>12|0];Ensembl.MGI:19069[1>0]
NP_075991	Ensembl.RefSeq_peptide:63242[1];Ensembl.RefSeq_peptide:63242[1>0]	ENSMUSG00000037174	CURATED:42[0];MGI:9076[13];MGI:9076[13|6>12|0];Ensembl.MGI:46374[1>0]
NP_076087	Ensembl.RefSeq_peptide:9188[1];Ensembl.RefSeq_peptide:9188[1>0]	ENSMUSG00000019947	CURATED:7[0];MGI:14866[13];MGI:14866[13|6>12|0];Ensembl.MGI:8855[1>0]
NP_076283	Ensembl.RefSeq_peptide:22477[1];Ensembl.RefSeq_peptide:22477[1>0]	ENSMUSG00000013089	CURATED:52[0];MGI:3409[13];MGI:3409[13|6>12|0];Ensembl.MGI:18672[1>0]
NP_079928	Ensembl.RefSeq_peptide:73937[1];Ensembl.RefSeq_peptide:73937[1>0]	ENSMUSG00000016503	CURATED:86[0];MGI:6983[13];MGI:6983[13|6>12|0];Ensembl.MGI:53210[1>0]
NP_080650	Ensembl.RefSeq_peptide:62210[1];Ensembl.RefSeq_peptide:62210[1>0]	ENSMUSG00000001016	CURATED:126[0];MGI:15826[13];MGI:15826[13|6>12|0];Ensembl.MGI:45539[1>0]
NP_082292	Ensembl.RefSeq_peptide:69879[1];Ensembl.RefSeq_peptide:69879[1>0]	ENSMUSG00000012396	CURATED:177[0];MGI:8264[13];MGI:8264[13|6>12|0];Ensembl.MGI:50530[1>0]
NP_082886	Ensembl.RefSeq_peptide:5500[1];Ensembl.RefSeq_peptide:5500[1>0]	ENSMUSG00000058550	CURATED:32[0];MGI:8530[13];MGI:8530[13|6>12|0];Ensembl.MGI:6040[1>0]
NP_082891	Ensembl.RefSeq_peptide:5539[1];Ensembl.RefSeq_peptide:5539[1>0]	ENSMUSG00000072419	CURATED:30[0];MGI:8522[13];MGI:8522[13|6>12|0];Ensembl.MGI:6078[1>0]
NP_083571	Ensembl.RefSeq_peptide:60477[1];Ensembl.RefSeq_peptide:60477[1>0]	ENSMUSG00000054400	CURATED:22[0];MGI:4908[13];MGI:4908[13|6>12|0];Ensembl.MGI:44591[1>0]
NP_112460	Ensembl.RefSeq_peptide:71726[1];Ensembl.RefSeq_peptide:71726[1>0]	ENSMUSG00000038560	CURATED:236[0];MGI:3678[13];MGI:3678[13|6>12|0];Ensembl.MGI:51692[1>0]
NP_112475	Ensembl.RefSeq_peptide:17766[1];Ensembl.RefSeq_peptide:17766[1>0]	ENSMUSG00000029553	CURATED:260[0];MGI:33794[13];MGI:33794[13|6>12|0];Ensembl.MGI:15210[1>0]
NP_149030	Ensembl.RefSeq_peptide:78493[1];Ensembl.RefSeq_peptide:78493[1>0]	ENSMUSG00000023781	CURATED:93[0];MGI:160806[13|6];MGI:160806[13|6>12|0];Ensembl.MGI:55803[1>0]
NP_291041	Ensembl.RefSeq_peptide:47999[1];Ensembl.RefSeq_peptide:47999[1>0]	ENSMUSG00000025959	CURATED:146[0];MGI:18267[13];MGI:18267[13|6>12|0];Ensembl.MGI:36454[1>0]
NP_387501	Ensembl.RefSeq_peptide:49848[1];Ensembl.RefSeq_peptide:49848[1>0]	ENSMUSG00000026686	CURATED:154[0];MGI:86606[13];MGI:86606[13|6>12|0];Ensembl.MGI:37518[1>0]
NP_444432	Ensembl.RefSeq_peptide:27337[1];Ensembl.RefSeq_peptide:27337[1>0]	ENSMUSG00000030067	CURATED:72[0];MGI:10840[13];MGI:10840[13|6>12|0];Ensembl.MGI:21528[1>0]
NP_473380	Ensembl.RefSeq_peptide:11945[1];Ensembl.RefSeq_peptide:11945[1>0]	ENSMUSG00000039521	CURATED:73[0];MGI:564093[13];MGI:100569[13|6>12|0];Ensembl.MGI:10638[1>0]
NP_598420	Ensembl.RefSeq_peptide:15374[1];Ensembl.RefSeq_peptide:15374[1>0]	ENSMUSG00000040732	CURATED:48[0];MGI:65773[13];MGI:65773[13|6>12|0];Ensembl.MGI:13190[1>0]
NP_598426	Ensembl.RefSeq_peptide:54501[1];Ensembl.RefSeq_peptide:54501[1>0]	ENSMUSG00000001419	CURATED:162[0];MGI:38180[13];MGI:38180[13|6>12|0];Ensembl.MGI:40776[1>0]
NP_598589	Ensembl.RefSeq_peptide:48395[1];Ensembl.RefSeq_peptide:48395[1>0]	ENSMUSG00000025958	CURATED:23[0];MGI:7501[13];MGI:7501[13|6>12|0];Ensembl.MGI:36591[1>0]
NP_598718	Ensembl.RefSeq_peptide:8238[1];Ensembl.RefSeq_peptide:8238[1>0]	ENSMUSG00000003847	CURATED:178[0];MGI:23262[13];MGI:23262[13|6>12|0];Ensembl.MGI:7976[1>0]
NP_631964	Ensembl.RefSeq_peptide:66731[1];Ensembl.RefSeq_peptide:66731[1>0]	ENSMUSG00000046323	CURATED:31[0];MGI:8506[13];MGI:8506[13|6>12|0];Ensembl.MGI:48496[1>0]
NP_659090	Ensembl.RefSeq_peptide:20073[1];Ensembl.RefSeq_peptide:20073[1>0]	ENSMUSG00000021848	CURATED:193[0];MGI:88143[13];MGI:88143[13|6>12|0];Ensembl.MGI:16912[1>0]
NP_663757	Ensembl.RefSeq_peptide:8685[1];Ensembl.RefSeq_peptide:8685[1>0]	ENSMUSG00000041272	CURATED:262[0];MGI:5001[13];MGI:5001[13|6>12|0];Ensembl.MGI:8422[1>0]
NP_666207	Ensembl.RefSeq_peptide:27032[1];Ensembl.RefSeq_peptide:27032[1>0]	ENSMUSG00000036192	CURATED:211[0];MGI:162214[13];MGI:162214[13|6>12|0];Ensembl.MGI:21910[1>0]
NP_671754	Ensembl.RefSeq_peptide:74202[1];Ensembl.RefSeq_peptide:74202[1>0]	ENSMUSG00000034762	CURATED:84[0];MGI:101703[13|6];MGI:101703[13|6>12|0];Ensembl.MGI:53339[1>0]
NP_683754	Ensembl.RefSeq_peptide:45648[1];Ensembl.RefSeq_peptide:45648[1>0]	ENSMUSG00000014859	CURATED:34[0];MGI:7043[13];MGI:7043[13|6>12|0];Ensembl.MGI:35008[1>0]
NP_766141	Ensembl.RefSeq_peptide:24057[1];Ensembl.RefSeq_peptide:24057[1>0]	ENSMUSG00000036602	CURATED:2[0];MGI:23565[13];MGI:23565[13|6>12|0];Ensembl.MGI:19924[1>0]
NP_766151	Ensembl.RefSeq_peptide:65867[1];Ensembl.RefSeq_peptide:65867[1>0]	ENSMUSG00000003949	CURATED:96[0];MGI:88194[13];MGI:88194[13|6>12|0];Ensembl.MGI:48005[1>0]
NP_766210	Ensembl.RefSeq_peptide:44703[1];Ensembl.RefSeq_peptide:44703[1>0]	ENSMUSG00000064043	CURATED:263[0];MGI:17958[13];MGI:17958[13|6>12|0];Ensembl.MGI:34469[1>0]
NP_766386	Ensembl.RefSeq_peptide:77816[1];Ensembl.RefSeq_peptide:77816[1>0]	ENSMUSG00000000094	CURATED:249[0];MGI:568350[13|6];MGI:568350[13|6>12|0];Ensembl.MGI:55464[1>0]
NP_776141	Ensembl.RefSeq_peptide:8234[1];Ensembl.RefSeq_peptide:8234[1>0]	ENSMUSG00000041649	CURATED:147[0];MGI:19372[13];MGI:19372[13|6>12|0];Ensembl.MGI:8105[1>0]
NP_783199	Ensembl.RefSeq_peptide:77201[1];Ensembl.RefSeq_peptide:77201[1>0]	ENSMUSG00000059325	CURATED:100[0];MGI:3591[13];MGI:3591[13|6>12|0];Ensembl.MGI:55106[1>0]
NP_783857	Ensembl.RefSeq_peptide:42791[1];Ensembl.RefSeq_peptide:42791[1>0]	ENSMUSG00000022485	CURATED:114[0];MGI:23124[13];MGI:23124[13|6>12|0];Ensembl.MGI:33136[1>0]
NP_796056	Ensembl.RefSeq_peptide:14164[1];Ensembl.RefSeq_peptide:14164[1>0]	ENSMUSG00000048562	CURATED:237[0];MGI:83716[13];MGI:83716[13|6>12|0];Ensembl.MGI:12618[1>0]
NP_848782	Ensembl.RefSeq_peptide:29133[1];Ensembl.RefSeq_peptide:29133[1>0]	ENSMUSG00000032411	CURATED:259[0];MGI:3705[13];MGI:3705[13|6>12|0];Ensembl.MGI:23152[1>0]
NP_851305	Ensembl.RefSeq_peptide:3342[1];Ensembl.RefSeq_peptide:3342[1>0]	ENSMUSG00000034998	CURATED:68[0];MGI:10969[13];MGI:10969[13|6>12|0];Ensembl.MGI:4290[1>0]
NP_851401	Ensembl.RefSeq_peptide:1438[1];Ensembl.RefSeq_peptide:1438[1>0]	ENSMUSG00000022708	CURATED:270[0];MGI:4436[13];MGI:4436[13|6>12|0];Ensembl.MGI:2728[1>0]
NP_899084	Ensembl.RefSeq_peptide:17057[1];Ensembl.RefSeq_peptide:17057[1>0]	ENSMUSG00000030551	CURATED:189[0];MGI:17767[13];MGI:17767[13|6>12|0];Ensembl.MGI:14680[1>0]
NP_899198	Ensembl.RefSeq_peptide:49981[1];Ensembl.RefSeq_peptide:49981[1>0]	ENSMUSG00000052534	CURATED:198[0];MGI:8021[13];MGI:8021[13|6>12|0];Ensembl.MGI:37624[1>0]
NP_932169	Ensembl.RefSeq_peptide:55429[1];Ensembl.RefSeq_peptide:55429[1>0]	ENSMUSG00000018604	CURATED:248[0];MGI:79417[13];MGI:79417[13|6>12|0];Ensembl.MGI:41341[1>0]
NP_942151	Ensembl.RefSeq_peptide:12419[1];Ensembl.RefSeq_peptide:12419[1>0]	ENSMUSG00000029755	CURATED:28[0];MGI:23996[13];MGI:23996[13|6>12|0];Ensembl.MGI:11218[1>0]
NP_945150	Ensembl.RefSeq_peptide:74713[1];Ensembl.RefSeq_peptide:74713[1>0]	ENSMUSG00000026565	CURATED:200[0];MGI:10164[13];MGI:10164[13|6>12|0];Ensembl.MGI:53587[1>0]
NP_945151	Ensembl.RefSeq_peptide:74722[1];Ensembl.RefSeq_peptide:74722[1>0]	ENSMUSG00000026565	CURATED:200[0];MGI:10164[13];MGI:10164[13|6>12|0];Ensembl.MGI:53587[1>0]
NP_945152	Ensembl.RefSeq_peptide:74694[1];Ensembl.RefSeq_peptide:74694[1>0]	ENSMUSG00000026565	CURATED:200[0];MGI:10164[13];MGI:10164[13|6>12|0];Ensembl.MGI:53587[1>0]
NP_997014	Ensembl.RefSeq_peptide:45485[1];Ensembl.RefSeq_peptide:45485[1>0]	ENSMUSG00000052435	CURATED:20[0];MGI:123353[13];MGI:40074[13|6>12|0];Ensembl.MGI:34932[1>0]
NP_998824	Ensembl.RefSeq_peptide:27514[1];Ensembl.RefSeq_peptide:27514[1>0]	ENSMUSG00000004040	CURATED:241[0];MGI:3785[13];MGI:3785[13|6>12|0];Ensembl.MGI:21980[1>0]
NP_998825	Ensembl.RefSeq_peptide:27534[1];Ensembl.RefSeq_peptide:27534[1>0]	ENSMUSG00000004040	CURATED:241[0];MGI:3785[13];MGI:3785[13|6>12|0];Ensembl.MGI:21980[1>0]
NR_073193	Ensembl.RefSeq_ncRNA:49460[1];Ensembl.RefSeq_ncRNA:49460[1>0]	ENSMUSG00000063889	CURATED:24[0];MGI:64827[13|6];MGI:64827[13|6>12|0];Ensembl.MGI:21105[1>0]
NR_073392	Ensembl.RefSeq_ncRNA:54355[1];Ensembl.RefSeq_ncRNA:54355[1>0]	ENSMUSG00000039153	CURATED:214[0];MGI:39119[13];MGI:39119[13|6>12|0];Ensembl.MGI:23408[1>0]
NR_073425	Ensembl.RefSeq_ncRNA:54229[1];Ensembl.RefSeq_ncRNA:54229[1>0]	ENSMUSG00000039153	CURATED:214[0];MGI:39119[13];MGI:39119[13|6>12|0];Ensembl.MGI:23408[1>0]
NR_104433	Ensembl.RefSeq_ncRNA:112088[1];Ensembl.RefSeq_ncRNA:112088[1>0]	ENSMUSG00000054400	CURATED:22[0];MGI:4908[13];MGI:4908[13|6>12|0];Ensembl.MGI:44591[1>0]
NR_121656	Ensembl.RefSeq_ncRNA:97930[1];Ensembl.RefSeq_ncRNA:97930[1>0]	ENSMUSG00000028150	CURATED:212[0];MGI:581994[13];MGI:191921[13|6>12|0];Ensembl.MGI:39406[1>0]
NR_149354	Ensembl.RefSeq_ncRNA:137287[1];Ensembl.RefSeq_ncRNA:137287[1>0]	ENSMUSG00000026872	CURATED:272[0];MGI:17429[13];MGI:17429[13|6>12|0];Ensembl.MGI:53126[1>0]
NR_165035	Ensembl.RefSeq_ncRNA:142773[1];Ensembl.RefSeq_ncRNA:142773[1>0]	ENSMUSG00000029178	CURATED:142[0];MGI:18333[13];MGI:18333[13|6>12|0];Ensembl.MGI:54989[1>0]
NR_166173	Ensembl.RefSeq_ncRNA:91446[1];Ensembl.RefSeq_ncRNA:91446[1>0]	ENSMUSG00000020167	CURATED:253[0];MGI:20040[13];MGI:20040[13|6>12|0];Ensembl.MGI:36510[1>0]
NR_176938	Ensembl.RefSeq_ncRNA:110790[1];Ensembl.RefSeq_ncRNA:110790[1>0]	ENSMUSG00000001156	CURATED:172[0];MGI:31178[13];MGI:31178[13|6>12|0];Ensembl.MGI:44100[1>0]
NR_176939	Ensembl.RefSeq_ncRNA:101593[1];Ensembl.RefSeq_ncRNA:101593[1>0]	ENSMUSG00000001419	CURATED:162[0];MGI:38180[13];MGI:38180[13|6>12|0];Ensembl.MGI:40776[1>0]
NR_176940	Ensembl.RefSeq_ncRNA:101594[1];Ensembl.RefSeq_ncRNA:101594[1>0]	ENSMUSG00000001419	CURATED:162[0];MGI:38180[13];MGI:38180[13|6>12|0];Ensembl.MGI:40776[1>0]
NR_176941	Ensembl.RefSeq_ncRNA:101613[1];Ensembl.RefSeq_ncRNA:101613[1>0]	ENSMUSG00000001419	CURATED:162[0];MGI:38180[13];MGI:38180[13|6>12|0];Ensembl.MGI:40776[1>0]
NR_182219	Ensembl.RefSeq_ncRNA:21426[1];Ensembl.RefSeq_ncRNA:21426[1>0]	ENSMUSG00000038482	CURATED:258[0];MGI:569176[13|6];MGI:569176[13|6>12|0];Ensembl.MGI:10049[1>0]
NR_182220	Ensembl.RefSeq_ncRNA:21446[1];Ensembl.RefSeq_ncRNA:21446[1>0]	ENSMUSG00000038482	CURATED:258[0];MGI:569176[13|6];MGI:569176[13|6>12|0];Ensembl.MGI:10049[1>0]
