AC008770	transcription_factor/Toronto[2]
AC023509	transcription_factor/Toronto[2]
AC092835	transcription_factor/Toronto[2]
AC138696	transcription_factor/Toronto[2]
AB015752	Blood[0]
AC000032	Blood[0]
AC000035	Blood[0]
AC000036	Blood[0]
AC000058	Blood[0]
AC000061	Blood[0]
AC000067	Blood[0]
AC000068	Blood[0]
AC000093	Blood[0]
AC000099	Blood[0]
AC000123	Blood[0]
AC000124	Blood[0]
AC000372	Blood[0]
AC000403	Blood[0]
AC001226	Blood[0]
AC002056	Blood[0]
AC002064	Blood[0]
AC002066	Blood[0]
AC002070	Blood[0]
AC002074	Blood[0]
AC002076	Blood[0]
AC002091	Blood[0]
AC002094	Blood[0]
AC002101	Blood[0]
AC002115	Blood[0]
AC002116	Blood[0]
AC002127	Blood[0]
AC002128	Blood[0]
AC002306	Blood[0]
AC002347	Blood[0]
AC002351	Blood[0]
AC002368	Blood[0]
AC002375	Blood[0]
AC002378	Blood[0]
AC002383	Blood[0]
AC002386	Blood[0]
AC002398	Blood[0]
AC002401	Blood[0]
AC002428	Blood[0]
AC002429	Blood[0]
AC002451	Blood[0]
AC002454	Blood[0]
AC002456	Blood[0]
AC002463	Blood[0]
AC002464	Blood[0]
AC002465	Blood[0]
AC002467	Blood[0]
AC002470	Blood[0]
AC002472	Blood[0]
AC002480	Blood[0]
AC002511	Blood[0]
AC002546	Blood[0]
AC002550	Blood[0]
AC002553	Blood[0]
AC002558	Blood[0]
AC002563	Blood[0]
AC002985	Blood[0]
AC002996	Blood[0]
AC003001	Blood[0]
AC003002	Blood[0]
AC003005	Blood[0]
AC003006	Blood[0]
AC003009	Blood[0]
AC003035	Blood[0]
AC003043	Blood[0]
AC003070	Blood[0]
AC003084	Blood[0]
AC003087	Blood[0]
AC003092	Blood[0]
AC003098	Blood[0]
AC003101	Blood[0]
AC003102	Blood[0]
AC003666	Blood[0]
AC003681	Blood[0]
AC003682	Blood[0]
AC003684	Blood[0]
AC003685	Blood[0]
AC003688	Blood[0]
AC003956	Blood[0]
AC003958	Blood[0]
AC003965	Blood[0]
AC003973	Blood[0]
AC003975	Blood[0]
AC003982	Blood[0]
AC003984	Blood[0]
AC003985	Blood[0]
AC003986	Blood[0]
AC003988	Blood[0]
AC003991	Blood[0]
AC004009	Blood[0]
AC004012	Blood[0]
AC004014	Blood[0]
AC004023	Blood[0]
AC004034	Blood[0]
AC004039	Blood[0]
AC004052	Blood[0]
AC004053	Blood[0]
AC004054	Blood[0]
AC004063	Blood[0]
AC004066	Blood[0]
AC004067	Blood[0]
AC004069	Blood[0]
AC004076	Blood[0]
AC004080	Blood[0]
AC004112	Blood[0]
AC004130	Blood[0]
AC004147	Blood[0]
AC004148	Blood[0]
AC004149	Blood[0]
AC004156	Blood[0]
AC004158	Blood[0]
AC004160	Blood[0]
AC004217	Blood[0]
AC004221	Blood[0]
AC004223	Blood[0]
AC004231	Blood[0]
AC004232	Blood[0]
AC004233	Blood[0]
AC004241	Blood[0]
AC004253	Blood[0]
AC004257	Blood[0]
AC004263	Blood[0]
AC004264	Blood[0]
AC004381	Blood[0]
AC004408	Blood[0]
AC004415	Blood[0]
AC004448	Blood[0]
AC004449	Blood[0]
AC004466	Blood[0]
AC004470	Blood[0]
AC004471	Blood[0]
AC004477	Blood[0]
AC004485	Blood[0]
AC004490	Blood[0]
AC004492	Blood[0]
AC004494	Blood[0]
AC004520	Blood[0]
AC004522	Blood[0]
AC004528	Blood[0]
AC004540	Blood[0]
AC004542	Blood[0]
AC004543	Blood[0]
AC004551	Blood[0]
AC004554	Blood[0]
AC004556	Blood[0]
AC004584	Blood[0]
AC004585	Blood[0]
AC004590	Blood[0]
AC004593	Blood[0]
AC004594	Blood[0]
AC004596	Blood[0]
AC004597	Blood[0]
AC004637	Blood[0]
AC004672	Blood[0]
AC004674	Blood[0]
AC004687	Blood[0]
AC004690	Blood[0]
AC004691	Blood[0]
AC004692	Blood[0]
AC004702	Blood[0]
AC004706	Blood[0]
AC004707	Blood[0]
AC004754	Blood[0]
AC004771	Blood[0]
AC004775	Blood[0]
AC004801	Blood[0]
AC004803	Blood[0]
AC004805	Blood[0]
AC004816	Blood[0]
AC004817	Blood[0]
AC004824	Blood[0]
AC004825	Blood[0]
AC004828	Blood[0]
AC004830	Blood[0]
AC004832	Blood[0]
AC004834	Blood[0]
AC004835	Blood[0]
AC004837	Blood[0]
AC004839	Blood[0]
AC004846	Blood[0]
AC004852	Blood[0]
AC004862	Blood[0]
AC004865	Blood[0]
AC004869	Blood[0]
AC004870	Blood[0]
AC004872	Blood[0]
AC004875	Blood[0]
AC004877	Blood[0]
AC004882	Blood[0]
AC004884	Blood[0]
AC004888	Blood[0]
AC004889	Blood[0]
AC004895	Blood[0]
AC004906	Blood[0]
AC004908	Blood[0]
AC004918	Blood[0]
AC004920	Blood[0]
AC004921	Blood[0]
AC004922	Blood[0]
AC004923	Blood[0]
AC004930	Blood[0]
AC004936	Blood[0]
AC004941	Blood[0]
AC004943	Blood[0]
AC004944	Blood[0]
AC004946	Blood[0]
AC004947	Blood[0]
AC004948	Blood[0]
AC004949	Blood[0]
AC004951	Blood[0]
AC004969	Blood[0]
AC004973	Blood[0]
AC004975	Blood[0]
AC004982	Blood[0]
AC004988	Blood[0]
AC004990	Blood[0]
AC004994	Blood[0]
AC004997	Blood[0]
AC005005	Blood[0]
AC005008	Blood[0]
AC005009	Blood[0]
AC005013	Blood[0]
AC005014	Blood[0]
AC005019	Blood[0]
AC005020	Blood[0]
AC005021	Blood[0]
AC005034	Blood[0]
AC005037	Blood[0]
AC005041	Blood[0]
AC005042	Blood[0]
AC005046	Blood[0]
AC005050	Blood[0]
AC005064	Blood[0]
AC005070	Blood[0]
AC005076	Blood[0]
AC005082	Blood[0]
AC005086	Blood[0]
AC005090	Blood[0]
AC005091	Blood[0]
AC005096	Blood[0]
AC005104	Blood[0]
AC005144	Blood[0]
AC005150	Blood[0]
AC005162	Blood[0]
AC005165	Blood[0]
AC005180	Blood[0]
AC005186	Blood[0]
AC005197	Blood[0]
AC005208	Blood[0]
AC005209	Blood[0]
AC005220	Blood[0]
AC005224	Blood[0]
AC005225	Blood[0]
AC005229	Blood[0]
AC005232	Blood[0]
AC005234	Blood[0]
AC005237	Blood[0]
AC005244	Blood[0]
AC005256	Blood[0]
AC005258	Blood[0]
AC005261	Blood[0]
AC005262	Blood[0]
AC005264	Blood[0]
AC005277	Blood[0]
AC005280	Blood[0]
AC005281	Blood[0]
AC005288	Blood[0]
AC005291	Blood[0]
AC005303	Blood[0]
AC005304	Blood[0]
AC005307	Blood[0]
AC005323	Blood[0]
AC005324	Blood[0]
AC005329	Blood[0]
AC005330	Blood[0]
AC005332	Blood[0]
AC005339	Blood[0]
AC005342	Blood[0]
AC005344	Blood[0]
AC005355	Blood[0]
AC005358	Blood[0]
AC005363	Blood[0]
AC005379	Blood[0]
AC005381	Blood[0]
AC005383	Blood[0]
AC005387	Blood[0]
AC005393	Blood[0]
AC005394	Blood[0]
AC005410	Blood[0]
AC005476	Blood[0]
AC005479	Blood[0]
AC005480	Blood[0]
AC005481	Blood[0]
AC005482	Blood[0]
AC005486	Blood[0]
AC005487	Blood[0]
AC005498	Blood[0]
AC005515	Blood[0]
AC005520	Blood[0]
AC005522	Blood[0]
AC005523	Blood[0]
AC005534	Blood[0]
AC005537	Blood[0]
AC005538	Blood[0]
AC005540	Blood[0]
AC005544	Blood[0]
AC005546	Blood[0]
AC005549	Blood[0]
AC005550	Blood[0]
AC005551	Blood[0]
AC005552	Blood[0]
AC005580	Blood[0]
AC005586	Blood[0]
AC005597	Blood[0]
AC005606	Blood[0]
AC005609	Blood[0]
AC005614	Blood[0]
AC005616	Blood[0]
AC005618	Blood[0]
AC005625	Blood[0]
AC005632	Blood[0]
AC005670	Blood[0]
AC005674	Blood[0]
AC005692	Blood[0]
AC005695	Blood[0]
AC005696	Blood[0]
AC005697	Blood[0]
AC005699	Blood[0]
AC005702	Blood[0]
AC005703	Blood[0]
AC005722	Blood[0]
AC005725	Blood[0]
AC005726	Blood[0]
AC005730	Blood[0]
AC005736	Blood[0]
AC005740	Blood[0]
AC005746	Blood[0]
AC005753	Blood[0]
AC005757	Blood[0]
AC005759	Blood[0]
AC005772	Blood[0]
AC005774	Blood[0]
AC005775	Blood[0]
AC005776	Blood[0]
AC005779	Blood[0]
AC005786	Blood[0]
AC005789	Blood[0]
AC005790	Blood[0]
AC005808	Blood[0]
AC005821	Blood[0]
AC005823	Blood[0]
AC005828	Blood[0]
AC005832	Blood[0]
AC005833	Blood[0]
AC005837	Blood[0]
AC005838	Blood[0]
AC005840	Blood[0]
AC005841	Blood[0]
AC005842	Blood[0]
AC005845	Blood[0]
AC005856	Blood[0]
AC005863	Blood[0]
AC005865	Blood[0]
AC005871	Blood[0]
AC005899	Blood[0]
AC005901	Blood[0]
AC005908	Blood[0]
AC005909	Blood[0]
AC005920	Blood[0]
AC005921	Blood[0]
AC005943	Blood[0]
AC005944	Blood[0]
AC005954	Blood[0]
AC005962	Blood[0]
AC005972	Blood[0]
AC005993	Blood[0]
AC005996	Blood[0]
AC005999	Blood[0]
AC006004	Blood[0]
AC006007	Blood[0]
AC006012	Blood[0]
AC006013	Blood[0]
AC006017	Blood[0]
AC006019	Blood[0]
AC006026	Blood[0]
AC006027	Blood[0]
AC006030	Blood[0]
AC006033	Blood[0]
AC006037	Blood[0]
AC006041	Blood[0]
AC006042	Blood[0]
AC006055	Blood[0]
AC006058	Blood[0]
AC006059	Blood[0]
AC006063	Blood[0]
AC006064	Blood[0]
AC006065	Blood[0]
AC006076	Blood[0]
AC006111	Blood[0]
AC006115	Blood[0]
AC006116	Blood[0]
AC006130	Blood[0]
AC006145	Blood[0]
AC006146	Blood[0]
AC006148	Blood[0]
AC006150	Blood[0]
AC006157	Blood[0]
AC006159	Blood[0]
AC006205	Blood[0]
AC006206	Blood[0]
AC006207	Blood[0]
AC006213	Blood[0]
AC006238	Blood[0]
AC006252	Blood[0]
AC006254	Blood[0]
AC006270	Blood[0]
AC006272	Blood[0]
AC006273	Blood[0]
AC006288	Blood[0]
AC006296	Blood[0]
AC006299	Blood[0]
AC006305	Blood[0]
AC006329	Blood[0]
AC006333	Blood[0]
AC006355	Blood[0]
AC006357	Blood[0]
AC006372	Blood[0]
AC006378	Blood[0]
AC006435	Blood[0]
AC006441	Blood[0]
AC006449	Blood[0]
AC006450	Blood[0]
AC006455	Blood[0]
AC006458	Blood[0]
AC006460	Blood[0]
AC006480	Blood[0]
AC006482	Blood[0]
AC006483	Blood[0]
AC006486	Blood[0]
AC006487	Blood[0]
AC006504	Blood[0]
AC006511	Blood[0]
AC006518	Blood[0]
AC006538	Blood[0]
AC006547	Blood[0]
AC006557	Blood[0]
AC006581	Blood[0]
AC006942	Blood[0]
AC006946	Blood[0]
AC006960	Blood[0]
AC006967	Blood[0]
AC006974	Blood[0]
AC006978	Blood[0]
AC007001	Blood[0]
AC007009	Blood[0]
AC007014	Blood[0]
AC007029	Blood[0]
AC007036	Blood[0]
AC007038	Blood[0]
AC007040	Blood[0]
AC007064	Blood[0]
AC007091	Blood[0]
AC007099	Blood[0]
AC007100	Blood[0]
AC007106	Blood[0]
AC007114	Blood[0]
AC007126	Blood[0]
AC007128	Blood[0]
AC007159	Blood[0]
AC007163	Blood[0]
AC007179	Blood[0]
AC007192	Blood[0]
AC007193	Blood[0]
AC007207	Blood[0]
AC007216	Blood[0]
AC007218	Blood[0]
AC007220	Blood[0]
AC007221	Blood[0]
AC007228	Blood[0]
AC007240	Blood[0]
AC007249	Blood[0]
AC007250	Blood[0]
AC007262	Blood[0]
AC007272	Blood[0]
AC007277	Blood[0]
AC007285	Blood[0]
AC007292	Blood[0]
AC007298	Blood[0]
AC007308	Blood[0]
AC007314	Blood[0]
AC007319	Blood[0]
AC007325	Blood[0]
AC007326	Blood[0]
AC007327	Blood[0]
AC007333	Blood[0]
AC007336	Blood[0]
AC007342	Blood[0]
AC007344	Blood[0]
AC007347	Blood[0]
AC007349	Blood[0]
AC007359	Blood[0]
AC007362	Blood[0]
AC007364	Blood[0]
AC007368	Blood[0]
AC007370	Blood[0]
AC007375	Blood[0]
AC007376	Blood[0]
AC007378	Blood[0]
AC007381	Blood[0]
AC007384	Blood[0]
AC007388	Blood[0]
AC007391	Blood[0]
AC007402	Blood[0]
AC007405	Blood[0]
AC007406	Blood[0]
AC007422	Blood[0]
AC007423	Blood[0]
AC007431	Blood[0]
AC007448	Blood[0]
AC007450	Blood[0]
AC007463	Blood[0]
AC007485	Blood[0]
AC007491	Blood[0]
AC007493	Blood[0]
AC007494	Blood[0]
AC007495	Blood[0]
AC007496	Blood[0]
AC007513	Blood[0]
AC007527	Blood[0]
AC007529	Blood[0]
AC007533	Blood[0]
AC007540	Blood[0]
AC007541	Blood[0]
AC007552	Blood[0]
AC007556	Blood[0]
AC007557	Blood[0]
AC007563	Blood[0]
AC007566	Blood[0]
AC007569	Blood[0]
AC007570	Blood[0]
AC007595	Blood[0]
AC007598	Blood[0]
AC007601	Blood[0]
AC007603	Blood[0]
AC007608	Blood[0]
AC007610	Blood[0]
AC007611	Blood[0]
AC007614	Blood[0]
AC007619	Blood[0]
AC007620	Blood[0]
AC007622	Blood[0]
AC007631	Blood[0]
AC007638	Blood[0]
AC007639	Blood[0]
AC007652	Blood[0]
AC007655	Blood[0]
AC007656	Blood[0]
AC007663	Blood[0]
AC007666	Blood[0]
AC007673	Blood[0]
AC007679	Blood[0]
AC007681	Blood[0]
AC007686	Blood[0]
AC007687	Blood[0]
AC007688	Blood[0]
AC007728	Blood[0]
AC007743	Blood[0]
AC007749	Blood[0]
AC007750	Blood[0]
AC007773	Blood[0]
AC007785	Blood[0]
AC007786	Blood[0]
AC007787	Blood[0]
AC007795	Blood[0]
AC007823	Blood[0]
AC007834	Blood[0]
AC007846	Blood[0]
AC007848	Blood[0]
AC007861	Blood[0]
AC007876	Blood[0]
AC007878	Blood[0]
AC007879	Blood[0]
AC007881	Blood[0]
AC007906	Blood[0]
AC007907	Blood[0]
AC007920	Blood[0]
AC007922	Blood[0]
AC007923	Blood[0]
AC007938	Blood[0]
AC007948	Blood[0]
AC007950	Blood[0]
AC007952	Blood[0]
AC007953	Blood[0]
AC007966	Blood[0]
AC007991	Blood[0]
AC007993	Blood[0]
AC007998	Blood[0]
AC008011	Blood[0]
AC008014	Blood[0]
AC008033	Blood[0]
AC008035	Blood[0]
AC008040	Blood[0]
AC008050	Blood[0]
AC008056	Blood[0]
AC008060	Blood[0]
AC008063	Blood[0]
AC008067	Blood[0]
AC008073	Blood[0]
AC008074	Blood[0]
AC008080	Blood[0]
AC008083	Blood[0]
AC008105	Blood[0]
AC008109	Blood[0]
AC008114	Blood[0]
AC008115	Blood[0]
AC008121	Blood[0]
AC008124	Blood[0]
AC008125	Blood[0]
AC008127	Blood[0]
AC008133	Blood[0]
AC008147	Blood[0]
AC008149	Blood[0]
AC008154	Blood[0]
AC008162	Blood[0]
AC008164	Blood[0]
AC008175	Blood[0]
AC008243	Blood[0]
AC008250	Blood[0]
AC008264	Blood[0]
AC008267	Blood[0]
AC008268	Blood[0]
AC008269	Blood[0]
AC008277	Blood[0]
AC008278	Blood[0]
AC008280	Blood[0]
AC008378	Blood[0]
AC008393	Blood[0]
AC008397	Blood[0]
AC008403	Blood[0]
AC008406	Blood[0]
AC008413	Blood[0]
AC008415	Blood[0]
AC008429	Blood[0]
AC008434	Blood[0]
AC008438	Blood[0]
AC008440	Blood[0]
AC008443	Blood[0]
AC008448	Blood[0]
AC008453	Blood[0]
AC008456	Blood[0]
AC008464	Blood[0]
AC008467	Blood[0]
AC008474	Blood[0]
AC008481	Blood[0]
AC008494	Blood[0]
AC008496	Blood[0]
AC008507	Blood[0]
AC008514	Blood[0]
AC008517	Blood[0]
AC008522	Blood[0]
AC008525	Blood[0]
AC008534	Blood[0]
AC008537	Blood[0]
AC008539	Blood[0]
AC008543	Blood[0]
AC008549	Blood[0]
AC008551	Blood[0]
AC008554	Blood[0]
AC008555	Blood[0]
AC008556	Blood[0]
AC008567	Blood[0]
AC008568	Blood[0]
AC008569	Blood[0]
AC008572	Blood[0]
AC008574	Blood[0]
AC008575	Blood[0]
AC008581	Blood[0]
AC008591	Blood[0]
AC008592	Blood[0]
AC008601	Blood[0]
AC008608	Blood[0]
AC008609	Blood[0]
AC008610	Blood[0]
AC008619	Blood[0]
AC008622	Blood[0]
AC008629	Blood[0]
AC008632	Blood[0]
AC008635	Blood[0]
AC008637	Blood[0]
AC008641	Blood[0]
AC008649	Blood[0]
AC008655	Blood[0]
AC008662	Blood[0]
AC008663	Blood[0]
AC008667	Blood[0]
AC008676	Blood[0]
AC008680	Blood[0]
AC008686	Blood[0]
AC008687	Blood[0]
AC008691	Blood[0]
AC008695	Blood[0]
AC008700	Blood[0]
AC008703	Blood[0]
AC008705	Blood[0]
AC008708	Blood[0]
AC008728	Blood[0]
AC008731	Blood[0]
AC008734	Blood[0]
AC008735	Blood[0]
AC008736	Blood[0]
AC008738	Blood[0]
AC008739	Blood[0]
AC008741	Blood[0]
AC008742	Blood[0]
AC008747	Blood[0]
AC008752	Blood[0]
AC008753	Blood[0]
AC008758	Blood[0]
AC008759	Blood[0]
AC008760	Blood[0]
AC008761	Blood[0]
AC008763	Blood[0]
AC008764	Blood[0]
AC008771	Blood[0]
AC008780	Blood[0]
AC008781	Blood[0]
AC008794	Blood[0]
AC008799	Blood[0]
AC008805	Blood[0]
AC008808	Blood[0]
AC008825	Blood[0]
AC008840	Blood[0]
AC008852	Blood[0]
AC008869	Blood[0]
AC008870	Blood[0]
AC008871	Blood[0]
AC008875	Blood[0]
AC008878	Blood[0]
AC008883	Blood[0]
AC008885	Blood[0]
AC008892	Blood[0]
AC008894	Blood[0]
AC008897	Blood[0]
AC008906	Blood[0]
AC008914	Blood[0]
AC008915	Blood[0]
AC008937	Blood[0]
AC008938	Blood[0]
AC008940	Blood[0]
AC008945	Blood[0]
AC008946	Blood[0]
AC008948	Blood[0]
AC008966	Blood[0]
AC008972	Blood[0]
AC008982	Blood[0]
AC008991	Blood[0]
AC008992	Blood[0]
AC008993	Blood[0]
AC009005	Blood[0]
AC009019	Blood[0]
AC009021	Blood[0]
AC009034	Blood[0]
AC009035	Blood[0]
AC009039	Blood[0]
AC009041	Blood[0]
AC009053	Blood[0]
AC009055	Blood[0]
AC009060	Blood[0]
AC009061	Blood[0]
AC009063	Blood[0]
AC009065	Blood[0]
AC009075	Blood[0]
AC009081	Blood[0]
AC009086	Blood[0]
AC009087	Blood[0]
AC009088	Blood[0]
AC009090	Blood[0]
AC009093	Blood[0]
AC009095	Blood[0]
AC009097	Blood[0]
AC009102	Blood[0]
AC009107	Blood[0]
AC009108	Blood[0]
AC009110	Blood[0]
AC009113	Blood[0]
AC009117	Blood[0]
AC009118	Blood[0]
AC009119	Blood[0]
AC009120	Blood[0]
AC009121	Blood[0]
AC009123	Blood[0]
AC009126	Blood[0]
AC009134	Blood[0]
AC009137	Blood[0]
AC009139	Blood[0]
AC009142	Blood[0]
AC009145	Blood[0]
AC009148	Blood[0]
AC009154	Blood[0]
AC009158	Blood[0]
AC009159	Blood[0]
AC009163	Blood[0]
AC009166	Blood[0]
AC009167	Blood[0]
AC009171	Blood[0]
AC009185	Blood[0]
AC009226	Blood[0]
AC009228	Blood[0]
AC009229	Blood[0]
AC009234	Blood[0]
AC009242	Blood[0]
AC009262	Blood[0]
AC009264	Blood[0]
AC009269	Blood[0]
AC009271	Blood[0]
AC009275	Blood[0]
AC009276	Blood[0]
AC009283	Blood[0]
AC009299	Blood[0]
AC009303	Blood[0]
AC009305	Blood[0]
AC009309	Blood[0]
AC009312	Blood[0]
AC009313	Blood[0]
AC009318	Blood[0]
AC009320	Blood[0]
AC009336	Blood[0]
AC009365	Blood[0]
AC009387	Blood[0]
AC009396	Blood[0]
AC009403	Blood[0]
AC009404	Blood[0]
AC009411	Blood[0]
AC009414	Blood[0]
AC009432	Blood[0]
AC009435	Blood[0]
AC009446	Blood[0]
AC009468	Blood[0]
AC009477	Blood[0]
AC009478	Blood[0]
AC009480	Blood[0]
AC009486	Blood[0]
AC009487	Blood[0]
AC009495	Blood[0]
AC009498	Blood[0]
AC009501	Blood[0]
AC009502	Blood[0]
AC009505	Blood[0]
AC009506	Blood[0]
AC009509	Blood[0]
AC009511	Blood[0]
AC009518	Blood[0]
AC009531	Blood[0]
AC009542	Blood[0]
AC009549	Blood[0]
AC009554	Blood[0]
AC009558	Blood[0]
AC009560	Blood[0]
AC009562	Blood[0]
AC009563	Blood[0]
AC009567	Blood[0]
AC009570	Blood[0]
AC009597	Blood[0]
AC009623	Blood[0]
AC009630	Blood[0]
AC009646	Blood[0]
AC009652	Blood[0]
AC009654	Blood[0]
AC009656	Blood[0]
AC009686	Blood[0]
AC009690	Blood[0]
AC009704	Blood[0]
AC009716	Blood[0]
AC009720	Blood[0]
AC009743	Blood[0]
AC009779	Blood[0]
AC009802	Blood[0]
AC009803	Blood[0]
AC009804	Blood[0]
AC009806	Blood[0]
AC009812	Blood[0]
AC009831	Blood[0]
AC009852	Blood[0]
AC009869	Blood[0]
AC009884	Blood[0]
AC009902	Blood[0]
AC009908	Blood[0]
AC009930	Blood[0]
AC009948	Blood[0]
AC009950	Blood[0]
AC009951	Blood[0]
AC009955	Blood[0]
AC009961	Blood[0]
AC009962	Blood[0]
AC009965	Blood[0]
AC009970	Blood[0]
AC009971	Blood[0]
AC009974	Blood[0]
AC009975	Blood[0]
AC009987	Blood[0]
AC009988	Blood[0]
AC010082	Blood[0]
AC010096	Blood[0]
AC010099	Blood[0]
AC010105	Blood[0]
AC010127	Blood[0]
AC010132	Blood[0]
AC010136	Blood[0]
AC010139	Blood[0]
AC010145	Blood[0]
AC010149	Blood[0]
AC010157	Blood[0]
AC010163	Blood[0]
AC010168	Blood[0]
AC010173	Blood[0]
AC010175	Blood[0]
AC010177	Blood[0]
AC010181	Blood[0]
AC010183	Blood[0]
AC010185	Blood[0]
AC010186	Blood[0]
AC010196	Blood[0]
AC010197	Blood[0]
AC010198	Blood[0]
AC010201	Blood[0]
AC010203	Blood[0]
AC010205	Blood[0]
AC010207	Blood[0]
AC010223	Blood[0]
AC010226	Blood[0]
AC010230	Blood[0]
AC010235	Blood[0]
AC010240	Blood[0]
AC010245	Blood[0]
AC010247	Blood[0]
AC010255	Blood[0]
AC010260	Blood[0]
AC010261	Blood[0]
AC010266	Blood[0]
AC010267	Blood[0]
AC010271	Blood[0]
AC010273	Blood[0]
AC010275	Blood[0]
AC010280	Blood[0]
AC010285	Blood[0]
AC010300	Blood[0]
AC010307	Blood[0]
AC010319	Blood[0]
AC010320	Blood[0]
AC010323	Blood[0]
AC010325	Blood[0]
AC010326	Blood[0]
AC010327	Blood[0]
AC010328	Blood[0]
AC010329	Blood[0]
AC010333	Blood[0]
AC010335	Blood[0]
AC010336	Blood[0]
AC010343	Blood[0]
AC010359	Blood[0]
AC010387	Blood[0]
AC010395	Blood[0]
AC010401	Blood[0]
AC010406	Blood[0]
AC010420	Blood[0]
AC010422	Blood[0]
AC010424	Blood[0]
AC010425	Blood[0]
AC010445	Blood[0]
AC010451	Blood[0]
AC010457	Blood[0]
AC010463	Blood[0]
AC010468	Blood[0]
AC010478	Blood[0]
AC010485	Blood[0]
AC010486	Blood[0]
AC010487	Blood[0]
AC010491	Blood[0]
AC010501	Blood[0]
AC010503	Blood[0]
AC010504	Blood[0]
AC010511	Blood[0]
AC010519	Blood[0]
AC010522	Blood[0]
AC010524	Blood[0]
AC010525	Blood[0]
AC010528	Blood[0]
AC010531	Blood[0]
AC010536	Blood[0]
AC010538	Blood[0]
AC010542	Blood[0]
AC010547	Blood[0]
AC010551	Blood[0]
AC010595	Blood[0]
AC010601	Blood[0]
AC010605	Blood[0]
AC010608	Blood[0]
AC010609	Blood[0]
AC010615	Blood[0]
AC010616	Blood[0]
AC010618	Blood[0]
AC010619	Blood[0]
AC010624	Blood[0]
AC010632	Blood[0]
AC010634	Blood[0]
AC010636	Blood[0]
AC010638	Blood[0]
AC010641	Blood[0]
AC010642	Blood[0]
AC010643	Blood[0]
AC010646	Blood[0]
AC010649	Blood[0]
AC010654	Blood[0]
AC010680	Blood[0]
AC010719	Blood[0]
AC010722	Blood[0]
AC010723	Blood[0]
AC010729	Blood[0]
AC010731	Blood[0]
AC010735	Blood[0]
AC010737	Blood[0]
AC010745	Blood[0]
AC010746	Blood[0]
AC010754	Blood[0]
AC010760	Blood[0]
AC010761	Blood[0]
AC010768	Blood[0]
AC010776	Blood[0]
AC010809	Blood[0]
AC010834	Blood[0]
AC010857	Blood[0]
AC010864	Blood[0]
AC010880	Blood[0]
AC010883	Blood[0]
AC010884	Blood[0]
AC010889	Blood[0]
AC010890	Blood[0]
AC010891	Blood[0]
AC010894	Blood[0]
AC010907	Blood[0]
AC010931	Blood[0]
AC010967	Blood[0]
AC010969	Blood[0]
AC010973	Blood[0]
AC010974	Blood[0]
AC010975	Blood[0]
AC010976	Blood[0]
AC010978	Blood[0]
AC010980	Blood[0]
AC010982	Blood[0]
AC010983	Blood[0]
AC010997	Blood[0]
AC010998	Blood[0]
AC011005	Blood[0]
AC011008	Blood[0]
AC011043	Blood[0]
AC011092	Blood[0]
AC011120	Blood[0]
AC011124	Blood[0]
AC011131	Blood[0]
AC011139	Blood[0]
AC011193	Blood[0]
AC011195	Blood[0]
AC011196	Blood[0]
AC011228	Blood[0]
AC011239	Blood[0]
AC011243	Blood[0]
AC011247	Blood[0]
AC011257	Blood[0]
AC011284	Blood[0]
AC011287	Blood[0]
AC011290	Blood[0]
AC011294	Blood[0]
AC011298	Blood[0]
AC011306	Blood[0]
AC011313	Blood[0]
AC011330	Blood[0]
AC011337	Blood[0]
AC011352	Blood[0]
AC011362	Blood[0]
AC011363	Blood[0]
AC011365	Blood[0]
AC011369	Blood[0]
AC011373	Blood[0]
AC011374	Blood[0]
AC011377	Blood[0]
AC011383	Blood[0]
AC011389	Blood[0]
AC011396	Blood[0]
AC011405	Blood[0]
AC011410	Blood[0]
AC011416	Blood[0]
AC011442	Blood[0]
AC011443	Blood[0]
AC011444	Blood[0]
AC011445	Blood[0]
AC011446	Blood[0]
AC011447	Blood[0]
AC011448	Blood[0]
AC011450	Blood[0]
AC011451	Blood[0]
AC011452	Blood[0]
AC011453	Blood[0]
AC011455	Blood[0]
AC011456	Blood[0]
AC011462	Blood[0]
AC011465	Blood[0]
AC011466	Blood[0]
AC011468	Blood[0]
AC011471	Blood[0]
AC011473	Blood[0]
AC011474	Blood[0]
AC011476	Blood[0]
AC011477	Blood[0]
AC011478	Blood[0]
AC011479	Blood[0]
AC011481	Blood[0]
AC011483	Blood[0]
AC011484	Blood[0]
AC011491	Blood[0]
AC011495	Blood[0]
AC011498	Blood[0]
AC011499	Blood[0]
AC011500	Blood[0]
AC011503	Blood[0]
AC011507	Blood[0]
AC011509	Blood[0]
AC011510	Blood[0]
AC011516	Blood[0]
AC011518	Blood[0]
AC011523	Blood[0]
AC011524	Blood[0]
AC011525	Blood[0]
AC011530	Blood[0]
AC011586	Blood[0]
AC011591	Blood[0]
AC011595	Blood[0]
AC011601	Blood[0]
AC011603	Blood[0]
AC011604	Blood[0]
AC011611	Blood[0]
AC011625	Blood[0]
AC011632	Blood[0]
AC011676	Blood[0]
AC011700	Blood[0]
AC011718	Blood[0]
AC011731	Blood[0]
AC011747	Blood[0]
AC011752	Blood[0]
AC011773	Blood[0]
AC011815	Blood[0]
AC011816	Blood[0]
AC011824	Blood[0]
AC011825	Blood[0]
AC011840	Blood[0]
AC011841	Blood[0]
AC011853	Blood[0]
AC011893	Blood[0]
AC011897	Blood[0]
AC011899	Blood[0]
AC011900	Blood[0]
AC011921	Blood[0]
AC011933	Blood[0]
AC011939	Blood[0]
AC011944	Blood[0]
AC011978	Blood[0]
AC011990	Blood[0]
AC011995	Blood[0]
AC011997	Blood[0]
AC012038	Blood[0]
AC012050	Blood[0]
AC012055	Blood[0]
AC012065	Blood[0]
AC012070	Blood[0]
AC012073	Blood[0]
AC012074	Blood[0]
AC012081	Blood[0]
AC012085	Blood[0]
AC012087	Blood[0]
AC012100	Blood[0]
AC012103	Blood[0]
AC012123	Blood[0]
AC012146	Blood[0]
AC012150	Blood[0]
AC012157	Blood[0]
AC012170	Blood[0]
AC012173	Blood[0]
AC012174	Blood[0]
AC012184	Blood[0]
AC012229	Blood[0]
AC012236	Blood[0]
AC012254	Blood[0]
AC012301	Blood[0]
AC012306	Blood[0]
AC012307	Blood[0]
AC012309	Blood[0]
AC012312	Blood[0]
AC012313	Blood[0]
AC012317	Blood[0]
AC012322	Blood[0]
AC012339	Blood[0]
AC012349	Blood[0]
AC012354	Blood[0]
AC012355	Blood[0]
AC012358	Blood[0]
AC012361	Blood[0]
AC012363	Blood[0]
AC012366	Blood[0]
AC012368	Blood[0]
AC012370	Blood[0]
AC012377	Blood[0]
AC012378	Blood[0]
AC012379	Blood[0]
AC012404	Blood[0]
AC012409	Blood[0]
AC012413	Blood[0]
AC012414	Blood[0]
AC012417	Blood[0]
AC012435	Blood[0]
AC012442	Blood[0]
AC012445	Blood[0]
AC012447	Blood[0]
AC012451	Blood[0]
AC012456	Blood[0]
AC012462	Blood[0]
AC012464	Blood[0]
AC012467	Blood[0]
AC012476	Blood[0]
AC012485	Blood[0]
AC012494	Blood[0]
AC012499	Blood[0]
AC012506	Blood[0]
AC012507	Blood[0]
AC012508	Blood[0]
AC012510	Blood[0]
AC012511	Blood[0]
AC012513	Blood[0]
AC012531	Blood[0]
AC012555	Blood[0]
AC012557	Blood[0]
AC012558	Blood[0]
AC012560	Blood[0]
AC012564	Blood[0]
AC012572	Blood[0]
AC012574	Blood[0]
AC012588	Blood[0]
AC012593	Blood[0]
AC012594	Blood[0]
AC012603	Blood[0]
AC012613	Blood[0]
AC012615	Blood[0]
AC012617	Blood[0]
AC012625	Blood[0]
AC012629	Blood[0]
AC012636	Blood[0]
AC012640	Blood[0]
AC012645	Blood[0]
AC012651	Blood[0]
AC012668	Blood[0]
AC013248	Blood[0]
AC013264	Blood[0]
AC013269	Blood[0]
AC013270	Blood[0]
AC013271	Blood[0]
AC013275	Blood[0]
AC013286	Blood[0]
AC013356	Blood[0]
AC013391	Blood[0]
AC013394	Blood[0]
AC013400	Blood[0]
AC013401	Blood[0]
AC013402	Blood[0]
AC013403	Blood[0]
AC013417	Blood[0]
AC013436	Blood[0]
AC013437	Blood[0]
AC013448	Blood[0]
AC013451	Blood[0]
AC013452	Blood[0]
AC013457	Blood[0]
AC013468	Blood[0]
AC013470	Blood[0]
AC013472	Blood[0]
AC013476	Blood[0]
AC013480	Blood[0]
AC013546	Blood[0]
AC013549	Blood[0]
AC013553	Blood[0]
AC013565	Blood[0]
AC013640	Blood[0]
AC013643	Blood[0]
AC013644	Blood[0]
AC013652	Blood[0]
AC013714	Blood[0]
AC013724	Blood[0]
AC013726	Blood[0]
AC013727	Blood[0]
AC013731	Blood[0]
AC013733	Blood[0]
AC013762	Blood[0]
AC013799	Blood[0]
AC015468	Blood[0]
AC015522	Blood[0]
AC015563	Blood[0]
AC015574	Blood[0]
AC015674	Blood[0]
AC015688	Blood[0]
AC015689	Blood[0]
AC015712	Blood[0]
AC015722	Blood[0]
AC015726	Blood[0]
AC015727	Blood[0]
AC015771	Blood[0]
AC015795	Blood[0]
AC015802	Blood[0]
AC015813	Blood[0]
AC015818	Blood[0]
AC015819	Blood[0]
AC015845	Blood[0]
AC015849	Blood[0]
AC015853	Blood[0]
AC015878	Blood[0]
AC015908	Blood[0]
AC015909	Blood[0]
AC015911	Blood[0]
AC015912	Blood[0]
AC015914	Blood[0]
AC015917	Blood[0]
AC015921	Blood[0]
AC015922	Blood[0]
AC015923	Blood[0]
AC015936	Blood[0]
AC015961	Blood[0]
AC015967	Blood[0]
AC015969	Blood[0]
AC015971	Blood[0]
AC015977	Blood[0]
AC015982	Blood[0]
AC015983	Blood[0]
AC015987	Blood[0]
AC016027	Blood[0]
AC016044	Blood[0]
AC016065	Blood[0]
AC016074	Blood[0]
AC016134	Blood[0]
AC016152	Blood[0]
AC016168	Blood[0]
AC016205	Blood[0]
AC016229	Blood[0]
AC016245	Blood[0]
AC016252	Blood[0]
AC016257	Blood[0]
AC016266	Blood[0]
AC016292	Blood[0]
AC016355	Blood[0]
AC016382	Blood[0]
AC016383	Blood[0]
AC016394	Blood[0]
AC016395	Blood[0]
AC016396	Blood[0]
AC016405	Blood[0]
AC016493	Blood[0]
AC016526	Blood[0]
AC016550	Blood[0]
AC016553	Blood[0]
AC016556	Blood[0]
AC016573	Blood[0]
AC016575	Blood[0]
AC016576	Blood[0]
AC016588	Blood[0]
AC016590	Blood[0]
AC016595	Blood[0]
AC016596	Blood[0]
AC016597	Blood[0]
AC016598	Blood[0]
AC016629	Blood[0]
AC016642	Blood[0]
AC016644	Blood[0]
AC016650	Blood[0]
AC016651	Blood[0]
AC016683	Blood[0]
AC016687	Blood[0]
AC016700	Blood[0]
AC016705	Blood[0]
AC016708	Blood[0]
AC016710	Blood[0]
AC016716	Blood[0]
AC016717	Blood[0]
AC016722	Blood[0]
AC016723	Blood[0]
AC016727	Blood[0]
AC016730	Blood[0]
AC016737	Blood[0]
AC016738	Blood[0]
AC016746	Blood[0]
AC016751	Blood[0]
AC016766	Blood[0]
AC016773	Blood[0]
AC016813	Blood[0]
AC016820	Blood[0]
AC016825	Blood[0]
AC016866	Blood[0]
AC016868	Blood[0]
AC016877	Blood[0]
AC016885	Blood[0]
AC016888	Blood[0]
AC016903	Blood[0]
AC016907	Blood[0]
AC016909	Blood[0]
AC016910	Blood[0]
AC016924	Blood[0]
AC016933	Blood[0]
AC016957	Blood[0]
AC016968	Blood[0]
AC016987	Blood[0]
AC016993	Blood[0]
AC016994	Blood[0]
AC016999	Blood[0]
AC017000	Blood[0]
AC017002	Blood[0]
AC017006	Blood[0]
AC017007	Blood[0]
AC017015	Blood[0]
AC017033	Blood[0]
AC017048	Blood[0]
AC017053	Blood[0]
AC017067	Blood[0]
AC017071	Blood[0]
AC017076	Blood[0]
AC017083	Blood[0]
AC017091	Blood[0]
AC017100	Blood[0]
AC017101	Blood[0]
AC017104	Blood[0]
AC018358	Blood[0]
AC018359	Blood[0]
AC018362	Blood[0]
AC018371	Blood[0]
AC018410	Blood[0]
AC018413	Blood[0]
AC018437	Blood[0]
AC018442	Blood[0]
AC018450	Blood[0]
AC018462	Blood[0]
AC018464	Blood[0]
AC018467	Blood[0]
AC018495	Blood[0]
AC018511	Blood[0]
AC018512	Blood[0]
AC018521	Blood[0]
AC018523	Blood[0]
AC018529	Blood[0]
AC018541	Blood[0]
AC018552	Blood[0]
AC018553	Blood[0]
AC018554	Blood[0]
AC018557	Blood[0]
AC018558	Blood[0]
AC018616	Blood[0]
AC018618	Blood[0]
AC018630	Blood[0]
AC018635	Blood[0]
AC018637	Blood[0]
AC018638	Blood[0]
AC018643	Blood[0]
AC018645	Blood[0]
AC018647	Blood[0]
AC018648	Blood[0]
AC018653	Blood[0]
AC018680	Blood[0]
AC018682	Blood[0]
AC018685	Blood[0]
AC018690	Blood[0]
AC018692	Blood[0]
AC018693	Blood[0]
AC018695	Blood[0]
AC018697	Blood[0]
AC018709	Blood[0]
AC018716	Blood[0]
AC018730	Blood[0]
AC018731	Blood[0]
AC018742	Blood[0]
AC018752	Blood[0]
AC018754	Blood[0]
AC018755	Blood[0]
AC018761	Blood[0]
AC018766	Blood[0]
AC018767	Blood[0]
AC018781	Blood[0]
AC018797	Blood[0]
AC018809	Blood[0]
AC018814	Blood[0]
AC018816	Blood[0]
AC018832	Blood[0]
AC018845	Blood[0]
AC018861	Blood[0]
AC018865	Blood[0]
AC018866	Blood[0]
AC018878	Blood[0]
AC018904	Blood[0]
AC018943	Blood[0]
AC018946	Blood[0]
AC018953	Blood[0]
AC018980	Blood[0]
AC019055	Blood[0]
AC019064	Blood[0]
AC019068	Blood[0]
AC019069	Blood[0]
AC019077	Blood[0]
AC019080	Blood[0]
AC019103	Blood[0]
AC019117	Blood[0]
AC019118	Blood[0]
AC019129	Blood[0]
AC019130	Blood[0]
AC019131	Blood[0]
AC019133	Blood[0]
AC019155	Blood[0]
AC019163	Blood[0]
AC019171	Blood[0]
AC019183	Blood[0]
AC019186	Blood[0]
AC019193	Blood[0]
AC019197	Blood[0]
AC019205	Blood[0]
AC019209	Blood[0]
AC019211	Blood[0]
AC019254	Blood[0]
AC019257	Blood[0]
AC019270	Blood[0]
AC019294	Blood[0]
AC019330	Blood[0]
AC019349	Blood[0]
AC020551	Blood[0]
AC020558	Blood[0]
AC020559	Blood[0]
AC020571	Blood[0]
AC020594	Blood[0]
AC020595	Blood[0]
AC020611	Blood[0]
AC020612	Blood[0]
AC020634	Blood[0]
AC020636	Blood[0]
AC020637	Blood[0]
AC020651	Blood[0]
AC020656	Blood[0]
AC020658	Blood[0]
AC020659	Blood[0]
AC020661	Blood[0]
AC020663	Blood[0]
AC020687	Blood[0]
AC020703	Blood[0]
AC020704	Blood[0]
AC020718	Blood[0]
AC020719	Blood[0]
AC020741	Blood[0]
AC020743	Blood[0]
AC020763	Blood[0]
AC020765	Blood[0]
AC020779	Blood[0]
AC020891	Blood[0]
AC020892	Blood[0]
AC020897	Blood[0]
AC020900	Blood[0]
AC020905	Blood[0]
AC020907	Blood[0]
AC020908	Blood[0]
AC020909	Blood[0]
AC020910	Blood[0]
AC020911	Blood[0]
AC020912	Blood[0]
AC020913	Blood[0]
AC020914	Blood[0]
AC020915	Blood[0]
AC020916	Blood[0]
AC020917	Blood[0]
AC020922	Blood[0]
AC020928	Blood[0]
AC020931	Blood[0]
AC020934	Blood[0]
AC020978	Blood[0]
AC020980	Blood[0]
AC021006	Blood[0]
AC021016	Blood[0]
AC021028	Blood[0]
AC021035	Blood[0]
AC021054	Blood[0]
AC021066	Blood[0]
AC021072	Blood[0]
AC021074	Blood[0]
AC021086	Blood[0]
AC021087	Blood[0]
AC021088	Blood[0]
AC021092	Blood[0]
AC021097	Blood[0]
AC021127	Blood[0]
AC021146	Blood[0]
AC021151	Blood[0]
AC021180	Blood[0]
AC021188	Blood[0]
AC021192	Blood[0]
AC021205	Blood[0]
AC021218	Blood[0]
AC021224	Blood[0]
AC021231	Blood[0]
AC021237	Blood[0]
AC021242	Blood[0]
AC021351	Blood[0]
AC021355	Blood[0]
AC021382	Blood[0]
AC021393	Blood[0]
AC021422	Blood[0]
AC021439	Blood[0]
AC021483	Blood[0]
AC021491	Blood[0]
AC021504	Blood[0]
AC021506	Blood[0]
AC021534	Blood[0]
AC021546	Blood[0]
AC021549	Blood[0]
AC021594	Blood[0]
AC021660	Blood[0]
AC021678	Blood[0]
AC021683	Blood[0]
AC021698	Blood[0]
AC021713	Blood[0]
AC021733	Blood[0]
AC021736	Blood[0]
AC021739	Blood[0]
AC021744	Blood[0]
AC021752	Blood[0]
AC021755	Blood[0]
AC021785	Blood[0]
AC021818	Blood[0]
AC021851	Blood[0]
AC021860	Blood[0]
AC021915	Blood[0]
AC021979	Blood[0]
AC022001	Blood[0]
AC022007	Blood[0]
AC022017	Blood[0]
AC022021	Blood[0]
AC022028	Blood[0]
AC022031	Blood[0]
AC022034	Blood[0]
AC022035	Blood[0]
AC022039	Blood[0]
AC022075	Blood[0]
AC022079	Blood[0]
AC022081	Blood[0]
AC022087	Blood[0]
AC022092	Blood[0]
AC022098	Blood[0]
AC022101	Blood[0]
AC022113	Blood[0]
AC022118	Blood[0]
AC022126	Blood[0]
AC022140	Blood[0]
AC022144	Blood[0]
AC022145	Blood[0]
AC022146	Blood[0]
AC022148	Blood[0]
AC022150	Blood[0]
AC022154	Blood[0]
AC022164	Blood[0]
AC022165	Blood[0]
AC022166	Blood[0]
AC022167	Blood[0]
AC022173	Blood[0]
AC022182	Blood[0]
AC022188	Blood[0]
AC022196	Blood[0]
AC022201	Blood[0]
AC022217	Blood[0]
AC022239	Blood[0]
AC022240	Blood[0]
AC022272	Blood[0]
AC022274	Blood[0]
AC022294	Blood[0]
AC022296	Blood[0]
AC022306	Blood[0]
AC022335	Blood[0]
AC022364	Blood[0]
AC022382	Blood[0]
AC022384	Blood[0]
AC022387	Blood[0]
AC022390	Blood[0]
AC022392	Blood[0]
AC022395	Blood[0]
AC022398	Blood[0]
AC022400	Blood[0]
AC022414	Blood[0]
AC022424	Blood[0]
AC022441	Blood[0]
AC022445	Blood[0]
AC022447	Blood[0]
AC022469	Blood[0]
AC022486	Blood[0]
AC022498	Blood[0]
AC022506	Blood[0]
AC022509	Blood[0]
AC022511	Blood[0]
AC022517	Blood[0]
AC022523	Blood[0]
AC022535	Blood[0]
AC022537	Blood[0]
AC022540	Blood[0]
AC022558	Blood[0]
AC022568	Blood[0]
AC022596	Blood[0]
AC022601	Blood[0]
AC022613	Blood[0]
AC022634	Blood[0]
AC022639	Blood[0]
AC022655	Blood[0]
AC022679	Blood[0]
AC022690	Blood[0]
AC022695	Blood[0]
AC022706	Blood[0]
AC022710	Blood[0]
AC022726	Blood[0]
AC022730	Blood[0]
AC022733	Blood[0]
AC022762	Blood[0]
AC022778	Blood[0]
AC022784	Blood[0]
AC022796	Blood[0]
AC022809	Blood[0]
AC022816	Blood[0]
AC022826	Blood[0]
AC022858	Blood[0]
AC022872	Blood[0]
AC022874	Blood[0]
AC022884	Blood[0]
AC022893	Blood[0]
AC022898	Blood[0]
AC022903	Blood[0]
AC022916	Blood[0]
AC022929	Blood[0]
AC022960	Blood[0]
AC022966	Blood[0]
AC022973	Blood[0]
AC023024	Blood[0]
AC023034	Blood[0]
AC023043	Blood[0]
AC023051	Blood[0]
AC023055	Blood[0]
AC023078	Blood[0]
AC023090	Blood[0]
AC023115	Blood[0]
AC023128	Blood[0]
AC023136	Blood[0]
AC023137	Blood[0]
AC023154	Blood[0]
AC023157	Blood[0]
AC023161	Blood[0]
AC023194	Blood[0]
AC023200	Blood[0]
AC023202	Blood[0]
AC023300	Blood[0]
AC023302	Blood[0]
AC023310	Blood[0]
AC023347	Blood[0]
AC023355	Blood[0]
AC023389	Blood[0]
AC023394	Blood[0]
AC023403	Blood[0]
AC023421	Blood[0]
AC023442	Blood[0]
AC023469	Blood[0]
AC023481	Blood[0]
AC023490	Blood[0]
AC023491	Blood[0]
AC023510	Blood[0]
AC023511	Blood[0]
AC023590	Blood[0]
AC023632	Blood[0]
AC023644	Blood[0]
AC023669	Blood[0]
AC023762	Blood[0]
AC023790	Blood[0]
AC023794	Blood[0]
AC023796	Blood[0]
AC023813	Blood[0]
AC023824	Blood[0]
AC023825	Blood[0]
AC023830	Blood[0]
AC023855	Blood[0]
AC023866	Blood[0]
AC023886	Blood[0]
AC023905	Blood[0]
AC023906	Blood[0]
AC023908	Blood[0]
AC023932	Blood[0]
AC023946	Blood[0]
AC023983	Blood[0]
AC024022	Blood[0]
AC024028	Blood[0]
AC024060	Blood[0]
AC024075	Blood[0]
AC024084	Blood[0]
AC024132	Blood[0]
AC024145	Blood[0]
AC024224	Blood[0]
AC024230	Blood[0]
AC024243	Blood[0]
AC024257	Blood[0]
AC024267	Blood[0]
AC024270	Blood[0]
AC024337	Blood[0]
AC024361	Blood[0]
AC024382	Blood[0]
AC024475	Blood[0]
AC024559	Blood[0]
AC024560	Blood[0]
AC024563	Blood[0]
AC024575	Blood[0]
AC024579	Blood[0]
AC024581	Blood[0]
AC024587	Blood[0]
AC024592	Blood[0]
AC024597	Blood[0]
AC024600	Blood[0]
AC024601	Blood[0]
AC024603	Blood[0]
AC024610	Blood[0]
AC024614	Blood[0]
AC024619	Blood[0]
AC024651	Blood[0]
AC024681	Blood[0]
AC024884	Blood[0]
AC024896	Blood[0]
AC024901	Blood[0]
AC024908	Blood[0]
AC024909	Blood[0]
AC024933	Blood[0]
AC024940	Blood[0]
AC024941	Blood[0]
AC024958	Blood[0]
AC025030	Blood[0]
AC025031	Blood[0]
AC025034	Blood[0]
AC025035	Blood[0]
AC025038	Blood[0]
AC025040	Blood[0]
AC025043	Blood[0]
AC025159	Blood[0]
AC025162	Blood[0]
AC025164	Blood[0]
AC025165	Blood[0]
AC025166	Blood[0]
AC025171	Blood[0]
AC025174	Blood[0]
AC025175	Blood[0]
AC025176	Blood[0]
AC025178	Blood[0]
AC025180	Blood[0]
AC025181	Blood[0]
AC025183	Blood[0]
AC025187	Blood[0]
AC025188	Blood[0]
AC025211	Blood[0]
AC025219	Blood[0]
AC025244	Blood[0]
AC025252	Blood[0]
AC025253	Blood[0]
AC025254	Blood[0]
AC025257	Blood[0]
AC025259	Blood[0]
AC025262	Blood[0]
AC025263	Blood[0]
AC025265	Blood[0]
AC025271	Blood[0]
AC025272	Blood[0]
AC025277	Blood[0]
AC025278	Blood[0]
AC025283	Blood[0]
AC025284	Blood[0]
AC025287	Blood[0]
AC025366	Blood[0]
AC025370	Blood[0]
AC025419	Blood[0]
AC025423	Blood[0]
AC025428	Blood[0]
AC025430	Blood[0]
AC025431	Blood[0]
AC025434	Blood[0]
AC025437	Blood[0]
AC025442	Blood[0]
AC025465	Blood[0]
AC025470	Blood[0]
AC025475	Blood[0]
AC025521	Blood[0]
AC025524	Blood[0]
AC025539	Blood[0]
AC025566	Blood[0]
AC025569	Blood[0]
AC025572	Blood[0]
AC025575	Blood[0]
AC025576	Blood[0]
AC025580	Blood[0]
AC025627	Blood[0]
AC025674	Blood[0]
AC025682	Blood[0]
AC025741	Blood[0]
AC025752	Blood[0]
AC025754	Blood[0]
AC025773	Blood[0]
AC025809	Blood[0]
AC025810	Blood[0]
AC025811	Blood[0]
AC025822	Blood[0]
AC025871	Blood[0]
AC025887	Blood[0]
AC025917	Blood[0]
AC025918	Blood[0]
AC025946	Blood[0]
AC025947	Blood[0]
AC026116	Blood[0]
AC026150	Blood[0]
AC026167	Blood[0]
AC026191	Blood[0]
AC026202	Blood[0]
AC026250	Blood[0]
AC026254	Blood[0]
AC026304	Blood[0]
AC026310	Blood[0]
AC026316	Blood[0]
AC026320	Blood[0]
AC026333	Blood[0]
AC026336	Blood[0]
AC026347	Blood[0]
AC026353	Blood[0]
AC026355	Blood[0]
AC026358	Blood[0]
AC026367	Blood[0]
AC026391	Blood[0]
AC026398	Blood[0]
AC026401	Blood[0]
AC026414	Blood[0]
AC026415	Blood[0]
AC026427	Blood[0]
AC026434	Blood[0]
AC026458	Blood[0]
AC026461	Blood[0]
AC026464	Blood[0]
AC026469	Blood[0]
AC026470	Blood[0]
AC026471	Blood[0]
AC026495	Blood[0]
AC026523	Blood[0]
AC026583	Blood[0]
AC026585	Blood[0]
AC026620	Blood[0]
AC026688	Blood[0]
AC026691	Blood[0]
AC026704	Blood[0]
AC026719	Blood[0]
AC026725	Blood[0]
AC026726	Blood[0]
AC026740	Blood[0]
AC026741	Blood[0]
AC026746	Blood[0]
AC026765	Blood[0]
AC026771	Blood[0]
AC026774	Blood[0]
AC026780	Blood[0]
AC026782	Blood[0]
AC026785	Blood[0]
AC026786	Blood[0]
AC026790	Blood[0]
AC026801	Blood[0]
AC026803	Blood[0]
AC026888	Blood[0]
AC026894	Blood[0]
AC026950	Blood[0]
AC026954	Blood[0]
AC026979	Blood[0]
AC026992	Blood[0]
AC027013	Blood[0]
AC027018	Blood[0]
AC027020	Blood[0]
AC027031	Blood[0]
AC027045	Blood[0]
AC027088	Blood[0]
AC027097	Blood[0]
AC027117	Blood[0]
AC027130	Blood[0]
AC027228	Blood[0]
AC027237	Blood[0]
AC027243	Blood[0]
AC027271	Blood[0]
AC027277	Blood[0]
AC027281	Blood[0]
AC027287	Blood[0]
AC027288	Blood[0]
AC027290	Blood[0]
AC027306	Blood[0]
AC027307	Blood[0]
AC027309	Blood[0]
AC027312	Blood[0]
AC027315	Blood[0]
AC027319	Blood[0]
AC027328	Blood[0]
AC027338	Blood[0]
AC027343	Blood[0]
AC027449	Blood[0]
AC027451	Blood[0]
AC027458	Blood[0]
AC027514	Blood[0]
AC027541	Blood[0]
AC027575	Blood[0]
AC027601	Blood[0]
AC027607	Blood[0]
AC027627	Blood[0]
AC027644	Blood[0]
AC027682	Blood[0]
AC027688	Blood[0]
AC027698	Blood[0]
AC027701	Blood[0]
AC027702	Blood[0]
AC027763	Blood[0]
AC027779	Blood[0]
AC027796	Blood[0]
AC027801	Blood[0]
AC027804	Blood[0]
AC027808	Blood[0]
AC032011	Blood[0]
AC032019	Blood[0]
AC032044	Blood[0]
AC034102	Blood[0]
AC034111	Blood[0]
AC034114	Blood[0]
AC034187	Blood[0]
AC034195	Blood[0]
AC034198	Blood[0]
AC034199	Blood[0]
AC034206	Blood[0]
AC034213	Blood[0]
AC034223	Blood[0]
AC034226	Blood[0]
AC034228	Blood[0]
AC034229	Blood[0]
AC034231	Blood[0]
AC034232	Blood[0]
AC034234	Blood[0]
AC034236	Blood[0]
AC034238	Blood[0]
AC034243	Blood[0]
AC034245	Blood[0]
AC035140	Blood[0]
AC036101	Blood[0]
AC036103	Blood[0]
AC036176	Blood[0]
AC036214	Blood[0]
AC036222	Blood[0]
AC037198	Blood[0]
AC037441	Blood[0]
AC037450	Blood[0]
AC037459	Blood[0]
AC037486	Blood[0]
AC037487	Blood[0]
AC039056	Blood[0]
AC040162	Blood[0]
AC040169	Blood[0]
AC040170	Blood[0]
AC040173	Blood[0]
AC040914	Blood[0]
AC040918	Blood[0]
AC040934	Blood[0]
AC040936	Blood[0]
AC040963	Blood[0]
AC040970	Blood[0]
AC040977	Blood[0]
AC044781	Blood[0]
AC044784	Blood[0]
AC044798	Blood[0]
AC044802	Blood[0]
AC044810	Blood[0]
AC044839	Blood[0]
AC044840	Blood[0]
AC044849	Blood[0]
AC044873	Blood[0]
AC046130	Blood[0]
AC046136	Blood[0]
AC046143	Blood[0]
AC046158	Blood[0]
AC046168	Blood[0]
AC046185	Blood[0]
AC046195	Blood[0]
AC048337	Blood[0]
AC048338	Blood[0]
AC048341	Blood[0]
AC048344	Blood[0]
AC048380	Blood[0]
AC048383	Blood[0]
AC048387	Blood[0]
AC053503	Blood[0]
AC053513	Blood[0]
AC053527	Blood[0]
AC055713	Blood[0]
AC055716	Blood[0]
AC055717	Blood[0]
AC055720	Blood[0]
AC055733	Blood[0]
AC055736	Blood[0]
AC055758	Blood[0]
AC055764	Blood[0]
AC055811	Blood[0]
AC055822	Blood[0]
AC055855	Blood[0]
AC055874	Blood[0]
AC055876	Blood[0]
AC055878	Blood[0]
AC058791	Blood[0]
AC058822	Blood[0]
AC060234	Blood[0]
AC060765	Blood[0]
AC060766	Blood[0]
AC060780	Blood[0]
AC060809	Blood[0]
AC060814	Blood[0]
AC060834	Blood[0]
AC061709	Blood[0]
AC061961	Blood[0]
AC061975	Blood[0]
AC061979	Blood[0]
AC061992	Blood[0]
AC062004	Blood[0]
AC062015	Blood[0]
AC062017	Blood[0]
AC062020	Blood[0]
AC062021	Blood[0]
AC062028	Blood[0]
AC062029	Blood[0]
AC062031	Blood[0]
AC062032	Blood[0]
AC062037	Blood[0]
AC062039	Blood[0]
AC063919	Blood[0]
AC063923	Blood[0]
AC063926	Blood[0]
AC063943	Blood[0]
AC063944	Blood[0]
AC063947	Blood[0]
AC063948	Blood[0]
AC063949	Blood[0]
AC063952	Blood[0]
AC063962	Blood[0]
AC063976	Blood[0]
AC063977	Blood[0]
AC063979	Blood[0]
AC063980	Blood[0]
AC064801	Blood[0]
AC064802	Blood[0]
AC064805	Blood[0]
AC064807	Blood[0]
AC064834	Blood[0]
AC064836	Blood[0]
AC064853	Blood[0]
AC064871	Blood[0]
AC064874	Blood[0]
AC066595	Blood[0]
AC066612	Blood[0]
AC066613	Blood[0]
AC067735	Blood[0]
AC067747	Blood[0]
AC067750	Blood[0]
AC067773	Blood[0]
AC067817	Blood[0]
AC067838	Blood[0]
AC067852	Blood[0]
AC067863	Blood[0]
AC067930	Blood[0]
AC067945	Blood[0]
AC067956	Blood[0]
AC067960	Blood[0]
AC067968	Blood[0]
AC067969	Blood[0]
AC068014	Blood[0]
AC068020	Blood[0]
AC068025	Blood[0]
AC068051	Blood[0]
AC068057	Blood[0]
AC068075	Blood[0]
AC068112	Blood[0]
AC068134	Blood[0]
AC068135	Blood[0]
AC068189	Blood[0]
AC068196	Blood[0]
AC068205	Blood[0]
AC068234	Blood[0]
AC068254	Blood[0]
AC068282	Blood[0]
AC068286	Blood[0]
AC068295	Blood[0]
AC068305	Blood[0]
AC068313	Blood[0]
AC068338	Blood[0]
AC068385	Blood[0]
AC068389	Blood[0]
AC068397	Blood[0]
AC068408	Blood[0]
AC068413	Blood[0]
AC068418	Blood[0]
AC068446	Blood[0]
AC068473	Blood[0]
AC068481	Blood[0]
AC068483	Blood[0]
AC068489	Blood[0]
AC068490	Blood[0]
AC068491	Blood[0]
AC068492	Blood[0]
AC068506	Blood[0]
AC068512	Blood[0]
AC068533	Blood[0]
AC068535	Blood[0]
AC068544	Blood[0]
AC068547	Blood[0]
AC068580	Blood[0]
AC068594	Blood[0]
AC068599	Blood[0]
AC068620	Blood[0]
AC068631	Blood[0]
AC068633	Blood[0]
AC068643	Blood[0]
AC068658	Blood[0]
AC068672	Blood[0]
AC068675	Blood[0]
AC068707	Blood[0]
AC068721	Blood[0]
AC068722	Blood[0]
AC068724	Blood[0]
AC068733	Blood[0]
AC068756	Blood[0]
AC068759	Blood[0]
AC068768	Blood[0]
AC068775	Blood[0]
AC068789	Blood[0]
AC068790	Blood[0]
AC068831	Blood[0]
AC068858	Blood[0]
AC068870	Blood[0]
AC068875	Blood[0]
AC068880	Blood[0]
AC068888	Blood[0]
AC068896	Blood[0]
AC068898	Blood[0]
AC068944	Blood[0]
AC068946	Blood[0]
AC068985	Blood[0]
AC068987	Blood[0]
AC068992	Blood[0]
AC068993	Blood[0]
AC069023	Blood[0]
AC069029	Blood[0]
AC069061	Blood[0]
AC069113	Blood[0]
AC069114	Blood[0]
AC069120	Blood[0]
AC069133	Blood[0]
AC069148	Blood[0]
AC069155	Blood[0]
AC069185	Blood[0]
AC069200	Blood[0]
AC069209	Blood[0]
AC069213	Blood[0]
AC069222	Blood[0]
AC069224	Blood[0]
AC069228	Blood[0]
AC069234	Blood[0]
AC069235	Blood[0]
AC069257	Blood[0]
AC069272	Blood[0]
AC069277	Blood[0]
AC069280	Blood[0]
AC069281	Blood[0]
AC069285	Blood[0]
AC069287	Blood[0]
AC069294	Blood[0]
AC069307	Blood[0]
AC069360	Blood[0]
AC069368	Blood[0]
AC069431	Blood[0]
AC069437	Blood[0]
AC069439	Blood[0]
AC069444	Blood[0]
AC069503	Blood[0]
AC069540	Blood[0]
AC069542	Blood[0]
AC069544	Blood[0]
AC069549	Blood[0]
AC072022	Blood[0]
AC072039	Blood[0]
AC072061	Blood[0]
AC072062	Blood[0]
AC073023	Blood[0]
AC073046	Blood[0]
AC073050	Blood[0]
AC073052	Blood[0]
AC073062	Blood[0]
AC073071	Blood[0]
AC073072	Blood[0]
AC073073	Blood[0]
AC073082	Blood[0]
AC073094	Blood[0]
AC073111	Blood[0]
AC073115	Blood[0]
AC073127	Blood[0]
AC073130	Blood[0]
AC073133	Blood[0]
AC073167	Blood[0]
AC073172	Blood[0]
AC073174	Blood[0]
AC073176	Blood[0]
AC073188	Blood[0]
AC073195	Blood[0]
AC073218	Blood[0]
AC073254	Blood[0]
AC073257	Blood[0]
AC073263	Blood[0]
AC073283	Blood[0]
AC073288	Blood[0]
AC073311	Blood[0]
AC073314	Blood[0]
AC073320	Blood[0]
AC073321	Blood[0]
AC073323	Blood[0]
AC073325	Blood[0]
AC073332	Blood[0]
AC073333	Blood[0]
AC073335	Blood[0]
AC073336	Blood[0]
AC073342	Blood[0]
AC073343	Blood[0]
AC073349	Blood[0]
AC073352	Blood[0]
AC073359	Blood[0]
AC073365	Blood[0]
AC073370	Blood[0]
AC073389	Blood[0]
AC073409	Blood[0]
AC073429	Blood[0]
AC073486	Blood[0]
AC073508	Blood[0]
AC073517	Blood[0]
AC073521	Blood[0]
AC073525	Blood[0]
AC073529	Blood[0]
AC073530	Blood[0]
AC073539	Blood[0]
AC073569	Blood[0]
AC073571	Blood[0]
AC073573	Blood[0]
AC073575	Blood[0]
AC073578	Blood[0]
AC073591	Blood[0]
AC073592	Blood[0]
AC073610	Blood[0]
AC073611	Blood[0]
AC073612	Blood[0]
AC073626	Blood[0]
AC073636	Blood[0]
AC073641	Blood[0]
AC073651	Blood[0]
AC073655	Blood[0]
AC073657	Blood[0]
AC073834	Blood[0]
AC073842	Blood[0]
AC073848	Blood[0]
AC073862	Blood[0]
AC073863	Blood[0]
AC073864	Blood[0]
AC073869	Blood[0]
AC073878	Blood[0]
AC073896	Blood[0]
AC073911	Blood[0]
AC073912	Blood[0]
AC073934	Blood[0]
AC073941	Blood[0]
AC073957	Blood[0]
AC073987	Blood[0]
AC074011	Blood[0]
AC074029	Blood[0]
AC074031	Blood[0]
AC074032	Blood[0]
AC074033	Blood[0]
AC074035	Blood[0]
AC074044	Blood[0]
AC074050	Blood[0]
AC074052	Blood[0]
AC074099	Blood[0]
AC074124	Blood[0]
AC074131	Blood[0]
AC074135	Blood[0]
AC074138	Blood[0]
AC074143	Blood[0]
AC074183	Blood[0]
AC074237	Blood[0]
AC074254	Blood[0]
AC074257	Blood[0]
AC074286	Blood[0]
AC074327	Blood[0]
AC074344	Blood[0]
AC074351	Blood[0]
AC074366	Blood[0]
AC074386	Blood[0]
AC074387	Blood[0]
AC074389	Blood[0]
AC076966	Blood[0]
AC076968	Blood[0]
AC078776	Blood[0]
AC078777	Blood[0]
AC078785	Blood[0]
AC078795	Blood[0]
AC078802	Blood[0]
AC078814	Blood[0]
AC078820	Blood[0]
AC078828	Blood[0]
AC078842	Blood[0]
AC078845	Blood[0]
AC078846	Blood[0]
AC078850	Blood[0]
AC078851	Blood[0]
AC078860	Blood[0]
AC078864	Blood[0]
AC078865	Blood[0]
AC078878	Blood[0]
AC078880	Blood[0]
AC078881	Blood[0]
AC078889	Blood[0]
AC078905	Blood[0]
AC078906	Blood[0]
AC078909	Blood[0]
AC078922	Blood[0]
AC078923	Blood[0]
AC078925	Blood[0]
AC078927	Blood[0]
AC078929	Blood[0]
AC078942	Blood[0]
AC078955	Blood[0]
AC078960	Blood[0]
AC078962	Blood[0]
AC078980	Blood[0]
AC078993	Blood[0]
AC079015	Blood[0]
AC079031	Blood[0]
AC079054	Blood[0]
AC079070	Blood[0]
AC079089	Blood[0]
AC079098	Blood[0]
AC079117	Blood[0]
AC079145	Blood[0]
AC079148	Blood[0]
AC079150	Blood[0]
AC079154	Blood[0]
AC079163	Blood[0]
AC079171	Blood[0]
AC079174	Blood[0]
AC079193	Blood[0]
AC079203	Blood[0]
AC079209	Blood[0]
AC079210	Blood[0]
AC079226	Blood[0]
AC079296	Blood[0]
AC079298	Blood[0]
AC079305	Blood[0]
AC079310	Blood[0]
AC079313	Blood[0]
AC079315	Blood[0]
AC079322	Blood[0]
AC079328	Blood[0]
AC079329	Blood[0]
AC079336	Blood[0]
AC079340	Blood[0]
AC079341	Blood[0]
AC079349	Blood[0]
AC079354	Blood[0]
AC079362	Blood[0]
AC079380	Blood[0]
AC079384	Blood[0]
AC079385	Blood[0]
AC079411	Blood[0]
AC079414	Blood[0]
AC079447	Blood[0]
AC079465	Blood[0]
AC079466	Blood[0]
AC079584	Blood[0]
AC079594	Blood[0]
AC079598	Blood[0]
AC079601	Blood[0]
AC079610	Blood[0]
AC079612	Blood[0]
AC079742	Blood[0]
AC079760	Blood[0]
AC079763	Blood[0]
AC079766	Blood[0]
AC079779	Blood[0]
AC079790	Blood[0]
AC079793	Blood[0]
AC079799	Blood[0]
AC079801	Blood[0]
AC079807	Blood[0]
AC079834	Blood[0]
AC079848	Blood[0]
AC079858	Blood[0]
AC079896	Blood[0]
AC079906	Blood[0]
AC079907	Blood[0]
AC079910	Blood[0]
AC079917	Blood[0]
AC079921	Blood[0]
AC079922	Blood[0]
AC079942	Blood[0]
AC079943	Blood[0]
AC079949	Blood[0]
AC079950	Blood[0]
AC079988	Blood[0]
AC080011	Blood[0]
AC080013	Blood[0]
AC080023	Blood[0]
AC080037	Blood[0]
AC080038	Blood[0]
AC080075	Blood[0]
AC080078	Blood[0]
AC080112	Blood[0]
AC080129	Blood[0]
AC080162	Blood[0]
AC080188	Blood[0]
AC082650	Blood[0]
AC082651	Blood[0]
AC083795	Blood[0]
AC083798	Blood[0]
AC083800	Blood[0]
AC083801	Blood[0]
AC083805	Blood[0]
AC083806	Blood[0]
AC083809	Blood[0]
AC083829	Blood[0]
AC083836	Blood[0]
AC083841	Blood[0]
AC083843	Blood[0]
AC083862	Blood[0]
AC083864	Blood[0]
AC083867	Blood[0]
AC083880	Blood[0]
AC083902	Blood[0]
AC083906	Blood[0]
AC083949	Blood[0]
AC083964	Blood[0]
AC083967	Blood[0]
AC083973	Blood[0]
AC084018	Blood[0]
AC084024	Blood[0]
AC084026	Blood[0]
AC084030	Blood[0]
AC084032	Blood[0]
AC084033	Blood[0]
AC084035	Blood[0]
AC084036	Blood[0]
AC084048	Blood[0]
AC084064	Blood[0]
AC084082	Blood[0]
AC084083	Blood[0]
AC084116	Blood[0]
AC084125	Blood[0]
AC084128	Blood[0]
AC084149	Blood[0]
AC084200	Blood[0]
AC084211	Blood[0]
AC084291	Blood[0]
AC084337	Blood[0]
AC084346	Blood[0]
AC084357	Blood[0]
AC084361	Blood[0]
AC084365	Blood[0]
AC084398	Blood[0]
AC084706	Blood[0]
AC084756	Blood[0]
AC084757	Blood[0]
AC084759	Blood[0]
AC084768	Blood[0]
AC084782	Blood[0]
AC084809	Blood[0]
AC084816	Blood[0]
AC084819	Blood[0]
AC084824	Blood[0]
AC084855	Blood[0]
AC084859	Blood[0]
AC084864	Blood[0]
AC084866	Blood[0]
AC084871	Blood[0]
AC084876	Blood[0]
AC084879	Blood[0]
AC084880	Blood[0]
AC087045	Blood[0]
AC087071	Blood[0]
AC087164	Blood[0]
AC087190	Blood[0]
AC087203	Blood[0]
AC087222	Blood[0]
AC087235	Blood[0]
AC087239	Blood[0]
AC087241	Blood[0]
AC087242	Blood[0]
AC087257	Blood[0]
AC087258	Blood[0]
AC087260	Blood[0]
AC087269	Blood[0]
AC087273	Blood[0]
AC087276	Blood[0]
AC087277	Blood[0]
AC087280	Blood[0]
AC087286	Blood[0]
AC087289	Blood[0]
AC087292	Blood[0]
AC087294	Blood[0]
AC087311	Blood[0]
AC087318	Blood[0]
AC087321	Blood[0]
AC087341	Blood[0]
AC087354	Blood[0]
AC087362	Blood[0]
AC087379	Blood[0]
AC087386	Blood[0]
AC087392	Blood[0]
AC087393	Blood[0]
AC087399	Blood[0]
AC087430	Blood[0]
AC087439	Blood[0]
AC087442	Blood[0]
AC087457	Blood[0]
AC087463	Blood[0]
AC087473	Blood[0]
AC087477	Blood[0]
AC087482	Blood[0]
AC087491	Blood[0]
AC087498	Blood[0]
AC087500	Blood[0]
AC087501	Blood[0]
AC087516	Blood[0]
AC087518	Blood[0]
AC087521	Blood[0]
AC087564	Blood[0]
AC087565	Blood[0]
AC087612	Blood[0]
AC087620	Blood[0]
AC087623	Blood[0]
AC087627	Blood[0]
AC087632	Blood[0]
AC087633	Blood[0]
AC087636	Blood[0]
AC087645	Blood[0]
AC087664	Blood[0]
AC087667	Blood[0]
AC087672	Blood[0]
AC087741	Blood[0]
AC087742	Blood[0]
AC087749	Blood[0]
AC087752	Blood[0]
AC087761	Blood[0]
AC087762	Blood[0]
AC087783	Blood[0]
AC087855	Blood[0]
AC087857	Blood[0]
AC087863	Blood[0]
AC087878	Blood[0]
AC087894	Blood[0]
AC087897	Blood[0]
AC089983	Blood[0]
AC089984	Blood[0]
AC089987	Blood[0]
AC089998	Blood[0]
AC089999	Blood[0]
AC090001	Blood[0]
AC090004	Blood[0]
AC090023	Blood[0]
AC090044	Blood[0]
AC090049	Blood[0]
AC090061	Blood[0]
AC090092	Blood[0]
AC090099	Blood[0]
AC090103	Blood[0]
AC090109	Blood[0]
AC090115	Blood[0]
AC090124	Blood[0]
AC090125	Blood[0]
AC090136	Blood[0]
AC090138	Blood[0]
AC090150	Blood[0]
AC090152	Blood[0]
AC090155	Blood[0]
AC090159	Blood[0]
AC090164	Blood[0]
AC090181	Blood[0]
AC090186	Blood[0]
AC090192	Blood[0]
AC090193	Blood[0]
AC090198	Blood[0]
AC090200	Blood[0]
AC090204	Blood[0]
AC090213	Blood[0]
AC090227	Blood[0]
AC090229	Blood[0]
AC090236	Blood[0]
AC090241	Blood[0]
AC090260	Blood[0]
AC090282	Blood[0]
AC090283	Blood[0]
AC090286	Blood[0]
AC090337	Blood[0]
AC090340	Blood[0]
AC090358	Blood[0]
AC090360	Blood[0]
AC090371	Blood[0]
AC090376	Blood[0]
AC090377	Blood[0]
AC090386	Blood[0]
AC090398	Blood[0]
AC090403	Blood[0]
AC090409	Blood[0]
AC090415	Blood[0]
AC090425	Blood[0]
AC090457	Blood[0]
AC090458	Blood[0]
AC090502	Blood[0]
AC090503	Blood[0]
AC090505	Blood[0]
AC090506	Blood[0]
AC090510	Blood[0]
AC090515	Blood[0]
AC090517	Blood[0]
AC090518	Blood[0]
AC090519	Blood[0]
AC090527	Blood[0]
AC090531	Blood[0]
AC090541	Blood[0]
AC090568	Blood[0]
AC090572	Blood[0]
AC090578	Blood[0]
AC090579	Blood[0]
AC090587	Blood[0]
AC090589	Blood[0]
AC090592	Blood[0]
AC090607	Blood[0]
AC090617	Blood[0]
AC090618	Blood[0]
AC090621	Blood[0]
AC090627	Blood[0]
AC090630	Blood[0]
AC090651	Blood[0]
AC090673	Blood[0]
AC090679	Blood[0]
AC090680	Blood[0]
AC090692	Blood[0]
AC090696	Blood[0]
AC090707	Blood[0]
AC090709	Blood[0]
AC090735	Blood[0]
AC090739	Blood[0]
AC090753	Blood[0]
AC090772	Blood[0]
AC090774	Blood[0]
AC090791	Blood[0]
AC090796	Blood[0]
AC090802	Blood[0]
AC090809	Blood[0]
AC090821	Blood[0]
AC090825	Blood[0]
AC090826	Blood[0]
AC090833	Blood[0]
AC090844	Blood[0]
AC090857	Blood[0]
AC090877	Blood[0]
AC090907	Blood[0]
AC090912	Blood[0]
AC090921	Blood[0]
AC090922	Blood[0]
AC090948	Blood[0]
AC090952	Blood[0]
AC090957	Blood[0]
AC090970	Blood[0]
AC090971	Blood[0]
AC090985	Blood[0]
AC090987	Blood[0]
AC090993	Blood[0]
AC091013	Blood[0]
AC091027	Blood[0]
AC091043	Blood[0]
AC091045	Blood[0]
AC091047	Blood[0]
AC091053	Blood[0]
AC091057	Blood[0]
AC091059	Blood[0]
AC091062	Blood[0]
AC091073	Blood[0]
AC091078	Blood[0]
AC091096	Blood[0]
AC091100	Blood[0]
AC091114	Blood[0]
AC091117	Blood[0]
AC091132	Blood[0]
AC091133	Blood[0]
AC091138	Blood[0]
AC091152	Blood[0]
AC091153	Blood[0]
AC091163	Blood[0]
AC091167	Blood[0]
AC091170	Blood[0]
AC091173	Blood[0]
AC091179	Blood[0]
AC091180	Blood[0]
AC091182	Blood[0]
AC091185	Blood[0]
AC091198	Blood[0]
AC091212	Blood[0]
AC091271	Blood[0]
AC091435	Blood[0]
AC091488	Blood[0]
AC091489	Blood[0]
AC091493	Blood[0]
AC091534	Blood[0]
AC091544	Blood[0]
AC091551	Blood[0]
AC091563	Blood[0]
AC091564	Blood[0]
AC091588	Blood[0]
AC091614	Blood[0]
AC091685	Blood[0]
AC091691	Blood[0]
AC091705	Blood[0]
AC091729	Blood[0]
AC091730	Blood[0]
AC091736	Blood[0]
AC091770	Blood[0]
AC091806	Blood[0]
AC091808	Blood[0]
AC091819	Blood[0]
AC091820	Blood[0]
AC091826	Blood[0]
AC091832	Blood[0]
AC091849	Blood[0]
AC091860	Blood[0]
AC091868	Blood[0]
AC091885	Blood[0]
AC091887	Blood[0]
AC091891	Blood[0]
AC091906	Blood[0]
AC091917	Blood[0]
AC091932	Blood[0]
AC091939	Blood[0]
AC091944	Blood[0]
AC091946	Blood[0]
AC091948	Blood[0]
AC091951	Blood[0]
AC091959	Blood[0]
AC091962	Blood[0]
AC091965	Blood[0]
AC091979	Blood[0]
AC091980	Blood[0]
AC091982	Blood[0]
AC091987	Blood[0]
AC092017	Blood[0]
AC092040	Blood[0]
AC092042	Blood[0]
AC092053	Blood[0]
AC092059	Blood[0]
AC092067	Blood[0]
AC092068	Blood[0]
AC092069	Blood[0]
AC092070	Blood[0]
AC092073	Blood[0]
AC092078	Blood[0]
AC092100	Blood[0]
AC092111	Blood[0]
AC092112	Blood[0]
AC092114	Blood[0]
AC092115	Blood[0]
AC092117	Blood[0]
AC092118	Blood[0]
AC092119	Blood[0]
AC092123	Blood[0]
AC092127	Blood[0]
AC092130	Blood[0]
AC092131	Blood[0]
AC092132	Blood[0]
AC092134	Blood[0]
AC092138	Blood[0]
AC092139	Blood[0]
AC092140	Blood[0]
AC092142	Blood[0]
AC092143	Blood[0]
AC092145	Blood[0]
AC092155	Blood[0]
AC092162	Blood[0]
AC092164	Blood[0]
AC092167	Blood[0]
AC092168	Blood[0]
AC092192	Blood[0]
AC092265	Blood[0]
AC092279	Blood[0]
AC092287	Blood[0]
AC092295	Blood[0]
AC092296	Blood[0]
AC092301	Blood[0]
AC092306	Blood[0]
AC092316	Blood[0]
AC092325	Blood[0]
AC092326	Blood[0]
AC092327	Blood[0]
AC092329	Blood[0]
AC092335	Blood[0]
AC092336	Blood[0]
AC092337	Blood[0]
AC092338	Blood[0]
AC092343	Blood[0]
AC092354	Blood[0]
AC092364	Blood[0]
AC092368	Blood[0]
AC092375	Blood[0]
AC092376	Blood[0]
AC092378	Blood[0]
AC092384	Blood[0]
AC092422	Blood[0]
AC092431	Blood[0]
AC092435	Blood[0]
AC092436	Blood[0]
AC092440	Blood[0]
AC092442	Blood[0]
AC092447	Blood[0]
AC092484	Blood[0]
AC092535	Blood[0]
AC092542	Blood[0]
AC092546	Blood[0]
AC092567	Blood[0]
AC092574	Blood[0]
AC092580	Blood[0]
AC092587	Blood[0]
AC092590	Blood[0]
AC092608	Blood[0]
AC092611	Blood[0]
AC092614	Blood[0]
AC092625	Blood[0]
AC092634	Blood[0]
AC092637	Blood[0]
AC092647	Blood[0]
AC092650	Blood[0]
AC092652	Blood[0]
AC092653	Blood[0]
AC092660	Blood[0]
AC092666	Blood[0]
AC092667	Blood[0]
AC092669	Blood[0]
AC092673	Blood[0]
AC092674	Blood[0]
AC092675	Blood[0]
AC092681	Blood[0]
AC092687	Blood[0]
AC092691	Blood[0]
AC092718	Blood[0]
AC092720	Blood[0]
AC092723	Blood[0]
AC092725	Blood[0]
AC092745	Blood[0]
AC092746	Blood[0]
AC092747	Blood[0]
AC092755	Blood[0]
AC092757	Blood[0]
AC092783	Blood[0]
AC092794	Blood[0]
AC092800	Blood[0]
AC092801	Blood[0]
AC092802	Blood[0]
AC092803	Blood[0]
AC092807	Blood[0]
AC092809	Blood[0]
AC092810	Blood[0]
AC092811	Blood[0]
AC092813	Blood[0]
AC092818	Blood[0]
AC092832	Blood[0]
AC092834	Blood[0]
AC092839	Blood[0]
AC092849	Blood[0]
AC092894	Blood[0]
AC092902	Blood[0]
AC092903	Blood[0]
AC092910	Blood[0]
AC092916	Blood[0]
AC092919	Blood[0]
AC092920	Blood[0]
AC092924	Blood[0]
AC092925	Blood[0]
AC092941	Blood[0]
AC092953	Blood[0]
AC092954	Blood[0]
AC092957	Blood[0]
AC092958	Blood[0]
AC092966	Blood[0]
AC092979	Blood[0]
AC092994	Blood[0]
AC093010	Blood[0]
AC093019	Blood[0]
AC093025	Blood[0]
AC093072	Blood[0]
AC093074	Blood[0]
AC093083	Blood[0]
AC093110	Blood[0]
AC093117	Blood[0]
AC093151	Blood[0]
AC093152	Blood[0]
AC093154	Blood[0]
AC093155	Blood[0]
AC093157	Blood[0]
AC093158	Blood[0]
AC093159	Blood[0]
AC093206	Blood[0]
AC093227	Blood[0]
AC093248	Blood[0]
AC093249	Blood[0]
AC093274	Blood[0]
AC093277	Blood[0]
AC093281	Blood[0]
AC093283	Blood[0]
AC093292	Blood[0]
AC093297	Blood[0]
AC093305	Blood[0]
AC093323	Blood[0]
AC093326	Blood[0]
AC093330	Blood[0]
AC093331	Blood[0]
AC093334	Blood[0]
AC093382	Blood[0]
AC093388	Blood[0]
AC093390	Blood[0]
AC093422	Blood[0]
AC093423	Blood[0]
AC093424	Blood[0]
AC093426	Blood[0]
AC093458	Blood[0]
AC093459	Blood[0]
AC093462	Blood[0]
AC093484	Blood[0]
AC093495	Blood[0]
AC093496	Blood[0]
AC093503	Blood[0]
AC093512	Blood[0]
AC093515	Blood[0]
AC093523	Blood[0]
AC093525	Blood[0]
AC093534	Blood[0]
AC093535	Blood[0]
AC093536	Blood[0]
AC093567	Blood[0]
AC093579	Blood[0]
AC093580	Blood[0]
AC093581	Blood[0]
AC093585	Blood[0]
AC093591	Blood[0]
AC093599	Blood[0]
AC093607	Blood[0]
AC093620	Blood[0]
AC093627	Blood[0]
AC093635	Blood[0]
AC093639	Blood[0]
AC093642	Blood[0]
AC093655	Blood[0]
AC093668	Blood[0]
AC093673	Blood[0]
AC093677	Blood[0]
AC093689	Blood[0]
AC093690	Blood[0]
AC093702	Blood[0]
AC093714	Blood[0]
AC093722	Blood[0]
AC093725	Blood[0]
AC093726	Blood[0]
AC093730	Blood[0]
AC093732	Blood[0]
AC093734	Blood[0]
AC093752	Blood[0]
AC093763	Blood[0]
AC093766	Blood[0]
AC093772	Blood[0]
AC093788	Blood[0]
AC093799	Blood[0]
AC093801	Blood[0]
AC093802	Blood[0]
AC093810	Blood[0]
AC093817	Blood[0]
AC093821	Blood[0]
AC093827	Blood[0]
AC093831	Blood[0]
AC093833	Blood[0]
AC093835	Blood[0]
AC093843	Blood[0]
AC093849	Blood[0]
AC093857	Blood[0]
AC093864	Blood[0]
AC093871	Blood[0]
AC093879	Blood[0]
AC093893	Blood[0]
AC093895	Blood[0]
AC093899	Blood[0]
AC093901	Blood[0]
AC093903	Blood[0]
AC093904	Blood[0]
AC093909	Blood[0]
AC093911	Blood[0]
AC093915	Blood[0]
AC094104	Blood[0]
AC094105	Blood[0]
AC094108	Blood[0]
AC095030	Blood[0]
AC095032	Blood[0]
AC095033	Blood[0]
AC095050	Blood[0]
AC095055	Blood[0]
AC095056	Blood[0]
AC095057	Blood[0]
AC095059	Blood[0]
AC095060	Blood[0]
AC095350	Blood[0]
AC096536	Blood[0]
AC096541	Blood[0]
AC096543	Blood[0]
AC096554	Blood[0]
AC096558	Blood[0]
AC096559	Blood[0]
AC096564	Blood[0]
AC096570	Blood[0]
AC096576	Blood[0]
AC096577	Blood[0]
AC096582	Blood[0]
AC096586	Blood[0]
AC096588	Blood[0]
AC096631	Blood[0]
AC096637	Blood[0]
AC096639	Blood[0]
AC096642	Blood[0]
AC096644	Blood[0]
AC096649	Blood[0]
AC096659	Blood[0]
AC096666	Blood[0]
AC096667	Blood[0]
AC096669	Blood[0]
AC096677	Blood[0]
AC096708	Blood[0]
AC096711	Blood[0]
AC096719	Blood[0]
AC096721	Blood[0]
AC096732	Blood[0]
AC096733	Blood[0]
AC096734	Blood[0]
AC096736	Blood[0]
AC096741	Blood[0]
AC096746	Blood[0]
AC096751	Blood[0]
AC096759	Blood[0]
AC096772	Blood[0]
AC096773	Blood[0]
AC096887	Blood[0]
AC096888	Blood[0]
AC096920	Blood[0]
AC096992	Blood[0]
AC097059	Blood[0]
AC097065	Blood[0]
AC097066	Blood[0]
AC097103	Blood[0]
AC097110	Blood[0]
AC097173	Blood[0]
AC097347	Blood[0]
AC097358	Blood[0]
AC097359	Blood[0]
AC097372	Blood[0]
AC097375	Blood[0]
AC097376	Blood[0]
AC097381	Blood[0]
AC097382	Blood[0]
AC097460	Blood[0]
AC097461	Blood[0]
AC097467	Blood[0]
AC097468	Blood[0]
AC097478	Blood[0]
AC097480	Blood[0]
AC097487	Blood[0]
AC097491	Blood[0]
AC097494	Blood[0]
AC097501	Blood[0]
AC097504	Blood[0]
AC097505	Blood[0]
AC097512	Blood[0]
AC097515	Blood[0]
AC097518	Blood[0]
AC097521	Blood[0]
AC097532	Blood[0]
AC097534	Blood[0]
AC097535	Blood[0]
AC097537	Blood[0]
AC097625	Blood[0]
AC097634	Blood[0]
AC097637	Blood[0]
AC097641	Blood[0]
AC097652	Blood[0]
AC097658	Blood[0]
AC097662	Blood[0]
AC097713	Blood[0]
AC097716	Blood[0]
AC097724	Blood[0]
AC098479	Blood[0]
AC098483	Blood[0]
AC098484	Blood[0]
AC098487	Blood[0]
AC098582	Blood[0]
AC098587	Blood[0]
AC098613	Blood[0]
AC098614	Blood[0]
AC098617	Blood[0]
AC098649	Blood[0]
AC098650	Blood[0]
AC098657	Blood[0]
AC098679	Blood[0]
AC098680	Blood[0]
AC098798	Blood[0]
AC098818	Blood[0]
AC098820	Blood[0]
AC098828	Blood[0]
AC098829	Blood[0]
AC098848	Blood[0]
AC098850	Blood[0]
AC098851	Blood[0]
AC098859	Blood[0]
AC098864	Blood[0]
AC098868	Blood[0]
AC098869	Blood[0]
AC098872	Blood[0]
AC098934	Blood[0]
AC098936	Blood[0]
AC099062	Blood[0]
AC099063	Blood[0]
AC099066	Blood[0]
AC099313	Blood[0]
AC099314	Blood[0]
AC099328	Blood[0]
AC099329	Blood[0]
AC099342	Blood[0]
AC099344	Blood[0]
AC099398	Blood[0]
AC099482	Blood[0]
AC099487	Blood[0]
AC099489	Blood[0]
AC099499	Blood[0]
AC099508	Blood[0]
AC099509	Blood[0]
AC099511	Blood[0]
AC099518	Blood[0]
AC099520	Blood[0]
AC099521	Blood[0]
AC099522	Blood[0]
AC099524	Blood[0]
AC099541	Blood[0]
AC099542	Blood[0]
AC099550	Blood[0]
AC099552	Blood[0]
AC099554	Blood[0]
AC099560	Blood[0]
AC099566	Blood[0]
AC099567	Blood[0]
AC099568	Blood[0]
AC099654	Blood[0]
AC099669	Blood[0]
AC099671	Blood[0]
AC099673	Blood[0]
AC099676	Blood[0]
AC099677	Blood[0]
AC099681	Blood[0]
AC099684	Blood[0]
AC099687	Blood[0]
AC099753	Blood[0]
AC099754	Blood[0]
AC099778	Blood[0]
AC099786	Blood[0]
AC099788	Blood[0]
AC099791	Blood[0]
AC099792	Blood[0]
AC099793	Blood[0]
AC099794	Blood[0]
AC099795	Blood[0]
AC099796	Blood[0]
AC099811	Blood[0]
AC100763	Blood[0]
AC100768	Blood[0]
AC100771	Blood[0]
AC100773	Blood[0]
AC100775	Blood[0]
AC100778	Blood[0]
AC100781	Blood[0]
AC100782	Blood[0]
AC100786	Blood[0]
AC100788	Blood[0]
AC100791	Blood[0]
AC100793	Blood[0]
AC100797	Blood[0]
AC100800	Blood[0]
AC100801	Blood[0]
AC100802	Blood[0]
AC100803	Blood[0]
AC100807	Blood[0]
AC100810	Blood[0]
AC100812	Blood[0]
AC100814	Blood[0]
AC100818	Blood[0]
AC100821	Blood[0]
AC100826	Blood[0]
AC100827	Blood[0]
AC100830	Blood[0]
AC100835	Blood[0]
AC100836	Blood[0]
AC100839	Blood[0]
AC100843	Blood[0]
AC100844	Blood[0]
AC100847	Blood[0]
AC100848	Blood[0]
AC100849	Blood[0]
AC100858	Blood[0]
AC100860	Blood[0]
AC100861	Blood[0]
AC100863	Blood[0]
AC100868	Blood[0]
AC100871	Blood[0]
AC100872	Blood[0]
AC102797	Blood[0]
AC102941	Blood[0]
AC102945	Blood[0]
AC102953	Blood[0]
AC103409	Blood[0]
AC103564	Blood[0]
AC103591	Blood[0]
AC103681	Blood[0]
AC103691	Blood[0]
AC103702	Blood[0]
AC103706	Blood[0]
AC103718	Blood[0]
AC103719	Blood[0]
AC103724	Blood[0]
AC103726	Blood[0]
AC103736	Blood[0]
AC103739	Blood[0]
AC103740	Blood[0]
AC103746	Blood[0]
AC103764	Blood[0]
AC103770	Blood[0]
AC103794	Blood[0]
AC103798	Blood[0]
AC103808	Blood[0]
AC103809	Blood[0]
AC103810	Blood[0]
AC103831	Blood[0]
AC103843	Blood[0]
AC103853	Blood[0]
AC103855	Blood[0]
AC103858	Blood[0]
AC103876	Blood[0]
AC103879	Blood[0]
AC103923	Blood[0]
AC103925	Blood[0]
AC103949	Blood[0]
AC103952	Blood[0]
AC103957	Blood[0]
AC103974	Blood[0]
AC103982	Blood[0]
AC103987	Blood[0]
AC103993	Blood[0]
AC103996	Blood[0]
AC104002	Blood[0]
AC104009	Blood[0]
AC104012	Blood[0]
AC104024	Blood[0]
AC104031	Blood[0]
AC104035	Blood[0]
AC104036	Blood[0]
AC104051	Blood[0]
AC104063	Blood[0]
AC104066	Blood[0]
AC104071	Blood[0]
AC104073	Blood[0]
AC104076	Blood[0]
AC104078	Blood[0]
AC104088	Blood[0]
AC104109	Blood[0]
AC104113	Blood[0]
AC104116	Blood[0]
AC104117	Blood[0]
AC104118	Blood[0]
AC104119	Blood[0]
AC104123	Blood[0]
AC104126	Blood[0]
AC104129	Blood[0]
AC104134	Blood[0]
AC104137	Blood[0]
AC104151	Blood[0]
AC104169	Blood[0]
AC104170	Blood[0]
AC104184	Blood[0]
AC104187	Blood[0]
AC104211	Blood[0]
AC104232	Blood[0]
AC104233	Blood[0]
AC104237	Blood[0]
AC104241	Blood[0]
AC104248	Blood[0]
AC104257	Blood[0]
AC104260	Blood[0]
AC104304	Blood[0]
AC104316	Blood[0]
AC104333	Blood[0]
AC104350	Blood[0]
AC104365	Blood[0]
AC104389	Blood[0]
AC104407	Blood[0]
AC104411	Blood[0]
AC104417	Blood[0]
AC104423	Blood[0]
AC104435	Blood[0]
AC104445	Blood[0]
AC104452	Blood[0]
AC104454	Blood[0]
AC104457	Blood[0]
AC104458	Blood[0]
AC104461	Blood[0]
AC104462	Blood[0]
AC104463	Blood[0]
AC104472	Blood[0]
AC104506	Blood[0]
AC104521	Blood[0]
AC104532	Blood[0]
AC104534	Blood[0]
AC104561	Blood[0]
AC104564	Blood[0]
AC104574	Blood[0]
AC104581	Blood[0]
AC104590	Blood[0]
AC104596	Blood[0]
AC104619	Blood[0]
AC104623	Blood[0]
AC104640	Blood[0]
AC104655	Blood[0]
AC104662	Blood[0]
AC104663	Blood[0]
AC104667	Blood[0]
AC104688	Blood[0]
AC104695	Blood[0]
AC104699	Blood[0]
AC104758	Blood[0]
AC104777	Blood[0]
AC104779	Blood[0]
AC104781	Blood[0]
AC104785	Blood[0]
AC104791	Blood[0]
AC104793	Blood[0]
AC104794	Blood[0]
AC104803	Blood[0]
AC104806	Blood[0]
AC104809	Blood[0]
AC104819	Blood[0]
AC104823	Blood[0]
AC104825	Blood[0]
AC104827	Blood[0]
AC104831	Blood[0]
AC104836	Blood[0]
AC104938	Blood[0]
AC104958	Blood[0]
AC104961	Blood[0]
AC104964	Blood[0]
AC104971	Blood[0]
AC104982	Blood[0]
AC104984	Blood[0]
AC104985	Blood[0]
AC104986	Blood[0]
AC104996	Blood[0]
AC105001	Blood[0]
AC105020	Blood[0]
AC105031	Blood[0]
AC105052	Blood[0]
AC105053	Blood[0]
AC105094	Blood[0]
AC105105	Blood[0]
AC105118	Blood[0]
AC105133	Blood[0]
AC105177	Blood[0]
AC105180	Blood[0]
AC105206	Blood[0]
AC105219	Blood[0]
AC105227	Blood[0]
AC105254	Blood[0]
AC105265	Blood[0]
AC105271	Blood[0]
AC105275	Blood[0]
AC105277	Blood[0]
AC105285	Blood[0]
AC105339	Blood[0]
AC105343	Blood[0]
AC105345	Blood[0]
AC105362	Blood[0]
AC105383	Blood[0]
AC105389	Blood[0]
AC105390	Blood[0]
AC105393	Blood[0]
AC105398	Blood[0]
AC105402	Blood[0]
AC105411	Blood[0]
AC105415	Blood[0]
AC105430	Blood[0]
AC105446	Blood[0]
AC105460	Blood[0]
AC105760	Blood[0]
AC105914	Blood[0]
AC105919	Blood[0]
AC105924	Blood[0]
AC105935	Blood[0]
AC105940	Blood[0]
AC105942	Blood[0]
AC105999	Blood[0]
AC106017	Blood[0]
AC106028	Blood[0]
AC106037	Blood[0]
AC106038	Blood[0]
AC106047	Blood[0]
AC106052	Blood[0]
AC106053	Blood[0]
AC106706	Blood[0]
AC106707	Blood[0]
AC106712	Blood[0]
AC106729	Blood[0]
AC106730	Blood[0]
AC106732	Blood[0]
AC106736	Blood[0]
AC106738	Blood[0]
AC106739	Blood[0]
AC106744	Blood[0]
AC106745	Blood[0]
AC106754	Blood[0]
AC106771	Blood[0]
AC106772	Blood[0]
AC106774	Blood[0]
AC106779	Blood[0]
AC106782	Blood[0]
AC106785	Blood[0]
AC106786	Blood[0]
AC106789	Blood[0]
AC106791	Blood[0]
AC106795	Blood[0]
AC106796	Blood[0]
AC106798	Blood[0]
AC106799	Blood[0]
AC106801	Blood[0]
AC106820	Blood[0]
AC106821	Blood[0]
AC106822	Blood[0]
AC106864	Blood[0]
AC106869	Blood[0]
AC106870	Blood[0]
AC106871	Blood[0]
AC106872	Blood[0]
AC106873	Blood[0]
AC106874	Blood[0]
AC106875	Blood[0]
AC106881	Blood[0]
AC106882	Blood[0]
AC106886	Blood[0]
AC106892	Blood[0]
AC106894	Blood[0]
AC106895	Blood[0]
AC106897	Blood[0]
AC106900	Blood[0]
AC107021	Blood[0]
AC107023	Blood[0]
AC107027	Blood[0]
AC107029	Blood[0]
AC107031	Blood[0]
AC107032	Blood[0]
AC107057	Blood[0]
AC107067	Blood[0]
AC107068	Blood[0]
AC107072	Blood[0]
AC107074	Blood[0]
AC107079	Blood[0]
AC107081	Blood[0]
AC107204	Blood[0]
AC107208	Blood[0]
AC107214	Blood[0]
AC107220	Blood[0]
AC107241	Blood[0]
AC107294	Blood[0]
AC107373	Blood[0]
AC107375	Blood[0]
AC107391	Blood[0]
AC107396	Blood[0]
AC107398	Blood[0]
AC107419	Blood[0]
AC107463	Blood[0]
AC107464	Blood[0]
AC107871	Blood[0]
AC107882	Blood[0]
AC107884	Blood[0]
AC107886	Blood[0]
AC107892	Blood[0]
AC107896	Blood[0]
AC107905	Blood[0]
AC107909	Blood[0]
AC107926	Blood[0]
AC107952	Blood[0]
AC107953	Blood[0]
AC107958	Blood[0]
AC107959	Blood[0]
AC107973	Blood[0]
AC107976	Blood[0]
AC107982	Blood[0]
AC108002	Blood[0]
AC108037	Blood[0]
AC108047	Blood[0]
AC108051	Blood[0]
AC108058	Blood[0]
AC108062	Blood[0]
AC108063	Blood[0]
AC108066	Blood[0]
AC108067	Blood[0]
AC108097	Blood[0]
AC108099	Blood[0]
AC108102	Blood[0]
AC108112	Blood[0]
AC108125	Blood[0]
AC108134	Blood[0]
AC108136	Blood[0]
AC108156	Blood[0]
AC108159	Blood[0]
AC108174	Blood[0]
AC108199	Blood[0]
AC108206	Blood[0]
AC108210	Blood[0]
AC108448	Blood[0]
AC108449	Blood[0]
AC108451	Blood[0]
AC108462	Blood[0]
AC108463	Blood[0]
AC108467	Blood[0]
AC108471	Blood[0]
AC108472	Blood[0]
AC108474	Blood[0]
AC108477	Blood[0]
AC108482	Blood[0]
AC108488	Blood[0]
AC108515	Blood[0]
AC108516	Blood[0]
AC108517	Blood[0]
AC108673	Blood[0]
AC108681	Blood[0]
AC108693	Blood[0]
AC108704	Blood[0]
AC108718	Blood[0]
AC108721	Blood[0]
AC108727	Blood[0]
AC108733	Blood[0]
AC108734	Blood[0]
AC108747	Blood[0]
AC108748	Blood[0]
AC108751	Blood[0]
AC108752	Blood[0]
AC108860	Blood[0]
AC108861	Blood[0]
AC108863	Blood[0]
AC108865	Blood[0]
AC108866	Blood[0]
AC108868	Blood[0]
AC108879	Blood[0]
AC108935	Blood[0]
AC108941	Blood[0]
AC109309	Blood[0]
AC109322	Blood[0]
AC109347	Blood[0]
AC109349	Blood[0]
AC109361	Blood[0]
AC109439	Blood[0]
AC109446	Blood[0]
AC109449	Blood[0]
AC109454	Blood[0]
AC109460	Blood[0]
AC109462	Blood[0]
AC109464	Blood[0]
AC109466	Blood[0]
AC109471	Blood[0]
AC109479	Blood[0]
AC109492	Blood[0]
AC109495	Blood[0]
AC109583	Blood[0]
AC109587	Blood[0]
AC109588	Blood[0]
AC109597	Blood[0]
AC109630	Blood[0]
AC109635	Blood[0]
AC109779	Blood[0]
AC109809	Blood[0]
AC109811	Blood[0]
AC109826	Blood[0]
AC109830	Blood[0]
AC109927	Blood[0]
AC110011	Blood[0]
AC110015	Blood[0]
AC110023	Blood[0]
AC110048	Blood[0]
AC110058	Blood[0]
AC110079	Blood[0]
AC110275	Blood[0]
AC110285	Blood[0]
AC110288	Blood[0]
AC110296	Blood[0]
AC110491	Blood[0]
AC110597	Blood[0]
AC110603	Blood[0]
AC110609	Blood[0]
AC110615	Blood[0]
AC110716	Blood[0]
AC110741	Blood[0]
AC110751	Blood[0]
AC110760	Blood[0]
AC110767	Blood[0]
AC110769	Blood[0]
AC110772	Blood[0]
AC110792	Blood[0]
AC110799	Blood[0]
AC110800	Blood[0]
AC110813	Blood[0]
AC111000	Blood[0]
AC111006	Blood[0]
AC111149	Blood[0]
AC111152	Blood[0]
AC111170	Blood[0]
AC111182	Blood[0]
AC111188	Blood[0]
AC111194	Blood[0]
AC111198	Blood[0]
AC112176	Blood[0]
AC112178	Blood[0]
AC112187	Blood[0]
AC112192	Blood[0]
AC112196	Blood[0]
AC112198	Blood[0]
AC112204	Blood[0]
AC112206	Blood[0]
AC112211	Blood[0]
AC112219	Blood[0]
AC112220	Blood[0]
AC112229	Blood[0]
AC112236	Blood[0]
AC112242	Blood[0]
AC112250	Blood[0]
AC112481	Blood[0]
AC112484	Blood[0]
AC112487	Blood[0]
AC112491	Blood[0]
AC112493	Blood[0]
AC112495	Blood[0]
AC112503	Blood[0]
AC112518	Blood[0]
AC112693	Blood[0]
AC112695	Blood[0]
AC112715	Blood[0]
AC112719	Blood[0]
AC112721	Blood[0]
AC112722	Blood[0]
AC112907	Blood[0]
AC113133	Blood[0]
AC113137	Blood[0]
AC113143	Blood[0]
AC113145	Blood[0]
AC113146	Blood[0]
AC113167	Blood[0]
AC113189	Blood[0]
AC113192	Blood[0]
AC113194	Blood[0]
AC113208	Blood[0]
AC113331	Blood[0]
AC113346	Blood[0]
AC113347	Blood[0]
AC113349	Blood[0]
AC113355	Blood[0]
AC113361	Blood[0]
AC113378	Blood[0]
AC113382	Blood[0]
AC113383	Blood[0]
AC113385	Blood[0]
AC113386	Blood[0]
AC113391	Blood[0]
AC113404	Blood[0]
AC113410	Blood[0]
AC113414	Blood[0]
AC113418	Blood[0]
AC113423	Blood[0]
AC113554	Blood[0]
AC113607	Blood[0]
AC113608	Blood[0]
AC113615	Blood[0]
AC114271	Blood[0]
AC114284	Blood[0]
AC114291	Blood[0]
AC114316	Blood[0]
AC114321	Blood[0]
AC114341	Blood[0]
AC114400	Blood[0]
AC114401	Blood[0]
AC114485	Blood[0]
AC114488	Blood[0]
AC114489	Blood[0]
AC114490	Blood[0]
AC114498	Blood[0]
AC114501	Blood[0]
AC114546	Blood[0]
AC114550	Blood[0]
AC114684	Blood[0]
AC114689	Blood[0]
AC114730	Blood[0]
AC114737	Blood[0]
AC114741	Blood[0]
AC114752	Blood[0]
AC114760	Blood[0]
AC114763	Blood[0]
AC114776	Blood[0]
AC114781	Blood[0]
AC114803	Blood[0]
AC114808	Blood[0]
AC114810	Blood[0]
AC114811	Blood[0]
AC114812	Blood[0]
AC114814	Blood[0]
AC114877	Blood[0]
AC114912	Blood[0]
AC114928	Blood[0]
AC114939	Blood[0]
AC114947	Blood[0]
AC114954	Blood[0]
AC114956	Blood[0]
AC115099	Blood[0]
AC115102	Blood[0]
AC115220	Blood[0]
AC115522	Blood[0]
AC115618	Blood[0]
AC115619	Blood[0]
AC115622	Blood[0]
AC115676	Blood[0]
AC115989	Blood[0]
AC116003	Blood[0]
AC116021	Blood[0]
AC116025	Blood[0]
AC116035	Blood[0]
AC116036	Blood[0]
AC116038	Blood[0]
AC116049	Blood[0]
AC116096	Blood[0]
AC116158	Blood[0]
AC116312	Blood[0]
AC116337	Blood[0]
AC116345	Blood[0]
AC116348	Blood[0]
AC116351	Blood[0]
AC116366	Blood[0]
AC116407	Blood[0]
AC116424	Blood[0]
AC116447	Blood[0]
AC116456	Blood[0]
AC116535	Blood[0]
AC116552	Blood[0]
AC116563	Blood[0]
AC116565	Blood[0]
AC116609	Blood[0]
AC116614	Blood[0]
AC116616	Blood[0]
AC116634	Blood[0]
AC116651	Blood[0]
AC116666	Blood[0]
AC116667	Blood[0]
AC116903	Blood[0]
AC116913	Blood[0]
AC116914	Blood[0]
AC117373	Blood[0]
AC117377	Blood[0]
AC117382	Blood[0]
AC117383	Blood[0]
AC117386	Blood[0]
AC117394	Blood[0]
AC117395	Blood[0]
AC117402	Blood[0]
AC117422	Blood[0]
AC117430	Blood[0]
AC117457	Blood[0]
AC117460	Blood[0]
AC117462	Blood[0]
AC117465	Blood[0]
AC117473	Blood[0]
AC117490	Blood[0]
AC117498	Blood[0]
AC117500	Blood[0]
AC117503	Blood[0]
AC117505	Blood[0]
AC117513	Blood[0]
AC117522	Blood[0]
AC117569	Blood[0]
AC117834	Blood[0]
AC117944	Blood[0]
AC117945	Blood[0]
AC118345	Blood[0]
AC118470	Blood[0]
AC118549	Blood[0]
AC118553	Blood[0]
AC118555	Blood[0]
AC118653	Blood[0]
AC118658	Blood[0]
AC118754	Blood[0]
AC118755	Blood[0]
AC118757	Blood[0]
AC118758	Blood[0]
AC119150	Blood[0]
AC119396	Blood[0]
AC119403	Blood[0]
AC119424	Blood[0]
AC119427	Blood[0]
AC119428	Blood[0]
AC119674	Blood[0]
AC119676	Blood[0]
AC119677	Blood[0]
AC119868	Blood[0]
AC120024	Blood[0]
AC120036	Blood[0]
AC120042	Blood[0]
AC120045	Blood[0]
AC120049	Blood[0]
AC120053	Blood[0]
AC120057	Blood[0]
AC120114	Blood[0]
AC120193	Blood[0]
AC120349	Blood[0]
AC120498	Blood[0]
AC121154	Blood[0]
AC121161	Blood[0]
AC121247	Blood[0]
AC121333	Blood[0]
AC121338	Blood[0]
AC121342	Blood[0]
AC121757	Blood[0]
AC121761	Blood[0]
AC121764	Blood[0]
AC122108	Blood[0]
AC122129	Blood[0]
AC122134	Blood[0]
AC122136	Blood[0]
AC122138	Blood[0]
AC122683	Blood[0]
AC122685	Blood[0]
AC122688	Blood[0]
AC122694	Blood[0]
AC122710	Blood[0]
AC122719	Blood[0]
AC123023	Blood[0]
AC123567	Blood[0]
AC123595	Blood[0]
AC123768	Blood[0]
AC123777	Blood[0]
AC123786	Blood[0]
AC123788	Blood[0]
AC123905	Blood[0]
AC123912	Blood[0]
AC124014	Blood[0]
AC124016	Blood[0]
AC124045	Blood[0]
AC124057	Blood[0]
AC124066	Blood[0]
AC124067	Blood[0]
AC124068	Blood[0]
AC124069	Blood[0]
AC124242	Blood[0]
AC124254	Blood[0]
AC124276	Blood[0]
AC124283	Blood[0]
AC124290	Blood[0]
AC124301	Blood[0]
AC124312	Blood[0]
AC124319	Blood[0]
AC124657	Blood[0]
AC124784	Blood[0]
AC124798	Blood[0]
AC124804	Blood[0]
AC124854	Blood[0]
AC124861	Blood[0]
AC124893	Blood[0]
AC124944	Blood[0]
AC124947	Blood[0]
AC125257	Blood[0]
AC125421	Blood[0]
AC125494	Blood[0]
AC125611	Blood[0]
AC125613	Blood[0]
AC125618	Blood[0]
AC125793	Blood[0]
AC125807	Blood[0]
AC126118	Blood[0]
AC126121	Blood[0]
AC126175	Blood[0]
AC126177	Blood[0]
AC126178	Blood[0]
AC126283	Blood[0]
AC126323	Blood[0]
AC126335	Blood[0]
AC126365	Blood[0]
AC126407	Blood[0]
AC126614	Blood[0]
AC126696	Blood[0]
AC126755	Blood[0]
AC126763	Blood[0]
AC126768	Blood[0]
AC126773	Blood[0]
AC127002	Blood[0]
AC127024	Blood[0]
AC127029	Blood[0]
AC127070	Blood[0]
AC127164	Blood[0]
AC127459	Blood[0]
AC127496	Blood[0]
AC127521	Blood[0]
AC127522	Blood[0]
AC127526	Blood[0]
AC127537	Blood[0]
AC127894	Blood[0]
AC128685	Blood[0]
AC128687	Blood[0]
AC128688	Blood[0]
AC128707	Blood[0]
AC128709	Blood[0]
AC129102	Blood[0]
AC129492	Blood[0]
AC129507	Blood[0]
AC129510	Blood[0]
AC129807	Blood[0]
AC129915	Blood[0]
AC129926	Blood[0]
AC130324	Blood[0]
AC130343	Blood[0]
AC130352	Blood[0]
AC130371	Blood[0]
AC130404	Blood[0]
AC130415	Blood[0]
AC130456	Blood[0]
AC130466	Blood[0]
AC130469	Blood[0]
AC130650	Blood[0]
AC130651	Blood[0]
AC130710	Blood[0]
AC131011	Blood[0]
AC131025	Blood[0]
AC131094	Blood[0]
AC131097	Blood[0]
AC131157	Blood[0]
AC131159	Blood[0]
AC131160	Blood[0]
AC131182	Blood[0]
AC131211	Blood[0]
AC131212	Blood[0]
AC131235	Blood[0]
AC131238	Blood[0]
AC131254	Blood[0]
AC131274	Blood[0]
AC131532	Blood[0]
AC131571	Blood[0]
AC131649	Blood[0]
AC131902	Blood[0]
AC131934	Blood[0]
AC131953	Blood[0]
AC131956	Blood[0]
AC131971	Blood[0]
AC132192	Blood[0]
AC132216	Blood[0]
AC132219	Blood[0]
AC132803	Blood[0]
AC132807	Blood[0]
AC132825	Blood[0]
AC132872	Blood[0]
AC132938	Blood[0]
AC133065	Blood[0]
AC133106	Blood[0]
AC133480	Blood[0]
AC133485	Blood[0]
AC133528	Blood[0]
AC133540	Blood[0]
AC133550	Blood[0]
AC133551	Blood[0]
AC133555	Blood[0]
AC133561	Blood[0]
AC133565	Blood[0]
AC133634	Blood[0]
AC133644	Blood[0]
AC133785	Blood[0]
AC133794	Blood[0]
AC133865	Blood[0]
AC133919	Blood[0]
AC133961	Blood[0]
AC134043	Blood[0]
AC134312	Blood[0]
AC134407	Blood[0]
AC134508	Blood[0]
AC134669	Blood[0]
AC134682	Blood[0]
AC134772	Blood[0]
AC134978	Blood[0]
AC134980	Blood[0]
AC134981	Blood[0]
AC135012	Blood[0]
AC135048	Blood[0]
AC135050	Blood[0]
AC135068	Blood[0]
AC135178	Blood[0]
AC135279	Blood[0]
AC135371	Blood[0]
AC135388	Blood[0]
AC135457	Blood[0]
AC135507	Blood[0]
AC135586	Blood[0]
AC135776	Blood[0]
AC135782	Blood[0]
AC135803	Blood[0]
AC135895	Blood[0]
AC136188	Blood[0]
AC136285	Blood[0]
AC136352	Blood[0]
AC136424	Blood[0]
AC136428	Blood[0]
AC136443	Blood[0]
AC136469	Blood[0]
AC136475	Blood[0]
AC136489	Blood[0]
AC136601	Blood[0]
AC136604	Blood[0]
AC136612	Blood[0]
AC136616	Blood[0]
AC136618	Blood[0]
AC136624	Blood[0]
AC136628	Blood[0]
AC136698	Blood[0]
AC136777	Blood[0]
AC136944	Blood[0]
AC137056	Blood[0]
AC137579	Blood[0]
AC137590	Blood[0]
AC137630	Blood[0]
AC137723	Blood[0]
AC137735	Blood[0]
AC137761	Blood[0]
AC137767	Blood[0]
AC137770	Blood[0]
AC137810	Blood[0]
AC137834	Blood[0]
AC137894	Blood[0]
AC137932	Blood[0]
AC137936	Blood[0]
AC138024	Blood[0]
AC138028	Blood[0]
AC138035	Blood[0]
AC138057	Blood[0]
AC138089	Blood[0]
AC138123	Blood[0]
AC138150	Blood[0]
AC138207	Blood[0]
AC138230	Blood[0]
AC138304	Blood[0]
AC138305	Blood[0]
AC138331	Blood[0]
AC138356	Blood[0]
AC138360	Blood[0]
AC138393	Blood[0]
AC138466	Blood[0]
AC138474	Blood[0]
AC138512	Blood[0]
AC138625	Blood[0]
AC138627	Blood[0]
AC138646	Blood[0]
AC138647	Blood[0]
AC138655	Blood[0]
AC138761	Blood[0]
AC138781	Blood[0]
AC138811	Blood[0]
AC138819	Blood[0]
AC138869	Blood[0]
AC138894	Blood[0]
AC138904	Blood[0]
AC138907	Blood[0]
AC138915	Blood[0]
AC138932	Blood[0]
AC138956	Blood[0]
AC138965	Blood[0]
AC138969	Blood[0]
AC139099	Blood[0]
AC139100	Blood[0]
AC139149	Blood[0]
AC139426	Blood[0]
AC139491	Blood[0]
AC139530	Blood[0]
AC139712	Blood[0]
AC139718	Blood[0]
AC139720	Blood[0]
AC139722	Blood[0]
AC139749	Blood[0]
AC139769	Blood[0]
AC139792	Blood[0]
AC139795	Blood[0]
AC139834	Blood[0]
AC139887	Blood[0]
AC140118	Blood[0]
AC140125	Blood[0]
AC140134	Blood[0]
AC140481	Blood[0]
AC140504	Blood[0]
AC140658	Blood[0]
AC140725	Blood[0]
AC140847	Blood[0]
AC140912	Blood[0]
AC141002	Blood[0]
AC141257	Blood[0]
AC141272	Blood[0]
AC141273	Blood[0]
AC141424	Blood[0]
AC141586	Blood[0]
AC141930	Blood[0]
AC142086	Blood[0]
AC142391	Blood[0]
AC142472	Blood[0]
AC144450	Blood[0]
AC144568	Blood[0]
AC144652	Blood[0]
AC144831	Blood[0]
AC144836	Blood[0]
AC145098	Blood[0]
AC145124	Blood[0]
AC145141	Blood[0]
AC145146	Blood[0]
AC145207	Blood[0]
AC145212	Blood[0]
AC145285	Blood[0]
AC145343	Blood[0]
AC145350	Blood[0]
AC145422	Blood[0]
AC145543	Blood[0]
AC145625	Blood[0]
AC146944	Blood[0]
AC147067	Blood[0]
AC147651	Blood[0]
AC148476	Blood[0]
AC148477	Blood[0]
AC159540	Blood[0]
AC171558	Blood[0]
AC174065	Blood[0]
AC187653	Blood[0]
AC209005	Blood[0]
AC209154	Blood[0]
AC211433	Blood[0]
AC211476	Blood[0]
AC211486	Blood[0]
AC213203	Blood[0]
AC215217	Blood[0]
AC215522	Blood[0]
AC217774	Blood[0]
AC226101	Blood[0]
AC226118	Blood[0]
AC231533	Blood[0]
AC231981	Blood[0]
AC232271	Blood[0]
AC233263	Blood[0]
AC233266	Blood[0]
AC233280	Blood[0]
AC233296	Blood[0]
AC233309	Blood[0]
AC233702	Blood[0]
AC233723	Blood[0]
AC233724	Blood[0]
AC233728	Blood[0]
AC233755	Blood[0]
AC233976	Blood[0]
AC233992	Blood[0]
AC234582	Blood[0]
AC234771	Blood[0]
AC234772	Blood[0]
AC234778	Blood[0]
AC234781	Blood[0]
AC235565	Blood[0]
AC236972	Blood[0]
AC237221	Blood[0]
AC239584	Blood[0]
AC239585	Blood[0]
AC239727	Blood[0]
AC239798	Blood[0]
AC239799	Blood[0]
AC239800	Blood[0]
AC239802	Blood[0]
AC239803	Blood[0]
AC239804	Blood[0]
AC239809	Blood[0]
AC239859	Blood[0]
AC239868	Blood[0]
AC240274	Blood[0]
AC240565	Blood[0]
AC241644	Blood[0]
AC242022	Blood[0]
AC242426	Blood[0]
AC242988	Blood[0]
AC243547	Blood[0]
AC243562	Blood[0]
AC243571	Blood[0]
AC243585	Blood[0]
AC243654	Blood[0]
AC243756	Blood[0]
AC243772	Blood[0]
AC243773	Blood[0]
AC243829	Blood[0]
AC243830	Blood[0]
AC243836	Blood[0]
AC243960	Blood[0]
AC243961	Blood[0]
AC243964	Blood[0]
AC243965	Blood[0]
AC243967	Blood[0]
AC243972	Blood[0]
AC244021	Blood[0]
AC244034	Blood[0]
AC244035	Blood[0]
AC244090	Blood[0]
AC244093	Blood[0]
AC244100	Blood[0]
AC244102	Blood[0]
AC244131	Blood[0]
AC244197	Blood[0]
AC244250	Blood[0]
AC244394	Blood[0]
AC244452	Blood[0]
AC244453	Blood[0]
AC244502	Blood[0]
AC244517	Blood[0]
AC245008	Blood[0]
AC245014	Blood[0]
AC245033	Blood[0]
AC245036	Blood[0]
AC245041	Blood[0]
AC245052	Blood[0]
AC245056	Blood[0]
AC245060	Blood[0]
AC245088	Blood[0]
AC245100	Blood[0]
AC245123	Blood[0]
AC245128	Blood[0]
AC245140	Blood[0]
AC245164	Blood[0]
AC245177	Blood[0]
AC245187	Blood[0]
AC245297	Blood[0]
AC245407	Blood[0]
AC245427	Blood[0]
AC245452	Blood[0]
AC245519	Blood[0]
AC245595	Blood[0]
AC245748	Blood[0]
AC245884	Blood[0]
AC246680	Blood[0]
AC246785	Blood[0]
AC246787	Blood[0]
AC246793	Blood[0]
AC246817	Blood[0]
AC247036	Blood[0]
AC253536	Blood[0]
AC254562	Blood[0]
AC254629	Blood[0]
AC254633	Blood[0]
AD000090	Blood[0]
AD000671	Blood[0]
AD001527	Blood[0]
AF001548	Blood[0]
AF001550	Blood[0]
AF015262	Blood[0]
AF015720	Blood[0]
AF038458	Blood[0]
AF064858	Blood[0]
AF064860	Blood[0]
AF067845	Blood[0]
AF096876	Blood[0]
AF099810	Blood[0]
AF106564	Blood[0]
AF107885	Blood[0]
AF111167	Blood[0]
AF111169	Blood[0]
AF117829	Blood[0]
AF121898	Blood[0]
AF123462	Blood[0]
AF124730	Blood[0]
AF127577	Blood[0]
AF127936	Blood[0]
AF129075	Blood[0]
AF129408	Blood[0]
AF130359	Blood[0]
AF130417	Blood[0]
AF131215	Blood[0]
AF165147	Blood[0]
AF181450	Blood[0]
AF186192	Blood[0]
AF196972	Blood[0]
AF212831	Blood[0]
AF213884	Blood[0]
AF230666	Blood[0]
AF233439	Blood[0]
AF235103	Blood[0]
AF240627	Blood[0]
AF241725	Blood[0]
AF241726	Blood[0]
AF241728	Blood[0]
AF250324	Blood[0]
AF274573	Blood[0]
AF279873	Blood[0]
AF287957	Blood[0]
AJ003147	Blood[0]
AJ006995	Blood[0]
AJ009632	Blood[0]
AJ011932	Blood[0]
AJ239318	Blood[0]
AJ239322	Blood[0]
AL008582	Blood[0]
AL008626	Blood[0]
AL008635	Blood[0]
AL008636	Blood[0]
AL008638	Blood[0]
AL008718	Blood[0]
AL008719	Blood[0]
AL008721	Blood[0]
AL008723	Blood[0]
AL008726	Blood[0]
AL008729	Blood[0]
AL008733	Blood[0]
AL009031	Blood[0]
AL009050	Blood[0]
AL009176	Blood[0]
AL009178	Blood[0]
AL009179	Blood[0]
AL009181	Blood[0]
AL020993	Blood[0]
AL020994	Blood[0]
AL020995	Blood[0]
AL020996	Blood[0]
AL020998	Blood[0]
AL021026	Blood[0]
AL021068	Blood[0]
AL021153	Blood[0]
AL021154	Blood[0]
AL021328	Blood[0]
AL021368	Blood[0]
AL021391	Blood[0]
AL021392	Blood[0]
AL021393	Blood[0]
AL021395	Blood[0]
AL021396	Blood[0]
AL021408	Blood[0]
AL021453	Blood[0]
AL021546	Blood[0]
AL021707	Blood[0]
AL021807	Blood[0]
AL021877	Blood[0]
AL021920	Blood[0]
AL021937	Blood[0]
AL021940	Blood[0]
AL021997	Blood[0]
AL022068	Blood[0]
AL022069	Blood[0]
AL022097	Blood[0]
AL022100	Blood[0]
AL022157	Blood[0]
AL022238	Blood[0]
AL022310	Blood[0]
AL022312	Blood[0]
AL022313	Blood[0]
AL022314	Blood[0]
AL022315	Blood[0]
AL022316	Blood[0]
AL022318	Blood[0]
AL022322	Blood[0]
AL022323	Blood[0]
AL022324	Blood[0]
AL022326	Blood[0]
AL022328	Blood[0]
AL022329	Blood[0]
AL022332	Blood[0]
AL022334	Blood[0]
AL022337	Blood[0]
AL022341	Blood[0]
AL022344	Blood[0]
AL022396	Blood[0]
AL022476	Blood[0]
AL022724	Blood[0]
AL022725	Blood[0]
AL023284	Blood[0]
AL023495	Blood[0]
AL023581	Blood[0]
AL023583	Blood[0]
AL023584	Blood[0]
AL023693	Blood[0]
AL023754	Blood[0]
AL023755	Blood[0]
AL023802	Blood[0]
AL023803	Blood[0]
AL023806	Blood[0]
AL023881	Blood[0]
AL024474	Blood[0]
AL024497	Blood[0]
AL024498	Blood[0]
AL024507	Blood[0]
AL024508	Blood[0]
AL031005	Blood[0]
AL031008	Blood[0]
AL031055	Blood[0]
AL031056	Blood[0]
AL031058	Blood[0]
AL031118	Blood[0]
AL031123	Blood[0]
AL031186	Blood[0]
AL031275	Blood[0]
AL031280	Blood[0]
AL031281	Blood[0]
AL031283	Blood[0]
AL031289	Blood[0]
AL031291	Blood[0]
AL031316	Blood[0]
AL031386	Blood[0]
AL031428	Blood[0]
AL031429	Blood[0]
AL031430	Blood[0]
AL031432	Blood[0]
AL031584	Blood[0]
AL031587	Blood[0]
AL031590	Blood[0]
AL031593	Blood[0]
AL031594	Blood[0]
AL031595	Blood[0]
AL031598	Blood[0]
AL031599	Blood[0]
AL031600	Blood[0]
AL031651	Blood[0]
AL031656	Blood[0]
AL031658	Blood[0]
AL031663	Blood[0]
AL031665	Blood[0]
AL031666	Blood[0]
AL031668	Blood[0]
AL031670	Blood[0]
AL031673	Blood[0]
AL031674	Blood[0]
AL031676	Blood[0]
AL031687	Blood[0]
AL031705	Blood[0]
AL031708	Blood[0]
AL031709	Blood[0]
AL031710	Blood[0]
AL031714	Blood[0]
AL031716	Blood[0]
AL031717	Blood[0]
AL031726	Blood[0]
AL031727	Blood[0]
AL031728	Blood[0]
AL031731	Blood[0]
AL031733	Blood[0]
AL031767	Blood[0]
AL031768	Blood[0]
AL031770	Blood[0]
AL031772	Blood[0]
AL031773	Blood[0]
AL031775	Blood[0]
AL031777	Blood[0]
AL031846	Blood[0]
AL031847	Blood[0]
AL031848	Blood[0]
AL031963	Blood[0]
AL031985	Blood[0]
AL032819	Blood[0]
AL032821	Blood[0]
AL033379	Blood[0]
AL033381	Blood[0]
AL033384	Blood[0]
AL033504	Blood[0]
AL033519	Blood[0]
AL033527	Blood[0]
AL033528	Blood[0]
AL033529	Blood[0]
AL033530	Blood[0]
AL033539	Blood[0]
AL034345	Blood[0]
AL034346	Blood[0]
AL034347	Blood[0]
AL034349	Blood[0]
AL034374	Blood[0]
AL034376	Blood[0]
AL034380	Blood[0]
AL034397	Blood[0]
AL034399	Blood[0]
AL034405	Blood[0]
AL034417	Blood[0]
AL034430	Blood[0]
AL034548	Blood[0]
AL034549	Blood[0]
AL034550	Blood[0]
AL035045	Blood[0]
AL035071	Blood[0]
AL035078	Blood[0]
AL035250	Blood[0]
AL035252	Blood[0]
AL035258	Blood[0]
AL035401	Blood[0]
AL035404	Blood[0]
AL035409	Blood[0]
AL035412	Blood[0]
AL035413	Blood[0]
AL035415	Blood[0]
AL035416	Blood[0]
AL035420	Blood[0]
AL035425	Blood[0]
AL035427	Blood[0]
AL035443	Blood[0]
AL035446	Blood[0]
AL035448	Blood[0]
AL035454	Blood[0]
AL035460	Blood[0]
AL035461	Blood[0]
AL035530	Blood[0]
AL035541	Blood[0]
AL035563	Blood[0]
AL035587	Blood[0]
AL035588	Blood[0]
AL035604	Blood[0]
AL035634	Blood[0]
AL035658	Blood[0]
AL035665	Blood[0]
AL035681	Blood[0]
AL035691	Blood[0]
AL035696	Blood[0]
AL035701	Blood[0]
AL035706	Blood[0]
AL049536	Blood[0]
AL049541	Blood[0]
AL049543	Blood[0]
AL049548	Blood[0]
AL049552	Blood[0]
AL049557	Blood[0]
AL049569	Blood[0]
AL049594	Blood[0]
AL049597	Blood[0]
AL049612	Blood[0]
AL049629	Blood[0]
AL049634	Blood[0]
AL049637	Blood[0]
AL049646	Blood[0]
AL049647	Blood[0]
AL049648	Blood[0]
AL049649	Blood[0]
AL049650	Blood[0]
AL049651	Blood[0]
AL049697	Blood[0]
AL049712	Blood[0]
AL049748	Blood[0]
AL049749	Blood[0]
AL049765	Blood[0]
AL049777	Blood[0]
AL049779	Blood[0]
AL049780	Blood[0]
AL049794	Blood[0]
AL049795	Blood[0]
AL049812	Blood[0]
AL049820	Blood[0]
AL049829	Blood[0]
AL049830	Blood[0]
AL049833	Blood[0]
AL049835	Blood[0]
AL049836	Blood[0]
AL049839	Blood[0]
AL049840	Blood[0]
AL049844	Blood[0]
AL049869	Blood[0]
AL049870	Blood[0]
AL049871	Blood[0]
AL049874	Blood[0]
AL049875	Blood[0]
AL050303	Blood[0]
AL050320	Blood[0]
AL050327	Blood[0]
AL050331	Blood[0]
AL050338	Blood[0]
AL050341	Blood[0]
AL050343	Blood[0]
AL050344	Blood[0]
AL050349	Blood[0]
AL050402	Blood[0]
AL050403	Blood[0]
AL050404	Blood[0]
AL078459	Blood[0]
AL078581	Blood[0]
AL078587	Blood[0]
AL078590	Blood[0]
AL078601	Blood[0]
AL078604	Blood[0]
AL078605	Blood[0]
AL078612	Blood[0]
AL078623	Blood[0]
AL078639	Blood[0]
AL078644	Blood[0]
AL079303	Blood[0]
AL079307	Blood[0]
AL080248	Blood[0]
AL080250	Blood[0]
AL080251	Blood[0]
AL080273	Blood[0]
AL080276	Blood[0]
AL080284	Blood[0]
AL080312	Blood[0]
AL080313	Blood[0]
AL080316	Blood[0]
AL080317	Blood[0]
AL096677	Blood[0]
AL096678	Blood[0]
AL096701	Blood[0]
AL096711	Blood[0]
AL096772	Blood[0]
AL096799	Blood[0]
AL096803	Blood[0]
AL096814	Blood[0]
AL096828	Blood[0]
AL096855	Blood[0]
AL096865	Blood[0]
AL096869	Blood[0]
AL096870	Blood[0]
AL109610	Blood[0]
AL109613	Blood[0]
AL109659	Blood[0]
AL109741	Blood[0]
AL109761	Blood[0]
AL109767	Blood[0]
AL109797	Blood[0]
AL109807	Blood[0]
AL109810	Blood[0]
AL109811	Blood[0]
AL109827	Blood[0]
AL109837	Blood[0]
AL109838	Blood[0]
AL109910	Blood[0]
AL109914	Blood[0]
AL109917	Blood[0]
AL109920	Blood[0]
AL109924	Blood[0]
AL109930	Blood[0]
AL109933	Blood[0]
AL109935	Blood[0]
AL109936	Blood[0]
AL109945	Blood[0]
AL109947	Blood[0]
AL109954	Blood[0]
AL109955	Blood[0]
AL109976	Blood[0]
AL110115	Blood[0]
AL110118	Blood[0]
AL110292	Blood[0]
AL110503	Blood[0]
AL110504	Blood[0]
AL110505	Blood[0]
AL117190	Blood[0]
AL117192	Blood[0]
AL117209	Blood[0]
AL117328	Blood[0]
AL117329	Blood[0]
AL117332	Blood[0]
AL117335	Blood[0]
AL117337	Blood[0]
AL117338	Blood[0]
AL117339	Blood[0]
AL117341	Blood[0]
AL117348	Blood[0]
AL117350	Blood[0]
AL117372	Blood[0]
AL117378	Blood[0]
AL117379	Blood[0]
AL117381	Blood[0]
AL117382	Blood[0]
AL118505	Blood[0]
AL118506	Blood[0]
AL118508	Blood[0]
AL118511	Blood[0]
AL118516	Blood[0]
AL118523	Blood[0]
AL118556	Blood[0]
AL118558	Blood[0]
AL121574	Blood[0]
AL121578	Blood[0]
AL121580	Blood[0]
AL121583	Blood[0]
AL121584	Blood[0]
AL121594	Blood[0]
AL121601	Blood[0]
AL121603	Blood[0]
AL121612	Blood[0]
AL121652	Blood[0]
AL121655	Blood[0]
AL121656	Blood[0]
AL121658	Blood[0]
AL121672	Blood[0]
AL121718	Blood[0]
AL121721	Blood[0]
AL121722	Blood[0]
AL121748	Blood[0]
AL121749	Blood[0]
AL121753	Blood[0]
AL121757	Blood[0]
AL121758	Blood[0]
AL121759	Blood[0]
AL121760	Blood[0]
AL121761	Blood[0]
AL121768	Blood[0]
AL121772	Blood[0]
AL121781	Blood[0]
AL121782	Blood[0]
AL121787	Blood[0]
AL121790	Blood[0]
AL121796	Blood[0]
AL121809	Blood[0]
AL121820	Blood[0]
AL121821	Blood[0]
AL121823	Blood[0]
AL121827	Blood[0]
AL121829	Blood[0]
AL121845	Blood[0]
AL121852	Blood[0]
AL121872	Blood[0]
AL121885	Blood[0]
AL121890	Blood[0]
AL121892	Blood[0]
AL121894	Blood[0]
AL121895	Blood[0]
AL121899	Blood[0]
AL121900	Blood[0]
AL121901	Blood[0]
AL121902	Blood[0]
AL121904	Blood[0]
AL121906	Blood[0]
AL121908	Blood[0]
AL121910	Blood[0]
AL121917	Blood[0]
AL121928	Blood[0]
AL121929	Blood[0]
AL121935	Blood[0]
AL121936	Blood[0]
AL121944	Blood[0]
AL121956	Blood[0]
AL121957	Blood[0]
AL121970	Blood[0]
AL121972	Blood[0]
AL121974	Blood[0]
AL121983	Blood[0]
AL121985	Blood[0]
AL121987	Blood[0]
AL121988	Blood[0]
AL121989	Blood[0]
AL121990	Blood[0]
AL121992	Blood[0]
AL121999	Blood[0]
AL122008	Blood[0]
AL122010	Blood[0]
AL122019	Blood[0]
AL122034	Blood[0]
AL122035	Blood[0]
AL122058	Blood[0]
AL122125	Blood[0]
AL132639	Blood[0]
AL132642	Blood[0]
AL132655	Blood[0]
AL132656	Blood[0]
AL132657	Blood[0]
AL132671	Blood[0]
AL132708	Blood[0]
AL132711	Blood[0]
AL132712	Blood[0]
AL132719	Blood[0]
AL132780	Blood[0]
AL132796	Blood[0]
AL132800	Blood[0]
AL132801	Blood[0]
AL132819	Blood[0]
AL132821	Blood[0]
AL132822	Blood[0]
AL132855	Blood[0]
AL132875	Blood[0]
AL132989	Blood[0]
AL132996	Blood[0]
AL133153	Blood[0]
AL133163	Blood[0]
AL133167	Blood[0]
AL133215	Blood[0]
AL133216	Blood[0]
AL133227	Blood[0]
AL133230	Blood[0]
AL133232	Blood[0]
AL133240	Blood[0]
AL133245	Blood[0]
AL133247	Blood[0]
AL133255	Blood[0]
AL133260	Blood[0]
AL133264	Blood[0]
AL133268	Blood[0]
AL133279	Blood[0]
AL133284	Blood[0]
AL133297	Blood[0]
AL133299	Blood[0]
AL133304	Blood[0]
AL133319	Blood[0]
AL133325	Blood[0]
AL133329	Blood[0]
AL133330	Blood[0]
AL133338	Blood[0]
AL133342	Blood[0]
AL133343	Blood[0]
AL133351	Blood[0]
AL133352	Blood[0]
AL133353	Blood[0]
AL133367	Blood[0]
AL133368	Blood[0]
AL133370	Blood[0]
AL133372	Blood[0]
AL133375	Blood[0]
AL133383	Blood[0]
AL133387	Blood[0]
AL133396	Blood[0]
AL133406	Blood[0]
AL133410	Blood[0]
AL133415	Blood[0]
AL133417	Blood[0]
AL133419	Blood[0]
AL133453	Blood[0]
AL133456	Blood[0]
AL133457	Blood[0]
AL133464	Blood[0]
AL133480	Blood[0]
AL133481	Blood[0]
AL133485	Blood[0]
AL133492	Blood[0]
AL133499	Blood[0]
AL133516	Blood[0]
AL133523	Blood[0]
AL133551	Blood[0]
AL133553	Blood[0]
AL135744	Blood[0]
AL135746	Blood[0]
AL135785	Blood[0]
AL135786	Blood[0]
AL135787	Blood[0]
AL135790	Blood[0]
AL135791	Blood[0]
AL135818	Blood[0]
AL135902	Blood[0]
AL135905	Blood[0]
AL135908	Blood[0]
AL135923	Blood[0]
AL135924	Blood[0]
AL135925	Blood[0]
AL135934	Blood[0]
AL135936	Blood[0]
AL135937	Blood[0]
AL135960	Blood[0]
AL135999	Blood[0]
AL136018	Blood[0]
AL136038	Blood[0]
AL136040	Blood[0]
AL136084	Blood[0]
AL136088	Blood[0]
AL136090	Blood[0]
AL136097	Blood[0]
AL136099	Blood[0]
AL136115	Blood[0]
AL136131	Blood[0]
AL136140	Blood[0]
AL136141	Blood[0]
AL136162	Blood[0]
AL136164	Blood[0]
AL136172	Blood[0]
AL136181	Blood[0]
AL136234	Blood[0]
AL136295	Blood[0]
AL136298	Blood[0]
AL136301	Blood[0]
AL136304	Blood[0]
AL136307	Blood[0]
AL136309	Blood[0]
AL136317	Blood[0]
AL136320	Blood[0]
AL136322	Blood[0]
AL136359	Blood[0]
AL136360	Blood[0]
AL136361	Blood[0]
AL136368	Blood[0]
AL136369	Blood[0]
AL136373	Blood[0]
AL136376	Blood[0]
AL136379	Blood[0]
AL136382	Blood[0]
AL136418	Blood[0]
AL136439	Blood[0]
AL136454	Blood[0]
AL136460	Blood[0]
AL136501	Blood[0]
AL136526	Blood[0]
AL136528	Blood[0]
AL136529	Blood[0]
AL136531	Blood[0]
AL136537	Blood[0]
AL136961	Blood[0]
AL136962	Blood[0]
AL136964	Blood[0]
AL136972	Blood[0]
AL136979	Blood[0]
AL136980	Blood[0]
AL136982	Blood[0]
AL136985	Blood[0]
AL136987	Blood[0]
AL136988	Blood[0]
AL137001	Blood[0]
AL137002	Blood[0]
AL137005	Blood[0]
AL137024	Blood[0]
AL137025	Blood[0]
AL137026	Blood[0]
AL137027	Blood[0]
AL137058	Blood[0]
AL137067	Blood[0]
AL137071	Blood[0]
AL137076	Blood[0]
AL137077	Blood[0]
AL137078	Blood[0]
AL137145	Blood[0]
AL137186	Blood[0]
AL137191	Blood[0]
AL137220	Blood[0]
AL137224	Blood[0]
AL137230	Blood[0]
AL137246	Blood[0]
AL137779	Blood[0]
AL137784	Blood[0]
AL137785	Blood[0]
AL137786	Blood[0]
AL137793	Blood[0]
AL137796	Blood[0]
AL137798	Blood[0]
AL137802	Blood[0]
AL137804	Blood[0]
AL137847	Blood[0]
AL137856	Blood[0]
AL138478	Blood[0]
AL138686	Blood[0]
AL138689	Blood[0]
AL138690	Blood[0]
AL138694	Blood[0]
AL138720	Blood[0]
AL138724	Blood[0]
AL138731	Blood[0]
AL138733	Blood[0]
AL138737	Blood[0]
AL138749	Blood[0]
AL138752	Blood[0]
AL138760	Blood[0]
AL138762	Blood[0]
AL138767	Blood[0]
AL138775	Blood[0]
AL138781	Blood[0]
AL138787	Blood[0]
AL138789	Blood[0]
AL138799	Blood[0]
AL138808	Blood[0]
AL138812	Blood[0]
AL138820	Blood[0]
AL138826	Blood[0]
AL138828	Blood[0]
AL138830	Blood[0]
AL138831	Blood[0]
AL138881	Blood[0]
AL138885	Blood[0]
AL138889	Blood[0]
AL138895	Blood[0]
AL138899	Blood[0]
AL138900	Blood[0]
AL138902	Blood[0]
AL138916	Blood[0]
AL138918	Blood[0]
AL138921	Blood[0]
AL138930	Blood[0]
AL138957	Blood[0]
AL138960	Blood[0]
AL138962	Blood[0]
AL138963	Blood[0]
AL138966	Blood[0]
AL138974	Blood[0]
AL138976	Blood[0]
AL138995	Blood[0]
AL139002	Blood[0]
AL139008	Blood[0]
AL139011	Blood[0]
AL139020	Blood[0]
AL139021	Blood[0]
AL139022	Blood[0]
AL139023	Blood[0]
AL139035	Blood[0]
AL139039	Blood[0]
AL139042	Blood[0]
AL139081	Blood[0]
AL139082	Blood[0]
AL139089	Blood[0]
AL139095	Blood[0]
AL139099	Blood[0]
AL139120	Blood[0]
AL139121	Blood[0]
AL139124	Blood[0]
AL139125	Blood[0]
AL139130	Blood[0]
AL139142	Blood[0]
AL139147	Blood[0]
AL139158	Blood[0]
AL139193	Blood[0]
AL139220	Blood[0]
AL139230	Blood[0]
AL139231	Blood[0]
AL139237	Blood[0]
AL139240	Blood[0]
AL139241	Blood[0]
AL139246	Blood[0]
AL139254	Blood[0]
AL139260	Blood[0]
AL139274	Blood[0]
AL139275	Blood[0]
AL139280	Blood[0]
AL139286	Blood[0]
AL139289	Blood[0]
AL139294	Blood[0]
AL139300	Blood[0]
AL139316	Blood[0]
AL139317	Blood[0]
AL139327	Blood[0]
AL139339	Blood[0]
AL139348	Blood[0]
AL139350	Blood[0]
AL139352	Blood[0]
AL139353	Blood[0]
AL139354	Blood[0]
AL139383	Blood[0]
AL139384	Blood[0]
AL139390	Blood[0]
AL139393	Blood[0]
AL139397	Blood[0]
AL139398	Blood[0]
AL139412	Blood[0]
AL139420	Blood[0]
AL139423	Blood[0]
AL139424	Blood[0]
AL139807	Blood[0]
AL139819	Blood[0]
AL139823	Blood[0]
AL139824	Blood[0]
AL157359	Blood[0]
AL157371	Blood[0]
AL157373	Blood[0]
AL157378	Blood[0]
AL157387	Blood[0]
AL157395	Blood[0]
AL157400	Blood[0]
AL157401	Blood[0]
AL157402	Blood[0]
AL157413	Blood[0]
AL157414	Blood[0]
AL157688	Blood[0]
AL157700	Blood[0]
AL157702	Blood[0]
AL157709	Blood[0]
AL157714	Blood[0]
AL157756	Blood[0]
AL157778	Blood[0]
AL157786	Blood[0]
AL157788	Blood[0]
AL157817	Blood[0]
AL157823	Blood[0]
AL157831	Blood[0]
AL157832	Blood[0]
AL157834	Blood[0]
AL157838	Blood[0]
AL157871	Blood[0]
AL157882	Blood[0]
AL157884	Blood[0]
AL157888	Blood[0]
AL157895	Blood[0]
AL157896	Blood[0]
AL157902	Blood[0]
AL157904	Blood[0]
AL157911	Blood[0]
AL157912	Blood[0]
AL157931	Blood[0]
AL157932	Blood[0]
AL157935	Blood[0]
AL157937	Blood[0]
AL157938	Blood[0]
AL157955	Blood[0]
AL158013	Blood[0]
AL158042	Blood[0]
AL158055	Blood[0]
AL158058	Blood[0]
AL158063	Blood[0]
AL158068	Blood[0]
AL158069	Blood[0]
AL158070	Blood[0]
AL158071	Blood[0]
AL158090	Blood[0]
AL158147	Blood[0]
AL158151	Blood[0]
AL158152	Blood[0]
AL158154	Blood[0]
AL158163	Blood[0]
AL158166	Blood[0]
AL158168	Blood[0]
AL158175	Blood[0]
AL158196	Blood[0]
AL158198	Blood[0]
AL158207	Blood[0]
AL158209	Blood[0]
AL158210	Blood[0]
AL158211	Blood[0]
AL158801	Blood[0]
AL158817	Blood[0]
AL158828	Blood[0]
AL158829	Blood[0]
AL158832	Blood[0]
AL158834	Blood[0]
AL158835	Blood[0]
AL158837	Blood[0]
AL158839	Blood[0]
AL158840	Blood[0]
AL158847	Blood[0]
AL158850	Blood[0]
AL159163	Blood[0]
AL159166	Blood[0]
AL159169	Blood[0]
AL159174	Blood[0]
AL159990	Blood[0]
AL160006	Blood[0]
AL160035	Blood[0]
AL160153	Blood[0]
AL160162	Blood[0]
AL160163	Blood[0]
AL160191	Blood[0]
AL160262	Blood[0]
AL160269	Blood[0]
AL160270	Blood[0]
AL160271	Blood[0]
AL160272	Blood[0]
AL160286	Blood[0]
AL160290	Blood[0]
AL160291	Blood[0]
AL160313	Blood[0]
AL160396	Blood[0]
AL160408	Blood[0]
AL160411	Blood[0]
AL160412	Blood[0]
AL160413	Blood[0]
AL161421	Blood[0]
AL161452	Blood[0]
AL161457	Blood[0]
AL161616	Blood[0]
AL161618	Blood[0]
AL161621	Blood[0]
AL161629	Blood[0]
AL161630	Blood[0]
AL161636	Blood[0]
AL161638	Blood[0]
AL161640	Blood[0]
AL161644	Blood[0]
AL161645	Blood[0]
AL161646	Blood[0]
AL161668	Blood[0]
AL161669	Blood[0]
AL161716	Blood[0]
AL161719	Blood[0]
AL161725	Blood[0]
AL161729	Blood[0]
AL161733	Blood[0]
AL161734	Blood[0]
AL161740	Blood[0]
AL161747	Blood[0]
AL161751	Blood[0]
AL161752	Blood[0]
AL161756	Blood[0]
AL161757	Blood[0]
AL161772	Blood[0]
AL161781	Blood[0]
AL161782	Blood[0]
AL161785	Blood[0]
AL161793	Blood[0]
AL161804	Blood[0]
AL161896	Blood[0]
AL161908	Blood[0]
AL161909	Blood[0]
AL161912	Blood[0]
AL161935	Blood[0]
AL161937	Blood[0]
AL161938	Blood[0]
AL162151	Blood[0]
AL162171	Blood[0]
AL162231	Blood[0]
AL162253	Blood[0]
AL162254	Blood[0]
AL162258	Blood[0]
AL162274	Blood[0]
AL162293	Blood[0]
AL162311	Blood[0]
AL162377	Blood[0]
AL162384	Blood[0]
AL162385	Blood[0]
AL162391	Blood[0]
AL162394	Blood[0]
AL162399	Blood[0]
AL162400	Blood[0]
AL162408	Blood[0]
AL162411	Blood[0]
AL162412	Blood[0]
AL162413	Blood[0]
AL162414	Blood[0]
AL162417	Blood[0]
AL162419	Blood[0]
AL162425	Blood[0]
AL162426	Blood[0]
AL162427	Blood[0]
AL162430	Blood[0]
AL162431	Blood[0]
AL162457	Blood[0]
AL162464	Blood[0]
AL162497	Blood[0]
AL162511	Blood[0]
AL162574	Blood[0]
AL162582	Blood[0]
AL162584	Blood[0]
AL162586	Blood[0]
AL162591	Blood[0]
AL162595	Blood[0]
AL162632	Blood[0]
AL162713	Blood[0]
AL162718	Blood[0]
AL162724	Blood[0]
AL162725	Blood[0]
AL162726	Blood[0]
AL162727	Blood[0]
AL162734	Blood[0]
AL162741	Blood[0]
AL162742	Blood[0]
AL162872	Blood[0]
AL163051	Blood[0]
AL163192	Blood[0]
AL163195	Blood[0]
AL163636	Blood[0]
AL163932	Blood[0]
AL163953	Blood[0]
AL163973	Blood[0]
AL352955	Blood[0]
AL352977	Blood[0]
AL352979	Blood[0]
AL352984	Blood[0]
AL353052	Blood[0]
AL353135	Blood[0]
AL353148	Blood[0]
AL353152	Blood[0]
AL353194	Blood[0]
AL353572	Blood[0]
AL353581	Blood[0]
AL353588	Blood[0]
AL353593	Blood[0]
AL353596	Blood[0]
AL353597	Blood[0]
AL353600	Blood[0]
AL353604	Blood[0]
AL353608	Blood[0]
AL353611	Blood[0]
AL353612	Blood[0]
AL353613	Blood[0]
AL353614	Blood[0]
AL353615	Blood[0]
AL353616	Blood[0]
AL353622	Blood[0]
AL353626	Blood[0]
AL353633	Blood[0]
AL353651	Blood[0]
AL353653	Blood[0]
AL353658	Blood[0]
AL353680	Blood[0]
AL353681	Blood[0]
AL353689	Blood[0]
AL353693	Blood[0]
AL353699	Blood[0]
AL353708	Blood[0]
AL353719	Blood[0]
AL353732	Blood[0]
AL353740	Blood[0]
AL353742	Blood[0]
AL353743	Blood[0]
AL353747	Blood[0]
AL353751	Blood[0]
AL353753	Blood[0]
AL353764	Blood[0]
AL353768	Blood[0]
AL353770	Blood[0]
AL353771	Blood[0]
AL353780	Blood[0]
AL353784	Blood[0]
AL353795	Blood[0]
AL353801	Blood[0]
AL353803	Blood[0]
AL353804	Blood[0]
AL353807	Blood[0]
AL353811	Blood[0]
AL353997	Blood[0]
AL354674	Blood[0]
AL354694	Blood[0]
AL354702	Blood[0]
AL354707	Blood[0]
AL354710	Blood[0]
AL354712	Blood[0]
AL354714	Blood[0]
AL354718	Blood[0]
AL354719	Blood[0]
AL354726	Blood[0]
AL354732	Blood[0]
AL354733	Blood[0]
AL354754	Blood[0]
AL354760	Blood[0]
AL354761	Blood[0]
AL354766	Blood[0]
AL354771	Blood[0]
AL354793	Blood[0]
AL354794	Blood[0]
AL354809	Blood[0]
AL354810	Blood[0]
AL354811	Blood[0]
AL354813	Blood[0]
AL354821	Blood[0]
AL354822	Blood[0]
AL354824	Blood[0]
AL354836	Blood[0]
AL354861	Blood[0]
AL354864	Blood[0]
AL354872	Blood[0]
AL354892	Blood[0]
AL354893	Blood[0]
AL354896	Blood[0]
AL354919	Blood[0]
AL354920	Blood[0]
AL354928	Blood[0]
AL354949	Blood[0]
AL354950	Blood[0]
AL354956	Blood[0]
AL354977	Blood[0]
AL354979	Blood[0]
AL354984	Blood[0]
AL354989	Blood[0]
AL354993	Blood[0]
AL354994	Blood[0]
AL355001	Blood[0]
AL355073	Blood[0]
AL355075	Blood[0]
AL355076	Blood[0]
AL355095	Blood[0]
AL355096	Blood[0]
AL355097	Blood[0]
AL355102	Blood[0]
AL355103	Blood[0]
AL355112	Blood[0]
AL355297	Blood[0]
AL355300	Blood[0]
AL355303	Blood[0]
AL355304	Blood[0]
AL355306	Blood[0]
AL355310	Blood[0]
AL355312	Blood[0]
AL355314	Blood[0]
AL355315	Blood[0]
AL355338	Blood[0]
AL355339	Blood[0]
AL355340	Blood[0]
AL355353	Blood[0]
AL355376	Blood[0]
AL355385	Blood[0]
AL355388	Blood[0]
AL355390	Blood[0]
AL355432	Blood[0]
AL355472	Blood[0]
AL355478	Blood[0]
AL355482	Blood[0]
AL355483	Blood[0]
AL355488	Blood[0]
AL355490	Blood[0]
AL355493	Blood[0]
AL355497	Blood[0]
AL355500	Blood[0]
AL355512	Blood[0]
AL355516	Blood[0]
AL355526	Blood[0]
AL355537	Blood[0]
AL355574	Blood[0]
AL355578	Blood[0]
AL355581	Blood[0]
AL355592	Blood[0]
AL355596	Blood[0]
AL355601	Blood[0]
AL355602	Blood[0]
AL355607	Blood[0]
AL355613	Blood[0]
AL355674	Blood[0]
AL355773	Blood[0]
AL355802	Blood[0]
AL355803	Blood[0]
AL355810	Blood[0]
AL355816	Blood[0]
AL355834	Blood[0]
AL355838	Blood[0]
AL355870	Blood[0]
AL355916	Blood[0]
AL355922	Blood[0]
AL355974	Blood[0]
AL355981	Blood[0]
AL355987	Blood[0]
AL355989	Blood[0]
AL355990	Blood[0]
AL355994	Blood[0]
AL355997	Blood[0]
AL356010	Blood[0]
AL356019	Blood[0]
AL356020	Blood[0]
AL356022	Blood[0]
AL356056	Blood[0]
AL356108	Blood[0]
AL356124	Blood[0]
AL356130	Blood[0]
AL356133	Blood[0]
AL356134	Blood[0]
AL356157	Blood[0]
AL356215	Blood[0]
AL356218	Blood[0]
AL356234	Blood[0]
AL356258	Blood[0]
AL356259	Blood[0]
AL356270	Blood[0]
AL356272	Blood[0]
AL356275	Blood[0]
AL356276	Blood[0]
AL356277	Blood[0]
AL356289	Blood[0]
AL356309	Blood[0]
AL356310	Blood[0]
AL356311	Blood[0]
AL356356	Blood[0]
AL356361	Blood[0]
AL356364	Blood[0]
AL356387	Blood[0]
AL356414	Blood[0]
AL356417	Blood[0]
AL356421	Blood[0]
AL356441	Blood[0]
AL356475	Blood[0]
AL356476	Blood[0]
AL356479	Blood[0]
AL356481	Blood[0]
AL356488	Blood[0]
AL356489	Blood[0]
AL356512	Blood[0]
AL356515	Blood[0]
AL356580	Blood[0]
AL356599	Blood[0]
AL356608	Blood[0]
AL356652	Blood[0]
AL356740	Blood[0]
AL356747	Blood[0]
AL356753	Blood[0]
AL356756	Blood[0]
AL356804	Blood[0]
AL356805	Blood[0]
AL356859	Blood[0]
AL356961	Blood[0]
AL357033	Blood[0]
AL357052	Blood[0]
AL357054	Blood[0]
AL357055	Blood[0]
AL357060	Blood[0]
AL357078	Blood[0]
AL357093	Blood[0]
AL357127	Blood[0]
AL357140	Blood[0]
AL357153	Blood[0]
AL357172	Blood[0]
AL357314	Blood[0]
AL357375	Blood[0]
AL357497	Blood[0]
AL357500	Blood[0]
AL357507	Blood[0]
AL357509	Blood[0]
AL357514	Blood[0]
AL357518	Blood[0]
AL357552	Blood[0]
AL357556	Blood[0]
AL357558	Blood[0]
AL357568	Blood[0]
AL357673	Blood[0]
AL357793	Blood[0]
AL357832	Blood[0]
AL357833	Blood[0]
AL357873	Blood[0]
AL357874	Blood[0]
AL357936	Blood[0]
AL357992	Blood[0]
AL358072	Blood[0]
AL358075	Blood[0]
AL358113	Blood[0]
AL358115	Blood[0]
AL358117	Blood[0]
AL358154	Blood[0]
AL358176	Blood[0]
AL358215	Blood[0]
AL358216	Blood[0]
AL358234	Blood[0]
AL358292	Blood[0]
AL358332	Blood[0]
AL358333	Blood[0]
AL358334	Blood[0]
AL358335	Blood[0]
AL358393	Blood[0]
AL358394	Blood[0]
AL358452	Blood[0]
AL358472	Blood[0]
AL358473	Blood[0]
AL358612	Blood[0]
AL358613	Blood[0]
AL358779	Blood[0]
AL358781	Blood[0]
AL358790	Blood[0]
AL358852	Blood[0]
AL358876	Blood[0]
AL358933	Blood[0]
AL358937	Blood[0]
AL358972	Blood[0]
AL358975	Blood[0]
AL359076	Blood[0]
AL359081	Blood[0]
AL359091	Blood[0]
AL359094	Blood[0]
AL359182	Blood[0]
AL359195	Blood[0]
AL359198	Blood[0]
AL359220	Blood[0]
AL359232	Blood[0]
AL359233	Blood[0]
AL359237	Blood[0]
AL359238	Blood[0]
AL359258	Blood[0]
AL359265	Blood[0]
AL359313	Blood[0]
AL359317	Blood[0]
AL359378	Blood[0]
AL359382	Blood[0]
AL359397	Blood[0]
AL359399	Blood[0]
AL359458	Blood[0]
AL359502	Blood[0]
AL359504	Blood[0]
AL359513	Blood[0]
AL359541	Blood[0]
AL359547	Blood[0]
AL359551	Blood[0]
AL359555	Blood[0]
AL359633	Blood[0]
AL359636	Blood[0]
AL359643	Blood[0]
AL359644	Blood[0]
AL359649	Blood[0]
AL359682	Blood[0]
AL359693	Blood[0]
AL359694	Blood[0]
AL359706	Blood[0]
AL359710	Blood[0]
AL359711	Blood[0]
AL359715	Blood[0]
AL359736	Blood[0]
AL359745	Blood[0]
AL359762	Blood[0]
AL359764	Blood[0]
AL359771	Blood[0]
AL359792	Blood[0]
AL359815	Blood[0]
AL359834	Blood[0]
AL359851	Blood[0]
AL359853	Blood[0]
AL359878	Blood[0]
AL359881	Blood[0]
AL359915	Blood[0]
AL359918	Blood[0]
AL359921	Blood[0]
AL359922	Blood[0]
AL359924	Blood[0]
AL359962	Blood[0]
AL359979	Blood[0]
AL360004	Blood[0]
AL360007	Blood[0]
AL360012	Blood[0]
AL360013	Blood[0]
AL360014	Blood[0]
AL360089	Blood[0]
AL360091	Blood[0]
AL360093	Blood[0]
AL360157	Blood[0]
AL360169	Blood[0]
AL360175	Blood[0]
AL360181	Blood[0]
AL360182	Blood[0]
AL360219	Blood[0]
AL360227	Blood[0]
AL360267	Blood[0]
AL360268	Blood[0]
AL360270	Blood[0]
AL360294	Blood[0]
AL360295	Blood[0]
AL365181	Blood[0]
AL365184	Blood[0]
AL365194	Blood[0]
AL365199	Blood[0]
AL365203	Blood[0]
AL365204	Blood[0]
AL365205	Blood[0]
AL365214	Blood[0]
AL365226	Blood[0]
AL365232	Blood[0]
AL365255	Blood[0]
AL365258	Blood[0]
AL365259	Blood[0]
AL365271	Blood[0]
AL365273	Blood[0]
AL365275	Blood[0]
AL365277	Blood[0]
AL365318	Blood[0]
AL365330	Blood[0]
AL365356	Blood[0]
AL365361	Blood[0]
AL365394	Blood[0]
AL365434	Blood[0]
AL365440	Blood[0]
AL365500	Blood[0]
AL389885	Blood[0]
AL389889	Blood[0]
AL390036	Blood[0]
AL390037	Blood[0]
AL390038	Blood[0]
AL390061	Blood[0]
AL390066	Blood[0]
AL390067	Blood[0]
AL390115	Blood[0]
AL390198	Blood[0]
AL390208	Blood[0]
AL390243	Blood[0]
AL390254	Blood[0]
AL390294	Blood[0]
AL390718	Blood[0]
AL390719	Blood[0]
AL390728	Blood[0]
AL390729	Blood[0]
AL390730	Blood[0]
AL390760	Blood[0]
AL390763	Blood[0]
AL390774	Blood[0]
AL390778	Blood[0]
AL390786	Blood[0]
AL390816	Blood[0]
AL390835	Blood[0]
AL390838	Blood[0]
AL390856	Blood[0]
AL390860	Blood[0]
AL390862	Blood[0]
AL390866	Blood[0]
AL390955	Blood[0]
AL390957	Blood[0]
AL390961	Blood[0]
AL390962	Blood[0]
AL390964	Blood[0]
AL391056	Blood[0]
AL391069	Blood[0]
AL391095	Blood[0]
AL391097	Blood[0]
AL391117	Blood[0]
AL391119	Blood[0]
AL391121	Blood[0]
AL391152	Blood[0]
AL391244	Blood[0]
AL391261	Blood[0]
AL391262	Blood[0]
AL391294	Blood[0]
AL391335	Blood[0]
AL391336	Blood[0]
AL391361	Blood[0]
AL391415	Blood[0]
AL391421	Blood[0]
AL391422	Blood[0]
AL391427	Blood[0]
AL391497	Blood[0]
AL391597	Blood[0]
AL391645	Blood[0]
AL391650	Blood[0]
AL391684	Blood[0]
AL391704	Blood[0]
AL391811	Blood[0]
AL391834	Blood[0]
AL391839	Blood[0]
AL391845	Blood[0]
AL391863	Blood[0]
AL391869	Blood[0]
AL391883	Blood[0]
AL391987	Blood[0]
AL391988	Blood[0]
AL392023	Blood[0]
AL392046	Blood[0]
AL392048	Blood[0]
AL392086	Blood[0]
AL392172	Blood[0]
AL392183	Blood[0]
AL392185	Blood[0]
AL441883	Blood[0]
AL441943	Blood[0]
AL441989	Blood[0]
AL441992	Blood[0]
AL442071	Blood[0]
AL442128	Blood[0]
AL442224	Blood[0]
AL442638	Blood[0]
AL442647	Blood[0]
AL442663	Blood[0]
AL445070	Blood[0]
AL445072	Blood[0]
AL445074	Blood[0]
AL445123	Blood[0]
AL445183	Blood[0]
AL445190	Blood[0]
AL445193	Blood[0]
AL445205	Blood[0]
AL445209	Blood[0]
AL445218	Blood[0]
AL445224	Blood[0]
AL445228	Blood[0]
AL445231	Blood[0]
AL445235	Blood[0]
AL445248	Blood[0]
AL445250	Blood[0]
AL445288	Blood[0]
AL445307	Blood[0]
AL445309	Blood[0]
AL445363	Blood[0]
AL445423	Blood[0]
AL445426	Blood[0]
AL445430	Blood[0]
AL445433	Blood[0]
AL445465	Blood[0]
AL445470	Blood[0]
AL445471	Blood[0]
AL445472	Blood[0]
AL445483	Blood[0]
AL445488	Blood[0]
AL445489	Blood[0]
AL445490	Blood[0]
AL445493	Blood[0]
AL445524	Blood[0]
AL445531	Blood[0]
AL445584	Blood[0]
AL445623	Blood[0]
AL445644	Blood[0]
AL445647	Blood[0]
AL445648	Blood[0]
AL445673	Blood[0]
AL445685	Blood[0]
AL445686	Blood[0]
AL445931	Blood[0]
AL445933	Blood[0]
AL445985	Blood[0]
AL445989	Blood[0]
AL449043	Blood[0]
AL449106	Blood[0]
AL449266	Blood[0]
AL449403	Blood[0]
AL449983	Blood[0]
AL450003	Blood[0]
AL450226	Blood[0]
AL450263	Blood[0]
AL450267	Blood[0]
AL450270	Blood[0]
AL450306	Blood[0]
AL450311	Blood[0]
AL450313	Blood[0]
AL450322	Blood[0]
AL450326	Blood[0]
AL450327	Blood[0]
AL450332	Blood[0]
AL450344	Blood[0]
AL450345	Blood[0]
AL450384	Blood[0]
AL450423	Blood[0]
AL450426	Blood[0]
AL450442	Blood[0]
AL450468	Blood[0]
AL450469	Blood[0]
AL450990	Blood[0]
AL450992	Blood[0]
AL450998	Blood[0]
AL451007	Blood[0]
AL451042	Blood[0]
AL451047	Blood[0]
AL451048	Blood[0]
AL451049	Blood[0]
AL451050	Blood[0]
AL451060	Blood[0]
AL451062	Blood[0]
AL451064	Blood[0]
AL451065	Blood[0]
AL451067	Blood[0]
AL451070	Blood[0]
AL451074	Blood[0]
AL451081	Blood[0]
AL451105	Blood[0]
AL451107	Blood[0]
AL451127	Blood[0]
AL451129	Blood[0]
AL451137	Blood[0]
AL451140	Blood[0]
AL451164	Blood[0]
AL451165	Blood[0]
AL499616	Blood[0]
AL499627	Blood[0]
AL500522	Blood[0]
AL512271	Blood[0]
AL512274	Blood[0]
AL512288	Blood[0]
AL512303	Blood[0]
AL512306	Blood[0]
AL512310	Blood[0]
AL512328	Blood[0]
AL512329	Blood[0]
AL512343	Blood[0]
AL512353	Blood[0]
AL512357	Blood[0]
AL512363	Blood[0]
AL512380	Blood[0]
AL512408	Blood[0]
AL512413	Blood[0]
AL512422	Blood[0]
AL512428	Blood[0]
AL512444	Blood[0]
AL512506	Blood[0]
AL512598	Blood[0]
AL512604	Blood[0]
AL512622	Blood[0]
AL512624	Blood[0]
AL512625	Blood[0]
AL512631	Blood[0]
AL512634	Blood[0]
AL512638	Blood[0]
AL512641	Blood[0]
AL512643	Blood[0]
AL512649	Blood[0]
AL512656	Blood[0]
AL512658	Blood[0]
AL512770	Blood[0]
AL512785	Blood[0]
AL512791	Blood[0]
AL513008	Blood[0]
AL513122	Blood[0]
AL513123	Blood[0]
AL513128	Blood[0]
AL513164	Blood[0]
AL513165	Blood[0]
AL513185	Blood[0]
AL513188	Blood[0]
AL513190	Blood[0]
AL513211	Blood[0]
AL513217	Blood[0]
AL513218	Blood[0]
AL513283	Blood[0]
AL513285	Blood[0]
AL513303	Blood[0]
AL513314	Blood[0]
AL513320	Blood[0]
AL513321	Blood[0]
AL513323	Blood[0]
AL513324	Blood[0]
AL513327	Blood[0]
AL513329	Blood[0]
AL513348	Blood[0]
AL513365	Blood[0]
AL513422	Blood[0]
AL513478	Blood[0]
AL513493	Blood[0]
AL513523	Blood[0]
AL513542	Blood[0]
AL513548	Blood[0]
AL513550	Blood[0]
AL583722	Blood[0]
AL583785	Blood[0]
AL583803	Blood[0]
AL583804	Blood[0]
AL583808	Blood[0]
AL583810	Blood[0]
AL583824	Blood[0]
AL583836	Blood[0]
AL583839	Blood[0]
AL583852	Blood[0]
AL583854	Blood[0]
AL583856	Blood[0]
AL583859	Blood[0]
AL589182	Blood[0]
AL589642	Blood[0]
AL589666	Blood[0]
AL589669	Blood[0]
AL589678	Blood[0]
AL589684	Blood[0]
AL589702	Blood[0]
AL589740	Blood[0]
AL589743	Blood[0]
AL589745	Blood[0]
AL589765	Blood[0]
AL589826	Blood[0]
AL589843	Blood[0]
AL589923	Blood[0]
AL589946	Blood[0]
AL589987	Blood[0]
AL589990	Blood[0]
AL590004	Blood[0]
AL590006	Blood[0]
AL590068	Blood[0]
AL590079	Blood[0]
AL590095	Blood[0]
AL590096	Blood[0]
AL590132	Blood[0]
AL590133	Blood[0]
AL590226	Blood[0]
AL590227	Blood[0]
AL590235	Blood[0]
AL590282	Blood[0]
AL590302	Blood[0]
AL590369	Blood[0]
AL590378	Blood[0]
AL590381	Blood[0]
AL590385	Blood[0]
AL590399	Blood[0]
AL590408	Blood[0]
AL590422	Blood[0]
AL590426	Blood[0]
AL590428	Blood[0]
AL590432	Blood[0]
AL590434	Blood[0]
AL590438	Blood[0]
AL590440	Blood[0]
AL590483	Blood[0]
AL590490	Blood[0]
AL590491	Blood[0]
AL590502	Blood[0]
AL590560	Blood[0]
AL590609	Blood[0]
AL590617	Blood[0]
AL590637	Blood[0]
AL590640	Blood[0]
AL590644	Blood[0]
AL590648	Blood[0]
AL590652	Blood[0]
AL590677	Blood[0]
AL590683	Blood[0]
AL590705	Blood[0]
AL590708	Blood[0]
AL590714	Blood[0]
AL590723	Blood[0]
AL590727	Blood[0]
AL590729	Blood[0]
AL590730	Blood[0]
AL590764	Blood[0]
AL590783	Blood[0]
AL590787	Blood[0]
AL590822	Blood[0]
AL590867	Blood[0]
AL590999	Blood[0]
AL591030	Blood[0]
AL591074	Blood[0]
AL591163	Blood[0]
AL591167	Blood[0]
AL591178	Blood[0]
AL591212	Blood[0]
AL591222	Blood[0]
AL591242	Blood[0]
AL591368	Blood[0]
AL591441	Blood[0]
AL591468	Blood[0]
AL591501	Blood[0]
AL591503	Blood[0]
AL591504	Blood[0]
AL591518	Blood[0]
AL591543	Blood[0]
AL591643	Blood[0]
AL591684	Blood[0]
AL591686	Blood[0]
AL591719	Blood[0]
AL591721	Blood[0]
AL591767	Blood[0]
AL591770	Blood[0]
AL591845	Blood[0]
AL591846	Blood[0]
AL591848	Blood[0]
AL591885	Blood[0]
AL591895	Blood[0]
AL591896	Blood[0]
AL591926	Blood[0]
AL592043	Blood[0]
AL592071	Blood[0]
AL592078	Blood[0]
AL592114	Blood[0]
AL592146	Blood[0]
AL592148	Blood[0]
AL592161	Blood[0]
AL592164	Blood[0]
AL592166	Blood[0]
AL592182	Blood[0]
AL592183	Blood[0]
AL592211	Blood[0]
AL592287	Blood[0]
AL592295	Blood[0]
AL592301	Blood[0]
AL592309	Blood[0]
AL592402	Blood[0]
AL592430	Blood[0]
AL592431	Blood[0]
AL592435	Blood[0]
AL592463	Blood[0]
AL592464	Blood[0]
AL592466	Blood[0]
AL592486	Blood[0]
AL592490	Blood[0]
AL592494	Blood[0]
AL592528	Blood[0]
AL592546	Blood[0]
AL596094	Blood[0]
AL596188	Blood[0]
AL596202	Blood[0]
AL596211	Blood[0]
AL596218	Blood[0]
AL596220	Blood[0]
AL596223	Blood[0]
AL596257	Blood[0]
AL596275	Blood[0]
AL596325	Blood[0]
AL596330	Blood[0]
AL596442	Blood[0]
AL596451	Blood[0]
AL603756	Blood[0]
AL603832	Blood[0]
AL603839	Blood[0]
AL603840	Blood[0]
AL603910	Blood[0]
AL606468	Blood[0]
AL606469	Blood[0]
AL606490	Blood[0]
AL606491	Blood[0]
AL606516	Blood[0]
AL606519	Blood[0]
AL606534	Blood[0]
AL606537	Blood[0]
AL606748	Blood[0]
AL606760	Blood[0]
AL606763	Blood[0]
AL606804	Blood[0]
AL606807	Blood[0]
AL606970	Blood[0]
AL607028	Blood[0]
AL611929	Blood[0]
AL626787	Blood[0]
AL627171	Blood[0]
AL627309	Blood[0]
AL627422	Blood[0]
AL627443	Blood[0]
AL645465	Blood[0]
AL645504	Blood[0]
AL645568	Blood[0]
AL645634	Blood[0]
AL645728	Blood[0]
AL645922	Blood[0]
AL645929	Blood[0]
AL645933	Blood[0]
AL645937	Blood[0]
AL645939	Blood[0]
AL645940	Blood[0]
AL645941	Blood[0]
AL645944	Blood[0]
AL646090	Blood[0]
AL662791	Blood[0]
AL662796	Blood[0]
AL662797	Blood[0]
AL662820	Blood[0]
AL662844	Blood[0]
AL662860	Blood[0]
AL662864	Blood[0]
AL662884	Blood[0]
AL662890	Blood[0]
AL662899	Blood[0]
AL662907	Blood[0]
AL663023	Blood[0]
AL663074	Blood[0]
AL669831	Blood[0]
AL669841	Blood[0]
AL669918	Blood[0]
AL669970	Blood[0]
AL670729	Blood[0]
AL671710	Blood[0]
AL672032	Blood[0]
AL672043	Blood[0]
AL672142	Blood[0]
AL672277	Blood[0]
AL672291	Blood[0]
AL683813	Blood[0]
AL683887	Blood[0]
AL691403	Blood[0]
AL691420	Blood[0]
AL691426	Blood[0]
AL691432	Blood[0]
AL691442	Blood[0]
AL691447	Blood[0]
AL691459	Blood[0]
AL691497	Blood[0]
AL691515	Blood[0]
AL691520	Blood[0]
AL713851	Blood[0]
AL713866	Blood[0]
AL713923	Blood[0]
AL713965	Blood[0]
AL713998	Blood[0]
AL713999	Blood[0]
AL731533	Blood[0]
AL731537	Blood[0]
AL731544	Blood[0]
AL731555	Blood[0]
AL731557	Blood[0]
AL731563	Blood[0]
AL731566	Blood[0]
AL731567	Blood[0]
AL731569	Blood[0]
AL731571	Blood[0]
AL731574	Blood[0]
AL731575	Blood[0]
AL731577	Blood[0]
AL731661	Blood[0]
AL731684	Blood[0]
AL732292	Blood[0]
AL732314	Blood[0]
AL732323	Blood[0]
AL732372	Blood[0]
AL732437	Blood[0]
AL772155	Blood[0]
AL772202	Blood[0]
AL772284	Blood[0]
AL772337	Blood[0]
AL772363	Blood[0]
AL773545	Blood[0]
AL805961	Blood[0]
AL807740	Blood[0]
AL807752	Blood[0]
AL807761	Blood[0]
AL831711	Blood[0]
AL831784	Blood[0]
AL844170	Blood[0]
AL844175	Blood[0]
AL844908	Blood[0]
AL845311	Blood[0]
AL845331	Blood[0]
AL845472	Blood[0]
AL845552	Blood[0]
AL928596	Blood[0]
AL928742	Blood[0]
AL928921	Blood[0]
AL928970	Blood[0]
AL929288	Blood[0]
AL929554	Blood[0]
AL929601	Blood[0]
AL935212	Blood[0]
AL953897	Blood[0]
AL954642	Blood[0]
AL954650	Blood[0]
AP000146	Blood[0]
AP000221	Blood[0]
AP000223	Blood[0]
AP000229	Blood[0]
AP000233	Blood[0]
AP000235	Blood[0]
AP000238	Blood[0]
AP000251	Blood[0]
AP000254	Blood[0]
AP000255	Blood[0]
AP000265	Blood[0]
AP000266	Blood[0]
AP000275	Blood[0]
AP000281	Blood[0]
AP000282	Blood[0]
AP000289	Blood[0]
AP000290	Blood[0]
AP000295	Blood[0]
AP000302	Blood[0]
AP000311	Blood[0]
AP000317	Blood[0]
AP000320	Blood[0]
AP000322	Blood[0]
AP000345	Blood[0]
AP000350	Blood[0]
AP000355	Blood[0]
AP000356	Blood[0]
AP000357	Blood[0]
AP000365	Blood[0]
AP000402	Blood[0]
AP000424	Blood[0]
AP000426	Blood[0]
AP000431	Blood[0]
AP000432	Blood[0]
AP000438	Blood[0]
AP000442	Blood[0]
AP000446	Blood[0]
AP000459	Blood[0]
AP000462	Blood[0]
AP000470	Blood[0]
AP000472	Blood[0]
AP000474	Blood[0]
AP000477	Blood[0]
AP000487	Blood[0]
AP000527	Blood[0]
AP000532	Blood[0]
AP000534	Blood[0]
AP000542	Blood[0]
AP000547	Blood[0]
AP000550	Blood[0]
AP000553	Blood[0]
AP000561	Blood[0]
AP000569	Blood[0]
AP000593	Blood[0]
AP000640	Blood[0]
AP000646	Blood[0]
AP000654	Blood[0]
AP000679	Blood[0]
AP000692	Blood[0]
AP000696	Blood[0]
AP000697	Blood[0]
AP000704	Blood[0]
AP000721	Blood[0]
AP000722	Blood[0]
AP000753	Blood[0]
AP000755	Blood[0]
AP000756	Blood[0]
AP000757	Blood[0]
AP000759	Blood[0]
AP000763	Blood[0]
AP000766	Blood[0]
AP000769	Blood[0]
AP000770	Blood[0]
AP000777	Blood[0]
AP000781	Blood[0]
AP000785	Blood[0]
AP000786	Blood[0]
AP000787	Blood[0]
AP000790	Blood[0]
AP000793	Blood[0]
AP000797	Blood[0]
AP000802	Blood[0]
AP000808	Blood[0]
AP000812	Blood[0]
AP000820	Blood[0]
AP000821	Blood[0]
AP000842	Blood[0]
AP000844	Blood[0]
AP000845	Blood[0]
AP000855	Blood[0]
AP000857	Blood[0]
AP000866	Blood[0]
AP000873	Blood[0]
AP000879	Blood[0]
AP000880	Blood[0]
AP000892	Blood[0]
AP000894	Blood[0]
AP000897	Blood[0]
AP000904	Blood[0]
AP000911	Blood[0]
AP000915	Blood[0]
AP000919	Blood[0]
AP000924	Blood[0]
AP000936	Blood[0]
AP000941	Blood[0]
AP000942	Blood[0]
AP000943	Blood[0]
AP000944	Blood[0]
AP000959	Blood[0]
AP000962	Blood[0]
AP000977	Blood[0]
AP000997	Blood[0]
AP001001	Blood[0]
AP001005	Blood[0]
AP001010	Blood[0]
AP001011	Blood[0]
AP001020	Blood[0]
AP001021	Blood[0]
AP001025	Blood[0]
AP001029	Blood[0]
AP001033	Blood[0]
AP001042	Blood[0]
AP001043	Blood[0]
AP001046	Blood[0]
AP001048	Blood[0]
AP001056	Blood[0]
AP001059	Blood[0]
AP001062	Blood[0]
AP001063	Blood[0]
AP001092	Blood[0]
AP001094	Blood[0]
AP001099	Blood[0]
AP001107	Blood[0]
AP001109	Blood[0]
AP001116	Blood[0]
AP001117	Blood[0]
AP001120	Blood[0]
AP001136	Blood[0]
AP001150	Blood[0]
AP001157	Blood[0]
AP001160	Blood[0]
AP001172	Blood[0]
AP001178	Blood[0]
AP001180	Blood[0]
AP001189	Blood[0]
AP001198	Blood[0]
AP001205	Blood[0]
AP001207	Blood[0]
AP001208	Blood[0]
AP001257	Blood[0]
AP001266	Blood[0]
AP001267	Blood[0]
AP001269	Blood[0]
AP001273	Blood[0]
AP001318	Blood[0]
AP001330	Blood[0]
AP001341	Blood[0]
AP001347	Blood[0]
AP001350	Blood[0]
AP001351	Blood[0]
AP001360	Blood[0]
AP001363	Blood[0]
AP001372	Blood[0]
AP001381	Blood[0]
AP001412	Blood[0]
AP001432	Blood[0]
AP001434	Blood[0]
AP001437	Blood[0]
AP001439	Blood[0]
AP001453	Blood[0]
AP001458	Blood[0]
AP001462	Blood[0]
AP001464	Blood[0]
AP001468	Blood[0]
AP001469	Blood[0]
AP001471	Blood[0]
AP001476	Blood[0]
AP001496	Blood[0]
AP001527	Blood[0]
AP001528	Blood[0]
AP001542	Blood[0]
AP001547	Blood[0]
AP001554	Blood[0]
AP001574	Blood[0]
AP001595	Blood[0]
AP001596	Blood[0]
AP001599	Blood[0]
AP001604	Blood[0]
AP001605	Blood[0]
AP001615	Blood[0]
AP001619	Blood[0]
AP001625	Blood[0]
AP001627	Blood[0]
AP001628	Blood[0]
AP001630	Blood[0]
AP001631	Blood[0]
AP001636	Blood[0]
AP001646	Blood[0]
AP001652	Blood[0]
AP001767	Blood[0]
AP001775	Blood[0]
AP001781	Blood[0]
AP001782	Blood[0]
AP001783	Blood[0]
AP001790	Blood[0]
AP001793	Blood[0]
AP001803	Blood[0]
AP001816	Blood[0]
AP001825	Blood[0]
AP001830	Blood[0]
AP001831	Blood[0]
AP001893	Blood[0]
AP001922	Blood[0]
AP001931	Blood[0]
AP001961	Blood[0]
AP001970	Blood[0]
AP001972	Blood[0]
AP001978	Blood[0]
AP001979	Blood[0]
AP001993	Blood[0]
AP001999	Blood[0]
AP002008	Blood[0]
AP002026	Blood[0]
AP002075	Blood[0]
AP002336	Blood[0]
AP002340	Blood[0]
AP002347	Blood[0]
AP002358	Blood[0]
AP002360	Blood[0]
AP002370	Blood[0]
AP002373	Blood[0]
AP002383	Blood[0]
AP002387	Blood[0]
AP002409	Blood[0]
AP002414	Blood[0]
AP002428	Blood[0]
AP002433	Blood[0]
AP002439	Blood[0]
AP002444	Blood[0]
AP002449	Blood[0]
AP002478	Blood[0]
AP002490	Blood[0]
AP002495	Blood[0]
AP002498	Blood[0]
AP002505	Blood[0]
AP002512	Blood[0]
AP002518	Blood[0]
AP002748	Blood[0]
AP002754	Blood[0]
AP002759	Blood[0]
AP002761	Blood[0]
AP002765	Blood[0]
AP002768	Blood[0]
AP002770	Blood[0]
AP002784	Blood[0]
AP002802	Blood[0]
AP002807	Blood[0]
AP002812	Blood[0]
AP002833	Blood[0]
AP002840	Blood[0]
AP002852	Blood[0]
AP002856	Blood[0]
AP002884	Blood[0]
AP002892	Blood[0]
AP002893	Blood[0]
AP002907	Blood[0]
AP002954	Blood[0]
AP002957	Blood[0]
AP002986	Blood[0]
AP002990	Blood[0]
AP002991	Blood[0]
AP002992	Blood[0]
AP002993	Blood[0]
AP003025	Blood[0]
AP003027	Blood[0]
AP003028	Blood[0]
AP003031	Blood[0]
AP003032	Blood[0]
AP003043	Blood[0]
AP003049	Blood[0]
AP003059	Blood[0]
AP003062	Blood[0]
AP003063	Blood[0]
AP003064	Blood[0]
AP003065	Blood[0]
AP003066	Blood[0]
AP003068	Blood[0]
AP003071	Blood[0]
AP003086	Blood[0]
AP003096	Blood[0]
AP003097	Blood[0]
AP003100	Blood[0]
AP003108	Blood[0]
AP003110	Blood[0]
AP003115	Blood[0]
AP003117	Blood[0]
AP003119	Blood[0]
AP003121	Blood[0]
AP003122	Blood[0]
AP003123	Blood[0]
AP003128	Blood[0]
AP003170	Blood[0]
AP003171	Blood[0]
AP003174	Blood[0]
AP003181	Blood[0]
AP003306	Blood[0]
AP003351	Blood[0]
AP003354	Blood[0]
AP003355	Blood[0]
AP003385	Blood[0]
AP003386	Blood[0]
AP003390	Blood[0]
AP003392	Blood[0]
AP003393	Blood[0]
AP003396	Blood[0]
AP003397	Blood[0]
AP003400	Blood[0]
AP003438	Blood[0]
AP003465	Blood[0]
AP003467	Blood[0]
AP003472	Blood[0]
AP003481	Blood[0]
AP003486	Blood[0]
AP003498	Blood[0]
AP003500	Blood[0]
AP003501	Blood[0]
AP003548	Blood[0]
AP003550	Blood[0]
AP003557	Blood[0]
AP003559	Blood[0]
AP003680	Blood[0]
AP003692	Blood[0]
AP003696	Blood[0]
AP003715	Blood[0]
AP003716	Blood[0]
AP003717	Blood[0]
AP003718	Blood[0]
AP003721	Blood[0]
AP003730	Blood[0]
AP003733	Blood[0]
AP003774	Blood[0]
AP003781	Blood[0]
AP003785	Blood[0]
AP003900	Blood[0]
AP003969	Blood[0]
AP003973	Blood[0]
AP004147	Blood[0]
AP004247	Blood[0]
AP004550	Blood[0]
AP004609	Blood[0]
AP005019	Blood[0]
AP005057	Blood[0]
AP005059	Blood[0]
AP005062	Blood[0]
AP005120	Blood[0]
AP005121	Blood[0]
AP005131	Blood[0]
AP005135	Blood[0]
AP005137	Blood[0]
AP005202	Blood[0]
AP005203	Blood[0]
AP005205	Blood[0]
AP005209	Blood[0]
AP005210	Blood[0]
AP005229	Blood[0]
AP005230	Blood[0]
AP005233	Blood[0]
AP005242	Blood[0]
AP005264	Blood[0]
AP005271	Blood[0]
AP005273	Blood[0]
AP005328	Blood[0]
AP005329	Blood[0]
AP005357	Blood[0]
AP005380	Blood[0]
AP005432	Blood[0]
AP005433	Blood[0]
AP005436	Blood[0]
AP005482	Blood[0]
AP005530	Blood[0]
AP005717	Blood[0]
AP005899	Blood[0]
AP005901	Blood[0]
AP006216	Blood[0]
AP006219	Blood[0]
AP006284	Blood[0]
AP006285	Blood[0]
AP006287	Blood[0]
AP006295	Blood[0]
AP006333	Blood[0]
AP006437	Blood[0]
AP006545	Blood[0]
AP006547	Blood[0]
AP006565	Blood[0]
AP006621	Blood[0]
AP006623	Blood[0]
AP006748	Blood[0]
AP007216	Blood[0]
BX004987	Blood[0]
BX005019	Blood[0]
BX005040	Blood[0]
BX005132	Blood[0]
BX005214	Blood[0]
BX005266	Blood[0]
BX072566	Blood[0]
BX072579	Blood[0]
BX088645	Blood[0]
BX088651	Blood[0]
BX088723	Blood[0]
BX119904	Blood[0]
BX248123	Blood[0]
BX248415	Blood[0]
BX255923	Blood[0]
BX255925	Blood[0]
BX276092	Blood[0]
BX284656	Blood[0]
BX284668	Blood[0]
BX293535	Blood[0]
BX322234	Blood[0]
BX322557	Blood[0]
BX322559	Blood[0]
BX322562	Blood[0]
BX323043	Blood[0]
BX323046	Blood[0]
BX324167	Blood[0]
BX470102	Blood[0]
BX470209	Blood[0]
BX537318	Blood[0]
BX539320	Blood[0]
BX546450	Blood[0]
BX547991	Blood[0]
BX571846	Blood[0]
BX640514	Blood[0]
BX640515	Blood[0]
BX649601	Blood[0]
BX649632	Blood[0]
BX664718	Blood[0]
BX664730	Blood[0]
BX890604	Blood[0]
BX927359	Blood[0]
CR381653	Blood[0]
CR382287	Blood[0]
CR383656	Blood[0]
CR392000	Blood[0]
CR392039	Blood[0]
CR559946	Blood[0]
CR769775	Blood[0]
CR786580	Blood[0]
CR936218	Blood[0]
CU104787	Blood[0]
CU633904	Blood[0]
CU633906	Blood[0]
CU633967	Blood[0]
CU633980	Blood[0]
CU634019	Blood[0]
CU638689	Blood[0]
CU639417	Blood[0]
DKFZP434H168	Blood[0]
FLJ45513	Blood[0]
FO393400	Blood[0]
FO393401	Blood[0]
FO393408	Blood[0]
FO393415	Blood[0]
FO393418	Blood[0]
FO393419	Blood[0]
FO680682	Blood[0]
FO681492	Blood[0]
FO704657	Blood[0]
FP236240	Blood[0]
FP236241	Blood[0]
FP236315	Blood[0]
FP236383	Blood[0]
FP325318	Blood[0]
FP325330	Blood[0]
FP475955	Blood[0]
FP565171	Blood[0]
FP565260	Blood[0]
FP671120	Blood[0]
FP700111	Blood[0]
KC877392	Blood[0]
KC877982	Blood[0]
KF456478	Blood[0]
KF459542	Blood[0]
L29074	Blood[0]
L34079	Blood[0]
SGK494	Blood[0]
U51244	Blood[0]
U52111	Blood[0]
U52112	Blood[0]
U62317	Blood[0]
U73166	Blood[0]
U91319	Blood[0]
U91324	Blood[0]
U91328	Blood[0]
U95743	Blood[0]
Z68323	Blood[0]
Z68871	Blood[0]
Z69666	Blood[0]
Z69706	Blood[0]
Z69720	Blood[0]
Z69733	Blood[0]
Z73429	Blood[0]
Z73495	Blood[0]
Z82173	Blood[0]
Z82180	Blood[0]
Z82185	Blood[0]
Z82186	Blood[0]
Z82188	Blood[0]
Z82190	Blood[0]
Z82196	Blood[0]
Z82198	Blood[0]
Z82202	Blood[0]
Z82206	Blood[0]
Z82214	Blood[0]
Z82217	Blood[0]
Z82243	Blood[0]
Z82244	Blood[0]
Z82246	Blood[0]
Z82249	Blood[0]
Z83818	Blood[0]
Z83839	Blood[0]
Z83844	Blood[0]
Z83847	Blood[0]
Z83851	Blood[0]
Z84484	Blood[0]
Z84485	Blood[0]
Z84488	Blood[0]
Z84492	Blood[0]
Z85994	Blood[0]
Z86062	Blood[0]
Z92544	Blood[0]
Z93241	Blood[0]
Z93403	Blood[0]
Z93930	Blood[0]
Z94057	Blood[0]
Z94160	Blood[0]
Z94721	Blood[0]
Z95114	Blood[0]
Z95115	Blood[0]
Z95624	Blood[0]
Z96074	Blood[0]
Z97055	Blood[0]
Z97056	Blood[0]
Z97192	Blood[0]
Z97198	Blood[0]
Z97200	Blood[0]
Z97205	Blood[0]
Z97206	Blood[0]
Z97353	Blood[0]
Z97652	Blood[0]
Z97653	Blood[0]
Z97986	Blood[0]
Z97987	Blood[0]
Z97989	Blood[0]
Z98200	Blood[0]
Z98257	Blood[0]
Z98259	Blood[0]
Z98742	Blood[0]
Z98747	Blood[0]
Z98752	Blood[0]
Z98884	Blood[0]
Z98885	Blood[0]
Z98949	Blood[0]
Z99127	Blood[0]
Z99289	Blood[0]
Z99716	Blood[0]
Z99755	Blood[0]
Z99756	Blood[0]
Z99758	Blood[0]
Z99774	Blood[0]
Z99916	Blood[0]
Z99943	Blood[0]
D3ERTD254E	transcription_factor.curated/CURATED[0]
DPPA5A	transcription_factor.curated/CURATED[0]
MSX3	transcription_factor.curated/CURATED[0]
NKX2-9	transcription_factor.curated/CURATED[0]
ZFP105	transcription_factor.curated/CURATED[0]
ZFP110	transcription_factor.curated/CURATED[0]
ZFP111	transcription_factor.curated/CURATED[0]
ZFP12	transcription_factor.curated/CURATED[0]
ZFP13	transcription_factor.curated/CURATED[0]
ZFP146	transcription_factor.curated/CURATED[0]
ZFP212	transcription_factor.curated/CURATED[0]
ZFP213	transcription_factor.curated/CURATED[0]
ZFP217	transcription_factor.curated/CURATED[0]
ZFP219	transcription_factor.curated/CURATED[0]
ZFP260	transcription_factor.curated/CURATED[0]
ZFP263	transcription_factor.curated/CURATED[0]
ZFP280B	transcription_factor.curated/CURATED[0]
ZFP281	transcription_factor.curated/CURATED[0]
ZFP322A	transcription_factor.curated/CURATED[0]
ZFP334	transcription_factor.curated/CURATED[0]
ZFP35	transcription_factor.curated/CURATED[0]
ZFP354C	transcription_factor.curated/CURATED[0]
ZFP397	transcription_factor.curated/CURATED[0]
ZFP445	transcription_factor.curated/CURATED[0]
ZFP46	transcription_factor.curated/CURATED[0]
ZFP467	transcription_factor.curated/CURATED[0]
ZFP516	transcription_factor.curated/CURATED[0]
ZFP518B	transcription_factor.curated/CURATED[0]
ZFP560	transcription_factor.curated/CURATED[0]
ZFP568	transcription_factor.curated/CURATED[0]
ZFP606	transcription_factor.curated/CURATED[0]
ZFP612	transcription_factor.curated/CURATED[0]
ZFP623	transcription_factor.curated/CURATED[0]
ZFP628	transcription_factor.curated/CURATED[0]
ZFP639	transcription_factor.curated/CURATED[0]
ZFP668	transcription_factor.curated/CURATED[0]
ZFP68	transcription_factor.curated/CURATED[0]
ZFP691	transcription_factor.curated/CURATED[0]
ZFP7	transcription_factor.curated/CURATED[0]
ZFP707	transcription_factor.curated/CURATED[0]
ZFP710	transcription_factor.curated/CURATED[0]
ZFP746	transcription_factor.curated/CURATED[0]
ZFP770	transcription_factor.curated/CURATED[0]
ZFP775	transcription_factor.curated/CURATED[0]
ZFP869	transcription_factor.curated/CURATED[0]
ZFP937	transcription_factor.curated/CURATED[0]
ZFP948	transcription_factor.curated/CURATED[0]
ZIM1	transcription_factor.curated/CURATED[0]
Alx1	regulator/CURATED[0]
Ankrd1	regulator/CURATED[0]
Arg1	regulator/CURATED[0]
Cdx1	regulator/CURATED[0]
Cdx2	regulator/CURATED[0]
Cdx4	regulator/CURATED[0]
Dlx3	regulator/CURATED[0]
Dlx5	regulator/CURATED[0]
Dlx6	regulator/CURATED[0]
Dppa2	regulator/CURATED[0]
Dppa3	regulator/CURATED[0]
Dppa4	regulator/CURATED[0]
Ebf2	regulator/CURATED[0]
Ebf3	regulator/CURATED[0]
Eomes	regulator/CURATED[0]
Erg	regulator/CURATED[0]
Ets1	regulator/CURATED[0]
Etv2	regulator/CURATED[0]
Evx1	regulator/CURATED[0]
Foxa1	regulator/CURATED[0]
Foxa2	regulator/CURATED[0]
Foxc1	regulator/CURATED[0]
Foxd1	regulator/CURATED[0]
Foxd3	regulator/CURATED[0]
Foxf1	regulator/CURATED[0]
Foxf2	regulator/CURATED[0]
Foxj1	regulator/CURATED[0]
Foxo3	regulator/CURATED[0]
Foxo4	regulator/CURATED[0]
Foxq1	regulator/CURATED[0]
Gata1	regulator/CURATED[0]
Gata2	regulator/CURATED[0]
Gata3	regulator/CURATED[0]
Gata4	regulator/CURATED[0]
Gata5	regulator/CURATED[0]
Gata6	regulator/CURATED[0]
Gbx2	regulator/CURATED[0]
Gsc	regulator/CURATED[0]
Hand1	regulator/CURATED[0]
Hand2	regulator/CURATED[0]
Hes3	regulator/CURATED[0]
Hes5	regulator/CURATED[0]
Hes7	regulator/CURATED[0]
Hesx1	regulator/CURATED[0]
Hnf4a	regulator/CURATED[0]
Hoxa1	regulator/CURATED[0]
Hoxa10	regulator/CURATED[0]
Hoxa11	regulator/CURATED[0]
Hoxa3	regulator/CURATED[0]
Hoxa4	regulator/CURATED[0]
Hoxa5	regulator/CURATED[0]
Hoxa7	regulator/CURATED[0]
Hoxa9	regulator/CURATED[0]
Hoxb1	regulator/CURATED[0]
Hoxb4	regulator/CURATED[0]
Hoxb6	regulator/CURATED[0]
Hoxb9	regulator/CURATED[0]
Hoxc5	regulator/CURATED[0]
Hoxc8	regulator/CURATED[0]
Hoxc9	regulator/CURATED[0]
Hoxd3	regulator/CURATED[0]
Hoxd4	regulator/CURATED[0]
Irx2	regulator/CURATED[0]
Irx3	regulator/CURATED[0]
Irx5	regulator/CURATED[0]
Klf1	regulator/CURATED[0]
Klf13	regulator/CURATED[0]
Klf2	regulator/CURATED[0]
Klf4	regulator/CURATED[0]
Klf5	regulator/CURATED[0]
Klf6	regulator/CURATED[0]
Klf7	regulator/CURATED[0]
Klf8	regulator/CURATED[0]
Klf9	regulator/CURATED[0]
Lhx1	regulator/CURATED[0]
Lhx2	regulator/CURATED[0]
Lmx1a	regulator/CURATED[0]
Lmx1b	regulator/CURATED[0]
Lyl1	regulator/CURATED[0]
Meis1	regulator/CURATED[0]
Meis2	regulator/CURATED[0]
Meox1	regulator/CURATED[0]
Meox2	regulator/CURATED[0]
Mesp1	regulator/CURATED[0]
Mixl1	regulator/CURATED[0]
Msx1	regulator/CURATED[0]
Nanog	regulator/CURATED[0]
Nkx1-2	regulator/CURATED[0]
Nkx2-5	regulator/CURATED[0]
Noto	regulator/CURATED[0]
Nr2f1	regulator/CURATED[0]
Nr2f2	regulator/CURATED[0]
Olig1	regulator/CURATED[0]
Otx1	regulator/CURATED[0]
Otx2	regulator/CURATED[0]
Pax2	regulator/CURATED[0]
Pax3	regulator/CURATED[0]
Pax5	regulator/CURATED[0]
Pax6	regulator/CURATED[0]
Pitx1	regulator/CURATED[0]
Pou3f1	regulator/CURATED[0]
Prrx2	regulator/CURATED[0]
Six3	regulator/CURATED[0]
Snai1	regulator/CURATED[0]
Snai2	regulator/CURATED[0]
Sox1	regulator/CURATED[0]
Sox17	regulator/CURATED[0]
Sox18	regulator/CURATED[0]
Sox2	regulator/CURATED[0]
Sox3	regulator/CURATED[0]
Sox7	regulator/CURATED[0]
Sox9	regulator/CURATED[0]
Sp5	regulator/CURATED[0]
Sp6	regulator/CURATED[0]
Sp8	regulator/CURATED[0]
Tal1	regulator/CURATED[0]
Tbx3	regulator/CURATED[0]
Tbx4	regulator/CURATED[0]
Tbx5	regulator/CURATED[0]
Tbx6	regulator/CURATED[0]
Tcf15	regulator/CURATED[0]
Tfap2a	regulator/CURATED[0]
Tfap2c	regulator/CURATED[0]
Twist1	regulator/CURATED[0]
Utf1	regulator/CURATED[0]
Zfpm1	regulator/CURATED[0]
