HGNC_ID	STATUS	WITHDRAWN_SYMBOL	MERGED_INTO_REPORT(S) (i.e HGNC_ID
HGNC:1	Withdrawn	A12M1	
HGNC:2	Withdrawn	A12M2	
HGNC:3	Withdrawn	A12M3	
HGNC:4	Withdrawn	A12M4	
HGNC:6	Merged/Split	A1S9T	HGNC:12469
HGNC:9	Merged/Split	A2MR	HGNC:6692
HGNC:10	Merged/Split	A2MRAP	HGNC:6701
HGNC:11	Merged/Split	AA	HGNC:11714
HGNC:12	Withdrawn	AABT	
HGNC:13	Merged/Split	AAC1	HGNC:7645
HGNC:14	Merged/Split	AAC2	HGNC:7646
HGNC:24	Merged/Split	ABC1	HGNC:29
HGNC:25	Merged/Split	ABC2	HGNC:32
HGNC:26	Merged/Split	ABC3	HGNC:33
HGNC:27	Merged/Split	ABC50	HGNC:70
HGNC:28	Merged/Split	ABC7	HGNC:48
HGNC:58	Merged/Split	ABCC7	HGNC:1884
HGNC:75	Merged/Split	ABCR	HGNC:34
HGNC:86	Withdrawn	ACAD	
HGNC:96	Merged/Split	ACBP	HGNC:2313
HGNC:97	Merged/Split	ACC	HGNC:84
HGNC:98	Merged/Split	ACCN	HGNC:99
HGNC:106	Merged/Split	ACH	HGNC:3690
HGNC:107	Merged/Split	ACHAP	HGNC:21101
HGNC:109	Merged/Split	ACHM1	HGNC:2153
HGNC:110	Merged/Split	ACHM2	HGNC:2150
HGNC:111	Merged/Split	ACHM3	HGNC:2153
HGNC:112	Merged/Split	ACHRD	HGNC:1965
HGNC:113	Merged/Split	ACHRG	HGNC:1967
HGNC:114	Withdrawn	ACLS	
HGNC:116	Withdrawn	ACMG	
HGNC:128	Merged/Split	ACS3	HGNC:12428
HGNC:131	Merged/Split	ACTA3	HGNC:145
HGNC:138	Withdrawn	ACTBP5	
HGNC:156	Merged/Split	ACTL2	HGNC:147
HGNC:157	Merged/Split	ACTL3	HGNC:145
HGNC:158	Withdrawn	ACTL4	
HGNC:159	Withdrawn	ACTL5	
HGNC:176	Merged/Split	ACVRLK2	HGNC:171
HGNC:178	Merged/Split	ACY1L	HGNC:26295
HGNC:181	Merged/Split	AD1	HGNC:620
HGNC:182	Merged/Split	AD2	HGNC:613
HGNC:183	Merged/Split	AD3	HGNC:9508
HGNC:184	Merged/Split	AD4	HGNC:9509
HGNC:185	Withdrawn	AD5	
HGNC:230	Merged/Split	ADCP2	HGNC:3009
HGNC:231	Merged/Split	ADCR	HGNC:12797
HGNC:246	Merged/Split	ADDL	HGNC:245
HGNC:247	Withdrawn	ADFN	
HGNC:254	Withdrawn	ADH5P1	
HGNC:258	Merged/Split	ADL	HGNC:10805
HGNC:260	Merged/Split	ADMLX	HGNC:6211
HGNC:261	Merged/Split	ADMLY	HGNC:6214
HGNC:266	Withdrawn	ADORA2L1	
HGNC:267	Withdrawn	ADORA2L2	
HGNC:279	Merged/Split	ADRA1C	HGNC:277
HGNC:284	Merged/Split	ADRA2L1	HGNC:282
HGNC:287	Merged/Split	ADRB2RL1	HGNC:5286
HGNC:293	Withdrawn	ADT	
HGNC:294	Merged/Split	ADTAA	HGNC:561
HGNC:295	Merged/Split	ADTAB	HGNC:562
HGNC:296	Merged/Split	ADTB1	HGNC:554
HGNC:299	Merged/Split	ADTB2	HGNC:563
HGNC:300	Merged/Split	ADTG	HGNC:555
HGNC:301	Merged/Split	AE1	HGNC:11027
HGNC:302	Merged/Split	AE2	HGNC:11028
HGNC:305	Merged/Split	AEMK	HGNC:6218
HGNC:306	Merged/Split	AEPLC	HGNC:934
HGNC:308	Merged/Split	AEZ	HGNC:17129
HGNC:309	Withdrawn	AF8T	
HGNC:310	Withdrawn	AFA	
HGNC:311	Merged/Split	AFCP	HGNC:1474
HGNC:312	Withdrawn	AFD1	
HGNC:313	Merged/Split	AFG3	HGNC:314
HGNC:322	Merged/Split	AGMX1	HGNC:1133
HGNC:323	Withdrawn	AGMX2	
HGNC:331	Merged/Split	AGS	HGNC:6188
HGNC:332	Merged/Split	AGS1	HGNC:12269
HGNC:334	Merged/Split	AGTBP	HGNC:16058
HGNC:335	Merged/Split	AGTIL	HGNC:745
HGNC:337	Merged/Split	AGTR1B	HGNC:336
HGNC:340	Withdrawn	AGTRL2	
HGNC:342	Merged/Split	AHC	HGNC:7960
HGNC:345	Merged/Split	AHDS	HGNC:10923
HGNC:350	Withdrawn	AIC	
HGNC:351	Merged/Split	AIED	HGNC:1393
HGNC:353	Merged/Split	AIH1	HGNC:461
HGNC:354	Merged/Split	AIH2	HGNC:3344
HGNC:355	Withdrawn	AIH3	
HGNC:366	Merged/Split	AK6	HGNC:17376
HGNC:383	Merged/Split	AKR1B11	HGNC:382
HGNC:394	Merged/Split	AKU	HGNC:4892
HGNC:398	Merged/Split	ALAS3	HGNC:396
HGNC:401	Merged/Split	ALD	HGNC:61
HGNC:413	Merged/Split	ALDL1	HGNC:66
HGNC:419	Merged/Split	ALDR1	HGNC:381
HGNC:421	Withdrawn	ALDRL2	
HGNC:424	Withdrawn	ALDRL5	
HGNC:426	Withdrawn	ALFN1	
HGNC:440	Withdrawn	ALPPL1	
HGNC:442	Merged/Split	ALS1	HGNC:11179
HGNC:444	Withdrawn	ALS3	
HGNC:446	Merged/Split	ALS5	HGNC:11226
HGNC:448	Merged/Split	ALUNC	HGNC:5172
HGNC:454	Merged/Split	AMCD1	HGNC:12011
HGNC:455	Merged/Split	AMCD2B	HGNC:11946
HGNC:456	Withdrawn	AMCN	
HGNC:458	Merged/Split	AMD2	HGNC:460
HGNC:459	Merged/Split	AMDM	HGNC:7944
HGNC:472	Merged/Split	AMPHL	HGNC:1052
HGNC:480	Merged/Split	AN1	HGNC:8620
HGNC:481	Merged/Split	AN2	HGNC:8620
HGNC:486	Merged/Split	ANGPT3	HGNC:489
HGNC:488	Merged/Split	ANGPT5	HGNC:491
HGNC:498	Withdrawn	ANOP1	
HGNC:499	Merged/Split	ANP	HGNC:7939
HGNC:501	Merged/Split	ANPRA	HGNC:7943
HGNC:502	Merged/Split	ANPRB	HGNC:7944
HGNC:503	Merged/Split	ANPRC	HGNC:7945
HGNC:504	Merged/Split	ANT1	HGNC:10990
HGNC:505	Merged/Split	ANT2	HGNC:10991
HGNC:506	Merged/Split	ANT3	HGNC:10992
HGNC:508	Withdrawn	ANTP2	
HGNC:509	Merged/Split	ANTP3	HGNC:19250
HGNC:510	Withdrawn	ANTP4	
HGNC:514	Merged/Split	ANX1	HGNC:533
HGNC:515	Merged/Split	ANX11	HGNC:535
HGNC:516	Merged/Split	ANX13	HGNC:536
HGNC:517	Merged/Split	ANX2	HGNC:537
HGNC:518	Merged/Split	ANX2L1	HGNC:538
HGNC:519	Merged/Split	ANX2L2	HGNC:539
HGNC:520	Merged/Split	ANX2L3	HGNC:540
HGNC:521	Merged/Split	ANX2L4	HGNC:537
HGNC:522	Merged/Split	ANX2LG	HGNC:10487
HGNC:523	Merged/Split	ANX2P1	HGNC:538
HGNC:524	Merged/Split	ANX2P2	HGNC:539
HGNC:525	Merged/Split	ANX2P3	HGNC:540
HGNC:526	Merged/Split	ANX3	HGNC:541
HGNC:527	Merged/Split	ANX31	HGNC:547
HGNC:528	Merged/Split	ANX4	HGNC:542
HGNC:529	Merged/Split	ANX5	HGNC:543
HGNC:530	Merged/Split	ANX6	HGNC:544
HGNC:531	Merged/Split	ANX7	HGNC:545
HGNC:532	Merged/Split	ANX8	HGNC:546
HGNC:551	Merged/Split	AOM	HGNC:2200
HGNC:552	Merged/Split	AOP1	HGNC:9354
HGNC:577	Merged/Split	APAH1	HGNC:8049
HGNC:585	Merged/Split	APECED	HGNC:360
HGNC:596	Merged/Split	API6	HGNC:1690
HGNC:599	Merged/Split	APNH	HGNC:11071
HGNC:606	Withdrawn	APOBER1	
HGNC:614	Withdrawn	APOEL1	
HGNC:617	Merged/Split	APOJ	HGNC:2095
HGNC:623	Withdrawn	APPL	
HGNC:624	Merged/Split	APPL2	HGNC:598
HGNC:625	Merged/Split	APR	HGNC:6692
HGNC:627	Merged/Split	APS	HGNC:6364
HGNC:628	Merged/Split	APT1	HGNC:11920
HGNC:629	Merged/Split	APT1LG1	HGNC:11936
HGNC:632	Merged/Split	APY	HGNC:7316
HGNC:635	Merged/Split	AQP2L	HGNC:639
HGNC:641	Merged/Split	AQP7L	HGNC:640
HGNC:645	Merged/Split	ARA	HGNC:57
HGNC:650	Withdrawn	ARCN2	
HGNC:653	Merged/Split	ARF2	HGNC:655
HGNC:665	Merged/Split	ARH12	HGNC:667
HGNC:666	Merged/Split	ARH6	HGNC:668
HGNC:699	Merged/Split	ARMD1	HGNC:19194
HGNC:702	Merged/Split	ARP1	HGNC:7976
HGNC:709	Merged/Split	ARR1	HGNC:711
HGNC:715	Merged/Split	ARSC1	HGNC:11425
HGNC:729	Merged/Split	ARVD1	HGNC:11769
HGNC:730	Merged/Split	ARVD2	HGNC:10484
HGNC:731	Withdrawn	ARVD3	
HGNC:732	Withdrawn	ARVD4	
HGNC:733	Merged/Split	ARVD5	HGNC:28472
HGNC:734	Merged/Split	AS	HGNC:4932
HGNC:737	Merged/Split	ASB	HGNC:397
HGNC:741	Withdrawn	ASD1	
HGNC:748	Merged/Split	ASLN	HGNC:2207
HGNC:749	Merged/Split	ASMD	HGNC:9006
HGNC:774	Withdrawn	ASVS1	
HGNC:776	Merged/Split	ATA	HGNC:795
HGNC:778	Merged/Split	ATC	HGNC:795
HGNC:780	Withdrawn	ATD	
HGNC:781	Merged/Split	ATDC	HGNC:795
HGNC:793	Withdrawn	ATHS	
HGNC:796	Merged/Split	ATN1L	HGNC:9965
HGNC:802	Merged/Split	ATP1AL1	HGNC:13816
HGNC:803	Merged/Split	ATP1AL2	HGNC:14073
HGNC:810	Merged/Split	ATP1G1	HGNC:4026
HGNC:818	Withdrawn	ATP3	
HGNC:821	Merged/Split	ATP5	HGNC:847
HGNC:822	Merged/Split	ATP5A	HGNC:847
HGNC:825	Merged/Split	ATP5A1P5	HGNC:827
HGNC:826	Merged/Split	ATP5AL2	HGNC:823
HGNC:832	Withdrawn	ATP5BL2	
HGNC:835	Merged/Split	ATP5CL1	HGNC:833
HGNC:836	Merged/Split	ATP5CL2	HGNC:834
HGNC:852	Withdrawn	ATP6V1A2	
HGNC:867	Merged/Split	ATP6N2	HGNC:866
HGNC:872	Merged/Split	ATPL	HGNC:855
HGNC:873	Merged/Split	ATPM	HGNC:823
HGNC:874	Merged/Split	ATPSB	HGNC:830
HGNC:875	Merged/Split	ATPSBL1	HGNC:831
HGNC:876	Merged/Split	ATPSBL2	HGNC:832
HGNC:883	Merged/Split	ATRC1	HGNC:11057
HGNC:884	Merged/Split	ATRC2	HGNC:11060
HGNC:887	Merged/Split	ATS	HGNC:2207
HGNC:889	Merged/Split	AUF1	HGNC:5036
HGNC:892	Withdrawn	AUTS1	
HGNC:893	Merged/Split	AVED	HGNC:12404
HGNC:898	Merged/Split	AVPR3	HGNC:896
HGNC:899	Withdrawn	AVR	
HGNC:900	Withdrawn	AVRR	
HGNC:901	Merged/Split	AWAL	HGNC:2047
HGNC:902	Merged/Split	AXA1	HGNC:15984
HGNC:906	Merged/Split	AXPC1	HGNC:24682
HGNC:907	Merged/Split	AXT	HGNC:2172
HGNC:908	Withdrawn	AZF1	
HGNC:909	Withdrawn	AZF2	
HGNC:931	Merged/Split	BA2R	HGNC:11535
HGNC:965	Merged/Split	BBS	HGNC:967
HGNC:968	Merged/Split	BBS3	HGNC:13210
HGNC:972	Merged/Split	BCAR2	HGNC:18273
HGNC:979	Merged/Split	BCD1	HGNC:2235
HGNC:980	Merged/Split	BCEI	HGNC:11755
HGNC:981	Withdrawn	BCGF1	
HGNC:982	Merged/Split	BCH	HGNC:11825
HGNC:984	Withdrawn	BCHEL1	
HGNC:985	Withdrawn	BCHEL3	
HGNC:988	Merged/Split	BCL1	HGNC:1582
HGNC:999	Merged/Split	BCL4	HGNC:998
HGNC:1000	Withdrawn	BCL5	
HGNC:1003	Merged/Split	BCL7	HGNC:1004
HGNC:1009	Merged/Split	BCMA	HGNC:11913
HGNC:1010	Merged/Split	BCNG1	HGNC:4845
HGNC:1011	Merged/Split	BCNG2	HGNC:4846
HGNC:1013	Merged/Split	BCPM	HGNC:13211
HGNC:1019	Merged/Split	BCRL6	HGNC:1016
HGNC:1021	Merged/Split	BCUR1	HGNC:6548
HGNC:1025	Merged/Split	BDB	HGNC:10257
HGNC:1026	Merged/Split	BDB1	HGNC:10257
HGNC:1028	Merged/Split	BDK	HGNC:6383
HGNC:1031	Withdrawn	BDM	
HGNC:1032	Merged/Split	BDMR	HGNC:14063
HGNC:1035	Withdrawn	BEVI	
HGNC:1038	Merged/Split	BFD	HGNC:1037
HGNC:1039	Merged/Split	BFLS	HGNC:18145
HGNC:1042	Merged/Split	BFT	HGNC:9004
HGNC:1045	Merged/Split	BGP	HGNC:1814
HGNC:1056	Merged/Split	BLIMP1	HGNC:9346
HGNC:1061	Merged/Split	BLVR	HGNC:1062
HGNC:1064	Withdrawn	BLYM	
HGNC:1086	Merged/Split	BNSP	HGNC:11255
HGNC:1088	Merged/Split	BOR	HGNC:3519
HGNC:1089	Merged/Split	BORJ	HGNC:18145
HGNC:1091	Merged/Split	BPAG2	HGNC:2194
HGNC:1098	Withdrawn	BRAFPS1	
HGNC:1110	Merged/Split	BRIC	HGNC:3706
HGNC:1111	Merged/Split	BRN3B	HGNC:9219
HGNC:1114	Merged/Split	BSCL	HGNC:325
HGNC:1115	Merged/Split	BSEP	HGNC:42
HGNC:1124	Merged/Split	BTEB2	HGNC:6349
HGNC:1134	Merged/Split	BTN	HGNC:1135
HGNC:1146	Merged/Split	BTS	HGNC:2074
HGNC:1147	Withdrawn	BTS1	
HGNC:1150	Merged/Split	BUB1L	HGNC:1148
HGNC:1154	Merged/Split	BWS	HGNC:1786
HGNC:1155	Merged/Split	BWSCR1A	HGNC:10964
HGNC:1156	Merged/Split	BWSCR1B	HGNC:10965
HGNC:1159	Merged/Split	BZS	HGNC:9588
HGNC:1175	Merged/Split	C11orf3	HGNC:1172
HGNC:1179	Merged/Split	C11orf7	HGNC:11405
HGNC:1182	Merged/Split	C12orf1	HGNC:7030
HGNC:1194	Merged/Split	C15orf6	HGNC:18140
HGNC:1195	Merged/Split	C16orf1	HGNC:17916
HGNC:1196	Merged/Split	C16orf2	HGNC:7864
HGNC:1198	Merged/Split	C16orf4	HGNC:7864
HGNC:1199	Merged/Split	C16orf6	HGNC:29564
HGNC:1200	Merged/Split	C17orf1	HGNC:1211
HGNC:1201	Withdrawn	C17orf10	
HGNC:1202	Withdrawn	C17orf11	
HGNC:1203	Withdrawn	C17orf12	
HGNC:1204	Withdrawn	C17orf13	
HGNC:1205	Withdrawn	C17orf14	
HGNC:1206	Withdrawn	C17orf15	
HGNC:1207	Withdrawn	C17orf16	
HGNC:1208	Withdrawn	C17orf17	
HGNC:1209	Withdrawn	C17orf18	
HGNC:1210	Withdrawn	C17orf19	
HGNC:1213	Withdrawn	C17orf2	
HGNC:1214	Withdrawn	C17orf20	
HGNC:1215	Withdrawn	C17orf21	
HGNC:1216	Withdrawn	C17orf22	
HGNC:1218	Withdrawn	C17orf4	
HGNC:1219	Withdrawn	C17orf5	
HGNC:1221	Withdrawn	C17orf7	
HGNC:1222	Withdrawn	C17orf8	
HGNC:1223	Withdrawn	C17orf9	
HGNC:1227	Withdrawn	C1HR	
HGNC:1231	Merged/Split	C1orf11	HGNC:15846
HGNC:1234	Merged/Split	C1orf3	HGNC:10565
HGNC:1235	Merged/Split	C1orf4	HGNC:11110
HGNC:1236	Withdrawn	C1orf5	
HGNC:1238	Merged/Split	C1orf7	HGNC:16400
HGNC:1250	Merged/Split	C20orf2	HGNC:1249
HGNC:1251	Merged/Split	C21orf1	HGNC:13524
HGNC:1252	Merged/Split	C21orf10	HGNC:13082
HGNC:1254	Withdrawn	C21orf12	
HGNC:1256	Merged/Split	C21orf14	HGNC:16459
HGNC:1257	Merged/Split	C21orf15	HGNC:2647
HGNC:1259	Merged/Split	C21orf19	HGNC:23274
HGNC:1261	Withdrawn	NCRNA00098	
HGNC:1267	Merged/Split	C21orf27	HGNC:1258
HGNC:1269	Merged/Split	C21orf3	HGNC:13524
HGNC:1270	Merged/Split	LRRC3DN	HGNC:14965
HGNC:1272	Withdrawn	C21orf32	
HGNC:1275	Merged/Split	C21orf35	HGNC:1274
HGNC:1278	Merged/Split	C21orf38	HGNC:16459
HGNC:1281	Withdrawn	C21orf40	
HGNC:1284	Merged/Split	C21orf43	HGNC:14686
HGNC:1287	Merged/Split	C21orf46	HGNC:1286
HGNC:1289	Merged/Split	C21orf48	HGNC:1301
HGNC:1292	Merged/Split	C21orf50	HGNC:11183
HGNC:1295	Withdrawn	C21orf53	
HGNC:1303	Merged/Split	C21orf60	HGNC:2993
HGNC:1311	Merged/Split	C22orf6	HGNC:10699
HGNC:1315	Merged/Split	C2orf1	HGNC:14487
HGNC:1341	Merged/Split	C6orf2	HGNC:1343
HGNC:1342	Merged/Split	TRAF3IP2-AS2	HGNC:40005
HGNC:1344	Merged/Split	C6orf5	HGNC:1343
HGNC:1345	Merged/Split	C6orf6	HGNC:1343
HGNC:1347	Merged/Split	C7orf1	HGNC:2045
HGNC:1351	Merged/Split	C7orf8	HGNC:15679
HGNC:1360	Merged/Split	C9orf2	HGNC:11866
HGNC:1376	Merged/Split	CA5	HGNC:1377
HGNC:1387	Withdrawn	CACD	
HGNC:1398	Merged/Split	CACNA2	HGNC:1399
HGNC:1410	Merged/Split	CACNL1A1	HGNC:1390
HGNC:1411	Merged/Split	CACNL1A2	HGNC:1391
HGNC:1412	Merged/Split	CACNL1A3	HGNC:1397
HGNC:1413	Merged/Split	CACNL1A4	HGNC:1388
HGNC:1414	Merged/Split	CACNL1A5	HGNC:1389
HGNC:1415	Merged/Split	CACNL1A6	HGNC:1392
HGNC:1416	Merged/Split	CACNL2A	HGNC:1399
HGNC:1417	Merged/Split	CACNLB1	HGNC:1401
HGNC:1418	Merged/Split	CACNLB2	HGNC:1402
HGNC:1419	Merged/Split	CACNLB3	HGNC:1403
HGNC:1420	Merged/Split	CACP	HGNC:9364
HGNC:1423	Merged/Split	CACY	HGNC:10496
HGNC:1425	Merged/Split	CADASIL	HGNC:7883
HGNC:1427	Merged/Split	CAE1	HGNC:4281
HGNC:1428	Merged/Split	CAE2	HGNC:2659
HGNC:1429	Merged/Split	CAGA	HGNC:10498
HGNC:1430	Merged/Split	CAGB	HGNC:10499
HGNC:1431	Merged/Split	CAK	HGNC:2730
HGNC:1432	Merged/Split	CAL1H	HGNC:537
HGNC:1433	Merged/Split	CAL1L	HGNC:10487
HGNC:1450	Merged/Split	CALML1	HGNC:1443
HGNC:1451	Merged/Split	CALML2	HGNC:1442
HGNC:1453	Merged/Split	CALNA	HGNC:9314
HGNC:1454	Merged/Split	CALNB	HGNC:9315
HGNC:1456	Merged/Split	CALS	HGNC:1382
HGNC:1457	Merged/Split	CALT	HGNC:1867
HGNC:1465	Merged/Split	CAMKA	HGNC:1460
HGNC:1466	Merged/Split	CAMKB	HGNC:1461
HGNC:1467	Merged/Split	CAMKD	HGNC:1462
HGNC:1468	Merged/Split	CAMKG	HGNC:1463
HGNC:1475	Merged/Split	CAPL	HGNC:10494
HGNC:1495	Merged/Split	CASA	HGNC:2445
HGNC:1496	Merged/Split	CASB	HGNC:2447
HGNC:1518	Withdrawn	CATHL1L	
HGNC:1524	Withdrawn	CATHLP	
HGNC:1526	Merged/Split	CAV	HGNC:1527
HGNC:1531	Merged/Split	CBBM	HGNC:4206, HGNC:9936
HGNC:1532	Merged/Split	CBD	HGNC:4206
HGNC:1533	Merged/Split	CBFA1	HGNC:10472
HGNC:1534	Merged/Split	CBFA2	HGNC:10471
HGNC:1538	Merged/Split	CBFA3	HGNC:10473
HGNC:1545	Merged/Split	CBP	HGNC:9936
HGNC:1547	Merged/Split	SERPINH2	HGNC:1546
HGNC:1558	Merged/Split	CCA	HGNC:3604
HGNC:1559	Withdrawn	CCA1	
HGNC:1560	Merged/Split	CCA2	HGNC:2398
HGNC:1561	Withdrawn	CCAL1	
HGNC:1562	Merged/Split	CCAL2	HGNC:15492
HGNC:1563	Merged/Split	CCAT	HGNC:4204
HGNC:1566	Withdrawn	CCD#	
HGNC:1567	Merged/Split	CCD1	HGNC:10472
HGNC:1572	Merged/Split	CCL	HGNC:2412
HGNC:1574	Merged/Split	C7orf22	HGNC:21708
HGNC:1575	Merged/Split	CCM3	HGNC:8761
HGNC:1576	Merged/Split	CCNA	HGNC:1578
HGNC:1588	Merged/Split	CCNE	HGNC:1589
HGNC:1597	Merged/Split	CCNL1	HGNC:6944
HGNC:1598	Merged/Split	CCNM	HGNC:20570
HGNC:1601	Merged/Split	CCO	HGNC:10483
HGNC:1614	Withdrawn	CCT	
HGNC:1619	Merged/Split	CCT6	HGNC:1620
HGNC:1624	Withdrawn	CCV	
HGNC:1626	Merged/Split	CD11B	HGNC:6149
HGNC:1627	Merged/Split	CD13	HGNC:500
HGNC:1629	Merged/Split	CD15	HGNC:4015
HGNC:1640	Merged/Split	CD20	HGNC:7315
HGNC:1642	Merged/Split	CD20L	HGNC:7317
HGNC:1644	Merged/Split	CD23A	HGNC:3612
HGNC:1650	Merged/Split	CD26	HGNC:3009
HGNC:1652	Merged/Split	CD27LG	HGNC:11937
HGNC:1654	Merged/Split	CD28LG1	HGNC:1700
HGNC:1655	Merged/Split	CD28LG2	HGNC:1705
HGNC:1657	Merged/Split	CD30	HGNC:11923
HGNC:1658	Merged/Split	CD30LG	HGNC:11938
HGNC:1660	Merged/Split	CD33L1	HGNC:10875
HGNC:1661	Merged/Split	CD33L2	HGNC:10874
HGNC:1668	Merged/Split	CD39	HGNC:3363
HGNC:1669	Merged/Split	CD39L1	HGNC:3364
HGNC:1670	Merged/Split	CD39L2	HGNC:3368
HGNC:1671	Merged/Split	CD39L3	HGNC:3365
HGNC:1672	Merged/Split	CD39L4	HGNC:3367
HGNC:1676	Withdrawn	CD3W	
HGNC:1679	Merged/Split	TNFRSF5	HGNC:11919
HGNC:1680	Merged/Split	TNFSF5	HGNC:11935
HGNC:1684	Merged/Split	CD49B	HGNC:6137
HGNC:1687	Merged/Split	CD57	HGNC:921
HGNC:1702	Merged/Split	KAI1	HGNC:6210
HGNC:1710	Merged/Split	CD94	HGNC:6378
HGNC:1714	Merged/Split	CDAN2	HGNC:10702
HGNC:1715	Withdrawn	CDAN3	
HGNC:1716	Withdrawn	CDB2	
HGNC:1721	Merged/Split	CDC18L	HGNC:1744
HGNC:1731	Merged/Split	CDC2L3	HGNC:1730
HGNC:1732	Merged/Split	CDC2L4	HGNC:1780
HGNC:1740	Merged/Split	CDC45L2	HGNC:1739
HGNC:1741	Merged/Split	CDC46	HGNC:6948
HGNC:1746	Merged/Split	CDCL1	HGNC:6944
HGNC:1747	Merged/Split	CDG1	HGNC:9115
HGNC:1761	Merged/Split	CDH21	HGNC:8699
HGNC:1783	Merged/Split	CDKN1	HGNC:1784
HGNC:1792	Withdrawn	CDL1	
HGNC:1793	Withdrawn	CDL2	
HGNC:1794	Merged/Split	CDN1	HGNC:949
HGNC:1796	Merged/Split	CDPX1	HGNC:719
HGNC:1797	Merged/Split	CDPX2	HGNC:3133
HGNC:1803	Merged/Split	CDSP	HGNC:10969
HGNC:1807	Merged/Split	CDX3	HGNC:1806
HGNC:1812	Withdrawn	CDYP	
HGNC:1813	Merged/Split	CEA	HGNC:1817
HGNC:1832	Merged/Split	CEAL1	HGNC:31951
HGNC:1853	Merged/Split	CENPC	HGNC:1855
HGNC:1860	Withdrawn	CEPA	
HGNC:1861	Withdrawn	CEPO	
HGNC:1870	Merged/Split	CF	HGNC:1884
HGNC:1871	Merged/Split	CFAG	HGNC:10498, HGNC:10499
HGNC:1872	Merged/Split	CFD1	HGNC:3689
HGNC:1881	Withdrawn	CFM1	
HGNC:1882	Withdrawn	CFM2	
HGNC:1883	Merged/Split	CFNS	HGNC:3226
HGNC:1887	Withdrawn	CGF1	
HGNC:1889	Merged/Split	CGM1	HGNC:1815
HGNC:1890	Merged/Split	CGM10	HGNC:1825
HGNC:1891	Merged/Split	CGM11	HGNC:1826
HGNC:1892	Merged/Split	CGM12	HGNC:1827
HGNC:1893	Merged/Split	CGM13	HGNC:1828
HGNC:1894	Merged/Split	CGM14	HGNC:1829
HGNC:1895	Merged/Split	CGM15	HGNC:1830
HGNC:1896	Merged/Split	CGM16	HGNC:1831
HGNC:1897	Merged/Split	CGM17	HGNC:1822
HGNC:1898	Merged/Split	CGM18	HGNC:1823
HGNC:1899	Merged/Split	CGM2	HGNC:1819
HGNC:1900	Merged/Split	CGM6	HGNC:1820
HGNC:1901	Merged/Split	CGM7	HGNC:1816
HGNC:1902	Merged/Split	CGM8	HGNC:1821
HGNC:1903	Merged/Split	CGM9	HGNC:1824
HGNC:1905	Merged/Split	CGS23	HGNC:10864
HGNC:1906	Merged/Split	CGT	HGNC:12555
HGNC:1920	Merged/Split	CHDR	HGNC:387
HGNC:1921	Merged/Split	CHE1	HGNC:983
HGNC:1922	Merged/Split	CHE2	HGNC:983
HGNC:1923	Merged/Split	CHED1	HGNC:15804
HGNC:1924	Merged/Split	CHED2	HGNC:16438
HGNC:1926	Merged/Split	CHEL1	HGNC:984
HGNC:1927	Merged/Split	CHEL3	HGNC:985
HGNC:1931	Merged/Split	CHH	HGNC:10031
HGNC:1942	Merged/Split	CHN	HGNC:1943
HGNC:1945	Withdrawn	CHR	
HGNC:1946	Merged/Split	CHR39A	HGNC:3632
HGNC:1947	Merged/Split	CHR39B	HGNC:3635
HGNC:1948	Merged/Split	CHR39C	HGNC:3636
HGNC:1978	Merged/Split	CIDX	HGNC:6010
HGNC:1979	Merged/Split	CILD2	HGNC:30492
HGNC:1981	Withdrawn	CIPO	
HGNC:1988	Merged/Split	CJD	HGNC:9449
HGNC:1992	Withdrawn	CKBE	
HGNC:1997	Merged/Split	CKN1	HGNC:3439
HGNC:1998	Merged/Split	CKN2	HGNC:3438
HGNC:2002	Merged/Split	SCAR2	HGNC:18667
HGNC:2003	Merged/Split	SCAX1	HGNC:816
HGNC:2004	Withdrawn	CLA3	
HGNC:2005	Merged/Split	CLAPA1	HGNC:561
HGNC:2006	Merged/Split	CLAPA2	HGNC:562
HGNC:2007	Merged/Split	CLAPB1	HGNC:563
HGNC:2008	Merged/Split	CLAPB2	HGNC:554
HGNC:2009	Merged/Split	CLAPG1	HGNC:555
HGNC:2010	Merged/Split	CLAPM1	HGNC:564
HGNC:2011	Merged/Split	CLAPS1	HGNC:559
HGNC:2012	Merged/Split	CLAPS2	HGNC:565
HGNC:2028	Merged/Split	CLCNL1	HGNC:2062
HGNC:2029	Merged/Split	CLCNL2	HGNC:2063
HGNC:2030	Merged/Split	CLCS	HGNC:40
HGNC:2031	Merged/Split	CLD	HGNC:3018
HGNC:2043	Merged/Split	CLDN21	HGNC:37200
HGNC:2055	Merged/Split	CLG	HGNC:7155
HGNC:2056	Merged/Split	CLG1	HGNC:7175
HGNC:2057	Merged/Split	CLG4A	HGNC:7166
HGNC:2058	Merged/Split	CLG4B	HGNC:7176
HGNC:2059	Merged/Split	CLGI	HGNC:11820
HGNC:2061	Merged/Split	CLI	HGNC:2095
HGNC:2066	Merged/Split	CLIC1L	HGNC:2065
HGNC:2072	Merged/Split	CLM	HGNC:6486
HGNC:2075	Merged/Split	CLN4	HGNC:16235
HGNC:2078	Merged/Split	CLN7	HGNC:28486
HGNC:2083	Merged/Split	CLPA	HGNC:11600
HGNC:2089	Merged/Split	CLS	HGNC:10432
HGNC:2094	Merged/Split	CLTCL2	HGNC:2092
HGNC:2099	Merged/Split	CMAR	HGNC:11237
HGNC:2100	Merged/Split	CMD1	HGNC:11204
HGNC:2101	Merged/Split	CMD1A	HGNC:6636
HGNC:2102	Withdrawn	CMD1B	
HGNC:2103	Merged/Split	CMD1C	HGNC:15710
HGNC:2104	Merged/Split	CMD1D	HGNC:11949
HGNC:2105	Merged/Split	CMD1E	HGNC:10593
HGNC:2106	Withdrawn	CMD1F	
HGNC:2107	Merged/Split	CMD1G	HGNC:12403
HGNC:2108	Withdrawn	CMD1H	
HGNC:2109	Merged/Split	CMD1J	HGNC:3522
HGNC:2110	Merged/Split	CMD2A	HGNC:11947
HGNC:2111	Merged/Split	CMD3A	HGNC:11577
HGNC:2112	Merged/Split	CMDJ	HGNC:15492
HGNC:2113	Merged/Split	CMH1	HGNC:7577
HGNC:2114	Merged/Split	CMH2	HGNC:11949
HGNC:2115	Merged/Split	CMH3	HGNC:12010
HGNC:2116	Merged/Split	CMH4	HGNC:7551
HGNC:2117	Merged/Split	CMK	HGNC:7098
HGNC:2118	Merged/Split	CMKAR1	HGNC:6026
HGNC:2119	Merged/Split	CMKBR9	HGNC:1565
HGNC:2120	Merged/Split	CMKBRL1	HGNC:2558
HGNC:2122	Merged/Split	CMKRL1	HGNC:6713
HGNC:2123	Merged/Split	CMKRL2	HGNC:4485
HGNC:2124	Withdrawn	CMM	
HGNC:2125	Merged/Split	CMOAT	HGNC:53
HGNC:2126	Withdrawn	CMR1A	
HGNC:2127	Withdrawn	CMR2A	
HGNC:2128	Withdrawn	CMR3A	
HGNC:2129	Merged/Split	CMT1A	HGNC:9118
HGNC:2130	Merged/Split	CMT1B	HGNC:7225
HGNC:2131	Merged/Split	CMT2A	HGNC:16636
HGNC:2132	Merged/Split	CMT2B	HGNC:9788
HGNC:2133	Merged/Split	CMT4A	HGNC:15968
HGNC:2134	Merged/Split	CMT4B	HGNC:7450
HGNC:2136	Merged/Split	CMTX1	HGNC:4283
HGNC:2137	Withdrawn	CMTX2	
HGNC:2138	Withdrawn	CMTX3	
HGNC:2139	Withdrawn	CNA1	
HGNC:2140	Merged/Split	CNA2	HGNC:6309
HGNC:2141	Withdrawn	CNC2	
HGNC:2142	Merged/Split	CNCA1	HGNC:2149
HGNC:2143	Merged/Split	CNCA2	HGNC:2152
HGNC:2144	Merged/Split	CNCG1	HGNC:2148
HGNC:2145	Merged/Split	CNCG2	HGNC:2151
HGNC:2146	Merged/Split	CNCG3	HGNC:2150
HGNC:2147	Merged/Split	CNCG3L	HGNC:2151
HGNC:2161	Merged/Split	CNRS1	HGNC:8662
HGNC:2162	Merged/Split	CNRS2	HGNC:8672
HGNC:2164	Merged/Split	CNRS4	HGNC:8673
HGNC:2165	Merged/Split	CNRS5	HGNC:8667
HGNC:2166	Merged/Split	CNRS6	HGNC:8671
HGNC:2167	Merged/Split	CNRS7	HGNC:8665
HGNC:2168	Merged/Split	CNRS8	HGNC:8664
HGNC:2177	Merged/Split	CO	HGNC:633
HGNC:2178	Merged/Split	COCA1	HGNC:7325
HGNC:2179	Merged/Split	COCA2	HGNC:7127
HGNC:2181	Merged/Split	COD1	HGNC:10295
HGNC:2182	Withdrawn	COD2	
HGNC:2189	Merged/Split	COL12A1L	HGNC:2188
HGNC:2224	Merged/Split	COLL6	HGNC:2186
HGNC:2225	Withdrawn	COLOT1	
HGNC:2229	Withdrawn	COP	
HGNC:2233	Merged/Split	COPD	HGNC:649
HGNC:2241	Merged/Split	COPT1	HGNC:11016
HGNC:2242	Merged/Split	COPT2	HGNC:11017
HGNC:2245	Withdrawn	CORD1	
HGNC:2246	Merged/Split	CORD2	HGNC:2383
HGNC:2247	Withdrawn	CORD4	
HGNC:2248	Merged/Split	CORD5	HGNC:21043
HGNC:2249	Merged/Split	CORD6	HGNC:4689
HGNC:2250	Merged/Split	CORD7	HGNC:17282
HGNC:2251	Withdrawn	CORD8	
HGNC:2258	Merged/Split	COT	HGNC:6860
HGNC:2302	Merged/Split	CPD1	HGNC:2004
HGNC:2304	Merged/Split	CPETR	HGNC:2046
HGNC:2305	Merged/Split	CPETR1	HGNC:2046
HGNC:2306	Merged/Split	CPETR2	HGNC:2045
HGNC:2307	Merged/Split	CPETRL2	HGNC:2049
HGNC:2308	Withdrawn	CPL1	
HGNC:2331	Merged/Split	CPX	HGNC:11600
HGNC:2337	Merged/Split	CR3A	HGNC:6149
HGNC:2341	Merged/Split	CRARF	HGNC:6901
HGNC:2344	Merged/Split	CRD	HGNC:10295
HGNC:2346	Merged/Split	CREB2	HGNC:784
HGNC:2353	Merged/Split	CRFB4	HGNC:5965
HGNC:2354	Merged/Split	CRG	HGNC:20626
HGNC:2369	Merged/Split	CRS	HGNC:12428
HGNC:2373	Merged/Split	CRSP4	HGNC:22963
HGNC:2381	Withdrawn	CRTL2	
HGNC:2382	Merged/Split	CRTM	HGNC:6907
HGNC:2386	Merged/Split	CRYA1	HGNC:2388
HGNC:2387	Merged/Split	CRYA2	HGNC:2389
HGNC:2390	Merged/Split	CRYB1	HGNC:2394
HGNC:2391	Merged/Split	CRYB2A	HGNC:2398
HGNC:2392	Merged/Split	CRYB2B	HGNC:2399
HGNC:2393	Merged/Split	CRYB3	HGNC:2400
HGNC:2401	Merged/Split	CRYG1	HGNC:2408
HGNC:2402	Merged/Split	CRYG2	HGNC:2409
HGNC:2403	Merged/Split	CRYG3	HGNC:2410
HGNC:2404	Merged/Split	CRYG4	HGNC:2411
HGNC:2405	Merged/Split	CRYG5	HGNC:2412
HGNC:2406	Merged/Split	CRYG6	HGNC:2413
HGNC:2407	Merged/Split	CRYG8	HGNC:2417
HGNC:2415	Withdrawn	CRYGP1	
HGNC:2416	Withdrawn	CRYGP2	
HGNC:2423	Merged/Split	CSBP1	HGNC:6876
HGNC:2424	Merged/Split	CSBP2	HGNC:6876
HGNC:2425	Merged/Split	CSD1	HGNC:11771
HGNC:2426	Merged/Split	CSD2	HGNC:11771
HGNC:2427	Merged/Split	CSD3	HGNC:11771
HGNC:2430	Merged/Split	CSE	HGNC:11005
HGNC:2443	Merged/Split	CSHP1	HGNC:2442
HGNC:2448	Merged/Split	CSNB1	HGNC:8082
HGNC:2449	Merged/Split	CSNB2	HGNC:1393
HGNC:2450	Merged/Split	CSNB4	HGNC:8082
HGNC:2461	Merged/Split	CSNU3	HGNC:11067
HGNC:2462	Merged/Split	CSPB	HGNC:4709
HGNC:2463	Merged/Split	CSPG1	HGNC:319
HGNC:2489	Withdrawn	CTAA1	
HGNC:2490	Withdrawn	CTAA2	
HGNC:2493	Merged/Split	CTB	HGNC:2496
HGNC:2497	Withdrawn	CTD	
HGNC:2502	Withdrawn	CTHM	
HGNC:2503	Merged/Split	CTLA1	HGNC:4709
HGNC:2504	Merged/Split	CTLA3	HGNC:4708
HGNC:2506	Merged/Split	CTLA8	HGNC:5981
HGNC:2507	Merged/Split	CTLN2	HGNC:10983
HGNC:2508	Merged/Split	CTM	HGNC:5227
HGNC:2517	Merged/Split	CTNNG	HGNC:6207
HGNC:2525	Merged/Split	CTRN2	HGNC:168
HGNC:2526	Merged/Split	CTS1	HGNC:12405
HGNC:2533	Merged/Split	CTSGL1	HGNC:4709
HGNC:2534	Merged/Split	CTSGL2	HGNC:4710
HGNC:2543	Merged/Split	CTSO1	HGNC:2542
HGNC:2544	Merged/Split	CTSO2	HGNC:2536
HGNC:2560	Withdrawn	CXB3S	
HGNC:2562	Merged/Split	TMEM257	HGNC:13449
HGNC:2564	Merged/Split	CXorf3	HGNC:19073
HGNC:2565	Merged/Split	CXorf4	HGNC:2370
HGNC:2566	Merged/Split	CXorf4P	HGNC:2371
HGNC:2572	Withdrawn	CYB5AP1	
HGNC:2585	Merged/Split	CYLD1	HGNC:2584
HGNC:2587	Withdrawn	CYMD	
HGNC:2598	Merged/Split	CYP21	HGNC:2600
HGNC:2601	Merged/Split	CYP21P	HGNC:2599
HGNC:2604	Merged/Split	CYP27	HGNC:2605
HGNC:2607	Withdrawn	CYP2A	
HGNC:2609	Merged/Split	CYP2A3	HGNC:2610
HGNC:2614	Merged/Split	CYP2B	HGNC:2615
HGNC:2617	Merged/Split	CYP2C	HGNC:2621
HGNC:2618	Merged/Split	CYP2C10	HGNC:2623
HGNC:2619	Merged/Split	CYP2C17	HGNC:2620
HGNC:2626	Merged/Split	CYP2D8P2	HGNC:2625
HGNC:2627	Merged/Split	CYP2D7P2	HGNC:2625
HGNC:2629	Merged/Split	CYP2DL1	HGNC:2625
HGNC:2630	Merged/Split	CYP2DP1	HGNC:2628
HGNC:2635	Withdrawn	CYP3A	
HGNC:2636	Merged/Split	CYP3A3	HGNC:2637
HGNC:2639	Merged/Split	CYP3A5P1	HGNC:42418
HGNC:2643	Merged/Split	CYP4A2	HGNC:2642
HGNC:2650	Merged/Split	CYP7	HGNC:2651
HGNC:2655	Merged/Split	CYRN1	HGNC:209
HGNC:2656	Merged/Split	CYRN2	HGNC:210
HGNC:2657	Merged/Split	CYRP	HGNC:2469
HGNC:2658	Merged/Split	CZP1	HGNC:4281
HGNC:2659	Withdrawn	CZP2	
HGNC:2660	Merged/Split	CZP3	HGNC:4277
HGNC:2667	Merged/Split	DAGK1	HGNC:2849
HGNC:2668	Merged/Split	DAGK2	HGNC:2850
HGNC:2669	Merged/Split	DAGK3	HGNC:2853
HGNC:2670	Merged/Split	DAGK4	HGNC:2856
HGNC:2677	Merged/Split	DAR	HGNC:812
HGNC:2679	Merged/Split	DAT1	HGNC:11049
HGNC:2686	Merged/Split	DAZLA	HGNC:2685
HGNC:2688	Merged/Split	DBCCR1	HGNC:2687
HGNC:2693	Withdrawn	DBIL3	
HGNC:2694	Withdrawn	DBIL4	
HGNC:2702	Merged/Split	DCE	HGNC:2859
HGNC:2706	Merged/Split	DCOH	HGNC:8646
HGNC:2722	Merged/Split	DDH1	HGNC:384
HGNC:2723	Merged/Split	DDH2	HGNC:385
HGNC:2724	Merged/Split	DDIT1	HGNC:4095
HGNC:2729	Merged/Split	DDPAC	HGNC:6893
HGNC:2733	Withdrawn	DDU	
HGNC:2748	Withdrawn	DDX7	
HGNC:2756	Merged/Split	DEF1	HGNC:2761
HGNC:2757	Merged/Split	DEF3	HGNC:2762
HGNC:2758	Merged/Split	DEF4	HGNC:2763
HGNC:2759	Merged/Split	DEF5	HGNC:2764
HGNC:2774	Merged/Split	DFN1	HGNC:11817
HGNC:2775	Merged/Split	DFN2	HGNC:9462
HGNC:2776	Merged/Split	DFN3	HGNC:9217
HGNC:2777	Withdrawn	DFNX3	
HGNC:2778	Withdrawn	DFN5	
HGNC:2779	Merged/Split	DFN6	HGNC:11122
HGNC:2780	Withdrawn	DFN7	
HGNC:2781	Withdrawn	DFN8	
HGNC:2782	Merged/Split	DFNA1	HGNC:2876
HGNC:2783	Merged/Split	DFNA10	HGNC:3522
HGNC:2784	Merged/Split	DFNA11	HGNC:7606
HGNC:2785	Merged/Split	DFNA12	HGNC:11720
HGNC:2786	Merged/Split	DFNA13	HGNC:2187
HGNC:2787	Merged/Split	DFNA14	HGNC:12762
HGNC:2788	Merged/Split	DFNA15	HGNC:9220
HGNC:2789	Withdrawn	DFNA16	
HGNC:2790	Merged/Split	DFNA17	HGNC:7579
HGNC:2791	Withdrawn	DFNA19	
HGNC:2792	Merged/Split	DFNA2	HGNC:4285, HGNC:6298
HGNC:2793	Merged/Split	DFNA20	HGNC:144
HGNC:2794	Withdrawn	DFNA21	
HGNC:2795	Merged/Split	DFNA23	HGNC:10887
HGNC:2796	Withdrawn	DFNA24	
HGNC:2797	Merged/Split	DFNA26	HGNC:144
HGNC:2798	Merged/Split	DFNA27	HGNC:9966
HGNC:2800	Withdrawn	DFNA29	
HGNC:2801	Merged/Split	DFNA3	HGNC:4284, HGNC:4288
HGNC:2802	Withdrawn	DFNA30	
HGNC:2803	Withdrawn	DFNA31	
HGNC:2804	Withdrawn	DFNA32	
HGNC:2805	Withdrawn	DFNA33	
HGNC:2806	Merged/Split	DFNA34	HGNC:16400
HGNC:2807	Withdrawn	DFNA35	
HGNC:2808	Merged/Split	DFNA36	HGNC:16513
HGNC:2809	Merged/Split	DFNA4	HGNC:23212
HGNC:2811	Merged/Split	DFNA6	HGNC:12762
HGNC:2812	Withdrawn	DFNA7	
HGNC:2813	Merged/Split	DFNA8	HGNC:11720
HGNC:2814	Merged/Split	DFNA9	HGNC:2180
HGNC:2815	Merged/Split	DFNB1	HGNC:4284
HGNC:2816	Merged/Split	DFNB10	HGNC:11877
HGNC:2817	Merged/Split	DFNB11	HGNC:16513
HGNC:2818	Merged/Split	DFNB12	HGNC:13733
HGNC:2819	Withdrawn	DFNB13	
HGNC:2820	Withdrawn	DFNB14	
HGNC:2821	Merged/Split	DFNB15	HGNC:18183
HGNC:2822	Merged/Split	DFNB16	HGNC:16035
HGNC:2823	Withdrawn	DFNB17	
HGNC:2824	Merged/Split	DFNB18	HGNC:12597
HGNC:2825	Withdrawn	DFNB19	
HGNC:2826	Merged/Split	DFNB2	HGNC:7606
HGNC:2827	Withdrawn	DFNB20	
HGNC:2828	Merged/Split	DFNB21	HGNC:11720
HGNC:2829	Merged/Split	DFNB23	HGNC:14674
HGNC:2830	Merged/Split	DFNB24	HGNC:9944
HGNC:2831	Merged/Split	DFNB25	HGNC:31673
HGNC:2832	Merged/Split	DFNB26	HGNC:4066
HGNC:2833	Withdrawn	DFNB27	
HGNC:2834	Merged/Split	DFNB28	HGNC:17009
HGNC:2835	Merged/Split	DFNB3	HGNC:7594
HGNC:2836	Merged/Split	DFNB4	HGNC:8818
HGNC:2837	Withdrawn	DFNB5	
HGNC:2838	Merged/Split	DFNB6	HGNC:30800
HGNC:2839	Merged/Split	DFNB7	HGNC:16513
HGNC:2840	Merged/Split	DFNB8	HGNC:11877
HGNC:2841	Merged/Split	DFNB9	HGNC:8515
HGNC:2842	Merged/Split	DFNM1	HGNC:24248
HGNC:2848	Merged/Split	DGI1	HGNC:3054
HGNC:2864	Merged/Split	DHFRP4	HGNC:27309
HGNC:2866	Merged/Split	DHLAG	HGNC:1697
HGNC:2868	Merged/Split	DHOF	HGNC:17652
HGNC:2870	Merged/Split	DHRD	HGNC:3218
HGNC:2871	Merged/Split	DHTR	HGNC:644
HGNC:2872	Merged/Split	DI	HGNC:11027
HGNC:2875	Withdrawn	DIANPH	
HGNC:2878	Merged/Split	DIC	HGNC:10980
HGNC:2880	Withdrawn	DIFF6L	
HGNC:2881	Withdrawn	DIH1	
HGNC:2882	Merged/Split	DINB1	HGNC:9183
HGNC:2886	Merged/Split	DIR	HGNC:897
HGNC:2887	Merged/Split	DIR3	HGNC:897
HGNC:2913	Merged/Split	DLTA	HGNC:2896
HGNC:2920	Merged/Split	DLX7	HGNC:2917
HGNC:2921	Merged/Split	DLX9	HGNC:2917
HGNC:2922	Merged/Split	DM	HGNC:2933
HGNC:2923	Merged/Split	DM1	HGNC:2933
HGNC:2924	Merged/Split	DM2	HGNC:13164
HGNC:2925	Merged/Split	DMAHP	HGNC:10891
HGNC:2929	Merged/Split	DMDA1	HGNC:10809
HGNC:2930	Merged/Split	DMDL	HGNC:12635
HGNC:2931	Merged/Split	DMGDHL1	HGNC:10536
HGNC:2944	Withdrawn	DNAH13	
HGNC:2947	Merged/Split	DNAH17L	HGNC:2953
HGNC:2965	Merged/Split	DNCL	HGNC:2961
HGNC:2967	Withdrawn	DNCM	
HGNC:2968	Merged/Split	DNECL	HGNC:2961
HGNC:2969	Merged/Split	DNL1	HGNC:2956
HGNC:2970	Merged/Split	DNL1L	HGNC:2957
HGNC:2971	Merged/Split	DNL2	HGNC:2960
HGNC:2975	Merged/Split	DNMT	HGNC:2976
HGNC:2982	Merged/Split	DNS	HGNC:2124
HGNC:2984	Merged/Split	DO	HGNC:726
HGNC:2994	Merged/Split	DPAGT	HGNC:2995
HGNC:2996	Merged/Split	DPAGT2	HGNC:2995
HGNC:2997	Merged/Split	DPD1	HGNC:11766
HGNC:2998	Merged/Split	DPDE1	HGNC:8782
HGNC:2999	Merged/Split	DPDE2	HGNC:8780
HGNC:3000	Merged/Split	DPDE3	HGNC:8783
HGNC:3001	Merged/Split	DPDE4	HGNC:8781
HGNC:3021	Withdrawn	DRD1L1	
HGNC:3022	Merged/Split	DRD1L2	HGNC:3026
HGNC:3034	Merged/Split	DRT	HGNC:3393
HGNC:3038	Merged/Split	DSC4	HGNC:3037
HGNC:3055	Merged/Split	DSS	HGNC:7960
HGNC:3056	Merged/Split	DTD	HGNC:10994
HGNC:3063	Withdrawn	DURS1	
HGNC:3077	Merged/Split	DUSP8P3	HGNC:3075
HGNC:3080	Merged/Split	DUX2	HGNC:38670
HGNC:3088	Withdrawn	DWS	
HGNC:3089	Merged/Split	DYRK	HGNC:3091
HGNC:3090	Merged/Split	DYRK1	HGNC:3091
HGNC:3096	Merged/Split	DYS	HGNC:5959
HGNC:3099	Merged/Split	DYT11	HGNC:10808
HGNC:3100	Merged/Split	DYT12	HGNC:801
HGNC:3101	Withdrawn	DYT13	
HGNC:3102	Merged/Split	DYT2	HGNC:5144
HGNC:3103	Merged/Split	DYT3	HGNC:11535
HGNC:3104	Merged/Split	DYT4	HGNC:20774
HGNC:3105	Merged/Split	DYT5	HGNC:4193
HGNC:3106	Merged/Split	DYT6	HGNC:20856
HGNC:3107	Withdrawn	DYT7	
HGNC:3108	Withdrawn	DYX1	
HGNC:3109	Withdrawn	DYX2	
HGNC:3110	Withdrawn	DYX3	
HGNC:3111	Withdrawn	DYX4	
HGNC:3112	Withdrawn	E11S	
HGNC:3124	Merged/Split	EBD1	HGNC:2214
HGNC:3125	Merged/Split	EBDCT	HGNC:2214
HGNC:3127	Merged/Split	EBI1	HGNC:1608
HGNC:3130	Withdrawn	EBM	
HGNC:3131	Merged/Split	EBN1	HGNC:6296, HGNC:1958
HGNC:3132	Merged/Split	EBN2	HGNC:6297
HGNC:3134	Merged/Split	EBR1	HGNC:2214
HGNC:3135	Merged/Split	EBR2A	HGNC:6493
HGNC:3136	Withdrawn	EBR3	
HGNC:3137	Withdrawn	EBR4	
HGNC:3138	Merged/Split	EBS1	HGNC:9069
HGNC:3139	Merged/Split	EBS2	HGNC:6442
HGNC:3140	Merged/Split	EBS3	HGNC:6416
HGNC:3141	Merged/Split	EBS4	HGNC:6416
HGNC:3144	Withdrawn	ECA1	
HGNC:3150	Merged/Split	ECHD	HGNC:3247
HGNC:3152	Merged/Split	ECK	HGNC:3386
HGNC:3156	Withdrawn	ED#	
HGNC:3158	Merged/Split	ED2	HGNC:4288
HGNC:3159	Merged/Split	ED3	HGNC:2895
HGNC:3160	Merged/Split	ED4	HGNC:9706
HGNC:3161	Merged/Split	ED1	HGNC:3157
HGNC:3162	Merged/Split	EDA2	HGNC:3157
HGNC:3163	Merged/Split	EDDR1	HGNC:2730
HGNC:3171	Merged/Split	EDH17B1	HGNC:5216
HGNC:3172	Merged/Split	EDH17B2	HGNC:5210
HGNC:3174	Merged/Split	EDM1	HGNC:2227
HGNC:3175	Merged/Split	EDM2	HGNC:2218
HGNC:3181	Merged/Split	EDP1	HGNC:11894
HGNC:3184	Merged/Split	EDS4A	HGNC:2201
HGNC:3186	Withdrawn	EEC1	
HGNC:3187	Withdrawn	EEC2	
HGNC:3190	Withdrawn	EEF1A1L14	
HGNC:3215	Withdrawn	EEGV1	
HGNC:3216	Merged/Split	EEK	HGNC:3391
HGNC:3217	Merged/Split	EFE2	HGNC:11577
HGNC:3220	Merged/Split	EFMR	HGNC:14270
HGNC:3237	Withdrawn	EGI	
HGNC:3248	Merged/Split	EHK1	HGNC:6412
HGNC:3251	Merged/Split	EIF1A	HGNC:3250
HGNC:3253	Merged/Split	EIF2	HGNC:3265
HGNC:3256	Merged/Split	EIF2B	HGNC:3257
HGNC:3264	Merged/Split	EIF2G	HGNC:3267
HGNC:3268	Merged/Split	EIF3	HGNC:3271
HGNC:3269	Merged/Split	EIF3A	HGNC:6159
HGNC:3281	Withdrawn	EIF4	
HGNC:3286	Merged/Split	EIF4C	HGNC:3250
HGNC:3291	Merged/Split	EIF4EL1	HGNC:3287
HGNC:3294	Merged/Split	EIF4F	HGNC:3287, HGNC:3284, HGNC:3296
HGNC:3295	Merged/Split	EIF4G	HGNC:3296
HGNC:3302	Merged/Split	EIF5AP1	HGNC:17419
HGNC:3305	Merged/Split	EJM1	HGNC:16406
HGNC:3306	Withdrawn	EJM2	
HGNC:3307	Merged/Split	EKV	HGNC:4285
HGNC:3310	Merged/Split	ELAM1	HGNC:10718
HGNC:3322	Merged/Split	ELK2	HGNC:3323
HGNC:3328	Withdrawn	ELNL1	
HGNC:3329	Merged/Split	ELNR1	HGNC:4298
HGNC:3339	Withdrawn	EMWX	
HGNC:3348	Merged/Split	ENDOGL2	HGNC:3347
HGNC:3351	Merged/Split	ENO1L1	HGNC:3350
HGNC:3361	Merged/Split	ENT1	HGNC:11003
HGNC:3362	Merged/Split	ENT2	HGNC:11004
HGNC:3369	Withdrawn	ENUR1	
HGNC:3370	Withdrawn	ENUR2	
HGNC:3371	Merged/Split	ENX2	HGNC:543
HGNC:3375	Merged/Split	EPB3	HGNC:11027
HGNC:3376	Merged/Split	EPB3L1	HGNC:11028
HGNC:3384	Merged/Split	EPD1	HGNC:2227
HGNC:3397	Merged/Split	EPHT1	HGNC:3385
HGNC:3398	Merged/Split	EPHT2	HGNC:3392
HGNC:3399	Merged/Split	EPHT3	HGNC:3393
HGNC:3400	Withdrawn	EPHTLG	
HGNC:3404	Merged/Split	EPLG1	HGNC:3221
HGNC:3405	Merged/Split	EPLG2	HGNC:3226
HGNC:3406	Merged/Split	EPLG3	HGNC:3223
HGNC:3407	Merged/Split	EPLG4	HGNC:3224
HGNC:3408	Merged/Split	EPLG5	HGNC:3227
HGNC:3409	Merged/Split	EPLG6	HGNC:3222
HGNC:3410	Merged/Split	EPLG7	HGNC:3225
HGNC:3411	Merged/Split	EPLG8	HGNC:3228
HGNC:3412	Merged/Split	EPM1	HGNC:2482
HGNC:3414	Merged/Split	EPMR	HGNC:2079
HGNC:3417	Withdrawn	EPR1	
HGNC:3421	Merged/Split	EPT	HGNC:6572
HGNC:3422	Merged/Split	EPVE6AP	HGNC:12496
HGNC:3425	Merged/Split	ERBA1	HGNC:11796
HGNC:3426	Merged/Split	ERBA2	HGNC:11799
HGNC:3427	Merged/Split	ERBA2L	HGNC:8548
HGNC:3428	Merged/Split	ERBAL2	HGNC:7977
HGNC:3429	Merged/Split	ERBAL3	HGNC:7975
HGNC:3440	Withdrawn	ERCM1	
HGNC:3441	Merged/Split	ERCM2	HGNC:3437
HGNC:3445	Merged/Split	ERF1	HGNC:3477
HGNC:3448	Merged/Split	ERK	HGNC:3393
HGNC:3450	Withdrawn	ERPL1	
HGNC:3451	Withdrawn	ERPL2	
HGNC:3452	Merged/Split	ERR	HGNC:11057
HGNC:3453	Withdrawn	ERV1	
HGNC:3455	Withdrawn	ERVK2	
HGNC:3456	Withdrawn	ERVK3	
HGNC:3457	Withdrawn	ERVT1	
HGNC:3458	Withdrawn	ERVT2	
HGNC:3459	Withdrawn	ERVT3	
HGNC:3460	Withdrawn	ERVT4	
HGNC:3461	Withdrawn	ERVT5	
HGNC:3469	Merged/Split	ESRL1	HGNC:3471
HGNC:3470	Merged/Split	ESRL2	HGNC:3473
HGNC:3475	Merged/Split	ESTF	HGNC:6860
HGNC:3476	Merged/Split	ESX	HGNC:3318
HGNC:3484	Merged/Split	ETK1	HGNC:3387
HGNC:3485	Merged/Split	ETK2	HGNC:3394
HGNC:3486	Withdrawn	ETM1	
HGNC:3487	Withdrawn	ETM2	
HGNC:3502	Merged/Split	EVI9	HGNC:13221
HGNC:3504	Merged/Split	EVR1	HGNC:4042
HGNC:3505	Merged/Split	EVR2	HGNC:7678
HGNC:3509	Merged/Split	EWSR2	HGNC:3488
HGNC:3510	Merged/Split	EXLD1	HGNC:21446
HGNC:3514	Withdrawn	EXT3	
HGNC:3523	Withdrawn	EYCL1	
HGNC:3524	Merged/Split	EYCL2	HGNC:8101
HGNC:3525	Merged/Split	EYCL3	HGNC:8101
HGNC:3532	Withdrawn	F13A2	
HGNC:3533	Withdrawn	F13A3	
HGNC:3536	Withdrawn	F2L	
HGNC:3543	Merged/Split	F5F8D	HGNC:6631
HGNC:3548	Merged/Split	F8C	HGNC:3546
HGNC:3549	Merged/Split	F8VWF	HGNC:12726
HGNC:3550	Merged/Split	F8VWFP	HGNC:12727
HGNC:3552	Withdrawn	FA1	
HGNC:3564	Merged/Split	FACA	HGNC:3582
HGNC:3565	Merged/Split	FACC	HGNC:3584
HGNC:3566	Merged/Split	FACD	HGNC:1101
HGNC:3567	Merged/Split	FACE	HGNC:3586
HGNC:3568	Withdrawn	FACL1	
HGNC:3572	Merged/Split	FACVL1	HGNC:10996
HGNC:3577	Merged/Split	FAEES3	HGNC:4638
HGNC:3580	Merged/Split	FAK2	HGNC:9612
HGNC:3589	Merged/Split	FANCH	HGNC:3582
HGNC:3593	Merged/Split	FAS1	HGNC:11920
HGNC:3598	Withdrawn	FAUNA	
HGNC:3605	Merged/Split	FBNL	HGNC:3218
HGNC:3610	Merged/Split	FCER1B	HGNC:7316
HGNC:3617	Merged/Split	FCGR2A1	HGNC:3616
HGNC:3626	Merged/Split	FCP	HGNC:3627
HGNC:3627	Withdrawn	FCP1	
HGNC:3628	Merged/Split	FCT3A	HGNC:4015
HGNC:3630	Merged/Split	FDH	HGNC:253
HGNC:3643	Withdrawn	FEB1	
HGNC:3644	Withdrawn	FEB2	
HGNC:3645	Merged/Split	FEB3	HGNC:10585
HGNC:3646	Withdrawn	FEB4	
HGNC:3652	Merged/Split	FEOM1	HGNC:19349
HGNC:3653	Merged/Split	FEOM2	HGNC:691
HGNC:3654	Merged/Split	FEOM3	HGNC:20772
HGNC:3669	Merged/Split	FGF12B	HGNC:3668
HGNC:3692	Merged/Split	FGFR6	HGNC:21664
HGNC:3698	Merged/Split	FGS1	HGNC:11957
HGNC:3699	Withdrawn	FGS2	
HGNC:3707	Withdrawn	FICP	
HGNC:3709	Withdrawn	FIM1	
HGNC:3710	Withdrawn	FIM3	
HGNC:3713	Merged/Split	FKBP1L	HGNC:3712
HGNC:3726	Merged/Split	FKHL1	HGNC:3811
HGNC:3727	Merged/Split	FKHL10	HGNC:3815
HGNC:3728	Merged/Split	FKHL11	HGNC:3817
HGNC:3729	Merged/Split	FKHL12	HGNC:3808
HGNC:3730	Merged/Split	FKHL13	HGNC:3816
HGNC:3731	Merged/Split	FKHL14	HGNC:3801
HGNC:3732	Merged/Split	FKHL15	HGNC:3806
HGNC:3733	Merged/Split	FKHL16	HGNC:3818
HGNC:3734	Merged/Split	FKHL17	HGNC:3803
HGNC:3736	Merged/Split	FKHL2	HGNC:3811
HGNC:3737	Merged/Split	FKHL3	HGNC:3811
HGNC:3738	Merged/Split	FKHL4	HGNC:3811
HGNC:3739	Merged/Split	FKHL5	HGNC:3809
HGNC:3740	Merged/Split	FKHL6	HGNC:3810
HGNC:3741	Merged/Split	FKHL7	HGNC:3800
HGNC:3742	Merged/Split	FKHL8	HGNC:3802
HGNC:3743	Merged/Split	FKHL9	HGNC:3805
HGNC:3744	Merged/Split	FKHR	HGNC:3819
HGNC:3745	Merged/Split	FKHRL1	HGNC:3821
HGNC:3746	Merged/Split	FKHRL1P1	HGNC:3822
HGNC:3747	Merged/Split	FKHRP1	HGNC:3820
HGNC:3751	Merged/Split	FLN1	HGNC:3754
HGNC:3752	Merged/Split	FLN1L	HGNC:3755
HGNC:3753	Merged/Split	FLN2	HGNC:3756
HGNC:3759	Merged/Split	FLR	HGNC:1063
HGNC:3764	Merged/Split	FLT2	HGNC:3688
HGNC:3777	Withdrawn	FMR3	
HGNC:3779	Merged/Split	FND	HGNC:449
HGNC:3780	Withdrawn	FNL1	
HGNC:3786	Withdrawn	FNTBL1	
HGNC:3787	Withdrawn	FNZ	
HGNC:3789	Merged/Split	FOLH2	HGNC:13636
HGNC:3790	Merged/Split	FOLHP	HGNC:13636
HGNC:3794	Withdrawn	FOLR2L	
HGNC:3807	Merged/Split	FOXE2	HGNC:3806
HGNC:3812	Merged/Split	FOXG1B	HGNC:3811
HGNC:3813	Merged/Split	FOXG1C	HGNC:3811
HGNC:3904	Withdrawn	FRA4E	
HGNC:3934	Withdrawn	FRA8F	
HGNC:3941	Merged/Split	FRAP	HGNC:3942
HGNC:3943	Merged/Split	FRAP2	HGNC:3942
HGNC:3950	Merged/Split	FRAXF	HGNC:17125
HGNC:3952	Withdrawn	FRDA2	
HGNC:3956	Withdrawn	FRV1	
HGNC:3957	Withdrawn	FRV2	
HGNC:3958	Withdrawn	FRV3	
HGNC:3962	Merged/Split	FSGS1	HGNC:166
HGNC:3963	Merged/Split	FSGS2	HGNC:12338
HGNC:3965	Merged/Split	FSHD	HGNC:3966
HGNC:3966	Withdrawn	FSHMD1A	
HGNC:3967	Withdrawn	FSHMD1B	
HGNC:3970	Merged/Split	FSP	HGNC:4602
HGNC:3975	Merged/Split	FTF	HGNC:7984
HGNC:3977	Merged/Split	FTH2	HGNC:3986
HGNC:3984	Withdrawn	FTHL14	
HGNC:3993	Merged/Split	FTHL6	HGNC:3976
HGNC:3998	Merged/Split	FTHP3	HGNC:3983
HGNC:4002	Merged/Split	FTNB	HGNC:198
HGNC:4003	Merged/Split	FTZF1	HGNC:7983
HGNC:4009	Merged/Split	FUR	HGNC:8568
HGNC:4011	Withdrawn	FUSE	
HGNC:4048	Merged/Split	G10P1	HGNC:5407
HGNC:4049	Merged/Split	G10P2	HGNC:5409
HGNC:4050	Merged/Split	G13P1	HGNC:5408
HGNC:4051	Merged/Split	G17P1	HGNC:2746
HGNC:4052	Merged/Split	G1P1	HGNC:225
HGNC:4058	Withdrawn	G6PDL	
HGNC:4060	Merged/Split	G6PT	HGNC:4056
HGNC:4062	Merged/Split	G6PT2	HGNC:4061
HGNC:4063	Merged/Split	G6PT3	HGNC:4061
HGNC:4064	Withdrawn	G7P1	
HGNC:4094	Withdrawn	GAD3	
HGNC:4100	Withdrawn	GAGE3	
HGNC:4109	Merged/Split	GAGEC2	HGNC:31804
HGNC:4120	Merged/Split	GALN	HGNC:4114
HGNC:4121	Merged/Split	GALNR	HGNC:4132
HGNC:4151	Merged/Split	GAPDHL2	HGNC:4159
HGNC:4154	Merged/Split	GAPDL5	HGNC:12024
HGNC:4176	Merged/Split	GAX	HGNC:7014
HGNC:4190	Withdrawn	GCF1	
HGNC:4202	Merged/Split	GCNF	HGNC:7985
HGNC:4207	Merged/Split	GCPS	HGNC:4319
HGNC:4209	Merged/Split	GCSL	HGNC:2898
HGNC:4210	Merged/Split	GCTG	HGNC:21705
HGNC:4211	Withdrawn	GCY	
HGNC:4219	Withdrawn	GDF4	
HGNC:4225	Merged/Split	GDH	HGNC:4795
HGNC:4229	Merged/Split	GDIA1	HGNC:678
HGNC:4230	Merged/Split	GDIA2	HGNC:679
HGNC:4231	Merged/Split	GDID4	HGNC:679
HGNC:4233	Merged/Split	GDNFRA	HGNC:4243
HGNC:4239	Merged/Split	GFI2	HGNC:675
HGNC:4240	Merged/Split	GFPT	HGNC:4241
HGNC:4246	Merged/Split	GFRP1	HGNC:7980
HGNC:4255	Merged/Split	GGTB1	HGNC:4644
HGNC:4256	Merged/Split	GGTB2	HGNC:924
HGNC:4257	Withdrawn	GGTL1	
HGNC:4258	Withdrawn	GGTL2	
HGNC:4264	Merged/Split	GHRF	HGNC:4265
HGNC:4269	Merged/Split	GINGF	HGNC:11187
HGNC:4276	Withdrawn	GJA2	
HGNC:4282	Merged/Split	GJAL	HGNC:4274
HGNC:4290	Merged/Split	GK7P	HGNC:23263
HGNC:4293	Withdrawn	GKP4	
HGNC:4294	Withdrawn	GKP5	
HGNC:4297	Withdrawn	GLAT	
HGNC:4299	Merged/Split	GLBA	HGNC:9498
HGNC:4300	Withdrawn	GLC#	
HGNC:4301	Merged/Split	GLC1A	HGNC:7610
HGNC:4302	Withdrawn	GLC1B	
HGNC:4303	Withdrawn	GLC1C	
HGNC:4304	Withdrawn	GLC1D	
HGNC:4305	Merged/Split	GLC1E	HGNC:17142
HGNC:4306	Merged/Split	GLC1F	HGNC:17185
HGNC:4307	Withdrawn	GLC2A	
HGNC:4308	Merged/Split	GLC3A	HGNC:2597
HGNC:4309	Withdrawn	GLC3B	
HGNC:4310	Merged/Split	GLCL	HGNC:4311
HGNC:4321	Merged/Split	GLIF	HGNC:7097
HGNC:4322	Merged/Split	GLNS	HGNC:4341
HGNC:4334	Merged/Split	GLUC	HGNC:4177
HGNC:4346	Merged/Split	GLUR1	HGNC:4571
HGNC:4347	Merged/Split	GLUR2	HGNC:4572
HGNC:4348	Merged/Split	GLUR3	HGNC:4573
HGNC:4349	Merged/Split	GLUR4	HGNC:4574
HGNC:4350	Merged/Split	GLUR5	HGNC:4579
HGNC:4351	Merged/Split	GLUR6	HGNC:4580
HGNC:4352	Withdrawn	GLUR7	
HGNC:4353	Merged/Split	GLUT1	HGNC:11005
HGNC:4354	Merged/Split	GLUT2	HGNC:11006
HGNC:4355	Merged/Split	GLUT3	HGNC:11007
HGNC:4356	Merged/Split	GLUT3P1	HGNC:11008
HGNC:4357	Merged/Split	GLUT4	HGNC:11009
HGNC:4358	Merged/Split	GLUT5	HGNC:11010
HGNC:4359	Merged/Split	GLUT6	HGNC:11008
HGNC:4360	Merged/Split	GLVR1	HGNC:10946
HGNC:4361	Merged/Split	GLVR2	HGNC:10947
HGNC:4362	Merged/Split	GLXR	HGNC:4570
HGNC:4363	Withdrawn	GLYB	
HGNC:4364	Merged/Split	GLYD	HGNC:4570
HGNC:4365	Withdrawn	GLYS1	
HGNC:4366	Merged/Split	GLYT2L	HGNC:4254
HGNC:4372	Withdrawn	GMFA	
HGNC:4406	Merged/Split	GNG3LG	HGNC:15832
HGNC:4418	Merged/Split	GNPTA	HGNC:29670
HGNC:4423	Merged/Split	GNT1	HGNC:12530
HGNC:4437	Merged/Split	GOV	HGNC:9779
HGNC:4438	Merged/Split	GOX1	HGNC:4809
HGNC:4442	Merged/Split	GP2B	HGNC:6138
HGNC:4448	Withdrawn	GPB	
HGNC:4457	Withdrawn	GPDS1	
HGNC:4465	Merged/Split	GPR11	HGNC:3538
HGNC:4467	Merged/Split	GPR13	HGNC:2558
HGNC:4470	Merged/Split	GPR16	HGNC:6713
HGNC:4483	Merged/Split	GPR28	HGNC:1610
HGNC:4491	Withdrawn	GPR34P	
HGNC:4505	Merged/Split	GPR5	HGNC:1625
HGNC:4520	Merged/Split	GPR69A	HGNC:6508
HGNC:4521	Merged/Split	GPR69B	HGNC:6509
HGNC:4534	Merged/Split	GPR72	HGNC:4523
HGNC:4541	Withdrawn	GPR90	
HGNC:4546	Merged/Split	GPRK6L	HGNC:4547
HGNC:4548	Merged/Split	GPRK7	HGNC:7111
HGNC:4569	Merged/Split	GRH	HGNC:4419
HGNC:4578	Merged/Split	GRIK	HGNC:4582
HGNC:4590	Merged/Split	GRL	HGNC:7978
HGNC:4608	Merged/Split	GRP78	HGNC:5238
HGNC:4611	Merged/Split	GSAS	HGNC:9722
HGNC:4614	Withdrawn	GSK1	
HGNC:4615	Withdrawn	GSK2	
HGNC:4618	Merged/Split	GSL	HGNC:9251
HGNC:4619	Withdrawn	GSM1	
HGNC:4625	Merged/Split	GST12	HGNC:7061
HGNC:4639	Merged/Split	GSTPL	HGNC:4640
HGNC:4644	Withdrawn	GTA	
HGNC:4645	Merged/Split	GTBP	HGNC:7329
HGNC:4649	Merged/Split	GTF2D1	HGNC:11588
HGNC:4663	Merged/Split	GTF3B	HGNC:11551
HGNC:4671	Withdrawn	GTS	
HGNC:4672	Merged/Split	GUC1A2	HGNC:4684
HGNC:4673	Merged/Split	GUC1A3	HGNC:4685
HGNC:4674	Merged/Split	GUC1A4	HGNC:4689
HGNC:4675	Merged/Split	GUC1B3	HGNC:4687
HGNC:4676	Merged/Split	GUC2C	HGNC:4688
HGNC:4677	Merged/Split	GUC2D	HGNC:4689
HGNC:4681	Merged/Split	GUCA2	HGNC:4682
HGNC:4692	Merged/Split	GUD	HGNC:12796
HGNC:4697	Withdrawn	GUSM	
HGNC:4698	Merged/Split	GXP1	HGNC:12469
HGNC:4721	Merged/Split	H1FV	HGNC:4714
HGNC:4723	Merged/Split	H2A	HGNC:4738
HGNC:4731	Merged/Split	H2AFK	HGNC:4732
HGNC:4743	Merged/Split	H2AX	HGNC:4739
HGNC:4745	Merged/Split	H2B	HGNC:4760
HGNC:4759	Merged/Split	H2BFO	HGNC:20517
HGNC:4763	Merged/Split	H3F2	HGNC:20503
HGNC:4777	Merged/Split	H3FM	HGNC:20503
HGNC:4779	Merged/Split	H4F2	HGNC:4794
HGNC:4780	Withdrawn	H4F3	
HGNC:4797	Merged/Split	HABP1	HGNC:1243
HGNC:4804	Merged/Split	HADHSC	HGNC:4799
HGNC:4811	Withdrawn	HAO3	
HGNC:4813	Merged/Split	HAP2	HGNC:4812
HGNC:4815	Withdrawn	HAPP	
HGNC:4822	Merged/Split	HAUSP	HGNC:12630
HGNC:4841	Withdrawn	HCL1	
HGNC:4842	Withdrawn	HCL2	
HGNC:4843	Withdrawn	HCL3	
HGNC:4850	Withdrawn	HCVS	
HGNC:4858	Merged/Split	HDLDT1	HGNC:29
HGNC:4859	Merged/Split	HEGFL	HGNC:3059
HGNC:4860	Withdrawn	HELIGL1	
HGNC:4863	Merged/Split	HEN1	HGNC:7817
HGNC:4864	Merged/Split	HEN2	HGNC:7818
HGNC:4865	Withdrawn	HEP10	
HGNC:4884	Merged/Split	HF2	HGNC:4883
HGNC:4885	Merged/Split	HFC1	HGNC:4839
HGNC:4889	Merged/Split	CFHR1P	HGNC:4888
HGNC:4891	Merged/Split	HFSP	HGNC:4708
HGNC:4895	Merged/Split	HGFL	HGNC:7380
HGNC:4896	Merged/Split	HGL	HGNC:7997
HGNC:4898	Merged/Split	HHC1	HGNC:1514
HGNC:4899	Merged/Split	HHC2	HGNC:4379
HGNC:4900	Merged/Split	HHC3	HGNC:565
HGNC:4902	Merged/Split	HHG	HGNC:6585
HGNC:4903	Merged/Split	HHH	HGNC:10985
HGNC:4911	Merged/Split	HIGM1	HGNC:11935
HGNC:4918	Merged/Split	HIS	HGNC:4806
HGNC:4919	Merged/Split	HIVE1	HGNC:1599
HGNC:4949	Merged/Split	HLA-DRB1L	HGNC:4957
HGNC:4958	Merged/Split	HLA-DVB	HGNC:4946
HGNC:4959	Merged/Split	HLA-DXA	HGNC:4943
HGNC:4960	Merged/Split	HLA-DXB	HGNC:4945
HGNC:4961	Merged/Split	HLA-DZA	HGNC:4936
HGNC:4968	Merged/Split	HLA-JY3	HGNC:4933
HGNC:4971	Merged/Split	HLA70	HGNC:4969
HGNC:4972	Merged/Split	HLA92	HGNC:4970
HGNC:4973	Merged/Split	HLAK	HGNC:4969
HGNC:4974	Merged/Split	HLAL	HGNC:4970
HGNC:4980	Withdrawn	HMAA	
HGNC:4981	Withdrawn	HMAB	
HGNC:4999	Withdrawn	HMG1P	
HGNC:5011	Withdrawn	HMI	
HGNC:5015	Merged/Split	HMR	HGNC:7980
HGNC:5016	Withdrawn	HMS1	
HGNC:5020	Withdrawn	HNB1	
HGNC:5027	Merged/Split	HNF6A	HGNC:8138
HGNC:5029	Merged/Split	HNP36	HGNC:11004
HGNC:5040	Merged/Split	HNRPG	HGNC:9911
HGNC:5049	Withdrawn	HOAC	
HGNC:5050	Merged/Split	HOKPP	HGNC:1397
HGNC:5051	Merged/Split	HOMG	HGNC:17995
HGNC:5052	Merged/Split	HOMG2	HGNC:4026
HGNC:5053	Merged/Split	HOPS	HGNC:438
HGNC:5054	Merged/Split	HOS	HGNC:11604
HGNC:5055	Merged/Split	HOX10	HGNC:1975
HGNC:5058	Merged/Split	HOX1A	HGNC:5108
HGNC:5059	Merged/Split	HOX1B	HGNC:5107
HGNC:5060	Merged/Split	HOX1C	HGNC:5106
HGNC:5061	Merged/Split	HOX1D	HGNC:5137
HGNC:5062	Merged/Split	HOX1E	HGNC:5104
HGNC:5063	Merged/Split	HOX1F	HGNC:5099
HGNC:5064	Merged/Split	HOX1G	HGNC:5109
HGNC:5065	Merged/Split	HOX1H	HGNC:5100
HGNC:5066	Merged/Split	HOX1I	HGNC:5101
HGNC:5067	Merged/Split	HOX1J	HGNC:5102
HGNC:5068	Merged/Split	HOX2@	HGNC:5110
HGNC:5069	Merged/Split	HOX2A	HGNC:5116
HGNC:5070	Merged/Split	HOX2B	HGNC:5117
HGNC:5071	Merged/Split	HOX2C	HGNC:5118
HGNC:5072	Merged/Split	HOX2D	HGNC:5119
HGNC:5073	Merged/Split	HOX2E	HGNC:5120
HGNC:5074	Merged/Split	HOX2F	HGNC:5115
HGNC:5075	Merged/Split	HOX2G	HGNC:5114
HGNC:5076	Merged/Split	HOX2H	HGNC:5113
HGNC:5077	Merged/Split	HOX2I	HGNC:5111
HGNC:5078	Merged/Split	HOX3@	HGNC:5121
HGNC:5079	Merged/Split	HOX3A	HGNC:5129
HGNC:5080	Merged/Split	HOX3B	HGNC:5130
HGNC:5081	Merged/Split	HOX3C	HGNC:5128
HGNC:5082	Merged/Split	HOX3D	HGNC:5127
HGNC:5083	Merged/Split	HOX3E	HGNC:5126
HGNC:5084	Merged/Split	HOX3F	HGNC:5124
HGNC:5085	Merged/Split	HOX3G	HGNC:5125
HGNC:5086	Merged/Split	HOX3H	HGNC:5123
HGNC:5087	Merged/Split	HOX4@	HGNC:5131
HGNC:5088	Merged/Split	HOX4A	HGNC:5137
HGNC:5089	Merged/Split	HOX4B	HGNC:5138
HGNC:5090	Merged/Split	HOX4C	HGNC:5140
HGNC:5091	Merged/Split	HOX4D	HGNC:5133
HGNC:5092	Merged/Split	HOX4E	HGNC:5139
HGNC:5093	Merged/Split	HOX4F	HGNC:5134
HGNC:5094	Merged/Split	HOX4G	HGNC:5132
HGNC:5095	Merged/Split	HOX4H	HGNC:5135
HGNC:5096	Merged/Split	HOX4I	HGNC:5136
HGNC:5097	Merged/Split	HOX7	HGNC:7391
HGNC:5142	Merged/Split	HPAFP	HGNC:317
HGNC:5143	Withdrawn	HPC1	
HGNC:5146	Withdrawn	HPCX	
HGNC:5148	Merged/Split	HPDR	HGNC:8918
HGNC:5149	Withdrawn	HPE1	
HGNC:5150	Merged/Split	HPE2	HGNC:10889
HGNC:5151	Merged/Split	HPE3	HGNC:10848
HGNC:5152	Merged/Split	HPE4	HGNC:11776
HGNC:5153	Withdrawn	HPFH2	
HGNC:5158	Withdrawn	HPRT2	
HGNC:5159	Withdrawn	HPRTP1	
HGNC:5162	Merged/Split	HPRTP4	HGNC:5161
HGNC:5165	Withdrawn	HPT	
HGNC:5169	Withdrawn	HPVC1	
HGNC:5170	Merged/Split	HPVE6A	HGNC:12496
HGNC:5179	Merged/Split	HRD	HGNC:11582
HGNC:5189	Merged/Split	HRP1	HGNC:12629
HGNC:5190	Merged/Split	HRPT1	HGNC:16783
HGNC:5191	Merged/Split	C1orf28	HGNC:16783
HGNC:5202	Merged/Split	HSAS1	HGNC:6470
HGNC:5204	Merged/Split	HSC	HGNC:4012
HGNC:5205	Merged/Split	HSCR	HGNC:3180
HGNC:5206	Merged/Split	HSCR1	HGNC:9967
HGNC:5207	Merged/Split	HSCR2	HGNC:3180
HGNC:5214	Merged/Split	HSD17B5	HGNC:386
HGNC:5230	Merged/Split	HSN1	HGNC:11277
HGNC:5231	Merged/Split	HSPA10	HGNC:5241
HGNC:5236	Withdrawn	HSPA3	
HGNC:5243	Withdrawn	HSPA9A	
HGNC:5250	Withdrawn	HSPBL1	
HGNC:5257	Merged/Split	HSPCAL4	HGNC:5253
HGNC:5260	Merged/Split	HSPCP2	HGNC:12099
HGNC:5262	Merged/Split	HSPDP1	HGNC:5264
HGNC:5265	Merged/Split	HSPDP4	HGNC:5264
HGNC:5272	Merged/Split	HSPG1	HGNC:10659
HGNC:5274	Merged/Split	HSST	HGNC:7680
HGNC:5277	Withdrawn	HTC1	
HGNC:5278	Withdrawn	HTC2	
HGNC:5279	Merged/Split	HTK	HGNC:3395
HGNC:5280	Withdrawn	HTL	
HGNC:5282	Merged/Split	HTLVR	HGNC:11005
HGNC:5288	Merged/Split	HTR1C	HGNC:5295
HGNC:5296	Merged/Split	HTR3	HGNC:5297
HGNC:5303	Merged/Split	HTRL	HGNC:5289
HGNC:5304	Merged/Split	HTT	HGNC:11050
HGNC:5305	Merged/Split	HTX1	HGNC:12874
HGNC:5306	Merged/Split	HTX2	HGNC:18292
HGNC:5307	Merged/Split	HUD	HGNC:3315
HGNC:5308	Merged/Split	HUR	HGNC:3312
HGNC:5310	Withdrawn	HV1S	
HGNC:5311	Withdrawn	HVBS1	
HGNC:5312	Withdrawn	HVBS4	
HGNC:5313	Withdrawn	HVBS6	
HGNC:5316	Merged/Split	HVEB	HGNC:9707
HGNC:5317	Merged/Split	HVEC	HGNC:9706
HGNC:5319	Merged/Split	HY	HGNC:11115
HGNC:5325	Merged/Split	HYKPP	HGNC:10591
HGNC:5327	Merged/Split	HYP	HGNC:8918
HGNC:5328	Merged/Split	HYRC1	HGNC:9413
HGNC:5332	Withdrawn	IBD2	
HGNC:5333	Withdrawn	IBD4	
HGNC:5334	Withdrawn	IBD5	
HGNC:5335	Withdrawn	IBD6	
HGNC:5336	Withdrawn	IBGC1	
HGNC:5337	Merged/Split	IBM2	HGNC:23657
HGNC:5338	Merged/Split	IBM3	HGNC:7572
HGNC:5339	Merged/Split	IBP1	HGNC:5461
HGNC:5340	Merged/Split	IBP2	HGNC:5471
HGNC:5342	Withdrawn	IC1	
HGNC:5349	Merged/Split	ICCA	HGNC:30500
HGNC:5352	Withdrawn	ICR1	
HGNC:5353	Merged/Split	ICR2B	HGNC:14637
HGNC:5354	Withdrawn	ICR3	
HGNC:5355	Withdrawn	ICR4	
HGNC:5356	Withdrawn	ICR5	
HGNC:5357	Withdrawn	ICS1	
HGNC:5364	Merged/Split	IDDM10	HGNC:6008
HGNC:5365	Withdrawn	IDDM11	
HGNC:5366	Merged/Split	IDDM12	HGNC:2505
HGNC:5367	Withdrawn	IDDM13	
HGNC:5368	Withdrawn	IDDM14	
HGNC:5369	Withdrawn	IDDM15	
HGNC:5370	Withdrawn	IDDM16	
HGNC:5371	Withdrawn	IDDM17	
HGNC:5372	Withdrawn	IDDM18	
HGNC:5373	Merged/Split	IDDM2	HGNC:6081
HGNC:5374	Withdrawn	IDDM3	
HGNC:5375	Withdrawn	IDDM4	
HGNC:5376	Merged/Split	IDDM5	HGNC:21181
HGNC:5377	Withdrawn	IDDM6	
HGNC:5378	Withdrawn	IDDM7	
HGNC:5379	Withdrawn	IDDM8	
HGNC:5380	Withdrawn	IDDM9	
HGNC:5388	Merged/Split	IDO	HGNC:6059
HGNC:5396	Merged/Split	IFI17	HGNC:5412
HGNC:5400	Merged/Split	IFI4	HGNC:225
HGNC:5402	Merged/Split	IFI53	HGNC:12729
HGNC:5403	Merged/Split	IFI54	HGNC:5409
HGNC:5404	Merged/Split	IFI56	HGNC:5407
HGNC:5405	Merged/Split	IFI56P	HGNC:5408
HGNC:5406	Merged/Split	IFI75	HGNC:5401
HGNC:5415	Withdrawn	IFN1@	
HGNC:5416	Merged/Split	IFNA	HGNC:5415
HGNC:5430	Merged/Split	IFNAI1	HGNC:5407
HGNC:5435	Merged/Split	IFNB2	HGNC:6018
HGNC:5436	Withdrawn	IFNB3	
HGNC:5437	Withdrawn	IFNBR	
HGNC:5441	Merged/Split	IFNGT1	HGNC:5440
HGNC:5445	Withdrawn	IFNP23	
HGNC:5446	Withdrawn	IFNP24	
HGNC:5458	Merged/Split	IGA	HGNC:1698
HGNC:5459	Withdrawn	IGAD1	
HGNC:5460	Merged/Split	IGB	HGNC:1699
HGNC:5462	Merged/Split	IGER	HGNC:7316
HGNC:5463	Withdrawn	IGES	
HGNC:5470	Merged/Split	IGFBP10	HGNC:2654
HGNC:5481	Withdrawn	IGHD@	
HGNC:5519	Withdrawn	IGHDOR15@	
HGNC:5520	Merged/Split	IGHDY1	HGNC:5477
HGNC:5521	Merged/Split	IGHDY2	HGNC:5519
HGNC:5530	Merged/Split	IGHJ	HGNC:5531
HGNC:5531	Withdrawn	IGHJ@	
HGNC:5543	Withdrawn	IGHR	
HGNC:5544	Merged/Split	IGHV	HGNC:5545
HGNC:5545	Withdrawn	IGHV@	
HGNC:5561	Merged/Split	IGHV1-E	HGNC:5558
HGNC:5578	Merged/Split	IGHV2@	HGNC:5711
HGNC:5630	Merged/Split	IGHV3-G	HGNC:5621
HGNC:5632	Merged/Split	IGHV3@	HGNC:5712
HGNC:5668	Withdrawn	IGHV7-77	
HGNC:5711	Withdrawn	IGHVOR15@	
HGNC:5712	Withdrawn	IGHVOR16@	
HGNC:5718	Withdrawn	IGKJ@	
HGNC:5727	Merged/Split	IGKV	HGNC:5728
HGNC:5728	Withdrawn	IGKV@	
HGNC:5729	Merged/Split	IGKV1	HGNC:5728
HGNC:5745	Merged/Split	IGKV1@	HGNC:5728
HGNC:5774	Merged/Split	IGKV1OR22-5A	HGNC:5773
HGNC:5775	Merged/Split	IGKV2	HGNC:5728
HGNC:5790	Merged/Split	IGKV2@	HGNC:5728
HGNC:5791	Merged/Split	IGKV268	HGNC:5830
HGNC:5807	Merged/Split	IGKV2OR2-1A	HGNC:5805
HGNC:5814	Merged/Split	IGKV3	HGNC:5728
HGNC:5822	Merged/Split	IGKV3@	HGNC:5728
HGNC:5831	Merged/Split	IGKV3OR2-268A	HGNC:5830
HGNC:5840	Withdrawn	IGKVOR2@	
HGNC:5841	Merged/Split	IGKVP@	HGNC:5840
HGNC:5842	Merged/Split	IGKVP1	HGNC:5764
HGNC:5843	Merged/Split	IGKVP2	HGNC:5765
HGNC:5844	Merged/Split	IGKVP3	HGNC:5833
HGNC:5845	Merged/Split	IGKVP4	HGNC:5812
HGNC:5846	Merged/Split	IGKVP5	HGNC:5772
HGNC:5847	Merged/Split	IGKVP6	HGNC:5813
HGNC:5848	Merged/Split	IGKVP7	HGNC:5773
HGNC:5849	Merged/Split	IGKVPZ1	HGNC:5760
HGNC:5850	Merged/Split	IGKVPZ2	HGNC:5761
HGNC:5851	Merged/Split	IGKVPZ3	HGNC:5762
HGNC:5852	Merged/Split	IGKVPZ4	HGNC:5763
HGNC:5854	Withdrawn	IGLC@	
HGNC:5862	Withdrawn	IGLJ@	
HGNC:5873	Withdrawn	IGLP1	
HGNC:5874	Withdrawn	IGLP2	
HGNC:5875	Withdrawn	IGLV@	
HGNC:5947	Merged/Split	IGO1	HGNC:4640
HGNC:5954	Withdrawn	IHG1	
HGNC:5955	Merged/Split	IHG2	HGNC:9005
HGNC:5957	Merged/Split	II	HGNC:4204
HGNC:5963	Merged/Split	IL10R	HGNC:5964
HGNC:5968	Withdrawn	IL11RB	
HGNC:5976	Withdrawn	IL14	
HGNC:5979	Merged/Split	IL15RB	HGNC:6009
HGNC:6007	Merged/Split	IL2R	HGNC:6008
HGNC:6013	Merged/Split	IL3RB	HGNC:2436
HGNC:6035	Merged/Split	ILA	HGNC:11924
HGNC:6039	Merged/Split	ILF3L	HGNC:16462
HGNC:6042	Merged/Split	IMD1	HGNC:1133
HGNC:6043	Merged/Split	IMD2	HGNC:12731
HGNC:6044	Merged/Split	IMD3	HGNC:11935
HGNC:6045	Merged/Split	IMD4	HGNC:6010
HGNC:6046	Merged/Split	IMD5	HGNC:10820
HGNC:6049	Merged/Split	IMPA	HGNC:6050
HGNC:6056	Merged/Split	IMPT1	HGNC:10964
HGNC:6070	Merged/Split	INP10	HGNC:10637
HGNC:6072	Withdrawn	INPP3	
HGNC:6073	Merged/Split	INPP4	HGNC:6074
HGNC:6078	Withdrawn	INPP5C	
HGNC:6082	Withdrawn	INSAF	
HGNC:6084	Withdrawn	INSL1	
HGNC:6085	Withdrawn	INSL2	
HGNC:6092	Withdrawn	INSRL	
HGNC:6094	Merged/Split	INSSA1	HGNC:18442
HGNC:6095	Withdrawn	INSSA2	
HGNC:6097	Merged/Split	INT1	HGNC:12774
HGNC:6098	Merged/Split	INT1L1	HGNC:12780
HGNC:6099	Merged/Split	INT3	HGNC:7884
HGNC:6100	Merged/Split	INT4	HGNC:12782
HGNC:6101	Merged/Split	INT6	HGNC:3277
HGNC:6103	Merged/Split	IOSCA	HGNC:1160
HGNC:6104	Merged/Split	IP1	HGNC:5961
HGNC:6105	Merged/Split	IP2	HGNC:5961
HGNC:6114	Merged/Split	IREB1	HGNC:117
HGNC:6123	Merged/Split	IRID1	HGNC:3800
HGNC:6124	Merged/Split	IRID2	HGNC:9005
HGNC:6151	Withdrawn	ITGAW	
HGNC:6165	Merged/Split	ITI	HGNC:453
HGNC:6170	Merged/Split	ITIHL1	HGNC:6169
HGNC:6185	Withdrawn	IV	
HGNC:6191	Merged/Split	JAK1B	HGNC:6190
HGNC:6194	Withdrawn	JBS	
HGNC:6195	Merged/Split	JK	HGNC:10918
HGNC:6197	Merged/Split	JMS	HGNC:886
HGNC:6198	Withdrawn	JPD	
HGNC:6202	Merged/Split	JTK5A	HGNC:10481
HGNC:6203	Merged/Split	JTK5B	HGNC:10482
HGNC:6208	Merged/Split	JWS	HGNC:3689
HGNC:6209	Withdrawn	K12T	
HGNC:6212	Merged/Split	KAL2	HGNC:3688
HGNC:6213	Merged/Split	KAL3	HGNC:15836
HGNC:6223	Merged/Split	KCNA4L	HGNC:6222
HGNC:6227	Merged/Split	KCNA9	HGNC:6294
HGNC:6245	Merged/Split	KCNF	HGNC:6246
HGNC:6247	Merged/Split	KCNG	HGNC:6248
HGNC:6268	Merged/Split	KCNJ7	HGNC:6267
HGNC:6271	Merged/Split	KCNJN1	HGNC:6258
HGNC:6276	Merged/Split	KCNK14	HGNC:13814
HGNC:6303	Merged/Split	KCS	HGNC:11582
HGNC:6310	Merged/Split	KERSMCR	HGNC:37808
HGNC:6311	Withdrawn	KFM	
HGNC:6312	Merged/Split	KFS	HGNC:6311
HGNC:6313	Merged/Split	KFSD	HGNC:15455
HGNC:6314	Merged/Split	KGFR	HGNC:3689
HGNC:6328	Merged/Split	KIR	HGNC:6338
HGNC:6382	Withdrawn	KMS	
HGNC:6384	Merged/Split	KNO	HGNC:2195
HGNC:6385	Withdrawn	KNPEP	
HGNC:6386	Merged/Split	KNS1	HGNC:6324
HGNC:6403	Merged/Split	KPP	HGNC:6413
HGNC:6405	Merged/Split	KRAG	HGNC:11322
HGNC:6409	Merged/Split	KRN1	HGNC:23604
HGNC:6410	Merged/Split	KRN1L	HGNC:23596
HGNC:6411	Merged/Split	KROX20	HGNC:3239
HGNC:6417	Withdrawn	KRT14L1	
HGNC:6418	Withdrawn	KRT14L2	
HGNC:6419	Withdrawn	KRT14L3	
HGNC:6422	Withdrawn	KRT15L	
HGNC:6424	Withdrawn	KRT16L1	
HGNC:6425	Withdrawn	KRT16L2	
HGNC:6437	Withdrawn	KRT22	
HGNC:6464	Merged/Split	KRTL1	HGNC:6444
HGNC:6466	Withdrawn	KSS	
HGNC:6468	Withdrawn	KWE	
HGNC:6471	Merged/Split	LAD	HGNC:2898
HGNC:6474	Merged/Split	LAG1	HGNC:10630
HGNC:6475	Merged/Split	LAG2	HGNC:4414
HGNC:6479	Withdrawn	LAKLG	
HGNC:6489	Merged/Split	LAMB2T	HGNC:6493
HGNC:6495	Merged/Split	LAMM	HGNC:6482
HGNC:6496	Merged/Split	LAMNA	HGNC:6483
HGNC:6497	Merged/Split	LAMNB1	HGNC:6490
HGNC:6498	Merged/Split	LAMNB2	HGNC:6493
HGNC:6507	Merged/Split	LAMS	HGNC:6487
HGNC:6516	Merged/Split	LBC	HGNC:371
HGNC:6519	Merged/Split	LCA	HGNC:4689
HGNC:6520	Merged/Split	LCA3	HGNC:20423
HGNC:6521	Merged/Split	LCA4	HGNC:359
HGNC:6523	Merged/Split	LCD1	HGNC:11771
HGNC:6531	Merged/Split	LD	HGNC:3768
HGNC:6534	Merged/Split	LDC	HGNC:6724
HGNC:6549	Merged/Split	LE	HGNC:4014
HGNC:6557	Merged/Split	LEU1	HGNC:1685
HGNC:6558	Merged/Split	LEU7	HGNC:921
HGNC:6559	Merged/Split	LFA3	HGNC:1688
HGNC:6571	Merged/Split	LGCR	HGNC:3512
HGNC:6573	Merged/Split	LGMD1	HGNC:12399
HGNC:6574	Merged/Split	LGMD1A	HGNC:12399
HGNC:6575	Merged/Split	LGMD1B	HGNC:6636
HGNC:6576	Merged/Split	LGMD1D	HGNC:14888
HGNC:6577	Merged/Split	LGMD2	HGNC:1480
HGNC:6578	Merged/Split	LGMD2A	HGNC:1480
HGNC:6579	Merged/Split	LGMD2B	HGNC:3097
HGNC:6580	Merged/Split	LGMD2C	HGNC:10809
HGNC:6581	Merged/Split	LGMD2G	HGNC:11610
HGNC:6582	Merged/Split	LGMD2H	HGNC:16380
HGNC:6590	Merged/Split	LHFPL4	HGNC:6589
HGNC:6591	Merged/Split	LHON	HGNC:7459
HGNC:6592	Merged/Split	LHRH	HGNC:4419
HGNC:6599	Merged/Split	LIG2	HGNC:6600
HGNC:6611	Merged/Split	LIMAB1	HGNC:78
HGNC:6615	Merged/Split	LIMM	HGNC:7499
HGNC:6620	Merged/Split	LIPD	HGNC:6677
HGNC:6624	Merged/Split	LKP	HGNC:2750
HGNC:6625	Merged/Split	LLCDL1	HGNC:3574
HGNC:6626	Merged/Split	LLCDL2	HGNC:3575
HGNC:6627	Merged/Split	LLCDL3	HGNC:3576
HGNC:6630	Withdrawn	LLP	
HGNC:6634	Merged/Split	LMN1	HGNC:6636
HGNC:6635	Merged/Split	LMN2	HGNC:6638
HGNC:6639	Merged/Split	LMNL1	HGNC:6636
HGNC:6640	Withdrawn	LMNL2	
HGNC:6650	Merged/Split	LMP2	HGNC:9546
HGNC:6651	Merged/Split	LMP7	HGNC:9545
HGNC:6652	Merged/Split	LMX1	HGNC:6653
HGNC:6655	Merged/Split	LNHR	HGNC:10720
HGNC:6659	Merged/Split	LOH18CR1	HGNC:11908
HGNC:6660	Merged/Split	LOH19CR1	HGNC:10402
HGNC:6669	Merged/Split	APOAL	HGNC:21210
HGNC:6670	Merged/Split	LPC1	HGNC:533
HGNC:6671	Merged/Split	LPC2A	HGNC:538
HGNC:6672	Merged/Split	LPC2B	HGNC:539
HGNC:6673	Merged/Split	LPC2C	HGNC:540
HGNC:6674	Merged/Split	LPC2D	HGNC:537
HGNC:6675	Merged/Split	LPGP1	HGNC:11800
HGNC:6676	Merged/Split	LPI	HGNC:11065
HGNC:6680	Merged/Split	LPS	HGNC:6121
HGNC:6681	Merged/Split	LQT	HGNC:6294
HGNC:6682	Merged/Split	LQT2	HGNC:6251
HGNC:6683	Merged/Split	LQT3	HGNC:10593
HGNC:6684	Merged/Split	LQT4	HGNC:493
HGNC:6686	Withdrawn	L1RE1	
HGNC:6687	Withdrawn	L1RE2	
HGNC:6688	Withdrawn	LRE3	
HGNC:6689	Withdrawn	LRE4	
HGNC:6699	Merged/Split	LRP7	HGNC:6697
HGNC:6704	Merged/Split	LRS1	HGNC:3755
HGNC:6706	Merged/Split	LSH	HGNC:10907
HGNC:6712	Merged/Split	LTB4H	HGNC:2646
HGNC:6725	Merged/Split	LW	HGNC:5347
HGNC:6733	Merged/Split	LYAM1	HGNC:10720
HGNC:6736	Merged/Split	LYP	HGNC:10820
HGNC:6739	Merged/Split	CHS1	HGNC:1968
HGNC:6744	Withdrawn	M130	
HGNC:6745	Merged/Split	M17S1	HGNC:3758
HGNC:6747	Withdrawn	M195	
HGNC:6748	Merged/Split	M1S1	HGNC:11530
HGNC:6749	Merged/Split	M3S1	HGNC:11853
HGNC:6750	Merged/Split	M4S1	HGNC:11529
HGNC:6751	Withdrawn	M6P2	
HGNC:6753	Merged/Split	M6S1	HGNC:3356
HGNC:6754	Merged/Split	M7V1	HGNC:10943
HGNC:6755	Withdrawn	MAA	
HGNC:6756	Merged/Split	MAAT1	HGNC:14484
HGNC:6777	Withdrawn	MAFD1	
HGNC:6778	Withdrawn	MAFD2	
HGNC:6779	Withdrawn	MAFD3	
HGNC:6784	Merged/Split	MAGE1	HGNC:6796
HGNC:6785	Merged/Split	MAGE10	HGNC:6797
HGNC:6786	Merged/Split	MAGE11	HGNC:6798
HGNC:6787	Merged/Split	MAGE12	HGNC:6799
HGNC:6788	Merged/Split	MAGE2	HGNC:6800
HGNC:6789	Merged/Split	MAGE3	HGNC:6801
HGNC:6790	Merged/Split	MAGE4	HGNC:6802
HGNC:6791	Merged/Split	MAGE5	HGNC:6803
HGNC:6792	Merged/Split	MAGE6	HGNC:6804
HGNC:6793	Merged/Split	MAGE7	HGNC:6805
HGNC:6794	Merged/Split	MAGE8	HGNC:6806
HGNC:6795	Merged/Split	MAGE9	HGNC:6807
HGNC:6820	Merged/Split	MAM	HGNC:10809
HGNC:6828	Merged/Split	MANA1	HGNC:6827
HGNC:6829	Merged/Split	MANA2	HGNC:6824
HGNC:6830	Merged/Split	MANB	HGNC:6826
HGNC:6832	Withdrawn	MANBB	
HGNC:6837	Merged/Split	MAP1L	HGNC:6835
HGNC:6870	Merged/Split	MAPE	HGNC:9336
HGNC:6894	Merged/Split	MAPTL	HGNC:6893
HGNC:6900	Merged/Split	MASA	HGNC:6470
HGNC:6911	Merged/Split	MATR1	HGNC:10955
HGNC:6920	Merged/Split	MBL	HGNC:6922
HGNC:6926	Withdrawn	MBS1	
HGNC:6927	Withdrawn	MBS2	
HGNC:6928	Withdrawn	MBS3	
HGNC:6939	Withdrawn	MCDR1	
HGNC:6941	Merged/Split	MCKD1	HGNC:7508
HGNC:6942	Withdrawn	MCKD2	
HGNC:6951	Merged/Split	MCNAA	HGNC:1094
HGNC:6952	Withdrawn	MCO	
HGNC:6955	Merged/Split	MCPH2	HGNC:24502
HGNC:6956	Merged/Split	MCPH3	HGNC:18672
HGNC:6957	Merged/Split	MCPH4	HGNC:24054
HGNC:6958	Merged/Split	MCPH5	HGNC:19048
HGNC:6961	Merged/Split	MCS	HGNC:24931
HGNC:6963	Merged/Split	MDC	HGNC:189
HGNC:6964	Merged/Split	MDCR	HGNC:8574
HGNC:6965	Withdrawn	MDF1	
HGNC:6966	Merged/Split	MDF2	HGNC:6153
HGNC:6969	Merged/Split	MDGI	HGNC:3557
HGNC:6975	Merged/Split	MDR1	HGNC:40
HGNC:6976	Merged/Split	MDR3	HGNC:45
HGNC:6977	Merged/Split	MDRS1	HGNC:15999
HGNC:6978	Withdrawn	MDRV	
HGNC:6979	Merged/Split	MDS1	HGNC:3498
HGNC:6980	Merged/Split	MDU1	HGNC:11026
HGNC:6981	Merged/Split	MDU2	HGNC:1681
HGNC:6982	Merged/Split	MDU3	HGNC:1681
HGNC:6987	Merged/Split	MEAX	HGNC:22082
HGNC:6988	Merged/Split	MEB	HGNC:19139
HGNC:6989	Merged/Split	MECL1	HGNC:9538
HGNC:6991	Merged/Split	MED	HGNC:10596
HGNC:6992	Merged/Split	MEF	HGNC:6998
HGNC:6999	Withdrawn	MEHMO	
HGNC:7003	Merged/Split	MEKK1	HGNC:6848
HGNC:7004	Merged/Split	MEKK2	HGNC:6854
HGNC:7005	Merged/Split	MEKK3	HGNC:6855
HGNC:7006	Merged/Split	MEKK4	HGNC:6856
HGNC:7008	Withdrawn	MELAS	
HGNC:7009	Withdrawn	MELL1	
HGNC:7011	Merged/Split	MEN2A	HGNC:9967
HGNC:7012	Merged/Split	MEN2B	HGNC:9967
HGNC:7018	Withdrawn	MEP1AL3	
HGNC:7019	Withdrawn	MEP1AL4	
HGNC:7021	Withdrawn	MER1	
HGNC:7022	Withdrawn	MER2	
HGNC:7023	Withdrawn	MER5	
HGNC:7024	Merged/Split	MER6	HGNC:1682
HGNC:7025	Withdrawn	MERR	
HGNC:7026	Merged/Split	MERRF	HGNC:7489
HGNC:7031	Merged/Split	MF4	HGNC:3672
HGNC:7039	Merged/Split	MFS1	HGNC:3603
HGNC:7040	Merged/Split	MFS2	HGNC:11773
HGNC:7041	Merged/Split	MFTL	HGNC:10421
HGNC:7042	Merged/Split	MGA1	HGNC:2548
HGNC:7052	Merged/Split	MGC1	HGNC:29861
HGNC:7053	Merged/Split	MGCR	HGNC:7180
HGNC:7054	Merged/Split	MGDF	HGNC:11795
HGNC:7055	Merged/Split	MGEA	HGNC:18432
HGNC:7057	Merged/Split	CTAGE5	HGNC:18432
HGNC:7058	Merged/Split	MGF	HGNC:6343
HGNC:7062	Merged/Split	MGST1L1	HGNC:9599
HGNC:7065	Withdrawn	MHAC	
HGNC:7066	Merged/Split	MHAM	HGNC:9588
HGNC:7068	Merged/Split	MHP1	HGNC:1388
HGNC:7069	Merged/Split	MHP2	HGNC:800
HGNC:7070	Merged/Split	MHS1	HGNC:10483
HGNC:7071	Withdrawn	MHS2	
HGNC:7072	Merged/Split	MHS3	HGNC:1399
HGNC:7073	Withdrawn	MHS4	
HGNC:7074	Merged/Split	MHS5	HGNC:1397
HGNC:7075	Withdrawn	MHS6	
HGNC:7077	Merged/Split	MIC10	HGNC:6953
HGNC:7078	Merged/Split	MIC11	HGNC:1689
HGNC:7079	Withdrawn	MIC12	
HGNC:7080	Withdrawn	MIC17	
HGNC:7081	Merged/Split	MIC18	HGNC:11529
HGNC:7084	Merged/Split	MIC3	HGNC:1709
HGNC:7085	Merged/Split	MIC4	HGNC:1681
HGNC:7086	Merged/Split	MIC5	HGNC:6470
HGNC:7087	Withdrawn	MIC6	
HGNC:7088	Withdrawn	MIC7	
HGNC:7089	Withdrawn	MIC9	
HGNC:7099	Merged/Split	MIN1	HGNC:1689
HGNC:7100	Merged/Split	MIN2	HGNC:1689
HGNC:7101	Merged/Split	MIN3	HGNC:1689
HGNC:7122	Merged/Split	MKS2	HGNC:25018
HGNC:7123	Merged/Split	MLA1	HGNC:1692
HGNC:7129	Merged/Split	MLK1	HGNC:6861
HGNC:7130	Merged/Split	MLK2	HGNC:6849
HGNC:7131	Merged/Split	MLK3	HGNC:6850
HGNC:7140	Merged/Split	MLM	HGNC:1787
HGNC:7143	Withdrawn	MLPL1	
HGNC:7144	Merged/Split	MLR	HGNC:7979
HGNC:7145	Merged/Split	MLS	HGNC:4837
HGNC:7147	Merged/Split	MLT	HGNC:6819
HGNC:7148	Merged/Split	MLVAR	HGNC:10947
HGNC:7149	Withdrawn	MLVI2	
HGNC:7152	Withdrawn	MMC	
HGNC:7164	Merged/Split	MMP18	HGNC:7165
HGNC:7168	Merged/Split	MMP21	HGNC:7170
HGNC:7169	Merged/Split	MMP22	HGNC:7171
HGNC:7177	Merged/Split	MMPL1	HGNC:14246
HGNC:7182	Merged/Split	MNBH	HGNC:3091
HGNC:7184	Merged/Split	MNG1	HGNC:17098
HGNC:7185	Merged/Split	MNGIE	HGNC:3148
HGNC:7186	Merged/Split	MNK	HGNC:869
HGNC:7187	Merged/Split	MNS	HGNC:4702, HGNC:4703
HGNC:7192	Merged/Split	MOCS1P2	HGNC:7191
HGNC:7194	Merged/Split	MODY1	HGNC:5024
HGNC:7195	Merged/Split	MODY2	HGNC:4195
HGNC:7196	Merged/Split	MODY3	HGNC:11621
HGNC:7204	Merged/Split	MOX44	HGNC:1686
HGNC:7205	Merged/Split	MPB1	HGNC:3350
HGNC:7206	Merged/Split	MPD1	HGNC:7577
HGNC:7209	Withdrawn	MPE	
HGNC:7210	Withdrawn	MPFD	
HGNC:7222	Merged/Split	MPSL1	HGNC:7174
HGNC:7232	Merged/Split	MRP	HGNC:51
HGNC:7233	Merged/Split	MRP1	HGNC:51
HGNC:7235	Merged/Split	MRS	HGNC:2761
HGNC:7236	Withdrawn	MRSD	
HGNC:7238	Merged/Split	MRX1	HGNC:29059
HGNC:7239	Merged/Split	MRX10	HGNC:5996
HGNC:7240	Withdrawn	MRX11	
HGNC:7241	Merged/Split	MRX12	HGNC:19073
HGNC:7242	Merged/Split	MRX13	HGNC:11114
HGNC:7243	Withdrawn	MRX14	
HGNC:7244	Withdrawn	MRX15	
HGNC:7245	Merged/Split	MRX16	HGNC:6990
HGNC:7246	Withdrawn	MRX17	
HGNC:7247	Merged/Split	MRX18	HGNC:29059
HGNC:7248	Merged/Split	MRX19	HGNC:10432
HGNC:7249	Merged/Split	MRX2	HGNC:9330
HGNC:7250	Withdrawn	MRX20	
HGNC:7251	Merged/Split	MRX21	HGNC:5996
HGNC:7252	Merged/Split	MRX22	HGNC:10923
HGNC:7253	Withdrawn	MRX23	
HGNC:7254	Withdrawn	MRX24	
HGNC:7255	Withdrawn	MRX25	
HGNC:7256	Withdrawn	MRX26	
HGNC:7257	Withdrawn	MRX27	
HGNC:7258	Withdrawn	MRX28	
HGNC:7259	Merged/Split	MRX29	HGNC:18060
HGNC:7260	Merged/Split	MRX3	HGNC:4839
HGNC:7261	Merged/Split	MRX30	HGNC:8592
HGNC:7262	Withdrawn	MRX31	
HGNC:7263	Merged/Split	MRX32	HGNC:18060
HGNC:7264	Merged/Split	MRX33	HGNC:18060
HGNC:7265	Merged/Split	MRX34	HGNC:5996
HGNC:7266	Merged/Split	MRX35	HGNC:19073
HGNC:7267	Merged/Split	MRX36	HGNC:18060
HGNC:7268	Withdrawn	MRX37	
HGNC:7269	Merged/Split	MRX38	HGNC:18060
HGNC:7270	Withdrawn	MRX39	
HGNC:7271	Withdrawn	MRX4	
HGNC:7272	Withdrawn	MRX40	
HGNC:7273	Merged/Split	MRX41	HGNC:4226
HGNC:7274	Withdrawn	MRX42	
HGNC:7275	Merged/Split	MRX43	HGNC:18060
HGNC:7276	Merged/Split	MRX44	HGNC:13254
HGNC:7277	Merged/Split	MRX45	HGNC:13156
HGNC:7278	Merged/Split	MRX46	HGNC:685
HGNC:7279	Merged/Split	MRX47	HGNC:8592
HGNC:7280	Merged/Split	MRX48	HGNC:4226
HGNC:7281	Withdrawn	MRX49	
HGNC:7282	Withdrawn	MRX5	
HGNC:7283	Merged/Split	MRX50	HGNC:11494
HGNC:7284	Withdrawn	MRX51	
HGNC:7285	Merged/Split	MRX52	HGNC:886
HGNC:7286	Withdrawn	MRX53	
HGNC:7287	Merged/Split	MRX54	HGNC:18060
HGNC:7288	Merged/Split	MRX55	HGNC:9330
HGNC:7289	Withdrawn	MRX56	
HGNC:7290	Withdrawn	MRX57	
HGNC:7291	Merged/Split	MRX58	HGNC:11854
HGNC:7292	Merged/Split	MRX59	HGNC:560
HGNC:7293	Withdrawn	MRX6	
HGNC:7294	Merged/Split	MRX60	HGNC:8148
HGNC:7295	Withdrawn	MRX61	
HGNC:7296	Merged/Split	MRX62	HGNC:20439
HGNC:7297	Merged/Split	MRX63	HGNC:3571
HGNC:7298	Withdrawn	MRX64	
HGNC:7299	Merged/Split	MRX65	HGNC:13128
HGNC:7300	Withdrawn	MRX66	
HGNC:7301	Withdrawn	MRX67	
HGNC:7302	Merged/Split	MRX68	HGNC:3571
HGNC:7303	Withdrawn	MRX69	
HGNC:7304	Withdrawn	MRX7	
HGNC:7305	Withdrawn	MRX70	
HGNC:7306	Merged/Split	MRX72	HGNC:16499
HGNC:7307	Withdrawn	MRX73	
HGNC:7308	Merged/Split	MRX74	HGNC:26233
HGNC:7309	Withdrawn	MRX75	
HGNC:7310	Merged/Split	MRX76	HGNC:18060
HGNC:7311	Withdrawn	MRX8	
HGNC:7312	Merged/Split	MRX9	HGNC:13254
HGNC:7313	Withdrawn	MRXS7	
HGNC:7314	Withdrawn	MS	
HGNC:7320	Merged/Split	MSBP3	HGNC:13994
HGNC:7322	Withdrawn	MSD	
HGNC:7324	Merged/Split	MSG1	HGNC:1986
HGNC:7331	Withdrawn	MSK1	
HGNC:7332	Withdrawn	MSK10	
HGNC:7333	Withdrawn	MSK11	
HGNC:7334	Merged/Split	MSK12	HGNC:6153
HGNC:7335	Withdrawn	MSK13	
HGNC:7336	Withdrawn	MSK14	
HGNC:7337	Withdrawn	MSK15	
HGNC:7338	Merged/Split	MSK16	HGNC:319
HGNC:7339	Withdrawn	MSK17	
HGNC:7340	Merged/Split	MSK18	HGNC:6139
HGNC:7341	Withdrawn	MSK19	
HGNC:7342	Withdrawn	MSK2	
HGNC:7343	Withdrawn	MSK20	
HGNC:7344	Merged/Split	MSK21	HGNC:1689
HGNC:7345	Withdrawn	MSK22	
HGNC:7346	Withdrawn	MSK23	
HGNC:7347	Withdrawn	MSK24	
HGNC:7348	Withdrawn	MSK25	
HGNC:7349	Withdrawn	MSK26	
HGNC:7350	Withdrawn	MSK27	
HGNC:7351	Withdrawn	MSK28	
HGNC:7352	Withdrawn	MSK29	
HGNC:7353	Withdrawn	MSK3	
HGNC:7354	Withdrawn	MSK30	
HGNC:7355	Withdrawn	MSK31	
HGNC:7356	Withdrawn	MSK32	
HGNC:7357	Withdrawn	MSK33	
HGNC:7358	Withdrawn	MSK34	
HGNC:7359	Withdrawn	MSK35	
HGNC:7360	Withdrawn	MSK36	
HGNC:7361	Withdrawn	MSK37	
HGNC:7362	Withdrawn	MSK38	
HGNC:7363	Withdrawn	MSK39	
HGNC:7364	Withdrawn	MSK4	
HGNC:7365	Withdrawn	MSK40	
HGNC:7366	Withdrawn	MSK41	
HGNC:7367	Withdrawn	MSK7	
HGNC:7368	Merged/Split	MSK8	HGNC:6150
HGNC:7369	Withdrawn	MSK9	
HGNC:7375	Withdrawn	MSNL2	
HGNC:7378	Merged/Split	MSS	HGNC:24624
HGNC:7379	Merged/Split	MSSE	HGNC:11772
HGNC:7388	Merged/Split	MST1P7	HGNC:7390
HGNC:7403	Merged/Split	MT1K	HGNC:14296
HGNC:7412	Merged/Split	MTACR1	HGNC:12797
HGNC:7418	Merged/Split	MTC1	HGNC:9967
HGNC:7429	Merged/Split	MTH1	HGNC:8048
HGNC:7430	Merged/Split	MTHFC	HGNC:7432
HGNC:7431	Merged/Split	MTHFD	HGNC:7432
HGNC:7435	Merged/Split	MTHFDP1	HGNC:7433
HGNC:7445	Merged/Split	MTL4	HGNC:16120
HGNC:7474	Merged/Split	MTS1	HGNC:10494
HGNC:7503	Merged/Split	MTX	HGNC:7504
HGNC:7507	Merged/Split	MTXP	HGNC:7505
HGNC:7509	Merged/Split	MUC11	HGNC:7510
HGNC:7520	Merged/Split	MUC9	HGNC:8524
HGNC:7522	Withdrawn	MUCRX	
HGNC:7524	Merged/Split	MUM1	HGNC:6119
HGNC:7528	Withdrawn	MUW53	
HGNC:7535	Merged/Split	MXRA1	HGNC:817
HGNC:7536	Merged/Split	MXRA2	HGNC:14652
HGNC:7537	Merged/Split	MXRA3	HGNC:29300
HGNC:7538	Merged/Split	MXRA4	HGNC:15855
HGNC:7540	Merged/Split	MXRA6	HGNC:11973
HGNC:7543	Merged/Split	MXS1	HGNC:11854
HGNC:7558	Withdrawn	MYCLK1	
HGNC:7560	Withdrawn	MYCP	
HGNC:7561	Merged/Split	MYD118	HGNC:4096
HGNC:7564	Merged/Split	MYF3	HGNC:7611
HGNC:7570	Merged/Split	MYH12	HGNC:7602
HGNC:7575	Merged/Split	MYH5	HGNC:31038
HGNC:7580	Withdrawn	MYHK	
HGNC:7581	Merged/Split	MYHL	HGNC:7595
HGNC:7592	Withdrawn	MYLL1	
HGNC:7615	Withdrawn	MYP1	
HGNC:7616	Withdrawn	MYP2	
HGNC:7617	Withdrawn	MYP3	
HGNC:7620	Withdrawn	MYSA	
HGNC:7621	Merged/Split	MYSB	HGNC:1402
HGNC:7624	Withdrawn	MYT2	
HGNC:7625	Merged/Split	NA	HGNC:12811
HGNC:7628	Merged/Split	NAC	HGNC:12811
HGNC:7630	Merged/Split	NACB	HGNC:1125
HGNC:7633	Merged/Split	NAGR1	HGNC:5046
HGNC:7635	Merged/Split	NAMSD	HGNC:8768
HGNC:7636	Merged/Split	NANTA3	HGNC:10864
HGNC:7647	Merged/Split	NBCCS	HGNC:9585
HGNC:7649	Merged/Split	NBIA1	HGNC:15894
HGNC:7651	Merged/Split	NBP1	HGNC:8041
HGNC:7653	Merged/Split	NCA	HGNC:1818
HGNC:7654	Merged/Split	NCAD	HGNC:1759
HGNC:7663	Merged/Split	NCK	HGNC:7664
HGNC:7674	Merged/Split	NCX1	HGNC:11068
HGNC:7676	Merged/Split	NDNL1	HGNC:6814
HGNC:7709	Merged/Split	NDUFS2L	HGNC:7693
HGNC:7721	Merged/Split	NEC1	HGNC:8743
HGNC:7722	Merged/Split	NEC2	HGNC:8744
HGNC:7724	Merged/Split	NEDD10	HGNC:29416
HGNC:7725	Merged/Split	NEDD2	HGNC:1503
HGNC:7726	Merged/Split	NEDD3	HGNC:3029
HGNC:7730	Merged/Split	NEDD6	HGNC:10299
HGNC:7731	Merged/Split	NEDD7	HGNC:5229
HGNC:7735	Merged/Split	NEF4	HGNC:9461
HGNC:7736	Merged/Split	NEF5	HGNC:6057
HGNC:7740	Withdrawn	NEFLL1	
HGNC:7741	Withdrawn	NEFLL2	
HGNC:7742	Merged/Split	NEGF1	HGNC:9630
HGNC:7743	Merged/Split	NEGF2	HGNC:6972
HGNC:7747	Merged/Split	STK2	HGNC:11399
HGNC:7752	Merged/Split	NEM1	HGNC:12012
HGNC:7753	Merged/Split	NEM2	HGNC:7720
HGNC:7755	Merged/Split	NEP	HGNC:2730
HGNC:7757	Merged/Split	NET1	HGNC:11051
HGNC:7768	Withdrawn	NF1L3	
HGNC:7779	Withdrawn	NFATC5	
HGNC:7789	Withdrawn	NFIXL1	
HGNC:7790	Withdrawn	NFIXL2	
HGNC:7791	Withdrawn	NFIXL3	
HGNC:7792	Withdrawn	NFIXL4	
HGNC:7793	Withdrawn	NFIXL5	
HGNC:7796	Merged/Split	NFKB3	HGNC:9955
HGNC:7810	Merged/Split	NGL	HGNC:3430
HGNC:7811	Withdrawn	NHCP1	
HGNC:7812	Withdrawn	NHCP2	
HGNC:7813	Merged/Split	NHE1	HGNC:11071
HGNC:7814	Merged/Split	NHE2	HGNC:11072
HGNC:7815	Merged/Split	NHE3	HGNC:11073
HGNC:7816	Merged/Split	NHE3P	HGNC:11074
HGNC:7822	Withdrawn	NIDDM1	
HGNC:7823	Withdrawn	NIDDM2	
HGNC:7826	Withdrawn	NIP1L	
HGNC:7829	Merged/Split	NKG2	HGNC:6374
HGNC:7831	Merged/Split	NKR	HGNC:6373
HGNC:7832	Withdrawn	NKS1	
HGNC:7834	Merged/Split	NKX2A	HGNC:11825
HGNC:7840	Merged/Split	NLVCF	HGNC:14491
HGNC:7841	Withdrawn	NM	
HGNC:7844	Merged/Split	NMDAR1	HGNC:4584
HGNC:7845	Merged/Split	NMDAR2A	HGNC:4585
HGNC:7846	Merged/Split	NMDAR2B	HGNC:4586
HGNC:7847	Merged/Split	NMDAR2C	HGNC:4587
HGNC:7848	Merged/Split	NMDARA1	HGNC:4589
HGNC:7855	Merged/Split	NMOR1	HGNC:2874
HGNC:7862	Withdrawn	NNO1	
HGNC:7868	Withdrawn	NOL2	
HGNC:7888	Merged/Split	NOVA3	HGNC:7887
HGNC:7893	Merged/Split	NPAP60L	HGNC:8065
HGNC:7902	Merged/Split	NPH1	HGNC:7905
HGNC:7903	Merged/Split	NPHL1	HGNC:2023
HGNC:7904	Merged/Split	NPHL2	HGNC:2023
HGNC:7906	Merged/Split	NPHP2	HGNC:17870
HGNC:7917	Merged/Split	NPM1P15	HGNC:7923
HGNC:7918	Merged/Split	NPM1P16	HGNC:7927
HGNC:7932	Merged/Split	NPMP1	HGNC:7911
HGNC:7933	Merged/Split	NPMP2	HGNC:7922
HGNC:7934	Merged/Split	NPMP3	HGNC:7923
HGNC:7935	Merged/Split	NPMP4	HGNC:7924
HGNC:7936	Merged/Split	NPMP5	HGNC:7925
HGNC:7937	Merged/Split	NPMP6	HGNC:7926
HGNC:7938	Merged/Split	NPMP7	HGNC:7927
HGNC:7942	Merged/Split	NPPS	HGNC:3356
HGNC:7946	Merged/Split	NPRA	HGNC:7943
HGNC:7947	Merged/Split	NPRB	HGNC:7944
HGNC:7948	Merged/Split	NPRC	HGNC:7945
HGNC:7949	Merged/Split	NPS1	HGNC:6654
HGNC:7950	Merged/Split	NPT1	HGNC:10929
HGNC:7951	Merged/Split	NPT2	HGNC:11019
HGNC:7964	Withdrawn	NR1H1	
HGNC:7986	Merged/Split	NRAMP1	HGNC:10907
HGNC:7987	Merged/Split	NRAMP2	HGNC:10908
HGNC:7990	Withdrawn	NRASL1	
HGNC:7991	Withdrawn	NRASL2	
HGNC:7992	Withdrawn	NRASL3	
HGNC:8006	Merged/Split	NRPB	HGNC:3345
HGNC:8012	Merged/Split	NS1	HGNC:9644
HGNC:8018	Merged/Split	NSP	HGNC:10467
HGNC:8019	Merged/Split	NSX	HGNC:9173
HGNC:8020	Withdrawn	NT3	
HGNC:8034	Merged/Split	NTRK4	HGNC:2730
HGNC:8035	Merged/Split	NTRKR1	HGNC:10256
HGNC:8036	Merged/Split	NTRKR2	HGNC:10257
HGNC:8037	Merged/Split	NTRKR3	HGNC:2731
HGNC:8069	Merged/Split	NURR1	HGNC:7981
HGNC:8080	Withdrawn	NYS2	
HGNC:8081	Withdrawn	NYS3	
HGNC:8083	Merged/Split	OA1	HGNC:20145
HGNC:8084	Withdrawn	OA3	
HGNC:8085	Withdrawn	OAP	
HGNC:8089	Withdrawn	OASD	
HGNC:8098	Merged/Split	OB	HGNC:6553
HGNC:8099	Merged/Split	OBS	HGNC:6553
HGNC:8102	Merged/Split	OCD1	HGNC:11050
HGNC:8103	Withdrawn	OCLM	
HGNC:8106	Merged/Split	OCP1	HGNC:13581
HGNC:8107	Merged/Split	OCP2	HGNC:33696
HGNC:8112	Merged/Split	ODDD	HGNC:4274
HGNC:8115	Merged/Split	ODG1	HGNC:3969
HGNC:8116	Merged/Split	ODT1	HGNC:3157
HGNC:8118	Withdrawn	OED	
HGNC:8119	Withdrawn	OFC#	
HGNC:8120	Withdrawn	OFC1	
HGNC:8121	Withdrawn	OFC2	
HGNC:8122	Withdrawn	OFC3	
HGNC:8123	Merged/Split	CXorf5	HGNC:2567
HGNC:8128	Merged/Split	OI4	HGNC:2198
HGNC:8129	Merged/Split	OIAS	HGNC:8086
HGNC:8130	Merged/Split	OK	HGNC:1116
HGNC:8131	Withdrawn	OLFR@	
HGNC:8132	Merged/Split	OLFR1	HGNC:8183
HGNC:8137	Merged/Split	ON	HGNC:11219
HGNC:8141	Withdrawn	OPA2	
HGNC:8144	Merged/Split	OPD1	HGNC:3754
HGNC:8145	Merged/Split	OPD2	HGNC:3754
HGNC:8146	Withdrawn	OPEM	
HGNC:8147	Merged/Split	OPG	HGNC:11909
HGNC:8150	Merged/Split	OPMD	HGNC:8565
HGNC:8151	Merged/Split	OPN	HGNC:11255
HGNC:8152	Merged/Split	OPPG	HGNC:6697
HGNC:8159	Merged/Split	OPTX2	HGNC:10892
HGNC:8160	Merged/Split	OR10A1	HGNC:15131
HGNC:8164	Merged/Split	OR10B2	HGNC:8163
HGNC:8167	Merged/Split	OR10D2P	HGNC:8166
HGNC:8187	Merged/Split	OR1D6P	HGNC:8184
HGNC:8188	Merged/Split	OR1D7P	HGNC:8184
HGNC:8192	Merged/Split	OR1E4	HGNC:8190
HGNC:8193	Merged/Split	OR1E5	HGNC:8189
HGNC:8195	Withdrawn	OR1F11	
HGNC:8197	Merged/Split	OR1F3P	HGNC:8196
HGNC:8198	Merged/Split	OR1F4	HGNC:8194
HGNC:8199	Merged/Split	OR1F5	HGNC:8194
HGNC:8200	Merged/Split	OR1F6	HGNC:8194
HGNC:8201	Merged/Split	OR1F7	HGNC:8194
HGNC:8202	Merged/Split	OR1F8	HGNC:8194
HGNC:8203	Merged/Split	OR1F9	HGNC:8194
HGNC:8205	Merged/Split	OR1G2	HGNC:8204
HGNC:8210	Merged/Split	OR1J3	HGNC:8209
HGNC:8214	Merged/Split	OR1L2	HGNC:8213
HGNC:8217	Merged/Split	OR1L5	HGNC:8216
HGNC:8219	Merged/Split	OR1L7	HGNC:8218
HGNC:8224	Merged/Split	OR1Q2	HGNC:8223
HGNC:8225	Merged/Split	OR1Q3	HGNC:8223
HGNC:8228	Merged/Split	OR20A1P	HGNC:8226
HGNC:8233	Merged/Split	OR2A6	HGNC:15084
HGNC:8235	Merged/Split	OR2A8	HGNC:8232
HGNC:8237	Merged/Split	OR2B1P	HGNC:8241
HGNC:8240	Merged/Split	OR2B5	HGNC:8241
HGNC:8243	Merged/Split	OR2D1	HGNC:8244
HGNC:8245	Merged/Split	OR2E2	HGNC:15507
HGNC:8248	Merged/Split	OR2F3	HGNC:8246
HGNC:8249	Merged/Split	OR2F4	HGNC:8246
HGNC:8250	Merged/Split	OR2F5	HGNC:8246
HGNC:8254	Withdrawn	OR2H3	
HGNC:8257	Merged/Split	OR2H6	HGNC:8252
HGNC:8263	Withdrawn	OR2K1	
HGNC:8285	Merged/Split	OR3A4	HGNC:15510
HGNC:8287	Merged/Split	OR3A6	HGNC:8284
HGNC:8288	Merged/Split	OR3A7	HGNC:8284
HGNC:8295	Merged/Split	OR4D3	HGNC:8293
HGNC:8305	Merged/Split	OR4H10P	HGNC:8312
HGNC:8306	Merged/Split	OR4H11P	HGNC:8312
HGNC:8307	Merged/Split	OR4H1P	HGNC:8312
HGNC:8308	Merged/Split	OR4H2P	HGNC:8312
HGNC:8309	Merged/Split	OR4H3P	HGNC:8312
HGNC:8310	Merged/Split	OR4H4P	HGNC:8312
HGNC:8311	Merged/Split	OR4H5P	HGNC:8312
HGNC:8313	Merged/Split	OR4H7P	HGNC:8312
HGNC:8314	Merged/Split	OR4H8P	HGNC:8312
HGNC:8315	Merged/Split	OR4H9P	HGNC:8312
HGNC:8317	Merged/Split	OR51B1P	HGNC:14703
HGNC:8321	Merged/Split	OR5B11P	HGNC:8320
HGNC:8325	Merged/Split	OR5B4P	HGNC:8320
HGNC:8326	Merged/Split	OR5B5P	HGNC:8322
HGNC:8327	Merged/Split	OR5B6P	HGNC:8322
HGNC:8328	Merged/Split	OR5B7P	HGNC:8322
HGNC:8329	Merged/Split	OR5B8P	HGNC:8322
HGNC:8330	Merged/Split	OR5B9P	HGNC:8322
HGNC:8332	Merged/Split	OR5D11P	HGNC:8335
HGNC:8333	Merged/Split	OR5D12P	HGNC:8335
HGNC:8334	Merged/Split	OR5D1P	HGNC:8335
HGNC:8337	Merged/Split	OR5D4	HGNC:8336
HGNC:8338	Merged/Split	OR5D5P	HGNC:8335
HGNC:8339	Merged/Split	OR5D6P	HGNC:8335
HGNC:8340	Merged/Split	OR5D7P	HGNC:8335
HGNC:8341	Merged/Split	OR5D8P	HGNC:8335
HGNC:8345	Merged/Split	OR5G2P	HGNC:8344
HGNC:8353	Merged/Split	OR6A1	HGNC:15301
HGNC:8358	Merged/Split	OR7A12P	HGNC:8366
HGNC:8359	Merged/Split	OR7A13P	HGNC:8366
HGNC:8360	Merged/Split	OR7A14P	HGNC:8366
HGNC:8362	Merged/Split	OR7A16P	HGNC:8361
HGNC:8365	Merged/Split	OR7A2	HGNC:8370
HGNC:8367	Merged/Split	OR7A4P	HGNC:8361
HGNC:8369	Merged/Split	OR7A6P	HGNC:8364
HGNC:8372	Merged/Split	OR7A9P	HGNC:8371
HGNC:8375	Merged/Split	OR7C3	HGNC:8374
HGNC:8376	Merged/Split	OR7C4	HGNC:8373
HGNC:8379	Merged/Split	OR7D3P	HGNC:8377
HGNC:8388	Merged/Split	OR7E17P	HGNC:8387
HGNC:8392	Merged/Split	OR7E20P	HGNC:8442
HGNC:8399	Merged/Split	OR7E27P	HGNC:8400
HGNC:8403	Withdrawn	OR7E30P	
HGNC:8405	Merged/Split	OR7E32P	HGNC:8404
HGNC:8407	Withdrawn	OR7E34P	
HGNC:8413	Merged/Split	OR7E3P	HGNC:14709
HGNC:8414	Merged/Split	OR7E40P	HGNC:15365
HGNC:8416	Merged/Split	OR7E42P	HGNC:8386
HGNC:8418	Withdrawn	OR7E44P	
HGNC:8419	Withdrawn	OR7E45P	
HGNC:8422	Withdrawn	OR7E48P	
HGNC:8423	Merged/Split	OR7E49P	HGNC:8393
HGNC:8425	Merged/Split	OR7E50P	HGNC:8415
HGNC:8426	Merged/Split	OR7E51P	HGNC:8402
HGNC:8427	Withdrawn	OR7E52P	
HGNC:8429	Merged/Split	OR7E54P	HGNC:14690
HGNC:8431	Merged/Split	OR7E56P	HGNC:8430
HGNC:8432	Withdrawn	OR7E57P	
HGNC:8433	Merged/Split	OR7E58P	HGNC:8383
HGNC:8436	Merged/Split	OR7E60P	HGNC:8387
HGNC:8437	Merged/Split	OR7E61	HGNC:8389
HGNC:8439	Merged/Split	OR7E63P	HGNC:8438
HGNC:8440	Merged/Split	OR7E64P	HGNC:8438
HGNC:8441	Merged/Split	OR7E65	HGNC:8390
HGNC:8443	Merged/Split	OR7E67P	HGNC:8398
HGNC:8444	Merged/Split	OR7E68P	HGNC:15126
HGNC:8445	Merged/Split	OR7E69P	HGNC:8398
HGNC:8446	Merged/Split	OR7E6P	HGNC:8442
HGNC:8447	Merged/Split	OR7E70P	HGNC:8398
HGNC:8448	Merged/Split	OR7E71P	HGNC:15126
HGNC:8449	Merged/Split	OR7E72P	HGNC:15126
HGNC:8450	Merged/Split	OR7E73P	HGNC:15126
HGNC:8451	Merged/Split	OR7E74P	HGNC:15126
HGNC:8452	Merged/Split	OR7E75P	HGNC:15126
HGNC:8453	Merged/Split	OR7E76	HGNC:8411
HGNC:8454	Withdrawn	OR7E77P	
HGNC:8455	Merged/Split	OR7E78P	HGNC:8428
HGNC:8456	Merged/Split	OR7E79P	HGNC:8383
HGNC:8459	Withdrawn	OR7E9P	
HGNC:8460	Merged/Split	OR7F2P	HGNC:8402
HGNC:8461	Merged/Split	OR7F3P	HGNC:14709
HGNC:8462	Merged/Split	OR7F4P	HGNC:8424
HGNC:8463	Merged/Split	OR7F5P	HGNC:8435
HGNC:8464	Merged/Split	OR7F6P	HGNC:8415
HGNC:8479	Merged/Split	OR8C3P	HGNC:8478
HGNC:8480	Merged/Split	OR8C4P	HGNC:8478
HGNC:8483	Merged/Split	OR8D3	HGNC:8481
HGNC:8492	Merged/Split	ORCTL2	HGNC:10964
HGNC:8493	Merged/Split	ORCTL2S	HGNC:10965
HGNC:8500	Merged/Split	ORNT1	HGNC:10985
HGNC:8501	Merged/Split	ORW1	HGNC:3349
HGNC:8502	Merged/Split	ORW2	HGNC:175
HGNC:8505	Merged/Split	OSIL	HGNC:11280
HGNC:8509	Merged/Split	OSRC	HGNC:9884
HGNC:8511	Merged/Split	OT	HGNC:8528
HGNC:8513	Merged/Split	OTF3	HGNC:9221
HGNC:8519	Withdrawn	OTSC1	
HGNC:8520	Withdrawn	OTSC2	
HGNC:8523	Merged/Split	OVD1A	HGNC:986
HGNC:8530	Merged/Split	P	HGNC:8101
HGNC:8531	Merged/Split	P1	HGNC:18149
HGNC:8532	Withdrawn	P200	
HGNC:8544	Merged/Split	P2RY7	HGNC:6713
HGNC:8545	Merged/Split	P4HA	HGNC:8546
HGNC:8552	Merged/Split	PAB1	HGNC:8554
HGNC:8553	Merged/Split	PABP2	HGNC:8565
HGNC:8555	Merged/Split	PABPC2	HGNC:8554
HGNC:8561	Merged/Split	PABPCP4	HGNC:8559
HGNC:8562	Merged/Split	PABPL1	HGNC:37992
HGNC:8564	Merged/Split	PABPL3	HGNC:8556
HGNC:8580	Merged/Split	PAGA	HGNC:9352
HGNC:8581	Merged/Split	PAGB	HGNC:11711
HGNC:8585	Withdrawn	SERPINB2L1	
HGNC:8586	Withdrawn	SERPINB2L2	
HGNC:8593	Merged/Split	PALB	HGNC:12405
HGNC:8595	Merged/Split	PALS	HGNC:2528
HGNC:8597	Merged/Split	PANG	HGNC:2173
HGNC:8606	Merged/Split	PARK1	HGNC:11138
HGNC:8608	Withdrawn	PARK3	
HGNC:8610	Merged/Split	PAST1	HGNC:3242
HGNC:8611	Merged/Split	PAST2	HGNC:3243
HGNC:8612	Merged/Split	PAST3	HGNC:3244
HGNC:8613	Merged/Split	PAST4	HGNC:3245
HGNC:8625	Withdrawn	PBCRA1	
HGNC:8626	Merged/Split	PBDX	HGNC:12806
HGNC:8627	Withdrawn	PBG1	
HGNC:8628	Merged/Split	PBGD	HGNC:4982
HGNC:8629	Merged/Split	PBM1	HGNC:7135
HGNC:8631	Merged/Split	PBT	HGNC:6342
HGNC:8639	Merged/Split	PCANAP1	HGNC:17885
HGNC:8640	Merged/Split	PCANAP2	HGNC:8642
HGNC:8641	Merged/Split	PCANAP5	HGNC:31677
HGNC:8643	Merged/Split	PCANAP7	HGNC:11514
HGNC:8644	Merged/Split	PCANAP8	HGNC:8642
HGNC:8645	Withdrawn	PCAP	
HGNC:8658	Merged/Split	PCDH2	HGNC:8716
HGNC:8720	Withdrawn	PCH1	
HGNC:8721	Withdrawn	PCH2	
HGNC:8722	Merged/Split	PCHC1	HGNC:6427
HGNC:8726	Merged/Split	PCLD	HGNC:9411
HGNC:8730	Withdrawn	PCNAL	
HGNC:8731	Withdrawn	PCNAP	
HGNC:8735	Merged/Split	PCNXL1	HGNC:19740
HGNC:8737	Merged/Split	PCOLC	HGNC:1067
HGNC:8741	Withdrawn	PCOS1	
HGNC:8745	Merged/Split	PCSK3	HGNC:8568
HGNC:8753	Merged/Split	PCYT1	HGNC:8754
HGNC:8757	Withdrawn	PDB1	
HGNC:8758	Merged/Split	PDB2	HGNC:11908
HGNC:8771	Merged/Split	PDDR	HGNC:2606
HGNC:8796	Merged/Split	PDEA	HGNC:8785
HGNC:8797	Merged/Split	PDEB	HGNC:8786
HGNC:8798	Merged/Split	PDEG	HGNC:8789
HGNC:8802	Merged/Split	PDGFR	HGNC:8804
HGNC:8813	Merged/Split	PDNP1	HGNC:3356
HGNC:8814	Merged/Split	PDNP2	HGNC:3357
HGNC:8815	Merged/Split	PDNP3	HGNC:3358
HGNC:8817	Withdrawn	PDR	
HGNC:8825	Withdrawn	PEE1	
HGNC:8832	Merged/Split	PENT	HGNC:9160
HGNC:8833	Merged/Split	PEO	HGNC:1160
HGNC:8834	Merged/Split	PEO1	HGNC:1160
HGNC:8835	Merged/Split	PEO2	HGNC:10990
HGNC:8836	Merged/Split	PEO3	HGNC:10990
HGNC:8837	Merged/Split	PEPA	HGNC:24437
HGNC:8842	Merged/Split	PEPN	HGNC:500
HGNC:8843	Merged/Split	PEPS	HGNC:18449
HGNC:8844	Merged/Split	PER	HGNC:8845
HGNC:8865	Merged/Split	PFD	HGNC:2771
HGNC:8870	Merged/Split	PFIC1	HGNC:3706
HGNC:8871	Merged/Split	PFIC2	HGNC:42
HGNC:8879	Merged/Split	PFKX	HGNC:8877
HGNC:8880	Merged/Split	PFM1	HGNC:7392
HGNC:8884	Withdrawn	PGA@	
HGNC:8894	Merged/Split	PGFL	HGNC:8893
HGNC:8900	Merged/Split	PGL1	HGNC:10683
HGNC:8901	Merged/Split	PGL2	HGNC:26034
HGNC:8902	Merged/Split	PGL3	HGNC:10682
HGNC:8911	Merged/Split	MRXS5	HGNC:560
HGNC:8917	Merged/Split	PHC	HGNC:10989
HGNC:8922	Merged/Split	PHF4	HGNC:25161
HGNC:8924	Merged/Split	PHK	HGNC:8926
HGNC:8935	Merged/Split	PHLL1	HGNC:2384
HGNC:8936	Merged/Split	PHP	HGNC:11199
HGNC:8937	Merged/Split	PHS	HGNC:4319
HGNC:8938	Merged/Split	PHTF	HGNC:8939
HGNC:8954	Withdrawn	PI8L2	
HGNC:8969	Merged/Split	PIH	HGNC:8825
HGNC:8970	Merged/Split	PIK3C1	HGNC:8976
HGNC:8990	Withdrawn	PIN1L2	
HGNC:8991	Withdrawn	PIN3	
HGNC:9000	Merged/Split	PIT1	HGNC:9210
HGNC:9010	Merged/Split	PKD2L	HGNC:9011
HGNC:9013	Withdrawn	PKD3	
HGNC:9014	Merged/Split	PKDL	HGNC:9011
HGNC:9027	Merged/Split	PLA2A	HGNC:9030
HGNC:9028	Merged/Split	PLA2B	HGNC:9031
HGNC:9034	Merged/Split	PLA2G4	HGNC:9035
HGNC:9041	Merged/Split	PLA2L	HGNC:8100
HGNC:9048	Merged/Split	PLANH1	HGNC:8583
HGNC:9049	Merged/Split	PLANH2	HGNC:8584
HGNC:9050	Merged/Split	PLANH3	HGNC:8723
HGNC:9054	Merged/Split	PLC1	HGNC:9065
HGNC:9078	Merged/Split	PLM	HGNC:4025
HGNC:9079	Merged/Split	PLML	HGNC:4027
HGNC:9084	Merged/Split	PLOSL	HGNC:12449
HGNC:9085	Merged/Split	PLP	HGNC:9086
HGNC:9088	Merged/Split	PLPB1	HGNC:7622
HGNC:9094	Merged/Split	PLXN1	HGNC:9099
HGNC:9095	Merged/Split	PLXN2	HGNC:9100
HGNC:9096	Merged/Split	PLXN4	HGNC:9101
HGNC:9097	Merged/Split	PLXN5	HGNC:9103
HGNC:9098	Merged/Split	PLXN6	HGNC:9105
HGNC:9120	Withdrawn	PMPS	
HGNC:9131	Merged/Split	PMS2L6	HGNC:9123
HGNC:9132	Merged/Split	PMS2L7	HGNC:9123
HGNC:9133	Merged/Split	PMS2L8	HGNC:9123
HGNC:9134	Merged/Split	PMS2L9	HGNC:9128
HGNC:9136	Merged/Split	PMS2LP2	HGNC:33515
HGNC:9139	Merged/Split	PMSL1	HGNC:9121
HGNC:9140	Merged/Split	PMSL2	HGNC:9122
HGNC:9144	Merged/Split	PND	HGNC:7939
HGNC:9145	Withdrawn	PNI1	
HGNC:9146	Withdrawn	PNI2	
HGNC:9147	Withdrawn	PNIA1	
HGNC:9148	Withdrawn	PNIA2	
HGNC:9149	Withdrawn	PNIA3	
HGNC:9150	Withdrawn	PNIA4	
HGNC:9151	Withdrawn	PNIA5	
HGNC:9152	Withdrawn	PNIA6	
HGNC:9161	Withdrawn	PNMTP1	
HGNC:9166	Withdrawn	PNY1	
HGNC:9167	Withdrawn	PNY2	
HGNC:9168	Withdrawn	PNY3	
HGNC:9169	Withdrawn	PNY4	
HGNC:9170	Withdrawn	PNY5	
HGNC:9172	Merged/Split	POF1	HGNC:3775
HGNC:9209	Merged/Split	PORC	HGNC:4982
HGNC:9231	Merged/Split	PPAR	HGNC:9232
HGNC:9233	Withdrawn	PPARAL	
HGNC:9242	Merged/Split	PPD	HGNC:5147
HGNC:9252	Merged/Split	PPH1	HGNC:1078
HGNC:9265	Withdrawn	PPIAP12	
HGNC:9274	Merged/Split	PPLA2	HGNC:9030
HGNC:9292	Merged/Split	PPP1R3	HGNC:9291
HGNC:9321	Merged/Split	PPP5	HGNC:9322
HGNC:9324	Merged/Split	PPT	HGNC:9325
HGNC:9331	Merged/Split	PQBP2	HGNC:24928
HGNC:9332	Merged/Split	PQBP3	HGNC:21040
HGNC:9333	Withdrawn	PQBP4	
HGNC:9334	Merged/Split	PQBP5	HGNC:25862
HGNC:9335	Withdrawn	PR@	
HGNC:9342	Merged/Split	PRCA1	HGNC:10050
HGNC:9345	Withdrawn	PRD	
HGNC:9365	Merged/Split	PRGS	HGNC:4163
HGNC:9368	Merged/Split	PRHX	HGNC:4901
HGNC:9371	Withdrawn	PRIM2B	
HGNC:9372	Merged/Split	PRIP	HGNC:9449
HGNC:9373	Merged/Split	PRKA1	HGNC:367
HGNC:9374	Merged/Split	PRKA2	HGNC:372
HGNC:9375	Merged/Split	PRKAA	HGNC:9377
HGNC:9383	Merged/Split	PRKACN1	HGNC:9017
HGNC:9384	Merged/Split	PRKACN2	HGNC:9018
HGNC:9396	Merged/Split	PRKCB2	HGNC:9395
HGNC:9409	Merged/Split	PRKCNH1	HGNC:4912
HGNC:9415	Merged/Split	PRKG1B	HGNC:9414
HGNC:9417	Merged/Split	PRKGR1B	HGNC:9414
HGNC:9418	Merged/Split	PRKM1	HGNC:6871
HGNC:9419	Merged/Split	PRKM11	HGNC:6873
HGNC:9420	Merged/Split	PRKM13	HGNC:6875
HGNC:9421	Merged/Split	PRKM2	HGNC:6871
HGNC:9422	Merged/Split	PRKM3	HGNC:6877
HGNC:9423	Merged/Split	PRKM4	HGNC:6878
HGNC:9424	Merged/Split	PRKM6	HGNC:6879
HGNC:9425	Merged/Split	PRKM7	HGNC:6880
HGNC:9426	Merged/Split	PRKM8	HGNC:6881
HGNC:9427	Merged/Split	PRKM8IP	HGNC:6882
HGNC:9428	Merged/Split	PRKM8IPL	HGNC:6883
HGNC:9429	Merged/Split	PRKM8IPP	HGNC:6885
HGNC:9430	Merged/Split	PRKM9	HGNC:6886
HGNC:9431	Merged/Split	PRKMK1	HGNC:6840
HGNC:9432	Merged/Split	PRKMK2	HGNC:6842
HGNC:9433	Merged/Split	PRKMK3	HGNC:6843
HGNC:9434	Merged/Split	PRKMK5	HGNC:6845
HGNC:9435	Merged/Split	PRKMK6	HGNC:6846
HGNC:9436	Merged/Split	PRKMK7	HGNC:6847
HGNC:9450	Merged/Split	PRO1	HGNC:6636
HGNC:9471	Withdrawn	PRS	
HGNC:9473	Merged/Split	PRSM1	HGNC:8740
HGNC:9474	Withdrawn	PRSM2	
HGNC:9478	Merged/Split	PRSS14	HGNC:11344
HGNC:9481	Merged/Split	PRSS17	HGNC:6365
HGNC:9482	Merged/Split	PRSS19	HGNC:6369
HGNC:9484	Merged/Split	PRSS20	HGNC:6359
HGNC:9487	Merged/Split	PRSS4	HGNC:9486
HGNC:9488	Merged/Split	PRSS5	HGNC:6901
HGNC:9489	Merged/Split	PRSS6	HGNC:6368
HGNC:9492	Merged/Split	PRSS9	HGNC:6367
HGNC:9493	Merged/Split	PRSSL1	HGNC:6358
HGNC:9494	Merged/Split	PRTH	HGNC:11799
HGNC:9496	Merged/Split	PRTS	HGNC:18060
HGNC:9497	Merged/Split	PSACH	HGNC:2227
HGNC:9499	Merged/Split	PSBP1	HGNC:7050
HGNC:9503	Merged/Split	PSCD2L	HGNC:9502
HGNC:9510	Withdrawn	PSF1	
HGNC:9511	Withdrawn	PSF2	
HGNC:9512	Withdrawn	PSF3	
HGNC:9513	Withdrawn	PSF4	
HGNC:9517	Merged/Split	PSG12	HGNC:9515
HGNC:9518	Merged/Split	PSG13	HGNC:9516
HGNC:9528	Merged/Split	PSIP2	HGNC:9527
HGNC:9572	Merged/Split	PSOR1	HGNC:10497
HGNC:9573	Merged/Split	PSORS1	HGNC:4933
HGNC:9574	Merged/Split	PSORS2	HGNC:16446
HGNC:9575	Withdrawn	PSORS3	
HGNC:9576	Merged/Split	PSP	HGNC:9577
HGNC:9610	Merged/Split	PTK1	HGNC:6850
HGNC:9613	Merged/Split	PTK3A	HGNC:2730
HGNC:9614	Withdrawn	PTK3B	
HGNC:9615	Merged/Split	PTK4	HGNC:12434
HGNC:9616	Merged/Split	PTK5	HGNC:3955
HGNC:9619	Merged/Split	PTK8	HGNC:7381
HGNC:9622	Withdrawn	PTLAH	
HGNC:9631	Withdrawn	PTOS1	
HGNC:9633	Merged/Split	PTP4A	HGNC:9635
HGNC:9641	Withdrawn	PTPLC	
HGNC:9643	Merged/Split	PTPN10	HGNC:3064
HGNC:9648	Withdrawn	PTPN17	
HGNC:9660	Merged/Split	PTPN8	HGNC:9652
HGNC:9684	Merged/Split	PTPRZ	HGNC:9685
HGNC:9687	Merged/Split	PTPTP1	HGNC:9653
HGNC:9693	Withdrawn	PUAB1	
HGNC:9694	Withdrawn	PUAB2	
HGNC:9695	Withdrawn	PUAB3	
HGNC:9696	Withdrawn	PUAB4	
HGNC:9697	Withdrawn	PUAB5	
HGNC:9698	Merged/Split	PUM	HGNC:7508
HGNC:9699	Merged/Split	PUMB1	HGNC:402
HGNC:9703	Withdrawn	PUT1	
HGNC:9708	Merged/Split	PVS	HGNC:9705
HGNC:9710	Merged/Split	PWCR	HGNC:11164
HGNC:9712	Merged/Split	PXE	HGNC:57
HGNC:9714	Merged/Split	PXMP1	HGNC:67
HGNC:9715	Merged/Split	PXMP1L	HGNC:68
HGNC:9720	Merged/Split	PYCD	HGNC:2536
HGNC:9724	Withdrawn	PYGBL	
HGNC:9727	Withdrawn	PYHG1	
HGNC:9728	Withdrawn	PYHG10	
HGNC:9729	Withdrawn	PYHG11	
HGNC:9730	Withdrawn	PYHG12	
HGNC:9731	Withdrawn	PYHG14	
HGNC:9732	Withdrawn	PYHG15	
HGNC:9733	Withdrawn	PYHG16	
HGNC:9734	Withdrawn	PYHG17	
HGNC:9735	Withdrawn	PYHG18	
HGNC:9736	Withdrawn	PYHG19	
HGNC:9737	Withdrawn	PYHG2	
HGNC:9738	Withdrawn	PYHG20	
HGNC:9739	Withdrawn	PYHG21	
HGNC:9740	Withdrawn	PYHG22	
HGNC:9741	Withdrawn	PYHG3	
HGNC:9742	Withdrawn	PYHG4	
HGNC:9743	Withdrawn	PYHG6	
HGNC:9744	Withdrawn	PYHG7	
HGNC:9745	Withdrawn	PYHG8	
HGNC:9746	Withdrawn	PYHG9	
HGNC:9747	Merged/Split	PYK	HGNC:8926
HGNC:9754	Merged/Split	QPRS	HGNC:3418
HGNC:9790	Merged/Split	RAB8IP	HGNC:6864
HGNC:9791	Merged/Split	RAB8IPL1	HGNC:6865
HGNC:9798	Merged/Split	RABL	HGNC:9785
HGNC:9805	Withdrawn	RACH	
HGNC:9810	Merged/Split	RAD2	HGNC:3650
HGNC:9815	Merged/Split	RAD30B	HGNC:9182
HGNC:9818	Merged/Split	RAD51A	HGNC:9817
HGNC:9819	Merged/Split	RAD51L1	HGNC:9822
HGNC:9821	Merged/Split	RAD51L3	HGNC:9823
HGNC:9825	Merged/Split	RAD54	HGNC:886
HGNC:9837	Withdrawn	RAI4	
HGNC:9838	Withdrawn	RAI5	
HGNC:9860	Merged/Split	RAP1GN1	HGNC:679
HGNC:9877	Merged/Split	RASGRF3	HGNC:9797
HGNC:9880	Merged/Split	RASL7A	HGNC:17736
HGNC:9881	Merged/Split	RASL7B	HGNC:688
HGNC:9895	Merged/Split	RBM1	HGNC:9912
HGNC:9899	Merged/Split	RBM2	HGNC:9912
HGNC:9913	Withdrawn	RBMY1A2	
HGNC:9924	Merged/Split	RBS	HGNC:27230
HGNC:9925	Merged/Split	RBTN1	HGNC:6641
HGNC:9926	Merged/Split	RBTNL1	HGNC:6642
HGNC:9927	Merged/Split	RBTNL2	HGNC:6643
HGNC:9929	Withdrawn	RCA1	
HGNC:9930	Withdrawn	RCD1	
HGNC:9931	Merged/Split	RCE1A	HGNC:13721
HGNC:9932	Merged/Split	RCH1	HGNC:6395
HGNC:9933	Merged/Split	RCN	HGNC:9934
HGNC:9938	Merged/Split	RD	HGNC:15743
HGNC:9939	Merged/Split	RDH1	HGNC:9940
HGNC:9941	Merged/Split	RDRC	HGNC:10943
HGNC:9943	Merged/Split	RDT	HGNC:11103
HGNC:9947	Merged/Split	RECA	HGNC:9817
HGNC:9960	Merged/Split	RENS1	HGNC:9330
HGNC:9961	Withdrawn	RENS2	
HGNC:10005	Merged/Split	RH	HGNC:10009, HGNC:10008
HGNC:10014	Merged/Split	RIEG1	HGNC:9005
HGNC:10015	Withdrawn	RIEG2	
HGNC:10016	Merged/Split	RIMKLP	HGNC:34034
HGNC:10022	Merged/Split	RIR	HGNC:581
HGNC:10028	Merged/Split	RLNL	HGNC:6086
HGNC:10029	Merged/Split	RMCH	HGNC:2153
HGNC:10030	Withdrawn	RMD1	
HGNC:10032	Withdrawn	RMSA1	
HGNC:10033	Merged/Split	RN5S	HGNC:10034
HGNC:10034	Withdrawn	RN5S1@	
HGNC:10035	Withdrawn	RN5S2@	
HGNC:10036	Withdrawn	RN5S3@	
HGNC:10051	Merged/Split	RNASEL1	HGNC:69
HGNC:10052	Merged/Split	RNE1	HGNC:10115
HGNC:10053	Merged/Split	RNE2	HGNC:10107
HGNC:10054	Merged/Split	RNE3	HGNC:10106
HGNC:10076	Merged/Split	RNN	HGNC:12324
HGNC:10077	Merged/Split	RNNL	HGNC:12325
HGNC:10081	Merged/Split	RNPU1Z	HGNC:11150
HGNC:10087	Withdrawn	RNRP1	
HGNC:10088	Withdrawn	RNRP2	
HGNC:10089	Merged/Split	RNS1	HGNC:10044
HGNC:10090	Merged/Split	RNS2	HGNC:10045
HGNC:10091	Merged/Split	RNS3	HGNC:10046
HGNC:10092	Merged/Split	RNS4	HGNC:10050
HGNC:10093	Merged/Split	RNS4I	HGNC:69
HGNC:10094	Merged/Split	RNS6	HGNC:10048
HGNC:10095	Merged/Split	RNU1	HGNC:10120
HGNC:10102	Merged/Split	RNU105A	HGNC:10116
HGNC:10117	Merged/Split	RNU17C	HGNC:10118
HGNC:10121	Merged/Split	RNU1A3	HGNC:10120
HGNC:10124	Merged/Split	RNU1C2	HGNC:10123
HGNC:10125	Merged/Split	RNU1D2	HGNC:10128
HGNC:10126	Merged/Split	RNU1E2	HGNC:10128
HGNC:10127	Merged/Split	RNU1F1	HGNC:10128
HGNC:10129	Merged/Split	RNU1G2	HGNC:10128
HGNC:10131	Merged/Split	RNU1G4	HGNC:10120
HGNC:10132	Merged/Split	RNU1P1	HGNC:48304
HGNC:10134	Merged/Split	RNVU1-11	HGNC:48308
HGNC:10135	Withdrawn	RNU1P3	
HGNC:10136	Withdrawn	RNU1P4	
HGNC:10138	Merged/Split	RNU1-13P	HGNC:48308
HGNC:10141	Merged/Split	RNU1P9	HGNC:48304
HGNC:10156	Withdrawn	RNU3	
HGNC:10167	Merged/Split	SNORD39	HGNC:10205
HGNC:10169	Withdrawn	RNU3A2	
HGNC:10170	Withdrawn	RNU3A3	
HGNC:10171	Withdrawn	RNU3B1	
HGNC:10172	Withdrawn	RNU3B2	
HGNC:10173	Withdrawn	RNU3B3	
HGNC:10174	Withdrawn	RNU3B4	
HGNC:10176	Merged/Split	SNORD3P2	HGNC:52239
HGNC:10190	Merged/Split	RNU4A	HGNC:10192
HGNC:10191	Merged/Split	RNU4-1B	HGNC:10193
HGNC:10213	Merged/Split	RNU5C	HGNC:10211
HGNC:10238	Merged/Split	RNU7P3	HGNC:34120
HGNC:10255	Merged/Split	RONU	HGNC:12765
HGNC:10262	Merged/Split	RP	HGNC:7414
HGNC:10264	Merged/Split	RP10	HGNC:6052
HGNC:10265	Merged/Split	RP11	HGNC:15446
HGNC:10266	Merged/Split	RP12	HGNC:2343
HGNC:10267	Merged/Split	RP13	HGNC:17340
HGNC:10268	Merged/Split	RP14	HGNC:12423
HGNC:10269	Merged/Split	RP15	HGNC:10295
HGNC:10270	Withdrawn	RP16	
HGNC:10271	Merged/Split	RP17	HGNC:1375
HGNC:10272	Merged/Split	RP18	HGNC:17348
HGNC:10273	Merged/Split	RP19	HGNC:34
HGNC:10275	Merged/Split	RP20	HGNC:10294
HGNC:10276	Withdrawn	RP22	
HGNC:10277	Merged/Split	RP23	HGNC:2567
HGNC:10278	Withdrawn	RP24	
HGNC:10279	Merged/Split	RP25	HGNC:21555
HGNC:10280	Merged/Split	RP26	HGNC:21699
HGNC:10281	Merged/Split	RP28	HGNC:25808
HGNC:10282	Withdrawn	RP29	
HGNC:10283	Merged/Split	RP3	HGNC:10295
HGNC:10284	Merged/Split	RP4	HGNC:10012
HGNC:10285	Withdrawn	RP5	
HGNC:10286	Withdrawn	RP6	
HGNC:10287	Merged/Split	RP7	HGNC:9942
HGNC:10292	Merged/Split	RPD3L1	HGNC:4852
HGNC:10308	Withdrawn	RPL17L1	
HGNC:10309	Merged/Split	RPL17P	HGNC:10367
HGNC:10323	Withdrawn	RPL23P1	
HGNC:10326	Withdrawn	RPL25P1	
HGNC:10365	Withdrawn	RPL7AL1	
HGNC:10366	Withdrawn	RPL7AP1	
HGNC:10370	Merged/Split	RPL9P1	HGNC:30335
HGNC:10373	Withdrawn	RPLP1L1	
HGNC:10374	Withdrawn	RPLP1L2	
HGNC:10375	Withdrawn	RPLP1L3	
HGNC:10376	Withdrawn	RPLP1L4	
HGNC:10400	Withdrawn	RPS17L3	
HGNC:10403	Withdrawn	RPS1L	
HGNC:10423	Withdrawn	RPS3L1	
HGNC:10438	Withdrawn	RPS6KB3	
HGNC:10444	Merged/Split	RPU1	HGNC:11150
HGNC:10453	Withdrawn	RRM2P1	
HGNC:10459	Merged/Split	RSE	HGNC:12446
HGNC:10460	Merged/Split	RSMD1	HGNC:15999
HGNC:10462	Withdrawn	RSS	
HGNC:10463	Merged/Split	RSTS	HGNC:2348
HGNC:10465	Merged/Split	RTA1C	HGNC:866
HGNC:10470	Merged/Split	RTT	HGNC:6990
HGNC:10476	Withdrawn	RVNP2	
HGNC:10501	Merged/Split	S100D	HGNC:10495
HGNC:10502	Merged/Split	S100E	HGNC:10493
HGNC:10503	Merged/Split	S100L	HGNC:10492
HGNC:10505	Withdrawn	S11	
HGNC:10506	Withdrawn	S12	
HGNC:10507	Withdrawn	S13	
HGNC:10508	Withdrawn	S14	
HGNC:10509	Withdrawn	S7	
HGNC:10510	Withdrawn	S8	
HGNC:10511	Withdrawn	S9	
HGNC:10512	Withdrawn	SAA@	
HGNC:10517	Withdrawn	SAA5	
HGNC:10523	Withdrawn	SAI1	
HGNC:10529	Merged/Split	SAP1	HGNC:9498
HGNC:10531	Merged/Split	SAP2	HGNC:9498
HGNC:10533	Merged/Split	SAPK3	HGNC:6874
HGNC:10543	Merged/Split	SBMA	HGNC:644
HGNC:10544	Merged/Split	SC	HGNC:15743
HGNC:10550	Merged/Split	SCA11	HGNC:19141
HGNC:10551	Merged/Split	SCA12	HGNC:9305
HGNC:10552	Merged/Split	SCA13	HGNC:6235
HGNC:10553	Merged/Split	SCA14	HGNC:9402
HGNC:10554	Merged/Split	SCA16	HGNC:6180
HGNC:10556	Merged/Split	SCA3	HGNC:7106
HGNC:10557	Merged/Split	SCA4	HGNC:24501
HGNC:10558	Merged/Split	SCA5	HGNC:11276
HGNC:10559	Merged/Split	SCA6	HGNC:1388
HGNC:10562	Withdrawn	SCAF#	
HGNC:10568	Merged/Split	SCC	HGNC:10569
HGNC:10574	Merged/Split	SCG1	HGNC:1930
HGNC:10578	Merged/Split	SCIDA	HGNC:17642
HGNC:10579	Merged/Split	SCIDX1	HGNC:6010
HGNC:10584	Merged/Split	SCN12A	HGNC:10583
HGNC:10587	Merged/Split	SCN2A1	HGNC:10588
HGNC:10595	Merged/Split	SCN6A	HGNC:10594
HGNC:10598	Merged/Split	SCNN1	HGNC:10599
HGNC:10605	Merged/Split	SCOD1	HGNC:10603
HGNC:10636	Merged/Split	SCYAR1	HGNC:1602
HGNC:10644	Merged/Split	SCYB9B	HGNC:10638
HGNC:10649	Withdrawn	SCZD1	
HGNC:10650	Withdrawn	SCZD2	
HGNC:10651	Withdrawn	SCZD3	
HGNC:10652	Withdrawn	SCZD4	
HGNC:10653	Withdrawn	SCZD5	
HGNC:10654	Withdrawn	SCZD6	
HGNC:10655	Withdrawn	SCZD7	
HGNC:10656	Withdrawn	SCZD8	
HGNC:10657	Merged/Split	SD	HGNC:9854
HGNC:10670	Merged/Split	SDCCAG43	HGNC:14542
HGNC:10673	Merged/Split	SDF1A	HGNC:10672
HGNC:10674	Merged/Split	SDF1B	HGNC:10672
HGNC:10677	Merged/Split	SDGF	HGNC:651
HGNC:10678	Merged/Split	SDH1	HGNC:10681
HGNC:10679	Merged/Split	SDH2	HGNC:10680
HGNC:10692	Withdrawn	SDU	
HGNC:10693	Merged/Split	SDYS	HGNC:4451
HGNC:10694	Merged/Split	SE	HGNC:4013
HGNC:10695	Merged/Split	SEA	HGNC:7381
HGNC:10708	Merged/Split	SEDC	HGNC:2200
HGNC:10709	Merged/Split	SEDL	HGNC:23068
HGNC:10744	Merged/Split	SEN1	HGNC:15773
HGNC:10745	Withdrawn	SEN2	
HGNC:10746	Withdrawn	SEN3	
HGNC:10747	Withdrawn	SEN6	
HGNC:10748	Withdrawn	SEN6A	
HGNC:10749	Withdrawn	SEN6B	
HGNC:10754	Merged/Split	SERF1	HGNC:10755
HGNC:10758	Merged/Split	SERK1	HGNC:6844
HGNC:10764	Withdrawn	SF	
HGNC:10772	Merged/Split	SFD	HGNC:11822
HGNC:10793	Merged/Split	SFT	HGNC:12474
HGNC:10794	Merged/Split	SFTP1	HGNC:10798
HGNC:10795	Merged/Split	SFTP2	HGNC:10802
HGNC:10796	Merged/Split	SFTP3	HGNC:10801
HGNC:10797	Merged/Split	SFTP4	HGNC:10803
HGNC:10804	Merged/Split	SFTPP1	HGNC:10800
HGNC:10811	Merged/Split	SGK2	HGNC:10812
HGNC:10813	Merged/Split	SGLT1	HGNC:11036
HGNC:10814	Merged/Split	SGLT2	HGNC:11037
HGNC:10815	Merged/Split	SGM1	HGNC:4221
HGNC:10828	Merged/Split	SH3D1A	HGNC:6183
HGNC:10829	Merged/Split	SH3D1B	HGNC:6184
HGNC:10843	Merged/Split	SHFD1	HGNC:10845
HGNC:10844	Merged/Split	SHFD2	HGNC:10846
HGNC:10846	Withdrawn	SHFM2	
HGNC:10849	Merged/Split	SHMT	HGNC:10852
HGNC:10855	Merged/Split	SHS	HGNC:9330
HGNC:10859	Merged/Split	SIASD	HGNC:10933
HGNC:10865	Withdrawn	SIAT5	
HGNC:10868	Merged/Split	SIAT8	HGNC:10869
HGNC:10873	Merged/Split	SIATL1	HGNC:10867
HGNC:10881	Merged/Split	SIM	HGNC:10883
HGNC:10893	Merged/Split	SJS1	HGNC:5273
HGNC:10948	Merged/Split	SLC20A3	HGNC:10979
HGNC:10949	Merged/Split	SLC20A4	HGNC:10981
HGNC:10950	Withdrawn	SLC21A1	
HGNC:10951	Withdrawn	SLC21A10	
HGNC:10954	Withdrawn	SLC21A13	
HGNC:10957	Withdrawn	SLC21A4	
HGNC:10958	Withdrawn	SLC21A5	
HGNC:10960	Withdrawn	SLC21A7	
HGNC:11031	Merged/Split	SLC4A5	HGNC:11030
HGNC:11032	Merged/Split	SLC4A6	HGNC:11033
HGNC:11080	Merged/Split	SLEB1	HGNC:11851
HGNC:11081	Merged/Split	SLEB2	HGNC:8760
HGNC:11082	Merged/Split	SLIL1	HGNC:11085
HGNC:11083	Merged/Split	SLIL2	HGNC:11087
HGNC:11084	Merged/Split	SLIL3	HGNC:11086
HGNC:11090	Merged/Split	SLO	HGNC:6284
HGNC:11091	Merged/Split	SLOS	HGNC:2860
HGNC:11093	Merged/Split	SLS	HGNC:403
HGNC:11095	Withdrawn	SMA#	
HGNC:11096	Merged/Split	SMA@	HGNC:11117
HGNC:11113	Merged/Split	SMCR	HGNC:9834
HGNC:11116	Merged/Split	SML1	HGNC:11756
HGNC:11130	Merged/Split	SNAP	HGNC:11132
HGNC:11143	Merged/Split	SNF2L1	HGNC:11097
HGNC:11144	Merged/Split	SNF2L2	HGNC:11098
HGNC:11145	Merged/Split	SNF2L3	HGNC:5281
HGNC:11146	Merged/Split	SNF2L4	HGNC:11100
HGNC:11147	Merged/Split	SNF5L1	HGNC:11103
HGNC:11154	Merged/Split	SNRPB1	HGNC:11153
HGNC:11156	Withdrawn	SNRPBL1	
HGNC:11165	Merged/Split	SNRPNL1	HGNC:11166
HGNC:11166	Withdrawn	SNRPNP1	
HGNC:11170	Merged/Split	SNTL	HGNC:11169
HGNC:11176	Merged/Split	SOAT	HGNC:11177
HGNC:11211	Merged/Split	SPACR	HGNC:6055
HGNC:11213	Merged/Split	SPAG2	HGNC:12457
HGNC:11221	Merged/Split	SPAT	HGNC:341
HGNC:11222	Merged/Split	SPCH1	HGNC:13875
HGNC:11223	Merged/Split	SPD	HGNC:5136
HGNC:11224	Merged/Split	SPG1	HGNC:6470
HGNC:11225	Merged/Split	SPG10	HGNC:6323
HGNC:11227	Merged/Split	SPG12	HGNC:10468
HGNC:11228	Merged/Split	SPG13	HGNC:5261
HGNC:11229	Merged/Split	SPG15	HGNC:20761
HGNC:11230	Merged/Split	SPG2	HGNC:9086
HGNC:11232	Withdrawn	SPG3B	
HGNC:11234	Merged/Split	SPG5A	HGNC:2652
HGNC:11235	Withdrawn	SPG5B	
HGNC:11236	Merged/Split	SPG6	HGNC:17043
HGNC:11238	Merged/Split	SPG8	HGNC:28984
HGNC:11239	Merged/Split	SPG9	HGNC:9722
HGNC:11258	Merged/Split	SPRR1	HGNC:11260
HGNC:11282	Merged/Split	SRBC	HGNC:1639
HGNC:11287	Merged/Split	SRD5B1	HGNC:388
HGNC:11294	Merged/Split	SRK	HGNC:12858
HGNC:11297	Withdrawn	SRML2	
HGNC:11308	Merged/Split	SRPSMCR	HGNC:30427
HGNC:11310	Merged/Split	SRS	HGNC:11123
HGNC:11314	Withdrawn	SSAV1	
HGNC:11315	Withdrawn	SSAV1L	
HGNC:11318	Merged/Split	SSFA1	HGNC:7819
HGNC:11341	Withdrawn	ST11	
HGNC:11342	Merged/Split	ST12	HGNC:2235
HGNC:11347	Withdrawn	ST2	
HGNC:11348	Withdrawn	ST3	
HGNC:11349	Merged/Split	ST4	HGNC:356
HGNC:11352	Withdrawn	ST8	
HGNC:11361	Merged/Split	STAT	HGNC:11177
HGNC:11372	Merged/Split	STC	HGNC:11373
HGNC:11376	Merged/Split	STD	HGNC:11458
HGNC:11379	Merged/Split	STFA	HGNC:2481
HGNC:11380	Merged/Split	STFB	HGNC:2482
HGNC:11381	Merged/Split	STGD1	HGNC:34
HGNC:11382	Merged/Split	STGD2	HGNC:14415
HGNC:11383	Merged/Split	STGD3	HGNC:14415
HGNC:11384	Merged/Split	STGD4	HGNC:9454
HGNC:11385	Merged/Split	STHE	HGNC:4326
HGNC:11392	Merged/Split	STK14A	HGNC:10436
HGNC:11409	Merged/Split	STK6	HGNC:11393
HGNC:11410	Merged/Split	STK6P	HGNC:18611
HGNC:11412	Merged/Split	STM	HGNC:11455
HGNC:11413	Merged/Split	STMY1	HGNC:7173
HGNC:11414	Merged/Split	STMY2	HGNC:7156
HGNC:11415	Merged/Split	STMY3	HGNC:7157
HGNC:11416	Merged/Split	STN	HGNC:3192
HGNC:11417	Merged/Split	STNL	HGNC:3192
HGNC:11418	Merged/Split	STO	HGNC:14234
HGNC:11419	Merged/Split	STOT	HGNC:12304
HGNC:11420	Merged/Split	STP1	HGNC:11453
HGNC:11421	Merged/Split	STP2	HGNC:11454
HGNC:11423	Merged/Split	STRL22	HGNC:1607
HGNC:11434	Merged/Split	STX1B1	HGNC:18539
HGNC:11435	Merged/Split	STX2A	HGNC:3403
HGNC:11436	Merged/Split	STX2B	HGNC:3403
HGNC:11437	Merged/Split	STX2C	HGNC:3403
HGNC:11452	Withdrawn	SULT	
HGNC:11461	Merged/Split	SUP45L1	HGNC:3477
HGNC:11462	Merged/Split	SUP45L2	HGNC:3478
HGNC:11463	Merged/Split	SUP45L3	HGNC:3479
HGNC:11464	Merged/Split	SUP45L4	HGNC:3480
HGNC:11472	Merged/Split	SUR	HGNC:59
HGNC:11481	Merged/Split	SVP65	HGNC:11509
HGNC:11484	Merged/Split	SYB1	HGNC:12642
HGNC:11485	Merged/Split	SYB2	HGNC:12643
HGNC:11488	Withdrawn	SYCP1L2	
HGNC:11489	Withdrawn	SYCP1L3	
HGNC:11492	Merged/Split	SYM1	HGNC:7866
HGNC:11493	Withdrawn	SYM2	
HGNC:11505	Merged/Split	SYNS1	HGNC:7866
HGNC:11508	Merged/Split	SYR	HGNC:12842
HGNC:11516	Merged/Split	T3D	HGNC:1673
HGNC:11518	Merged/Split	TAC1R	HGNC:11526
HGNC:11519	Merged/Split	TAC2	HGNC:11517
HGNC:11520	Merged/Split	TAC2R	HGNC:11527
HGNC:11525	Merged/Split	TACE	HGNC:195
HGNC:11549	Withdrawn	GTF3BAP1	
HGNC:11550	Withdrawn	GTF3BAP2	
HGNC:11552	Withdrawn	GTF3BAP3	
HGNC:11555	Merged/Split	TAK1	HGNC:6859
HGNC:11558	Merged/Split	TALDO	HGNC:11560
HGNC:11561	Merged/Split	TAN1	HGNC:7881
HGNC:11563	Merged/Split	ABCB2	HGNC:43
HGNC:11564	Merged/Split	ABCB3	HGNC:44
HGNC:11565	Merged/Split	TAPA1	HGNC:1701
HGNC:11567	Withdrawn	TAPVR1	
HGNC:11574	Merged/Split	TAX	HGNC:2172
HGNC:11576	Merged/Split	TAX1BP2	HGNC:25507
HGNC:11591	Merged/Split	TBS	HGNC:10524
HGNC:11606	Merged/Split	TBX7	HGNC:11593
HGNC:11611	Merged/Split	TCD	HGNC:1940
HGNC:11618	Merged/Split	TCEB1P1	HGNC:33696
HGNC:11622	Merged/Split	TCF11	HGNC:7781
HGNC:11624	Merged/Split	TCF13	HGNC:11714
HGNC:11625	Merged/Split	TCF13L1	HGNC:11717
HGNC:11626	Merged/Split	TCF14	HGNC:5024
HGNC:11635	Merged/Split	TCF6	HGNC:11741
HGNC:11637	Merged/Split	TCF6L2	HGNC:11741
HGNC:11643	Merged/Split	TCF9	HGNC:1317
HGNC:11650	Withdrawn	TCL4	
HGNC:11651	Merged/Split	TCL5	HGNC:11556
HGNC:11661	Merged/Split	TCRA	HGNC:12027
HGNC:11662	Merged/Split	TCRAV5S1	HGNC:12144
HGNC:11663	Merged/Split	TCRB	HGNC:12155
HGNC:11664	Merged/Split	TCRBV10O	HGNC:12199
HGNC:11665	Merged/Split	TCRBV11O	HGNC:12206
HGNC:11666	Merged/Split	TCRBV15O	HGNC:12204
HGNC:11667	Merged/Split	TCRBV2O	HGNC:12197
HGNC:11668	Merged/Split	TCRBV4O	HGNC:12211
HGNC:11669	Merged/Split	TCRBVO@	HGNC:12249
HGNC:11670	Merged/Split	TCRD	HGNC:12252
HGNC:11671	Merged/Split	TCRG	HGNC:12271
HGNC:11672	Merged/Split	TCRGC1	HGNC:12275
HGNC:11673	Merged/Split	TCRGC2	HGNC:12276
HGNC:11674	Merged/Split	TCRGJ1	HGNC:12277
HGNC:11675	Merged/Split	TCRGJ2	HGNC:12278
HGNC:11676	Merged/Split	TCRGJP	HGNC:12279
HGNC:11677	Merged/Split	TCRGJP1	HGNC:12280
HGNC:11678	Merged/Split	TCRGJP2	HGNC:12281
HGNC:11679	Merged/Split	TCRGV1	HGNC:12284
HGNC:11680	Merged/Split	TCRGV10	HGNC:12285
HGNC:11681	Merged/Split	TCRGV11	HGNC:12286
HGNC:11682	Merged/Split	TCRGV2	HGNC:12287
HGNC:11683	Merged/Split	TCRGV3	HGNC:12288
HGNC:11684	Merged/Split	TCRGV4	HGNC:12289
HGNC:11685	Merged/Split	TCRGV5	HGNC:12290
HGNC:11686	Merged/Split	TCRGV5P	HGNC:12291
HGNC:11687	Merged/Split	TCRGV6	HGNC:12292
HGNC:11688	Merged/Split	TCRGV7	HGNC:12293
HGNC:11689	Merged/Split	TCRGV8	HGNC:12294
HGNC:11690	Merged/Split	TCRGV9	HGNC:12295
HGNC:11691	Merged/Split	TCRGVB	HGNC:12297
HGNC:11696	Merged/Split	TCTE5	HGNC:9285
HGNC:11698	Merged/Split	TDD	HGNC:385
HGNC:11709	Withdrawn	TDO2L1	
HGNC:11710	Merged/Split	TDPX1	HGNC:9353
HGNC:11718	Merged/Split	TEAD5	HGNC:11716
HGNC:11739	Merged/Split	TEX4	HGNC:17317
HGNC:11746	Merged/Split	TFCOUP1	HGNC:7975
HGNC:11747	Merged/Split	TFCOUP2	HGNC:7976
HGNC:11770	Merged/Split	TGFB4	HGNC:3122
HGNC:11775	Withdrawn	TGFBRE	
HGNC:11783	Withdrawn	THAS	
HGNC:11789	Merged/Split	THC	HGNC:12731
HGNC:11790	Merged/Split	THC2	HGNC:29186
HGNC:11792	Withdrawn	THM	
HGNC:11794	Withdrawn	THOP2	
HGNC:11797	Merged/Split	THRA2	HGNC:11796
HGNC:11798	Merged/Split	THRAL	HGNC:7962
HGNC:11803	Merged/Split	TIAF1	HGNC:31104
HGNC:11807	Merged/Split	TIC1	HGNC:11251
HGNC:11815	Withdrawn	TIMM13A	
HGNC:11826	Merged/Split	TITF2	HGNC:3806
HGNC:11832	Merged/Split	TKC	HGNC:11833
HGNC:11833	Withdrawn	TKCR	
HGNC:11836	Merged/Split	TLCN	HGNC:5348
HGNC:11852	Merged/Split	TLX	HGNC:7973
HGNC:11880	Merged/Split	TMSB4	HGNC:11881
HGNC:11890	Merged/Split	TMVCF	HGNC:2047
HGNC:11893	Merged/Split	TNFA	HGNC:11892
HGNC:11897	Merged/Split	TNFAIP5	HGNC:9692
HGNC:11899	Withdrawn	TNFAIP7	
HGNC:11900	Merged/Split	TNFB	HGNC:6709
HGNC:11901	Merged/Split	TNFC	HGNC:6711
HGNC:11902	Merged/Split	TNFR1	HGNC:11916
HGNC:11903	Merged/Split	TNFR2	HGNC:11917
HGNC:11911	Withdrawn	TNFRSF12L	
HGNC:11933	Merged/Split	TNFSF3L	HGNC:8904
HGNC:11942	Merged/Split	TNM	HGNC:8117
HGNC:11954	Withdrawn	TNR1	
HGNC:11956	Merged/Split	TNRC10	HGNC:13875
HGNC:11959	Merged/Split	TNRC13	HGNC:10555
HGNC:11964	Merged/Split	TNRC21	HGNC:7133
HGNC:11965	Merged/Split	TNRC22	HGNC:14203
HGNC:11966	Merged/Split	TNRC3	HGNC:16272
HGNC:11970	Merged/Split	TNRC7	HGNC:14248
HGNC:11971	Merged/Split	TNRC8	HGNC:1497
HGNC:11974	Merged/Split	TNX	HGNC:11975
HGNC:11977	Merged/Split	TNXB1	HGNC:11976
HGNC:11978	Merged/Split	TNXB2	HGNC:11976
HGNC:11981	Merged/Split	TOC	HGNC:20788
HGNC:11991	Merged/Split	TOP3	HGNC:11992
HGNC:12001	Merged/Split	TP53CP	HGNC:15979
HGNC:12002	Merged/Split	TP53L	HGNC:15979
HGNC:12018	Merged/Split	TPS1	HGNC:12019
HGNC:12025	Merged/Split	TR2	HGNC:7971
HGNC:12026	Merged/Split	TR4	HGNC:7972
HGNC:12160	Merged/Split	TRBF1	HGNC:11728
HGNC:12161	Merged/Split	TRBF2	HGNC:11729
HGNC:12249	Withdrawn	TRBVOR9@	
HGNC:12267	Withdrawn	TRNAE2	
HGNC:12268	Merged/Split	TRESMCR	HGNC:12629
HGNC:12272	Withdrawn	TRNAG1	
HGNC:12283	Withdrawn	TRGP1	
HGNC:12301	Merged/Split	TRIC5	HGNC:1616
HGNC:12302	Withdrawn	TRICY1	
HGNC:12308	Merged/Split	TRIP2	HGNC:9234
HGNC:12317	Withdrawn	TRNAL47P	
HGNC:12319	Merged/Split	TRM2	HGNC:12318
HGNC:12320	Merged/Split	TRMA	HGNC:10938
HGNC:12321	Withdrawn	TRMEP1	
HGNC:12323	Merged/Split	TRNAMI2	HGNC:12318
HGNC:12325	Withdrawn	TRNL	
HGNC:12328	Merged/Split	TROB1	HGNC:11979
HGNC:12329	Merged/Split	TROB2	HGNC:11980
HGNC:12356	Withdrawn	TRNAVP1	
HGNC:12357	Withdrawn	TRNAVP2	
HGNC:12358	Withdrawn	TRNAVP3	
HGNC:12359	Withdrawn	TRNAVP4	
HGNC:12360	Withdrawn	TRW-CCA7-1	
HGNC:12361	Merged/Split	TS	HGNC:12441
HGNC:12364	Withdrawn	TSC3	
HGNC:12365	Merged/Split	TSC4	HGNC:12363
HGNC:12366	Merged/Split	TSE1	HGNC:9388
HGNC:12368	Merged/Split	TSG10	HGNC:15971
HGNC:12374	Withdrawn	TSHRL1	
HGNC:12375	Withdrawn	TSHRL2	
HGNC:12376	Withdrawn	TSHRL3	
HGNC:12378	Merged/Split	TSLC1	HGNC:5951
HGNC:12387	Merged/Split	TSSC6	HGNC:13410
HGNC:12389	Merged/Split	TST1	HGNC:18782
HGNC:12396	Merged/Split	TTD	HGNC:21157
HGNC:12400	Withdrawn	TTIM1	
HGNC:12402	Merged/Split	C22orf7	HGNC:1312
HGNC:12409	Withdrawn	TUBAL1	
HGNC:12416	Merged/Split	TUBG	HGNC:12417
HGNC:12426	Merged/Split	TUPLE1	HGNC:4916
HGNC:12427	Merged/Split	TUTR1	HGNC:9690
HGNC:12430	Merged/Split	TXDI1	HGNC:2883
HGNC:12431	Merged/Split	TXDI3	HGNC:2885
HGNC:12432	Merged/Split	TXGP1	HGNC:11934
HGNC:12433	Merged/Split	TXGP1L	HGNC:11918
HGNC:12438	Merged/Split	TXREB	HGNC:786
HGNC:12439	Merged/Split	TXREB1	HGNC:10362
HGNC:12444	Merged/Split	TYRO1	HGNC:3388
HGNC:12445	Merged/Split	TYRO10	HGNC:2731
HGNC:12448	Merged/Split	TYRO4	HGNC:3387
HGNC:12451	Merged/Split	TYRP2	HGNC:2709
HGNC:12452	Withdrawn	TYS	
HGNC:12454	Merged/Split	U2AF1P	HGNC:12456
HGNC:12455	Merged/Split	U2AFBP	HGNC:12453
HGNC:12481	Merged/Split	UBE2G	HGNC:12482
HGNC:12493	Merged/Split	UBE2V	HGNC:12494
HGNC:12501	Merged/Split	UBH1	HGNC:12610
HGNC:12503	Merged/Split	UBL2	HGNC:33148
HGNC:12512	Withdrawn	UCHH2	
HGNC:12514	Withdrawn	UCHL2	
HGNC:12521	Merged/Split	UFS	HGNC:18374
HGNC:12522	Merged/Split	UGALT	HGNC:11022
HGNC:12526	Merged/Split	UGP1	HGNC:12527
HGNC:12528	Merged/Split	UGT1	HGNC:12530
HGNC:12543	Withdrawn	UGT2B@	
HGNC:12561	Merged/Split	UMPH2	HGNC:17144
HGNC:12564	Merged/Split	UMS	HGNC:11602
HGNC:12571	Merged/Split	UND	HGNC:2191
HGNC:12573	Merged/Split	UNP	HGNC:12627
HGNC:12574	Merged/Split	UNR	HGNC:7965
HGNC:12581	Merged/Split	UQBP	HGNC:12582
HGNC:12589	Withdrawn	UQCRFSL2	
HGNC:12595	Withdrawn	USH1A	
HGNC:12596	Merged/Split	USH1B	HGNC:7606
HGNC:12598	Merged/Split	USH1D	HGNC:13733
HGNC:12599	Withdrawn	USH1E	
HGNC:12600	Merged/Split	USH1F	HGNC:14674
HGNC:12602	Withdrawn	USH2B	
HGNC:12603	Merged/Split	USH2C	HGNC:17416
HGNC:12604	Merged/Split	USH3	HGNC:12605
HGNC:12606	Merged/Split	USH3B	HGNC:4816
HGNC:12622	Merged/Split	USP23	HGNC:12620
HGNC:12639	Merged/Split	UVO	HGNC:1748
HGNC:12653	Merged/Split	VAT1	HGNC:10934
HGNC:12664	Merged/Split	VCF	HGNC:11592
HGNC:12677	Merged/Split	VDD1	HGNC:2606
HGNC:12678	Withdrawn	VDI	
HGNC:12685	Merged/Split	VGL	HGNC:4857
HGNC:12686	Merged/Split	VGR	HGNC:1073
HGNC:12688	Merged/Split	VHLP	HGNC:30666
HGNC:12689	Merged/Split	VHR	HGNC:3069
HGNC:12699	Merged/Split	VMAT1	HGNC:10934
HGNC:12700	Merged/Split	VMAT2	HGNC:10935
HGNC:12701	Merged/Split	VMCM	HGNC:11724
HGNC:12702	Withdrawn	VMD1	
HGNC:12704	Merged/Split	VMGLOM	HGNC:14373
HGNC:12707	Merged/Split	VP	HGNC:9280
HGNC:12708	Merged/Split	VPP1	HGNC:865
HGNC:12714	Merged/Split	VPS45B	HGNC:14579
HGNC:12717	Merged/Split	VRF	HGNC:12681
HGNC:12720	Merged/Split	VRNI	HGNC:1482
HGNC:12721	Withdrawn	AVSD1	
HGNC:12725	Merged/Split	VTNR	HGNC:6150
HGNC:12728	Merged/Split	VWS	HGNC:6121
HGNC:12740	Withdrawn	WBS2	
HGNC:12742	Merged/Split	WBSCR10	HGNC:961
HGNC:12743	Merged/Split	WBSCR11	HGNC:4661
HGNC:12745	Merged/Split	WBSCR15	HGNC:12749
HGNC:12747	Merged/Split	WBSCR3	HGNC:2586
HGNC:12748	Merged/Split	WBSCR4	HGNC:2586
HGNC:12750	Merged/Split	WBSCR6	HGNC:4659
HGNC:12751	Merged/Split	WBSCR7	HGNC:4660
HGNC:12752	Merged/Split	WBSCR9	HGNC:961
HGNC:12753	Merged/Split	WD	HGNC:11027
HGNC:12763	Merged/Split	WFS2	HGNC:24212
HGNC:12764	Withdrawn	WHCR	
HGNC:12772	Merged/Split	WMS	HGNC:3603
HGNC:12773	Merged/Split	WND	HGNC:870
HGNC:12777	Merged/Split	WNT13	HGNC:12781
HGNC:12792	Merged/Split	WS1	HGNC:8617
HGNC:12793	Merged/Split	WS2A	HGNC:7105
HGNC:12794	Withdrawn	WS2B	
HGNC:12795	Merged/Split	WSN	HGNC:16499
HGNC:12797	Withdrawn	WT2	
HGNC:12798	Merged/Split	WTS	HGNC:13315
HGNC:12800	Merged/Split	WWS	HGNC:24931
HGNC:12803	Withdrawn	XBX1	
HGNC:12808	Withdrawn	XGR	
HGNC:12813	Withdrawn	XM	
HGNC:12815	Merged/Split	XPAC	HGNC:12814
HGNC:12817	Merged/Split	XPD	HGNC:3434
HGNC:12818	Merged/Split	XPF	HGNC:3436
HGNC:12819	Merged/Split	XPGC	HGNC:3437
HGNC:12821	Merged/Split	XPNPEP	HGNC:12822
HGNC:12824	Merged/Split	XPNPEPL	HGNC:12822
HGNC:12832	Withdrawn	XRCC4L	
HGNC:12834	Withdrawn	XRCC8	
HGNC:12835	Merged/Split	XRCC9	HGNC:3588
HGNC:12837	Withdrawn	XS	
HGNC:12838	Withdrawn	XWNPEP	
HGNC:12846	Merged/Split	YT	HGNC:108
HGNC:12847	Merged/Split	YWHA1	HGNC:12853
HGNC:12848	Merged/Split	YWHAA	HGNC:12849
HGNC:12850	Merged/Split	YWHAD	HGNC:12855
HGNC:12878	Withdrawn	ZNF1	
HGNC:12882	Withdrawn	ZNF102	
HGNC:12883	Withdrawn	ZNF103	
HGNC:12884	Withdrawn	ZNF104	
HGNC:12885	Withdrawn	ZNF105	
HGNC:12889	Withdrawn	ZNF109	
HGNC:12890	Withdrawn	ZNF110	
HGNC:12891	Withdrawn	ZNF111	
HGNC:12893	Withdrawn	ZNF113	
HGNC:12895	Merged/Split	ZNF115	HGNC:23707
HGNC:12896	Withdrawn	ZNF116	
HGNC:12898	Withdrawn	ZNF118	
HGNC:12899	Withdrawn	ZNF119	
HGNC:12900	Merged/Split	ZNF11A	HGNC:13096
HGNC:12901	Merged/Split	ZNF11B	HGNC:13097
HGNC:12903	Withdrawn	ZNF120	
HGNC:12905	Withdrawn	ZNF122	
HGNC:12908	Withdrawn	ZNF125	
HGNC:12909	Withdrawn	ZNF126	
HGNC:12910	Withdrawn	MKRN3-AS1	
HGNC:12911	Withdrawn	ZNF128	
HGNC:12912	Withdrawn	ZNF129	
HGNC:12913	Merged/Split	ZNF13	HGNC:13111
HGNC:12914	Withdrawn	ZNF130	
HGNC:12923	Merged/Split	ZNF139	HGNC:13101
HGNC:12934	Withdrawn	ZNF149	
HGNC:12935	Merged/Split	ZNF150	HGNC:12917
HGNC:12937	Withdrawn	ZNF152	
HGNC:12938	Withdrawn	ZNF153	
HGNC:12941	Withdrawn	ZNF156	
HGNC:12943	Withdrawn	ZNF158	
HGNC:12944	Withdrawn	ZNF159	
HGNC:12946	Withdrawn	ZNF15L2	
HGNC:12951	Merged/Split	ZNF163	HGNC:4237
HGNC:12952	Withdrawn	ZNF164	
HGNC:12954	Merged/Split	ZNF166	HGNC:12988
HGNC:12956	Merged/Split	ZNF168	HGNC:21018
HGNC:12959	Withdrawn	ZNF170	
HGNC:12960	Withdrawn	ZNF171	
HGNC:12961	Withdrawn	ZNF172	
HGNC:12965	Merged/Split	ZNF176	HGNC:25406
HGNC:12967	Merged/Split	ZNF178	HGNC:16284
HGNC:12972	Merged/Split	ZNF21	HGNC:13001
HGNC:12973	Withdrawn	ZNF182L	
HGNC:12977	Merged/Split	ZNF186	HGNC:13143
HGNC:12979	Withdrawn	ZNF188	
HGNC:12982	Merged/Split	ZNF191	HGNC:13032
HGNC:12985	Withdrawn	ZNF194	
HGNC:12987	Withdrawn	ZNF196	
HGNC:12990	Withdrawn	ZNF199	
HGNC:13002	Merged/Split	ZNF210	HGNC:12996
HGNC:13021	Merged/Split	ZFP112	HGNC:12892
HGNC:13025	Merged/Split	ZNF231	HGNC:1117
HGNC:13033	Withdrawn	ZNF240	
HGNC:13034	Withdrawn	ZNF241	
HGNC:13035	Withdrawn	ZNF242	
HGNC:13037	Withdrawn	ZNF244	
HGNC:13038	Withdrawn	ZNF245	
HGNC:13039	Withdrawn	ZNF246	
HGNC:13040	Withdrawn	ZNF247	
HGNC:13042	Withdrawn	ZNF249	
HGNC:13048	Merged/Split	ZNF255	HGNC:13017
HGNC:13062	Merged/Split	ZNF269	HGNC:13027
HGNC:13063	Merged/Split	ZNF27	HGNC:13017
HGNC:13064	Merged/Split	ZNF270	HGNC:12866
HGNC:13066	Merged/Split	ZNF272	HGNC:21628
HGNC:13072	Merged/Split	ZNF279	HGNC:23022
HGNC:13074	Merged/Split	ZNF280	HGNC:18597
HGNC:13086	Merged/Split	ZNF298	HGNC:13999
HGNC:13087	Merged/Split	ZNF299	HGNC:13088
HGNC:13092	Withdrawn	ZNF301	
HGNC:13100	Withdrawn	ZNF35P	
HGNC:13105	Merged/Split	ZNF39L1	HGNC:13109
HGNC:13106	Withdrawn	ZNF43L	
HGNC:13113	Merged/Split	ZNF47	HGNC:18818
HGNC:13115	Merged/Split	ZNF49	HGNC:28671
HGNC:13116	Merged/Split	ZNF50	HGNC:4929
HGNC:13117	Merged/Split	ZNF51	HGNC:1001
HGNC:13118	Merged/Split	ZNF52	HGNC:23717
HGNC:13119	Withdrawn	ZNF53A	
HGNC:13120	Withdrawn	ZNF53B	
HGNC:13121	Withdrawn	ZNF54A	
HGNC:13122	Withdrawn	ZNF54B	
HGNC:13123	Merged/Split	ZNF55	HGNC:13110
HGNC:13126	Merged/Split	ZNF58	HGNC:13110
HGNC:13127	Withdrawn	ZNF59	
HGNC:13129	Merged/Split	ZNF60	HGNC:12936
HGNC:13130	Merged/Split	ZNF61	HGNC:12919
HGNC:13131	Merged/Split	ZNF62	HGNC:1002
HGNC:13132	Withdrawn	ZNF63	
HGNC:13133	Merged/Split	ZNF64	HGNC:12955
HGNC:13134	Merged/Split	ZNF65	HGNC:29008
HGNC:13137	Withdrawn	ZNF68	
HGNC:13151	Merged/Split	ZNF78L1	HGNC:12919
HGNC:13152	Withdrawn	ZNF78L2	
HGNC:13157	Merged/Split	ZNF82	HGNC:13145
HGNC:13161	Withdrawn	ZNF86	
HGNC:13162	Withdrawn	ZNF87	
HGNC:13163	Withdrawn	ZNF88	
HGNC:13167	Merged/Split	ZNF91L	HGNC:13047
HGNC:13170	Withdrawn	ZNF94	
HGNC:13171	Withdrawn	ZNF95	
HGNC:13173	Withdrawn	ZNF97	
HGNC:13181	Withdrawn	ZNFP1	
HGNC:13183	Merged/Split	ZNT1	HGNC:11012
HGNC:13184	Merged/Split	ZNT2	HGNC:11013
HGNC:13185	Merged/Split	ZNT3	HGNC:11014
HGNC:13186	Merged/Split	ZNT4	HGNC:11015
HGNC:13190	Merged/Split	ZP3B	HGNC:13189
HGNC:13191	Merged/Split	ZPK	HGNC:6851
HGNC:13193	Withdrawn	ZRK	
HGNC:13196	Withdrawn	ZWINTAS	
HGNC:13197	Merged/Split	ZWS1	HGNC:8850
HGNC:13204	Merged/Split	ALS2CR1	HGNC:13390
HGNC:13217	Withdrawn	AUXN	
HGNC:13220	Merged/Split	BBS6	HGNC:7108
HGNC:13223	Merged/Split	BCMS	HGNC:13747
HGNC:13224	Merged/Split	BCMSUN	HGNC:13748
HGNC:13226	Merged/Split	BHLHB1	HGNC:9398
HGNC:13230	Withdrawn	C10orf1	
HGNC:13246	Withdrawn	C9orf1	
HGNC:13252	Merged/Split	MCDC1	HGNC:6938
HGNC:13268	Withdrawn	DFNA18	
HGNC:13269	Merged/Split	DFNA22	HGNC:7605
HGNC:13270	Merged/Split	DFNA25	HGNC:20151
HGNC:13271	Merged/Split	DFNB22	HGNC:16378
HGNC:13274	Merged/Split	DURS2	HGNC:1943
HGNC:13282	Merged/Split	FBLN4	HGNC:3219
HGNC:13289	Withdrawn	FOX#	
HGNC:13292	Merged/Split	GAGED4	HGNC:14618
HGNC:13295	Withdrawn	GJA11	
HGNC:13304	Merged/Split	GPR70	HGNC:14448
HGNC:13305	Merged/Split	GPR71	HGNC:14905
HGNC:13314	Withdrawn	HAOL	
HGNC:13331	Withdrawn	ILCF	
HGNC:13346	Merged/Split	LSFC	HGNC:15714
HGNC:13349	Withdrawn	LYST2	
HGNC:13366	Merged/Split	MRT2A	HGNC:30185
HGNC:13367	Withdrawn	MRX71	
HGNC:13392	Withdrawn	NPCDR1	
HGNC:13407	Merged/Split	PCPH	HGNC:3367
HGNC:13409	Merged/Split	PFM2	HGNC:450
HGNC:13419	Merged/Split	PRSS18	HGNC:6367
HGNC:13423	Merged/Split	PWCR1	HGNC:32781
HGNC:13434	Withdrawn	RP21	
HGNC:13439	Merged/Split	SCA15	HGNC:6180
HGNC:13440	Withdrawn	SCA9	
HGNC:13443	Merged/Split	SIAT7B	HGNC:10867
HGNC:13462	Withdrawn	STRM	
HGNC:13465	Merged/Split	TFNR	HGNC:13652
HGNC:13466	Withdrawn	TGCT1	
HGNC:13472	Merged/Split	TNFSF20	HGNC:11929
HGNC:13473	Merged/Split	TP73L	HGNC:15979
HGNC:13496	Merged/Split	ZFP93	HGNC:12866
HGNC:13511	Merged/Split	API1	HGNC:590
HGNC:13512	Merged/Split	API2	HGNC:591
HGNC:13513	Merged/Split	API3	HGNC:592
HGNC:13514	Merged/Split	API4	HGNC:593
HGNC:13522	Merged/Split	CTAG	HGNC:2491
HGNC:13547	Merged/Split	ATP10C	HGNC:13542
HGNC:13558	Merged/Split	DCP1	HGNC:2707
HGNC:13560	Merged/Split	C21orf64	HGNC:13239
HGNC:13571	Merged/Split	FIC1	HGNC:3706
HGNC:13577	Merged/Split	C21orf65	HGNC:16707
HGNC:13591	Merged/Split	FBXO20	HGNC:6646
HGNC:13616	Merged/Split	FBXO14	HGNC:16510
HGNC:13624	Merged/Split	SPG17	HGNC:15832
HGNC:13637	Merged/Split	MUC3	HGNC:7513
HGNC:13640	Merged/Split	KCNK11	HGNC:13814
HGNC:13642	Merged/Split	PERQ2	HGNC:11960
HGNC:13643	Merged/Split	PERQ3	HGNC:11960
HGNC:13645	Merged/Split	MBNT	HGNC:6924
HGNC:13647	Merged/Split	SARSM	HGNC:17697
HGNC:13648	Merged/Split	TAF3A	HGNC:11549
HGNC:13649	Merged/Split	TAF3B	HGNC:11550
HGNC:13650	Merged/Split	TAF3C	HGNC:11551
HGNC:13651	Merged/Split	TAF3D	HGNC:11552
HGNC:13660	Merged/Split	GPR93	HGNC:13307
HGNC:13661	Merged/Split	GPR94	HGNC:4537
HGNC:13662	Merged/Split	GPR95	HGNC:4538
HGNC:13668	Merged/Split	DFNA38	HGNC:12762
HGNC:13669	Merged/Split	DFNB30	HGNC:7601
HGNC:13679	Merged/Split	ST15	HGNC:11345
HGNC:13682	Merged/Split	SPG28	HGNC:19714
HGNC:13683	Merged/Split	IGKJRB1	HGNC:5724
HGNC:13684	Merged/Split	IGKJRBP1	HGNC:5725
HGNC:13685	Merged/Split	IGKJRBP2	HGNC:5726
HGNC:13730	Withdrawn	SPG14	
HGNC:13737	Merged/Split	SNT1	HGNC:11167
HGNC:13738	Merged/Split	SNT2B1	HGNC:11168
HGNC:13739	Merged/Split	SNT2B2	HGNC:11169
HGNC:13754	Merged/Split	RBM8	HGNC:9905
HGNC:13790	Merged/Split	PI	HGNC:8941
HGNC:13791	Merged/Split	PIL	HGNC:8985
HGNC:13792	Merged/Split	AACT	HGNC:16
HGNC:13793	Merged/Split	PI4	HGNC:8948
HGNC:13794	Merged/Split	PARK4	HGNC:11138
HGNC:13807	Merged/Split	GLCLC	HGNC:4311
HGNC:13808	Merged/Split	GLCLR	HGNC:4312
HGNC:13822	Withdrawn	HYD2	
HGNC:13832	Merged/Split	PARK5	HGNC:12513
HGNC:13833	Merged/Split	DFNA39	HGNC:3054
HGNC:13837	Merged/Split	GPR67	HGNC:4504
HGNC:13845	Merged/Split	ZNF315P	HGNC:12995
HGNC:13849	Merged/Split	ZNF305	HGNC:13172
HGNC:13856	Merged/Split	ZNF309	HGNC:13853
HGNC:13863	Withdrawn	IBD3	
HGNC:13865	Withdrawn	MRXS11	
HGNC:13873	Merged/Split	PARK6	HGNC:14581
HGNC:13878	Merged/Split	PCI	HGNC:8723
HGNC:13891	Merged/Split	CBG	HGNC:1540
HGNC:13892	Merged/Split	TBG	HGNC:11583
HGNC:13894	Merged/Split	SERPINA8	HGNC:333
HGNC:13895	Merged/Split	ELANH2	HGNC:3311
HGNC:13896	Merged/Split	PAI2	HGNC:8584
HGNC:13897	Merged/Split	SCCA1	HGNC:10569
HGNC:13898	Merged/Split	SCCA2	HGNC:10570
HGNC:13899	Merged/Split	PI5	HGNC:8949
HGNC:13901	Merged/Split	PI6	HGNC:8950
HGNC:13903	Merged/Split	PI8	HGNC:8952
HGNC:13904	Merged/Split	PI9	HGNC:8955
HGNC:13905	Merged/Split	PI10	HGNC:8942
HGNC:13925	Merged/Split	C6orf13	HGNC:16289
HGNC:13926	Merged/Split	C6orf14	HGNC:14516
HGNC:13928	Merged/Split	C6orf16	HGNC:17202
HGNC:13929	Merged/Split	C6orf17	HGNC:17199
HGNC:13942	Merged/Split	C6orf30	HGNC:14129
HGNC:13952	Merged/Split	GPXP3	HGNC:4558
HGNC:13960	Merged/Split	LYPLA2L	HGNC:21069
HGNC:13969	Merged/Split	OR2E1	HGNC:15507
HGNC:13984	Merged/Split	SMAC3L	HGNC:18220
HGNC:13988	Withdrawn	ZNF187P1	
HGNC:13990	Merged/Split	ZNF310P	HGNC:14097
HGNC:14020	Merged/Split	FAM6A	HGNC:28648
HGNC:14041	Withdrawn	MRPL	
HGNC:14057	Merged/Split	CLIM1	HGNC:2067
HGNC:14070	Withdrawn	DFNA40	
HGNC:14071	Merged/Split	DLB1	HGNC:13747
HGNC:14072	Merged/Split	DLB2	HGNC:13748
HGNC:14080	Merged/Split	NEUROD3	HGNC:7764
HGNC:14081	Merged/Split	BPES	HGNC:1092
HGNC:14087	Withdrawn	PRAMEF3	
HGNC:14091	Merged/Split	NOT1	HGNC:7877
HGNC:14092	Merged/Split	NOT2	HGNC:7878
HGNC:14093	Merged/Split	NOT3	HGNC:7879
HGNC:14094	Merged/Split	NOT4	HGNC:7880
HGNC:14095	Merged/Split	ZNF325	HGNC:12902
HGNC:14100	Withdrawn	CNOT5	
HGNC:14102	Merged/Split	POP2	HGNC:9207
HGNC:14116	Merged/Split	TPS2	HGNC:12019
HGNC:14127	Withdrawn	TPSP3	
HGNC:14140	Merged/Split	C16orf12	HGNC:30912
HGNC:14143	Merged/Split	C16orf15	HGNC:26960
HGNC:14144	Merged/Split	C16orf16	HGNC:26960
HGNC:14145	Merged/Split	C16orf17	HGNC:26960
HGNC:14146	Merged/Split	C16orf18	HGNC:26960
HGNC:14147	Merged/Split	C16orf19	HGNC:26960
HGNC:14149	Merged/Split	C16orf21	HGNC:20852
HGNC:14155	Merged/Split	C16orf27	HGNC:23026
HGNC:14156	Merged/Split	C16orf28	HGNC:14184
HGNC:14157	Merged/Split	C16orf29	HGNC:34454
HGNC:14159	Merged/Split	C16orf31	HGNC:30629
HGNC:14162	Merged/Split	C16orf8	HGNC:20561
HGNC:14166	Merged/Split	TMEM6	HGNC:17205
HGNC:14172	Merged/Split	C16orf39	HGNC:21169
HGNC:14174	Merged/Split	C16orf41	HGNC:18435
HGNC:14176	Withdrawn	C16orf43	
HGNC:14181	Merged/Split	RASL8C	HGNC:18285
HGNC:14199	Merged/Split	FAM4A1	HGNC:11351
HGNC:14200	Merged/Split	C18orf3	HGNC:24121
HGNC:14204	Merged/Split	ECPN	HGNC:14007
HGNC:14206	Merged/Split	PI8L1	HGNC:8953
HGNC:14207	Withdrawn	PSORS7	
HGNC:14208	Merged/Split	ZNF328	HGNC:25879
HGNC:14218	Merged/Split	PI13	HGNC:8944
HGNC:14223	Merged/Split	AT3	HGNC:775
HGNC:14224	Merged/Split	HCF2	HGNC:4838
HGNC:14225	Merged/Split	PAI1	HGNC:8583
HGNC:14226	Merged/Split	PI7	HGNC:8951
HGNC:14227	Merged/Split	PEDF	HGNC:8824
HGNC:14228	Merged/Split	PLI	HGNC:9075
HGNC:14229	Merged/Split	C1NH	HGNC:1228
HGNC:14230	Merged/Split	CBP1	HGNC:1546
HGNC:14231	Merged/Split	CBP2	HGNC:1546
HGNC:14232	Merged/Split	PI12	HGNC:8943
HGNC:14233	Merged/Split	PI14	HGNC:8945
HGNC:14238	Merged/Split	C22orf12	HGNC:2847
HGNC:14242	Withdrawn	IBD7	
HGNC:14252	Withdrawn	GINGF2	
HGNC:14260	Withdrawn	SPG16	
HGNC:14266	Merged/Split	CDH25	HGNC:13681
HGNC:14274	Merged/Split	C17orf1B	HGNC:1212
HGNC:14302	Merged/Split	CMYA2	HGNC:15580
HGNC:14308	Merged/Split	EGFL2	HGNC:3231
HGNC:14309	Merged/Split	EGFL1	HGNC:3230
HGNC:14322	Merged/Split	RPML12	HGNC:10378
HGNC:14327	Merged/Split	SPANX	HGNC:11218
HGNC:14330	Merged/Split	SPANXB2	HGNC:14329
HGNC:14363	Merged/Split	DRA	HGNC:3018
HGNC:14401	Withdrawn	DYRK1AIP1	
HGNC:14403	Merged/Split	DYRK1AIP3	HGNC:16865
HGNC:14413	Merged/Split	CACT	HGNC:1421
HGNC:14414	Merged/Split	CACTP	HGNC:1422
HGNC:14419	Merged/Split	RPML3	HGNC:10379
HGNC:14420	Merged/Split	RPMS12	HGNC:10380
HGNC:14421	Merged/Split	RPL23L	HGNC:10322
HGNC:14424	Merged/Split	RCP	HGNC:9936
HGNC:14425	Merged/Split	GCP	HGNC:4206
HGNC:14426	Merged/Split	BCP	HGNC:1012
HGNC:14427	Merged/Split	NRXN4	HGNC:8011
HGNC:14431	Merged/Split	SCCD	HGNC:30791
HGNC:14433	Merged/Split	ALS2CR6	HGNC:443
HGNC:14441	Merged/Split	ALS2CR14	HGNC:14442
HGNC:14443	Merged/Split	ALS2CR16	HGNC:20681
HGNC:14444	Merged/Split	ALS2CR17	HGNC:20681
HGNC:14445	Merged/Split	ALS2CR18	HGNC:14436
HGNC:14447	Merged/Split	PPCD	HGNC:12723
HGNC:14459	Withdrawn	DYRK1AIP2	
HGNC:14505	Withdrawn	MRPS18	
HGNC:14519	Merged/Split	OTM	HGNC:8514
HGNC:14528	Merged/Split	SPAG10	HGNC:7036
HGNC:14532	Withdrawn	C11orf26	
HGNC:14535	Withdrawn	SLEB3	
HGNC:14538	Merged/Split	USP3L	HGNC:12621
HGNC:14541	Withdrawn	CMD1K	
HGNC:14557	Merged/Split	CLECSF11	HGNC:13258
HGNC:14564	Merged/Split	DRCC1	HGNC:7511
HGNC:14571	Merged/Split	OR4F1	HGNC:8298
HGNC:14588	Merged/Split	ANKL1	HGNC:1350
HGNC:14590	Merged/Split	OR5D3	HGNC:8336
HGNC:14591	Merged/Split	GPR99	HGNC:4531
HGNC:14594	Merged/Split	ACCPN	HGNC:10914
HGNC:14595	Withdrawn	MROS	
HGNC:14606	Merged/Split	C9orf8	HGNC:1366
HGNC:14617	Withdrawn	PLAC5	
HGNC:14627	Merged/Split	CDCA6	HGNC:1552
HGNC:14641	Merged/Split	KHRBP1	HGNC:32790
HGNC:14664	Merged/Split	MMEL2	HGNC:14668
HGNC:14684	Merged/Split	CMT2D	HGNC:4162
HGNC:14710	Merged/Split	OR2A10	HGNC:14729
HGNC:14715	Merged/Split	OR2I2	HGNC:8258
HGNC:14717	Merged/Split	OR7E88P	HGNC:14692
HGNC:14720	Withdrawn	OR9J1	
HGNC:14734	Merged/Split	OR6J2	HGNC:14707
HGNC:14775	Merged/Split	OR7E92P	HGNC:8395
HGNC:14776	Withdrawn	OR4D4P	
HGNC:14777	Merged/Split	OR2AR1P	HGNC:8264
HGNC:14778	Merged/Split	OR4C8P	HGNC:14696
HGNC:14782	Withdrawn	OR56A2P	
HGNC:14802	Merged/Split	OR7E95P	HGNC:8415
HGNC:14830	Merged/Split	OR2AF2P	HGNC:14719
HGNC:14924	Merged/Split	MT1NP	HGNC:7402
HGNC:14925	Merged/Split	MT1Q	HGNC:7394
HGNC:14926	Merged/Split	SH3D5	HGNC:14565
HGNC:14936	Merged/Split	DYT14	HGNC:4193
HGNC:14961	Merged/Split	MT1S	HGNC:7393
HGNC:15002	Merged/Split	OR2AK1P	HGNC:19569
HGNC:15006	Merged/Split	OR2C4	HGNC:15005
HGNC:15010	Merged/Split	OR2L4P	HGNC:8266
HGNC:15013	Merged/Split	OR2L7P	HGNC:8265
HGNC:15044	Merged/Split	OR7E107P	HGNC:8400
HGNC:15045	Merged/Split	OR1F10	HGNC:8194
HGNC:15046	Withdrawn	OR2A16P	
HGNC:15051	Merged/Split	OR7E127P	HGNC:8393
HGNC:15054	Merged/Split	OR7E131P	HGNC:14780
HGNC:15055	Merged/Split	OR7E132P	HGNC:8428
HGNC:15056	Merged/Split	OR1F13P	HGNC:8194
HGNC:15060	Withdrawn	OR8N1P	
HGNC:15061	Merged/Split	OR1E6	HGNC:8189
HGNC:15064	Merged/Split	OR2V3	HGNC:15341
HGNC:15065	Merged/Split	OR3A8P	HGNC:8284
HGNC:15066	Merged/Split	OR10C2	HGNC:8165
HGNC:15067	Merged/Split	OR11A2	HGNC:8176
HGNC:15068	Merged/Split	OR2B9	HGNC:13966
HGNC:15069	Withdrawn	OR2H7	
HGNC:15070	Merged/Split	OR2H8	HGNC:8252
HGNC:15073	Merged/Split	OR2W7P	HGNC:15072
HGNC:15074	Merged/Split	OR4F10	HGNC:15089
HGNC:15075	Merged/Split	OR4F12	HGNC:15372
HGNC:15081	Withdrawn	OR2A11P	
HGNC:15086	Merged/Split	OR2A17P	HGNC:8230
HGNC:15088	Merged/Split	OR2AE2	HGNC:15087
HGNC:15092	Withdrawn	OR7E118P	
HGNC:15099	Merged/Split	OR7E80P	HGNC:8386
HGNC:15109	Merged/Split	OR1J5	HGNC:8209
HGNC:15112	Merged/Split	OR1N3	HGNC:8221
HGNC:15114	Withdrawn	OR2AN1P	
HGNC:15116	Merged/Split	OR5C2P	HGNC:8331
HGNC:15119	Withdrawn	OR7E112P	
HGNC:15120	Withdrawn	OR7E113P	
HGNC:15121	Withdrawn	OR7E114P	
HGNC:15123	Withdrawn	OR6D2P	
HGNC:15133	Merged/Split	OR10D6P	HGNC:14770
HGNC:15157	Merged/Split	OR4A20P	HGNC:8289
HGNC:15179	Merged/Split	OR4P3P	HGNC:15180
HGNC:15186	Merged/Split	OR51A11P	HGNC:15185
HGNC:15192	Merged/Split	OR51C3P	HGNC:15191
HGNC:15227	Withdrawn	OR52M3P	
HGNC:15242	Merged/Split	OR55C1P	HGNC:15241
HGNC:15243	Merged/Split	OR56A6	HGNC:14786
HGNC:15263	Merged/Split	OR5B13	HGNC:8324
HGNC:15264	Merged/Split	OR5B14P	HGNC:8322
HGNC:15266	Merged/Split	OR5B16	HGNC:15432
HGNC:15268	Merged/Split	OR5B18P	HGNC:8320
HGNC:15274	Merged/Split	OR5BG1P	HGNC:15327
HGNC:15300	Merged/Split	OR5W3P	HGNC:15299
HGNC:15323	Merged/Split	OR9G5	HGNC:15319
HGNC:15326	Merged/Split	OR9L2P	HGNC:14761
HGNC:15330	Merged/Split	OR10P2P	HGNC:15378
HGNC:15331	Merged/Split	OR10P3P	HGNC:15378
HGNC:15334	Withdrawn	OR2A18P	
HGNC:15336	Merged/Split	OR6U1P	HGNC:19631
HGNC:15357	Merged/Split	OR4L2P	HGNC:15356
HGNC:15368	Merged/Split	OR11I2P	HGNC:14997
HGNC:15377	Merged/Split	OR8B11P	HGNC:8470
HGNC:15379	Merged/Split	OR2C2P	HGNC:8242
HGNC:15380	Merged/Split	OR4F11P	HGNC:15381
HGNC:15382	Merged/Split	OR4G5P	HGNC:8304
HGNC:15383	Merged/Split	OR1E9P	HGNC:8189
HGNC:15384	Merged/Split	OR1R2P	HGNC:8226
HGNC:15385	Merged/Split	OR1R3P	HGNC:8226
HGNC:15386	Merged/Split	OR4K10P	HGNC:14756
HGNC:15387	Merged/Split	OR4K9P	HGNC:14787
HGNC:15392	Merged/Split	OR2Z2	HGNC:15391
HGNC:15393	Merged/Split	OR4F18	HGNC:15381
HGNC:15394	Merged/Split	OR4F19	HGNC:15381
HGNC:15396	Merged/Split	OR4F9P	HGNC:15395
HGNC:15397	Merged/Split	OR4G7P	HGNC:8303
HGNC:15398	Merged/Split	OR4G8P	HGNC:8302
HGNC:15400	Merged/Split	OR7E98P	HGNC:8389
HGNC:15409	Merged/Split	OR13E2	HGNC:15107
HGNC:15410	Withdrawn	OR1E7	
HGNC:15411	Withdrawn	OR1E8P	
HGNC:15412	Withdrawn	OR2A19	
HGNC:15414	Withdrawn	OR2A21	
HGNC:15415	Withdrawn	OR2A22P	
HGNC:15416	Merged/Split	OR2C5P	HGNC:15005
HGNC:15417	Merged/Split	OR2I3P	HGNC:8258
HGNC:15418	Merged/Split	OR2I4P	HGNC:8258
HGNC:15419	Withdrawn	OR2I5P	
HGNC:15420	Withdrawn	OR2I6	
HGNC:15421	Withdrawn	OR2I7P	
HGNC:15422	Withdrawn	OR2I8P	
HGNC:15423	Withdrawn	OR2I9P	
HGNC:15425	Withdrawn	OR4P2P	
HGNC:15427	Merged/Split	OR51C2P	HGNC:15191
HGNC:15428	Withdrawn	OR51E3P	
HGNC:15429	Withdrawn	OR52A2	
HGNC:15430	Merged/Split	OR52A3P	HGNC:15194
HGNC:15433	Merged/Split	OR5BH2P	HGNC:15407
HGNC:15435	Merged/Split	OR5D10P	HGNC:8335
HGNC:15438	Merged/Split	OR7E119P	HGNC:8409
HGNC:15439	Merged/Split	OR7E120	HGNC:8408
HGNC:15440	Merged/Split	OR7E123P	HGNC:14733
HGNC:15441	Withdrawn	OR7E124P	
HGNC:15442	Withdrawn	OR7E81P	
HGNC:15457	Merged/Split	BPES3	HGNC:12428
HGNC:15493	Merged/Split	OR2B1	HGNC:8241
HGNC:15498	Merged/Split	LENG3	HGNC:14947
HGNC:15499	Withdrawn	LENG6	
HGNC:15539	Merged/Split	C8orf5	HGNC:27806
HGNC:15542	Withdrawn	C8orf6	
HGNC:15543	Merged/Split	C8orf7	HGNC:27806
HGNC:15545	Merged/Split	C8orf9	HGNC:16825
HGNC:15575	Merged/Split	DFNA41	HGNC:15459
HGNC:15596	Withdrawn	FGS3	
HGNC:15603	Merged/Split	SIGLEC19P	HGNC:10876
HGNC:15612	Merged/Split	SIGLEC23P	HGNC:26856
HGNC:15627	Withdrawn	C8orf15	
HGNC:15628	Withdrawn	C8orf16	
HGNC:15665	Merged/Split	MCPHA	HGNC:14409
HGNC:15666	Merged/Split	C11orf29	HGNC:29005
HGNC:15670	Merged/Split	GPR104	HGNC:4532
HGNC:15681	Withdrawn	C8orf29	
HGNC:15704	Merged/Split	CDPD1	HGNC:16438
HGNC:15705	Merged/Split	C21orf68	HGNC:17807
HGNC:15709	Merged/Split	C21orf69	HGNC:15707
HGNC:15733	Withdrawn	PPH2	
HGNC:15735	Merged/Split	SCA17	HGNC:11588
HGNC:15737	Withdrawn	LCS1	
HGNC:15744	Withdrawn	SCA18	
HGNC:15778	Withdrawn	FAM7A4	
HGNC:15779	Withdrawn	FAM7A5	
HGNC:15780	Merged/Split	FAM7B1	HGNC:15782
HGNC:15796	Merged/Split	RPL41L2	HGNC:10356
HGNC:15798	Merged/Split	TMSB4L	HGNC:11888
HGNC:15800	Merged/Split	VIAAT	HGNC:11018
HGNC:15810	Merged/Split	ZNF338	HGNC:15940
HGNC:15820	Merged/Split	FECD	HGNC:2216
HGNC:15821	Merged/Split	DFNA52	HGNC:9220
HGNC:15824	Withdrawn	MRX77	
HGNC:15834	Merged/Split	SYTIP2	HGNC:15851
HGNC:15843	Merged/Split	ZNF340	HGNC:16094
HGNC:15863	Merged/Split	C20orf17	HGNC:13010
HGNC:15871	Merged/Split	C20orf25	HGNC:13251
HGNC:15883	Merged/Split	C20orf37	HGNC:6176
HGNC:15884	Merged/Split	C20orf38	HGNC:16253
HGNC:15895	Merged/Split	C20orf49	HGNC:15877
HGNC:15896	Merged/Split	C20orf5	HGNC:17117
HGNC:15949	Withdrawn	C12orf9	
HGNC:15953	Merged/Split	UBL6	HGNC:33148
HGNC:15960	Merged/Split	CABP3	HGNC:13714
HGNC:15969	Merged/Split	CORD9	HGNC:216
HGNC:15976	Merged/Split	CXorf10	HGNC:25657
HGNC:15978	Merged/Split	ZDHHC10	HGNC:18475
HGNC:16026	Withdrawn	C21orf72	
HGNC:16032	Merged/Split	PDB3	HGNC:11280
HGNC:16033	Withdrawn	PDB4	
HGNC:16057	Merged/Split	VTLO1	HGNC:16304
HGNC:16080	Merged/Split	LINC00846	HGNC:54636
HGNC:16103	Withdrawn	C20orf109	
HGNC:16107	Merged/Split	C20orf113	HGNC:16106
HGNC:16117	Merged/Split	C20orf124	HGNC:15801
HGNC:16124	Merged/Split	C20orf131	HGNC:16125
HGNC:16138	Merged/Split	C20orf145	HGNC:16527
HGNC:16141	Merged/Split	C20orf148	HGNC:11298
HGNC:16146	Merged/Split	C20orf153	HGNC:15478
HGNC:16149	Merged/Split	C20orf156	HGNC:17329
HGNC:16150	Merged/Split	C20orf157	HGNC:34344
HGNC:16151	Merged/Split	C20orf158	HGNC:2680
HGNC:16152	Merged/Split	C20orf159	HGNC:23062
HGNC:16169	Merged/Split	C20orf176	HGNC:16168
HGNC:16190	Merged/Split	C20orf57	HGNC:16236
HGNC:16199	Withdrawn	C20orf66	
HGNC:16202	Merged/Split	LINC00266-1	HGNC:51706
HGNC:16215	Merged/Split	C20orf84	HGNC:15858
HGNC:16220	Withdrawn	C20orf89	
HGNC:16238	Merged/Split	GGTL5	HGNC:4259
HGNC:16241	Merged/Split	IL6ST2	HGNC:3368
HGNC:16242	Merged/Split	LIPN3L	HGNC:14451
HGNC:16295	Merged/Split	TSTA1	HGNC:10304
HGNC:16296	Merged/Split	TSTA2	HGNC:9560
HGNC:16303	Merged/Split	LENG7	HGNC:3189
HGNC:16304	Withdrawn	AIS1	
HGNC:16307	Withdrawn	LENG11	
HGNC:16308	Withdrawn	LENG10	
HGNC:16322	Withdrawn	PPP1R2P7	
HGNC:16333	Withdrawn	GINGF3	
HGNC:16340	Withdrawn	C21orf79	
HGNC:16351	Withdrawn	SPAR	
HGNC:16359	Withdrawn	DFNB33	
HGNC:16360	Merged/Split	DFNB32	HGNC:1718
HGNC:16368	Merged/Split	PARK8	HGNC:18618
HGNC:16382	Merged/Split	RNU40	HGNC:10186
HGNC:16399	Merged/Split	OSBPL1B	HGNC:16398
HGNC:16401	Withdrawn	MYMY1	
HGNC:16409	Withdrawn	PPP1R12CP	
HGNC:16413	Merged/Split	C21orf81	HGNC:42024
HGNC:16415	Merged/Split	C21orf83	HGNC:13999
HGNC:16419	Merged/Split	C21orf85	HGNC:16417
HGNC:16436	Merged/Split	GGTLA3	HGNC:16437
HGNC:16474	Withdrawn	SAX1	
HGNC:16477	Merged/Split	ADIR	HGNC:11997
HGNC:16498	Withdrawn	WBSCR23	
HGNC:16578	Merged/Split	RPL13P3	HGNC:16342
HGNC:16589	Merged/Split	PPIAL2	HGNC:9264
HGNC:16591	Withdrawn	ST13P	
HGNC:16592	Merged/Split	RPL24P1	HGNC:37876
HGNC:16616	Merged/Split	SPRL6B	HGNC:16615
HGNC:16619	Merged/Split	C21orf95	HGNC:16274
HGNC:16624	Merged/Split	C21orf97	HGNC:8819
HGNC:16625	Merged/Split	C21orf98	HGNC:13082
HGNC:16662	Merged/Split	ADAMTS21	HGNC:17110
HGNC:16670	Withdrawn	GCUD1	
HGNC:16679	Withdrawn	HK2P2	
HGNC:16680	Merged/Split	AVSD2	HGNC:14630
HGNC:16706	Withdrawn	SPG19	
HGNC:16723	Merged/Split	FUSIP2	HGNC:16713
HGNC:16745	Merged/Split	FANCD1	HGNC:1101
HGNC:16749	Merged/Split	ZNF588	HGNC:12887
HGNC:16755	Withdrawn	DYX9	
HGNC:16774	Merged/Split	KRTAP4-15	HGNC:18909
HGNC:16786	Withdrawn	C1orf20	
HGNC:16796	Merged/Split	RAET1J	HGNC:38570
HGNC:16819	Merged/Split	C22orf19	HGNC:19074
HGNC:16886	Merged/Split	ZNF359	HGNC:13023
HGNC:16899	Withdrawn	L1RE3	
HGNC:16957	Withdrawn	SPHAR	
HGNC:17033	Merged/Split	SCA19	HGNC:6239
HGNC:17065	Merged/Split	CORTBP1	HGNC:14295
HGNC:17114	Merged/Split	C20orf192	HGNC:15755
HGNC:17115	Merged/Split	C20orf193	HGNC:14045
HGNC:17120	Merged/Split	MCPH6	HGNC:17272
HGNC:17126	Merged/Split	C7orf13	HGNC:48971
HGNC:17130	Withdrawn	RNU86	
HGNC:17140	Merged/Split	C21orf101	HGNC:14051
HGNC:17141	Merged/Split	C21orf102	HGNC:14965
HGNC:17143	Withdrawn	DFNB34	
HGNC:17172	Merged/Split	SCA21	HGNC:25186
HGNC:17201	Merged/Split	RNF33	HGNC:21162
HGNC:17204	Withdrawn	SCA20	
HGNC:17215	Withdrawn	LINC00527	
HGNC:17221	Merged/Split	FBXW1BP	HGNC:1145
HGNC:17225	Withdrawn	DGCR12	
HGNC:17227	Merged/Split	DGCR9	HGNC:16757
HGNC:17232	Withdrawn	TRIM78P	
HGNC:17235	Merged/Split	C21orf107	HGNC:12760
HGNC:17237	Merged/Split	FGF7L	HGNC:17193
HGNC:17243	Withdrawn	DFNA43	
HGNC:17248	Withdrawn	DEFT5P	
HGNC:17250	Withdrawn	DEFT3P	
HGNC:17251	Merged/Split	RPL9P9	HGNC:30334
HGNC:17254	Withdrawn	ERVFC1	
HGNC:17275	Withdrawn	PSORS4	
HGNC:17285	Withdrawn	C21orf116	
HGNC:17308	Merged/Split	RNF35	HGNC:24339
HGNC:17320	Merged/Split	SCA22	HGNC:6239
HGNC:17322	Withdrawn	PSORS8	
HGNC:17338	Merged/Split	SCZD9	HGNC:10000
HGNC:17339	Withdrawn	SCZD10	
HGNC:17355	Merged/Split	APOBEC3E	HGNC:17354
HGNC:17374	Merged/Split	FBXW10P1	HGNC:14379
HGNC:17420	Withdrawn	SLEH1	
HGNC:17480	Withdrawn	DFNB43	
HGNC:17559	Merged/Split	LCN5	HGNC:27038
HGNC:17571	Merged/Split	MRX79	HGNC:6990
HGNC:17573	Withdrawn	C19orf31	
HGNC:17627	Withdrawn	ANIB1	
HGNC:17703	Merged/Split	C5orf10	HGNC:14305
HGNC:17803	Merged/Split	TBX14	HGNC:11594
HGNC:17831	Withdrawn	OTSC3	
HGNC:17832	Merged/Split	PARK9	HGNC:30213
HGNC:17833	Withdrawn	PARK10	
HGNC:17863	Merged/Split	DGCR13	HGNC:16817
HGNC:17864	Merged/Split	DGCR10	HGNC:16757
HGNC:17876	Merged/Split	ZNF360	HGNC:13093
HGNC:17900	Withdrawn	HCG2P1	
HGNC:17913	Withdrawn	SMCR9	
HGNC:17915	Withdrawn	SMCR3	
HGNC:17917	Withdrawn	SMCR4	
HGNC:17919	Withdrawn	SMCR6	
HGNC:17924	Withdrawn	C5orf9	
HGNC:17942	Merged/Split	MRX78	HGNC:29059
HGNC:17951	Withdrawn	PDB5	
HGNC:17952	Withdrawn	PDB6	
HGNC:17953	Withdrawn	PSORS5	
HGNC:17963	Withdrawn	PARK11	
HGNC:17974	Withdrawn	C19orf8	
HGNC:17977	Merged/Split	C1orf30	HGNC:6236
HGNC:17979	Withdrawn	C6orf36	
HGNC:17987	Withdrawn	C8orf64	
HGNC:17988	Withdrawn	C8orf65	
HGNC:18009	Merged/Split	SPG18	HGNC:1356
HGNC:18074	Merged/Split	NCRNA00103	HGNC:7083
HGNC:18092	Withdrawn	DEFB111	
HGNC:18100	Merged/Split	DEFB120	HGNC:18099
HGNC:18109	Withdrawn	DEFB132P	
HGNC:18112	Merged/Split	C15orf13	HGNC:12010
HGNC:18146	Merged/Split	TIGM1	HGNC:9016
HGNC:18148	Merged/Split	C6orf61	HGNC:21484
HGNC:18176	Merged/Split	SLEV1	HGNC:14374
HGNC:18223	Merged/Split	MRXS10	HGNC:4800
HGNC:18227	Merged/Split	C17orf33	HGNC:2438
HGNC:18228	Withdrawn	DNM1DN1@	
HGNC:18245	Merged/Split	C6orf212	HGNC:23046
HGNC:18252	Withdrawn	DFNB58	
HGNC:18300	Merged/Split	DFNB60	HGNC:10968
HGNC:18342	Merged/Split	PADI5	HGNC:18368
HGNC:18343	Withdrawn	DYX5	
HGNC:18366	Merged/Split	DFNB35	HGNC:3473
HGNC:18372	Merged/Split	XAGE1E	HGNC:25400
HGNC:18388	Withdrawn	SFTPI	
HGNC:18389	Merged/Split	SFTPJ	HGNC:2039
HGNC:18390	Merged/Split	FABP11	HGNC:3557
HGNC:18408	Merged/Split	SPANXE	HGNC:14332
HGNC:18409	Merged/Split	SPANXF1	HGNC:14329
HGNC:18438	Merged/Split	MCDR2	HGNC:9454
HGNC:18447	Merged/Split	SPANXF2	HGNC:14329
HGNC:18457	Merged/Split	RFP2OS	HGNC:13748
HGNC:18542	Withdrawn	SLEN1	
HGNC:18543	Withdrawn	SLEN2	
HGNC:18544	Withdrawn	SLEN3	
HGNC:18545	Merged/Split	DFNA37	HGNC:2186
HGNC:18566	Merged/Split	NCRNA00185	HGNC:18495
HGNC:18573	Withdrawn	HCHOLA4	
HGNC:18574	Merged/Split	MASP1P1	HGNC:6902
HGNC:18575	Merged/Split	ZNF381P	HGNC:37728
HGNC:18577	Merged/Split	CYorf15B	HGNC:18473
HGNC:18616	Withdrawn	RAF1P2	
HGNC:18617	Withdrawn	BRCA3	
HGNC:18635	Merged/Split	RGSL2	HGNC:18636
HGNC:18645	Merged/Split	HCHOLA3	HGNC:20001
HGNC:18663	Merged/Split	DFNA44	HGNC:18111
HGNC:18686	Merged/Split	DFNB36	HGNC:13281
HGNC:18687	Merged/Split	DFNB37	HGNC:7605
HGNC:18691	Withdrawn	DFNA45	
HGNC:18692	Withdrawn	DFNA46	
HGNC:18693	Withdrawn	DFNA47	
HGNC:18694	Withdrawn	DFNA48	
HGNC:18773	Withdrawn	C6orf42	
HGNC:18774	Withdrawn	C6orf43	
HGNC:18775	Merged/Split	C6orf44	HGNC:21582
HGNC:18776	Merged/Split	ZNF388	HGNC:23640
HGNC:18778	Merged/Split	ZNF453	HGNC:21193
HGNC:18780	Merged/Split	ZNF392	HGNC:20813
HGNC:18793	Merged/Split	SMAC3L2	HGNC:18792
HGNC:18819	Merged/Split	DFNA50	HGNC:31648
HGNC:18820	Withdrawn	DFNA49	
HGNC:18850	Withdrawn	CYP3A5P2	
HGNC:18872	Withdrawn	MRX80	
HGNC:18878	Merged/Split	TAS2R47	HGNC:19112
HGNC:18879	Merged/Split	TAS2R48	HGNC:19108
HGNC:18880	Merged/Split	TAS2R49	HGNC:19109
HGNC:18881	Merged/Split	TAS2R44	HGNC:19113
HGNC:18887	Merged/Split	PTC	HGNC:9584
HGNC:18892	Merged/Split	KRTAP4-14	HGNC:18911
HGNC:18895	Merged/Split	KRTAP4-13	HGNC:16928
HGNC:18897	Merged/Split	KRTAP4-10	HGNC:18907
HGNC:18953	Merged/Split	KRTAP19P4	HGNC:34001
HGNC:19029	Merged/Split	TRIM57	HGNC:30834
HGNC:19047	Merged/Split	KIAA1618	HGNC:14539
HGNC:19051	Merged/Split	SCA23	HGNC:8820
HGNC:19063	Withdrawn	P2RY10P1	
HGNC:19065	Withdrawn	SCAR6	
HGNC:19105	Merged/Split	LCA9	HGNC:17877
HGNC:19111	Merged/Split	TAS2R23	HGNC:19108
HGNC:19130	Merged/Split	C6orf193	HGNC:21577
HGNC:19144	Withdrawn	MMVP1	
HGNC:19145	Withdrawn	MMVP2	
HGNC:19186	Withdrawn	SCASI	
HGNC:19188	Withdrawn	NYS4	
HGNC:19210	Withdrawn	DFNB38	
HGNC:19211	Merged/Split	DFNB39	HGNC:4893
HGNC:19242	Withdrawn	HCG2P7	
HGNC:19243	Withdrawn	HCG2P8	
HGNC:19244	Merged/Split	RHBDL4	HGNC:16502
HGNC:19249	Withdrawn	DGCR7	
HGNC:19284	Withdrawn	C14orf7	
HGNC:19301	Withdrawn	MRX81	
HGNC:19324	Withdrawn	DYX7	
HGNC:19333	Merged/Split	KIAA1794	HGNC:25568
HGNC:19345	Merged/Split	GPR129	HGNC:19061
HGNC:19346	Withdrawn	GPR130	
HGNC:19352	Withdrawn	DYX6	
HGNC:19376	Merged/Split	CELIAC3	HGNC:2505
HGNC:19377	Merged/Split	CELIAC4	HGNC:7609
HGNC:19378	Withdrawn	CELIAC2	
HGNC:19430	Withdrawn	RPS17P4	
HGNC:19432	Merged/Split	OR4Q4	HGNC:15426
HGNC:19434	Merged/Split	OR11H8P	HGNC:14716
HGNC:19435	Withdrawn	C14orf16	
HGNC:19438	Merged/Split	RP31	HGNC:21653
HGNC:19545	Merged/Split	OR4F20P	HGNC:15395
HGNC:19546	Merged/Split	OR13I2P	HGNC:14732
HGNC:19547	Merged/Split	OR52Y2P	HGNC:15240
HGNC:19548	Merged/Split	OR51P2P	HGNC:14762
HGNC:19549	Merged/Split	OR51G3P	HGNC:14738
HGNC:19550	Merged/Split	OR5AK5P	HGNC:15250
HGNC:19551	Withdrawn	OR2A23P	
HGNC:19552	Merged/Split	OR9P2P	HGNC:15097
HGNC:19553	Merged/Split	OR7E134P	HGNC:14688
HGNC:19554	Withdrawn	OR2A24P	
HGNC:19555	Withdrawn	OR7E135P	
HGNC:19556	Merged/Split	OR52M4	HGNC:15226
HGNC:19558	Merged/Split	OR7E137P	HGNC:8434
HGNC:19559	Merged/Split	OR7E138P	HGNC:8412
HGNC:19560	Merged/Split	OR7E139P	HGNC:19557
HGNC:19563	Withdrawn	OR9A5P	
HGNC:19564	Merged/Split	OR9A6P	HGNC:15094
HGNC:19565	Merged/Split	OR2A26	HGNC:8232
HGNC:19566	Merged/Split	OR2A27	HGNC:19562
HGNC:19567	Merged/Split	OR2A28P	HGNC:15085
HGNC:19568	Merged/Split	OR6Y2	HGNC:14823
HGNC:19570	Merged/Split	OR2L11	HGNC:15011
HGNC:19571	Merged/Split	OR2W8P	HGNC:15021
HGNC:19572	Merged/Split	OR2T9	HGNC:15018
HGNC:19577	Merged/Split	OR2L12	HGNC:8266
HGNC:19581	Merged/Split	OR52J4P	HGNC:14797
HGNC:19584	Merged/Split	OR5B20P	HGNC:15267
HGNC:19585	Merged/Split	OR10G10P	HGNC:15129
HGNC:19586	Withdrawn	OR7E143P	
HGNC:19588	Merged/Split	OR7E147P	HGNC:19557
HGNC:19590	Merged/Split	OR2L14	HGNC:19578
HGNC:19591	Merged/Split	OR7A20P	HGNC:8361
HGNC:19593	Merged/Split	OR2M6	HGNC:8269
HGNC:19595	Merged/Split	OR7E151P	HGNC:8385
HGNC:19598	Merged/Split	OR51A12	HGNC:19597
HGNC:19601	Merged/Split	OR51J2	HGNC:14856
HGNC:19602	Merged/Split	OR51A13	HGNC:15185
HGNC:19603	Merged/Split	OR55B2P	HGNC:15241
HGNC:19604	Merged/Split	OR2AG3	HGNC:15142
HGNC:19605	Merged/Split	OR4C17P	HGNC:14700
HGNC:19608	Merged/Split	OR4A22P	HGNC:15154
HGNC:19609	Merged/Split	OR9G6	HGNC:15320
HGNC:19610	Merged/Split	OR5G6P	HGNC:15287
HGNC:19614	Merged/Split	OR4A25P	HGNC:15147
HGNC:19615	Merged/Split	OR5BQ2P	HGNC:15278
HGNC:19617	Merged/Split	OR7E144P	HGNC:8382
HGNC:19621	Merged/Split	OR8G4	HGNC:8485
HGNC:19623	Merged/Split	OR8G6	HGNC:19622
HGNC:19624	Merged/Split	OR8B13P	HGNC:8476
HGNC:19626	Merged/Split	OR7E150P	HGNC:19642
HGNC:19640	Merged/Split	OR10AE2P	HGNC:14990
HGNC:19641	Merged/Split	OR7E133P	HGNC:8400
HGNC:19643	Withdrawn	OR7E141P	
HGNC:19644	Withdrawn	OR7E142P	
HGNC:19645	Merged/Split	OR5M15P	HGNC:15057
HGNC:19646	Merged/Split	OR2AU1P	HGNC:8278
HGNC:19724	Merged/Split	C21orf112	HGNC:1623
HGNC:19726	Withdrawn	C21orf114	
HGNC:19728	Merged/Split	C21orf124	HGNC:8819
HGNC:19729	Merged/Split	FAM27A	HGNC:23668
HGNC:19746	Merged/Split	C21orf115	HGNC:14616
HGNC:19830	Merged/Split	NCRNA00291	HGNC:19739
HGNC:19850	Withdrawn	C14orf40	
HGNC:19851	Merged/Split	C14orf41	HGNC:8060
HGNC:19852	Merged/Split	C14orf42	HGNC:33159
HGNC:19882	Merged/Split	EMILIN5	HGNC:16123
HGNC:19951	Withdrawn	DYX8	
HGNC:19976	Merged/Split	GPR134	HGNC:16291
HGNC:19981	Withdrawn	OTSC4	
HGNC:19984	Merged/Split	DFNA51	HGNC:11828
HGNC:19996	Merged/Split	GPR140	HGNC:24828
HGNC:19999	Withdrawn	ZNF604P	
HGNC:20042	Merged/Split	ZNF409	HGNC:20152
HGNC:20057	Merged/Split	UBE2L7P	HGNC:12486
HGNC:20094	Withdrawn	PFM3	
HGNC:20098	Merged/Split	C14orf51	HGNC:13112
HGNC:20103	Withdrawn	C14orf56	
HGNC:20104	Withdrawn	C14orf57	
HGNC:20107	Merged/Split	C14orf60	HGNC:8010
HGNC:20108	Merged/Split	C14orf61	HGNC:20359
HGNC:20109	Merged/Split	C14orf62	HGNC:27510
HGNC:20112	Withdrawn	C14orf65	
HGNC:20114	Merged/Split	C14orf67	HGNC:21064
HGNC:20124	Merged/Split	C14orf77	HGNC:33795
HGNC:20128	Withdrawn	C14orf81	
HGNC:20135	Merged/Split	C14orf88	HGNC:20346
HGNC:20138	Withdrawn	C14orf91	
HGNC:20158	Merged/Split	NCRNA00220	HGNC:32545
HGNC:20167	Merged/Split	C14orf96	HGNC:213
HGNC:20170	Withdrawn	C14orf99	
HGNC:20172	Merged/Split	C19orf9	HGNC:13175
HGNC:20181	Merged/Split	DFNB42	HGNC:28741
HGNC:20206	Withdrawn	MCDR3	
HGNC:20211	Merged/Split	KIAA0125	HGNC:19955
HGNC:20212	Merged/Split	C14orf116	HGNC:1928
HGNC:20216	Withdrawn	C14orf113	
HGNC:20221	Merged/Split	C14orf117	HGNC:19853
HGNC:20228	Withdrawn	MRX84	
HGNC:20235	Withdrawn	IBD8	
HGNC:20236	Withdrawn	IBD9	
HGNC:20238	Withdrawn	OTSC5	
HGNC:20350	Withdrawn	C14orf136	
HGNC:20353	Merged/Split	LINC00341	HGNC:19861
HGNC:20355	Merged/Split	C14orf141	HGNC:6715
HGNC:20375	Withdrawn	OTSC6	
HGNC:20394	Withdrawn	CLAM	
HGNC:20405	Merged/Split	KRT6D	HGNC:6443
HGNC:20408	Withdrawn	DFNB40	
HGNC:20424	Merged/Split	HCG16	HGNC:18361
HGNC:20481	Withdrawn	C6orf50	
HGNC:20490	Merged/Split	C14orf151	HGNC:23791
HGNC:20496	Withdrawn	C14orf157	
HGNC:20504	Withdrawn	HIST2H3B	
HGNC:20518	Merged/Split	KRTAP18-1	HGNC:22966
HGNC:20519	Merged/Split	KRTAP18-2	HGNC:22967
HGNC:20520	Merged/Split	KRTAP18-3	HGNC:22968
HGNC:20522	Merged/Split	KRTAP18-5	HGNC:22969
HGNC:20524	Merged/Split	KRTAP18-7	HGNC:22970
HGNC:20526	Merged/Split	KRTAP18-9	HGNC:22971
HGNC:20574	Merged/Split	CRAC1	HGNC:2001
HGNC:20600	Merged/Split	WARBM1	HGNC:17063
HGNC:20613	Merged/Split	TDRD4	HGNC:10060
HGNC:20643	Merged/Split	TAS2R65P	HGNC:19107
HGNC:20666	Merged/Split	HGPPS	HGNC:13433
HGNC:20680	Withdrawn	TELAB1	
HGNC:20683	Withdrawn	CANDN1	
HGNC:20684	Withdrawn	SCA25	
HGNC:20689	Merged/Split	ZNF424	HGNC:13125
HGNC:20752	Merged/Split	ZNF427	HGNC:13854
HGNC:20769	Withdrawn	MYMY3	
HGNC:20791	Withdrawn	DFNA42	
HGNC:20805	Merged/Split	SCKL2	HGNC:9891
HGNC:20806	Withdrawn	SCKL3	
HGNC:20888	Merged/Split	CORS2	HGNC:25018
HGNC:20909	Merged/Split	ZNF539	HGNC:13047
HGNC:20950	Withdrawn	C9orf56	
HGNC:20963	Merged/Split	DFNB63	HGNC:25033
HGNC:20975	Withdrawn	SMAN1	
HGNC:20981	Merged/Split	LRRN5	HGNC:16914
HGNC:21038	Merged/Split	ZNF448	HGNC:12955
HGNC:21058	Merged/Split	MYMY2	HGNC:14539
HGNC:21089	Merged/Split	JBTS1	HGNC:21474
HGNC:21093	Merged/Split	C6orf91	HGNC:21118
HGNC:21112	Merged/Split	LINC00266-3	HGNC:51690
HGNC:21116	Merged/Split	FRCL1	HGNC:15621
HGNC:21119	Withdrawn	DNM1DN2@	
HGNC:21120	Merged/Split	DNM1DN3@	HGNC:35175, HGNC:35176, HGNC:35177
HGNC:21121	Merged/Split	DNM1DN4@	HGNC:35177, HGNC:35178, HGNC:35179
HGNC:21123	Withdrawn	DNM1DN6	
HGNC:21124	Merged/Split	DNM1DN7@	HGNC:35180
HGNC:21125	Merged/Split	DNM1DN8@	HGNC:35181, HGNC:35182, HGNC:35186
HGNC:21127	Merged/Split	DNM1DN10@	HGNC:35187, HGNC:35188
HGNC:21128	Merged/Split	DNM1DN11@	HGNC:35188, HGNC:35189, HGNC:35190, HGNC:35191, HGNC:35188, HGNC:35193, HGNC:35194
HGNC:21129	Merged/Split	DNM1DN12@	HGNC:35195
HGNC:21130	Withdrawn	DNM1DN13	
HGNC:21131	Merged/Split	DNM1DN14@	HGNC:35199, HGNC:35200
HGNC:21132	Merged/Split	DNM1DN15@	HGNC:35171, HGNC:35172
HGNC:21133	Merged/Split	DNM1DN16@	HGNC:35173, HGNC:35174
HGNC:21137	Withdrawn	DNM1DN20	
HGNC:21138	Withdrawn	DNM1DN21	
HGNC:21139	Withdrawn	DNM1DN22	
HGNC:21141	Withdrawn	DNM1DN23	
HGNC:21164	Merged/Split	C6orf92	HGNC:21213
HGNC:21178	Merged/Split	C6orf98	HGNC:17089
HGNC:21183	Merged/Split	FNDC2	HGNC:21184
HGNC:21201	Merged/Split	C6orf102	HGNC:21202
HGNC:21229	Merged/Split	C6orf114	HGNC:21096
HGNC:21242	Merged/Split	HCG8	HGNC:13924
HGNC:21287	Merged/Split	C6orf131	HGNC:4678
HGNC:21291	Merged/Split	C10orf43	HGNC:23591
HGNC:21318	Merged/Split	TMEM13	HGNC:19992
HGNC:21322	Merged/Split	DFNB68	HGNC:3169
HGNC:21340	Merged/Split	SPG23	HGNC:29043
HGNC:21341	Withdrawn	GLC1K	
HGNC:21358	Merged/Split	C6orf144	HGNC:32789
HGNC:21363	Merged/Split	C6orf147	HGNC:21366
HGNC:21369	Merged/Split	C6orf152	HGNC:31923
HGNC:21402	Withdrawn	DFNA53	
HGNC:21433	Withdrawn	SLC4A7OS	
HGNC:21477	Merged/Split	DHRS6	HGNC:32389
HGNC:21486	Merged/Split	C6orf171	HGNC:21485
HGNC:21491	Merged/Split	VKCFD2	HGNC:23663
HGNC:21508	Merged/Split	XAGE1D	HGNC:25400
HGNC:21519	Withdrawn	C8orf67	
HGNC:21546	Merged/Split	C6orf178	HGNC:21555
HGNC:21547	Merged/Split	C6orf179	HGNC:21555
HGNC:21548	Merged/Split	C6orf180	HGNC:21555
HGNC:21554	Merged/Split	EGFL10	HGNC:21555
HGNC:21562	Merged/Split	C6orf183	HGNC:21565
HGNC:21563	Merged/Split	C6orf184	HGNC:21565
HGNC:21567	Merged/Split	C6orf187	HGNC:33391
HGNC:21585	Merged/Split	GCNT5	HGNC:4204
HGNC:21618	Merged/Split	AKD2	HGNC:33814
HGNC:21619	Withdrawn	C6orf200	
HGNC:21621	Withdrawn	C6orf202	
HGNC:21626	Withdrawn	MRX82	
HGNC:21660	Withdrawn	HCP5P6	
HGNC:21662	Withdrawn	HCP5P2	
HGNC:21670	Withdrawn	HCP5P15	
HGNC:21671	Withdrawn	HCP5P12	
HGNC:21692	Withdrawn	C15orf31	
HGNC:21712	Merged/Split	C11orf32	HGNC:11185
HGNC:21804	Withdrawn	C8orf63	
HGNC:21902	Withdrawn	RP32	
HGNC:22120	Withdrawn	BMIQ6	
HGNC:22400	Withdrawn	DFNB45	
HGNC:22405	Merged/Split	PRAMEF21	HGNC:25224
HGNC:22433	Withdrawn	USH1H	
HGNC:22494	Merged/Split	SPG26	HGNC:4117
HGNC:22929	Merged/Split	HCG4P10	HGNC:21241
HGNC:22993	Withdrawn	SPG24	
HGNC:23021	Withdrawn	VRK3P1	
HGNC:23036	Merged/Split	C6orf207	HGNC:21569
HGNC:23050	Merged/Split	MYETS1	HGNC:17005
HGNC:23054	Withdrawn	AIS2	
HGNC:23083	Withdrawn	AIS3	
HGNC:23084	Withdrawn	HCP5P3	
HGNC:23110	Merged/Split	PCDH23	HGNC:23111
HGNC:23127	Withdrawn	C21orf118	
HGNC:23129	Merged/Split	C21orf120	HGNC:1305
HGNC:23152	Merged/Split	HSN2	HGNC:14540
HGNC:23205	Merged/Split	AUNA1	HGNC:15480
HGNC:23223	Merged/Split	DFNB44	HGNC:232
HGNC:23240	Merged/Split	ZFP106	HGNC:12886
HGNC:23256	Withdrawn	GLC1H	
HGNC:23262	Withdrawn	LINC00610	
HGNC:23331	Merged/Split	FSD1CL	HGNC:13753
HGNC:23335	Merged/Split	ANXA8L2	HGNC:23334
HGNC:23374	Withdrawn	C9orf33	
HGNC:23388	Merged/Split	C9orf35	HGNC:23825
HGNC:23398	Withdrawn	C9orf38	
HGNC:23403	Merged/Split	MRC1L1	HGNC:7228
HGNC:23413	Withdrawn	HCG2P6	
HGNC:23417	Merged/Split	FAM21B	HGNC:23416
HGNC:23418	Withdrawn	WASHC2D	
HGNC:23420	Merged/Split	C10orf12	HGNC:29503
HGNC:23422	Merged/Split	PTPN20A	HGNC:23423
HGNC:23430	Merged/Split	C10orf14	HGNC:23523
HGNC:23431	Merged/Split	ANKRD14	HGNC:26724
HGNC:23446	Withdrawn	FAM22C	
HGNC:23453	Merged/Split	FRMPD2P2	HGNC:16843
HGNC:23454	Merged/Split	PDZD5C	HGNC:28572
HGNC:23457	Merged/Split	ASAH2C	HGNC:23456
HGNC:23461	Withdrawn	CTGLF8P	
HGNC:23462	Merged/Split	AGAP10	HGNC:23659
HGNC:23464	Merged/Split	AGAP8	HGNC:23459
HGNC:23474	Merged/Split	FAM23B	HGNC:23473
HGNC:23507	Merged/Split	RASGEF2	HGNC:29374
HGNC:23544	Merged/Split	RPL23AP9	HGNC:23543
HGNC:23566	Withdrawn	DFNA54	
HGNC:23580	Merged/Split	CTSLP5	HGNC:2540
HGNC:23588	Merged/Split	FAM25D	HGNC:23587
HGNC:23591	Withdrawn	FAM25HP	
HGNC:23635	Merged/Split	CTSLP7	HGNC:2540
HGNC:23636	Merged/Split	GLUD1P7	HGNC:4337
HGNC:23637	Merged/Split	GLUD1P8	HGNC:23610
HGNC:23646	Merged/Split	GLC1G	HGNC:30696
HGNC:23653	Merged/Split	BMS1P5	HGNC:23649
HGNC:23654	Merged/Split	BMS1P6	HGNC:23650
HGNC:23669	Merged/Split	C9orf47	HGNC:3167
HGNC:23670	Merged/Split	C9orf48	HGNC:19916
HGNC:23701	Merged/Split	SNAX1	HGNC:25358
HGNC:23702	Merged/Split	PPCD3	HGNC:11642
HGNC:23722	Merged/Split	SCAR1	HGNC:445
HGNC:23778	Withdrawn	CHES1L1	
HGNC:23779	Merged/Split	ZNF505	HGNC:13169
HGNC:23819	Withdrawn	FAM67A	
HGNC:23823	Merged/Split	MLL3P	HGNC:15730
HGNC:23824	Withdrawn	HPLH1	
HGNC:23827	Withdrawn	BMIQ1	
HGNC:23828	Withdrawn	BMIQ2	
HGNC:23829	Withdrawn	BMIQ3	
HGNC:23830	Merged/Split	BMIQ4	HGNC:12518
HGNC:23869	Merged/Split	FAM8A8P	HGNC:16375
HGNC:23944	Merged/Split	CYCSP54	HGNC:23943
HGNC:23948	Merged/Split	GAPDHP18	HGNC:37765
HGNC:24033	Merged/Split	TMEM133	HGNC:26545
HGNC:24038	Withdrawn	DFNB54	
HGNC:24095	Withdrawn	NCRNA00250	
HGNC:24106	Merged/Split	EKV3	HGNC:559
HGNC:24189	Merged/Split	WHSC1L1P	HGNC:14647
HGNC:24214	Merged/Split	TTLL11-IT1	HGNC:18113
HGNC:24242	Merged/Split	C2orf12	HGNC:9907
HGNC:24312	Merged/Split	SCXA	HGNC:32322
HGNC:24367	Withdrawn	DFNB51	
HGNC:24387	Merged/Split	CYCSP13	HGNC:24386
HGNC:24747	Merged/Split	SEC63D1	HGNC:20193
HGNC:24777	Merged/Split	C12orf63	HGNC:26456
HGNC:24780	Merged/Split	DNAH12L	HGNC:2943
HGNC:24799	Merged/Split	DCDC5	HGNC:20625
HGNC:24806	Merged/Split	DNHD3	HGNC:2948
HGNC:24807	Merged/Split	C9orf113	HGNC:17841
HGNC:24813	Merged/Split	FOXD4L2	HGNC:23762
HGNC:24815	Withdrawn	DEFA8	
HGNC:24901	Merged/Split	C19orf49	HGNC:3233
HGNC:24906	Withdrawn	MYP11	
HGNC:24907	Withdrawn	FAM67B	
HGNC:25101	Withdrawn	ZNF384OS	
HGNC:25170	Merged/Split	MRX85	HGNC:2928
HGNC:25212	Withdrawn	MRX86	
HGNC:25254	Withdrawn	C18orf57	
HGNC:25264	Merged/Split	C2orf31	HGNC:4043
HGNC:25273	Merged/Split	PLXNA4B	HGNC:9102
HGNC:25290	Merged/Split	C15orf51	HGNC:35199
HGNC:25293	Merged/Split	C19orf17	HGNC:23114
HGNC:25362	Merged/Split	BRCTD1	HGNC:25408
HGNC:25411	Merged/Split	C8orf57	HGNC:7162
HGNC:25466	Merged/Split	MRX87	HGNC:18060
HGNC:25711	Merged/Split	RUNDC2A	HGNC:30542
HGNC:25767	Withdrawn	PRAMEF16	
HGNC:25779	Merged/Split	C10orf68	HGNC:26533
HGNC:25855	Withdrawn	SPG25	
HGNC:25861	Merged/Split	C5orf23	HGNC:7945
HGNC:25912	Withdrawn	C8orf28	
HGNC:25933	Merged/Split	MICALCL	HGNC:24693
HGNC:25943	Withdrawn	C9orf118	
HGNC:25946	Merged/Split	C1orf218	HGNC:28404
HGNC:25977	Merged/Split	C18orf49	HGNC:22916
HGNC:26030	Merged/Split	CXorf35	HGNC:28615
HGNC:26071	Withdrawn	SPG27	
HGNC:26093	Withdrawn	C9orf63	
HGNC:26130	Merged/Split	KIAA1840	HGNC:11226
HGNC:26140	Withdrawn	C9orf149	
HGNC:26206	Withdrawn	C17orf84	
HGNC:26240	Merged/Split	CXorf45	HGNC:30881
HGNC:26298	Withdrawn	DEFT4P	
HGNC:26322	Merged/Split	C2orf48	HGNC:10452
HGNC:26362	Withdrawn	C18orf61	
HGNC:26377	Merged/Split	C6orf224	HGNC:33814
HGNC:26382	Merged/Split	C10orf93	HGNC:25247
HGNC:26410	Merged/Split	LINC00889	HGNC:3670
HGNC:26418	Withdrawn	TMEM155	
HGNC:26471	Merged/Split	ZNF553	HGNC:13114
HGNC:26492	Merged/Split	C1orf188	HGNC:32947
HGNC:26500	Merged/Split	C1orf215	HGNC:6510
HGNC:26547	Withdrawn	DFNY1	
HGNC:26589	Withdrawn	C3orf53	
HGNC:26603	Withdrawn	DEFT6P	
HGNC:26612	Withdrawn	RNF165-IT1	
HGNC:26619	Withdrawn	CRIPAK	
HGNC:26631	Merged/Split	C18orf58	HGNC:26270
HGNC:26642	Merged/Split	C9orf94	HGNC:14632
HGNC:26651	Merged/Split	C11orf47	HGNC:26532
HGNC:26738	Merged/Split	DNHL1	HGNC:2951
HGNC:26774	Merged/Split	DFNB57	HGNC:26257
HGNC:26844	Merged/Split	C17orf47	HGNC:9165
HGNC:26867	Merged/Split	DNHD2	HGNC:2943
HGNC:26872	Merged/Split	DNAHL1	HGNC:2946
HGNC:26986	Withdrawn	GLC1J	
HGNC:27073	Withdrawn	GATM-AS1	
HGNC:27144	Merged/Split	C1orf84	HGNC:29040
HGNC:27253	Merged/Split	C10orf64	HGNC:29323
HGNC:27255	Merged/Split	SCA28	HGNC:315
HGNC:27280	Merged/Split	DNHD1L	HGNC:26532
HGNC:27298	Merged/Split	CXorf30	HGNC:26708
HGNC:27299	Merged/Split	NBPF24	HGNC:31993
HGNC:27311	Merged/Split	SH3D20	HGNC:31813
HGNC:27448	Merged/Split	MIR4697HG	HGNC:32326
HGNC:27589	Merged/Split	FAM38B2	HGNC:26270
HGNC:27651	Merged/Split	HNRNPU-AS1	HGNC:5048
HGNC:27887	Merged/Split	C12orf74	HGNC:33829
HGNC:27913	Merged/Split	FLG-AS1	HGNC:55988
HGNC:27917	Merged/Split	C1orf222	HGNC:29368
HGNC:28023	Merged/Split	C9orf164	HGNC:10732
HGNC:28098	Merged/Split	LINC00950	HGNC:21427
HGNC:28113	Withdrawn	DFNB65	
HGNC:28138	Merged/Split	C9orf99	HGNC:18572
HGNC:28252	Withdrawn	TMEM137	
HGNC:28293	Merged/Split	PRR8	HGNC:27223
HGNC:28329	Merged/Split	C16orf47	HGNC:777
HGNC:28411	Merged/Split	C1orf67	HGNC:2945
HGNC:28481	Merged/Split	ATXN7L4	HGNC:22210
HGNC:28516	Merged/Split	CSAG3B	HGNC:16847
HGNC:28545	Merged/Split	C11orf69	HGNC:24836
HGNC:28546	Merged/Split	CXorf22	HGNC:26708
HGNC:28549	Merged/Split	FNDC6	HGNC:6004
HGNC:28686	Withdrawn	CABLES1L	
HGNC:28822	Withdrawn	AKIRIN2-AS1	
HGNC:28876	Withdrawn	DFNB55	
HGNC:28877	Merged/Split	DFNB53	HGNC:2187
HGNC:29015	Withdrawn	HCG2P4	
HGNC:29019	Merged/Split	KIAA0367	HGNC:25209
HGNC:29042	Withdrawn	C8orf27	
HGNC:29055	Merged/Split	KIAA0507	HGNC:24255
HGNC:29111	Merged/Split	KIAA0754	HGNC:13664
HGNC:29133	Merged/Split	DEFA2	HGNC:2761
HGNC:29192	Merged/Split	KIAA1107	HGNC:21019
HGNC:29311	Withdrawn	C18orf41	
HGNC:29439	Withdrawn	DFNB62	
HGNC:29444	Merged/Split	MKS3	HGNC:28396
HGNC:29648	Withdrawn	CLDN11CL	
HGNC:29651	Merged/Split	CTAGEP	HGNC:25111
HGNC:29844	Merged/Split	C9orf155	HGNC:15451
HGNC:30017	Merged/Split	SPG30	HGNC:888
HGNC:30028	Withdrawn	GLC3C	
HGNC:30058	Withdrawn	MAGI2-IT1	
HGNC:30161	Withdrawn	SPG29	
HGNC:30165	Withdrawn	LINC00614	
HGNC:30199	Withdrawn	SSXP8	
HGNC:30274	Merged/Split	TSSK5P2	HGNC:31931
HGNC:30328	Withdrawn	ZNF522	
HGNC:30374	Merged/Split	C10orf138	HGNC:33787
HGNC:30474	Withdrawn	DEFT2P	
HGNC:30639	Merged/Split	SSXP2	HGNC:19652
HGNC:30679	Merged/Split	XAGE1C	HGNC:25400
HGNC:30680	Merged/Split	XAGE2B	HGNC:4112
HGNC:30769	Withdrawn	RN7SKL	
HGNC:30786	Withdrawn	HCG2P2	
HGNC:30928	Withdrawn	C15orf49	
HGNC:30944	Merged/Split	ZNF647	HGNC:13044
HGNC:30976	Withdrawn	HCP5P14	
HGNC:30977	Withdrawn	HCP5P13	
HGNC:30985	Withdrawn	HCP5P8	
HGNC:30986	Withdrawn	C6orf215	
HGNC:30995	Merged/Split	LCCS1	HGNC:4315
HGNC:30996	Withdrawn	HDLCQ1	
HGNC:30997	Withdrawn	CTPL1	
HGNC:30998	Withdrawn	CPAT1	
HGNC:31013	Withdrawn	PSORS9	
HGNC:31020	Merged/Split	C2orf20	HGNC:888
HGNC:31025	Withdrawn	FBXO22-AS1	
HGNC:31075	Merged/Split	SLC2A3P3	HGNC:18301
HGNC:31084	Withdrawn	OTSC7	
HGNC:31085	Withdrawn	DFNB46	
HGNC:31086	Withdrawn	DFNB47	
HGNC:31097	Withdrawn	SCA26	
HGNC:31117	Withdrawn	BMIQ5	
HGNC:31122	Merged/Split	ZNF286L	HGNC:33241
HGNC:31128	Merged/Split	ABCB10P2	HGNC:14114
HGNC:31344	Merged/Split	HCG12	HGNC:23640
HGNC:31348	Merged/Split	DFNB48	HGNC:24579
HGNC:31349	Merged/Split	DFNB49	HGNC:26401
HGNC:31361	Merged/Split	C9orf101	HGNC:23432
HGNC:31366	Merged/Split	C9orf55B	HGNC:26079
HGNC:31373	Merged/Split	C9orf108	HGNC:3167
HGNC:31376	Withdrawn	DYT15	
HGNC:31379	Merged/Split	HMGB1L15	HGNC:4997
HGNC:31380	Withdrawn	DFNB50	
HGNC:31383	Merged/Split	C12orf15	HGNC:26316
HGNC:31390	Withdrawn	NCRNA00090	
HGNC:31392	Withdrawn	PIK3R1OS	
HGNC:31413	Withdrawn	IKBKAP-IT1	
HGNC:31424	Withdrawn	GVQW1	
HGNC:31431	Merged/Split	C10orf102	HGNC:4338
HGNC:31443	Merged/Split	PIP5K1L1	HGNC:23733
HGNC:31447	Merged/Split	C10orf113	HGNC:16932
HGNC:31449	Merged/Split	LINC01552	HGNC:28716
HGNC:31453	Merged/Split	C9orf151	HGNC:33879
HGNC:31600	Withdrawn	MIR220A	
HGNC:31633	Withdrawn	MIRN321	
HGNC:31654	Merged/Split	C10orf123	HGNC:25247
HGNC:31655	Merged/Split	C10orf124	HGNC:25247
HGNC:31667	Merged/Split	C10orf131	HGNC:31666
HGNC:31669	Merged/Split	C10orf133	HGNC:31668
HGNC:31688	Withdrawn	FAM41BY	
HGNC:31691	Withdrawn	C18orf33	
HGNC:31727	Withdrawn	C18orf50	
HGNC:31728	Merged/Split	HRMT1L5	HGNC:10894
HGNC:31841	Withdrawn	NCRNA00104	
HGNC:31842	Withdrawn	NCRNA00091	
HGNC:31844	Withdrawn	NCRNA00055	
HGNC:31846	Withdrawn	NCRNA00056	
HGNC:31847	Withdrawn	LINC00108	
HGNC:31866	Withdrawn	DFNM2	
HGNC:31877	Withdrawn	DFNB56	
HGNC:31912	Withdrawn	GLC1I	
HGNC:31915	Withdrawn	FLYWCH1L1	
HGNC:31916	Merged/Split	AUNX1	HGNC:8768
HGNC:31917	Merged/Split	AGS2	HGNC:25671
HGNC:31919	Withdrawn	PSORS10	
HGNC:31941	Withdrawn	ANIB2	
HGNC:31942	Withdrawn	ANIB3	
HGNC:31943	Withdrawn	ANIB4	
HGNC:31965	Merged/Split	DFNB77	HGNC:26521
HGNC:31975	Merged/Split	PDZK1P2	HGNC:31974
HGNC:31977	Merged/Split	CBWD7	HGNC:31978
HGNC:31985	Merged/Split	GPR89C	HGNC:13840
HGNC:31994	Merged/Split	KIAA1245	HGNC:24297
HGNC:31996	Merged/Split	NBPF16	HGNC:28791
HGNC:32002	Merged/Split	SPATA31A2	HGNC:23394
HGNC:32004	Merged/Split	SPATA31A4	HGNC:32007
HGNC:32014	Merged/Split	FAM27E1	HGNC:32013
HGNC:32021	Withdrawn	C1orf134	
HGNC:32030	Merged/Split	FAM74A2	HGNC:32032
HGNC:32039	Withdrawn	C1orf136	
HGNC:32052	Merged/Split	MIR453	HGNC:38349
HGNC:32078	Merged/Split	MIR511-2	HGNC:32077
HGNC:32157	Merged/Split	C1orf178	HGNC:33624
HGNC:32192	Merged/Split	DFNB67	HGNC:21253
HGNC:32193	Merged/Split	DFNB66	HGNC:18141
HGNC:32197	Merged/Split	UBE2D5P	HGNC:33349
HGNC:32230	Merged/Split	LGMD1G	HGNC:5037
HGNC:32244	Merged/Split	REXO1L7P	HGNC:32243
HGNC:32274	Withdrawn	C8orf60	
HGNC:32277	Merged/Split	C8orf61	HGNC:2079
HGNC:32282	Withdrawn	C8orf66	
HGNC:32285	Merged/Split	ZNF742	HGNC:13124
HGNC:32288	Withdrawn	FAM93A	
HGNC:32289	Withdrawn	FAM93B	
HGNC:32290	Merged/Split	ERICH1-AS1	HGNC:2906
HGNC:32303	Withdrawn	MCDR4	
HGNC:32314	Withdrawn	SPG32	
HGNC:32323	Merged/Split	FAM203B	HGNC:24161
HGNC:32329	Withdrawn	C1orf193	
HGNC:32336	Merged/Split	C1orf196	HGNC:29173
HGNC:32338	Withdrawn	C1orf197	
HGNC:32352	Merged/Split	VSIG6	HGNC:5658
HGNC:32353	Merged/Split	VSIG7	HGNC:5569
HGNC:32354	Withdrawn	C15orf35	
HGNC:32358	Merged/Split	LINC00594	HGNC:19712
HGNC:32364	Withdrawn	C15orf45	
HGNC:32365	Merged/Split	C11orf43	HGNC:5466
HGNC:32383	Merged/Split	RP33	HGNC:30859
HGNC:32384	Merged/Split	MPD2	HGNC:6912
HGNC:32391	Withdrawn	PCNT1	
HGNC:32407	Merged/Split	C3orf7	HGNC:2215
HGNC:32439	Withdrawn	XRCC6BP2	
HGNC:32546	Withdrawn	C11orf62	
HGNC:32549	Withdrawn	MYP4	
HGNC:32551	Withdrawn	MYP12	
HGNC:32552	Withdrawn	CMD1Q	
HGNC:32582	Withdrawn	MYP13	
HGNC:32739	Withdrawn	SNORD3@	
HGNC:32778	Withdrawn	SNORD113@	
HGNC:32779	Withdrawn	SNORD114@	
HGNC:32780	Withdrawn	SNORD115@	
HGNC:32781	Withdrawn	SNORD116@	
HGNC:32782	Withdrawn	CLN9	
HGNC:32785	Withdrawn	EVR3	
HGNC:32786	Withdrawn	OPA4	
HGNC:32787	Withdrawn	OPA5	
HGNC:32816	Withdrawn	MIRN560	
HGNC:32821	Withdrawn	MIRN565	
HGNC:32822	Withdrawn	MIR566	
HGNC:32850	Withdrawn	MIRN594	
HGNC:32939	Withdrawn	OTSC8	
HGNC:32944	Withdrawn	SPG34	
HGNC:32945	Merged/Split	SPG35	HGNC:21197
HGNC:32959	Merged/Split	C22orf35	HGNC:33425
HGNC:32973	Withdrawn	SCAX2	
HGNC:32974	Withdrawn	SCAX3	
HGNC:32975	Withdrawn	SCAX4	
HGNC:32976	Withdrawn	SCAR3	
HGNC:32977	Merged/Split	SCAR5	HGNC:28986
HGNC:32978	Merged/Split	SCAR7	HGNC:2073
HGNC:33103	Merged/Split	DFNB70	HGNC:23166
HGNC:33120	Withdrawn	GLC1L	
HGNC:33121	Withdrawn	DFNB69	
HGNC:33123	Withdrawn	DFNA55	
HGNC:33124	Merged/Split	DFNA56	HGNC:5318
HGNC:33142	Merged/Split	MIRN768	HGNC:32732
HGNC:33144	Withdrawn	MIRN801	
HGNC:33157	Merged/Split	SAX2	HGNC:6317
HGNC:33161	Withdrawn	RP34	
HGNC:33162	Withdrawn	GLC1M	
HGNC:33163	Withdrawn	GLC1N	
HGNC:33170	Withdrawn	OPA6	
HGNC:33172	Withdrawn	DFNB71	
HGNC:33204	Withdrawn	ZNF705F	
HGNC:33210	Merged/Split	VN2R4P	HGNC:33209
HGNC:33211	Merged/Split	VN2R5P	HGNC:33209
HGNC:33214	Merged/Split	VN2R8P	HGNC:33209
HGNC:33239	Merged/Split	DFNB72	HGNC:18183
HGNC:33240	Withdrawn	SPG36	
HGNC:33243	Withdrawn	MRT4	
HGNC:33244	Withdrawn	MACOM	
HGNC:33266	Merged/Split	ZNF816B	HGNC:13158
HGNC:33269	Merged/Split	CT45A4	HGNC:33268
HGNC:33306	Withdrawn	QQQQABCA1	
HGNC:33307	Withdrawn	QQQQT5aa	
HGNC:33314	Withdrawn	POU5F1P8	
HGNC:33318	Withdrawn	TGIF2P3	
HGNC:33319	Withdrawn	TGIF2P4	
HGNC:33320	Withdrawn	TGIF2P2	
HGNC:33344	Withdrawn	SATB1P1	
HGNC:33355	Merged/Split	ANE1	HGNC:9848
HGNC:33439	Merged/Split	LGMD2L	HGNC:27337
HGNC:33443	Merged/Split	LGMD1F	HGNC:17103
HGNC:33444	Merged/Split	SCA29	HGNC:6180
HGNC:33445	Withdrawn	SCA30	
HGNC:33452	Withdrawn	GBD2	
HGNC:33453	Withdrawn	GBD3	
HGNC:33472	Withdrawn	SPG37	
HGNC:33477	Withdrawn	FEB5	
HGNC:33478	Withdrawn	FEB6	
HGNC:33479	Withdrawn	FEB7	
HGNC:33483	Withdrawn	PSORS6	
HGNC:33485	Withdrawn	SPG38	
HGNC:33486	Merged/Split	DFNB73	HGNC:16512
HGNC:33489	Merged/Split	C11orf81	HGNC:3074
HGNC:33490	Merged/Split	DFNB74	HGNC:27375
HGNC:33491	Withdrawn	DFNA57	
HGNC:33493	Merged/Split	SLC9A3P4	HGNC:11074
HGNC:33503	Withdrawn	DFNB75	
HGNC:33505	Withdrawn	OPA7	
HGNC:33506	Withdrawn	GAPDHL5	
HGNC:33538	Merged/Split	ABHD17AP2	HGNC:28394
HGNC:33546	Merged/Split	SCDOS	HGNC:10571
HGNC:33548	Merged/Split	PCBP3-OT1	HGNC:8651
HGNC:33549	Merged/Split	C19orf64	HGNC:18183
HGNC:33591	Merged/Split	LCCS2	HGNC:3431
HGNC:33592	Merged/Split	TMPRSS11E2	HGNC:24465
HGNC:33633	Withdrawn	MIRN672	
HGNC:33637	Withdrawn	MIRN871	
HGNC:33638	Merged/Split	MIR886	HGNC:37054
HGNC:33640	Withdrawn	MIR220B	
HGNC:33646	Withdrawn	MIRN674	
HGNC:33647	Withdrawn	MIR220C	
HGNC:33657	Withdrawn	MIRN872	
HGNC:33673	Withdrawn	MIR923	
HGNC:33794	Withdrawn	C14orf181	
HGNC:33815	Merged/Split	C7orf76	HGNC:10845
HGNC:33870	Merged/Split	TXNRD3NB	HGNC:20667
HGNC:33909	Merged/Split	DFNB76	HGNC:26703
HGNC:33946	Merged/Split	ZNF286C	HGNC:33241
HGNC:33994	Merged/Split	PPIAL4B	HGNC:24369
HGNC:34029	Withdrawn	DFNA58	
HGNC:34035	Merged/Split	FAM74A5	HGNC:32029
HGNC:34047	Merged/Split	SSX10	HGNC:30641
HGNC:34062	Withdrawn	RNY4P12	
HGNC:34233	Withdrawn	HSR1	
HGNC:34331	Merged/Split	ZNF834	HGNC:17218
HGNC:34337	Merged/Split	ZNF838	HGNC:29448
HGNC:34380	Merged/Split	ZNF842	HGNC:28071
HGNC:34381	Merged/Split	SPG42	HGNC:95
HGNC:34382	Withdrawn	SPG41	
HGNC:34394	Merged/Split	PRAMEF23	HGNC:27995
HGNC:34506	Merged/Split	DOC2BL	HGNC:2986
HGNC:34509	Merged/Split	AREGB	HGNC:651
HGNC:34510	Withdrawn	PARK12	
HGNC:34529	Merged/Split	C3orf73	HGNC:25692
HGNC:34539	Withdrawn	ALS7	
HGNC:34540	Merged/Split	ALS6	HGNC:4010
HGNC:34565	Withdrawn	TRNAQ4	
HGNC:34582	Merged/Split	TRNAV13	HGNC:35098
HGNC:34586	Withdrawn	TRNAN6	
HGNC:34636	Withdrawn	TRNAK10	
HGNC:34672	Withdrawn	TRNAR13	
HGNC:34709	Withdrawn	TRNAG14	
HGNC:34743	Withdrawn	TRNAI10	
HGNC:34804	Withdrawn	TRNAC17	
HGNC:34837	Withdrawn	TRNAI14	
HGNC:34843	Withdrawn	TRNAK25	
HGNC:34844	Withdrawn	TRNAL25	
HGNC:34872	Withdrawn	TRNAI16	
HGNC:34899	Withdrawn	TRNAI19	
HGNC:34968	Withdrawn	TRNAN31	
HGNC:34972	Withdrawn	TRNAN33	
HGNC:35002	Withdrawn	TRNAI27	
HGNC:35168	Withdrawn	DFNA59	
HGNC:35170	Withdrawn	DFNA60	
HGNC:35183	Withdrawn	DFNB78	
HGNC:35184	Merged/Split	DFNB79	HGNC:26894
HGNC:35185	Withdrawn	DFNB80	
HGNC:35192	Merged/Split	DNM1P42	HGNC:35188
HGNC:35198	Merged/Split	SPG43	HGNC:25443
HGNC:35267	Merged/Split	MIR1201	HGNC:33565
HGNC:35291	Withdrawn	MIR1300	
HGNC:35319	Withdrawn	MIR1254-1	
HGNC:35324	Merged/Split	MIR1259	HGNC:32708
HGNC:35340	Withdrawn	MIR1273A	
HGNC:35341	Withdrawn	MIR1274A	
HGNC:35358	Withdrawn	MIR1274B	
HGNC:35368	Withdrawn	MIR1280	
HGNC:35369	Withdrawn	MIR1308	
HGNC:35375	Withdrawn	MIR720	
HGNC:35390	Withdrawn	MIR1826	
HGNC:35416	Withdrawn	DYT17	
HGNC:35420	Withdrawn	DFNB81	
HGNC:35421	Withdrawn	SHFM5	
HGNC:35431	Merged/Split	SPG45	HGNC:8022
HGNC:35432	Merged/Split	SCA31	HGNC:24160
HGNC:35433	Withdrawn	MYP5	
HGNC:35434	Merged/Split	MYP6	HGNC:10604
HGNC:35435	Withdrawn	MYP7	
HGNC:35436	Withdrawn	MYP8	
HGNC:35437	Withdrawn	MYP9	
HGNC:35438	Withdrawn	MYP10	
HGNC:35439	Withdrawn	MYP14	
HGNC:35440	Withdrawn	MYP15	
HGNC:35441	Withdrawn	MYP16	
HGNC:35457	Withdrawn	OTSC9	
HGNC:35637	Merged/Split	RPL7AP59	HGNC:32398
HGNC:36054	Merged/Split	RPL29P10	HGNC:10331
HGNC:36182	Merged/Split	RPL22P15	HGNC:35603
HGNC:36204	Merged/Split	RPL39P42	HGNC:10350
HGNC:36277	Merged/Split	RPL36AP42	HGNC:10346
HGNC:36294	Merged/Split	RPL35AP25	HGNC:36045
HGNC:37014	Merged/Split	RPL7AP68	HGNC:32433
HGNC:37047	Withdrawn	MYP17	
HGNC:37048	Withdrawn	MYP18	
HGNC:37050	Merged/Split	DFNB82	HGNC:29501
HGNC:37051	Withdrawn	DFNB83	
HGNC:37052	Merged/Split	DFNB84	HGNC:9679
HGNC:37053	Withdrawn	DFNB85	
HGNC:37055	Withdrawn	HPP1	
HGNC:37056	Withdrawn	L1RE4	
HGNC:37062	Withdrawn	MIR1974	
HGNC:37063	Withdrawn	MIR1975	
HGNC:37065	Withdrawn	MIR1977	
HGNC:37066	Withdrawn	MIR1978	
HGNC:37067	Withdrawn	MIR1979	
HGNC:37072	Merged/Split	GATSL1	HGNC:37073
HGNC:37075	Merged/Split	NBPF23P	HGNC:31997
HGNC:37076	Withdrawn	DFNA61	
HGNC:37077	Withdrawn	DFNA62	
HGNC:37080	Merged/Split	SPG46	HGNC:18986
HGNC:37092	Withdrawn	RP35	
HGNC:37139	Merged/Split	KRTAP9L1	HGNC:18915
HGNC:37140	Merged/Split	KRTAP9L2	HGNC:18914
HGNC:37141	Merged/Split	KRTAP9L3	HGNC:18912
HGNC:37158	Withdrawn	FCMTE1	
HGNC:37159	Withdrawn	FCMTE2	
HGNC:37160	Withdrawn	FCMTE3	
HGNC:37199	Merged/Split	DYT10	HGNC:30500
HGNC:37224	Withdrawn	C14orf184	
HGNC:37251	Withdrawn	C2orf90	
HGNC:37289	Merged/Split	DFNB86	HGNC:29203
HGNC:37290	Withdrawn	DFNB87	
HGNC:37291	Merged/Split	DFNB88	HGNC:26158
HGNC:37370	Merged/Split	VN1R50P	HGNC:37369
HGNC:37450	Withdrawn	PARK16	
HGNC:37475	Withdrawn	SCA32	
HGNC:37499	Merged/Split	RNVU1-9	HGNC:37500
HGNC:37503	Merged/Split	SCA34	HGNC:14415
HGNC:37648	Merged/Split	DFNB89	HGNC:6215
HGNC:37649	Withdrawn	DFNB90	
HGNC:37650	Merged/Split	USH1J	HGNC:24579
HGNC:37654	Merged/Split	SPG47	HGNC:572
HGNC:37664	Merged/Split	ATP5A1P6	HGNC:827
HGNC:37667	Merged/Split	ATP5A1P9	HGNC:37665
HGNC:37669	Merged/Split	UBE2Q2P3	HGNC:37440
HGNC:37674	Merged/Split	DFNB91	HGNC:8950
HGNC:37734	Withdrawn	GINGF4	
HGNC:37735	Withdrawn	FGS5	
HGNC:37738	Merged/Split	CXYorf12	HGNC:7083
HGNC:37770	Withdrawn	DFNB92	
HGNC:37910	Merged/Split	OFD1P19Y	HGNC:23875
HGNC:37996	Withdrawn	FAM201CP	
HGNC:38000	Withdrawn	FAM202B	
HGNC:38001	Withdrawn	NCRNA00270	
HGNC:38048	Merged/Split	UQCRHP5	HGNC:31341
HGNC:38050	Merged/Split	DFNB93	HGNC:1385
HGNC:38080	Merged/Split	CDY24P	HGNC:38078
HGNC:38095	Withdrawn	FAM202A	
HGNC:38112	Withdrawn	RP52	
HGNC:38114	Merged/Split	GOLGA6L15P	HGNC:23958
HGNC:38177	Withdrawn	MIR3172	
HGNC:38210	Withdrawn	MIR3118-6	
HGNC:38240	Merged/Split	MIR3130-3	HGNC:38275
HGNC:38344	Merged/Split	MIR3130-4	HGNC:38363
HGNC:38351	Withdrawn	MIR3118-5	
HGNC:38375	Withdrawn	MIR1273D	
HGNC:38387	Merged/Split	MIR1270-2	HGNC:35338
HGNC:38417	Merged/Split	PRYP7	HGNC:34018
HGNC:38505	Withdrawn	LGMD1H	
HGNC:38511	Merged/Split	FAM108A11P	HGNC:28394
HGNC:38512	Withdrawn	OTSC10	
HGNC:38525	Merged/Split	TCEB1P25	HGNC:38160
HGNC:38529	Withdrawn	LINC00266-2P	
HGNC:38532	Withdrawn	FAM202C	
HGNC:38533	Withdrawn	NCRNA00270B	
HGNC:38543	Withdrawn	LINC00268	
HGNC:38544	Merged/Split	DFNB94	HGNC:26274
HGNC:38548	Withdrawn	LINC00273-2P	
HGNC:38596	Withdrawn	TTTY13B	
HGNC:38611	Merged/Split	CSPG4P6Y	HGNC:38111
HGNC:38612	Merged/Split	CSPG4P7Y	HGNC:38535
HGNC:38613	Withdrawn	TTTY13C	
HGNC:38800	Merged/Split	LINC00266-4P	HGNC:51709
HGNC:38809	Withdrawn	LINC00283	
HGNC:38878	Withdrawn	DFNA63	
HGNC:38889	Withdrawn	MIR3656	
HGNC:38900	Merged/Split	MIR3607	HGNC:50420
HGNC:38903	Merged/Split	MIR3647	HGNC:33579
HGNC:38908	Withdrawn	MIR3673	
HGNC:38927	Withdrawn	MIR3676	
HGNC:38946	Withdrawn	MIR3687-1	
HGNC:38968	Withdrawn	MIR3669	
HGNC:38971	Withdrawn	MIR3653	
HGNC:39145	Merged/Split	MRT17	HGNC:17893
HGNC:39146	Merged/Split	MRT5	HGNC:25994
HGNC:39147	Withdrawn	MRT8	
HGNC:39148	Withdrawn	MRT9	
HGNC:39149	Withdrawn	MRT10	
HGNC:39150	Withdrawn	MRT11	
HGNC:39151	Merged/Split	MRT12	HGNC:10866
HGNC:39152	Merged/Split	MRT18	HGNC:2372
HGNC:39153	Withdrawn	MRT19	
HGNC:39154	Withdrawn	MRT20	
HGNC:39155	Merged/Split	MRT21	HGNC:17893
HGNC:39156	Merged/Split	MRT22	HGNC:30242
HGNC:39157	Withdrawn	MRT23	
HGNC:39158	Withdrawn	MRT24	
HGNC:39159	Withdrawn	MRT25	
HGNC:39160	Withdrawn	MRT26	
HGNC:39161	Merged/Split	MRT27	HGNC:30922
HGNC:39162	Withdrawn	MRT28	
HGNC:39276	Withdrawn	C13orf41	
HGNC:39436	Withdrawn	DYT21	
HGNC:39437	Withdrawn	DFNB96	
HGNC:39512	Withdrawn	DYT22	
HGNC:39530	Merged/Split	CNN2P5	HGNC:39529
HGNC:39555	Merged/Split	ZNF92P3	HGNC:32462
HGNC:39614	Merged/Split	SNX18P6	HGNC:39613
HGNC:39685	Withdrawn	UBAC2-IT1	
HGNC:39701	Merged/Split	RBM22P8	HGNC:39704
HGNC:39702	Merged/Split	RBM22P9	HGNC:39700
HGNC:39703	Merged/Split	RBM22P10	HGNC:39699
HGNC:39730	Withdrawn	FILIP1LP1	
HGNC:39750	Withdrawn	OPA8	
HGNC:39810	Withdrawn	FARP1-IT1	
HGNC:39817	Withdrawn	LINC00481	
HGNC:39885	Withdrawn	LMO7-IT1	
HGNC:39888	Withdrawn	DCUN1D2-AS1	
HGNC:39892	Withdrawn	CLYBL-IT1	
HGNC:39899	Withdrawn	ZDHHC20-AS1	
HGNC:39908	Withdrawn	NBEA-AS1	
HGNC:39911	Withdrawn	ZMYM5-AS1	
HGNC:39934	Withdrawn	UGGT2-IT1	
HGNC:39936	Withdrawn	ZMYM2-IT1	
HGNC:39939	Withdrawn	AKAP11-IT1	
HGNC:39992	Withdrawn	STARD10-AS1	
HGNC:39996	Withdrawn	ARHGEF19-AS1	
HGNC:40012	Withdrawn	ABHD11-AS2	
HGNC:40029	Merged/Split	RPS17L	HGNC:10397
HGNC:40115	Withdrawn	CA5B-AS1	
HGNC:40183	Withdrawn	DLX6-AS2	
HGNC:40184	Withdrawn	DMD-AS2	
HGNC:40322	Withdrawn	KCNQ5-AS2	
HGNC:40371	Merged/Split	MEIS1-AS1	HGNC:40370
HGNC:40611	Withdrawn	VNN2-AS1	
HGNC:40838	Withdrawn	NICN1-AS1	
HGNC:40872	Withdrawn	STARD13-AS1	
HGNC:40874	Withdrawn	TBC1D4-AS1	
HGNC:40915	Withdrawn	PSPC1-AS1	
HGNC:40922	Withdrawn	WDFY2-AS1	
HGNC:41084	Withdrawn	SMIM12-AS1	
HGNC:41141	Merged/Split	UBXN10-AS1	HGNC:9032
HGNC:41212	Merged/Split	C1orf50-AS1	HGNC:54423
HGNC:41311	Merged/Split	BRD2-IT1	HGNC:1103
HGNC:41313	Merged/Split	CACNA1C-IT2	HGNC:1390
HGNC:41319	Withdrawn	LYST-IT1	
HGNC:41320	Withdrawn	LYST-AS1	
HGNC:41321	Withdrawn	CLTC-IT1	
HGNC:41331	Merged/Split	ENO1-IT1	HGNC:3350
HGNC:41332	Withdrawn	EYA3-IT1	
HGNC:41344	Withdrawn	HTR2C-IT1	
HGNC:41345	Withdrawn	HTR4-IT1	
HGNC:41356	Withdrawn	KPNA3-IT1	
HGNC:41372	Withdrawn	PROX1-IT1	
HGNC:41402	Merged/Split	IMMP2L-IT1	HGNC:14598
HGNC:41407	Withdrawn	ARID4B-IT1	
HGNC:41411	Withdrawn	OBSCN-IT2	
HGNC:41413	Withdrawn	ULK4-IT1	
HGNC:41434	Withdrawn	ZNF638-IT1	
HGNC:41435	Withdrawn	NTM-IT1	
HGNC:41436	Withdrawn	NTM-IT2	
HGNC:41441	Withdrawn	ERRFI1-IT1	
HGNC:41454	Withdrawn	SRGAP2-IT1	
HGNC:41467	Withdrawn	UPP2-IT1	
HGNC:41495	Withdrawn	SIK3-IT1	
HGNC:41506	Withdrawn	ANKRD33B-IT1	
HGNC:41535	Withdrawn	MIR4417	
HGNC:41551	Withdrawn	MIR4459	
HGNC:41577	Withdrawn	MIR4792	
HGNC:41611	Withdrawn	MIR5096	
HGNC:41656	Withdrawn	MIR4461	
HGNC:41684	Withdrawn	MIR1273G	
HGNC:41724	Withdrawn	MIR4419B	
HGNC:41733	Withdrawn	MIR1273F	
HGNC:41770	Withdrawn	MIR1254-2	
HGNC:41828	Withdrawn	MIR4419A	
HGNC:41849	Withdrawn	MIR5095	
HGNC:41869	Withdrawn	MIR4532	
HGNC:41914	Merged/Split	PNMA6C	HGNC:28248
HGNC:41924	Merged/Split	PNMA6D	HGNC:26681
HGNC:41941	Withdrawn	OBSCN-IT1	
HGNC:41965	Withdrawn	GLC1P	
HGNC:41966	Withdrawn	GLC1Q	
HGNC:42038	Withdrawn	LINC00329	
HGNC:42501	Merged/Split	LINC00344	HGNC:42500
HGNC:42541	Withdrawn	RNU6-51P	
HGNC:42608	Withdrawn	RNA5SP32	
HGNC:42629	Withdrawn	DMD-AS1	
HGNC:42675	Withdrawn	LINC00356	
HGNC:42677	Withdrawn	LINC00357	
HGNC:42681	Withdrawn	LINC00361	
HGNC:42694	Withdrawn	LINC00372	
HGNC:42702	Withdrawn	PSPC1-OT1	
HGNC:42731	Merged/Split	LINC00401	HGNC:42710
HGNC:42746	Withdrawn	LINC00413	
HGNC:42747	Merged/Split	LINC00414	HGNC:39689
HGNC:42751	Withdrawn	LINC00417	
HGNC:42752	Withdrawn	LINC00418	
HGNC:42753	Withdrawn	LINC00419	
HGNC:42754	Withdrawn	LINC00420	
HGNC:42757	Merged/Split	LINC00422	HGNC:43672
HGNC:42775	Withdrawn	LINC00438	
HGNC:42776	Withdrawn	LINC00439	
HGNC:42781	Merged/Split	LINC00444	HGNC:11448
HGNC:42801	Merged/Split	LINC00453	HGNC:42800
HGNC:42806	Withdrawn	PARP4-AS1	
HGNC:42814	Merged/Split	LINC00464	HGNC:19164
HGNC:42835	Merged/Split	RNA5SP58	HGNC:42834
HGNC:42858	Withdrawn	RNA5SP81	
HGNC:42932	Merged/Split	SETP13	HGNC:31115
HGNC:42938	Merged/Split	SETP19	HGNC:19279
HGNC:42990	Merged/Split	PFN1P5	HGNC:42992
HGNC:42993	Merged/Split	PFN1P7	HGNC:42988
HGNC:43213	Merged/Split	RNA5SP313	HGNC:43212
HGNC:43214	Merged/Split	RNA5SP314	HGNC:43211
HGNC:43216	Merged/Split	RNA5SP316	HGNC:43210
HGNC:43281	Withdrawn	RNA5SP381	
HGNC:43298	Withdrawn	RNA5SP398	
HGNC:43432	Withdrawn	ITIH2-AS1	
HGNC:43437	Merged/Split	LINC00500	HGNC:43436
HGNC:43529	Withdrawn	MIR5686	
HGNC:43556	Merged/Split	LINC00505	HGNC:50679
HGNC:43593	Withdrawn	NEGR1-AS1	
HGNC:43631	Withdrawn	HMBOX1-OT1	
HGNC:43634	Merged/Split	NRG1-IT2	HGNC:7997
HGNC:43724	Withdrawn	USH1K	
HGNC:43726	Withdrawn	SCA37	
HGNC:43841	Withdrawn	ADAM12-OT1	
HGNC:43878	Withdrawn	RBM12B-AS2	
HGNC:43961	Merged/Split	DFNB98	HGNC:1268
HGNC:44139	Withdrawn	OCA5	
HGNC:44306	Withdrawn	LINC00650	
HGNC:44360	Merged/Split	TNRC6C-AS1	HGNC:18021
HGNC:44475	Withdrawn	UBTFL4	
HGNC:44625	Merged/Split	SPG56	HGNC:20582
HGNC:44650	Merged/Split	DFNB100	HGNC:29035
HGNC:44704	Merged/Split	USP6NL-IT1	HGNC:16858
HGNC:44882	Merged/Split	ARL5B-AS1	HGNC:23529
HGNC:45002	Merged/Split	DUSP8P4	HGNC:45001
HGNC:45005	Merged/Split	FAM35EP	HGNC:31425
HGNC:45074	Merged/Split	KRT19P5	HGNC:33423
HGNC:45077	Withdrawn	LINC00849	
HGNC:45126	Merged/Split	RP66	HGNC:17146
HGNC:45625	Withdrawn	RNU7-91P	
HGNC:45632	Withdrawn	RNU7-98P	
HGNC:45634	Merged/Split	RNU7-100P	HGNC:34108
HGNC:45635	Withdrawn	RNU7-101P	
HGNC:45642	Withdrawn	RNU7-108P	
HGNC:45643	Withdrawn	RNU7-109P	
HGNC:45646	Merged/Split	RNU7-112P	HGNC:34132
HGNC:45648	Withdrawn	RNU7-114P	
HGNC:45651	Withdrawn	RNU7-117P	
HGNC:45652	Merged/Split	RNU7-118P	HGNC:34139
HGNC:45656	Withdrawn	RNU7-122P	
HGNC:45665	Withdrawn	RNU7-131P	
HGNC:45666	Merged/Split	RNU7-132P	HGNC:34100
HGNC:45669	Merged/Split	RNU7-135P	HGNC:45659
HGNC:45673	Merged/Split	RNU7-139P	HGNC:34104
HGNC:45676	Merged/Split	RNU7-142P	HGNC:34114
HGNC:45679	Withdrawn	RNU7-145P	
HGNC:45680	Withdrawn	RNU7-146P	
HGNC:45684	Withdrawn	RNU7-150P	
HGNC:45692	Withdrawn	RNU7-158P	
HGNC:45696	Withdrawn	RNU7-162P	
HGNC:45697	Merged/Split	RNU7-163P	HGNC:34178
HGNC:45700	Withdrawn	RNU7-166P	
HGNC:45702	Withdrawn	RNU7-168P	
HGNC:45711	Withdrawn	RNU7-177P	
HGNC:45712	Withdrawn	RNU7-178P	
HGNC:45718	Withdrawn	RNU7-184P	
HGNC:45723	Withdrawn	RNU7-189P	
HGNC:45725	Withdrawn	RNU7-191P	
HGNC:45732	Withdrawn	RNU7-198P	
HGNC:45733	Withdrawn	RNU7-199P	
HGNC:45765	Withdrawn	RN7SKP41	
HGNC:45808	Withdrawn	RN7SKP84	
HGNC:45862	Merged/Split	RN7SKP138	HGNC:45910
HGNC:45925	Withdrawn	RN7SKP201	
HGNC:45939	Withdrawn	RN7SKP215	
HGNC:45998	Withdrawn	RN7SKP274	
HGNC:46025	Withdrawn	RN7SL9P	
HGNC:46026	Withdrawn	RN7SL10P	
HGNC:46029	Withdrawn	RN7SL13P	
HGNC:46033	Withdrawn	RN7SL17P	
HGNC:46037	Withdrawn	RN7SL21P	
HGNC:46040	Withdrawn	RN7SL24P	
HGNC:46043	Merged/Split	RN7SL27P	HGNC:10042
HGNC:46045	Withdrawn	RN7SL29P	
HGNC:46047	Withdrawn	RN7SL31P	
HGNC:46062	Withdrawn	RN7SL46P	
HGNC:46069	Withdrawn	RN7SL53P	
HGNC:46070	Withdrawn	RN7SL54P	
HGNC:46072	Withdrawn	RN7SL56P	
HGNC:46075	Withdrawn	RN7SL59P	
HGNC:46077	Withdrawn	RN7SL61P	
HGNC:46080	Withdrawn	RN7SL64P	
HGNC:46087	Withdrawn	RN7SL71P	
HGNC:46096	Withdrawn	RN7SL80P	
HGNC:46100	Withdrawn	RN7SL84P	
HGNC:46101	Withdrawn	RN7SL85P	
HGNC:46102	Withdrawn	RN7SL86P	
HGNC:46106	Withdrawn	RN7SL90P	
HGNC:46110	Withdrawn	RN7SL94P	
HGNC:46111	Withdrawn	RN7SL95P	
HGNC:46115	Withdrawn	RN7SL99P	
HGNC:46118	Withdrawn	RN7SL102P	
HGNC:46119	Withdrawn	RN7SL103P	
HGNC:46125	Withdrawn	RN7SL109P	
HGNC:46128	Withdrawn	RN7SL112P	
HGNC:46130	Withdrawn	RN7SL114P	
HGNC:46131	Withdrawn	RN7SL115P	
HGNC:46135	Withdrawn	RN7SL119P	
HGNC:46145	Withdrawn	RN7SL129P	
HGNC:46149	Withdrawn	RN7SL133P	
HGNC:46152	Withdrawn	RN7SL136P	
HGNC:46153	Withdrawn	RN7SL137P	
HGNC:46155	Withdrawn	RN7SL139P	
HGNC:46158	Withdrawn	RN7SL142P	
HGNC:46173	Withdrawn	RN7SL157P	
HGNC:46174	Withdrawn	RN7SL158P	
HGNC:46177	Withdrawn	RN7SL161P	
HGNC:46187	Withdrawn	RN7SL171P	
HGNC:46191	Withdrawn	RN7SL175P	
HGNC:46195	Withdrawn	RN7SL179P	
HGNC:46210	Withdrawn	RN7SL194P	
HGNC:46211	Withdrawn	RN7SL195P	
HGNC:46222	Withdrawn	RN7SL206P	
HGNC:46223	Withdrawn	RN7SL207P	
HGNC:46228	Withdrawn	RN7SL212P	
HGNC:46240	Withdrawn	RN7SL224P	
HGNC:46242	Withdrawn	RN7SL226P	
HGNC:46243	Withdrawn	RN7SL227P	
HGNC:46248	Withdrawn	RN7SL232P	
HGNC:46251	Withdrawn	RN7SL235P	
HGNC:46259	Withdrawn	RN7SL243P	
HGNC:46261	Withdrawn	RN7SL245P	
HGNC:46263	Withdrawn	RN7SL247P	
HGNC:46265	Merged/Split	RN7SL249P	HGNC:10040
HGNC:46272	Withdrawn	RN7SL256P	
HGNC:46273	Merged/Split	RN7SL257P	HGNC:46487
HGNC:46280	Withdrawn	RN7SL264P	
HGNC:46292	Withdrawn	RN7SL276P	
HGNC:46297	Withdrawn	RN7SL281P	
HGNC:46303	Withdrawn	RN7SL287P	
HGNC:46305	Withdrawn	RN7SL289P	
HGNC:46311	Withdrawn	RN7SL295P	
HGNC:46314	Withdrawn	RN7SL298P	
HGNC:46328	Withdrawn	RN7SL312P	
HGNC:46331	Withdrawn	RN7SL315P	
HGNC:46340	Withdrawn	RN7SL324P	
HGNC:46361	Withdrawn	RN7SL345P	
HGNC:46363	Withdrawn	RN7SL347P	
HGNC:46364	Withdrawn	RN7SL348P	
HGNC:46365	Withdrawn	RN7SL349P	
HGNC:46371	Withdrawn	RN7SL355P	
HGNC:46374	Withdrawn	RN7SL358P	
HGNC:46376	Withdrawn	RN7SL360P	
HGNC:46381	Withdrawn	RN7SL365P	
HGNC:46383	Withdrawn	RN7SL367P	
HGNC:46389	Withdrawn	RN7SL373P	
HGNC:46390	Withdrawn	RN7SL374P	
HGNC:46405	Withdrawn	RN7SL389P	
HGNC:46422	Withdrawn	RN7SL406P	
HGNC:46423	Withdrawn	RN7SL407P	
HGNC:46425	Withdrawn	RN7SL409P	
HGNC:46426	Withdrawn	RN7SL410P	
HGNC:46428	Withdrawn	RN7SL412P	
HGNC:46437	Withdrawn	RN7SL421P	
HGNC:46443	Merged/Split	RN7SL427P	HGNC:10039
HGNC:46449	Merged/Split	RN7SL433P	HGNC:10043
HGNC:46452	Withdrawn	RN7SL436P	
HGNC:46453	Withdrawn	RN7SL437P	
HGNC:46455	Withdrawn	RN7SL439P	
HGNC:46466	Withdrawn	RN7SL450P	
HGNC:46474	Withdrawn	RN7SL458P	
HGNC:46479	Withdrawn	RN7SL463P	
HGNC:46483	Withdrawn	RN7SL467P	
HGNC:46492	Withdrawn	RN7SL476P	
HGNC:46501	Withdrawn	RN7SL485P	
HGNC:46502	Withdrawn	RN7SL486P	
HGNC:46506	Withdrawn	RN7SL490P	
HGNC:46517	Withdrawn	RN7SL501P	
HGNC:46522	Withdrawn	RN7SL506P	
HGNC:46527	Withdrawn	RN7SL511P	
HGNC:46528	Withdrawn	RN7SL512P	
HGNC:46530	Withdrawn	RN7SL514P	
HGNC:46538	Withdrawn	RN7SL522P	
HGNC:46543	Merged/Split	RN7SL527P	HGNC:46264
HGNC:46544	Withdrawn	RN7SL528P	
HGNC:46545	Withdrawn	RN7SL529P	
HGNC:46548	Withdrawn	RN7SL532P	
HGNC:46549	Withdrawn	RN7SL533P	
HGNC:46550	Withdrawn	RN7SL534P	
HGNC:46553	Withdrawn	RN7SL537P	
HGNC:46556	Withdrawn	RN7SL540P	
HGNC:46564	Withdrawn	RN7SL548P	
HGNC:46566	Withdrawn	RN7SL550P	
HGNC:46578	Withdrawn	RN7SL562P	
HGNC:46588	Withdrawn	RN7SL572P	
HGNC:46592	Withdrawn	RN7SL576P	
HGNC:46595	Merged/Split	RN7SL579P	HGNC:46369
HGNC:46604	Withdrawn	RN7SL588P	
HGNC:46606	Withdrawn	RN7SL590P	
HGNC:46609	Withdrawn	RN7SL593P	
HGNC:46611	Withdrawn	RN7SL595P	
HGNC:46615	Withdrawn	RN7SL599P	
HGNC:46619	Withdrawn	RN7SL603P	
HGNC:46625	Withdrawn	RN7SL609P	
HGNC:46627	Withdrawn	RN7SL611P	
HGNC:46629	Withdrawn	RN7SL613P	
HGNC:46642	Withdrawn	RN7SL626P	
HGNC:46647	Merged/Split	RN7SL631P	HGNC:23135
HGNC:46653	Withdrawn	RN7SL637P	
HGNC:46655	Withdrawn	RN7SL639P	
HGNC:46657	Withdrawn	RN7SL641P	
HGNC:46658	Withdrawn	RN7SL642P	
HGNC:46667	Withdrawn	RN7SL651P	
HGNC:46677	Withdrawn	RN7SL661P	
HGNC:46678	Withdrawn	RN7SL662P	
HGNC:46685	Withdrawn	RN7SL669P	
HGNC:46698	Withdrawn	RN7SL682P	
HGNC:46702	Withdrawn	RN7SL686P	
HGNC:46710	Merged/Split	RN7SL694P	HGNC:46290
HGNC:46711	Withdrawn	RN7SL695P	
HGNC:46712	Withdrawn	RN7SL696P	
HGNC:46715	Withdrawn	RN7SL699P	
HGNC:46717	Withdrawn	RN7SL701P	
HGNC:46723	Withdrawn	RN7SL707P	
HGNC:46726	Withdrawn	RN7SL710P	
HGNC:46737	Withdrawn	RN7SL721P	
HGNC:46739	Withdrawn	RN7SL723P	
HGNC:46745	Withdrawn	RN7SL729P	
HGNC:46746	Withdrawn	RN7SL730P	
HGNC:46755	Withdrawn	RN7SL739P	
HGNC:46758	Withdrawn	RN7SL742P	
HGNC:46762	Withdrawn	RN7SL746P	
HGNC:46763	Withdrawn	RN7SL747P	
HGNC:46771	Withdrawn	RN7SL755P	
HGNC:46774	Withdrawn	RN7SL758P	
HGNC:46781	Withdrawn	RN7SL765P	
HGNC:46784	Withdrawn	RN7SL768P	
HGNC:46786	Withdrawn	RN7SL770P	
HGNC:46788	Withdrawn	RN7SL772P	
HGNC:46789	Withdrawn	RN7SL773P	
HGNC:46793	Withdrawn	RN7SL777P	
HGNC:46795	Withdrawn	RN7SL779P	
HGNC:46796	Withdrawn	RN7SL780P	
HGNC:46797	Withdrawn	RN7SL781P	
HGNC:46821	Withdrawn	RN7SL805P	
HGNC:46832	Withdrawn	RN7SL816P	
HGNC:46837	Withdrawn	RN7SL821P	
HGNC:46845	Withdrawn	RN7SL829P	
HGNC:46846	Withdrawn	RN7SL830P	
HGNC:46855	Withdrawn	RN7SL839P	
HGNC:46860	Withdrawn	RN7SL844P	
HGNC:46864	Merged/Split	RN7SL848P	HGNC:10041
HGNC:46868	Withdrawn	RN7SL852P	
HGNC:46871	Withdrawn	RN7SL855P	
HGNC:46873	Withdrawn	RN7SL857P	
HGNC:46874	Withdrawn	RN7SL858P	
HGNC:46875	Withdrawn	RN7SL859P	
HGNC:46882	Withdrawn	RN7SL866P	
HGNC:46883	Withdrawn	RN7SL867P	
HGNC:46887	Withdrawn	RN7SL871P	
HGNC:46888	Withdrawn	RN7SL872P	
HGNC:46955	Withdrawn	RNU4-19P	
HGNC:47031	Withdrawn	RMRPP1	
HGNC:47032	Withdrawn	RMRPP2	
HGNC:47033	Withdrawn	RMRPP3	
HGNC:47034	Withdrawn	RMRPP4	
HGNC:47056	Withdrawn	RNU6-93P	
HGNC:47059	Withdrawn	RNU6-96P	
HGNC:47087	Withdrawn	RNU6-124P	
HGNC:47097	Withdrawn	RNU6-134P	
HGNC:47112	Withdrawn	RNU6-149P	
HGNC:47149	Merged/Split	RNU6-186P	HGNC:48096
HGNC:47228	Withdrawn	RNU6-265P	
HGNC:47255	Merged/Split	RNU6-292P	HGNC:47508
HGNC:47268	Withdrawn	RNU6-305P	
HGNC:47313	Withdrawn	RNU6-350P	
HGNC:47320	Withdrawn	RNU6-357P	
HGNC:47335	Withdrawn	RNU6-372P	
HGNC:47348	Withdrawn	RNU6-385P	
HGNC:47367	Withdrawn	RNU6-404P	
HGNC:47386	Withdrawn	RNU6-423P	
HGNC:47390	Withdrawn	RNU6-427P	
HGNC:47422	Withdrawn	RNU6-459P	
HGNC:47478	Withdrawn	RNU6-515P	
HGNC:47531	Withdrawn	RNU6-568P	
HGNC:47532	Withdrawn	RNU6-569P	
HGNC:47548	Withdrawn	RNU6-585P	
HGNC:47557	Withdrawn	RNU6-594P	
HGNC:47634	Withdrawn	RNU6-671P	
HGNC:47639	Withdrawn	RNU6-676P	
HGNC:47646	Merged/Split	RNU6-683P	HGNC:47246
HGNC:47651	Withdrawn	RNU6-688P	
HGNC:47654	Withdrawn	RNU6-691P	
HGNC:47697	Withdrawn	RNU6-734P	
HGNC:47699	Withdrawn	RNU6-736P	
HGNC:47736	Withdrawn	RNU6-773P	
HGNC:47742	Withdrawn	RNU6-779P	
HGNC:47765	Withdrawn	RNU6-802P	
HGNC:47777	Withdrawn	RNU6-814P	
HGNC:47788	Merged/Split	RNU6-825P	HGNC:47566
HGNC:47809	Withdrawn	RNU6-846P	
HGNC:47815	Withdrawn	RNU6-852P	
HGNC:47831	Withdrawn	RNU6-868P	
HGNC:47833	Withdrawn	RNU6-870P	
HGNC:47835	Withdrawn	RNU6-872P	
HGNC:47925	Withdrawn	RNU6-962P	
HGNC:47926	Withdrawn	RNU6-963P	
HGNC:47944	Withdrawn	RNU6-981P	
HGNC:47965	Merged/Split	RNU6-1002P	HGNC:42566
HGNC:47993	Merged/Split	RNU6-1030P	HGNC:47813
HGNC:47996	Merged/Split	RNU6-1033P	HGNC:47176
HGNC:48021	Withdrawn	RNU6-1058P	
HGNC:48026	Withdrawn	RNU6-1063P	
HGNC:48033	Withdrawn	RNU6-1070P	
HGNC:48105	Withdrawn	RNU6-1142P	
HGNC:48129	Withdrawn	RNU6-1166P	
HGNC:48136	Merged/Split	RNU6-1173P	HGNC:47893
HGNC:48145	Withdrawn	RNU6-1182P	
HGNC:48148	Merged/Split	RNU6-1185P	HGNC:47734
HGNC:48165	Withdrawn	RNU6-1202P	
HGNC:48184	Merged/Split	RNU6-1221P	HGNC:47243
HGNC:48216	Withdrawn	RNU6-1253P	
HGNC:48222	Withdrawn	RNU6-1259P	
HGNC:48258	Merged/Split	RNU6-1295P	HGNC:47281
HGNC:48265	Withdrawn	RNU6-1302P	
HGNC:48310	Merged/Split	LINC00875	HGNC:49454
HGNC:48313	Merged/Split	RNVU1-5	HGNC:48312
HGNC:48316	Merged/Split	RNVU1-10	HGNC:10133
HGNC:48317	Merged/Split	RNVU1-12	HGNC:48311
HGNC:48318	Merged/Split	RNVU1-13	HGNC:48324
HGNC:48321	Merged/Split	RNVU1-16	HGNC:48320
HGNC:48347	Withdrawn	ERCC6-PGBD3	
HGNC:48359	Withdrawn	CSPG4P8	
HGNC:48402	Withdrawn	RNU1-60P	
HGNC:48411	Withdrawn	RNU1-69P	
HGNC:48477	Withdrawn	RNU1-135P	
HGNC:48479	Merged/Split	RNU1-137P	HGNC:48471
HGNC:48560	Withdrawn	RNU2-67P	
HGNC:48595	Merged/Split	NKAIN3-IT1	HGNC:26829
HGNC:48604	Withdrawn	LINC00914	
HGNC:48651	Merged/Split	MED15P2	HGNC:44130
HGNC:48676	Withdrawn	CORD17	
HGNC:48714	Merged/Split	EHMT1-IT1	HGNC:24650
HGNC:48720	Merged/Split	FAM83H-AS1	HGNC:49576
HGNC:48729	Merged/Split	LINC00969	HGNC:53743
HGNC:48904	Merged/Split	LINC01296	HGNC:32188
HGNC:48905	Merged/Split	CASC7	HGNC:3263
HGNC:48926	Merged/Split	CDR1-AS	HGNC:27865
HGNC:49074	Merged/Split	LINC01059	HGNC:29214
HGNC:49087	Merged/Split	SCA38	HGNC:21308
HGNC:49114	Withdrawn	LINC01073	
HGNC:49126	Merged/Split	WISP1-OT1	HGNC:12769
HGNC:49238	Merged/Split	LINC01112	HGNC:1399
HGNC:49387	Withdrawn	TBCE-AS1	
HGNC:49391	Merged/Split	GOLGA6L20	HGNC:37229
HGNC:49399	Merged/Split	CCND2-AS2	HGNC:49398
HGNC:49408	Merged/Split	ADAMTS7P2	HGNC:49407
HGNC:49415	Merged/Split	GOLGA6L18	HGNC:37228
HGNC:49417	Merged/Split	GOLGA6L21P	HGNC:49414
HGNC:49427	Withdrawn	FAM231AP	
HGNC:49506	Withdrawn	FAM231BP	
HGNC:49507	Withdrawn	FAM231EP	
HGNC:49508	Withdrawn	FAM231C	
HGNC:49509	Withdrawn	FAM231D	
HGNC:49649	Withdrawn	MCDR5	
HGNC:49652	Withdrawn	RP63	
HGNC:49802	Withdrawn	LINC01240	
HGNC:49837	Merged/Split	LINC01245	HGNC:49476
HGNC:49845	Merged/Split	LINC01251	HGNC:49911
HGNC:49995	Withdrawn	MIR7641-1	
HGNC:50011	Merged/Split	MIR6089-2	HGNC:50179
HGNC:50045	Withdrawn	MIR6087	
HGNC:50152	Withdrawn	MIR6723	
HGNC:50175	Merged/Split	MIR6077-2	HGNC:50025
HGNC:50214	Withdrawn	MIR7641-2	
HGNC:50218	Merged/Split	MIR3690-2	HGNC:38967
HGNC:50246	Merged/Split	MIR7112-2	HGNC:50149
HGNC:50262	Withdrawn	MIR8069-1	
HGNC:50335	Merged/Split	LINC01279	HGNC:30649
HGNC:50362	Merged/Split	LINC01293	HGNC:50358
HGNC:50372	Merged/Split	FKBP4P3	HGNC:50376
HGNC:50373	Merged/Split	FKBP4P4	HGNC:50375
HGNC:50374	Merged/Split	FKBP4P5	HGNC:50375
HGNC:50384	Withdrawn	FAM27AP1	
HGNC:50543	Merged/Split	LINC01336	HGNC:17973
HGNC:50622	Merged/Split	SNHG23	HGNC:14574
HGNC:50825	Merged/Split	SNHG24	HGNC:14574
HGNC:50833	Withdrawn	MIR1273E	
HGNC:50835	Withdrawn	MIR3687-2	
HGNC:50880	Withdrawn	RNY4P32	
HGNC:50881	Withdrawn	RNY4P33	
HGNC:50883	Withdrawn	RNY4P35	
HGNC:51202	Merged/Split	LINC01513	HGNC:24060
HGNC:51563	Merged/Split	UPF3BP1	HGNC:20439
HGNC:51564	Merged/Split	UPF3BP2	HGNC:20439
HGNC:51565	Merged/Split	UPF3BP3	HGNC:20439
HGNC:51566	Withdrawn	UPF3BP4	
HGNC:51730	Merged/Split	GTF2IP18	HGNC:34079
HGNC:51829	Withdrawn	CBSL	
HGNC:51830	Withdrawn	U2AF1L5	
HGNC:51846	Withdrawn	SMIM11B	
HGNC:51885	Merged/Split	SNORD171	HGNC:50400
HGNC:51888	Merged/Split	SNORD174	HGNC:50389
HGNC:51901	Withdrawn	CRYAA2	
HGNC:52280	Withdrawn	KCNE1B	
HGNC:52389	Withdrawn	SIK1B	
HGNC:52457	Withdrawn	LINC01669	
HGNC:52814	Withdrawn	LINC01984	
HGNC:52898	Merged/Split	LINC02056	HGNC:40328
HGNC:53049	Merged/Split	LINC02187	HGNC:52986
HGNC:53061	Merged/Split	MIR583HG	HGNC:1515
HGNC:53404	Merged/Split	LINC02467	HGNC:53280
HGNC:53650	Withdrawn	SMIM34B	
HGNC:53815	Merged/Split	KRTAP12-6P	HGNC:34212
HGNC:53816	Withdrawn	GATD3B	
HGNC:53861	Merged/Split	LINC02590	HGNC:52624
HGNC:53888	Withdrawn	FAM243B	
HGNC:53911	Merged/Split	KHDRBS2-OT1	HGNC:18114
HGNC:54202	Withdrawn	C21orf86	
HGNC:54338	Merged/Split	LINC02804	HGNC:13840
HGNC:54347	Merged/Split	LINC02815	HGNC:54346
HGNC:54605	Withdrawn	TERF1P8	
HGNC:54813	Withdrawn	SLBP-DT	
HGNC:55015	Merged/Split	NABP1-OT1	HGNC:26232
HGNC:55226	Merged/Split	GRAPLDR	HGNC:37240
HGNC:55664	Merged/Split	LINC02921	HGNC:48987
